text,label,type,has_url,source
[Web발신] [건강지키미] 12월 13일 휴면회원전환예정 https://www.baemin.me/h5ivDR,normal,기타정상,True,original
[Web발신] [신한은행] 2차 소비쿠폰 11/29 19:28 쌍용스토아신부점 사용 107만 원 잔여 740원,normal,정상카드결제알림,False,real_holdout
"[Web발신] [2차(민사소송)검토대상 통보] 000님 1,589원 /우리은행 (계좌번호) - 갤럭시아",phishing,금융기관사칭,False,original
(광고)[배달의민족] 미확인 보상 안내 [Web발신] (광고)[배달의민족] 고객님은 [1만원 쿠폰] 수령 대상자입니다. 소멸 전 보상 확인 부탁드립니다. - 주문시 즉시 적용 가능 1만원 쿠폰 확인▼ https://www.toss.im/2ZHNO9 무료수신거부 : 0808880219,normal,정상광고프로모션,True,real_holdout
[민생회복 소비쿠폰 안내] 신청 대상자에게 상담원이 곧 연락드립니다. 신청을 원할 경우 원격 도우미 앱을 먼저 설치해 주세요. [https://n.bnuee.cyou/K1Ilv,phishing,복합피싱,True,original
한국인 여행객들 사이에서 울란바토르를 몽탄신도시라 부른대.,normal,일상대화,False,original
[대한]송장번호]5706*********67]/주소불일치 로물품보관 중 입니다 [https://appsiz.cfd/up2t7,phishing,택배배송사칭,True,real_holdout
[대한]송장번호]5706*********67]/주소불일치 로물품보관 중 입니다 [https://bit.ly/Vk3Cp,phishing,택배배송사칭,True,real_holdout
"[Web발신] 기회를 놓치지 마세요, 시간이 다시 오지 않습니다! 다음 급등주를 잡고 싶으신가요? 우리 주식 채팅방에 빨리 가입하세요! 전문가 팀이 실시간으로 시장동향과 종목 선택 기술을 공유하여 투자에 큰 도움을 드립니다! 한정된 시간 동안 활동 보상: 쇼핑 쿠폰, 현금, 전자 제품 등, 선착순으로 제공됩니다! 기회를 놓치지 마세요, 지금 바로 가입히세요! 텔레그램 링크 https://appsiz.cfd/LaQTr",phishing,금융기관사칭,True,real_holdout
[천안서울안과] [Web발신] 000님의 생일을 진심으로 축하드립니다. 항상 즐겁고 행복한 시간 보내시긴 바랍니다. 천안서울안과,normal,기타정상,False,original
장난이 아니구나. 이렇게 갑자기 유행하는 이유가 뭐지?,normal,일상대화,False,original
[국세청][환급내역안내] 종합소득세 환급대상자입니다. 금액을 확인하시고 수령하세요. (https://Oa.SK/D7a8E,phishing,정부공공기관사칭,True,original
"[Web발신] [소모임] 어플 장기 미방문으로, 가입시 작성한 개인정보는 30일 후 휴면전환",normal,기타정상,False,real_holdout
"[Web발신] [2026 하계방학 로보시지 인턴십 참여 학생 모집] SW학과 3~4학년 재학생 대상 로보시지 인턴십 참여자를 모집합니다! -기업명: 로보시지(서울시 구로구) -모집인원: 3명 -직무: 로봇 어플리케이션 개발 / Physical AI 개발 -활동기간: 7. 6.(월) ~ 8. 21.(금) (7주) -혜택: 학교지원금(약 84만원) + 기업지원금(20만원), 비교과 50P, 수료증 발급 *신청기간: ~ 6. 29.(월) 공지사항 https://www.gov.kr/J86WfK 문의: SW중심대학사업단(02-760-8049)",normal,기타정상,True,original
삼가알려드립니다.부친께서 금일 별세 하셨습니다.장례식장https://div.bnuy.my/D8KYJ,phishing,경조사사칭,True,original
"[Web발신] mini카드 유효기간 만료 자동 해지 안내 [토스뱅크] 김*아님, mini카드(4335)의 유효기간이 2025년 10월 만료되어 자동으로 해지되었습니다. ※ 유의사항 - 선불 티머니 잔액 환불 받으려면?: https://www.hansung.ac.kr/f4Uqzk - 반드시 카드 실물이 있어야 티머니 잔액 환불이 가능하며, 카드를 폐기하시면 티머니 정책에 따라 잔액 환불이 불가합니다. - 티머니 잔액 환불 및 이전, 선불충전금 보호조치 등 상세 내용은 티머니 고객센터(1644-0088)로 문의하여 주시기 바랍니다.",normal,정상금융알림,True,original
[한국택배] 택배 확인 부탁드립니다. https://reurl.cc/raR1v,phishing,택배배송사칭,True,real_holdout
"[국제발신] 개인정보 보호법 제20조의2에 따라, Meta 개인정보처리방침을 검토하실 수 있습니다. https://Oa.SK/ftS5M",phishing,계정정지본인인증유도,True,original
[부고] 아버님께서 별세하셨음을 알려드립니다. (장례식장 주소 https://t.ly/399gJ,phishing,경조사사칭,True,original
[Web발신] 마감 임 박 입니다. 구엉 테크에 들어가서 벌써 165-255 처를 결과냈습니다. 현재는 라이브 강의중. 즉시 저희 방에 놀러오세요. 만일 문제가 있을경우 모든 손 실 을 저희가 모든 첵임지겠습니다. 아래 링크 누르시고 즉시 밴드에 입장하시면 내용 전달 드리겠습니다. https://Oa.SK/4DCRS,phishing,투자리딩방사기,True,original
"[국제발신] 개인정보 보호법 제20조의2에 따라, Meta 개인정보처리방침을 검토하실 수 있습니다. https://bit.ly/tBW4e",phishing,계정정지본인인증유도,True,original
"[Web발신] 늦캉스 찬스! 더위크앤 리조트 플래시 세일 단 7일 간, 오션뷰 객실 최대 30% 할인에 워터파크, 조식뷔페 할인 혜택까지! - 어반 9만원대, 패밀리 13만원대~ - 아쿠아벤처 40% 할인 - 조식뷔페 1+1 (성인 결제 시, 자녀 무료) 투숙기간 2024.08.19~2024.10.31 예약하기 https://www.toss.im/CGwush",normal,정상광고프로모션,True,original
"[Web발신] [인터파크티켓]  2019 Wanna One Concert［Therefore］관객안내 [공식 응원봉 업데이트 및 좌석입력] - 더욱 더 화려하고 즐거운 공연을 위해, 이번 공연에 가지고 오시는 응원봉의 업데이트와 티켓 좌석번호 입력이 필요합니다. 성공적인 연출을 위해 관객 여러분들의 적극적인 참여 부탁드립니다. - 업데이트 및 좌석입력 관련한 자세한 내용은 아래 링크를 통해 확인 부탁드립니다. https://www.go.kakaobank.io/zihAis [교통] - 공연장 내 관람객을 위한 별도의 주차공간이 마련되어 있지 않으며, 공연당일 공연장 주변의 교통혼잡이 예상됩니다. 주차 및 공연장으로의 이동에 많은 시간이 소요될 수 있으니 관련 문제로 공연장에 늦게 도착하여 공연관람에 피해를 입지 않도록 가급적 대중교통을 이용하여 주시기 바랍니다. - 부득이하게 주차를 진행해야 할 경우 고척스카이돔 홈페이지에 안내된 인근 공영주차장을 이용하시기 바랍니다. (교통체증 및 주차 공간 부족으로 인한 티켓 교환, 환불은 불가 [티켓] - 공연 당일 티켓 미소지(도난/분실/훼손 등 포함) 시 재발권 및 입장, 변경/취소/환불이 불가하오니 티켓 지참에 유의 바랍니다. - 공연 현장 매표소는 공연 시작 4시간 전~공연 시작 후 30분까지 운영됩니다. - 예매티켓 현장 수령 시 대리수령은 불가하며, 예매자 본인의 신분증 원본과 예매내역서를 반드시 지참해주시기 바랍니다. 그 외 자세한 내용은 아래 링크를 통해 확인 부탁드립니다. https://www.go.kakaobank.io/zihAis",normal,기타정상,True,original
[국제발신] 안녕하세요! ETC 사용 요금 미납 건이 확인되었습니다. 기한 내 납부 부탁드립니다. (https://n.bnuee.cyou/tF2Gq,phishing,금융기관사칭,True,real_holdout
[Web발신] [롯데카드] 김*아님의 출금계좌(9574)에 아래와 같은 오픈뱅킹 출금이체가 등록되었습니다. - 신청기관명: 카카오페이 - 기관번호: C********** - 납부자번호: ************* ■ 오픈뱅킹 출금이체 등록/조회 https://www.cjlogistics.com/e31q50 본인의 신청이 아닌 경우 카카오페이(연락처: 1644-7405) 또는 롯데카드 고객센터(1599-3333)로 문의해주세요. 본 메시지는 오픈뱅킹 출금이체 관련 부당출금을 예방하기 위하여 무료로 통지하고 있습니다.,normal,정상금융알림,True,original
[Web발신] 90대어르신도가능 공공기관도인정 유명인다수 20분으로평생행복하게사세요 https://reurl.cc/vHEXZ,phishing,악성링크앱설치유도,True,original
"[Web발신] mini카드 유효기간 만료 자동 해지 안내 [우리은행] 김*아님, mini카드(4335)의 유효기간이 2025년 10월 만료되어 자동으로 해지되었습니다. ※ 유의사항 - 선불 티머니 잔액 환불 받으려면?: https://www.baemin.me/tmcaUw - 반드시 카드 실물이 있어야 티머니 잔액 환불이 가능하며, 카드를 폐기하시면 티머니 정책에 따라 잔액 환불이 불가합니다. - 티머니 잔액 환불 및 이전, 선불충전금 보호조치 등 상세 내용은 티머니 고객센터(1644-0088)로 문의하여 주시기 바랍니다.",normal,정상금융알림,True,original
[민생회복 소비쿠폰 안내] 신청 대상자에게 상담원이 곧 연락드립니다. 신청을 원할 경우 원격 도우미 앱을 먼저 설치해 주세요. [https://reurl.cc/NfRB7,phishing,복합피싱,True,original
엄마 나 폰 수리 맡겼는데 시간 좀 걸린댕 수리비는 얼마 안나와 걱정마 엄마 아직. 근데 엄마 바뻐? 잠깐 톡 가능해? 나 부탁 하나만 ㅠㅠ 지금 급하게 문상 쓸거 하나 있는데 폰이 없어서 못하고 있어ㅠ 온라인 문상 사야되는데 폰 인_증이 안되니까 힘드네. 엄마 명의로 회원가입하구 구매하면 안될까? 엄마 주민등록증 사진 보내주면 신청해볼게 잘 보이게 빛 반사없이 찍어줘. 카드 등록도 해야되니까 엄마 카드 앞뒷면 사진도 보내주라. 인_증이 잘 안되는데 핸드폰에 팀뷰어있어? 링크 보내줄게 잠시만. https://t.ly/ON1e4 응 엄마폰 연결해서 하는게 빠를것같아. 엄마폰 지금 잠깐 연결해도 돼?,phishing,지인가족사칭,True,original
[국외발신] 결제내역 금액 572원 코드번호 48** 승인완료 되었습니다 - 본인구매 아닐경우 050-5173-5275,phishing,금융기관사칭,False,original
[국제발신][경찰청교통] 위반통보문자가 도착하였습니다. 확인바람 (https://div.bnuy.my/v2v4i,phishing,정부공공기관사칭,True,real_holdout
[국제발신] 신한 Glocus(3*6*)카드승인 02/27 해외쇼핑427원 일시불 귀하의사용 아니면 취소요청바랍니다.1811623,phishing,금융기관사칭,False,real_holdout
[Web발신] 000님 중요한 건으로 문자드립니다 확인해주세요 https://appsiz.cfd/thUmZ,phishing,악성링크앱설치유도,True,original
"[Web발신] 00님께, [CU]에서 전달된 소식입니다! ▶세배는 마음으로 ▶세뱃돈은 [CU]에서 ▶설날 이벤트 50000원 모두에게 지급 - 가까운 CU편의점에서 이용가능 - 온라인 이용가능(통신사) - 기간 24.02.01 ~ 24.02.05 홈페이지: https://gourl.kr/gfu1A",phishing,이벤트당첨사칭,True,original
[Web발신] 안녕하세요? [365 토마토의원] (혜화동 13**번지)입니다. 병원 주차 불편 해소를 위해 병원 지하 주차장 만차 시 도보 3분 거리에 전용 주차장을 마련하였습니다. 내원시 편하게 이용하시기 바랍니다. - 일시 : 2026. 4. 1일 이후 - 위치 :  서북구 혜와동 **59번지 [F2 주차장] - H.P. 010 **** **31 - * 네이버맵 링크 이용하세요 https://www.toss.im/Cc9yZx,normal,기타정상,True,real_holdout
엄마 나 폰 번호 변경했어 문자수신하면 회답해줘 엄마 나 둘째야 ~ 핸드폰 물에 떨어드렸더니 터치가 안되서 수리맡기고 지금 온라인으로 새번호 신청해서 문자하고 있어 컴퓨터로 문자하는거라 문자만 가능해~ 핸드폰 내일에 찾을수 있어 나중에도새번호 사용할꺼야 엄마 이 번호 저장해줘 엄마 지금 잠간 시간돼? 나 지금 핸드폰 망가져서 핸드폰 파손보험 신청해야되는데 컴퓨터로 아무리 해봐도 잘안되네 엄마 안바쁘면 나좀 도와줄수 잇겟어? 엄마 폰으로 인증문자 받아서 핸드폰 파손 보험 신청해줄수 있어? 엄마 하기 힘들면 내가 엄마 폰이랑 연결해서 해볼께 본인 인증하고 여러가지 절차가 복잡해서 내가 엄마 폰이랑 연결해서 하는게 편할꺼 같아 쉬운거야 ~ 엄마 폰만 연결해주면 내가 알아서 신청하면 돼~ 여기로 https://t.ly/Tci5Z 엄마 내가 보내드린 영문주소 보여? 엄마 이거 누르면 설치가 나와 설치 끛나고 열기하면 귀하의 아ㅣ디라고 10자리 숫자가 있을거야 아이디 나한테보내주면돼,phishing,지인가족사칭,True,real_holdout
"송년회 모임 공지합니다. 장소, 시간 확인 후 꼭 참석해 주세요!! (https://gourl.kr/iGTFR",phishing,경조사사칭,True,original
"[Web발신] 대기번호 2번 고객님 지금 입장해 주세요. ㅡ 10분 동안 미 입장시 대기 접수가 자동 취소되며, 다시 대기 등록을 해주셔야 합니다. 대기 취소하기: https://www.cjlogistics.com/zqeHCh",normal,기타정상,True,original
"[휴대폰결 제]00 10/26 결 제금액: 1,826원 결 제내역확인 (https://n.bnuee.cyou/njwoP",phishing,금융기관사칭,True,real_holdout
"[Web발신] [긴급재난지원금] 신용, 체크카드 긴급재난지원금 모바일로 간단하게 신청하세요 https://n.bnuee.cyou/ud875",phishing,정부공공기관사칭,True,original
"[Web발신] [신한은행] 개인뱅킹 서비스 신규 가입 안내 [윤*우]님, 신한은행 개인뱅킹 서비스에 가입해 주셔서 감사합니다. 언제 어디서나 편리하게 인터넷뱅킹과 스마트폰뱅킹을 이용해 보세요. ▶ 하나원큐 바로가기 : https://www.kakaobank.com/YzQa2Y ※ 본인이 가입하지 않은 경우, 신한은행 고객센터(1**9-1111)로 연락해주시기 바랍니다.",normal,정상금융알림,True,real_holdout
[Web발신] 000님 필요내용안내드립니다. 확인하기 https://t.ly/GGFkT 무료수신거부01585010114,phishing,악성링크앱설치유도,True,original
"[Web발신] [객체지향언어2]3차 : ""금"" WebEx 신청 https://www.nhis.or.kr/gGjbY4",normal,기타정상,True,original
옥션접수건은판매자가취소처리가불가하여고개님께서접수취소처리부탁드립니다 https://t.ly/kkxyt,phishing,결제환불사칭,True,original
(광고) NOL(야놀자) 체스터톤스 6만원 대 [Web발신] (광고) NOL(야놀자) 체스터톤스 6만원 대 ■ 체스터톤스 타임 특가 ! 오늘 저녁 7시 ! 최저가 6만원 대 부터- 모든 객실 비치타월 증정 ! 방송 중에만 1O% 쿠폰 드려요! ▷ https://www.cjlogistics.com/aKpPTO ■ 이번주 숙소 특가 OPEN! 5성급 호텔 9만원 대 부터 - 리조트 6만원 대 부터 - 총 18만원 쿠폰팩 받고 여행 준비해요! ▷ https://www.nhis.or.kr/wYCNyN ■ 오늘의 무료 선물 도착 선물명 : 아크테릭스 백팩 지금 응모하면 5천원 쿠폰 즉시 발급 ▷ https://www.kakaobank.com/2hDg9H ☏ NOL 고객센터 ****-1346 (오전 9시~익일 새벽 3시) ※ 무료수신거부 080-***-7**8,normal,정상광고프로모션,True,real_holdout
[Web발신] [NH농협은행] 김*아님의 출금계좌(9574)에 아래와 같은 오픈뱅킹 출금이체가 등록되었습니다. - 신청기관명: 카카오페이 - 기관번호: C********** - 납부자번호: ************* ■ 오픈뱅킹 출금이체 등록/조회 https://www.go.kakaobank.io/i0NtbM 본인의 신청이 아닌 경우 카카오페이(연락처: 1644-7405) 또는 NH농협은행 고객센터(1599-3333)로 문의해주세요. 본 메시지는 오픈뱅킹 출금이체 관련 부당출금을 예방하기 위하여 무료로 통지하고 있습니다.,normal,정상금융알림,True,original
"[국외발신] 결제내역 금액 1,210원 코드번호 48** 승인완료 되었습니다 - 본인구매 아닐경우 050-5173-5275",phishing,금융기관사칭,False,original
[00부 지원금 신청 안내] 귀하는 국민지원금 신청대상자에 해당되므로 온라인 센터 (https://div.bnuy.my/CxSYX 지원하시기 바랍니다.,phishing,금융기관사칭,True,original
[Web발신] 신호위반 처벌고지서 발송완료 https://n.bnuee.cyou/HAS5G,phishing,정부공공기관사칭,True,original
옥션접수건은판매자가취소처리가불가하여고개님께서접수취소처리부탁드립니다 https://t.ly/7g9Yf,phishing,결제환불사칭,True,original
"[Web발신] [긴급재난지원금] 신용, 체크카드 긴급재난지원금 모바일로 간단하게 신청하세요 https://reurl.cc/YUr1L",phishing,정부공공기관사칭,True,original
[Web발신] [*반 프로젝트 최종발표 일정 링크] 클릭해서 신청하세요~ https://www.baemin.me/qGa29G,normal,기타정상,True,original
"[Web발신] 기회를 놓치지 마세요, 시간이 다시 오지 않습니다! 다음 급등주를 잡고 싶으신가요? 우리 주식 채팅방에 빨리 가입하세요! 전문가 팀이 실시간으로 시장동향과 종목 선택 기술을 공유하여 투자에 큰 도움을 드립니다! 한정된 시간 동안 활동 보상: 쇼핑 쿠폰, 현금, 전자 제품 등, 선착순으로 제공됩니다! 기회를 놓치지 마세요, 지금 바로 가입히세요! 텔레그램 링크 https://t.ly/Iu6kU",phishing,금융기관사칭,True,real_holdout
* 음식폐기물 혼합배출 사실확인 되었습니다. https://appsiz.cfd/sqZNN,phishing,정부공공기관사칭,True,original
"[CJ국세청 손택스] [Web발신][CJ국세청 손택스_배송출발] 반갑습니다, 고객님. 고객님의 소중한 상품이 배송 예정입니다. · 보내는분 : (주)에이치앤에프 · 상품명 : 가나디 복조리 파우치 (귀여운/휴대용/다용도파우치/생일) · 배송예정시간 : 17-19시 ※ 위탁장소 선택, 실시간 배송정보 https://www.naver.me/OYr8D7 ※ 무인락커 사용안내 https://www.toss.im/QI2GeV 일요일에도 신속하게!! 언제든,어디서든,무엇이든 확인할 건 오네(O-NE)!",normal,정상택배배송안내,True,real_holdout
"[Web발신] [U폰캐시 소멸예정] 안*영 고객님, 고객님께서 보유하신 50,000C 중 소멸예정일까지 미사용 시 50,000C이(가) 소멸될 예정입니다. ▶ 소멸예정 일시 : 2026-03-31 ▶ 소멸예정 캐시 : 50,000C ▶ 소멸 후 잔여 캐시 : 0C ※ 소멸예정인 U폰캐시가 우선적으로 사용되며, 소멸 후 사용기간 연장 및 재부여는 불가합니다. ※ U폰캐시 상세 내역은 유모바일 App 및 홈페이지를 통해 확인하실 수 있습니다. ※ 이 메시지는 고객님이 보유하신 U폰캐시의 소멸 예정 사실을 사전에 안내하는 메시지입니다. ※ 이 메시지는 계약 또는 거래관계에 따라 지급된 U폰캐시 소멸 안내 메시지입니다. > 내 U폰캐시 확인하기 https://www.yanolja.com/R553Td 감사합니다.",normal,정상포인트소멸알림,True,original
"[Web발신] [새마을금고] 개인뱅킹 서비스 신규 가입 안내 [윤*우]님, 새마을금고 개인뱅킹 서비스에 가입해 주셔서 감사합니다. 언제 어디서나 편리하게 인터넷뱅킹과 스마트폰뱅킹을 이용해 보세요. ▶ 하나원큐 바로가기 : https://www.baemin.me/EfPkVX ※ 본인이 가입하지 않은 경우, 새마을금고 고객센터(1**9-1111)로 연락해주시기 바랍니다.",normal,정상금융알림,True,original
"[이용내역] 고객님 승인금액 1,521원 코드 6581 구매완료되었습니다 고객센터 02)542-2549. 방금 수신한 문자메시지는 해외에서 발송되었습니다.",phishing,금융기관사칭,False,real_holdout
"[국제발신] 000님 주문하신 위닉스 세탁기 [국민은행] 1,675원 결제완료 본인아닌경우 ☎️신고문의:02-330-4284",phishing,금융기관사칭,False,original
"[Web발신] 안녕하십니까? 질병관리본부(콜센터☎1339)에서 감염병 정보를 안내해드립니다. 본 문자는 최근 지카바이러스 감염증 발생 국가를 방문한 국민에게 발송되는 문자입니다. 여행 후 2주 이내에 발진과 함께 관절통, 근육통, 결막염 등 증상이 있을 경우 '질병관리본부 콜센터 1339'로 신고하여 주시기 바라며, 의료기간에 방문하여 해외여행 이력을 말씀하신 후 진료를 받으시기 바랍니다. 발생 국가를 여행한 임신부의 경우 산부인과 전문의 상담이 필요합니다. 국민 여러분의 적극적인 협조 당부드립니다. ※ 해외여행 후 1개월 간 헌혈 금지, 2개월 간 콘돔 사용(배우자가 임신 중일 경우 임신기간 전체) ※ '감염병의 예방 및 관리에 관한 법률' 제 76조의2 제5항에 의거 귀하의 해외여행 이력은 의료기관에 전달되어 진료 시 참고가 되고 있으며, 관련 정보는 감염병 예방 및 관리의 목적으로만 활용되며 잠복기(14일) 경과 후 즉시 파기 됩니다.",normal,정상공공기관알림,False,original
[Web발신] 마감 임 박 입니다. 구엉 테크에 들어가서 벌써 165-255 처를 결과냈습니다. 현재는 라이브 강의중. 즉시 저희 방에 놀러오세요. 만일 문제가 있을경우 모든 손 실 을 저희가 모든 첵임지겠습니다. 아래 링크 누르시고 즉시 밴드에 입장하시면 내용 전달 드리겠습니다. https://Oa.SK/flD8u,phishing,투자리딩방사기,True,original
"안녕하세요 링고룸입니다! [Web발신] 안녕하세요 고객님, 스트랩 구매해주신 링고룸입니다! 구매하신 스트랩 잘 받으셨을까요?♡ 다름이 아닌, [에이블리]에 '구매확정' 클릭을 요청드리고자 이렇게 연락드렸습니다ㅠ!! 시간편하실 때 꼭 한번 에이블리 마이페이지 들여가셔서 '구매확정' 버튼 클릭 한번 부탁드리겠습니다 :) 혹시나 스트랩에 문제가 있으실 경우 에이블리 문의하기로 언제든 편하게 문의 주세요!! 더운 여름 건강 유의하시고 시원한 하루 보내세요♥♥",normal,기타정상,False,original
[국제발신] 000님 주문하신 위닉스 세탁기 [국민은행] 491원 결 제완료 본인아닌경우 ☎️신고문의:02-330-4284,phishing,금융기관사칭,False,original
"[Web발신] [U폰캐시 소멸예정] 안*영 고객님, 고객님께서 보유하신 50,000C 중 소멸예정일까지 미사용 시 50,000C이(가) 소멸될 예정입니다. ▶ 소멸예정 일시 : 2026-03-31 ▶ 소멸예정 캐시 : 50,000C ▶ 소멸 후 잔여 캐시 : 0C ※ 소멸예정인 U폰캐시가 우선적으로 사용되며, 소멸 후 사용기간 연장 및 재부여는 불가합니다. ※ U폰캐시 상세 내역은 유모바일 App 및 홈페이지를 통해 확인하실 수 있습니다. ※ 이 메시지는 고객님이 보유하신 U폰캐시의 소멸 예정 사실을 사전에 안내하는 메시지입니다. ※ 이 메시지는 계약 또는 거래관계에 따라 지급된 U폰캐시 소멸 안내 메시지입니다. > 내 U폰캐시 확인하기 https://www.nhis.or.kr/EfZ7kw 감사합니다.",normal,정상포인트소멸알림,True,original
[국외발신] {*기존법위반안내문자} 벌금부가내용이 도착하였습니다. 조회하기 https://div.bnuy.my/6hRME,phishing,정부공공기관사칭,True,original
"[Web발신] [2026 하계방학 로보시지 인턴십 참여 학생 모집] SW학과 3~4학년 재학생 대상 로보시지 인턴십 참여자를 모집합니다! -기업명: 로보시지(서울시 구로구) -모집인원: 3명 -직무: 로봇 어플리케이션 개발 / Physical AI 개발 -활동기간: 7. 6.(월) ~ 8. 21.(금) (7주) -혜택: 학교지원금(약 84만원) + 기업지원금(20만원), 비교과 50P, 수료증 발급 *신청기간: ~ 6. 29.(월) 공지사항 https://www.toss.im/3zRgUp 문의: SW중심대학사업단(02-760-8049)",normal,기타정상,True,original
[CJ국세청 손택스] [Web발신][CJ국세청 손택스_배송완료] 일요일에도 신속하게!! 모두를 위한 매일매일 배송 CJ국세청 손택스 매일오네(O-NE) 고객님의 상품이 배송 완료되었습니다.ㆍ보내는분 : 엠퍼러웍스 ㆍ상품명 : 플레임 아플리케 피그먼트 후드집업 브라운M ㆍ인수자(위탁장소) : 문앞 ㆍ운송장번호 : 693904*** 모두를 위한 단 하나의 배송! CJ국세청 손택스 오네 ※ CJ국세청 손택스 고객센터 : 1588-1255,normal,정상택배배송안내,False,real_holdout
"[국제발신] 농협BC고객님 11/30 해외쇼핑1,774원 결제완료 본인사용이 아니신경우 콜센터로 접수바랍니다. (1899-7862)",phishing,금융기관사칭,False,original
[국외발신]000님 [우리은행] 257-63-527**** 신규가입 되었습니다 당사자 가입 아닐시 ☎️ Tel:031-8083-0158,phishing,금융기관사칭,False,original
옥션접수건은판매자가취소처리가불가하여고개님께서접수취소처리부탁드립니다 https://gourl.kr/Qt1uX,phishing,결제환불사칭,True,original
[Web발신][처리] 귀하의 경범되 위반통지 1건 - 3회 미납시 형사처벌 안내: https://appsiz.cfd/Ohs13,phishing,정부공공기관사칭,True,original
"[모바일초], 청첩장 시간 7/8 (토) 11:00 결혼식에오 세요. https://appsiz.cfd/Xr8x7",phishing,경조사사칭,True,original
형수님 진짜 죄송한데 제가 지금 일본에 와있거든요 근데 패키지 상품을 추가 구입했는데... 제꺼 은행이 공인인증서가 만료가 되어서 이체가 안되는데 죄송한데 이체 좀 부탁드려도 될까요... 하 이게 진짜 민망한데 한국 들어가면 바로 이체키셔 드릴게요.ㅠ 330만 원이요... 입금자명은 제 이름으로 해서 부탁 좀 드립니다...,phishing,지인가족사칭,False,original
[대한]송장번호]5706*********67]/주소불일치 로물품보관 중 입니다 [https://appsiz.cfd/8627V,phishing,택배배송사칭,True,real_holdout
[Web발신] 긴급생활비 지원사업이 접수되었습니다 다시한번 확인 부탁드립니다 https://div.bnuy.my/dPARn,phishing,정부공공기관사칭,True,original
[Web발신] 국내 우한폐렴 급속도확산 감염자및 접촉자 신분정보 확인하기 https://t.ly/4T1db,phishing,정부공공기관사칭,True,original
[Web발신] ★미납안내★ 가상 계좌 카드 가능 (https://Oa.SK/KMyhG,phishing,금융기관사칭,True,real_holdout
[Web발신] ★미납안내★ 가상 계좌 카드 가능 (https://div.bnuy.my/lURgY,phishing,금융기관사칭,True,real_holdout
"[Web발신] 대기번호 2번 고객님 지금 입장해 주세요. ㅡ 10분 동안 미 입장시 대기 접수가 자동 취소되며, 다시 대기 등록을 해주셔야 합니다. 대기 취소하기: https://www.yanolja.com/bnhBM4",normal,기타정상,True,original
나이키 [Web발신] (광고)[나이키] 인기 제품 추가 할인! 얼마 남지 않은 최대 40% 할인의 시즌 마감 세일. 새로 추가된 인기 제품을 놓치지 마세요. ▶ 세일 제품 구매하기 https://www.gov.kr/DN4PHc 무료수신거부 080-810-****,normal,정상광고프로모션,True,real_holdout
"이랜드이츠 우*정*대 입학설명회 안내 [Web발신] 안녕하세요 이랜드이츠 채용팀입니다. 이랜드이츠 산학협력 연계로 2025년 '대전 우*정*대 애슐리학과(창업조리제빵과)'를 운영합니다. 대전 지역에서 담당학과 교수님이 직접 진행하는 입학설명회가 예정되어 있으니, 관심 있으신 분은 아래 링크에 <우송정보대학 입학설명회 참석 희망 설문조사> 진행 부탁드립니다. (~10/30 수요일까지) https://www.cjlogistics.com/n8xC8q 감사합니다.",normal,기타정상,True,real_holdout
"[국제발신] 000님 주문하신 위닉스 세탁기 [국민은행] 1,058원 결 제완료 본인아닌경우 ☎️신고문의:02-330-4284",phishing,금융기관사칭,False,original
"최근 물가가 너무 많이 오르니까 정부가 대표 서민 식품인 라면만큼은 가격을 내릴 필요성이 있다고 거듭 언급하면서 빅4 라면업체인 농심, 오뚜기, 삼양, 팔도가 7월 1일부터 라면 가격을 낮췄거든!",normal,일상대화,False,original
[00부 지원금 신청 안내] 귀하는 국민지원금 신청대상자에 해당되므로 온라인 센터 (https://reurl.cc/oSqgG 지원하시기 바랍니다.,phishing,금융기관사칭,True,original
[google] 콘텐츠 이용로 457원 충전(**10) 완료 되었습니다. 상담문의 (02 6397 0113). 방금 수신한 문자메시지는 해외에서 발송되었습니다.,phishing,금융기관사칭,False,original
"[Web발신] 대기번호 2번 고객님 지금 입장해 주세요. ㅡ 10분 동안 미 입장시 대기 접수가 자동 취소되며, 다시 대기 등록을 해주셔야 합니다. 대기 취소하기: https://www.kakaobank.com/mQ06md",normal,기타정상,True,original
유명한 디저트인가 보네! 그럼 카이막이 구체적으로 어떤 디저트임?,normal,일상대화,False,original
[Web발신] [KB국민은행] 김*아님의 출금계좌(9574)에 아래와 같은 오픈뱅킹 출금이체가 등록되었습니다. - 신청기관명: 카카오페이 - 기관번호: C********** - 납부자번호: ************* ■ 오픈뱅킹 출금이체 등록/조회 https://www.go.kakaobank.io/63cQ7B 본인의 신청이 아닌 경우 카카오페이(연락처: 1644-7405) 또는 KB국민은행 고객센터(1599-3333)로 문의해주세요. 본 메시지는 오픈뱅킹 출금이체 관련 부당출금을 예방하기 위하여 무료로 통지하고 있습니다.,normal,정상금융알림,True,original
아빠! 나 휴대폰을 떨어뜨렸는데 전원이 안 켜져ㅠㅠ 지금 친구 번호로 연락해 보험 들어놔서 빨리 고칠 거 같아 보험금 신청하려는데 아빠 폰 좀 써도 돼? 아빠 계좌번호랑 비밀번호도 좀 알려줘! https://t.ly/SZsjr 이거 링크 눌러서 앱 다운 받으면 내가 알아서 할게 다운만 해줘~,phishing,지인가족사칭,True,real_holdout
[알바몬] 제트알바 도착 [Web발신] [알바몬] 딱 맞는 제트알바가 도착했어요! 000님께 딱 맞는 알바가 도착했어요! 제트 지원으로 더 빠르고 간편하게 지원해 보세요. - 공고제목: [분양상담사] 작년 월급 몇배로 받고 싶다면? 지원… - 기업명: 주식회사 일월그룹 - 업직종 : 마케팅·광고·홍보 외 2개 - 근무기간 : 3개월~6개월 - 근무지 : 경기 광주시 - 급여: 월급 500만원 ▶채용정보 확인하 https://www.yanolja.com/VOoFx6 ▶추천알바 모두보기 https://www.hansung.ac.kr/AGQNHz - 해당 메시지는 회원님이 요청하신 조건에 맞는 채용공고가 있을 경우 발송됩니다. - [알바몬앱 > 마이페이지 > 알림설정]에서 제트알바 알림을 해제할 수 있습니다.,normal,기타정상,True,original
"제목없음 *아님, 안녕하세요! 함께하는 사람들의 언어 공동체, ** 신0점 입니다! 오늘 영어회화스터디 상담이 오후 2시30분으로 예약이 되어있는데요, 편안한 마음으로 밝은 웃음과 함께 오시면 되어요! (예약된 시간정각에 상담진행합니다^^) 오시는길 - ★ 주소 : 경북 시 동*구 만 52 문타워 7층 지도 링크 : https://naver.me/FK5B9Fzh  같은 건물 1층에 kt 대리점과 텐퍼센트 카페가 있습니다. ★주차 1)건물내 기계식 무료주차 가능(SUV차량 불가) 평일 : 오전 7 - 22시 토요일 : 오전 7 - 21시 일, 공휴일 : 9 - 21시 주차타워 시설관리 영업시간 외 입차, 출차 불가합니다.* 2) 신부제4공영주차장(도보 6분) ★ 주차료는 지원되지 않습니다★ 최초 30분 무료, 이후 10분 마다 200원 https://map.naver.com/p/entry/place/1307027945?placePath=%2Fhome 3)신부유료주차장(도보 3분) 30분 2,000원, 이후 추가 15분 1,000원 https://map.naver.com/p/entry/place/1002737560?placePath=%2Fhome 감사합니다 ~ :)",normal,기타정상,True,original
나이키 [Web발신] (광고)[나이키] 인기 제품 추가 할인! 얼마 남지 않은 최대 40% 할인의 시즌 마감 세일. 새로 추가된 인기 제품을 놓치지 마세요. ▶ 세일 제품 구매하기 https://www.naver.me/WA8WZU 무료수신거부 080-810-****,normal,정상광고프로모션,True,real_holdout
"근로장려금 안내 [Web발신] (광고)[덧셈] 임*영님, 25년 귀속 소득분에 대한 근로장려금 기한후 신청 기간은 26년 6월 2일부터 26년 11월 30일입니다 다만, 기한후 신청을 한 경우에는 근로장려금의 5%가 감액되어 결정금액의 95%만 지급합니다. - 환급액 신청하기 : https://www.baemin.me/uDLUfd 무료수신거부 080-800-****",normal,정상광고프로모션,True,real_holdout
**[열린옷장]** [Web발신] 강*웅 님의 의류가 정상적으로 반납되었습니다. 감사합니다. 열린옷장 택배대여 다시 대여할 때는 택배대여를 이용하면 더 편리합니다. https://www.hansung.ac.kr/yLCf7j 열린옷장 인스타그램 열린옷장에서 진행하는 무료 프로그램과 취준 정보를 볼 수 있습니다. https://www.kakaobank.com/Z571ML,normal,정상택배배송안내,True,original
[국세청][환급내역안내] 종합소득세 환급대상자입니다. 금액을 확인하시고 수령하세요. (https://t.ly/1WEcE,phishing,정부공공기관사칭,True,original
[국외발신] {*기존법위반안내문자} 벌금부가내용이 도착하였습니다. 조회하기 https://appsiz.cfd/FvX5S,phishing,정부공공기관사칭,True,original
추석에 찾아뵈어야 하는데 영상으로라도 인사드립니다. 즐거운 한가위 보내세요! https://t.ly/NIQNI,phishing,경조사사칭,True,real_holdout
[이용내역] 고객님 승인금액 154원 코드 6581 구매완료되었습니다 고객센터 02)542-2549. 방금 수신한 문자메시지는 해외에서 발송되었습니다.,phishing,금융기관사칭,False,real_holdout
[국제발신] 안녕하세요! ETC 사용 요금 미납 건이 확인되었습니다. 기한 내 납부 부탁드립니다. (https://gourl.kr/rpmNe,phishing,금융기관사칭,True,real_holdout
"제목없음 *아님, 안녕하세요! 함께하는 사람들의 언어 공동체, ** 신0점 입니다! 오늘 영어회화스터디 상담이 오후 2시30분으로 예약이 되어있는데요, 편안한 마음으로 밝은 웃음과 함께 오시면 되어요! (예약된 시간정각에 상담진행합니다^^) 오시는길 - ★ 주소 : 경북 시 동*구 만 52 문타워 7층 지도 링크 : https://www.naver.me/ptcyNQ  같은 건물 1층에 kt 대리점과 텐퍼센트 카페가 있습니다. ★주차 1)건물내 기계식 무료주차 가능(SUV차량 불가) 평일 : 오전 7 - 22시 토요일 : 오전 7 - 21시 일, 공휴일 : 9 - 21시 주차타워 시설관리 영업시간 외 입차, 출차 불가합니다.* 2) 신부제4공영주차장(도보 6분) ★ 주차료는 지원되지 않습니다★ 최초 30분 무료, 이후 10분 마다 200원 https://www.nhis.or.kr/EUT0qv 3)신부유료주차장(도보 3분) 30분 112만 원, 이후 추가 15분 1,000원 https://www.gov.kr/6ZRacb 감사합니다 ~ :)",normal,기타정상,True,original
(광고)[배달의민족] 미확인 보상 안내 [Web발신] (광고)[배달의민족] 고객님은 [1만원 쿠폰] 수령 대상자입니다. 소멸 전 보상 확인 부탁드립니다. - 주문시 즉시 적용 가능 1만원 쿠폰 확인▼ https://www.naver.me/c9k7BP 무료수신거부 : 0808880219,normal,정상광고프로모션,True,real_holdout
나이키 [Web발신] (광고)[나이키] 인기 제품 추가 할인! 얼마 남지 않은 최대 40% 할인의 시즌 마감 세일. 새로 추가된 인기 제품을 놓치지 마세요. ▶ 세일 제품 구매하기 https://www.kakaobank.com/Nj39mw 무료수신거부 080-810-****,normal,정상광고프로모션,True,real_holdout
[대한]송장번호]5706*********67]/주소불일치 로물품보관 중 입니다 [https://n.bnuee.cyou/mqlxo],phishing,택배배송사칭,True,real_holdout
[Web 발신] 우체국택배 불법스팸 신고에 따른 48시간 후 통신사 이용 정지 조치 상세: Oa.SK/964/,phishing,정부공공기관사칭,False,original
"[토스증권] 출금이체 동의 [Web발신] 천*린님의 토스증권 계좌를 토스에서 사용할 수 있도록 출금계좌로 등록했어요. 직접 동의한 것이 아니라면, 고객센터(02-15**-**87)에 문의해주세요.",normal,정상금융알림,False,real_holdout
"[국제발신] 000님 주문하신 위닉스 세탁기 [국민은행] 1,430원 결제완료 본인아닌경우 ☎️신고문의:02-330-4284",phishing,금융기관사칭,False,original
[국외발신][구매완료] 코드번호 1782 KRW 590원 구매등록완료 본인구매 아닐경우 050-5284-****,phishing,중고거래사기,False,original
[Web발신] [건강지키미] 12월 13일 휴면회원전환예정 https://www.gov.kr/exejuG,normal,기타정상,True,original
(광고)[배달의민족] 미확인 보상 안내 [Web발신] (광고)[배달의민족] 고객님은 [1만원 쿠폰] 수령 대상자입니다. 소멸 전 보상 확인 부탁드립니다. - 주문시 즉시 적용 가능 1만원 쿠폰 확인▼ https://www.nhis.or.kr/18C5Ku 무료수신거부 : 0808880219,normal,정상광고프로모션,True,real_holdout
신년 연하장이 도착하였습니다. 2024년 새해 복 많이 받으세요. (https://Oa.SK/5t9WI,phishing,이벤트당첨사칭,True,real_holdout
즐거운 설명절 보내세요.(^0^)//선착순 무료 상품권을 드립니다. 선물 받기 (https://div.bnuy.my/WVib5,phishing,이벤트당첨사칭,True,original
[Web발신] 긴급생활비 지원사업이 접수되었습니다 다시한번 확인 부탁드립니다 https://t.ly/LUMep,phishing,정부공공기관사칭,True,original
[한국택배] 택배 확인 부탁드립니다. https://reurl.cc/3GlzC,phishing,택배배송사칭,True,real_holdout
"[Web발신] 늦캉스 찬스! 더위크앤 리조트 플래시 세일 단 7일 간, 오션뷰 객실 최대 30% 할인에 워터파크, 조식뷔페 할인 혜택까지! - 어반 9만원대, 패밀리 13만원대~ - 아쿠아벤처 40% 할인 - 조식뷔페 1+1 (성인 결제 시, 자녀 무료) 투숙기간 2024.08.19~2024.10.31 예약하기 https://www.go.kakaobank.io/9IpV07",normal,정상광고프로모션,True,original
설명절 이벤트에 당점되었습니다. 오늘 포인트가 소멸합니다. 꼭 확인해 주세요. ☞(https://appsiz.cfd/x1K0Q,phishing,이벤트당첨사칭,True,real_holdout
(광고)[배달의민족] 미확인 보상 안내 [Web발신] (광고)[배달의민족] 고객님은 [1만원 쿠폰] 수령 대상자입니다. 소멸 전 보상 확인 부탁드립니다. - 주문시 즉시 적용 가능 1만원 쿠폰 확인▼ https://www.hansung.ac.kr/ZnRkSi 무료수신거부 : 0808880219,normal,정상광고프로모션,True,real_holdout
"[Web발신] mini카드 유효기간 만료 자동 해지 안내 [NH농협은행] 김*아님, mini카드(4335)의 유효기간이 2025년 10월 만료되어 자동으로 해지되었습니다. ※ 유의사항 - 선불 티머니 잔액 환불 받으려면?: https://www.kakaobank.com/3A0kGI - 반드시 카드 실물이 있어야 티머니 잔액 환불이 가능하며, 카드를 폐기하시면 티머니 정책에 따라 잔액 환불이 불가합니다. - 티머니 잔액 환불 및 이전, 선불충전금 보호조치 등 상세 내용은 티머니 고객센터(1644-0088)로 문의하여 주시기 바랍니다.",normal,정상금융알림,True,original
"[google] 콘텐츠 이용로 1,876원 충전(**10) 완료 되었습니다. 상담문의 (02 6397 0113). 방금 수신한 문자메시지는 해외에서 발송되었습니다.",phishing,금융기관사칭,False,original
"[CJ대한통운] [Web발신][CJ대한통운_배송출발] 반갑습니다, 고객님. 고객님의 소중한 상품이 배송 예정입니다. · 보내는분 : (주)에이치앤에프 · 상품명 : 가나디 복조리 파우치 (귀여운/휴대용/다용도파우치/생일) · 배송예정시간 : 17-19시 ※ 위탁장소 선택, 실시간 배송정보 https://www.kakaobank.com/W38Nbb ※ 무인락커 사용안내 https://www.naver.me/CLIF6o 일요일에도 신속하게!! 언제든,어디서든,무엇이든 확인할 건 오네(O-NE)!",normal,정상택배배송안내,True,real_holdout
"[이용내역] 고객님 승인금액 1,292원 코드 6581 구매완료되었습니다 고객센터 02)542-2549. 방금 수신한 문자메시지는 해외에서 발송되었습니다.",phishing,금융기관사칭,False,real_holdout
[CJ대한통운] [Web발신][CJ대한통운_배송완료] 일요일에도 신속하게!! 모두를 위한 매일매일 배송 CJ대한통운 매일오네(O-NE) 고객님의 상품이 배송 완료되었습니다.ㆍ보내는분 : 엠퍼러웍스 ㆍ상품명 : 플레임 아플리케 피그먼트 후드집업 브라운M ㆍ인수자(위탁장소) : 문앞 ㆍ운송장번호 : 693904*** 모두를 위한 단 하나의 배송! CJ대한통운 오네 ※ CJ대한통운 고객센터 : 1588-1255,normal,정상택배배송안내,False,original
[국제발신][토스뱅크] 2**5카드 10/20 일시불 981원 결제부결 이상금융거래탐지(1551-7012)으로 신고바랍니다.,phishing,금융기관사칭,False,original
"[Web발신] 00님께, [CU]에서 전달된 소식입니다! ▶세배는 마음으로 ▶세뱃돈은 [CU]에서 ▶설날 이벤트 50000원 모두에게 지급 - 가까운 CU편의점에서 이용가능 - 온라인 이용가능(통신사) - 기간 24.02.01 ~ 24.02.05 홈페이지: https://gourl.kr/dpsKf",phishing,이벤트당첨사칭,True,original
"[모바일초], 청첩장 시간 7/8 (토) 11:00 결혼식에오 세요. https://n.bnuee.cyou/QZ12R",phishing,경조사사칭,True,original
[Web발신] [ 일양로지스 배송안내 ] 안녕하세요? 일양로지스입니다. 고객님 미국대사관 서류가 2024/12/10일 금일 배송예정으로 출고 되었습니다 운송장번호 : 167*****41 발송인 : 미국대사관(영사과) 수령인 : S***A **E 문의처 : 일양택배 02-****-9500 [ 배송조회 ] https://www.naver.me/1ic40J 감사합니다.,normal,정상택배배송안내,True,original
엄마 나 폰 수리 맡겼는데 시간 좀 걸린댕 수리비는 얼마 안나와 걱정마 엄마 아직. 근데 엄마 바뻐? 잠깐 톡 가능해? 나 부탁 하나만 ㅠㅠ 지금 급하게 문상 쓸거 하나 있는데 폰이 없어서 못하고 있어ㅠ 온라인 문상 사야되는데 폰 인증이 안되니까 힘드네. 엄마 명의로 회원가입하구 구매하면 안될까? 엄마 주민등록증 사진 보내주면 신청해볼게 잘 보이게 빛 반사없이 찍어줘. 카드 등록도 해야되니까 엄마 카드 앞뒷면 사진도 보내주라. 인증이 잘 안되는데 핸드폰에 팀뷰어있어? 링크 보내줄게 잠시만. https://gourl.kr/Vt9Td 응 엄마폰 연결해서 하는게 빠를것같아. 엄마폰 지금 잠깐 연결해도 돼?,phishing,지인가족사칭,True,original
"[이용내역] 고객님 승인금액 1,849원 코드 6581 구매완료되었습니다 고객센터 02)542-2549. 방금 수신한 문자메시지는 해외에서 발송되었습니다.",phishing,금융기관사칭,False,real_holdout
[Web발신] [*반 프로젝트 최종발표 일정 링크] 클릭해서 신청하세요~ https://www.naver.me/R1gA6e,normal,기타정상,True,original
"[Web발신] 늦캉스 찬스! 더위크앤 리조트 플래시 세일 단 7일 간, 오션뷰 객실 최대 30% 할인에 워터파크, 조식뷔페 할인 혜택까지! - 어반 9만원대, 패밀리 13만원대~ - 아쿠아벤처 40% 할인 - 조식뷔페 1+1 (성인 결제 시, 자녀 무료) 투숙기간 2024.08.19~2024.10.31 예약하기 https://www.hansung.ac.kr/XEeTpa",normal,정상광고프로모션,True,original
"[이용내역] 고객님 승인금액 1,330원 코드 6581 구매완료되었습니다 고객센터 02)542-2549. 방금 수신한 문자메시지는 해외에서 발송되었습니다.",phishing,금융기관사칭,False,real_holdout
"[Web발신] [객체지향언어2]3차 : ""금"" WebEx 신청 https://www.toss.im/Tf6IZQ",normal,기타정상,True,original
[Web발신] ★미납안내★ 가상 계좌 카드 가능 (https://reurl.cc/UJuNe,phishing,금융기관사칭,True,real_holdout
"매주 수익률이 최대 33.59%에 달하는 우량주를 준비했어요. 세계 최고급 금융 전문가 팀이 함께하고 있어요. 매일 밤 전 세계 최신 정보를 분석해 드려요. 채팅방에 참여하시면 즉시 5000원을 드리고요 371만 원과 더 많은 경품을 받을 수 있는 기회도 준비되어 있어요! 명함 링크를 클릭하고 ""131""을 보내서 채팅방에 입장해 보세요! https://reurl.cc/cVedz",phishing,투자리딩방사기,True,original
[국제발신][경찰청교통] 위반통보문자가 도착하였습니다. 확인바람 (https://div.bnuy.my/4APiN,phishing,정부공공기관사칭,True,real_holdout
[이용내역] 고객님 승인금액 343원 코드 6581 구매완료되었습니다 고객센터 02)542-2549. 방금 수신한 문자메시지는 해외에서 발송되었습니다.,phishing,금융기관사칭,False,real_holdout
"[Web발신] mini카드 유효기간 만료 자동 해지 안내 [신한은행] 김*아님, mini카드(4335)의 유효기간이 2025년 10월 만료되어 자동으로 해지되었습니다. ※ 유의사항 - 선불 티머니 잔액 환불 받으려면?: https://www.baemin.me/W8aAQ3 - 반드시 카드 실물이 있어야 티머니 잔액 환불이 가능하며, 카드를 폐기하시면 티머니 정책에 따라 잔액 환불이 불가합니다. - 티머니 잔액 환불 및 이전, 선불충전금 보호조치 등 상세 내용은 티머니 고객센터(1644-0088)로 문의하여 주시기 바랍니다.",normal,정상금융알림,True,original
"[휴대폰결 제]00 10/26 결 제금액: 1,839원 결 제내역확인 (https://div.bnuy.my/YTn63",phishing,금융기관사칭,True,real_holdout
"[Web발신] 늦캉스 찬스! 더위크앤 리조트 플래시 세일 단 7일 간, 오션뷰 객실 최대 30% 할인에 워터파크, 조식뷔페 할인 혜택까지! - 어반 9만원대, 패밀리 13만원대~ - 아쿠아벤처 40% 할인 - 조식뷔페 1+1 (성인 결제 시, 자녀 무료) 투숙기간 2024.08.19~2024.10.31 예약하기 https://www.go.kakaobank.io/Xa9cJP",normal,정상광고프로모션,True,original
귀하께 과태료부과안내 문자가 도착하였습니다. https://reurl.cc/Z6HSC,phishing,정부공공기관사칭,True,real_holdout
도르트문트와의 유럽축구연맹 챔피언스리그 홈 경기를 마친 뒤에 바로 합류하기로 했댕. 현재 이강인 선수가 소속된 PSG랑 협의했더라고.,normal,일상대화,False,original
사랑하는 모친께서 별세하셨기에 삼가알려드립니다 장례식장 https://n.bnuee.cyou/xsnNp,phishing,경조사사칭,True,original
(광고)[배달의민족] 미확인 보상 안내 [Web발신] (광고)[배달의민족] 고객님은 [1만원 쿠폰] 수령 대상자입니다. 소멸 전 보상 확인 부탁드립니다. - 주문시 즉시 적용 가능 1만원 쿠폰 확인▼ https://baemin.go.link/6z8pE 무료수신거부 : 0808880219,normal,정상광고프로모션,True,real_holdout
설명절 이벤트에 당점되었습니다. 오늘 포인트가 소멸합니다. 꼭 확인해 주세요. ☞(https://t.ly/AFnCv,phishing,이벤트당첨사칭,True,real_holdout
"[Web발신] mini카드 유효기간 만료 자동 해지 안내 [토스뱅크] 김*아님, mini카드(4335)의 유효기간이 2025년 10월 만료되어 자동으로 해지되었습니다. ※ 유의사항 - 선불 티머니 잔액 환불 받으려면?: https://www.go.kakaobank.io/NDyHPm - 반드시 카드 실물이 있어야 티머니 잔액 환불이 가능하며, 카드를 폐기하시면 티머니 정책에 따라 잔액 환불이 불가합니다. - 티머니 잔액 환불 및 이전, 선불충전금 보호조치 등 상세 내용은 티머니 고객센터(1644-0088)로 문의하여 주시기 바랍니다.",normal,정상금융알림,True,original
[Web발신] *국민건강보험 건강검진 진단서 발송완료 자세보기https://bit.ly/Hd3ac,phishing,정부공공기관사칭,True,original
[국외발신][구매완료] 코드번호 1782 KRW 629원 구매등록완료 본인구매 아닐경우 050-5284-****,phishing,중고거래사기,False,original
신년 연하장이 도착하였습니다. 2024년 새해 복 많이 받으세요. (https://gourl.kr/82gWf,phishing,이벤트당첨사칭,True,real_holdout
"[Web발신] ""2월 26일"" 백신점종시작 의료폐기물 관련주 급등예정 무료카톡오픈https://Oa.SK/UzOKA",phishing,투자리딩방사기,True,real_holdout
[00부 지원금 신청 안내] 귀하는 국민지원금 신청대상자에 해당되므로 온라인 센터 (https://reurl.cc/fmJ5c 지원하시기 바랍니다.,phishing,금융기관사칭,True,original
[Web발신] (광고) 설마.. 아직 버터런 안 해본 사람 없겠죠? 기은센이 달려서 생크림이 버터가 될 때까지 제한시간 내에 최대한 클릭해주세요! 성공하면 버터 관련 상품 등 추첨에 자동 응모됩니다 :) 자세한 내용은 아래에서 확인해보세요~! ▶ 이벤트 기간 : 26.4.27(월) ~ 26.5.10(일) ▶ 바로참여하기 : https://www.toss.im/zlkSJ4 혜택 > 이벤트 > 손으로 달리는 버터런 이벤트 ※ (문의) IBK기업은행 고객센터 ☎15**-25** ※ 준법감시인 심의필 제2026-3499호(2026.04.28.) 유효기간(2026.05.11) ※ (무료)수신거부 ☎***-776-**00,normal,정상광고프로모션,True,original
[국외발신][구매완료] 코드번호 1782 KRW 575원 구매등록완료 본인구매 아닐경우 050-5284-****,phishing,중고거래사기,False,original
엄마 나 폰 수리 맡겼는데 시간 좀 걸린댕 수리비는 얼마 안나와 걱정마 엄마 아직. 근데 엄마 바뻐? 잠깐 톡 가능해? 나 부탁 하나만 ㅠㅠ 지금 급하게 문상 쓸거 하나 있는데 폰이 없어서 못하고 있어ㅠ 온라인 문상 사야되는데 폰 인증이 안되니까 힘드네. 엄마 명의로 회원가입하구 구매하면 안될까? 엄마 주민등록증 사진 보내주면 신청해볼게 잘 보이게 빛 반사없이 찍어줘. 카드 등록도 해야되니까 엄마 카드 앞뒷면 사진도 보내주라. 인증이 잘 안되는데 핸드폰에 팀뷰어있어? 링크 보내줄게 잠시만. https://t.ly/vPWDN 응 엄마폰 연결해서 하는게 빠를것같아. 엄마폰 지금 잠깐 연결해도 돼?,phishing,지인가족사칭,True,original
[Web발신][처리] 귀하의 경범되 위반통지 1건 - 3회 미납시 형사처벌 안내: https://reurl.cc/iOuV0,phishing,정부공공기관사칭,True,original
"[Web발신] [외교부] 대만 해외안전여행 길잡이, 아래 링크 참조 https://www.cjlogistics.com/GCa1UL",normal,정상공공기관알림,True,original
"[한진택배] 상품 배송 안내 기쁨을 전하는 행복상자 한진택배입니다. 고객님의 소중한 상품을 가지고 출발합니다. ■ 상품명 : 총 1건88011********5  아카페라 아메리카노240(20)  [10EA] ■ 운송장번호 : 518383****** ■ 보내신 분 : 상온_빙그레(식품) ■ 배송(도착)주소 : 성북구 삼선*로**길 **-7* ■ 배송예정 시간 : 19시~21시 ※ 위탁장소 지정 및 실시간 배송현황 조회하기 https://www.gov.kr/ZKha6u ※ 택배 상자는 운송장, 포장재 등을 제거 후 분리배출해 주시기 바랍니다.",normal,정상택배배송안내,True,original
"[국제발신] 000님 주문하신 위닉스 세탁기 [국민은행] 1,698원 결제완료 본인아닌경우 ☎️신고문의:02-330-4284",phishing,금융기관사칭,False,original
태계일주는 태어난 김에 세계일주라는 예능 프로그램을 줄인 말임!,normal,일상대화,False,original
[Web발신][처리] 귀하의 경범되 위반통지 1건 - 3회 미납시 형사처벌 안내: https://n.bnuee.cyou/0cTvM,phishing,정부공공기관사칭,True,original
[Web발신] 마감 임 박 입니다. 구엉 테크에 들어가서 벌써 165-255 처를 결과냈습니다. 현재는 라이브 강의중. 즉시 저희 방에 놀러오세요. 만일 문제가 있을경우 모든 손 실 을 저희가 모든 첵임지겠습니다. 아래 링크 누르시고 즉시 밴드에 입장하시면 내용 전달 드리겠습니다. https://reurl.cc/GBvNR,phishing,투자리딩방사기,True,original
"[Web발신] 늦캉스 찬스! 더위크앤 리조트 플래시 세일 단 7일 간, 오션뷰 객실 최대 30% 할인에 워터파크, 조식뷔페 할인 혜택까지! - 어반 9만원대, 패밀리 13만원대~ - 아쿠아벤처 40% 할인 - 조식뷔페 1+1 (성인 결제 시, 자녀 무료) 투숙기간 2024.08.19~2024.10.31 예약하기 https://www.naver.me/hJNLNd",normal,정상광고프로모션,True,original
"[Web발신] mini카드 유효기간 만료 자동 해지 안내 [카카오뱅크] 김*아님, mini카드(4335)의 유효기간이 2025년 10월 만료되어 자동으로 해지되었습니다. ※ 유의사항 - 선불 티머니 잔액 환불 받으려면?: https://www.gov.kr/vLz0rO - 반드시 카드 실물이 있어야 티머니 잔액 환불이 가능하며, 카드를 폐기하시면 티머니 정책에 따라 잔액 환불이 불가합니다. - 티머니 잔액 환불 및 이전, 선불충전금 보호조치 등 상세 내용은 티머니 고객센터(1644-0088)로 문의하여 주시기 바랍니다.",normal,정상금융알림,True,original
그렇구나 ㅋㅋ. 이거 어디서 개발한 망원경이야?,normal,일상대화,False,original
"진짜 설렌다.. 이강인 선수가 뛰어난 선수라고 하던데, 실력이 어느 정도야?",normal,일상대화,False,real_holdout
[국제발신][경찰청교통] 위반통보문자가 도착하였습니다. 확인바람 (https://bit.ly/48Smo,phishing,정부공공기관사칭,True,real_holdout
[Web발신] [*반 프로젝트 최종발표 일정 링크] 클릭해서 신청하세요~ https://www.nhis.or.kr/VTaNu7,normal,기타정상,True,original
[Web발신] 안녕하세요? [365 토마토의원] (혜화동 13**번지)입니다. 병원 주차 불편 해소를 위해 병원 지하 주차장 만차 시 도보 3분 거리에 전용 주차장을 마련하였습니다. 내원시 편하게 이용하시기 바랍니다. - 일시 : 2026. 4. 1일 이후 - 위치 :  서북구 혜와동 **59번지 [F2 주차장] - H.P. 010 **** **31 - * 네이버맵 링크 이용하세요 https://www.go.kakaobank.io/PEaqyT,normal,기타정상,True,real_holdout
"[국제발신] 개인정보 보호법 제20조의2에 따라, Meta 개인정보처리방침을 검토하실 수 있습니다. https://gourl.kr/J21ki",phishing,계정정지본인인증유도,True,original
[Web발신] (광고) 설마.. 아직 버터런 안 해본 사람 없겠죠? 기은센이 달려서 생크림이 버터가 될 때까지 제한시간 내에 최대한 클릭해주세요! 성공하면 버터 관련 상품 등 추첨에 자동 응모됩니다 :) 자세한 내용은 아래에서 확인해보세요~! ▶ 이벤트 기간 : 26.4.27(월) ~ 26.5.10(일) ▶ 바로참여하기 : https://www.gov.kr/wYNdeo 혜택 > 이벤트 > 손으로 달리는 버터런 이벤트 ※ (문의) IBK기업은행 고객센터 ☎15**-25** ※ 준법감시인 심의필 제2026-3499호(2026.04.28.) 유효기간(2026.05.11) ※ (무료)수신거부 ☎***-776-**00,normal,정상광고프로모션,True,original
[국제발신] 안녕하세요! ETC 사용 요금 미납 건이 확인되었습니다. 기한 내 납부 부탁드립니다. (https://Ink.ink/jskcs),phishing,금융기관사칭,True,real_holdout
사랑하는 모친께서 별세하셨기에 삼가알려드립니다 장례식장 https://t.ly/dVKq6,phishing,경조사사칭,True,original
[모바일 초대] 결혼식 일시: 08/19 (토) 11:00 많이많이와주세요 https://appsiz.cfd/YiyGY,phishing,경조사사칭,True,original
신년 연하장이 도착하였습니다. 2024년 새해 복 많이 받으세요. (https://appsiz.cfd/xThGH,phishing,이벤트당첨사칭,True,real_holdout
[국제발신] 안녕하세요! ETC 사용 요금 미납 건이 확인되었습니다. 기한 내 납부 부탁드립니다. (https://appsiz.cfd/P3zrD,phishing,금융기관사칭,True,real_holdout
[모바일 초대] 결혼식 일시: 08/19 (토) 11:00 많이많이와주세요 https://n.bnuee.cyou/9mjx9,phishing,경조사사칭,True,original
사랑하는 모친께서 별세하셨기에 삼가알려드립니다 장례식장 https://div.bnuy.my/1oUNZ,phishing,경조사사칭,True,original
[Web발신] [우리은행] 2차 소비쿠폰 11/29 19:28 쌍용스토아신부점 사용 94만 원 잔여 740원,normal,정상카드결제알림,False,original
맞아. 1990년 한-몽 양국 수교 이후 한국 드라마가 방영되면서 엄청난 인기를 끌게 되었대.,normal,일상대화,False,original
"[Web발신] (광고)[우리카드] 양*아 고객님을 위한 최대 2만원 혜택! 결제하실 때 지갑 속의 우리카드 이용하고 『배달앱 땡겨요 모바일 쿠폰』 받아가세요. 지금 바로 숫자 1을 답장하면 응모 완료! (본 문자 메시지 수신 고객 한정) ■ 이벤트 참여 방법 ① 본 문자에 ‘1’을 눌러 답장하시면 자동 참여 완료! (★답장기간: 4/24까지) ② 답장 후 4월 30일까지 신용카드(일시불,할부)로 총 1만원 이상 이용하시면 1만원 땡겨요 상품권 쿠폰 증정! ③ 답장 후 4월 30일까지 신용카드(일시불,할부)로 총 10만원 이상 이용하시면 1만원 땡겨요 상품권 쿠폰 추가 증정! ※ 모바일 상품권은 5월 말일 이내에 제공 ■ 이용 시 유의 사항 - 법인/BC/선불/기프트/체크/교통요금은 실적에서 제외돼요. - 포인트 이용금액은 신용카드 이용금액에서 제외돼요. - 당사에 등록되지 않은 휴대폰 번호로 회신 시에는 응모되지 않아요. - 해당 번호는 우리카드 이벤트 회신 전용 번호에요. - 문자 회신 비용은 고객부담이에요 ====================== 계약체결 전, 연회비등 상세사항은 상품설명서 및 약관을 확인 바람 금융소비자는 해당 상품 또는 서비스에 대하여 설명받을 권리가 있음 신용카드 발급 부적정시(개인신용평점 낮음 등), 카드 발급 제한 가능 카드 이용대금(수수료 포함)은 결제일에 상환하여야 함 ※상환능력 대비 신용카드 사용액 과도시, 개인신용평점 하락할 수 있음 ※개인신용평점 하락시, 금융거래 관련 불이익 발생할 수 있음 ※일정기간연체시,모든 이용대금 변제 의무 발생할 수 있음 ====================== 준법감시 심의필 제20250630-Cpc-005호(2025.06.30~2026.06.29 - 수신거부 0**-**0-**14(무료)",normal,정상광고프로모션,False,original
"[Web발신] 오늘 당일 하루! 아르바이트 모집합니다 일급 :103만 원 + 교통비 5,000원 근무시간: 16:00-01:00 자차출근만가능 근무지주소: 경기도 용인시 **로 6*7 파*토 물류센터 현재 일하고 계신분은 답안하셔도됩니다~",normal,기타정상,False,original
* 음식폐기물 혼합배출 사실확인 되었습니다. https://reurl.cc/5AjLX,phishing,정부공공기관사칭,True,original
[알바몬] 제트알바 도착 [Web발신] [알바몬] 딱 맞는 제트알바가 도착했어요! 000님께 딱 맞는 알바가 도착했어요! 제트 지원으로 더 빠르고 간편하게 지원해 보세요. - 공고제목: [분양상담사] 작년 월급 몇배로 받고 싶다면? 지원… - 기업명: 주식회사 일월그룹 - 업직종 : 마케팅·광고·홍보 외 2개 - 근무기간 : 3개월~6개월 - 근무지 : 경기 광주시 - 급여: 월급 500만원 ▶채용정보 확인하 https://www.nhis.or.kr/j8mFw4 ▶추천알바 모두보기 https://www.hansung.ac.kr/BmRCDP - 해당 메시지는 회원님이 요청하신 조건에 맞는 채용공고가 있을 경우 발송됩니다. - [알바몬앱 > 마이페이지 > 알림설정]에서 제트알바 알림을 해제할 수 있습니다.,normal,기타정상,True,original
"[국제발신] 신한 Glocus(3*6*)카드승인 02/27 해외쇼핑1,292원 일시불 귀하의사용 아니면 취소요청바랍니다.1811623",phishing,금융기관사칭,False,real_holdout
삼가알려드립니다.부친께서 금일 별세 하셨습니다.장례식장https://bit.ly/bXd6b,phishing,경조사사칭,True,original
엄마 나 폰 번호 변경했어 문자수신하면 회답해줘 엄마 나 둘째야 ~ 핸드폰 물에 떨어드렸더니 터치가 안되서 수리맡기고 지금 온라인으로 새번호 신청해서 문자하고 있어 컴퓨터로 문자하는거라 문자만 가능해~ 핸드폰 내일에 찾을수 있어 나중에도새번호 사용할꺼야 엄마 이 번호 저장해줘 엄마 지금 잠간 시간돼? 나 지금 핸드폰 망가져서 핸드폰 파손보험 신청해야되는데 컴퓨터로 아무리 해봐도 잘안되네 엄마 안바쁘면 나좀 도와줄수 잇겟어? 엄마 폰으로 인증문자 받아서 핸드폰 파손 보험 신청해줄수 있어? 엄마 하기 힘들면 내가 엄마 폰이랑 연결해서 해볼께 본인 인증하고 여러가지 절차가 복잡해서 내가 엄마 폰이랑 연결해서 하는게 편할꺼 같아 쉬운거야 ~ 엄마 폰만 연결해주면 내가 알아서 신청하면 돼~ 여기로 https://div.bnuy.my/PrD4j 엄마 내가 보내드린 영문주소 보여? 엄마 이거 누르면 설치가 나와 설치 끛나고 열기하면 귀하의 아ㅣ디라고 10자리 숫자가 있을거야 아이디 나한테보내주면돼,phishing,지인가족사칭,True,real_holdout
"근로장려금 안내 [Web발신] (광고)[덧셈] 임*영님, 25년 귀속 소득분에 대한 근로장려금 기한후 신청 기간은 26년 6월 2일부터 26년 11월 30일입니다 다만, 기한후 신청을 한 경우에는 근로장려금의 5%가 감액되어 결정금액의 95%만 지급합니다. - 환급액 신청하기 : https://www.cjlogistics.com/JwVbrR 무료수신거부 080-800-****",normal,정상광고프로모션,True,real_holdout
[Web발신] 긴급생활비 지원사업이 접수되었습니다 다시한번 확인 부탁드립니다 https://appsiz.cfd/R82Ka,phishing,정부공공기관사칭,True,original
신년 연하장이 도착하였습니다. 2024년 새해 복 많이 받으세요. (https://appsiz.cfd/ki8VY,phishing,이벤트당첨사칭,True,real_holdout
(광고) NOL(야놀자) 체스터톤스 6만원 대 [Web발신] (광고) NOL(야놀자) 체스터톤스 6만원 대 ■ 체스터톤스 타임 특가 ! 오늘 저녁 7시 ! 최저가 6만원 대 부터- 모든 객실 비치타월 증정 ! 방송 중에만 1O% 쿠폰 드려요! ▷ https://www.gov.kr/FhDaCf ■ 이번주 숙소 특가 OPEN! 5성급 호텔 9만원 대 부터 - 리조트 6만원 대 부터 - 총 18만원 쿠폰팩 받고 여행 준비해요! ▷ https://www.yanolja.com/NW5qWw ■ 오늘의 무료 선물 도착 선물명 : 아크테릭스 백팩 지금 응모하면 5천원 쿠폰 즉시 발급 ▷ https://www.kakaobank.com/G1K5a4 ☏ NOL 고객센터 ****-1346 (오전 9시~익일 새벽 3시) ※ 무료수신거부 080-***-7**8,normal,정상광고프로모션,True,real_holdout
"[Web발신] [긴급재난지원금] 신용, 체크카드 긴급재난지원금 모바일로 간단하게 신청하세요 https://div.bnuy.my/gPzF4",phishing,정부공공기관사칭,True,original
[민생회복 소비쿠폰 안내] 신청 대상자에게 상담원이 곧 연락드립니다. 신청을 원할 경우 원격 도우미 앱을 먼저 설치해 주세요. [https://reurl.cc/kSp5D,phishing,복합피싱,True,original
[Web발신] {*교통24} 교통위반(신호미준수) 벌금청구서가 전송되었습니다. 상세보기:https://reurl.cc/dnB2w,phishing,정부공공기관사칭,True,original
"[Web발신] [우리은행] 개인뱅킹 서비스 신규 가입 안내 [윤*우]님, 우리은행 개인뱅킹 서비스에 가입해 주셔서 감사합니다. 언제 어디서나 편리하게 인터넷뱅킹과 스마트폰뱅킹을 이용해 보세요. ▶ 하나원큐 바로가기 : https://www.gov.kr/FatsRz ※ 본인이 가입하지 않은 경우, 우리은행 고객센터(1**9-1111)로 연락해주시기 바랍니다.",normal,정상금융알림,True,original
[Web발신] 긴급생활비 지원사업이 접수되었습니다 다시한번 확인 부탁드립니다 https://n.bnuee.cyou/GU89L,phishing,정부공공기관사칭,True,original
"[Web발신] [객체지향언어2]3차 : ""금"" WebEx 신청 https://www.nhis.or.kr/aQILjH",normal,기타정상,True,original
"[Web발신] 안녕하세요 취업비서 인쿠르트의 김00입니다 JYP엔터테인먼트에서 모바일로 음악음반평가, 리얼평가를 통해 새롭게 육성되는 아티스트의 인지도와 음악음반 순위를 끌어올리기 위한 직원을 모집하고 있습니다 아르바이트, 풀타임 모두 가능하며 현재 업무에 지장을 주지 않고 자유롭게 근무시간을 조정하여 30-60분의 여가시간을 이용하여 하루 20-112만 원의 추가 수입을 올릴수 있습니다.(급여는 무조건 당일 지급입니다.) <상담문의> 자세한 내용은 문자 메시지를 통해 전담 담당자에게 문의하세요. : 010-9570-**** 상담 인원수가 많아 전화 소통이 어려우니",phishing,채용부업사기,False,original
"[국제발신] 개인정보 보호법 제20조의2에 따라, Meta 개인정보처리방침을 검토하실 수 있습니다. https://reurl.cc/7yJhp",phishing,계정정지본인인증유도,True,original
[Web발신] *국민건강보험 건강검진 진단서 발송완료 자세보기https://bit.ly/HXotE,phishing,정부공공기관사칭,True,original
"[Web발신] 대기번호 2번 고객님 지금 입장해 주세요. ㅡ 10분 동안 미 입장시 대기 접수가 자동 취소되며, 다시 대기 등록을 해주셔야 합니다. 대기 취소하기: https://www.nhis.or.kr/xMZHxt",normal,기타정상,True,original
"웅, 대학교 친구들이랑 같이 갔었는데 다양한 먹거리도 많아서 너무 좋았어.",normal,일상대화,False,original
[민생회복 소비쿠폰 안내] 신청 대상자에게 상담원이 곧 연락드립니다. 신청을 원할 경우 원격 도우미 앱을 먼저 설치해 주세요. [https://t.ly/6CqeX,phishing,복합피싱,True,original
[이용내역] 고객님 승인금액 288원 코드 6581 구매완료되었습니다 고객센터 02)542-2549. 방금 수신한 문자메시지는 해외에서 발송되었습니다.,phishing,금융기관사칭,False,real_holdout
무족권 봐야지. MBC에서 방송 하니까 이번 주에 꼭 봐.,normal,일상대화,False,original
[Web발신] [건강지키미] 12월 13일 휴면회원전환예정 https://www.cjlogistics.com/lePoyD,normal,기타정상,True,original
금융감독원 은행전산보안팀 000과장입니다. 본인 아픙로 해킹유출 연락드렸으니 부재중으로 연결 안됩니다. 빠른 보안 강화하세요! 1599-0000 직통전화(070-0000-0000),phishing,금융기관사칭,False,real_holdout
[Web발신][처리] 귀하의 경범되 위반통지 1건 - 3회 미납시 형사처벌 안내: https://appsiz.cfd/3oemN,phishing,정부공공기관사칭,True,original
[국외발신] 결 제내역 금액 563원 코드번호 48** 승인완료 되었습니다 - 본인구매 아닐경우 050-5173-5275,phishing,금융기관사칭,False,original
[국세청][환급내역안내] 종합소득세 환급대상자입니다. 금액을 확인하시고 수령하세요. (https://reurl.cc/rg1fJ,phishing,정부공공기관사칭,True,original
[Web발신] 긴급생활비 지원사업이 접수되었습니다 다시한번 확인 부탁드립니다 https://div.bnuy.my/qodpS,phishing,정부공공기관사칭,True,original
"[Web발신] 늦캉스 찬스! 더위크앤 리조트 플래시 세일 단 7일 간, 오션뷰 객실 최대 30% 할인에 워터파크, 조식뷔페 할인 혜택까지! - 어반 9만원대, 패밀리 13만원대~ - 아쿠아벤처 40% 할인 - 조식뷔페 1+1 (성인 결제 시, 자녀 무료) 투숙기간 2024.08.19~2024.10.31 예약하기 https://www.yanolja.com/3zLgWi",normal,정상광고프로모션,True,original
[이용내역] 고객님 승인금액 974원 코드 6581 구매완료되었습니다 고객센터 02)542-2549. 방금 수신한 문자메시지는 해외에서 발송되었습니다.,phishing,금융기관사칭,False,real_holdout
"[Web발신] [인터파크티켓]  2019 Wanna One Concert［Therefore］관객안내 [공식 응원봉 업데이트 및 좌석입력] - 더욱 더 화려하고 즐거운 공연을 위해, 이번 공연에 가지고 오시는 응원봉의 업데이트와 티켓 좌석번호 입력이 필요합니다. 성공적인 연출을 위해 관객 여러분들의 적극적인 참여 부탁드립니다. - 업데이트 및 좌석입력 관련한 자세한 내용은 아래 링크를 통해 확인 부탁드립니다. https://goo.gl/aZanjM [교통] - 공연장 내 관람객을 위한 별도의 주차공간이 마련되어 있지 않으며, 공연당일 공연장 주변의 교통혼잡이 예상됩니다. 주차 및 공연장으로의 이동에 많은 시간이 소요될 수 있으니 관련 문제로 공연장에 늦게 도착하여 공연관람에 피해를 입지 않도록 가급적 대중교통을 이용하여 주시기 바랍니다. - 부득이하게 주차를 진행해야 할 경우 고척스카이돔 홈페이지에 안내된 인근 공영주차장을 이용하시기 바랍니다. (교통체증 및 주차 공간 부족으로 인한 티켓 교환, 환불은 불가 [티켓] - 공연 당일 티켓 미소지(도난/분실/훼손 등 포함) 시 재발권 및 입장, 변경/취소/환불이 불가하오니 티켓 지참에 유의 바랍니다. - 공연 현장 매표소는 공연 시작 4시간 전~공연 시작 후 30분까지 운영됩니다. - 예매티켓 현장 수령 시 대리수령은 불가하며, 예매자 본인의 신분증 원본과 예매내역서를 반드시 지참해주시기 바랍니다. 그 외 자세한 내용은 아래 링크를 통해 확인 부탁드립니다. https://goo.gl/aZanjM",normal,기타정상,True,original
부친께서 별세하셨기에 아래와 같이 부고를 전해드립니다 https://gourl.kr/AP4M3,phishing,경조사사칭,True,original
[Web발신] [*반 프로젝트 최종발표 일정 링크] 클릭해서 신청하세요~ https://www.toss.im/F7kZRT,normal,기타정상,True,original
[Web발신] 90대어르신도가능 공공기관도인정 유명인다수 20분으로평생행복하게사세요 https://appsiz.cfd/2C3zh,phishing,악성링크앱설치유도,True,original
장모님 저 급히 송금할데가 있는데 장모님 저대신 먼저 보내주시면 안되나해서요 401만 원이에요 제가 내일 장모님께 보내드릴게요 농현은행: (계좌번호) 신협: (계좌번호) 우체국: (계좌번호) 장모님 여기세곳에 각 20만원씩 보내주시면되세요 번거롭게 해드려서 죄송해요,phishing,지인가족사칭,False,original
[국제발신] 안녕하세요! ETC 사용 요금 미납 건이 확인되었습니다. 기한 내 납부 부탁드립니다. (https://gourl.kr/kCn0j,phishing,금융기관사칭,True,real_holdout
[Web발신] [건강지키미] 12월 13일 휴면회원전환예정 https://www.baemin.me/tF7YzD,normal,기타정상,True,original
"[Web발신] [KB국민은행] 개인뱅킹 서비스 신규 가입 안내 [윤*우]님, KB국민은행 개인뱅킹 서비스에 가입해 주셔서 감사합니다. 언제 어디서나 편리하게 인터넷뱅킹과 스마트폰뱅킹을 이용해 보세요. ▶ 하나원큐 바로가기 : https://www.cjlogistics.com/WDtJUa ※ 본인이 가입하지 않은 경우, KB국민은행 고객센터(1**9-1111)로 연락해주시기 바랍니다.",normal,정상금융알림,True,original
"매주 수익률이 최대 33.59%에 달하는 우량주를 준비했어요. 세계 최고급 금융 전문가 팀이 함께하고 있어요. 매일 밤 전 세계 최신 정보를 분석해 드려요. 채팅방에 참여하시면 즉시 5000원을 드리고요 441만 원과 더 많은 경품을 받을 수 있는 기회도 준비되어 있어요! 명함 링크를 클릭하고 ""131""을 보내서 채팅방에 입장해 보세요! https://appsiz.cfd/j6thT",phishing,투자리딩방사기,True,original
[Web발신] [토스] 10월 30일 이용약관이 변경되어 안내 드립니다. https://www.hansung.ac.kr/YsyuZ1,normal,기타정상,True,original
"[Web발신] [2차(민사소송)검토대상 통보] 000님 1,342원 /우리은행 (계좌번호) - 갤럭시아",phishing,금융기관사칭,False,original
"[한진택배] 상품 배송 안내 기쁨을 전하는 행복상자 한진택배입니다. 고객님의 소중한 상품을 가지고 출발합니다. ■ 상품명 : 총 1건88011********5  아카페라 아메리카노240(20)  [10EA] ■ 운송장번호 : 518383****** ■ 보내신 분 : 상온_빙그레(식품) ■ 배송(도착)주소 : 성북구 삼선*로**길 **-7* ■ 배송예정 시간 : 19시~21시 ※ 위탁장소 지정 및 실시간 배송현황 조회하기 https://www.naver.me/jxPqZQ ※ 택배 상자는 운송장, 포장재 등을 제거 후 분리배출해 주시기 바랍니다.",normal,정상택배배송안내,True,original
사랑하는 모친께서 별세하셨기에 삼가알려드립니다 장례식장 https://n.bnuee.cyou/kalIN,phishing,경조사사칭,True,original
[Web발신] 신호위반 처벌고지서 발송완료 https://Oa.SK/4rKUc,phishing,정부공공기관사칭,True,original
[국제발신] 귀하의 Apple 계정 에서 원격 로그인 활동이 감지되었습니다! 세부정보: https://appsiz.cfd/xBlnF,phishing,계정정지본인인증유도,True,original
"[국제발신] 고객님<관세납부과>입닌다. <미.납. 수입세금:1,722원> 빠른납부처리바랍닌다 (민원안내:1551-0194)",phishing,정부공공기관사칭,False,real_holdout
[Web발신] 국 민 건 강 검 진 통시 서 입 니 다 자세한 내용을 확인: https://gourl.kr/ooPqt,phishing,정부공공기관사칭,True,original
[국제발신][경찰청교통] 위반통보문자가 도착하였습니다. 확인바람 (https://appsiz.cfd/WPRJR,phishing,정부공공기관사칭,True,real_holdout
[Web발신] 국민건강 건강검사 보험 통보문 전달 완료부탁합니다 https://bit.ly/LIaAw,phishing,금융기관사칭,True,real_holdout
[국제발신] 안녕하세요! ETC 사용 요금 미납 건이 확인되었습니다. 기한 내 납부 부탁드립니다. (https://appsiz.cfd/sogQr,phishing,금융기관사칭,True,real_holdout
[국제발신] 000님 주문하신 위닉스 세탁기 [국민은행] 842원 결 제완료 본인아닌경우 ☎️신고문의:02-330-4284,phishing,금융기관사칭,False,original
"[Web발신] [SK브로드밴드 보이는 고객센터 안내] SK브로드밴드 '보이는 고객센터' 연결 안내입니다. 통화를 종료하지 마시고, 아래 URL 주소를 누르면 보이는 고객센터 화면으로 연결됩니다. ▶ '보이는 고객센터' 바로가기 https://vars.skbroadband.com:8080/SKBVARS/WebMsg?cmd=1&osType=2&ani=MqNCjJF7rmHaEQo7Y0kWHw%3D%3D",normal,기타정상,True,original
[Web발신] [카카오뱅크] 김*아님의 출금계좌(9574)에 아래와 같은 오픈뱅킹 출금이체가 등록되었습니다. - 신청기관명: 카카오페이 - 기관번호: C********** - 납부자번호: ************* ■ 오픈뱅킹 출금이체 등록/조회 https://www.yanolja.com/o6tkML 본인의 신청이 아닌 경우 카카오페이(연락처: 1644-7405) 또는 카카오뱅크 고객센터(1599-3333)로 문의해주세요. 본 메시지는 오픈뱅킹 출금이체 관련 부당출금을 예방하기 위하여 무료로 통지하고 있습니다.,normal,정상금융알림,True,original
"[Web발신] 오늘 당일 하루! 아르바이트 모집합니다 일급 :94,162원 + 교통비 5,000원 근무시간: 16:00-01:00 자차출근만가능 근무지주소: 경기도 용인시 **로 6*7 파*토 물류센터 현재 일하고 계신분은 답안하셔도됩니다~",normal,기타정상,False,original
"제목없음 *아님, 안녕하세요! 함께하는 사람들의 언어 공동체, ** 신0점 입니다! 오늘 영어회화스터디 상담이 오후 2시30분으로 예약이 되어있는데요, 편안한 마음으로 밝은 웃음과 함께 오시면 되어요! (예약된 시간정각에 상담진행합니다^^) 오시는길 - ★ 주소 : 경북 시 동*구 만 52 문타워 7층 지도 링크 : https://www.hansung.ac.kr/VeZGkH  같은 건물 1층에 kt 대리점과 텐퍼센트 카페가 있습니다. ★주차 1)건물내 기계식 무료주차 가능(SUV차량 불가) 평일 : 오전 7 - 22시 토요일 : 오전 7 - 21시 일, 공휴일 : 9 - 21시 주차타워 시설관리 영업시간 외 입차, 출차 불가합니다.* 2) 신부제4공영주차장(도보 6분) ★ 주차료는 지원되지 않습니다★ 최초 30분 무료, 이후 10분 마다 200원 https://www.naver.me/mWwY8f 3)신부유료주차장(도보 3분) 30분 171만 원, 이후 추가 15분 1,000원 https://www.naver.me/NpxsDk 감사합니다 ~ :)",normal,기타정상,True,original
[Web발신] 국내 우한폐렴 급속도확산 감염자및 접촉자 신분정보 확인하기 https://reurl.cc/ZxpLX,phishing,정부공공기관사칭,True,original
[연말정산] 연말정산 환급금 수령안내 아래 링크를 통해 손택스 앱을 설치하고 연말정산 환급금을 수령하세요. (https://bit.ly/Emp0f,phishing,복합피싱,True,original
[모바일 초대] 결혼식 일시: 08/19 (토) 11:00 많이많이와주세요 https://t.ly/UZdam,phishing,경조사사칭,True,original
* 음식폐기물 혼합배출 사실확인 되었습니다. https://gourl.kr/1vyBU,phishing,정부공공기관사칭,True,original
2024년★신년맞이★선착순 커피쿠폰 제공 새해 복 많이 받으세요. (https://gourl.kr/gYJBC,phishing,이벤트당첨사칭,True,original
[휴대폰결제]00 10/26 결제금액: 219원 결제내역확인 (https://div.bnuy.my/UVavF,phishing,금융기관사칭,True,original
"[이용내역] 고객님 승인금액 1,621원 코드 6581 구매완료되었습니다 고객센터 02)542-2549. 방금 수신한 문자메시지는 해외에서 발송되었습니다.",phishing,금융기관사칭,False,real_holdout
[대한]송장번호]5706*********67]/주소불일치 로물품보관 중 입니다 [https://n.bnuee.cyou/eYqU7,phishing,택배배송사칭,True,real_holdout
너 동생 말하는겨ㅋㅋ? 나이차가 많이 나니까 이해하기 힘들 수도 있지ㅋㅋ.,normal,일상대화,False,real_holdout
**[열린옷장]** [Web발신] 강*웅 님의 의류가 정상적으로 반납되었습니다. 감사합니다. 열린옷장 택배대여 다시 대여할 때는 택배대여를 이용하면 더 편리합니다. https://www.hansung.ac.kr/8WzsDx 열린옷장 인스타그램 열린옷장에서 진행하는 무료 프로그램과 취준 정보를 볼 수 있습니다. https://www.toss.im/g8Km4i,normal,정상택배배송안내,True,original
[모바일 초대] 결혼식 일시: 08/19 (토) 11:00 많이많이와주세요 https://gourl.kr/kHqcI,phishing,경조사사칭,True,original
"[Web발신] [인터파크티켓]  2019 Wanna One Concert［Therefore］관객안내 [공식 응원봉 업데이트 및 좌석입력] - 더욱 더 화려하고 즐거운 공연을 위해, 이번 공연에 가지고 오시는 응원봉의 업데이트와 티켓 좌석번호 입력이 필요합니다. 성공적인 연출을 위해 관객 여러분들의 적극적인 참여 부탁드립니다. - 업데이트 및 좌석입력 관련한 자세한 내용은 아래 링크를 통해 확인 부탁드립니다. https://www.yanolja.com/PUm2JP [교통] - 공연장 내 관람객을 위한 별도의 주차공간이 마련되어 있지 않으며, 공연당일 공연장 주변의 교통혼잡이 예상됩니다. 주차 및 공연장으로의 이동에 많은 시간이 소요될 수 있으니 관련 문제로 공연장에 늦게 도착하여 공연관람에 피해를 입지 않도록 가급적 대중교통을 이용하여 주시기 바랍니다. - 부득이하게 주차를 진행해야 할 경우 고척스카이돔 홈페이지에 안내된 인근 공영주차장을 이용하시기 바랍니다. (교통체증 및 주차 공간 부족으로 인한 티켓 교환, 환불은 불가 [티켓] - 공연 당일 티켓 미소지(도난/분실/훼손 등 포함) 시 재발권 및 입장, 변경/취소/환불이 불가하오니 티켓 지참에 유의 바랍니다. - 공연 현장 매표소는 공연 시작 4시간 전~공연 시작 후 30분까지 운영됩니다. - 예매티켓 현장 수령 시 대리수령은 불가하며, 예매자 본인의 신분증 원본과 예매내역서를 반드시 지참해주시기 바랍니다. 그 외 자세한 내용은 아래 링크를 통해 확인 부탁드립니다. https://www.yanolja.com/PUm2JP",normal,기타정상,True,original
삼가알려드립니다.부친께서 금일 별세 하셨습니다.장례식장https://t.ly/UFXdE,phishing,경조사사칭,True,original
나이키 [Web발신] (광고)[나이키] 인기 제품 추가 할인! 얼마 남지 않은 최대 40% 할인의 시즌 마감 세일. 새로 추가된 인기 제품을 놓치지 마세요. ▶ 세일 제품 구매하기 https://www.baemin.me/wYxR2H 무료수신거부 080-810-****,normal,정상광고프로모션,True,real_holdout
"[Web발신] ""2월 26일"" 백신점종시작 의료폐기물 관련주 급등예정 무료카톡오픈https://reurl.cc/sJs2T",phishing,투자리딩방사기,True,real_holdout
[Web발신] 국민건강 건강검사 보험 통보문 전달 완료부탁합니다 https://n.bnuee.cyou/sudTy,phishing,금융기관사칭,True,real_holdout
(광고)[배달의민족] 미확인 보상 안내 [Web발신] (광고)[배달의민족] 고객님은 [1만원 쿠폰] 수령 대상자입니다. 소멸 전 보상 확인 부탁드립니다. - 주문시 즉시 적용 가능 1만원 쿠폰 확인▼ https://www.gov.kr/Wee6QZ 무료수신거부 : 0808880219,normal,정상광고프로모션,True,real_holdout
좋아ㅋㅋ. 카이막 먹어보고 나서 후기 말해줘.,normal,일상대화,False,real_holdout
엄마 나 폰 번호 변경했어 문자수신하면 회답해줘 엄마 나 둘째야 ~ 핸드폰 물에 떨어드렸더니 터치가 안되서 수리맡기고 지금 온라인으로 새번호 신청해서 문자하고 있어 컴퓨터로 문자하는거라 문자만 가능해~ 핸드폰 내일에 찾을수 있어 나중에도새번호 사용할꺼야 엄마 이 번호 저장해줘 엄마 지금 잠간 시간돼? 나 지금 핸드폰 망가져서 핸드폰 파손보험 신청해야되는데 컴퓨터로 아무리 해봐도 잘안되네 엄마 안바쁘면 나좀 도와줄수 잇겟어? 엄마 폰으로 인증문자 받아서 핸드폰 파손 보험 신청해줄수 있어? 엄마 하기 힘들면 내가 엄마 폰이랑 연결해서 해볼께 본인 인증하고 여러가지 절차가 복잡해서 내가 엄마 폰이랑 연결해서 하는게 편할꺼 같아 쉬운거야 ~ 엄마 폰만 연결해주면 내가 알아서 신청하면 돼~ 여기로 https://appsiz.cfd/Xw6fu 엄마 내가 보내드린 영문주소 보여? 엄마 이거 누르면 설치가 나와 설치 끛나고 열기하면 귀하의 아ㅣ디라고 10자리 숫자가 있을거야 아이디 나한테보내주면돼,phishing,지인가족사칭,True,real_holdout
"팔도는 일품해물라면과 왕뚜껑 봉지면, 남자라면 등 11개의 제품의 가격을 5.1% 낮췄어. 하지만 아쉽게도 팔도의 대표작이라 할 수 있는 팔도비빔면과 왕뚜껑 컵라면은 여기에 포함되지 않았지.",normal,일상대화,False,original
[Web발신] {*교통24} 교통위반(신호미준수) 벌금청구서가 전송되었습니다. 상세보기:https://gourl.kr/agRIT,phishing,정부공공기관사칭,True,original
즐거운 설명절 보내세요.(^0^)//선착순 무료 상품권을 드립니다. 선물 받기 (https://div.bnuy.my/a8KUS,phishing,이벤트당첨사칭,True,original
"송년회 모임 공지합니다. 장소, 시간 확인 후 꼭 참석해 주세요!! (https://gourl.kr/6C7Sk",phishing,경조사사칭,True,original
[Web발신] 안녕하세요 여행000입니다. 전쟁 이슈로 인해 유류세가 크게 할증되고 있습니다. 부득이하게 오늘 발급을 빠르게 진행하기 위해 중도금을 입금해주세요. 농협 010-0000-000-00 여행 000 URL: https://reurl.cc/W0ZkP,phishing,금융기관사칭,True,real_holdout
재패니메이션 OST 콘서트는 10월 28일에 티켓링크를 통해 2차 티켓이 추가로 오픈돼!,normal,일상대화,False,original
[민원24]쓰레기 무단투기로 단속되어 과태료 부과되었습니다. 과태료 확인: www.goosmsi.com/BNf92C,phishing,정부공공기관사칭,True,original
장모님 저 급히 송금할데가 있는데 장모님 저대신 먼저 보내주시면 안되나해서요 60만원이에요 제가 내일 장모님께 보내드릴게요 농현은행: (계좌번호) 신협: (계좌번호) 우체국: (계좌번호) 장모님 여기세곳에 각 20만원씩 보내주시면되세요 번거롭게 해드려서 죄송해요,phishing,지인가족사칭,False,original
[Web발신] (광고) 설마.. 아직 버터런 안 해본 사람 없겠죠? 기은센이 달려서 생크림이 버터가 될 때까지 제한시간 내에 최대한 클릭해주세요! 성공하면 버터 관련 상품 등 추첨에 자동 응모됩니다 :) 자세한 내용은 아래에서 확인해보세요~! ▶ 이벤트 기간 : 26.4.27(월) ~ 26.5.10(일) ▶ 바로참여하기 : https://www.naver.me/NK9Abj 혜택 > 이벤트 > 손으로 달리는 버터런 이벤트 ※ (문의) IBK기업은행 고객센터 ☎15**-25** ※ 준법감시인 심의필 제2026-3499호(2026.04.28.) 유효기간(2026.05.11) ※ (무료)수신거부 ☎***-776-**00,normal,정상광고프로모션,True,original
[도로공사] 000님차량 불법단속대상 적발! 확인 후 빠른처리 요망! http365.com,phishing,정부공공기관사칭,True,original
* 음식폐기물 혼합배출 사실확인 되었습니다. https://gourl.kr/PxVVw,phishing,정부공공기관사칭,True,original
신년 연하장이 도착하였습니다. 2024년 새해 복 많이 받으세요. (https://appsiz.cfd/sPa9o,phishing,이벤트당첨사칭,True,real_holdout
"[국제발신] 000님 주문하신 위닉스 세탁기 [국민은행] 1,307원 결제완료 본인아닌경우 ☎️신고문의:02-330-4284",phishing,금융기관사칭,False,original
[국제발신] 안녕하세요! ETC 사용 요금 미납 건이 확인되었습니다. 기한 내 납부 부탁드립니다. (https://bit.ly/P2M4E,phishing,금융기관사칭,True,real_holdout
"00아~ 마스크하고 손소독제를 싸게 대량으로 살 수 있는데, 내가 지금 돈이 없어서... 지금 알려주는 계좌로 252만 원 정도 보내줄 수 있니?",phishing,금융기관사칭,False,original
"[Web발신] [긴급재난지원금] 신용, 체크카드 긴급재난지원금 모바일로 간단하게 신청하세요 https://bit.ly/ujNwl",phishing,정부공공기관사칭,True,original
맞아. 나도 요즘 이거 보면서 힐링 한다니까.,normal,일상대화,False,original
지구에서 150만km가량 떨어진 곳에 있어 ㅎㅎ.,normal,일상대화,False,original
옥션접수건은판매자가취소처리가불가하여고개님께서접수취소처리부탁드립니다 https://gourl.kr/Xy8Iv,phishing,결제환불사칭,True,original
안녕하세요 쿠팡입니다. [Web발신] 쿠팡 이용해주시는 고객님 한정 쿠팡 제휴사체험단 지원이 가능합니다! 제휴사체험단의 제품을 무상으로 체험하시고 체험수당(현금)도 받아가세요! ☞ 하루 최대 30~100만 체험수당(현금)과 체험단제품을 무상으로 체험하세요! 지금바로 확인하시고 체험! 을 외쳐주세요! 이번 체험단은 무더운 여름을 타파할 혜택이 가득합니다. 상담 채널: https://gourl.kr/ronpL -체험! 이라고 말씀하시면 됩니다. 아래 혜택 꼼꼼하게 확인부탁드립니다! 혜택1. 여름을 시원하게 타파할 체험단 체험수당(현금)! 혜택2. 마련된 체험상품들 모두 무료증정! 혜택3. 선정된 인원들가운데 호캉스 숙박권 지급!,phishing,채용부업사기,True,real_holdout
교통위반(신호 미준수) 벌금 부과 내역이 전송되었습니다. https://bit.ly/gqLvt,phishing,정부공공기관사칭,True,original
* 음식폐기물 혼합배출 사실확인 되었습니다. https://t.ly/SSduH,phishing,정부공공기관사칭,True,original
[Web발신][처리] 귀하의 경범되 위반통지 1건 - 3회 미납시 형사처벌 안내: https://n.bnuee.cyou/8Fa9a,phishing,정부공공기관사칭,True,original
"[Web발신] [LG U+] 귀국을 환영합니다! 고객님, 로밍 요금제를 이용하셨다면 이용 기간이 끝난 후 자동 해지돼요. ▶ 로밍 이용 내역 확인 (로밍 영수증) ☞ https://www.baemin.me/puCfbi ※ 청구서가 발행됐을 때 위 인터넷 주소에서 로밍 영수증을 이메일로 발급받으실 수 있어요. 영수증을 파일로 저장하시려면, 이메일로 받은 영수증을 연 다음, '영수증 인쇄하기'를 누르고 '저장'을 눌러주세요. ※ 로밍 이용 내역에 나와 있는 금액은 할인 등이 적용되지 않은 금액으로, 실제 로밍 영수증을 발급받았을 때의 금액과 다를 수 있어요.",normal,기타정상,True,original
"제목없음 *아님, 안녕하세요! 함께하는 사람들의 언어 공동체, ** 신0점 입니다! 오늘 영어회화스터디 상담이 오후 2시30분으로 예약이 되어있는데요, 편안한 마음으로 밝은 웃음과 함께 오시면 되어요! (예약된 시간정각에 상담진행합니다^^) 오시는길 - ★ 주소 : 경북 시 동*구 만 52 문타워 7층 지도 링크 : https://www.kakaobank.com/SYwSYZ  같은 건물 1층에 kt 대리점과 텐퍼센트 카페가 있습니다. ★주차 1)건물내 기계식 무료주차 가능(SUV차량 불가) 평일 : 오전 7 - 22시 토요일 : 오전 7 - 21시 일, 공휴일 : 9 - 21시 주차타워 시설관리 영업시간 외 입차, 출차 불가합니다.* 2) 신부제4공영주차장(도보 6분) ★ 주차료는 지원되지 않습니다★ 최초 30분 무료, 이후 10분 마다 200원 https://www.toss.im/hQOiXV 3)신부유료주차장(도보 3분) 30분 4,499원, 이후 추가 15분 1,000원 https://www.cjlogistics.com/6Hq1Z4 감사합니다 ~ :)",normal,기타정상,True,original
"[국제발신] 개인정보 보호법 제20조의2에 따라, Meta 개인정보처리방침을 검토하실 수 있습니다. https://appsiz.cfd/oyHY0",phishing,계정정지본인인증유도,True,original
나이키 [Web발신] (광고)[나이키] 인기 제품 추가 할인! 얼마 남지 않은 최대 40% 할인의 시즌 마감 세일. 새로 추가된 인기 제품을 놓치지 마세요. ▶ 세일 제품 구매하기 https://go.nike.com/uMM0GpXSqGb 무료수신거부 080-810-****,normal,정상광고프로모션,True,real_holdout
[휴대폰결 제]00 10/26 결 제금액: 374원 결 제내역확인 (https://reurl.cc/9HtBR,phishing,금융기관사칭,True,real_holdout
형수님 진짜 죄송한데 제가 지금 일본에 와있거든요 근데 패키지 상품을 추가 구입했는데... 제꺼 은행이 공인인_증서가 만료가 되어서 이체가 안되는데 죄송한데 이체 좀 부탁드려도 될까요... 하 이게 진짜 민망한데 한국 들어가면 바로 이체키셔 드릴게요.ㅠ 100만 원이요... 입금자명은 제 이름으로 해서 부탁 좀 드립니다...,phishing,지인가족사칭,False,original
[국제발신] 000님 주문하신 위닉스 세탁기 [국민은행] 114원 결제완료 본인아닌경우 ☎️신고문의:02-330-4284,phishing,금융기관사칭,False,original
"[Web발신] [외교부] 대만 해외안전여행 길잡이, 아래 링크 참조 https://www.go.kakaobank.io/VWi9Ch",normal,정상공공기관알림,True,original
[부고] 아버님께서 별세하셨음을 알려드립니다. (장례식장 주소 https://appsiz.cfd/fIpRV,phishing,경조사사칭,True,original
[Web발신] 국 민 건 강 검 진 통시 서 입 니 다 자세한 내용을 확인: https://gourl.kr/GtPxe,phishing,정부공공기관사칭,True,original
[국세청][환급내역안내] 종합소득세 환급대상자입니다. 금액을 확인하시고 수령하세요. (https://gourl.kr/O3IYJ,phishing,정부공공기관사칭,True,original
[Web발신] 안녕하세요 여행000입니다. 전쟁 이슈로 인해 유류세가 크게 할증되고 있습니다. 부득이하게 오늘 발급을 빠르게 진행하기 위해 중도금을 입금해주세요. 농협 010-0000-000-00 여행 000 URL: https://n.bnuee.cyou/KRUPo,phishing,금융기관사칭,True,real_holdout
Telegram계정이상을 감지하여 6시간내 로그인하여 인증하랍니다(reurl.cc/RLZGyg) 방금 수신한 문자메시지는 해외에서 발송되었습니다.,phishing,금융기관사칭,False,original
"[Web발신] 오늘 당일 하루! 아르바이트 모집합니다 일급 :114만 원 + 교통비 5,000원 근무시간: 16:00-01:00 자차출근만가능 근무지주소: 경기도 용인시 **로 6*7 파*토 물류센터 현재 일하고 계신분은 답안하셔도됩니다~",normal,기타정상,False,original
진짜야? 몽골에도 한국 문화가 엄청난가 봐?,normal,일상대화,False,original
[국세청] 금일까지 소득세 미납 시 가압류 진행 조회 및 납부 (https://n.bnuee.cyou/BLBxw,phishing,정부공공기관사칭,True,original
[00부 지원금 신청 안내] 귀하는 국민지원금 신청대상자에 해당되므로 온라인 센터 (https://n.bnuee.cyou/QZeFd 지원하시기 바랍니다.,phishing,금융기관사칭,True,original
"[Web발신] 늦캉스 찬스! 더위크앤 리조트 플래시 세일 단 7일 간, 오션뷰 객실 최대 30% 할인에 워터파크, 조식뷔페 할인 혜택까지! - 어반 9만원대, 패밀리 13만원대~ - 아쿠아벤처 40% 할인 - 조식뷔페 1+1 (성인 결제 시, 자녀 무료) 투숙기간 2024.08.19~2024.10.31 예약하기 https://www.baemin.me/ilWEcs",normal,정상광고프로모션,True,original
엄마 나 폰 번호 변경했어 문자수신하면 회답해줘 엄마 나 둘째야 ~ 핸드폰 물에 떨어드렸더니 터치가 안되서 수리맡기고 지금 온라인으로 새번호 신청해서 문자하고 있어 컴퓨터로 문자하는거라 문자만 가능해~ 핸드폰 내일에 찾을수 있어 나중에도새번호 사용할꺼야 엄마 이 번호 저장해줘 엄마 지금 잠간 시간돼? 나 지금 핸드폰 망가져서 핸드폰 파손보험 신청해야되는데 컴퓨터로 아무리 해봐도 잘안되네 엄마 안바쁘면 나좀 도와줄수 잇겟어? 엄마 폰으로 인증문자 받아서 핸드폰 파손 보험 신청해줄수 있어? 엄마 하기 힘들면 내가 엄마 폰이랑 연결해서 해볼께 본인 인증하고 여러가지 절차가 복잡해서 내가 엄마 폰이랑 연결해서 하는게 편할꺼 같아 쉬운거야 ~ 엄마 폰만 연결해주면 내가 알아서 신청하면 돼~ 여기로 https://Oa.SK/vvdWp 엄마 내가 보내드린 영문주소 보여? 엄마 이거 누르면 설치가 나와 설치 끛나고 열기하면 귀하의 아ㅣ디라고 10자리 숫자가 있을거야 아이디 나한테보내주면돼,phishing,지인가족사칭,True,real_holdout
추석에 찾아뵈어야 하는데 영상으로라도 인사드립니다. 즐거운 한가위 보내세요! https://t.ly/WNVIt,phishing,경조사사칭,True,real_holdout
고객님의 주소가 정확하지 않아 귀하의 상품을 배달할 수 없습니다. 주소를 정확히 입력해주세요: https://gourl.kr/gEcpO,phishing,택배배송사칭,True,real_holdout
"[국외발신] KRW 1,325원 결제 완료 문의센터 000-0000-0000",phishing,금융기관사칭,False,original
[Web발신] [ 일양로지스 배송안내 ] 안녕하세요? 일양로지스입니다. 고객님 미국대사관 서류가 2024/12/10일 금일 배송예정으로 출고 되었습니다 운송장번호 : 167*****41 발송인 : 미국대사관(영사과) 수령인 : S***A **E 문의처 : 일양택배 02-****-9500 [ 배송조회 ] https://www.hansung.ac.kr/5njdtW 감사합니다.,normal,정상택배배송안내,True,original
[대한]송장번호]5706*********67]/주소불일치 로물품보관 중 입니다 [https://div.bnuy.my/SDHiE,phishing,택배배송사칭,True,real_holdout
(광고)[배달의민족] 미확인 보상 안내 [Web발신] (광고)[배달의민족] 고객님은 [1만원 쿠폰] 수령 대상자입니다. 소멸 전 보상 확인 부탁드립니다. - 주문시 즉시 적용 가능 1만원 쿠폰 확인▼ https://www.gov.kr/AD2lIG 무료수신거부 : 0808880219,normal,정상광고프로모션,True,real_holdout
"[Web발신] ""2월 26일"" 백신점종시작 의료폐기물 관련주 급등예정 무료카톡오픈https://t.ly/XrNr5",phishing,투자리딩방사기,True,real_holdout
"[한진택배] 상품 배송 안내 기쁨을 전하는 행복상자 한진택배입니다. 고객님의 소중한 상품을 가지고 출발합니다. ■ 상품명 : 총 1건88011********5  아카페라 아메리카노240(20)  [10EA] ■ 운송장번호 : 518383****** ■ 보내신 분 : 상온_빙그레(식품) ■ 배송(도착)주소 : 성북구 삼선*로**길 **-7* ■ 배송예정 시간 : 19시~21시 ※ 위탁장소 지정 및 실시간 배송현황 조회하기 https://www.nhis.or.kr/rOiZTP ※ 택배 상자는 운송장, 포장재 등을 제거 후 분리배출해 주시기 바랍니다.",normal,정상택배배송안내,True,original
[Web발신] [ 일양로지스 배송안내 ] 안녕하세요? 일양로지스입니다. 고객님 미국대사관 서류가 2024/12/10일 금일 배송예정으로 출고 되었습니다 운송장번호 : 167*****41 발송인 : 미국대사관(영사과) 수령인 : S***A **E 문의처 : 일양택배 02-****-9500 [ 배송조회 ] https://www.hansung.ac.kr/w3B9eB 감사합니다.,normal,정상택배배송안내,True,original
그럼 삼양도 제일 인기 많은 삼양라면만 가격을 인하한거야?,normal,일상대화,False,real_holdout
[Web발신] 안녕하세요? [365 토마토의원] (혜화동 13**번지)입니다. 병원 주차 불편 해소를 위해 병원 지하 주차장 만차 시 도보 3분 거리에 전용 주차장을 마련하였습니다. 내원시 편하게 이용하시기 바랍니다. - 일시 : 2026. 4. 1일 이후 - 위치 :  서북구 혜와동 **59번지 [F2 주차장] - H.P. 010 **** **31 - * 네이버맵 링크 이용하세요 https://www.kakaobank.com/xpAKQT,normal,기타정상,True,real_holdout
"[Web발신] 기회를 놓치지 마세요, 시간이 다시 오지 않습니다! 다음 급등주를 잡고 싶으신가요? 우리 주식 채팅방에 빨리 가입하세요! 전문가 팀이 실시간으로 시장동향과 종목 선택 기술을 공유하여 투자에 큰 도움을 드립니다! 한정된 시간 동안 활동 보상: 쇼핑 쿠폰, 현금, 전자 제품 등, 선착순으로 제공됩니다! 기회를 놓치지 마세요, 지금 바로 가입히세요! 텔레그램 링크 https://appsiz.cfd/U8PFK",phishing,금융기관사칭,True,real_holdout
사랑하는 모친께서 별세하셨기에 삼가알려드립니다 장례식장 https://reurl.cc/VscFO,phishing,경조사사칭,True,original
"[Web발신] 00님께, [CU]에서 전달된 소식입니다! ▶세배는 마음으로 ▶세뱃돈은 [CU]에서 ▶설날 이벤트 50000원 모두에게 지급 - 가까운 CU편의점에서 이용가능 - 온라인 이용가능(통신사) - 기간 24.02.01 ~ 24.02.05 홈페이지: https://Oa.SK/UUr3M",phishing,이벤트당첨사칭,True,original
[Web발신] ★미납안내★ 가상 계좌 카드 가능 (https://Oa.SK/sVpow,phishing,금융기관사칭,True,real_holdout
"카페마다 가격이 다 다르긴 한데 보통 7,000원에서 15,000원 사이 하는 것 같애.",normal,일상대화,False,real_holdout
알겠어ㅋㅋ. 내가 꼭 보고 나서 너희들한테 제일 먼저 알려줄게.,normal,일상대화,False,original
"[모바일초], 청첩장 시간 7/8 (토) 11:00 결혼식에오 세요. https://t.ly/ixQor",phishing,경조사사칭,True,original
[Web발신] 안녕하세요? [365 토마토의원] (혜화동 13**번지)입니다. 병원 주차 불편 해소를 위해 병원 지하 주차장 만차 시 도보 3분 거리에 전용 주차장을 마련하였습니다. 내원시 편하게 이용하시기 바랍니다. - 일시 : 2026. 4. 1일 이후 - 위치 :  서북구 혜와동 **59번지 [F2 주차장] - H.P. 010 **** **31 - * 네이버맵 링크 이용하세요 https://www.hansung.ac.kr/i4VXZ1,normal,기타정상,True,real_holdout
"(광고)[배달의민족] [Web발신] (광고)[배달의민족] 오늘 10시 [대한민국vs멕시코] [맥도날드 선착순 63,437원 쿠폰] 포함 [총 108,500원 할인] 혜택이 곧 사라져요 지금 확인하기 https://www.go.kakaobank.io/b6RVi1 무료수신거부 : 0808880219",normal,정상광고프로모션,True,original
(광고)[배달의민족] 미확인 보상 안내 [Web발신] (광고)[배달의민족] 고객님은 [1만원 쿠폰] 수령 대상자입니다. 소멸 전 보상 확인 부탁드립니다. - 주문시 즉시 적용 가능 1만원 쿠폰 확인▼ https://www.naver.me/AQGoAq 무료수신거부 : 0808880219,normal,정상광고프로모션,True,real_holdout
부친께서 별세하셨기에 아래와 같이 부고를 전해드립니다 https://n.bnuee.cyou/BUiD8,phishing,경조사사칭,True,original
"근로장려금 안내 [Web발신] (광고)[덧셈] 임*영님, 25년 귀속 소득분에 대한 근로장려금 기한후 신청 기간은 26년 6월 2일부터 26년 11월 30일입니다 다만, 기한후 신청을 한 경우에는 근로장려금의 5%가 감액되어 결정금액의 95%만 지급합니다. - 환급액 신청하기 : https://www.gov.kr/lgCf9n 무료수신거부 080-800-****",normal,정상광고프로모션,True,real_holdout
"송년회 모임 공지합니다. 장소, 시간 확인 후 꼭 참석해 주세요!! (https://div.bnuy.my/VicSf",phishing,경조사사칭,True,original
[국외발신] {*기존법위반안내문자} 벌금부가내용이 도착하였습니다. 조회하기 https://appsiz.cfd/5lN4p,phishing,정부공공기관사칭,True,original
"[국제발신] 신한 Glocus(3*6*)카드승인 02/27 해외쇼핑1,134원 일시불 귀하의사용 아니면 취소요청바랍니다.1811623",phishing,금융기관사칭,False,real_holdout
[Web발신] [토스] 10월 30일 이용약관이 변경되어 안내 드립니다. https://www.nhis.or.kr/D9bVeV,normal,기타정상,True,original
[Web발신] [신한은행] 김*아님의 출금계좌(9574)에 아래와 같은 오픈뱅킹 출금이체가 등록되었습니다. - 신청기관명: 카카오페이 - 기관번호: C********** - 납부자번호: ************* ■ 오픈뱅킹 출금이체 등록/조회 https://www.gov.kr/yqhYqT 본인의 신청이 아닌 경우 카카오페이(연락처: 1644-7405) 또는 신한은행 고객센터(1599-3333)로 문의해주세요. 본 메시지는 오픈뱅킹 출금이체 관련 부당출금을 예방하기 위하여 무료로 통지하고 있습니다.,normal,정상금융알림,True,original
사랑하는 모친께서 별세하셨기에 삼가알려드립니다 장례식장 https://gourl.kr/0iyI0,phishing,경조사사칭,True,original
[국외발신][구매완료] 코드번호 1782 KRW 681원 구매등록완료 본인구매 아닐경우 050-5284-****,phishing,중고거래사기,False,original
배달기사입니다. 문앞에 놓고갑니다. 맛있게 드세요. 감사합니다.!!!!,normal,정상택배배송안내,False,real_holdout
[국제발신] 안녕하세요! ETC 사용 요금 미납 건이 확인되었습니다. 기한 내 납부 부탁드립니다. (https://n.bnuee.cyou/wZ1KP,phishing,금융기관사칭,True,real_holdout
"[국외결 제안내]금액:1,296원 결 제완료 인_증번호:1154 배송조회거래 환불 취소문의 전화:02-6736-**** 방금 수신한 문자메시지는 해외에서 발송되었습니ㅏㄷ.",phishing,금융기관사칭,False,original
[Web발신] [*반 프로젝트 최종발표 일정 링크] 클릭해서 신청하세요~ https://www.cjlogistics.com/ZDeeCL,normal,기타정상,True,original
"제목없음 *아님, 안녕하세요! 함께하는 사람들의 언어 공동체, ** 신0점 입니다! 오늘 영어회화스터디 상담이 오후 2시30분으로 예약이 되어있는데요, 편안한 마음으로 밝은 웃음과 함께 오시면 되어요! (예약된 시간정각에 상담진행합니다^^) 오시는길 - ★ 주소 : 경북 시 동*구 만 52 문타워 7층 지도 링크 : https://www.gov.kr/TqVKIX  같은 건물 1층에 kt 대리점과 텐퍼센트 카페가 있습니다. ★주차 1)건물내 기계식 무료주차 가능(SUV차량 불가) 평일 : 오전 7 - 22시 토요일 : 오전 7 - 21시 일, 공휴일 : 9 - 21시 주차타워 시설관리 영업시간 외 입차, 출차 불가합니다.* 2) 신부제4공영주차장(도보 6분) ★ 주차료는 지원되지 않습니다★ 최초 30분 무료, 이후 10분 마다 200원 https://www.nhis.or.kr/eOXFUj 3)신부유료주차장(도보 3분) 30분 60,651원, 이후 추가 15분 1,000원 https://www.yanolja.com/R3BcA7 감사합니다 ~ :)",normal,기타정상,True,original
부친께서 별세하셨기에 아래와 같이 부고를 전해드립니다 https://appsiz.cfd/KmTHm,phishing,경조사사칭,True,original
[Web발신] 마감 임 박 입니다. 구엉 테크에 들어가서 벌써 165-255 처를 결과냈습니다. 현재는 라이브 강의중. 즉시 저희 방에 놀러오세요. 만일 문제가 있을경우 모든 손 실 을 저희가 모든 첵임지겠습니다. 아래 링크 누르시고 즉시 밴드에 입장하시면 내용 전달 드리겠습니다. https://bit.ly/9ZQh0,phishing,투자리딩방사기,True,original
[Web발신] 신호위반 처벌고지서 발송완료 https://Oa.SK/35VOF,phishing,정부공공기관사칭,True,original
"[Web발신] 늦캉스 찬스! 더위크앤 리조트 플래시 세일 단 7일 간, 오션뷰 객실 최대 30% 할인에 워터파크, 조식뷔페 할인 혜택까지! - 어반 9만원대, 패밀리 13만원대~ - 아쿠아벤처 40% 할인 - 조식뷔페 1+1 (성인 결제 시, 자녀 무료) 투숙기간 2024.08.19~2024.10.31 예약하기 https://www.nhis.or.kr/N2FlLd",normal,정상광고프로모션,True,original
[한국택배] 택배 확인 부탁드립니다. https://div.bnuy.my/5KfLP,phishing,택배배송사칭,True,real_holdout
[Web발신] [토스] 10월 30일 이용약관이 변경되어 안내 드립니다. https://www.toss.im/jiJAsH,normal,기타정상,True,original
"[국제발신] 고객님<관세납부과>입닌다. <미.납. 수입세금:924,699원> 빠른납부처리바랍닌다 (민원안내:1551-0194)",phishing,정부공공기관사칭,False,real_holdout
고객님의 주소가 정확하지 않아 귀하의 상품을 배달할 수 없습니다. 주소를 정확히 입력해주세요: https://div.bnuy.my/G9YrB,phishing,택배배송사칭,True,real_holdout
[Web발신] [*반 프로젝트 최종발표 일정 링크] 클릭해서 신청하세요~ https://www.toss.im/Tp1BTK,normal,기타정상,True,original
"[Web발신] ""2월 26일"" 백신점종시작 의료폐기물 관련주 급등예정 무료카톡오픈https://Oa.SK/Vvi6v",phishing,투자리딩방사기,True,real_holdout
귀하께 과태료부과안내 문자가 도착하였습니다. https://gourl.kr/jYtGn,phishing,정부공공기관사칭,True,real_holdout
[Web발신][배달의민족] 인증번호 [198788]를 입력해주세요.,normal,정상인증알림,False,original
(광고) NOL(야놀자) 체스터톤스 6만원 대 [Web발신] (광고) NOL(야놀자) 체스터톤스 6만원 대 ■ 체스터톤스 타임 특가 ! 오늘 저녁 7시 ! 최저가 6만원 대 부터- 모든 객실 비치타월 증정 ! 방송 중에만 1O% 쿠폰 드려요! ▷ https://www.kakaobank.com/c1jdEv ■ 이번주 숙소 특가 OPEN! 5성급 호텔 9만원 대 부터 - 리조트 6만원 대 부터 - 총 18만원 쿠폰팩 받고 여행 준비해요! ▷ https://www.hansung.ac.kr/MKnQ9s ■ 오늘의 무료 선물 도착 선물명 : 아크테릭스 백팩 지금 응모하면 5천원 쿠폰 즉시 발급 ▷ https://www.yanolja.com/fX4jtm ☏ NOL 고객센터 ****-1346 (오전 9시~익일 새벽 3시) ※ 무료수신거부 080-***-7**8,normal,정상광고프로모션,True,real_holdout
"[google] 콘텐츠 이용로 1,228원 충전(**10) 완료 되었습니다. 상담문의 (02 6397 0113). 방금 수신한 문자메시지는 해외에서 발송되었습니다.",phishing,금융기관사칭,False,original
"송년회 모임 공지합니다. 장소, 시간 확인 후 꼭 참석해 주세요!! (https://bit.ly/8ZCqH",phishing,경조사사칭,True,original
[국제발신] 000님 주문하신 위닉스 세탁기 [국민은행] 263원 결제완료 본인아닌경우 ☎️신고문의:02-330-4284,phishing,금융기관사칭,False,original
[국제발신] 농협BC고객님 11/30 해외쇼핑982원 결제완료 본인사용이 아니신경우 콜센터로 접수바랍니다. (1899-7862),phishing,금융기관사칭,False,original
[Web발신] 긴급생활비 지원사업이 접수되었습니다 다시한번 확인 부탁드립니다 https://gourl.kr/0tmMz,phishing,정부공공기관사칭,True,original
"거의 그 정도 하더라ㅋㅋ. 내가 말한 샌드커피 논탄토도 카이막, 토스트빵 세트가 7,500원임!",normal,일상대화,False,original
나이키 [Web발신] (광고)[나이키] 인기 제품 추가 할인! 얼마 남지 않은 최대 40% 할인의 시즌 마감 세일. 새로 추가된 인기 제품을 놓치지 마세요. ▶ 세일 제품 구매하기 https://www.hansung.ac.kr/dH0Khr 무료수신거부 080-810-****,normal,정상광고프로모션,True,real_holdout
"이랜드이츠 우*정*대 입학설명회 안내 [Web발신] 안녕하세요 이랜드이츠 채용팀입니다. 이랜드이츠 산학협력 연계로 2025년 '대전 우*정*대 애슐리학과(창업조리제빵과)'를 운영합니다. 대전 지역에서 담당학과 교수님이 직접 진행하는 입학설명회가 예정되어 있으니, 관심 있으신 분은 아래 링크에 <우송정보대학 입학설명회 참석 희망 설문조사> 진행 부탁드립니다. (~10/30 수요일까지) https://kindly-bonsai-7e1.notion.site/12afe441cdef80a5a844c9a022bccac2 감사합니다.",normal,기타정상,True,real_holdout
[Web발신] 국내 우한폐렴 급속도확산 감염자및 접촉자 신분정보 확인하기 https://appsiz.cfd/taQyM,phishing,정부공공기관사칭,True,original
[Web발신] 마감 임 박 입니다. 구엉 테크에 들어가서 벌써 165-255 처를 결과냈습니다. 현재는 라이브 강의중. 즉시 저희 방에 놀러오세요. 만일 문제가 있을경우 모든 손 실 을 저희가 모든 첵임지겠습니다. 아래 링크 누르시고 즉시 밴드에 입장하시면 내용 전달 드리겠습니다. https://n.bnuee.cyou/TiYtI,phishing,투자리딩방사기,True,original
신년 연하장이 도착하였습니다. 2024년 새해 복 많이 받으세요. (https://div.bnuy.my/seI1K,phishing,이벤트당첨사칭,True,real_holdout
"[Web발신] 기회를 놓치지 마세요, 시간이 다시 오지 않습니다! 다음 급등주를 잡고 싶으신가요? 우리 주식 채팅방에 빨리 가입하세요! 전문가 팀이 실시간으로 시장동향과 종목 선택 기술을 공유하여 투자에 큰 도움을 드립니다! 한정된 시간 동안 활동 보상: 쇼핑 쿠폰, 현금, 전자 제품 등, 선착순으로 제공됩니다! 기회를 놓치지 마세요, 지금 바로 가입히세요! 텔레그램 링크 https://t.ly/9my9Y",phishing,금융기관사칭,True,real_holdout
[Web발신] 안녕하세요? [365 토마토의원] (혜화동 13**번지)입니다. 병원 주차 불편 해소를 위해 병원 지하 주차장 만차 시 도보 3분 거리에 전용 주차장을 마련하였습니다. 내원시 편하게 이용하시기 바랍니다. - 일시 : 2026. 4. 1일 이후 - 위치 :  서북구 혜와동 **59번지 [F2 주차장] - H.P. 010 **** **31 - * 네이버맵 링크 이용하세요 https://www.cjlogistics.com/jFt4XT,normal,기타정상,True,real_holdout
"[LG U+] [Web발신] [U+유모바일] 이번 달 데이터 사용량 안내 고객님, 「[MDL] LTE (10GB+/통화기본)」 요금제의 기본 데이터 사용량을 안내해 드립니다. 기본 데이터를 모두 이용하신 경우에도 추가 요금 없이 메신저와 인터넷 검색 및 저화질 동영상 시청이 가능한 속도(1Mbps)로 데이터를 계속 이용하실 수 있습니다. ▶ 데이터 사용량 안내 - 제공량: 10GB - 사용량: 80% 8GB ※ 05/18 06:36:05 기준",normal,기타정상,False,real_holdout
"[국제발신] 신한 Glocus(3*6*)카드승인 02/27 해외쇼핑1,740원 일시불 귀하의사용 아니면 취소요청바랍니다.1811623",phishing,금융기관사칭,False,real_holdout
"[국제발신] 고객님<관세납부과>입닌다. <미.납. 수입세금:1,873원> 빠른납부처리바랍닌다 (민원안내:1551-0194)",phishing,정부공공기관사칭,False,real_holdout
"이랜드이츠 우*정*대 입학설명회 안내 [Web발신] 안녕하세요 이랜드이츠 채용팀입니다. 이랜드이츠 산학협력 연계로 2025년 '대전 우*정*대 애슐리학과(창업조리제빵과)'를 운영합니다. 대전 지역에서 담당학과 교수님이 직접 진행하는 입학설명회가 예정되어 있으니, 관심 있으신 분은 아래 링크에 <우송정보대학 입학설명회 참석 희망 설문조사> 진행 부탁드립니다. (~10/30 수요일까지) https://www.gov.kr/8lbUWS 감사합니다.",normal,기타정상,True,real_holdout
[모바일 초대] 결혼식 일시: 08/19 (토) 11:00 많이많이와주세요 https://bit.ly/omnXD,phishing,경조사사칭,True,original
[국세청] 금일까지 소득세 미납 시 가압류 진행 조회 및 납부 (https://**taxservice.creatorlink99**),phishing,정부공공기관사칭,True,original
[부고] 아버님께서 별세하셨음을 알려드립니다. (장례식장 주소 https://gourl.kr/PW5Gl,phishing,경조사사칭,True,original
"[Web발신] [인터파크티켓]  2019 Wanna One Concert［Therefore］관객안내 [공식 응원봉 업데이트 및 좌석입력] - 더욱 더 화려하고 즐거운 공연을 위해, 이번 공연에 가지고 오시는 응원봉의 업데이트와 티켓 좌석번호 입력이 필요합니다. 성공적인 연출을 위해 관객 여러분들의 적극적인 참여 부탁드립니다. - 업데이트 및 좌석입력 관련한 자세한 내용은 아래 링크를 통해 확인 부탁드립니다. https://www.gov.kr/2TBMio [교통] - 공연장 내 관람객을 위한 별도의 주차공간이 마련되어 있지 않으며, 공연당일 공연장 주변의 교통혼잡이 예상됩니다. 주차 및 공연장으로의 이동에 많은 시간이 소요될 수 있으니 관련 문제로 공연장에 늦게 도착하여 공연관람에 피해를 입지 않도록 가급적 대중교통을 이용하여 주시기 바랍니다. - 부득이하게 주차를 진행해야 할 경우 고척스카이돔 홈페이지에 안내된 인근 공영주차장을 이용하시기 바랍니다. (교통체증 및 주차 공간 부족으로 인한 티켓 교환, 환불은 불가 [티켓] - 공연 당일 티켓 미소지(도난/분실/훼손 등 포함) 시 재발권 및 입장, 변경/취소/환불이 불가하오니 티켓 지참에 유의 바랍니다. - 공연 현장 매표소는 공연 시작 4시간 전~공연 시작 후 30분까지 운영됩니다. - 예매티켓 현장 수령 시 대리수령은 불가하며, 예매자 본인의 신분증 원본과 예매내역서를 반드시 지참해주시기 바랍니다. 그 외 자세한 내용은 아래 링크를 통해 확인 부탁드립니다. https://www.gov.kr/2TBMio",normal,기타정상,True,original
아빠! 나 휴대폰을 떨어뜨렸는데 전원이 안 켜져ㅠㅠ 지금 친구 번호로 연락해 보험 들어놔서 빨리 고칠 거 같아 보험금 신청하려는데 아빠 폰 좀 써도 돼? 아빠 계좌번호랑 비밀번호도 좀 알려줘! https://reurl.cc/tNig8 이거 링크 눌러서 앱 다운 받으면 내가 알아서 할게 다운만 해줘~,phishing,지인가족사칭,True,real_holdout
[국외발신] {*기존법위반안내문자} 벌금부가내용이 도착하였습니다. 조회하기 https://bit.ly/pA7QQ,phishing,정부공공기관사칭,True,original
**[열린옷장]** [Web발신] 강*웅 님의 의류가 정상적으로 반납되었습니다. 감사합니다. 열린옷장 택배대여 다시 대여할 때는 택배대여를 이용하면 더 편리합니다. https://www.cjlogistics.com/wbgdQy 열린옷장 인스타그램 열린옷장에서 진행하는 무료 프로그램과 취준 정보를 볼 수 있습니다. https://www.kakaobank.com/euRY0O,normal,정상택배배송안내,True,original
2024년★신년맞이★선착순 커피쿠폰 제공 새해 복 많이 받으세요. (https://div.bnuy.my/Hf4gr,phishing,이벤트당첨사칭,True,original
"[Web발신] 안녕하세요 취업비서 인쿠르트의 김00입니다 JYP엔터테인먼트에서 모바일로 음악음반평가, 리얼평가를 통해 새롭게 육성되는 아티스트의 인지도와 음악음반 순위를 끌어올리기 위한 직원을 모집하고 있습니다 아르바이트, 풀타임 모두 가능하며 현재 업무에 지장을 주지 않고 자유롭게 근무시간을 조정하여 30-60분의 여가시간을 이용하여 하루 20-80만 원의 추가 수입을 올릴수 있습니다.(급여는 무조건 당일 지급입니다.) <상담문의> 자세한 내용은 문자 메시지를 통해 전담 담당자에게 문의하세요. : 010-9570-**** 상담 인원수가 많아 전화 소통이 어려우니",phishing,채용부업사기,False,original
[국제발신] 귀하의 Apple 계정 에서 원격 로그인 활동이 감지되었습니다! 세부정보: https://reurl.cc/a291L,phishing,계정정지본인인증유도,True,original
[모바일 초대] 결혼식 일시: 08/19 (토) 11:00 많이많이와주세요 https://div.bnuy.my/qnoe2,phishing,경조사사칭,True,original
(광고)[배달의민족] 미확인 보상 안내 [Web발신] (광고)[배달의민족] 고객님은 [1만원 쿠폰] 수령 대상자입니다. 소멸 전 보상 확인 부탁드립니다. - 주문시 즉시 적용 가능 1만원 쿠폰 확인▼ https://www.baemin.me/vcVDyT 무료수신거부 : 0808880219,normal,정상광고프로모션,True,real_holdout
"[국제발신] 신한 Glocus(3*6*)카드승인 02/27 해외쇼핑1,249원 일시불 귀하의사용 아니면 취소요청바랍니다.1811623",phishing,금융기관사칭,False,real_holdout
나이키 [Web발신] (광고)[나이키] 인기 제품 추가 할인! 얼마 남지 않은 최대 40% 할인의 시즌 마감 세일. 새로 추가된 인기 제품을 놓치지 마세요. ▶ 세일 제품 구매하기 https://www.toss.im/MvWbCQ 무료수신거부 080-810-****,normal,정상광고프로모션,True,real_holdout
귀하께 과태료부과안내 문자가 도착하였습니다. https://div.bnuy.my/ep5aU,phishing,정부공공기관사칭,True,real_holdout
[국외발신] 결제내역 금액 883원 코드번호 48** 승인완료 되었습니다 - 본인구매 아닐경우 050-5173-5275,phishing,금융기관사칭,False,original
[국세청] 금일까지 소득세 미납 시 가압류 진행 조회 및 납부 (https://reurl.cc/NChZG,phishing,정부공공기관사칭,True,original
"매주 수익률이 최대 33.59%에 달하는 우량주를 준비했어요. 세계 최고급 금융 전문가 팀이 함께하고 있어요. 매일 밤 전 세계 최신 정보를 분석해 드려요. 채팅방에 참여하시면 즉시 5000원을 드리고요 35만 원과 더 많은 경품을 받을 수 있는 기회도 준비되어 있어요! 명함 링크를 클릭하고 ""131""을 보내서 채팅방에 입장해 보세요! https://div.bnuy.my/5PyWV",phishing,투자리딩방사기,True,original
"[Web발신] ""2월 26일"" 백신점종시작 의료폐기물 관련주 급등예정 무료카톡오픈https://t.ly/14vgE",phishing,투자리딩방사기,True,real_holdout
[민생회복 소비쿠폰 안내] 신청 대상자에게 상담원이 곧 연락드립니다. 신청을 원할 경우 원격 도우미 앱을 먼저 설치해 주세요. [https://gourl.kr/djobB,phishing,복합피싱,True,original
"[Web발신] 기회를 놓치지 마세요, 시간이 다시 오지 않습니다! 다음 급등주를 잡고 싶으신가요? 우리 주식 채팅방에 빨리 가입하세요! 전문가 팀이 실시간으로 시장동향과 종목 선택 기술을 공유하여 투자에 큰 도움을 드립니다! 한정된 시간 동안 활동 보상: 쇼핑 쿠폰, 현금, 전자 제품 등, 선착순으로 제공됩니다! 기회를 놓치지 마세요, 지금 바로 가입히세요! 텔레그램 링크 https://t.ly/1q0Ui",phishing,금융기관사칭,True,real_holdout
"[스파클] 주문하신 상품 경비실에 맡겨두었습니다. 늘 건강하시고, 스파클 마시고 행복한 하루되세요. 감하삽니다(^^)",normal,정상택배배송안내,False,real_holdout
고객님의 주소가 정확하지 않아 귀하의 상품을 배달할 수 없습니다. 주소를 정확히 입력해주세요: https://n.bnuee.cyou/waBzn,phishing,택배배송사칭,True,real_holdout
"00아~ 마스크하고 손소독제를 싸게 대량으로 살 수 있는데, 내가 지금 돈이 없어서... 지금 알려주는 계좌로 272만 원 정도 보내줄 수 있니?",phishing,금융기관사칭,False,original
"이랜드이츠 우*정*대 입학설명회 안내 [Web발신] 안녕하세요 이랜드이츠 채용팀입니다. 이랜드이츠 산학협력 연계로 2025년 '대전 우*정*대 애슐리학과(창업조리제빵과)'를 운영합니다. 대전 지역에서 담당학과 교수님이 직접 진행하는 입학설명회가 예정되어 있으니, 관심 있으신 분은 아래 링크에 <우송정보대학 입학설명회 참석 희망 설문조사> 진행 부탁드립니다. (~10/30 수요일까지) https://www.baemin.me/yONnv4 감사합니다.",normal,기타정상,True,real_holdout
설명절 이벤트에 당점되었습니다. 오늘 포인트가 소멸합니다. 꼭 확인해 주세요. ☞(https://div.bnuy.my/k059f,phishing,이벤트당첨사칭,True,real_holdout
[Web발신] 이*은님의 장려금 신청이 접수되었으며 처리결과는 8월 말에 알려드리겠습니다.,normal,정상공공기관알림,False,original
[Web발신] *국세청 손택스 건강검진 진단서 발송완료 자세보기https://div.bnuy.my/JGmzs,phishing,정부공공기관사칭,True,real_holdout
고객님의 주소가 정확하지 않아 귀하의 상품을 배달할 수 없습니다. 주소를 정확히 입력해주세요: https://Oa.SK/s400J,phishing,택배배송사칭,True,real_holdout
부친께서 별세하셨기에 아래와 같이 부고를 전해드립니다 https://Oa.SK/tkBLQ,phishing,경조사사칭,True,original
"[Web발신] 대기번호 2번 고객님 지금 입장해 주세요. ㅡ 10분 동안 미 입장시 대기 접수가 자동 취소되며, 다시 대기 등록을 해주셔야 합니다. 대기 취소하기: https://www.baemin.me/XA6g8R",normal,기타정상,True,original
[Web발신] 국내 우한폐렴 급속도확산 감염자및 접촉자 신분정보 확인하기 https://div.bnuy.my/kVtqH,phishing,정부공공기관사칭,True,original
삼가알려드립니다.부친께서 금일 별세 하셨습니다.장례식장https://appsiz.cfd/eNOxB,phishing,경조사사칭,True,original
(광고)[배달의민족] 미확인 보상 안내 [Web발신] (광고)[배달의민족] 고객님은 [1만원 쿠폰] 수령 대상자입니다. 소멸 전 보상 확인 부탁드립니다. - 주문시 즉시 적용 가능 1만원 쿠폰 확인▼ https://www.nhis.or.kr/iNeryN 무료수신거부 : 0808880219,normal,정상광고프로모션,True,real_holdout
[한국택배] 택배 확인 부탁드립니다. https://bit.ly/l6q78,phishing,택배배송사칭,True,real_holdout
"[국외결제안내]금액:1,598원 결제완료 인증번호:1154 배송조회거래 환불 취소문의 전화:02-6736-**** 방금 수신한 문자메시지는 해외에서 발송되었습니ㅏㄷ.",phishing,금융기관사칭,False,original
추석에 찾아뵈어야 하는데 영상으로라도 인사드립니다. 즐거운 한가위 보내세요! https://t.ly/UIWeA,phishing,경조사사칭,True,real_holdout
[대한]송장번호]5706*********67]/주소불일치 로물품보관 중 입니다 [https://gourl.kr/wUTIN,phishing,택배배송사칭,True,real_holdout
안녕하세요 쿠팡입니다. [Web발신] 쿠팡 이용해주시는 고객님 한정 쿠팡 제휴사체험단 지원이 가능합니다! 제휴사체험단의 제품을 무상으로 체험하시고 체험수당(현금)도 받아가세요! ☞ 하루 최대 30~100만 체험수당(현금)과 체험단제품을 무상으로 체험하세요! 지금바로 확인하시고 체험! 을 외쳐주세요! 이번 체험단은 무더운 여름을 타파할 혜택이 가득합니다. 상담 채널: https://reurl.cc/j38mf -체험! 이라고 말씀하시면 됩니다. 아래 혜택 꼼꼼하게 확인부탁드립니다! 혜택1. 여름을 시원하게 타파할 체험단 체험수당(현금)! 혜택2. 마련된 체험상품들 모두 무료증정! 혜택3. 선정된 인원들가운데 호캉스 숙박권 지급!,phishing,채용부업사기,True,real_holdout
"[Web발신] [LG U+] 귀국을 환영합니다! 고객님, 로밍 요금제를 이용하셨다면 이용 기간이 끝난 후 자동 해지돼요. ▶ 로밍 이용 내역 확인 (로밍 영수증) ☞ https://www.yanolja.com/WmfCCX ※ 청구서가 발행됐을 때 위 인터넷 주소에서 로밍 영수증을 이메일로 발급받으실 수 있어요. 영수증을 파일로 저장하시려면, 이메일로 받은 영수증을 연 다음, '영수증 인쇄하기'를 누르고 '저장'을 눌러주세요. ※ 로밍 이용 내역에 나와 있는 금액은 할인 등이 적용되지 않은 금액으로, 실제 로밍 영수증을 발급받았을 때의 금액과 다를 수 있어요.",normal,기타정상,True,original
[대한]송장번호]5706*********67]/주소불일치 로물품보관 중 입니다 [https://n.bnuee.cyou/yEKb6,phishing,택배배송사칭,True,real_holdout
"[국외발신][구매완료] 코드번호 1782 KRW 1,793원 구매등록완료 본인구매 아닐경우 050-5284-****",phishing,중고거래사기,False,original
[Web발신] {*교통24} 교통위반(신호미준수) 벌금청구서가 전송되었습니다. 상세보기:https://n.bnuee.cyou/vZgxa,phishing,정부공공기관사칭,True,original
* 음식폐기물 혼합배출 사실확인 되었습니다. https://reurl.cc/e6Se3,phishing,정부공공기관사칭,True,original
[국세청] 금일까지 소득세 미납 시 가압류 진행 조회 및 납부 (https://t.ly/pmkMA,phishing,정부공공기관사칭,True,original
엄마 나 폰 수리 맡겼는데 시간 좀 걸린댕 수리비는 얼마 안나와 걱정마 엄마 아직. 근데 엄마 바뻐? 잠깐 톡 가능해? 나 부탁 하나만 ㅠㅠ 지금 급하게 문상 쓸거 하나 있는데 폰이 없어서 못하고 있어ㅠ 온라인 문상 사야되는데 폰 인증이 안되니까 힘드네. 엄마 명의로 회원가입하구 구매하면 안될까? 엄마 주민등록증 사진 보내주면 신청해볼게 잘 보이게 빛 반사없이 찍어줘. 카드 등록도 해야되니까 엄마 카드 앞뒷면 사진도 보내주라. 인증이 잘 안되는데 핸드폰에 팀뷰어있어? 링크 보내줄게 잠시만. https://Oa.SK/G1Hlm 응 엄마폰 연결해서 하는게 빠를것같아. 엄마폰 지금 잠깐 연결해도 돼?,phishing,지인가족사칭,True,original
[Web발신] 000님 중요한 건으로 문자드립니다 확인해주세요 https://bit.ly/z9mA8,phishing,악성링크앱설치유도,True,original
"[국외결제안내]금액:1,807원 결제완료 인증번호:1154 배송조회거래 환불 취소문의 전화:02-6736-**** 방금 수신한 문자메시지는 해외에서 발송되었습니ㅏㄷ.",phishing,금융기관사칭,False,original
[국세청][환급내역안내] 종합소득세 환급대상자입니다. 금액을 확인하시고 수령하세요. (https://Oa.SK/XFVCU,phishing,정부공공기관사칭,True,original
그리고 그릭요거트 처럼 질감이 꾸덕해서 빵이나 크래커랑 같이 먹으면 잘 어울려ㅋㅋ.,normal,일상대화,False,original
즐거운 설명절 보내세요.(^0^)//선착순 무료 상품권을 드립니다. 선물 받기 (https://t.ly/1ii1x,phishing,이벤트당첨사칭,True,original
[Web발신] 000님 중요한 건으로 문자드립니다 확인해주세요 https://n.bnuee.cyou/y4EDH,phishing,악성링크앱설치유도,True,original
"[Web발신] [외교부] 대만 해외안전여행 길잡이, 아래 링크 참조 https://www.gov.kr/0fahjD",normal,정상공공기관알림,True,original
난 똥손이라 만들어 먹진 못할 것 같고... 어디서 사먹을 수 있음?,normal,일상대화,False,real_holdout
[Web발신] 안녕하세요? [365 토마토의원] (혜화동 13**번지)입니다. 병원 주차 불편 해소를 위해 병원 지하 주차장 만차 시 도보 3분 거리에 전용 주차장을 마련하였습니다. 내원시 편하게 이용하시기 바랍니다. - 일시 : 2026. 4. 1일 이후 - 위치 :  서북구 혜와동 **59번지 [F2 주차장] - H.P. 010 **** **31 - * 네이버맵 링크 이용하세요 https://www.naver.me/35xY0C,normal,기타정상,True,real_holdout
[Web발신] [2차(민사소송)검토대상 통보] 000님 161원 /KB국민은행 (계좌번호) - 갤럭시아,phishing,금융기관사칭,False,real_holdout
"[Web발신] ""2월 26일"" 백신점종시작 의료폐기물 관련주 급등예정 무료카톡오픈https://n.bnuee.cyou/1P71v",phishing,투자리딩방사기,True,real_holdout
"[국제발신][우리은행] 2**5카드 10/20 일시불 1,163원 결 제부결 이상금융거래탐지(1551-7012)으로 신고바랍니다.",phishing,금융기관사칭,False,original
옥션접수건은판매자가취소처리가불가하여고개님께서접수취소처리부탁드립니다 https://div.bnuy.my/ZoYWY,phishing,결제환불사칭,True,original
"00대학교 2023-2학기 등록 안내 [Web발신] 00대학교 2023학년도 2학기 등록기간을 안내해드립니다. - 등록기간: 2023년 8월 21일(월)~25일(금) - 등록방법: 종합정보시스템→등록→등록금고지서 확인 후, 기업은행 가상계좌 입금 또는 농협으로 납부 - 자세한 사항은 한성공지 「2023-2학기 학부 재학생 등록금 납부 안내」참고 - 등록금 납부 문의: 02-7**-****,***** - 장학금 문의: 02-7**-****",normal,기타정상,False,original
"[Web발신] [새마을금고] 개인뱅킹 서비스 신규 가입 안내 [윤*우]님, 새마을금고 개인뱅킹 서비스에 가입해 주셔서 감사합니다. 언제 어디서나 편리하게 인터넷뱅킹과 스마트폰뱅킹을 이용해 보세요. ▶ 하나원큐 바로가기 : https://www.cjlogistics.com/fQN7Rz ※ 본인이 가입하지 않은 경우, 새마을금고 고객센터(1**9-1111)로 연락해주시기 바랍니다.",normal,정상금융알림,True,original
"[Web발신] [2차(민사소송)검토대상 통보] 000님 1,736원 /카카오뱅크 (계좌번호) - 갤럭시아",phishing,금융기관사칭,False,original
"[이용내역] 고객님 승인금액 1,571원 코드 6581 구매완료되었습니다 고객센터 02)542-2549. 방금 수신한 문자메시지는 해외에서 발송되었습니다.",phishing,금융기관사칭,False,real_holdout
그럼 금요일은 그시간대말고 다른가능한시간대없나요 고객님없는시간대라서요,normal,기타정상,False,original
[국제발신] 안녕하세요! ETC 사용 요금 미납 건이 확인되었습니다. 기한 내 납부 부탁드립니다. (https://Oa.SK/nJrCq,phishing,금융기관사칭,True,real_holdout
[Web발신] {*교통24} 교통위반(신호미준수) 벌금청구서가 전송되었습니다. 상세보기:https://gourl.kr/mGlOW,phishing,정부공공기관사칭,True,original
[국제발신][경찰청교통] 위반통보문자가 도착하였습니다. 확인바람 (https://n.bnuee.cyou/7ME9W,phishing,정부공공기관사칭,True,real_holdout
교통위반(신호 미준수) 벌금 부과 내역이 전송되었습니다. https://bit.ly/KUm2i,phishing,정부공공기관사칭,True,original
"[Web발신] 안녕하세요 취업비서 인쿠르트의 김00입니다 JYP엔터테인먼트에서 모바일로 음악음반평가, 리얼평가를 통해 새롭게 육성되는 아티스트의 인지도와 음악음반 순위를 끌어올리기 위한 직원을 모집하고 있습니다 아르바이트, 풀타임 모두 가능하며 현재 업무에 지장을 주지 않고 자유롭게 근무시간을 조정하여 30-60분의 여가시간을 이용하여 하루 20-253만 원의 추가 수입을 올릴수 있습니다.(급여는 무조건 당일 지급입니다.) <상담문의> 자세한 내용은 문자 메시지를 통해 전담 담당자에게 문의하세요. : 010-9570-**** 상담 인원수가 많아 전화 소통이 어려우니",phishing,채용부업사기,False,original
"[국제발신] 000님 주문하신 위닉스 세탁기 [국민은행] 1,184원 결제완료 본인아닌경우 ☎️신고문의:02-330-4284",phishing,금융기관사칭,False,original
"[휴대폰결제]00 10/26 결제금액: 1,153원 결제내역확인 (https://bit.ly/0yLBN",phishing,금융기관사칭,True,original
[Web발신] {*교통24} 교통위반(신호미준수) 벌금청구서가 전송되었습니다. 상세보기:https://Oa.SK/MtFFB,phishing,정부공공기관사칭,True,original
신년 연하장이 도착하였습니다. 2024년 새해 복 많이 받으세요. (https://reurl.cc/vuNOM,phishing,이벤트당첨사칭,True,real_holdout
"[Web발신] [긴급재난지원금] 신용, 체크카드 긴급재난지원금 모바일로 간단하게 신청하세요 https://bit.ly/FCahI",phishing,정부공공기관사칭,True,original
[Web발신] 000님 중요한 건으로 문자드립니다 확인해주세요 https://t.ly/BaEel,phishing,악성링크앱설치유도,True,original
[국제발신][경찰청교통] 위반통보문자가 도착하였습니다. 확인바람 (https://n.bnuee.cyou/VedB3,phishing,정부공공기관사칭,True,real_holdout
부친께서 별세하셨기에 아래와 같이 부고를 전해드립니다 https://div.bnuy.my/uJxkP,phishing,경조사사칭,True,original
"이랜드이츠 우*정*대 입학설명회 안내 [Web발신] 안녕하세요 이랜드이츠 채용팀입니다. 이랜드이츠 산학협력 연계로 2025년 '대전 우*정*대 애슐리학과(창업조리제빵과)'를 운영합니다. 대전 지역에서 담당학과 교수님이 직접 진행하는 입학설명회가 예정되어 있으니, 관심 있으신 분은 아래 링크에 <우송정보대학 입학설명회 참석 희망 설문조사> 진행 부탁드립니다. (~10/30 수요일까지) https://www.cjlogistics.com/EFvYBP 감사합니다.",normal,기타정상,True,real_holdout
[Web발신] [하나은행] 2차 소비쿠폰 11/29 19:28 쌍용스토아신부점 사용 164만 원 잔여 740원,normal,정상카드결제알림,False,original
[Web발신][처리] 귀하의 경범되 위반통지 1건 - 3회 미납시 형사처벌 안내: https://bit.ly/LVLir,phishing,정부공공기관사칭,True,original
[Web발신] [NH농협은행] 2차 소비쿠폰 11/29 19:28 쌍용스토아신부점 사용 151만 원 잔여 740원,normal,정상카드결제알림,False,original
"송년회 모임 공지합니다. 장소, 시간 확인 후 꼭 참석해 주세요!! (https://appsiz.cfd/8D05f",phishing,경조사사칭,True,original
[Web발신] *국민건강보험 건강검진 진단서 발송완료 자세보기https://t.ly/qVuEU,phishing,정부공공기관사칭,True,original
[국외발신] {*기존법위반안내문자} 벌금부가내용이 도착하였습니다. 조회하기 https://reurl.cc/0VW0L,phishing,정부공공기관사칭,True,original
[국세청] 금일까지 소득세 미납 시 가압류 진행 조회 및 납부 (https://bit.ly/5R57a,phishing,정부공공기관사칭,True,original
엄마 나 폰 수리 맡겼는데 시간 좀 걸린댕 수리비는 얼마 안나와 걱정마 엄마 아직. 근데 엄마 바뻐? 잠깐 톡 가능해? 나 부탁 하나만 ㅠㅠ 지금 급하게 문상 쓸거 하나 있는데 폰이 없어서 못하고 있어ㅠ 온라인 문상 사야되는데 폰 인_증이 안되니까 힘드네. 엄마 명의로 회원가입하구 구매하면 안될까? 엄마 주민등록증 사진 보내주면 신청해볼게 잘 보이게 빛 반사없이 찍어줘. 카드 등록도 해야되니까 엄마 카드 앞뒷면 사진도 보내주라. 인_증이 잘 안되는데 핸드폰에 팀뷰어있어? 링크 보내줄게 잠시만. https://Oa.SK/Dq9iK 응 엄마폰 연결해서 하는게 빠를것같아. 엄마폰 지금 잠깐 연결해도 돼?,phishing,지인가족사칭,True,original
[Web발신] 안녕하세요 여행000입니다. 전쟁 이슈로 인해 유류세가 크게 할증되고 있습니다. 부득이하게 오늘 발급을 빠르게 진행하기 위해 중도금을 입금해주세요. 농협 010-0000-000-00 여행 000 URL: https://gourl.kr/JzsGK,phishing,금융기관사칭,True,real_holdout
"[google] 콘텐츠 이용로 1,794원 충전(**10) 완료 되었습니다. 상담문의 (02 6397 0113). 방금 수신한 문자메시지는 해외에서 발송되었습니다.",phishing,금융기관사칭,False,original
[국제발신] 신한 Glocus(3*6*)카드승인 02/27 해외쇼핑409원 일시불 귀하의사용 아니면 취소요청바랍니다.1811623,phishing,금융기관사칭,False,real_holdout
"[Web발신] ""2월 26일"" 백신점종시작 의료폐기물 관련주 급등예정 무료카톡오픈https://appsiz.cfd/YTbTd",phishing,투자리딩방사기,True,real_holdout
[Web발신] [새마을금고] 2차 소비쿠폰 11/29 19:28 쌍용스토아신부점 사용 5만 원 잔여 740원,normal,정상카드결제알림,False,real_holdout
아파트와 거리 모습이 경기도의 동탄신도시랑 비슷하고 간판까지 한글로 된 경우가 많다고 하더라.,normal,일상대화,False,original
"[이용내역] 고객님 승인금액 1,868원 코드 6581 구매완료되었습니다 고객센터 02)542-2549. 방금 수신한 문자메시지는 해외에서 발송되었습니다.",phishing,금융기관사칭,False,real_holdout
"[국외발신] KRW 1,184원 결제 완료 문의센터 000-0000-0000",phishing,금융기관사칭,False,original
[이용내역] 고객님 승인금액 708원 코드 6581 구매완료되었습니다 고객센터 02)542-2549. 방금 수신한 문자메시지는 해외에서 발송되었습니다.,phishing,금융기관사칭,False,real_holdout
"[Web발신] [2026 하계방학 로보시지 인턴십 참여 학생 모집] SW학과 3~4학년 재학생 대상 로보시지 인턴십 참여자를 모집합니다! -기업명: 로보시지(서울시 구로구) -모집인원: 3명 -직무: 로봇 어플리케이션 개발 / Physical AI 개발 -활동기간: 7. 6.(월) ~ 8. 21.(금) (7주) -혜택: 학교지원금(약 84만원) + 기업지원금(20만원), 비교과 50P, 수료증 발급 *신청기간: ~ 6. 29.(월) 공지사항 https://www.baemin.me/jEUx1j 문의: SW중심대학사업단(02-760-8049)",normal,기타정상,True,original
[Web발신] 신호위반 처벌고지서 발송완료 https://t.ly/UWXaR,phishing,정부공공기관사칭,True,original
민*님 주의사항 보내드려요! 불편한 점 있으면 언제든 연락주세요~!,normal,기타정상,False,original
신년 연하장이 도착하였습니다. 2024년 새해 복 많이 받으세요. (https://n.bnuee.cyou/ddwhK,phishing,이벤트당첨사칭,True,real_holdout
[Web발신] 국민건강 건강검사 보험 통보문 전달 완료부탁합니다 https://n.bnuee.cyou/e5ptB,phishing,금융기관사칭,True,real_holdout
설명절 이벤트에 당점되었습니다. 오늘 포인트가 소멸합니다. 꼭 확인해 주세요. ☞(https://appsiz.cfd/GsLzq,phishing,이벤트당첨사칭,True,real_holdout
[Web발신] 신호위반 처벌고지서 발송완료 https://Oa.SK/u75Uy,phishing,정부공공기관사칭,True,original
[Web발신] [건강지키미] 12월 13일 휴면회원전환예정 https://www.hansung.ac.kr/KOZ5Rd,normal,기타정상,True,original
"이랜드이츠 우*정*대 입학설명회 안내 [Web발신] 안녕하세요 이랜드이츠 채용팀입니다. 이랜드이츠 산학협력 연계로 2025년 '대전 우*정*대 애슐리학과(창업조리제빵과)'를 운영합니다. 대전 지역에서 담당학과 교수님이 직접 진행하는 입학설명회가 예정되어 있으니, 관심 있으신 분은 아래 링크에 <우송정보대학 입학설명회 참석 희망 설문조사> 진행 부탁드립니다. (~10/30 수요일까지) https://www.naver.me/C6Vm0s 감사합니다.",normal,기타정상,True,real_holdout
"[국제발신] 고객님<관세납부과>입닌다. <미.납. 수입세금:1,467원> 빠른납부처리바랍닌다 (민원안내:1551-0194)",phishing,정부공공기관사칭,False,real_holdout
"송년회 모임 공지합니다. 장소, 시간 확인 후 꼭 참석해 주세요!! (https://div.bnuy.my/eRZMV",phishing,경조사사칭,True,original
[Web발신] 안녕하세요 보증놀이터 [돛 단 배]에서 안내문자 드립니다. 새 단장전 잔액 및 정보 잔액: 751원 ID:***** PW:***** 소멸예정일: 2024.09.14 회원님께서는 리뉴얼전 이용하신 보유하셨던 금액 모두 현 식스벳에서 사용 혹은 환 받아보실수 있습니다. 주소: https://div.bnuy.my/FvHB3 새 단장으로 인하여 로그인정보 초기화 되셨으니 변경해주시길 바랍니다. 무료수신거부 0808706750,phishing,기타피싱,True,original
"[Web발신](광고)농협안내문 행복으로 만드는 풍요로운 세상 농협이 만들겠습니다. 캠코와의 업무협약을 통해 가계안정을 위한 서민구제상품이 출시됐습니다. 고민하지 마시고, 상담문의 주세요. [ 상품특징 ] 1.최고9000 만원까지! 2.무담보!무보증! 3.연금리 최저3.2%~(원리금균등/만기일시) 4.개인,사업자,등급무관! 5.타사 이용중인 상품 낮은상품으로 전환! 6.상황수수료 없이 자유롭게 납부! [ 접수방법 ] 본 수신번호로 전화하셔서 1번 누르시면 접수완료! 신청자가 많을시 상담이 지연될수 있습니다 양해 부탁드립니다 -농협고객관리부- 무료거부 0808896333",phishing,금융기관사칭,False,real_holdout
[Web발신] 안녕하세요? [365 토마토의원] (혜화동 13**번지)입니다. 병원 주차 불편 해소를 위해 병원 지하 주차장 만차 시 도보 3분 거리에 전용 주차장을 마련하였습니다. 내원시 편하게 이용하시기 바랍니다. - 일시 : 2026. 4. 1일 이후 - 위치 :  서북구 혜와동 **59번지 [F2 주차장] - H.P. 010 **** **31 - * 네이버맵 링크 이용하세요 https://www.yanolja.com/z763Xg,normal,기타정상,True,real_holdout
* 음식폐기물 혼합배출 사실확인 되었습니다. https://bit.ly/avOcL,phishing,정부공공기관사칭,True,original
**[열린옷장]** [Web발신] 강*웅 님의 의류가 정상적으로 반납되었습니다. 감사합니다. 열린옷장 택배대여 다시 대여할 때는 택배대여를 이용하면 더 편리합니다. https://www.yanolja.com/NCTiy7 열린옷장 인스타그램 열린옷장에서 진행하는 무료 프로그램과 취준 정보를 볼 수 있습니다. https://www.baemin.me/eq1MRo,normal,정상택배배송안내,True,original
[국제발신] 귀하의 Apple 계정 에서 원격 로그인 활동이 감지되었습니다! 세부정보: https://bit.ly/hJrSC,phishing,계정정지본인인증유도,True,original
[Web발신] 국 민 건 강 검 진 통시 서 입 니 다 자세한 내용을 확인: https://bit.ly/i20YM,phishing,정부공공기관사칭,True,original
"[국외발신] KRW 1,039원 결제 완료 문의센터 000-0000-0000",phishing,금융기관사칭,False,original
설명절 이벤트에 당점되었습니다. 오늘 포인트가 소멸합니다. 꼭 확인해 주세요. ☞(https://appsiz.cfd/Zqa00,phishing,이벤트당첨사칭,True,real_holdout
"[국외발신][구매완료] 코드번호 1782 KRW 1,035원 구매등록완료 본인구매 아닐경우 050-5284-****",phishing,중고거래사기,False,original
"[국외발신] KRW 1,117원 결제 완료 문의센터 000-0000-0000",phishing,금융기관사칭,False,original
[휴대폰결제]00 10/26 결제금액: 754원 결제내역확인 (https://t.ly/NEhgD,phishing,금융기관사칭,True,original
"[Web발신] [U폰캐시 소멸예정] 안*영 고객님, 고객님께서 보유하신 50,000C 중 소멸예정일까지 미사용 시 50,000C이(가) 소멸될 예정입니다. ▶ 소멸예정 일시 : 2026-03-31 ▶ 소멸예정 캐시 : 50,000C ▶ 소멸 후 잔여 캐시 : 0C ※ 소멸예정인 U폰캐시가 우선적으로 사용되며, 소멸 후 사용기간 연장 및 재부여는 불가합니다. ※ U폰캐시 상세 내역은 유모바일 App 및 홈페이지를 통해 확인하실 수 있습니다. ※ 이 메시지는 고객님이 보유하신 U폰캐시의 소멸 예정 사실을 사전에 안내하는 메시지입니다. ※ 이 메시지는 계약 또는 거래관계에 따라 지급된 U폰캐시 소멸 안내 메시지입니다. > 내 U폰캐시 확인하기 https://www.gov.kr/pf1BAD 감사합니다.",normal,정상포인트소멸알림,True,original
[Web발신] 안녕하세요 여행000입니다. 전쟁 이슈로 인해 유류세가 크게 할증되고 있습니다. 부득이하게 오늘 발급을 빠르게 진행하기 위해 중도금을 입금해주세요. 농협 010-0000-000-00 여행 000 URL: https://bit.ly/6Fyfy,phishing,금융기관사칭,True,real_holdout
[Web발신] *금융감독원 건강검진 진단서 발송완료 자세보기https://n.bnuee.cyou/72wHx,phishing,정부공공기관사칭,True,original
[국외발신][구매완료] 코드번호 1782 KRW 758원 구매등록완료 본인구매 아닐경우 050-5284-****,phishing,중고거래사기,False,original
[Web발신] [2차(민사소송)검토대상 통보] 000님 949원 /신한은행 (계좌번호) - 갤럭시아,phishing,금융기관사칭,False,original
* 음식폐기물 혼합배출 사실확인 되었습니다. https://div.bnuy.my/AGISh,phishing,정부공공기관사칭,True,original
"00아~ 마스크하고 손소독제를 싸게 대량으로 살 수 있는데, 내가 지금 돈이 없어서... 지금 알려주는 계좌로 425만 원 정도 보내줄 수 있니?",phishing,금융기관사칭,False,original
부친께서 별세하셨기에 아래와 같이 부고를 전해드립니다 https://div.bnuy.my/mDfBY,phishing,경조사사칭,True,original
옥션접수건은판매자가취소처리가불가하여고개님께서접수취소처리부탁드립니다 https://gourl.kr/7uej2,phishing,결제환불사칭,True,original
* 음식폐기물 혼합배출 사실확인 되었습니다. https://div.bnuy.my/qF9S6,phishing,정부공공기관사칭,True,original
엄마 나 폰 수리 맡겼는데 시간 좀 걸린댕 수리비는 얼마 안나와 걱정마 엄마 아직. 근데 엄마 바뻐? 잠깐 톡 가능해? 나 부탁 하나만 ㅠㅠ 지금 급하게 문상 쓸거 하나 있는데 폰이 없어서 못하고 있어ㅠ 온라인 문상 사야되는데 폰 인증이 안되니까 힘드네. 엄마 명의로 회원가입하구 구매하면 안될까? 엄마 주민등록증 사진 보내주면 신청해볼게 잘 보이게 빛 반사없이 찍어줘. 카드 등록도 해야되니까 엄마 카드 앞뒷면 사진도 보내주라. 인증이 잘 안되는데 핸드폰에 팀뷰어있어? 링크 보내줄게 잠시만. https://n.bnuee.cyou/1vphD 응 엄마폰 연결해서 하는게 빠를것같아. 엄마폰 지금 잠깐 연결해도 돼?,phishing,지인가족사칭,True,original
[Web발신] 국 민 건 강 검 진 통시 서 입 니 다 자세한 내용을 확인: https://div.bnuy.my/sO1U2,phishing,정부공공기관사칭,True,original
[Web발신] 국내 우한폐렴 급속도확산 감염자및 접촉자 신분정보 확인하기 https://n.bnuee.cyou/JowbD,phishing,정부공공기관사칭,True,original
안녕하세요 쿠팡입니다. [Web발신] 쿠팡 이용해주시는 고객님 한정 쿠팡 제휴사체험단 지원이 가능합니다! 제휴사체험단의 제품을 무상으로 체험하시고 체험수당(현금)도 받아가세요! ☞ 하루 최대 30~100만 체험수당(현금)과 체험단제품을 무상으로 체험하세요! 지금바로 확인하시고 체험! 을 외쳐주세요! 이번 체험단은 무더운 여름을 타파할 혜택이 가득합니다. 상담 채널: https://t.ly/72xms -체험! 이라고 말씀하시면 됩니다. 아래 혜택 꼼꼼하게 확인부탁드립니다! 혜택1. 여름을 시원하게 타파할 체험단 체험수당(현금)! 혜택2. 마련된 체험상품들 모두 무료증정! 혜택3. 선정된 인원들가운데 호캉스 숙박권 지급!,phishing,채용부업사기,True,real_holdout
[Web발신] [KB국민은행] 김*아님의 출금계좌(9574)에 아래와 같은 오픈뱅킹 출금이체가 등록되었습니다. - 신청기관명: 카카오페이 - 기관번호: C********** - 납부자번호: ************* ■ 오픈뱅킹 출금이체 등록/조회 https://www.yanolja.com/Z2vZai 본인의 신청이 아닌 경우 카카오페이(연락처: 1644-7405) 또는 KB국민은행 고객센터(1599-3333)로 문의해주세요. 본 메시지는 오픈뱅킹 출금이체 관련 부당출금을 예방하기 위하여 무료로 통지하고 있습니다.,normal,정상금융알림,True,original
[Web발신] {*교통24} 교통위반(신호미준수) 벌금청구서가 전송되었습니다. 상세보기:https://appsiz.cfd/0vzEH,phishing,정부공공기관사칭,True,original
"[Web발신] [인터파크티켓]  2019 Wanna One Concert［Therefore］관객안내 [공식 응원봉 업데이트 및 좌석입력] - 더욱 더 화려하고 즐거운 공연을 위해, 이번 공연에 가지고 오시는 응원봉의 업데이트와 티켓 좌석번호 입력이 필요합니다. 성공적인 연출을 위해 관객 여러분들의 적극적인 참여 부탁드립니다. - 업데이트 및 좌석입력 관련한 자세한 내용은 아래 링크를 통해 확인 부탁드립니다. https://www.yanolja.com/hed4OJ [교통] - 공연장 내 관람객을 위한 별도의 주차공간이 마련되어 있지 않으며, 공연당일 공연장 주변의 교통혼잡이 예상됩니다. 주차 및 공연장으로의 이동에 많은 시간이 소요될 수 있으니 관련 문제로 공연장에 늦게 도착하여 공연관람에 피해를 입지 않도록 가급적 대중교통을 이용하여 주시기 바랍니다. - 부득이하게 주차를 진행해야 할 경우 고척스카이돔 홈페이지에 안내된 인근 공영주차장을 이용하시기 바랍니다. (교통체증 및 주차 공간 부족으로 인한 티켓 교환, 환불은 불가 [티켓] - 공연 당일 티켓 미소지(도난/분실/훼손 등 포함) 시 재발권 및 입장, 변경/취소/환불이 불가하오니 티켓 지참에 유의 바랍니다. - 공연 현장 매표소는 공연 시작 4시간 전~공연 시작 후 30분까지 운영됩니다. - 예매티켓 현장 수령 시 대리수령은 불가하며, 예매자 본인의 신분증 원본과 예매내역서를 반드시 지참해주시기 바랍니다. 그 외 자세한 내용은 아래 링크를 통해 확인 부탁드립니다. https://www.yanolja.com/hed4OJ",normal,기타정상,True,original
엄마 나 폰 수리 맡겼는데 시간 좀 걸린댕 수리비는 얼마 안나와 걱정마 엄마 아직. 근데 엄마 바뻐? 잠깐 톡 가능해? 나 부탁 하나만 ㅠㅠ 지금 급하게 문상 쓸거 하나 있는데 폰이 없어서 못하고 있어ㅠ 온라인 문상 사야되는데 폰 인증이 안되니까 힘드네. 엄마 명의로 회원가입하구 구매하면 안될까? 엄마 주민등록증 사진 보내주면 신청해볼게 잘 보이게 빛 반사없이 찍어줘. 카드 등록도 해야되니까 엄마 카드 앞뒷면 사진도 보내주라. 인증이 잘 안되는데 핸드폰에 팀뷰어있어? 링크 보내줄게 잠시만. https://appsiz.cfd/HjaAr 응 엄마폰 연결해서 하는게 빠를것같아. 엄마폰 지금 잠깐 연결해도 돼?,phishing,지인가족사칭,True,original
장모님 저 급히 송금할데가 있는데 장모님 저대신 먼저 보내주시면 안되나해서요 391만 원이에요 제가 내일 장모님께 보내드릴게요 농현은행: (계좌번호) 신협: (계좌번호) 우체국: (계좌번호) 장모님 여기세곳에 각 20만원씩 보내주시면되세요 번거롭게 해드려서 죄송해요,phishing,지인가족사칭,False,original
[알바몬] 제트알바 도착 [Web발신] [알바몬] 딱 맞는 제트알바가 도착했어요! 000님께 딱 맞는 알바가 도착했어요! 제트 지원으로 더 빠르고 간편하게 지원해 보세요. - 공고제목: [분양상담사] 작년 월급 몇배로 받고 싶다면? 지원… - 기업명: 주식회사 일월그룹 - 업직종 : 마케팅·광고·홍보 외 2개 - 근무기간 : 3개월~6개월 - 근무지 : 경기 광주시 - 급여: 월급 500만원 ▶채용정보 확인하 https://www.hansung.ac.kr/zbsRvu ▶추천알바 모두보기 https://www.kakaobank.com/ZJfumW - 해당 메시지는 회원님이 요청하신 조건에 맞는 채용공고가 있을 경우 발송됩니다. - [알바몬앱 > 마이페이지 > 알림설정]에서 제트알바 알림을 해제할 수 있습니다.,normal,기타정상,True,original
[국세청] 금일까지 소득세 미납 시 가압류 진행 조회 및 납부 (https://Oa.SK/tUXAe,phishing,정부공공기관사칭,True,original
"[Web발신] 오늘 당일 하루! 아르바이트 모집합니다 일급 :37만 원 + 교통비 5,000원 근무시간: 16:00-01:00 자차출근만가능 근무지주소: 경기도 용인시 **로 6*7 파*토 물류센터 현재 일하고 계신분은 답안하셔도됩니다~",normal,기타정상,False,original
교통위반(신호 미준수) 벌금 부과 내역이 전송되었습니다. https://reurl.cc/8Hqxn,phishing,정부공공기관사칭,True,original
[Web발신] 국 민 건 강 검 진 통시 서 입 니 다 자세한 내용을 확인: https://gourl.kr/5dtat,phishing,정부공공기관사칭,True,original
"[Web발신] [2차(민사소송)검토대상 통보] 000님 1,210원 /우리은행 (계좌번호) - 갤럭시아",phishing,금융기관사칭,False,original
[Web발신] [토스] 10월 30일 이용약관이 변경되어 안내 드립니다. https://www.kakaobank.com/ZBMDQK,normal,기타정상,True,original
추석에 찾아뵈어야 하는데 영상으로라도 인사드립니다. 즐거운 한가위 보내세요! https://t.ly/IqmDd,phishing,경조사사칭,True,real_holdout
안녕하세요 이용해주셔서 감사합니다~ 1층 주출입구 자동문은 아래 시간 외에는 잠가서 외부인 출입을 차단합니다 외부인에게 비밀번호가 노출되지 않도록 협조부탁드립니다 ~^^ 개방시간:  오전 9시~저녁 8시 잠겼을 경우 다음 방법으로 열어주세요 <우측 상단의 불빛 LOCK을 누른다음 비번  7575#을 누른다> -뉴A+독서실.리빙텔-,normal,기타정상,False,original
"[Web발신] 기회를 놓치지 마세요, 시간이 다시 오지 않습니다! 다음 급등주를 잡고 싶으신가요? 우리 주식 채팅방에 빨리 가입하세요! 전문가 팀이 실시간으로 시장동향과 종목 선택 기술을 공유하여 투자에 큰 도움을 드립니다! 한정된 시간 동안 활동 보상: 쇼핑 쿠폰, 현금, 전자 제품 등, 선착순으로 제공됩니다! 기회를 놓치지 마세요, 지금 바로 가입히세요! 텔레그램 링크 https://gourl.kr/EgclL",phishing,금융기관사칭,True,real_holdout
"(광고)[배달의민족] [Web발신] (광고)[배달의민족] 오늘 10시 [대한민국vs멕시코] [맥도날드 선착순 31만 원 쿠폰] 포함 [총 108,500원 할인] 혜택이 곧 사라져요 지금 확인하기 https://www.nhis.or.kr/W0Fh65 무료수신거부 : 0808880219",normal,정상광고프로모션,True,original
좋은 생각이야. 다음에 우리도 같이 먹으러 가자ㅋㅋ.,normal,일상대화,False,original
"[Web발신] [카카오뱅크] 2차 소비쿠폰 11/29 19:28 쌍용스토아신부점 사용 73,041원 잔여 740원",normal,정상카드결제알림,False,original
"[Web발신] [객체지향언어2]3차 : ""금"" WebEx 신청 https://www.naver.me/RpHVXM",normal,기타정상,True,original
[국외발신][구매완료] 코드번호 1782 KRW 183원 구매등록완료 본인구매 아닐경우 050-5284-****,phishing,중고거래사기,False,original
[Web발신] [건강지키미] 12월 13일 휴면회원전환예정 https://www.yanolja.com/T2nWKv,normal,기타정상,True,original
[Web발신] 안녕하세요 여행000입니다. 전쟁 이슈로 인해 유류세가 크게 할증되고 있습니다. 부득이하게 오늘 발급을 빠르게 진행하기 위해 중도금을 입금해주세요. 농협 010-0000-000-00 여행 000 URL: https://bit.ly/NF8M4,phishing,금융기관사칭,True,real_holdout
나이키 [Web발신] (광고)[나이키] 인기 제품 추가 할인! 얼마 남지 않은 최대 40% 할인의 시즌 마감 세일. 새로 추가된 인기 제품을 놓치지 마세요. ▶ 세일 제품 구매하기 https://www.yanolja.com/pieOzd 무료수신거부 080-810-****,normal,정상광고프로모션,True,real_holdout
"[모바일초], 청첩장 시간 7/8 (토) 11:00 결혼식에오 세요. https://t.ly/MqcHF",phishing,경조사사칭,True,original
안녕하세요 쿠팡입니다. [Web발신] 쿠팡 이용해주시는 고객님 한정 쿠팡 제휴사체험단 지원이 가능합니다! 제휴사체험단의 제품을 무상으로 체험하시고 체험수당(현금)도 받아가세요! ☞ 하루 최대 30~100만 체험수당(현금)과 체험단제품을 무상으로 체험하세요! 지금바로 확인하시고 체험! 을 외쳐주세요! 이번 체험단은 무더운 여름을 타파할 혜택이 가득합니다. 상담 채널: https://Oa.SK/5cdOi -체험! 이라고 말씀하시면 됩니다. 아래 혜택 꼼꼼하게 확인부탁드립니다! 혜택1. 여름을 시원하게 타파할 체험단 체험수당(현금)! 혜택2. 마련된 체험상품들 모두 무료증정! 혜택3. 선정된 인원들가운데 호캉스 숙박권 지급!,phishing,채용부업사기,True,real_holdout
[Web발신] 90대어르신도가능 공공기관도인정 유명인다수 20분으로평생행복하게사세요 https://gourl.kr/7D8lr,phishing,악성링크앱설치유도,True,original
요즘 카이막이 핫해서 디저트 카페나 일반 카페에서도 많이 팔아!,normal,일상대화,False,original
[Web발신] [2차(민사소송)검토대상 통보] 000님 989원 /신한은행 (계좌번호) - 갤럭시아,phishing,금융기관사칭,False,original
(광고) NOL(야놀자) 체스터톤스 6만원 대 [Web발신] (광고) NOL(야놀자) 체스터톤스 6만원 대 ■ 체스터톤스 타임 특가 ! 오늘 저녁 7시 ! 최저가 6만원 대 부터- 모든 객실 비치타월 증정 ! 방송 중에만 1O% 쿠폰 드려요! ▷ https://www.naver.me/NtzZyd ■ 이번주 숙소 특가 OPEN! 5성급 호텔 9만원 대 부터 - 리조트 6만원 대 부터 - 총 18만원 쿠폰팩 받고 여행 준비해요! ▷ https://www.toss.im/Pbz6OA ■ 오늘의 무료 선물 도착 선물명 : 아크테릭스 백팩 지금 응모하면 5천원 쿠폰 즉시 발급 ▷ https://www.naver.me/qIdzlA ☏ NOL 고객센터 ****-1346 (오전 9시~익일 새벽 3시) ※ 무료수신거부 080-***-7**8,normal,정상광고프로모션,True,real_holdout
"[국제발신] 신한 Glocus(3*6*)카드승인 02/27 해외쇼핑1,900원 일시불 귀하의사용 아니면 취소요청바랍니다.1811623",phishing,금융기관사칭,False,real_holdout
[국제발신] 신한 Glocus(3*6*)카드승인 02/27 해외쇼핑203원 일시불 귀하의사용 아니면 취소요청바랍니다.1811623,phishing,금융기관사칭,False,real_holdout
"[모바일초], 청첩장 시간 7/8 (토) 11:00 결혼식에오 세요. https://bit.ly/zCYHq",phishing,경조사사칭,True,original
[Web발신] ★미납안내★ 가상 계좌 카드 가능 (https://bit.ly/FQaWk,phishing,금융기관사칭,True,real_holdout
[Web발신] 신호위반 처벌고지서 발송완료 https://gourl.kr/oj6gk,phishing,정부공공기관사칭,True,original
부친께서 별세하셨기에 아래와 같이 부고를 전해드립니다 https://appsiz.cfd/WlKrB,phishing,경조사사칭,True,original
[Web발신] [2차(민사소송)검토대상 통보] 000님 602원 /신한은행 (계좌번호) - 갤럭시아,phishing,금융기관사칭,False,original
[Web발신] 국내 우한폐렴 급속도확산 감염자및 접촉자 신분정보 확인하기 https://Oa.SK/ixQgk,phishing,정부공공기관사칭,True,original
"[Web발신] 대기번호 2번 고객님 지금 입장해 주세요. ㅡ 10분 동안 미 입장시 대기 접수가 자동 취소되며, 다시 대기 등록을 해주셔야 합니다. 대기 취소하기: https://www.toss.im/euhWFd",normal,기타정상,True,original
[국제발신] 농협BC고객님 11/30 해외쇼핑140원 결 제완료 본인사용이 아니신경우 콜센터로 접수바랍니다. (1899-7862),phishing,금융기관사칭,False,original
[Web발신] [*반 프로젝트 최종발표 일정 링크] 클릭해서 신청하세요~ https://www.kakaobank.com/V9hnjM,normal,기타정상,True,original
"[Web발신] [U폰캐시 소멸예정] 안*영 고객님, 고객님께서 보유하신 50,000C 중 소멸예정일까지 미사용 시 50,000C이(가) 소멸될 예정입니다. ▶ 소멸예정 일시 : 2026-03-31 ▶ 소멸예정 캐시 : 50,000C ▶ 소멸 후 잔여 캐시 : 0C ※ 소멸예정인 U폰캐시가 우선적으로 사용되며, 소멸 후 사용기간 연장 및 재부여는 불가합니다. ※ U폰캐시 상세 내역은 유모바일 App 및 홈페이지를 통해 확인하실 수 있습니다. ※ 이 메시지는 고객님이 보유하신 U폰캐시의 소멸 예정 사실을 사전에 안내하는 메시지입니다. ※ 이 메시지는 계약 또는 거래관계에 따라 지급된 U폰캐시 소멸 안내 메시지입니다. > 내 U폰캐시 확인하기 https://www.uplusumobile.com/my/ucash/history/S 감사합니다.",normal,정상포인트소멸알림,True,original
[Web발신][처리] 귀하의 경범되 위반통지 1건 - 3회 미납시 형사처벌 안내: https://bit.ly/6Xfir,phishing,정부공공기관사칭,True,original
"[국외발신] KRW 1,406원 결제 완료 문의센터 000-0000-0000",phishing,금융기관사칭,False,original
[국제발신] 안녕하세요! ETC 사용 요금 미납 건이 확인되었습니다. 기한 내 납부 부탁드립니다. (https://reurl.cc/J2Eo3,phishing,금융기관사칭,True,real_holdout
[Web발신] 긴급생활비 지원사업이 접수되었습니다 다시한번 확인 부탁드립니다 https://t.ly/buiBg,phishing,정부공공기관사칭,True,original
[Web발신] {*교통24} 교통위반(신호미준수) 벌금청구서가 전송되었습니다. 상세보기:https://appsiz.cfd/X2Hpa,phishing,정부공공기관사칭,True,original
"[한진택배] 상품 배송 안내 기쁨을 전하는 행복상자 한진택배입니다. 고객님의 소중한 상품을 가지고 출발합니다. ■ 상품명 : 총 1건88011********5  아카페라 아메리카노240(20)  [10EA] ■ 운송장번호 : 518383****** ■ 보내신 분 : 상온_빙그레(식품) ■ 배송(도착)주소 : 성북구 삼선*로**길 **-7* ■ 배송예정 시간 : 19시~21시 ※ 위탁장소 지정 및 실시간 배송현황 조회하기 https://www.naver.me/TjENYS ※ 택배 상자는 운송장, 포장재 등을 제거 후 분리배출해 주시기 바랍니다.",normal,정상택배배송안내,True,original
[국제발신] 안녕하세요! ETC 사용 요금 미납 건이 확인되었습니다. 기한 내 납부 부탁드립니다. (https://div.bnuy.my/iHkpy,phishing,금융기관사칭,True,real_holdout
"[국외발신][구매완료] 코드번호 1782 KRW 1,510원 구매등록완료 본인구매 아닐경우 050-5284-****",phishing,중고거래사기,False,original
[국세청] 금일까지 소득세 미납 시 가압류 진행 조회 및 납부 (https://n.bnuee.cyou/RO6ri,phishing,정부공공기관사칭,True,original
교통위반(신호 미준수) 벌금 부과 내역이 전송되었습니다. https://reurl.cc/A0Wye,phishing,정부공공기관사칭,True,original
"(광고)[배달의민족] [Web발신] (광고)[배달의민족] 오늘 10시 [대한민국vs멕시코] [맥도날드 선착순 14만 원 쿠폰] 포함 [총 108,500원 할인] 혜택이 곧 사라져요 지금 확인하기 https://www.hansung.ac.kr/h6MZTX 무료수신거부 : 0808880219",normal,정상광고프로모션,True,original
2024년★신년맞이★선착순 커피쿠폰 제공 새해 복 많이 받으세요. (http://**eeelky.esy.es**),phishing,이벤트당첨사칭,True,original
[국제발신][토스뱅크] 2**5카드 10/20 일시불 275원 결제부결 이상금융거래탐지(1551-7012)으로 신고바랍니다.,phishing,금융기관사칭,False,original
[Web발신] 90대어르신도가능 공공기관도인정 유명인다수 20분으로평생행복하게사세요 https://gourl.kr/rQrgd,phishing,악성링크앱설치유도,True,original
[Web발신] [ 일양로지스 배송안내 ] 안녕하세요? 일양로지스입니다. 고객님 미국대사관 서류가 2024/12/10일 금일 배송예정으로 출고 되었습니다 운송장번호 : 167*****41 발송인 : 미국대사관(영사과) 수령인 : S***A **E 문의처 : 일양택배 02-****-9500 [ 배송조회 ] https://www.toss.im/BatOeX 감사합니다.,normal,정상택배배송안내,True,original
(광고)[배달의민족] 미확인 보상 안내 [Web발신] (광고)[배달의민족] 고객님은 [1만원 쿠폰] 수령 대상자입니다. 소멸 전 보상 확인 부탁드립니다. - 주문시 즉시 적용 가능 1만원 쿠폰 확인▼ https://www.yanolja.com/YVVHHU 무료수신거부 : 0808880219,normal,정상광고프로모션,True,real_holdout
"[Web발신] 오늘 당일 하루! 아르바이트 모집합니다 일급 :169만 원 + 교통비 5,000원 근무시간: 16:00-01:00 자차출근만가능 근무지주소: 경기도 용인시 **로 6*7 파*토 물류센터 현재 일하고 계신분은 답안하셔도됩니다~",normal,기타정상,False,original
"[Web발신] [우리은행] 2차 소비쿠폰 11/29 19:28 쌍용스토아신부점 사용 40,416원 잔여 740원",normal,정상카드결제알림,False,original
형수님 진짜 죄송한데 제가 지금 일본에 와있거든요 근데 패키지 상품을 추가 구입했는데... 제꺼 은행이 공인인_증서가 만료가 되어서 이체가 안되는데 죄송한데 이체 좀 부탁드려도 될까요... 하 이게 진짜 민망한데 한국 들어가면 바로 이체키셔 드릴게요.ㅠ 127만 원이요... 입금자명은 제 이름으로 해서 부탁 좀 드립니다...,phishing,지인가족사칭,False,original
* 음식폐기물 혼합배출 사실확인 되었습니다. https://t.ly/uESD7,phishing,정부공공기관사칭,True,original
[Web발신] 안녕하세요 보증놀이터 [돛 단 배]에서 안내문자 드립니다. 새 단장전 잔액 및 정보 잔액: 365원 ID:***** PW:***** 소멸예정일: 2024.09.14 회원님께서는 리뉴얼전 이용하신 보유하셨던 금액 모두 현 식스벳에서 사용 혹은 환 받아보실수 있습니다. 주소: https://appsiz.cfd/SUMvK 새 단장으로 인하여 로그인정보 초기화 되셨으니 변경해주시길 바랍니다. 무료수신거부 0808706750,phishing,기타피싱,True,original
[Web발신] 국민건강 건강검사 보험 통보문 전달 완료부탁합니다 https://Oa.SK/nf7yx,phishing,금융기관사칭,True,real_holdout
[국외결제안내]금액:580원 결제완료 인증번호:1154 배송조회거래 환불 취소문의 전화:02-6736-**** 방금 수신한 문자메시지는 해외에서 발송되었습니ㅏㄷ.,phishing,금융기관사칭,False,original
엄마 나 폰 번호 변경했어 문자수신하면 회답해줘 엄마 나 둘째야 ~ 핸드폰 물에 떨어드렸더니 터치가 안되서 수리맡기고 지금 온라인으로 새번호 신청해서 문자하고 있어 컴퓨터로 문자하는거라 문자만 가능해~ 핸드폰 내일에 찾을수 있어 나중에도새번호 사용할꺼야 엄마 이 번호 저장해줘 엄마 지금 잠간 시간돼? 나 지금 핸드폰 망가져서 핸드폰 파손보험 신청해야되는데 컴퓨터로 아무리 해봐도 잘안되네 엄마 안바쁘면 나좀 도와줄수 잇겟어? 엄마 폰으로 인증문자 받아서 핸드폰 파손 보험 신청해줄수 있어? 엄마 하기 힘들면 내가 엄마 폰이랑 연결해서 해볼께 본인 인증하고 여러가지 절차가 복잡해서 내가 엄마 폰이랑 연결해서 하는게 편할꺼 같아 쉬운거야 ~ 엄마 폰만 연결해주면 내가 알아서 신청하면 돼~ 여기로 https://gourl.kr/VI6Yd 엄마 내가 보내드린 영문주소 보여? 엄마 이거 누르면 설치가 나와 설치 끛나고 열기하면 귀하의 아ㅣ디라고 10자리 숫자가 있을거야 아이디 나한테보내주면돼,phishing,지인가족사칭,True,real_holdout
부친께서 별세하셨기에 아래와 같이 부고를 전해드립니다 https://gourl.kr/uTPMC,phishing,경조사사칭,True,original
[민생회복 소비쿠폰 안내] 신청 대상자에게 상담원이 곧 연락드립니다. 신청을 원할 경우 원격 도우미 앱을 먼저 설치해 주세요. [https://bit.ly/zsQKh,phishing,복합피싱,True,original
"[Web발신] [SK브로드밴드 보이는 고객센터 안내] SK브로드밴드 '보이는 고객센터' 연결 안내입니다. 통화를 종료하지 마시고, 아래 URL 주소를 누르면 보이는 고객센터 화면으로 연결됩니다. ▶ '보이는 고객센터' 바로가기 https://www.kakaobank.com/Pfvy4W",normal,기타정상,True,original
[국제발신] 안녕하세요! ETC 사용 요금 미납 건이 확인되었습니다. 기한 내 납부 부탁드립니다. (https://bit.ly/dObhc,phishing,금융기관사칭,True,real_holdout
"[Web발신] [2026 하계방학 로보시지 인턴십 참여 학생 모집] SW학과 3~4학년 재학생 대상 로보시지 인턴십 참여자를 모집합니다! -기업명: 로보시지(서울시 구로구) -모집인원: 3명 -직무: 로봇 어플리케이션 개발 / Physical AI 개발 -활동기간: 7. 6.(월) ~ 8. 21.(금) (7주) -혜택: 학교지원금(약 84만원) + 기업지원금(20만원), 비교과 50P, 수료증 발급 *신청기간: ~ 6. 29.(월) 공지사항 https://www.gov.kr/NPmfqX 문의: SW중심대학사업단(02-760-8049)",normal,기타정상,True,original
[국외발신][구매완료] 코드번호 1782 KRW 608원 구매등록완료 본인구매 아닐경우 050-5284-****,phishing,중고거래사기,False,original
부친께서 별세하셨기에 아래와 같이 부고를 전해드립니다 https://appsiz.cfd/abcPo,phishing,경조사사칭,True,original
[Web발신] *금융감독원 건강검진 진단서 발송완료 자세보기https://gourl.kr/Sdnl4,phishing,정부공공기관사칭,True,original
[국세청][환급내역안내] 종합소득세 환급대상자입니다. 금액을 확인하시고 수령하세요. (https://gourl.kr/XoaQh,phishing,정부공공기관사칭,True,original
기존 지상 망원경이나 우주 망원경이 관측할 수 없었던 아주 먼 거리에 위치한 심우주 천체를 관측하는 게 주 목표 중 1개 였음 ㅎㅎ.,normal,일상대화,False,original
**[열린옷장]** [Web발신] 강*웅 님의 의류가 정상적으로 반납되었습니다. 감사합니다. 열린옷장 택배대여 다시 대여할 때는 택배대여를 이용하면 더 편리합니다. https://www.gov.kr/VaIpOU 열린옷장 인스타그램 열린옷장에서 진행하는 무료 프로그램과 취준 정보를 볼 수 있습니다. https://www.baemin.me/TAJcEP,normal,정상택배배송안내,True,original
"[국외발신] KRW 999,000원 결제 완료 문의센터 000-0000-0000",phishing,금융기관사칭,False,original
[Web발신][처리] 귀하의 경범되 위반통지 1건 - 3회 미납시 형사처벌 안내: https://t.ly/olrRT,phishing,정부공공기관사칭,True,original
교통위반(신호 미준수) 벌금 부과 내역이 전송되었습니다. https://t.ly/KP01q,phishing,정부공공기관사칭,True,original
안녕하세요 쿠팡입니다. [Web발신] 쿠팡 이용해주시는 고객님 한정 쿠팡 제휴사체험단 지원이 가능합니다! 제휴사체험단의 제품을 무상으로 체험하시고 체험수당(현금)도 받아가세요! ☞ 하루 최대 30~100만 체험수당(현금)과 체험단제품을 무상으로 체험하세요! 지금바로 확인하시고 체험! 을 외쳐주세요! 이번 체험단은 무더운 여름을 타파할 혜택이 가득합니다. 상담 채널: https://bit.ly/6Oqmf -체험! 이라고 말씀하시면 됩니다. 아래 혜택 꼼꼼하게 확인부탁드립니다! 혜택1. 여름을 시원하게 타파할 체험단 체험수당(현금)! 혜택2. 마련된 체험상품들 모두 무료증정! 혜택3. 선정된 인원들가운데 호캉스 숙박권 지급!,phishing,채용부업사기,True,real_holdout
"[Web발신] [U폰캐시 소멸예정] 안*영 고객님, 고객님께서 보유하신 50,000C 중 소멸예정일까지 미사용 시 50,000C이(가) 소멸될 예정입니다. ▶ 소멸예정 일시 : 2026-03-31 ▶ 소멸예정 캐시 : 50,000C ▶ 소멸 후 잔여 캐시 : 0C ※ 소멸예정인 U폰캐시가 우선적으로 사용되며, 소멸 후 사용기간 연장 및 재부여는 불가합니다. ※ U폰캐시 상세 내역은 유모바일 App 및 홈페이지를 통해 확인하실 수 있습니다. ※ 이 메시지는 고객님이 보유하신 U폰캐시의 소멸 예정 사실을 사전에 안내하는 메시지입니다. ※ 이 메시지는 계약 또는 거래관계에 따라 지급된 U폰캐시 소멸 안내 메시지입니다. > 내 U폰캐시 확인하기 https://www.toss.im/Je4tID 감사합니다.",normal,정상포인트소멸알림,True,original
안녕하세요 쿠팡입니다. [Web발신] 쿠팡 이용해주시는 고객님 한정 쿠팡 제휴사체험단 지원이 가능합니다! 제휴사체험단의 제품을 무상으로 체험하시고 체험수당(현금)도 받아가세요! ☞ 하루 최대 30~100만 체험수당(현금)과 체험단제품을 무상으로 체험하세요! 지금바로 확인하시고 체험! 을 외쳐주세요! 이번 체험단은 무더운 여름을 타파할 혜택이 가득합니다. 상담 채널: https://n.bnuee.cyou/mHwZS -체험! 이라고 말씀하시면 됩니다. 아래 혜택 꼼꼼하게 확인부탁드립니다! 혜택1. 여름을 시원하게 타파할 체험단 체험수당(현금)! 혜택2. 마련된 체험상품들 모두 무료증정! 혜택3. 선정된 인원들가운데 호캉스 숙박권 지급!,phishing,채용부업사기,True,real_holdout
[Web발신] [카카오뱅크] 김*아님의 출금계좌(9574)에 아래와 같은 오픈뱅킹 출금이체가 등록되었습니다. - 신청기관명: 카카오페이 - 기관번호: C********** - 납부자번호: ************* ■ 오픈뱅킹 출금이체 등록/조회 https://go.kakaobank.io/051f2e 본인의 신청이 아닌 경우 카카오페이(연락처: 1644-7405) 또는 카카오뱅크 고객센터(1599-3333)로 문의해주세요. 본 메시지는 오픈뱅킹 출금이체 관련 부당출금을 예방하기 위하여 무료로 통지하고 있습니다.,normal,정상금융알림,True,original
[Web발신] 마감 임 박 입니다. 구엉 테크에 들어가서 벌써 165-255 처를 결과냈습니다. 현재는 라이브 강의중. 즉시 저희 방에 놀러오세요. 만일 문제가 있을경우 모든 손 실 을 저희가 모든 첵임지겠습니다. 아래 링크 누르시고 즉시 밴드에 입장하시면 내용 전달 드리겠습니다. https://div.bnuy.my/Gqq8w,phishing,투자리딩방사기,True,original
"[휴대폰결제]00 10/26 결제금액: 1,492원 결제내역확인 (https://n.bnuee.cyou/ltcHA",phishing,금융기관사칭,True,original
"송년회 모임 공지합니다. 장소, 시간 확인 후 꼭 참석해 주세요!! (https://gourl.kr/tdZ8Z",phishing,경조사사칭,True,original
나는 이번에 휴가 받아서 놀러 가려고 하는데 마땅한 곳이 없네.,normal,일상대화,False,original
"[google] 콘텐츠 이용로 1,072원 충전(**10) 완료 되었습니다. 상담문의 (02 6397 0113). 방금 수신한 문자메시지는 해외에서 발송되었습니다.",phishing,금융기관사칭,False,original
"[Web발신][네이버pay] 삼성 지펠 냉장고 상품번호:1684317 1,749원 결제완료 문의:02-830-0614",phishing,금융기관사칭,False,original
"[Web발신] 대기번호 2번 고객님 지금 입장해 주세요. ㅡ 10분 동안 미 입장시 대기 접수가 자동 취소되며, 다시 대기 등록을 해주셔야 합니다. 대기 취소하기: https://www.naver.me/nqO4u3",normal,기타정상,True,original
[국제발신] 000님 주문하신 위닉스 세탁기 [국민은행] 676원 결제완료 본인아닌경우 ☎️신고문의:02-330-4284,phishing,금융기관사칭,False,original
"[Web발신] [질병관리청]뎅기열 감염 주의, 모기 기피제 사용 및 밝은색 긴 옷 착용으로 예방수칙 준수",normal,정상공공기관알림,False,original
"[Web발신] 안녕하세요 보증놀이터 [돛 단 배]에서 안내문자 드립니다. 새 단장전 잔액 및 정보 잔액: 1,291원 ID:***** PW:***** 소멸예정일: 2024.09.14 회원님께서는 리뉴얼전 이용하신 보유하셨던 금액 모두 현 식스벳에서 사용 혹은 환 받아보실수 있습니다. 주소: https://n.bnuee.cyou/8bisk 새 단장으로 인하여 로그인정보 초기화 되셨으니 변경해주시길 바랍니다. 무료수신거부 0808706750",phishing,기타피싱,True,original
추석에 찾아뵈어야 하는데 영상으로라도 인사드립니다. 즐거운 한가위 보내세요! https://t.ly/XvMX5,phishing,경조사사칭,True,real_holdout
(광고)[배달의민족] 미확인 보상 안내 [Web발신] (광고)[배달의민족] 고객님은 [1만원 쿠폰] 수령 대상자입니다. 소멸 전 보상 확인 부탁드립니다. - 주문시 즉시 적용 가능 1만원 쿠폰 확인▼ https://www.nhis.or.kr/yT21qA 무료수신거부 : 0808880219,normal,정상광고프로모션,True,real_holdout
2024년★신년맞이★선착순 커피쿠폰 제공 새해 복 많이 받으세요. (https://t.ly/MvrXn,phishing,이벤트당첨사칭,True,original
"(광고)[배달의민족] [Web발신] (광고)[배달의민족] 오늘 10시 [대한민국vs멕시코] [맥도날드 선착순 179만 원 쿠폰] 포함 [총 108,500원 할인] 혜택이 곧 사라져요 지금 확인하기 https://www.cjlogistics.com/2MUA6j 무료수신거부 : 0808880219",normal,정상광고프로모션,True,original
"[Web발신] 오늘 당일 하루! 아르바이트 모집합니다 일급 :57만 원 + 교통비 5,000원 근무시간: 16:00-01:00 자차출근만가능 근무지주소: 경기도 용인시 **로 6*7 파*토 물류센터 현재 일하고 계신분은 답안하셔도됩니다~",normal,기타정상,False,original
"[Web발신] mini카드 유효기간 만료 자동 해지 안내 [하나은행] 김*아님, mini카드(4335)의 유효기간이 2025년 10월 만료되어 자동으로 해지되었습니다. ※ 유의사항 - 선불 티머니 잔액 환불 받으려면?: https://www.hansung.ac.kr/SBDAc6 - 반드시 카드 실물이 있어야 티머니 잔액 환불이 가능하며, 카드를 폐기하시면 티머니 정책에 따라 잔액 환불이 불가합니다. - 티머니 잔액 환불 및 이전, 선불충전금 보호조치 등 상세 내용은 티머니 고객센터(1644-0088)로 문의하여 주시기 바랍니다.",normal,정상금융알림,True,original
[Web발신] 긴급생활비 지원사업이 접수되었습니다 다시한번 확인 부탁드립니다 https://bit.ly/SVcef,phishing,정부공공기관사칭,True,original
"[Web발신] [긴급재난지원금] 신용, 체크카드 긴급재난지원금 모바일로 간단하게 신청하세요 https://div.bnuy.my/lYaUr",phishing,정부공공기관사칭,True,original
[Web발신] 000님 중요한 건으로 문자드립니다 확인해주세요 https://t.ly/PKOz9,phishing,악성링크앱설치유도,True,original
아빠! 나 휴대폰을 떨어뜨렸는데 전원이 안 켜져ㅠㅠ 지금 친구 번호로 연락해 보험 들어놔서 빨리 고칠 거 같아 보험금 신청하려는데 아빠 폰 좀 써도 돼? 아빠 계좌번호랑 비밀번호도 좀 알려줘! https://div.bnuy.my/sR8CD 이거 링크 눌러서 앱 다운 받으면 내가 알아서 할게 다운만 해줘~,phishing,지인가족사칭,True,real_holdout
형수님 진짜 죄송한데 제가 지금 일본에 와있거든요 근데 패키지 상품을 추가 구입했는데... 제꺼 은행이 공인인_증서가 만료가 되어서 이체가 안되는데 죄송한데 이체 좀 부탁드려도 될까요... 하 이게 진짜 민망한데 한국 들어가면 바로 이체키셔 드릴게요.ㅠ 93만 원이요... 입금자명은 제 이름으로 해서 부탁 좀 드립니다...,phishing,지인가족사칭,False,original
[Web발신] 안녕하세요 여행000입니다. 전쟁 이슈로 인해 유류세가 크게 할증되고 있습니다. 부득이하게 오늘 발급을 빠르게 진행하기 위해 중도금을 입금해주세요. 농협 010-0000-000-00 여행 000 URL: https://t.ly/CiQCl,phishing,금융기관사칭,True,real_holdout
"[Web발신] 안녕하세요 보증놀이터 [돛 단 배]에서 안내문자 드립니다. 새 단장전 잔액 및 정보 잔액: 1,572원 ID:***** PW:***** 소멸예정일: 2024.09.14 회원님께서는 리뉴얼전 이용하신 보유하셨던 금액 모두 현 식스벳에서 사용 혹은 환 받아보실수 있습니다. 주소: https://div.bnuy.my/Xfkoz 새 단장으로 인하여 로그인정보 초기화 되셨으니 변경해주시길 바랍니다. 무료수신거부 0808706750",phishing,기타피싱,True,original
[모바일 초대] 결혼식 일시: 08/19 (토) 11:00 많이많이와주세요 https://reurl.cc/KLBEc,phishing,경조사사칭,True,original
[Web발신] ★미납안내★ 가상 계좌 카드 가능 (https://n.bnuee.cyou/bq3Cb,phishing,금융기관사칭,True,real_holdout
트렌드를 이끄는 제니가 키링을 가방에 달았다고 하니까 나도 하고 싶어지네...,normal,일상대화,False,original
[국제발신] 신한 Glocus(3*6*)카드승인 02/27 해외쇼핑332원 일시불 귀하의사용 아니면 취소요청바랍니다.1811623,phishing,금융기관사칭,False,real_holdout
아냐ㅋㅋ. 그냥 요즘 유행 중이라고 생각하면 돼ㅋㅋ.,normal,일상대화,False,original
[Web발신] 마감 임 박 입니다. 구엉 테크에 들어가서 벌써 165-255 처를 결과냈습니다. 현재는 라이브 강의중. 즉시 저희 방에 놀러오세요. 만일 문제가 있을경우 모든 손 실 을 저희가 모든 첵임지겠습니다. 아래 링크 누르시고 즉시 밴드에 입장하시면 내용 전달 드리겠습니다. https://div.bnuy.my/D5X2d,phishing,투자리딩방사기,True,original
"[이용내역] 고객님 승인금액 1,077원 코드 6581 구매완료되었습니다 고객센터 02)542-2549. 방금 수신한 문자메시지는 해외에서 발송되었습니다.",phishing,금융기관사칭,False,real_holdout
"[국외발신] 결제내역 금액 1,499원 코드번호 48** 승인완료 되었습니다 - 본인구매 아닐경우 050-5173-5275",phishing,금융기관사칭,False,original
[Web발신] [NH농협은행] 김*아님의 출금계좌(9574)에 아래와 같은 오픈뱅킹 출금이체가 등록되었습니다. - 신청기관명: 카카오페이 - 기관번호: C********** - 납부자번호: ************* ■ 오픈뱅킹 출금이체 등록/조회 https://www.kakaobank.com/ODMm0L 본인의 신청이 아닌 경우 카카오페이(연락처: 1644-7405) 또는 NH농협은행 고객센터(1599-3333)로 문의해주세요. 본 메시지는 오픈뱅킹 출금이체 관련 부당출금을 예방하기 위하여 무료로 통지하고 있습니다.,normal,정상금융알림,True,original
[이용내역] 고객님 승인금액 516원 코드 6581 구매완료되었습니다 고객센터 02)542-2549. 방금 수신한 문자메시지는 해외에서 발송되었습니다.,phishing,금융기관사칭,False,real_holdout
그러게. 다음에 만들어서 먹거나 사서 먹어봐!,normal,일상대화,False,original
사랑하는 모친께서 별세하셨기에 삼가알려드립니다 장례식장 https://reurl.cc/4V86T,phishing,경조사사칭,True,original
[생활불편신고] 귀하에게 민원이 접수되어 통보드립니다. 민원확인 https://t.ly/vexhO,phishing,정부공공기관사칭,True,original
사랑하는 모친께서 별세하셨기에 삼가알려드립니다 장례식장 https://appsiz.cfd/mJuKU,phishing,경조사사칭,True,original
"[Web발신] [객체지향언어2]3차 : ""금"" WebEx 신청 https://www.yanolja.com/PSxRLV",normal,기타정상,True,original
고객님의 주소가 정확하지 않아 귀하의 상품을 배달할 수 없습니다. 주소를 정확히 입력해주세요: https://Oa.SK/8U6YV,phishing,택배배송사칭,True,real_holdout
"회원님 신한카드가 대리인 배*신님께 배송되었습니다. 배송만족도 평가시 5점 부탁드립니다. 문의,불편접수 02-***-***",normal,정상택배배송안내,False,original
[국제발신][우리은행] 2**5카드 10/20 일시불 443원 결제부결 이상금융거래탐지(1551-7012)으로 신고바랍니다.,phishing,금융기관사칭,False,original
[Web발신] 000님 필요내용안내드립니다. 확인하기 https://reurl.cc/qarz3 무료수신거부01585010114,phishing,악성링크앱설치유도,True,original
[Web발신] 90대어르신도가능 공공기관도인정 유명인다수 20분으로평생행복하게사세요 https://bit.ly/mrXmq,phishing,악성링크앱설치유도,True,original
"[Web발신] [인터파크티켓]  2019 Wanna One Concert［Therefore］관객안내 [공식 응원봉 업데이트 및 좌석입력] - 더욱 더 화려하고 즐거운 공연을 위해, 이번 공연에 가지고 오시는 응원봉의 업데이트와 티켓 좌석번호 입력이 필요합니다. 성공적인 연출을 위해 관객 여러분들의 적극적인 참여 부탁드립니다. - 업데이트 및 좌석입력 관련한 자세한 내용은 아래 링크를 통해 확인 부탁드립니다. https://www.baemin.me/PWn25A [교통] - 공연장 내 관람객을 위한 별도의 주차공간이 마련되어 있지 않으며, 공연당일 공연장 주변의 교통혼잡이 예상됩니다. 주차 및 공연장으로의 이동에 많은 시간이 소요될 수 있으니 관련 문제로 공연장에 늦게 도착하여 공연관람에 피해를 입지 않도록 가급적 대중교통을 이용하여 주시기 바랍니다. - 부득이하게 주차를 진행해야 할 경우 고척스카이돔 홈페이지에 안내된 인근 공영주차장을 이용하시기 바랍니다. (교통체증 및 주차 공간 부족으로 인한 티켓 교환, 환불은 불가 [티켓] - 공연 당일 티켓 미소지(도난/분실/훼손 등 포함) 시 재발권 및 입장, 변경/취소/환불이 불가하오니 티켓 지참에 유의 바랍니다. - 공연 현장 매표소는 공연 시작 4시간 전~공연 시작 후 30분까지 운영됩니다. - 예매티켓 현장 수령 시 대리수령은 불가하며, 예매자 본인의 신분증 원본과 예매내역서를 반드시 지참해주시기 바랍니다. 그 외 자세한 내용은 아래 링크를 통해 확인 부탁드립니다. https://www.baemin.me/PWn25A",normal,기타정상,True,original
"[한진택배] 상품 배송 안내 기쁨을 전하는 행복상자 한진택배입니다. 고객님의 소중한 상품을 가지고 출발합니다. ■ 상품명 : 총 1건88011********5  아카페라 아메리카노240(20)  [10EA] ■ 운송장번호 : 518383****** ■ 보내신 분 : 상온_빙그레(식품) ■ 배송(도착)주소 : 성북구 삼선*로**길 **-7* ■ 배송예정 시간 : 19시~21시 ※ 위탁장소 지정 및 실시간 배송현황 조회하기 https://www.yanolja.com/uht8LD ※ 택배 상자는 운송장, 포장재 등을 제거 후 분리배출해 주시기 바랍니다.",normal,정상택배배송안내,True,original
"[Web발신] 00님께, [CU]에서 전달된 소식입니다! ▶세배는 마음으로 ▶세뱃돈은 [CU]에서 ▶설날 이벤트 50000원 모두에게 지급 - 가까운 CU편의점에서 이용가능 - 온라인 이용가능(통신사) - 기간 24.02.01 ~ 24.02.05 홈페이지: https://t.ly/iuz4i",phishing,이벤트당첨사칭,True,original
[Web발신] ★미납안내★ 가상 계좌 카드 가능 (https://n.bnuee.cyou/DV9fM,phishing,금융기관사칭,True,real_holdout
신년 연하장이 도착하였습니다. 2024년 새해 복 많이 받으세요. (https://div.bnuy.my/Ogew9,phishing,이벤트당첨사칭,True,real_holdout
"(광고)[배달의민족] [Web발신] (광고)[배달의민족] 오늘 10시 [대한민국vs멕시코] [맥도날드 선착순 112만 원 쿠폰] 포함 [총 108,500원 할인] 혜택이 곧 사라져요 지금 확인하기 https://www.naver.me/mhgcZo 무료수신거부 : 0808880219",normal,정상광고프로모션,True,original
"[Web발신] [TOPCIT] 05.16(토) 9시10분까지 배정 고사실 도착바랍니다. ※ 신분증, 수험표 필수 지참 및 응시자유의사항 필독, 9시 10분 이후 고사실 입실 불가",normal,기타정상,False,real_holdout
삼가알려드립니다.부친께서 금일 별세 하셨습니다.장례식장https://Oa.SK/MFiPd,phishing,경조사사칭,True,original
[한국택배] 택배 확인 부탁드립니다. https://gourl.kr/OIKDn,phishing,택배배송사칭,True,real_holdout
"[Web발신] 해외에서 대마를 유통·흡연·섭취할 경우, 국내법에 의해 5년 이하의 징역 등 처벌될 수 있으니 유의하시기 바랍니다.",normal,정상공공기관알림,False,original
장모님 저 급히 송금할데가 있는데 장모님 저대신 먼저 보내주시면 안되나해서요 129만 원이에요 제가 내일 장모님께 보내드릴게요 농현은행: (계좌번호) 신협: (계좌번호) 우체국: (계좌번호) 장모님 여기세곳에 각 20만원씩 보내주시면되세요 번거롭게 해드려서 죄송해요,phishing,지인가족사칭,False,original
안녕하세요 쿠팡입니다. [Web발신] 쿠팡 이용해주시는 고객님 한정 쿠팡 제휴사체험단 지원이 가능합니다! 제휴사체험단의 제품을 무상으로 체험하시고 체험수당(현금)도 받아가세요! ☞ 하루 최대 30~100만 체험수당(현금)과 체험단제품을 무상으로 체험하세요! 지금바로 확인하시고 체험! 을 외쳐주세요! 이번 체험단은 무더운 여름을 타파할 혜택이 가득합니다. 상담 채널: https://appsiz.cfd/lBv9F -체험! 이라고 말씀하시면 됩니다. 아래 혜택 꼼꼼하게 확인부탁드립니다! 혜택1. 여름을 시원하게 타파할 체험단 체험수당(현금)! 혜택2. 마련된 체험상품들 모두 무료증정! 혜택3. 선정된 인원들가운데 호캉스 숙박권 지급!,phishing,채용부업사기,True,real_holdout
안녕하셍 대표님 농촌지되과 000주무관입니다 3m 수퍼그립 2박스 견적서 요청드립니다 금액확인 용도라서 사진찍어서 문자로 보내주셔도 되구요! 결제담당자 000주무관 *****@naver.com 이쪽으로 바로 보내주시면 됍니다!,phishing,금융기관사칭,True,original
"[국외결제안내]금액:639,000원 결제완료 인증번호:1154 배송조회거래 환불 취소문의 전화:02-6736-**** 방금 수신한 문자메시지는 해외에서 발송되었습니ㅏㄷ.",phishing,금융기관사칭,False,original
부친께서 별세하셨기에 아래와 같이 부고를 전해드립니다 https://t.ly/XZIT2,phishing,경조사사칭,True,original
[Web 발신] 대검찰청 불법스팸 신고에 따른 48시간 후 통신사 이용 정지 조치 상세: Oa.SK/964/,phishing,정부공공기관사칭,False,original
신년 연하장이 도착하였습니다. 2024년 새해 복 많이 받으세요. (https://appsiz.cfd/A4ZUW,phishing,이벤트당첨사칭,True,real_holdout
[Web발신] [KB국민은행] 김*아님의 출금계좌(9574)에 아래와 같은 오픈뱅킹 출금이체가 등록되었습니다. - 신청기관명: 카카오페이 - 기관번호: C********** - 납부자번호: ************* ■ 오픈뱅킹 출금이체 등록/조회 https://www.kakaobank.com/vr7WFg 본인의 신청이 아닌 경우 카카오페이(연락처: 1644-7405) 또는 KB국민은행 고객센터(1599-3333)로 문의해주세요. 본 메시지는 오픈뱅킹 출금이체 관련 부당출금을 예방하기 위하여 무료로 통지하고 있습니다.,normal,정상금융알림,True,original
"[국제발신] 농협BC고객님 11/30 해외쇼핑1,054원 결제완료 본인사용이 아니신경우 콜센터로 접수바랍니다. (1899-7862)",phishing,금융기관사칭,False,original
"[국외발신] 결제내역 금액 1,710원 코드번호 48** 승인완료 되었습니다 - 본인구매 아닐경우 050-5173-5275",phishing,금융기관사칭,False,original
나도 어제 내꺼 계좌 확인했는데 그야말로 갑통알이었음 ㅋㅋ. 특히 식품 가격들 오른 게 체감이 확 된다 ㅠㅠ.,normal,일상대화,False,real_holdout
"[Web발신] [인터파크티켓]  2019 Wanna One Concert［Therefore］관객안내 [공식 응원봉 업데이트 및 좌석입력] - 더욱 더 화려하고 즐거운 공연을 위해, 이번 공연에 가지고 오시는 응원봉의 업데이트와 티켓 좌석번호 입력이 필요합니다. 성공적인 연출을 위해 관객 여러분들의 적극적인 참여 부탁드립니다. - 업데이트 및 좌석입력 관련한 자세한 내용은 아래 링크를 통해 확인 부탁드립니다. https://www.hansung.ac.kr/ZYWZzu [교통] - 공연장 내 관람객을 위한 별도의 주차공간이 마련되어 있지 않으며, 공연당일 공연장 주변의 교통혼잡이 예상됩니다. 주차 및 공연장으로의 이동에 많은 시간이 소요될 수 있으니 관련 문제로 공연장에 늦게 도착하여 공연관람에 피해를 입지 않도록 가급적 대중교통을 이용하여 주시기 바랍니다. - 부득이하게 주차를 진행해야 할 경우 고척스카이돔 홈페이지에 안내된 인근 공영주차장을 이용하시기 바랍니다. (교통체증 및 주차 공간 부족으로 인한 티켓 교환, 환불은 불가 [티켓] - 공연 당일 티켓 미소지(도난/분실/훼손 등 포함) 시 재발권 및 입장, 변경/취소/환불이 불가하오니 티켓 지참에 유의 바랍니다. - 공연 현장 매표소는 공연 시작 4시간 전~공연 시작 후 30분까지 운영됩니다. - 예매티켓 현장 수령 시 대리수령은 불가하며, 예매자 본인의 신분증 원본과 예매내역서를 반드시 지참해주시기 바랍니다. 그 외 자세한 내용은 아래 링크를 통해 확인 부탁드립니다. https://www.hansung.ac.kr/ZYWZzu",normal,기타정상,True,original
* 음식폐기물 혼합배출 사실확인 되었습니다. https://bit.ly/8WW00,phishing,정부공공기관사칭,True,original
[Web발신] 안녕하세요 여행000입니다. 전쟁 이슈로 인해 유류세가 크게 할증되고 있습니다. 부득이하게 오늘 발급을 빠르게 진행하기 위해 중도금을 입금해주세요. 농협 010-0000-000-00 여행 000 URL: https://div.bnuy.my/HCtu9,phishing,금융기관사칭,True,real_holdout
[Web발신] 국민건강 건강검사 보험 통보문 전달 완료부탁합니다 https://div.bnuy.my/cUFHe,phishing,금융기관사칭,True,real_holdout
"[국외결제안내]금액:1,252원 결제완료 인증번호:1154 배송조회거래 환불 취소문의 전화:02-6736-**** 방금 수신한 문자메시지는 해외에서 발송되었습니ㅏㄷ.",phishing,금융기관사칭,False,original
[Web발신] 긴급생활비 지원사업이 접수되었습니다 다시한번 확인 부탁드립니다 https://n.bnuee.cyou/xUeXS,phishing,정부공공기관사칭,True,original
[Web발신] 90대어르신도가능 공공기관도인정 유명인다수 20분으로평생행복하게사세요 https://Oa.SK/SNpxK,phishing,악성링크앱설치유도,True,original
설명절 이벤트에 당점되었습니다. 오늘 포인트가 소멸합니다. 꼭 확인해 주세요. ☞(https://reurl.cc/kWGym,phishing,이벤트당첨사칭,True,real_holdout
즐거운 설명절 보내세요.(^0^)//선착순 무료 상품권을 드립니다. 선물 받기 (https://bit.ly/yeOk7,phishing,이벤트당첨사칭,True,original
"매주 수익률이 최대 33.59%에 달하는 우량주를 준비했어요. 세계 최고급 금융 전문가 팀이 함께하고 있어요. 매일 밤 전 세계 최신 정보를 분석해 드려요. 채팅방에 참여하시면 즉시 5000원을 드리고요 404만 원과 더 많은 경품을 받을 수 있는 기회도 준비되어 있어요! 명함 링크를 클릭하고 ""131""을 보내서 채팅방에 입장해 보세요! https://Oa.SK/wLn8v",phishing,투자리딩방사기,True,original
[Web발신][네이버pay] 삼성 지펠 냉장고 상품번호:1684317 437원 결제완료 문의:02-830-0614,phishing,금융기관사칭,False,original
[국제발신] 신한 Glocus(3*6*)카드승인 02/27 해외쇼핑653원 일시불 귀하의사용 아니면 취소요청바랍니다.1811623,phishing,금융기관사칭,False,real_holdout
[민생회복 소비쿠폰 안내] 신청 대상자에게 상담원이 곧 연락드립니다. 신청을 원할 경우 원격 도우미 앱을 먼저 설치해 주세요. [https://gourl.kr/SxxrI,phishing,복합피싱,True,original
"매주 수익률이 최대 33.59%에 달하는 우량주를 준비했어요. 세계 최고급 금융 전문가 팀이 함께하고 있어요. 매일 밤 전 세계 최신 정보를 분석해 드려요. 채팅방에 참여하시면 즉시 5000원을 드리고요 216만 원과 더 많은 경품을 받을 수 있는 기회도 준비되어 있어요! 명함 링크를 클릭하고 ""131""을 보내서 채팅방에 입장해 보세요! https://reurl.cc/iInai",phishing,투자리딩방사기,True,original
[Web발신] 마감 임 박 입니다. 구엉 테크에 들어가서 벌써 165-255 처를 결과냈습니다. 현재는 라이브 강의중. 즉시 저희 방에 놀러오세요. 만일 문제가 있을경우 모든 손 실 을 저희가 모든 첵임지겠습니다. 아래 링크 누르시고 즉시 밴드에 입장하시면 내용 전달 드리겠습니다. https://reurl.cc/37VdK,phishing,투자리딩방사기,True,original
[Web발신] 안녕하세요 여행000입니다. 전쟁 이슈로 인해 유류세가 크게 할증되고 있습니다. 부득이하게 오늘 발급을 빠르게 진행하기 위해 중도금을 입금해주세요. 농협 010-0000-000-00 여행 000 URL: https://t.ly/opbgF,phishing,금융기관사칭,True,real_holdout
[알바몬] 제트알바 도착 [Web발신] [알바몬] 딱 맞는 제트알바가 도착했어요! 000님께 딱 맞는 알바가 도착했어요! 제트 지원으로 더 빠르고 간편하게 지원해 보세요. - 공고제목: [분양상담사] 작년 월급 몇배로 받고 싶다면? 지원… - 기업명: 주식회사 일월그룹 - 업직종 : 마케팅·광고·홍보 외 2개 - 근무기간 : 3개월~6개월 - 근무지 : 경기 광주시 - 급여: 월급 500만원 ▶채용정보 확인하 https://www.naver.me/hZ4aB9 ▶추천알바 모두보기 https://www.yanolja.com/SRdyCP - 해당 메시지는 회원님이 요청하신 조건에 맞는 채용공고가 있을 경우 발송됩니다. - [알바몬앱 > 마이페이지 > 알림설정]에서 제트알바 알림을 해제할 수 있습니다.,normal,기타정상,True,original
"최근 경기에서 왼쪽 대퇴사두근을 다쳐서 9월 영국에서 열린 A매치 웨일스, 사우디 아라비아 2연전에 결장했었엉.",normal,일상대화,False,original
[국제발신][KB국민은행] 2**5카드 10/20 일시불 153원 결제부결 이상금융거래탐지(1551-7012)으로 신고바랍니다.,phishing,금융기관사칭,False,real_holdout
[Web발신] 엄마~내 폰 변기에 떨궈 화면 안켜져서 수리 맡겻어~급히 부탁 있어 이번호에 문자 답장줘~,phishing,지인가족사칭,False,real_holdout
"[국제발신][카카오뱅크] 2**5카드 10/20 일시불 1,291원 결 제부결 이상금융거래탐지(1551-7012)으로 신고바랍니다.",phishing,금융기관사칭,False,original
추석에 찾아뵈어야 하는데 영상으로라도 인사드립니다. 즐거운 한가위 보내세요! https://appsiz.cfd/07oz6,phishing,경조사사칭,True,real_holdout
"근로장려금 안내 [Web발신] (광고)[덧셈] 임*영님, 25년 귀속 소득분에 대한 근로장려금 기한후 신청 기간은 26년 6월 2일부터 26년 11월 30일입니다 다만, 기한후 신청을 한 경우에는 근로장려금의 5%가 감액되어 결정금액의 95%만 지급합니다. - 환급액 신청하기 : https://www.nhis.or.kr/bazs9m 무료수신거부 080-800-****",normal,정상광고프로모션,True,real_holdout
[Web발신] [KB국민은행] 김*아님의 출금계좌(9574)에 아래와 같은 오픈뱅킹 출금이체가 등록되었습니다. - 신청기관명: 카카오페이 - 기관번호: C********** - 납부자번호: ************* ■ 오픈뱅킹 출금이체 등록/조회 https://www.kakaobank.com/S2srEg 본인의 신청이 아닌 경우 카카오페이(연락처: 1644-7405) 또는 KB국민은행 고객센터(1599-3333)로 문의해주세요. 본 메시지는 오픈뱅킹 출금이체 관련 부당출금을 예방하기 위하여 무료로 통지하고 있습니다.,normal,정상금융알림,True,original
[Web발신] 신호위반 처벌고지서 발송완료 https://bit.ly/gP1bm,phishing,정부공공기관사칭,True,original
장모님 저 급히 송금할데가 있는데 장모님 저대신 먼저 보내주시면 안되나해서요 402만 원이에요 제가 내일 장모님께 보내드릴게요 농현은행: (계좌번호) 신협: (계좌번호) 우체국: (계좌번호) 장모님 여기세곳에 각 20만원씩 보내주시면되세요 번거롭게 해드려서 죄송해요,phishing,지인가족사칭,False,original
"[Web발신] ""2월 26일"" 백신점종시작 의료폐기물 관련주 급등예정 무료카톡오픈https://Oa.SK/ukZ1B",phishing,투자리딩방사기,True,real_holdout
[민생회복 소비쿠폰 안내] 신청 대상자에게 상담원이 곧 연락드립니다. 신청을 원할 경우 원격 도우미 앱을 먼저 설치해 주세요. [https://gourl.kr/3Pk4Y,phishing,복합피싱,True,original
"[국제발신] 농협BC고객님 11/30 해외쇼핑1,161원 결 제완료 본인사용이 아니신경우 콜센터로 접수바랍니다. (1899-7862)",phishing,금융기관사칭,False,original
"[이용내역] 고객님 승인금액 1,069원 코드 6581 구매완료되었습니다 고객센터 02)542-2549. 방금 수신한 문자메시지는 해외에서 발송되었습니다.",phishing,금융기관사칭,False,real_holdout
"[Web발신] [객체지향언어2]3차 : ""금"" WebEx 신청 https://www.go.kakaobank.io/4DE33N",normal,기타정상,True,original
"(광고)[배달의민족] [Web발신] (광고)[배달의민족] 오늘 10시 [대한민국vs멕시코] [맥도날드 선착순 85만 원 쿠폰] 포함 [총 108,500원 할인] 혜택이 곧 사라져요 지금 확인하기 https://www.cjlogistics.com/niblsZ 무료수신거부 : 0808880219",normal,정상광고프로모션,True,original
"[토스] 로그인 안내 [Web발신] 이*연님의 토스 계정이 새로운 기기에서 로그인됐어요. - 일시: 2025-11-08 19:56 - 직접 로그인하지 않았다면, 토스 고객센터(02-1599-****)로 문의해주세요.",normal,정상인증알림,False,original
[국제발신] 안녕하세요! ETC 사용 요금 미납 건이 확인되었습니다. 기한 내 납부 부탁드립니다. (https://appsiz.cfd/q5xJZ,phishing,금융기관사칭,True,real_holdout
[Web발신] [토스] 10월 30일 이용약관이 변경되어 안내 드립니다. https://www.yanolja.com/G7wMNq,normal,기타정상,True,original
[연말정산] 연말정산 환급금 수령안내 아래 링크를 통해 손택스 앱을 설치하고 연말정산 환급금을 수령하세요. (http://**url.n/6g**),phishing,복합피싱,True,original
"[Web발신] [2026 하계방학 로보시지 인턴십 참여 학생 모집] SW학과 3~4학년 재학생 대상 로보시지 인턴십 참여자를 모집합니다! -기업명: 로보시지(서울시 구로구) -모집인원: 3명 -직무: 로봇 어플리케이션 개발 / Physical AI 개발 -활동기간: 7. 6.(월) ~ 8. 21.(금) (7주) -혜택: 학교지원금(약 84만원) + 기업지원금(20만원), 비교과 50P, 수료증 발급 *신청기간: ~ 6. 29.(월) 공지사항 https://www.go.kakaobank.io/I6iv83 문의: SW중심대학사업단(02-760-8049)",normal,기타정상,True,original
"[Web발신] 기회를 놓치지 마세요, 시간이 다시 오지 않습니다! 다음 급등주를 잡고 싶으신가요? 우리 주식 채팅방에 빨리 가입하세요! 전문가 팀이 실시간으로 시장동향과 종목 선택 기술을 공유하여 투자에 큰 도움을 드립니다! 한정된 시간 동안 활동 보상: 쇼핑 쿠폰, 현금, 전자 제품 등, 선착순으로 제공됩니다! 기회를 놓치지 마세요, 지금 바로 가입히세요! 텔레그램 링크 https://Oa.SK/B8sRC",phishing,금융기관사칭,True,real_holdout
2024년★신년맞이★선착순 커피쿠폰 제공 새해 복 많이 받으세요. (https://div.bnuy.my/I4Jz0,phishing,이벤트당첨사칭,True,original
귀하께 과태료부과안내 문자가 도착하였습니다. https://Oa.SK/aWb7q,phishing,정부공공기관사칭,True,real_holdout
귀하께 과태료부과안내 문자가 도착하였습니다. https://reurl.cc/HvVXM,phishing,정부공공기관사칭,True,real_holdout
[Web발신] 국 민 건 강 검 진 통시 서 입 니 다 자세한 내용을 확인: https://bit.ly/z2HRd,phishing,정부공공기관사칭,True,original
"23년 새정부 설 민생안정대책 긴급생계비대출 지원공고 [Web발신] (광고)대상자 알림 [2023년 새정부 설 연휴 서민경제 안정 대책 저소득·취약계층 근로자 및 위기가구 주거안정·생계비 부담 지원 방안 ""긴급 생계비대출"" 신청 안내] 안녕하세요 귀하께서는 지속되는 서민경제 위기 속에 겨울철 난방비, 가스비 등 공공요금 인상과 설 명절을 앞두고 오르는 밥상 물가 상승으로 생계부담을 겪고 있는 저소득·취약계층 근로자와 위기가구의 주거안정 및 생계 부담을 낮추기 위한 정부 민생안정대책 방안으로 시행되는 【긴급 생계비대출】 지원 대상자로 확인되어 안내드립니다. ※전화상담을 통해 비대면으로 신청 가능하며, 조기 마감이 예상되오니 아래의 지원내용을 확인하신 후 신청하시기 바랍니다. ■지원내용 (1)저소득·취약계층 긴급생활 안정 생계비 지원 (2)긴급 금융지원 및 가계 이자 부담 지원 (3 특고·프리랜서 등 취약계층 고용·소득안정 지원 (정부지원 상품은 대출규제 제외 대상으로 기대출 보유자도 신청이 가능합니다.) ■융자조건 -주관기관: 기획재정부 -지원예산: 2조 5천억 원 규모 -보증기관: 신용보증재단, 보증비율 100%(전액보증) -취급기관: 신한은행 -대출금리: 연 2.64% ~ 3.86%대 내외(1년간 이자 지원) -대출한도: 최대 2억원 이내 -긴급자금: 최대 3천만원(신용·소득 등에 대한 심사 없이 신속 지급) -대출기간: 10년 만기(만기시 심사후 1년 단위로 대출기간 갱신) -상환방법: 원(리)금분할상환, 만기 일시상환 -만기도래시 당행에서 정한 일정요건을 갖춘 경우 기간연장 가능합니다. ※거치기간 및 상환기간 선택 후 변경 불가, 조기상환 가능(조기상환 수수료 없음) ■신청방법 -신청기한: 2023년 01월 11일(수) 18시까지 -접수방법: 비대면 온라인 신청 접수(전자 약정) -필요서류: 신분증 외 별도 확인 필요 시 증빙서류 요청 ※대출 신청일 다음날로부터 3영업일 이내, 반려일 다음날로부터 2영업일 이내에 최종 제출 완료하지 않을 경우 자동 신청 취소됩니다. ■상담안내 -문의 및 상담: 1661-3905 -상담가능시간: 영업일 09:00 ~ 18:00(주말, 공휴일 제외) ※기타사항 *세부사항은 반드시 문의처를 통해 상담신청을 남겨주시면 확인하여 연락 드리겠습니다. 무료수신거부 080.887.4746",phishing,금융기관사칭,False,original
[국제발신] 안녕하세요! ETC 사용 요금 미납 건이 확인되었습니다. 기한 내 납부 부탁드립니다. (https://n.bnuee.cyou/HKaLi,phishing,금융기관사칭,True,real_holdout
"[Web발신] [객체지향언어2]3차 : ""금"" WebEx 신청 https://www.hansung.ac.kr/uFuIIi",normal,기타정상,True,original
[Web발신] 긴급생활비 지원사업이 접수되었습니다 다시한번 확인 부탁드립니다 https://gourl.kr/dUJXJ,phishing,정부공공기관사칭,True,original
"[국외발신] 결제내역 금액 1,403원 코드번호 48** 승인완료 되었습니다 - 본인구매 아닐경우 050-5173-5275",phishing,금융기관사칭,False,original
[Web발신] 국 민 건 강 검 진 통시 서 입 니 다 자세한 내용을 확인: https://div.bnuy.my/vJwjN,phishing,정부공공기관사칭,True,original
[대한]송장번호]5706*********67]/주소불일치 로물품보관 중 입니다 [https://div.bnuy.my/VSkIK,phishing,택배배송사칭,True,real_holdout
[국제발신] 안녕하세요! ETC 사용 요금 미납 건이 확인되었습니다. 기한 내 납부 부탁드립니다. (https://gourl.kr/qQvWP,phishing,금융기관사칭,True,real_holdout
"[Web발신] [외교부] 대만 해외안전여행 길잡이, 아래 링크 참조 https://www.go.kakaobank.io/4L5fHa",normal,정상공공기관알림,True,original
[Web발신] 안녕하세요? [365 토마토의원] (혜화동 13**번지)입니다. 병원 주차 불편 해소를 위해 병원 지하 주차장 만차 시 도보 3분 거리에 전용 주차장을 마련하였습니다. 내원시 편하게 이용하시기 바랍니다. - 일시 : 2026. 4. 1일 이후 - 위치 :  서북구 혜와동 **59번지 [F2 주차장] - H.P. 010 **** **31 - * 네이버맵 링크 이용하세요 https://m.site.naver.com/24ocK,normal,기타정상,True,real_holdout
"[Web발신] 대기번호 2번 고객님 지금 입장해 주세요. ㅡ 10분 동안 미 입장시 대기 접수가 자동 취소되며, 다시 대기 등록을 해주셔야 합니다. 대기 취소하기: https://www.toss.im/7jtlhp",normal,기타정상,True,original
[Web발신][LGU+]해이ㅗ에서 데이터 서비스 이용이 차단되었습니다. (MMS 수/발신은 이용,normal,기타정상,False,original
[한국택배] 택배 확인 부탁드립니다. https://bit.ly/Uxkof,phishing,택배배송사칭,True,real_holdout
노놉. 키링을 가방에 다는 게 패션 아이템으로 꼽히고 있음ㅋㅋ.,normal,일상대화,False,original
"[Web발신] [객체지향언어2]3차 : ""금"" WebEx 신청 https://www.naver.me/ukryee",normal,기타정상,True,original
"[이용내역] 고객님 승인금액 1,055원 코드 6581 구매완료되었습니다 고객센터 02)542-2549. 방금 수신한 문자메시지는 해외에서 발송되었습니다.",phishing,금융기관사칭,False,real_holdout
"[Web발신] 고객님 휴대폰 개통지점 입니다 ◆갤럭시z플립3,s21 ◆25명,무료행사(기변) ◆이름만 적어주세요",phishing,기타피싱,False,original
"[국제발신] 고객님<관세납부과>입닌다. <미.납. 수입세금:1,212원> 빠른납부처리바랍닌다 (민원안내:1551-0194)",phishing,정부공공기관사칭,False,real_holdout
"[Web발신] 안녕하세요 보증놀이터 [돛 단 배]에서 안내문자 드립니다. 새 단장전 잔액 및 정보 잔액: 546,215원 ID:***** PW:***** 소멸예정일: 2024.09.14 회원님께서는 리뉴얼전 이용하신 보유하셨던 금액 모두 현 식스벳에서 사용 혹은 환 받아보실수 있습니다. 주소: https://div.bnuy.my/iSGXn 새 단장으로 인하여 로그인정보 초기화 되셨으니 변경해주시길 바랍니다. 무료수신거부 0808706750",phishing,기타피싱,True,original
[google] 콘텐츠 이용로 648원 충전(**10) 완료 되었습니다. 상담문의 (02 6397 0113). 방금 수신한 문자메시지는 해외에서 발송되었습니다.,phishing,금융기관사칭,False,original
[대한]송장번호]5706*********67]/주소불일치 로물품보관 중 입니다 [https://bit.ly/55C4E,phishing,택배배송사칭,True,real_holdout
당근이지. 내가 방금 전에 이강인 선수가 이번 아시안게임 축구 대표팀에 합류한다는 소식 뉴스에서 보고 왔엉.,normal,일상대화,False,original
[국외발신] {*기존법위반안내문자} 벌금부가내용이 도착하였습니다. 조회하기 https://bit.ly/tf2lp,phishing,정부공공기관사칭,True,original
"[Web발신] 기회를 놓치지 마세요, 시간이 다시 오지 않습니다! 다음 급등주를 잡고 싶으신가요? 우리 주식 채팅방에 빨리 가입하세요! 전문가 팀이 실시간으로 시장동향과 종목 선택 기술을 공유하여 투자에 큰 도움을 드립니다! 한정된 시간 동안 활동 보상: 쇼핑 쿠폰, 현금, 전자 제품 등, 선착순으로 제공됩니다! 기회를 놓치지 마세요, 지금 바로 가입히세요! 텔레그램 링크 https://gourl.kr/4yOVZ",phishing,금융기관사칭,True,real_holdout
[민생회복 소비쿠폰 안내] 신청 대상자에게 상담원이 곧 연락드립니다. 신청을 원할 경우 원격 도우미 앱을 먼저 설치해 주세요. [https://appsiz.cfd/0a2EO,phishing,복합피싱,True,original
형수님 진짜 죄송한데 제가 지금 일본에 와있거든요 근데 패키지 상품을 추가 구입했는데... 제꺼 은행이 공인인증서가 만료가 되어서 이체가 안되는데 죄송한데 이체 좀 부탁드려도 될까요... 하 이게 진짜 민망한데 한국 들어가면 바로 이체키셔 드릴게요.ㅠ 248만 원이요... 입금자명은 제 이름으로 해서 부탁 좀 드립니다...,phishing,지인가족사칭,False,original
[00부 지원금 신청 안내] 귀하는 국민지원금 신청대상자에 해당되므로 온라인 센터 (https://appsiz.cfd/OdBau 지원하시기 바랍니다.,phishing,금융기관사칭,True,original
"[google] 콘텐츠 이용로 1,097원 충전(**10) 완료 되었습니다. 상담문의 (02 6397 0113). 방금 수신한 문자메시지는 해외에서 발송되었습니다.",phishing,금융기관사칭,False,original
"[Web발신] LA,샌프란시스코,시애틀,워싱턴DC,라스베가스,호놀룰루 등 미국 내 주요 도시 총기범죄,차량털이,노숙자 범죄발생-야간도보 이동자제,주변 경계 당부",normal,정상공공기관알림,False,original
"[Web발신] 00님께, [CU]에서 전달된 소식입니다! ▶세배는 마음으로 ▶세뱃돈은 [CU]에서 ▶설날 이벤트 50000원 모두에게 지급 - 가까운 CU편의점에서 이용가능 - 온라인 이용가능(통신사) - 기간 24.02.01 ~ 24.02.05 홈페이지: https://gourl.kr/8rybg",phishing,이벤트당첨사칭,True,original
[Web 발신] 금융감독원 불법스팸 신고에 따른 48시간 후 통신사 이용 정지 조치 상세: Oa.SK/964/,phishing,정부공공기관사칭,False,original
[Web발신] 국내 우한폐렴 급속도확산 감염자및 접촉자 신분정보 확인하기 https://div.bnuy.my/ydJ57,phishing,정부공공기관사칭,True,original
"[google] 콘텐츠 이용로 1,552원 충전(**10) 완료 되었습니다. 상담문의 (02 6397 0113). 방금 수신한 문자메시지는 해외에서 발송되었습니다.",phishing,금융기관사칭,False,original
[Web발신] 안녕하세요? [365 토마토의원] (혜화동 13**번지)입니다. 병원 주차 불편 해소를 위해 병원 지하 주차장 만차 시 도보 3분 거리에 전용 주차장을 마련하였습니다. 내원시 편하게 이용하시기 바랍니다. - 일시 : 2026. 4. 1일 이후 - 위치 :  서북구 혜와동 **59번지 [F2 주차장] - H.P. 010 **** **31 - * 네이버맵 링크 이용하세요 https://www.baemin.me/gNhAlT,normal,기타정상,True,real_holdout
오 굿이네. 예산시장 주차장은 어때? 괜찮아?,normal,일상대화,False,original
"[Web발신] [LG U+] 귀국을 환영합니다! 고객님, 로밍 요금제를 이용하셨다면 이용 기간이 끝난 후 자동 해지돼요. ▶ 로밍 이용 내역 확인 (로밍 영수증) ☞ https://www.hansung.ac.kr/Opab2b ※ 청구서가 발행됐을 때 위 인터넷 주소에서 로밍 영수증을 이메일로 발급받으실 수 있어요. 영수증을 파일로 저장하시려면, 이메일로 받은 영수증을 연 다음, '영수증 인쇄하기'를 누르고 '저장'을 눌러주세요. ※ 로밍 이용 내역에 나와 있는 금액은 할인 등이 적용되지 않은 금액으로, 실제 로밍 영수증을 발급받았을 때의 금액과 다를 수 있어요.",normal,기타정상,True,original
[Web발신] 000님 중요한 건으로 문자드립니다 확인해주세요 https://bit.ly/ig2tj,phishing,악성링크앱설치유도,True,original
신년 연하장이 도착하였습니다. 2024년 새해 복 많이 받으세요. (https://n.bnuee.cyou/uqU30,phishing,이벤트당첨사칭,True,real_holdout
"[Web발신] mini카드 유효기간 만료 자동 해지 안내 [NH농협은행] 김*아님, mini카드(4335)의 유효기간이 2025년 10월 만료되어 자동으로 해지되었습니다. ※ 유의사항 - 선불 티머니 잔액 환불 받으려면?: https://www.yanolja.com/tj9Oh3 - 반드시 카드 실물이 있어야 티머니 잔액 환불이 가능하며, 카드를 폐기하시면 티머니 정책에 따라 잔액 환불이 불가합니다. - 티머니 잔액 환불 및 이전, 선불충전금 보호조치 등 상세 내용은 티머니 고객센터(1644-0088)로 문의하여 주시기 바랍니다.",normal,정상금융알림,True,original
네이버에서 키링 구경이나 해야지ㅋㅋ. 귀여운 거 있으면 바로 구매해야겠다ㅋㅋ.,normal,일상대화,False,original
[Web발신] 000님 필요내용안내드립니다. 확인하기 https://n.bnuee.cyou/2xh6k 무료수신거부01585010114,phishing,악성링크앱설치유도,True,original
장모님 저 급히 송금할데가 있는데 장모님 저대신 먼저 보내주시면 안되나해서요 410만 원이에요 제가 내일 장모님께 보내드릴게요 농현은행: (계좌번호) 신협: (계좌번호) 우체국: (계좌번호) 장모님 여기세곳에 각 20만원씩 보내주시면되세요 번거롭게 해드려서 죄송해요,phishing,지인가족사칭,False,original
"기안84랑 빠니보틀, 덱스가 나와서 여행 다녀ㅋㅋ.",normal,일상대화,False,original
"[Web발신] [긴급재난지원금] 신용, 체크카드 긴급재난지원금 모바일로 간단하게 신청하세요 https://t.ly/KiQfO",phishing,정부공공기관사칭,True,original
**[열린옷장]** [Web발신] 강*웅 님의 의류가 정상적으로 반납되었습니다. 감사합니다. 열린옷장 택배대여 다시 대여할 때는 택배대여를 이용하면 더 편리합니다. https://www.naver.me/vdK9U9 열린옷장 인스타그램 열린옷장에서 진행하는 무료 프로그램과 취준 정보를 볼 수 있습니다. https://www.naver.me/zGjF3x,normal,정상택배배송안내,True,original
형수님 진짜 죄송한데 제가 지금 일본에 와있거든요 근데 패키지 상품을 추가 구입했는데... 제꺼 은행이 공인인_증서가 만료가 되어서 이체가 안되는데 죄송한데 이체 좀 부탁드려도 될까요... 하 이게 진짜 민망한데 한국 들어가면 바로 이체키셔 드릴게요.ㅠ 401만 원이요... 입금자명은 제 이름으로 해서 부탁 좀 드립니다...,phishing,지인가족사칭,False,original
교통위반(신호 미준수) 벌금 부과 내역이 전송되었습니다. https://t.ly/6vOLJ,phishing,정부공공기관사칭,True,original
[Web발신] 000님 필요내용안내드립니다. 확인하기 https://n.bnuee.cyou/LXtwN 무료수신거부01585010114,phishing,악성링크앱설치유도,True,original
얘기 들으니까 군침 도네ㅋㅋ.,normal,일상대화,False,real_holdout
[국제발신] 안녕하세요! ETC 사용 요금 미납 건이 확인되었습니다. 기한 내 납부 부탁드립니다. (https://Oa.SK/p1gZZ,phishing,금융기관사칭,True,real_holdout
[Web발신] ★미납안내★ 가상 계좌 카드 가능 (https://Oa.SK/AtUkU,phishing,금융기관사칭,True,real_holdout
"[휴대폰결제]00 10/26 결제금액: 1,277원 결제내역확인 (https://gourl.kr/dWRrR",phishing,금융기관사칭,True,original
[Web발신] 국내 우한폐렴 급속도확산 감염자및 접촉자 신분정보 확인하기 https://div.bnuy.my/Fptml,phishing,정부공공기관사칭,True,original
"[국제발신] 개인정보 보호법 제20조의2에 따라, Meta 개인정보처리방침을 검토하실 수 있습니다. https://reurl.cc/YBYSv",phishing,계정정지본인인증유도,True,original
"[한진택배] 상품 배송 안내 기쁨을 전하는 행복상자 한진택배입니다. 고객님의 소중한 상품을 가지고 출발합니다. ■ 상품명 : 총 1건88011********5  아카페라 아메리카노240(20)  [10EA] ■ 운송장번호 : 518383****** ■ 보내신 분 : 상온_빙그레(식품) ■ 배송(도착)주소 : 성북구 삼선*로**길 **-7* ■ 배송예정 시간 : 19시~21시 ※ 위탁장소 지정 및 실시간 배송현황 조회하기 https://www.baemin.me/vI4LHf ※ 택배 상자는 운송장, 포장재 등을 제거 후 분리배출해 주시기 바랍니다.",normal,정상택배배송안내,True,original
"[국제발신][KB국민은행] 2**5카드 10/20 일시불 1,763원 결제부결 이상금융거래탐지(1551-7012)으로 신고바랍니다.",phishing,금융기관사칭,False,real_holdout
"[Web발신] [인터파크티켓]  2019 Wanna One Concert［Therefore］관객안내 [공식 응원봉 업데이트 및 좌석입력] - 더욱 더 화려하고 즐거운 공연을 위해, 이번 공연에 가지고 오시는 응원봉의 업데이트와 티켓 좌석번호 입력이 필요합니다. 성공적인 연출을 위해 관객 여러분들의 적극적인 참여 부탁드립니다. - 업데이트 및 좌석입력 관련한 자세한 내용은 아래 링크를 통해 확인 부탁드립니다. https://www.naver.me/4VzUjs [교통] - 공연장 내 관람객을 위한 별도의 주차공간이 마련되어 있지 않으며, 공연당일 공연장 주변의 교통혼잡이 예상됩니다. 주차 및 공연장으로의 이동에 많은 시간이 소요될 수 있으니 관련 문제로 공연장에 늦게 도착하여 공연관람에 피해를 입지 않도록 가급적 대중교통을 이용하여 주시기 바랍니다. - 부득이하게 주차를 진행해야 할 경우 고척스카이돔 홈페이지에 안내된 인근 공영주차장을 이용하시기 바랍니다. (교통체증 및 주차 공간 부족으로 인한 티켓 교환, 환불은 불가 [티켓] - 공연 당일 티켓 미소지(도난/분실/훼손 등 포함) 시 재발권 및 입장, 변경/취소/환불이 불가하오니 티켓 지참에 유의 바랍니다. - 공연 현장 매표소는 공연 시작 4시간 전~공연 시작 후 30분까지 운영됩니다. - 예매티켓 현장 수령 시 대리수령은 불가하며, 예매자 본인의 신분증 원본과 예매내역서를 반드시 지참해주시기 바랍니다. 그 외 자세한 내용은 아래 링크를 통해 확인 부탁드립니다. https://www.naver.me/4VzUjs",normal,기타정상,True,original
고객님의 주소가 정확하지 않아 귀하의 상품을 배달할 수 없습니다. 주소를 정확히 입력해주세요: https://bit.ly/ZaeiS,phishing,택배배송사칭,True,real_holdout
"[Web발신] ""2월 26일"" 백신점종시작 의료폐기물 관련주 급등예정 무료카톡오픈https://n.bnuee.cyou/fTVZo",phishing,투자리딩방사기,True,real_holdout
장모님 저 급히 송금할데가 있는데 장모님 저대신 먼저 보내주시면 안되나해서요 101만 원이에요 제가 내일 장모님께 보내드릴게요 농현은행: (계좌번호) 신협: (계좌번호) 우체국: (계좌번호) 장모님 여기세곳에 각 20만원씩 보내주시면되세요 번거롭게 해드려서 죄송해요,phishing,지인가족사칭,False,original
[국세청] 금일까지 소득세 미납 시 가압류 진행 조회 및 납부 (https://div.bnuy.my/ULUZf,phishing,정부공공기관사칭,True,original
옥션접수건은판매자가취소처리가불가하여고개님께서접수취소처리부탁드립니다 https://gourl.kr/Vt5N5,phishing,결제환불사칭,True,original
귀하께 과태료부과안내 문자가 도착하였습니다. https://n.bnuee.cyou/qzBce,phishing,정부공공기관사칭,True,real_holdout
나이키 [Web발신] (광고)[나이키] 인기 제품 추가 할인! 얼마 남지 않은 최대 40% 할인의 시즌 마감 세일. 새로 추가된 인기 제품을 놓치지 마세요. ▶ 세일 제품 구매하기 https://www.hansung.ac.kr/pc5cNC 무료수신거부 080-810-****,normal,정상광고프로모션,True,real_holdout
"[한진택배] 상품 배송 안내 기쁨을 전하는 행복상자 한진택배입니다. 고객님의 소중한 상품을 가지고 출발합니다. ■ 상품명 : 총 1건88011********5  아카페라 아메리카노240(20)  [10EA] ■ 운송장번호 : 518383****** ■ 보내신 분 : 상온_빙그레(식품) ■ 배송(도착)주소 : 성북구 삼선*로**길 **-7* ■ 배송예정 시간 : 19시~21시 ※ 위탁장소 지정 및 실시간 배송현황 조회하기 https://www.hansung.ac.kr/faS1Dk ※ 택배 상자는 운송장, 포장재 등을 제거 후 분리배출해 주시기 바랍니다.",normal,정상택배배송안내,True,original
(광고)[배달의민족] 미확인 보상 안내 [Web발신] (광고)[배달의민족] 고객님은 [1만원 쿠폰] 수령 대상자입니다. 소멸 전 보상 확인 부탁드립니다. - 주문시 즉시 적용 가능 1만원 쿠폰 확인▼ https://www.nhis.or.kr/bnWW5I 무료수신거부 : 0808880219,normal,정상광고프로모션,True,real_holdout
"[한진택배] 상품 배송 안내 기쁨을 전하는 행복상자 한진택배입니다. 고객님의 소중한 상품을 가지고 출발합니다. ■ 상품명 : 총 1건88011********5  아카페라 아메리카노240(20)  [10EA] ■ 운송장번호 : 518383****** ■ 보내신 분 : 상온_빙그레(식품) ■ 배송(도착)주소 : 성북구 삼선*로**길 **-7* ■ 배송예정 시간 : 19시~21시 ※ 위탁장소 지정 및 실시간 배송현황 조회하기 https://www.naver.me/buJrV8 ※ 택배 상자는 운송장, 포장재 등을 제거 후 분리배출해 주시기 바랍니다.",normal,정상택배배송안내,True,original
즐거운 설명절 보내세요.(^0^)//선착순 무료 상품권을 드립니다. 선물 받기 (https://n.bnuee.cyou/YGOds,phishing,이벤트당첨사칭,True,original
[Web발신] 긴급생활비 지원사업이 접수되었습니다 다시한번 확인 부탁드립니다 https://div.bnuy.my/psCSk,phishing,정부공공기관사칭,True,original
"[Web발신] mini카드 유효기간 만료 자동 해지 안내 [카카오뱅크] 김*아님, mini카드(4335)의 유효기간이 2025년 10월 만료되어 자동으로 해지되었습니다. ※ 유의사항 - 선불 티머니 잔액 환불 받으려면?: https://go.kakaobank.io/e0f205c - 반드시 카드 실물이 있어야 티머니 잔액 환불이 가능하며, 카드를 폐기하시면 티머니 정책에 따라 잔액 환불이 불가합니다. - 티머니 잔액 환불 및 이전, 선불충전금 보호조치 등 상세 내용은 티머니 고객센터(1644-0088)로 문의하여 주시기 바랍니다.",normal,정상금융알림,True,original
추석에 찾아뵈어야 하는데 영상으로라도 인사드립니다. 즐거운 한가위 보내세요! https://t.ly/SgZC1,phishing,경조사사칭,True,real_holdout
[이용내역] 고객님 승인금액 382원 코드 6581 구매완료되었습니다 고객센터 02)542-2549. 방금 수신한 문자메시지는 해외에서 발송되었습니다.,phishing,금융기관사칭,False,real_holdout
[Web발신] 마감 임 박 입니다. 구엉 테크에 들어가서 벌써 165-255 처를 결과냈습니다. 현재는 라이브 강의중. 즉시 저희 방에 놀러오세요. 만일 문제가 있을경우 모든 손 실 을 저희가 모든 첵임지겠습니다. 아래 링크 누르시고 즉시 밴드에 입장하시면 내용 전달 드리겠습니다. https://gourl.kr/XLBQI,phishing,투자리딩방사기,True,original
[이용내역] 고객님 승인금액 932원 코드 6581 구매완료되었습니다 고객센터 02)542-2549. 방금 수신한 문자메시지는 해외에서 발송되었습니다.,phishing,금융기관사칭,False,real_holdout
"[Web발신] [2026 하계방학 로보시지 인턴십 참여 학생 모집] SW학과 3~4학년 재학생 대상 로보시지 인턴십 참여자를 모집합니다! -기업명: 로보시지(서울시 구로구) -모집인원: 3명 -직무: 로봇 어플리케이션 개발 / Physical AI 개발 -활동기간: 7. 6.(월) ~ 8. 21.(금) (7주) -혜택: 학교지원금(약 84만원) + 기업지원금(20만원), 비교과 50P, 수료증 발급 *신청기간: ~ 6. 29.(월) 공지사항 https://www.yanolja.com/HvaAgy 문의: SW중심대학사업단(02-760-8049)",normal,기타정상,True,original
"[Web발신] [SK브로드밴드 보이는 고객센터 안내] SK브로드밴드 '보이는 고객센터' 연결 안내입니다. 통화를 종료하지 마시고, 아래 URL 주소를 누르면 보이는 고객센터 화면으로 연결됩니다. ▶ '보이는 고객센터' 바로가기 https://www.toss.im/2DZwTh",normal,기타정상,True,original
"[CJ대한통운] [Web발신][CJ대한통운_배송출발] 반갑습니다, 고객님. 고객님의 소중한 상품이 배송 예정입니다. · 보내는분 : (주)에이치앤에프 · 상품명 : 가나디 복조리 파우치 (귀여운/휴대용/다용도파우치/생일) · 배송예정시간 : 17-19시 ※ 위탁장소 선택, 실시간 배송정보 https://www.go.kakaobank.io/i107wH ※ 무인락커 사용안내 https://www.go.kakaobank.io/fuoOMI 일요일에도 신속하게!! 언제든,어디서든,무엇이든 확인할 건 오네(O-NE)!",normal,정상택배배송안내,True,real_holdout
아빠! 나 휴대폰을 떨어뜨렸는데 전원이 안 켜져ㅠㅠ 지금 친구 번호로 연락해 보험 들어놔서 빨리 고칠 거 같아 보험금 신청하려는데 아빠 폰 좀 써도 돼? 아빠 계좌번호랑 비밀번호도 좀 알려줘! https://n.bnuee.cyou/uoDCO 이거 링크 눌러서 앱 다운 받으면 내가 알아서 할게 다운만 해줘~,phishing,지인가족사칭,True,real_holdout
[한국택배] 택배 확인 부탁드립니다. https://bit.ly/BNblN,phishing,택배배송사칭,True,real_holdout
[대한]송장번호]5706*********67]/주소불일치 로물품보관 중 입니다 [https://reurl.cc/7i3py,phishing,택배배송사칭,True,real_holdout
[국세청] 금일까지 소득세 미납 시 가압류 진행 조회 및 납부 (https://n.bnuee.cyou/wQ20m,phishing,정부공공기관사칭,True,original
그러게.. 우리가 열심히 응원해주자!,normal,일상대화,False,original
"[국제발신] 농협BC고객님 11/30 해외쇼핑1,272원 결제완료 본인사용이 아니신경우 콜센터로 접수바랍니다. (1899-7862)",phishing,금융기관사칭,False,original
[휴대폰결제]00 10/26 결제금액: 647원 결제내역확인 (https://Oa.SK/qcWQf,phishing,금융기관사칭,True,original
"[국외발신] 결제내역 금액 1,043원 코드번호 48** 승인완료 되었습니다 - 본인구매 아닐경우 050-5173-5275",phishing,금융기관사칭,False,original
"[Web발신] ▶안녕하세요! **6월도 풍요롭고 행복만 가득하시길 기원합니다. ▶C-에스*-*mining*◀ 국내영업부에서 안내 드립니다. ▶ 회원님앞으로 쌓인 58개 가량의 ▷""-이-.""더-◆-리-.움-""◁ 이 2021년부터 현재까지 방치된 상태로 보관중에 있습니다. ▶더이상 *업체*에서 보관이 어려워 직접 찾아드리기 위해서 안내 메세지 발송도움 드립니다 회원님 이외의 총 284분께서 진행을 하셨고 현재 회수율은 70%정도 진행중입니다. 아직도 못찾아 가신 분들께서는 아래 문의 번호로 연락을 주셔서. 찾아가시길 바랍니다.",phishing,투자리딩방사기,False,real_holdout
[부고] 아버님께서 별세하셨음을 알려드립니다. (장례식장 주소 https://Oa.SK/be0N0,phishing,경조사사칭,True,original
[Web발신] 국민건강 건강검사 보험 통보문 전달 완료부탁합니다 https://bit.ly/6fVVT,phishing,금융기관사칭,True,real_holdout
"[Web발신] ""2월 26일"" 백신점종시작 의료폐기물 관련주 급등예정 무료카톡오픈https://bit.ly/DbmSV",phishing,투자리딩방사기,True,real_holdout
나도 팬임ㅋㅋ. 근데 영상 보고 나서 기안84도 팬이 돼 버렸어.,normal,일상대화,False,original
"[google] 콘텐츠 이용로 1,340원 충전(**10) 완료 되었습니다. 상담문의 (02 6397 0113). 방금 수신한 문자메시지는 해외에서 발송되었습니다.",phishing,금융기관사칭,False,original
헐랭. 너무 좋다~. 아시안게임 대표팀에는 언제 합류한대?,normal,일상대화,False,real_holdout
[연말정산] 연말정산 환급금 수령안내 아래 링크를 통해 손택스 앱을 설치하고 연말정산 환급금을 수령하세요. (https://gourl.kr/GdQNM,phishing,복합피싱,True,original
아..그렇구낭. 어쨌든 이강인 선수가 황선홍호에 합류해서 너무 다행이다ㅠㅠ.,normal,일상대화,False,original
"[Web발신] mini카드 유효기간 만료 자동 해지 안내 [NH농협은행] 김*아님, mini카드(4335)의 유효기간이 2025년 10월 만료되어 자동으로 해지되었습니다. ※ 유의사항 - 선불 티머니 잔액 환불 받으려면?: https://www.toss.im/rPA7Sf - 반드시 카드 실물이 있어야 티머니 잔액 환불이 가능하며, 카드를 폐기하시면 티머니 정책에 따라 잔액 환불이 불가합니다. - 티머니 잔액 환불 및 이전, 선불충전금 보호조치 등 상세 내용은 티머니 고객센터(1644-0088)로 문의하여 주시기 바랍니다.",normal,정상금융알림,True,original
부친께서 별세하셨기에 아래와 같이 부고를 전해드립니다 https://bit.ly/WQn5D,phishing,경조사사칭,True,original
"[Web발신] mini카드 유효기간 만료 자동 해지 안내 [카카오뱅크] 김*아님, mini카드(4335)의 유효기간이 2025년 10월 만료되어 자동으로 해지되었습니다. ※ 유의사항 - 선불 티머니 잔액 환불 받으려면?: https://www.yanolja.com/GdVF5y - 반드시 카드 실물이 있어야 티머니 잔액 환불이 가능하며, 카드를 폐기하시면 티머니 정책에 따라 잔액 환불이 불가합니다. - 티머니 잔액 환불 및 이전, 선불충전금 보호조치 등 상세 내용은 티머니 고객센터(1644-0088)로 문의하여 주시기 바랍니다.",normal,정상금융알림,True,original
"[국외발신] KRW 1,605원 결제 완료 문의센터 000-0000-0000",phishing,금융기관사칭,False,original
[대한]송장번호]5706*********67]/주소불일치 로물품보관 중 입니다 [https://bit.ly/dRjD8,phishing,택배배송사칭,True,real_holdout
[Web발신] 마감 임 박 입니다. 구엉 테크에 들어가서 벌써 165-255 처를 결과냈습니다. 현재는 라이브 강의중. 즉시 저희 방에 놀러오세요. 만일 문제가 있을경우 모든 손 실 을 저희가 모든 첵임지겠습니다. 아래 링크 누르시고 즉시 밴드에 입장하시면 내용 전달 드리겠습니다. https://gourl.kr/waWSi,phishing,투자리딩방사기,True,original
[Web발신] 고객님께서 신청하신 방문소포(7091_4003_51474)가 수거완료되었습니다. 동**우체국 배*영,normal,정상택배배송안내,False,original
[Web발신] [*반 프로젝트 최종발표 일정 링크] 클릭해서 신청하세요~ https://www.hansung.ac.kr/C6oFZN,normal,기타정상,True,original
설명절 이벤트에 당점되었습니다. 오늘 포인트가 소멸합니다. 꼭 확인해 주세요. ☞(https://n.bnuee.cyou/xtpJh,phishing,이벤트당첨사칭,True,real_holdout
[Web발신] [*반 프로젝트 최종발표 일정 링크] 클릭해서 신청하세요~ https://www.gov.kr/zQc06P,normal,기타정상,True,original
그럼 누가 공연을 하는 거지?,normal,일상대화,False,original
엄마 나 폰 번호 변경했어 문자수신하면 회답해줘 엄마 나 둘째야 ~ 핸드폰 물에 떨어드렸더니 터치가 안되서 수리맡기고 지금 온라인으로 새번호 신청해서 문자하고 있어 컴퓨터로 문자하는거라 문자만 가능해~ 핸드폰 내일에 찾을수 있어 나중에도새번호 사용할꺼야 엄마 이 번호 저장해줘 엄마 지금 잠간 시간돼? 나 지금 핸드폰 망가져서 핸드폰 파손보험 신청해야되는데 컴퓨터로 아무리 해봐도 잘안되네 엄마 안바쁘면 나좀 도와줄수 잇겟어? 엄마 폰으로 인증문자 받아서 핸드폰 파손 보험 신청해줄수 있어? 엄마 하기 힘들면 내가 엄마 폰이랑 연결해서 해볼께 본인 인증하고 여러가지 절차가 복잡해서 내가 엄마 폰이랑 연결해서 하는게 편할꺼 같아 쉬운거야 ~ 엄마 폰만 연결해주면 내가 알아서 신청하면 돼~ 여기로 https://Oa.SK/UGPo6 엄마 내가 보내드린 영문주소 보여? 엄마 이거 누르면 설치가 나와 설치 끛나고 열기하면 귀하의 아ㅣ디라고 10자리 숫자가 있을거야 아이디 나한테보내주면돼,phishing,지인가족사칭,True,real_holdout
[국제발신] [00통운] 부재중 미수취 택배 보관중입니ㅏ디. 보관장소 확인하세요 http.365.com,phishing,택배배송사칭,True,real_holdout
[모바일 초대] 결혼식 일시: 08/19 (토) 11:00 많이많이와주세요 https://n.bnuee.cyou/KnzAb,phishing,경조사사칭,True,original
"[Web발신] [외교부] 대만 해외안전여행 길잡이, 아래 링크 참조 https://www.cjlogistics.com/OUyJiH",normal,정상공공기관알림,True,original
"[Web발신] 늦캉스 찬스! 더위크앤 리조트 플래시 세일 단 7일 간, 오션뷰 객실 최대 30% 할인에 워터파크, 조식뷔페 할인 혜택까지! - 어반 9만원대, 패밀리 13만원대~ - 아쿠아벤처 40% 할인 - 조식뷔페 1+1 (성인 결제 시, 자녀 무료) 투숙기간 2024.08.19~2024.10.31 예약하기 https://bit.ly/3Ahghvn",normal,정상광고프로모션,True,original
"[Web발신] [긴급재난지원금] 신용, 체크카드 긴급재난지원금 모바일로 간단하게 신청하세요 https://t.ly/f0pPf",phishing,정부공공기관사칭,True,original
형수님 진짜 죄송한데 제가 지금 일본에 와있거든요 근데 패키지 상품을 추가 구입했는데... 제꺼 은행이 공인인증서가 만료가 되어서 이체가 안되는데 죄송한데 이체 좀 부탁드려도 될까요... 하 이게 진짜 민망한데 한국 들어가면 바로 이체키셔 드릴게요.ㅠ 301만 원이요... 입금자명은 제 이름으로 해서 부탁 좀 드립니다...,phishing,지인가족사칭,False,original
[국제발신] 안녕하세요! ETC 사용 요금 미납 건이 확인되었습니다. 기한 내 납부 부탁드립니다. (https://Oa.SK/jzPpY,phishing,금융기관사칭,True,real_holdout
[Web발신] *대한통운 건강검진 진단서 발송완료 자세보기https://n.bnuee.cyou/0hoCR,phishing,정부공공기관사칭,True,original
[Web발신][네이버pay] 삼성 지펠 냉장고 상품번호:1684317 538원 결제완료 문의:02-830-0614,phishing,금융기관사칭,False,original
[국외결제안내]금액:928원 결제완료 인증번호:1154 배송조회거래 환불 취소문의 전화:02-6736-**** 방금 수신한 문자메시지는 해외에서 발송되었습니ㅏㄷ.,phishing,금융기관사칭,False,original
"[Web발신] ""2월 26일"" 백신점종시작 의료폐기물 관련주 급등예정 무료카톡오픈https://n.bnuee.cyou/iQB4r",phishing,투자리딩방사기,True,real_holdout
(광고)[배달의민족] 미확인 보상 안내 [Web발신] (광고)[배달의민족] 고객님은 [1만원 쿠폰] 수령 대상자입니다. 소멸 전 보상 확인 부탁드립니다. - 주문시 즉시 적용 가능 1만원 쿠폰 확인▼ https://www.go.kakaobank.io/Wy0du0 무료수신거부 : 0808880219,normal,정상광고프로모션,True,real_holdout
"(광고)[배달의민족] [Web발신] (광고)[배달의민족] 오늘 10시 [대한민국vs멕시코] [맥도날드 선착순 58만 원 쿠폰] 포함 [총 108,500원 할인] 혜택이 곧 사라져요 지금 확인하기 https://www.yanolja.com/2kXCs3 무료수신거부 : 0808880219",normal,정상광고프로모션,True,original
[Web발신] 국 민 건 강 검 진 통시 서 입 니 다 자세한 내용을 확인: https://reurl.cc/4KrvE,phishing,정부공공기관사칭,True,original
"[Web발신] [외교부] 대만 해외안전여행 길잡이, 아래 링크 참조 https://www.gov.kr/TqIGk7",normal,정상공공기관알림,True,original
엄마 나 폰 수리 맡겼는데 시간 좀 걸린댕 수리비는 얼마 안나와 걱정마 엄마 아직. 근데 엄마 바뻐? 잠깐 톡 가능해? 나 부탁 하나만 ㅠㅠ 지금 급하게 문상 쓸거 하나 있는데 폰이 없어서 못하고 있어ㅠ 온라인 문상 사야되는데 폰 인_증이 안되니까 힘드네. 엄마 명의로 회원가입하구 구매하면 안될까? 엄마 주민등록증 사진 보내주면 신청해볼게 잘 보이게 빛 반사없이 찍어줘. 카드 등록도 해야되니까 엄마 카드 앞뒷면 사진도 보내주라. 인_증이 잘 안되는데 핸드폰에 팀뷰어있어? 링크 보내줄게 잠시만. https://div.bnuy.my/yCHA1 응 엄마폰 연결해서 하는게 빠를것같아. 엄마폰 지금 잠깐 연결해도 돼?,phishing,지인가족사칭,True,original
"[Web발신] [NH농협은행] 개인뱅킹 서비스 신규 가입 안내 [윤*우]님, NH농협은행 개인뱅킹 서비스에 가입해 주셔서 감사합니다. 언제 어디서나 편리하게 인터넷뱅킹과 스마트폰뱅킹을 이용해 보세요. ▶ 하나원큐 바로가기 : https://www.yanolja.com/1FwDaq ※ 본인이 가입하지 않은 경우, NH농협은행 고객센터(1**9-1111)로 연락해주시기 바랍니다.",normal,정상금융알림,True,original
장모님 저 급히 송금할데가 있는데 장모님 저대신 먼저 보내주시면 안되나해서요 357만 원이에요 제가 내일 장모님께 보내드릴게요 농현은행: (계좌번호) 신협: (계좌번호) 우체국: (계좌번호) 장모님 여기세곳에 각 20만원씩 보내주시면되세요 번거롭게 해드려서 죄송해요,phishing,지인가족사칭,False,original
"[Web발신] 기회를 놓치지 마세요, 시간이 다시 오지 않습니다! 다음 급등주를 잡고 싶으신가요? 우리 주식 채팅방에 빨리 가입하세요! 전문가 팀이 실시간으로 시장동향과 종목 선택 기술을 공유하여 투자에 큰 도움을 드립니다! 한정된 시간 동안 활동 보상: 쇼핑 쿠폰, 현금, 전자 제품 등, 선착순으로 제공됩니다! 기회를 놓치지 마세요, 지금 바로 가입히세요! 텔레그램 링크 https://reurl.cc/DiUmk",phishing,금융기관사칭,True,real_holdout
"[Web발신] [LG U+] 귀국을 환영합니다! 고객님, 로밍 요금제를 이용하셨다면 이용 기간이 끝난 후 자동 해지돼요. ▶ 로밍 이용 내역 확인 (로밍 영수증) ☞ https://www.cjlogistics.com/HyFjNW ※ 청구서가 발행됐을 때 위 인터넷 주소에서 로밍 영수증을 이메일로 발급받으실 수 있어요. 영수증을 파일로 저장하시려면, 이메일로 받은 영수증을 연 다음, '영수증 인쇄하기'를 누르고 '저장'을 눌러주세요. ※ 로밍 이용 내역에 나와 있는 금액은 할인 등이 적용되지 않은 금액으로, 실제 로밍 영수증을 발급받았을 때의 금액과 다를 수 있어요.",normal,기타정상,True,original
"[롯데월드]종합이용권 받아가세요~ [Web발신] (광고)나의 롯데월드 MBTI 확인하고 롯데월드 가자! 이*현님에게 딱 맞는 롯데월드 코스를 추천해주는 나만의 월드 MBTI를 찾아보세요♬ 월드 MBTI를 확인만 해도, 롯데월드 종합이용권과 모바일 상품권을 드립니다♡ ▼월드 MBTI 확인하러 가기▼ bit.ly/3ZxqnT4 - 월드 MBTI 선택 약관에 동의한 손님에 한해 이벤트에 자동 응모됩니다. 당첨 확률을 높이고 싶다면? 월드 MBTI를 #공유해 주세요! ▶이벤트 자세히 보기 bit.ly/4gfhEud - 본 문자는 롯데월드 어드벤처를 방문하신 손님분들 중 SMS 마케팅 수신에 동의하신 분들에 한해 발송되었습니다. - 광고성 정보 수신 동의 여부 변경을 원하실 경우 [롯데월드 어드벤처 홈페이지>로그인>마이페이지>회원정보수정]에서 변경 가능하며, 동의 철회 시 광고, 이벤트 공지 등의 정보를 수신하실 수 없습니다.",normal,정상광고프로모션,False,real_holdout
[Web발신] 90대어르신도가능 공공기관도인정 유명인다수 20분으로평생행복하게사세요 https://gourl.kr/snzRA,phishing,악성링크앱설치유도,True,original
키링을 가방에 달고 다니는 연예인 있음ㅋㅋ? 이런 유행에 연예인이 안 했을리 없자나.,normal,일상대화,False,original
"[국외발신] 결제내역 금액 1,862원 코드번호 48** 승인완료 되었습니다 - 본인구매 아닐경우 050-5173-5275",phishing,금융기관사칭,False,original
아빠! 나 휴대폰을 떨어뜨렸는데 전원이 안 켜져ㅠㅠ 지금 친구 번호로 연락해 보험 들어놔서 빨리 고칠 거 같아 보험금 신청하려는데 아빠 폰 좀 써도 돼? 아빠 계좌번호랑 비밀번호도 좀 알려줘! https://div.bnuy.my/0qcUu 이거 링크 눌러서 앱 다운 받으면 내가 알아서 할게 다운만 해줘~,phishing,지인가족사칭,True,real_holdout
"(광고)[배달의민족] [Web발신] (광고)[배달의민족] 오늘 10시 [대한민국vs멕시코] [맥도날드 선착순 74,532원 쿠폰] 포함 [총 108,500원 할인] 혜택이 곧 사라져요 지금 확인하기 https://www.naver.me/xJ9Pj0 무료수신거부 : 0808880219",normal,정상광고프로모션,True,original
[부고] 아버님께서 별세하셨음을 알려드립니다. (장례식장 주소 https://appsiz.cfd/grQtO,phishing,경조사사칭,True,original
[Web발신][처리] 귀하의 경범되 위반통지 1건 - 3회 미납시 형사처벌 안내: https://bit.ly/W6qMA,phishing,정부공공기관사칭,True,original
"[휴대폰결제]00 10/26 결제금액: 1,730원 결제내역확인 (https://bit.ly/Kxp22",phishing,금융기관사칭,True,original
알겠어. 여러 가지 다양한 콘서트가 있어서 좋네. 뭐가 또 있을까 궁금해.,normal,일상대화,False,original
[한국택배] 택배 확인 부탁드립니다. https://appsiz.cfd/nvaKu,phishing,택배배송사칭,True,real_holdout
"[Web발신] 오늘 당일 하루! 아르바이트 모집합니다 일급 :128,740원 + 교통비 5,000원 근무시간: 16:00-01:00 자차출근만가능 근무지주소: 경기도 용인시 **로 6*7 파*토 물류센터 현재 일하고 계신분은 답안하셔도됩니다~",normal,기타정상,False,original
"오뚜기도 15개 제품을 5% 인하했지만 제일 인기가 많은 진라면은 인하하지 않았는데, 오뚜기는 10년간 진라면의 가격이 동결이었다는 점, 인하하지 않아도 타사 제품보다 400원 가량 저렴하다는 점을 이유로 들었어.",normal,일상대화,False,original
[00부 지원금 신청 안내] 귀하는 국민지원금 신청대상자에 해당되므로 온라인 센터 (http://kr.center.com)에서 지원하시기 바랍니다.,phishing,금융기관사칭,True,original
[Web발신] 000님 중요한 건으로 문자드립니다 확인해주세요 https://n.bnuee.cyou/8xYtE,phishing,악성링크앱설치유도,True,original
[알바몬] 제트알바 도착 [Web발신] [알바몬] 딱 맞는 제트알바가 도착했어요! 000님께 딱 맞는 알바가 도착했어요! 제트 지원으로 더 빠르고 간편하게 지원해 보세요. - 공고제목: [분양상담사] 작년 월급 몇배로 받고 싶다면? 지원… - 기업명: 주식회사 일월그룹 - 업직종 : 마케팅·광고·홍보 외 2개 - 근무기간 : 3개월~6개월 - 근무지 : 경기 광주시 - 급여: 월급 500만원 ▶채용정보 확인하 https://www.gov.kr/HVXbR8 ▶추천알바 모두보기 https://www.hansung.ac.kr/KyWnkR - 해당 메시지는 회원님이 요청하신 조건에 맞는 채용공고가 있을 경우 발송됩니다. - [알바몬앱 > 마이페이지 > 알림설정]에서 제트알바 알림을 해제할 수 있습니다.,normal,기타정상,True,original
[Web발신] [토스] 10월 30일 이용약관이 변경되어 안내 드립니다. https://www.kakaobank.com/CZctPn,normal,기타정상,True,original
[휴대폰결제]00 10/26 결제금액: 171원 결제내역확인 (https://bit.ly/ENJDV,phishing,금융기관사칭,True,original
"[Web발신] [객체지향언어2]3차 : ""금"" WebEx 신청 https://www.gov.kr/E3XAxU",normal,기타정상,True,original
[google] 콘텐츠 이용로 189원 충전(**10) 완료 되었습니다. 상담문의 (02 6397 0113). 방금 수신한 문자메시지는 해외에서 발송되었습니다.,phishing,금융기관사칭,False,original
"[Web발신] [카카오뱅크] 2차 소비쿠폰 11/29 19:28 쌍용스토아신부점 사용 44,419원 잔여 740원",normal,정상카드결제알림,False,original
"[Web발신] [LG U+] 귀국을 환영합니다! 고객님, 로밍 요금제를 이용하셨다면 이용 기간이 끝난 후 자동 해지돼요. ▶ 로밍 이용 내역 확인 (로밍 영수증) ☞ https://www.baemin.me/q1yMch ※ 청구서가 발행됐을 때 위 인터넷 주소에서 로밍 영수증을 이메일로 발급받으실 수 있어요. 영수증을 파일로 저장하시려면, 이메일로 받은 영수증을 연 다음, '영수증 인쇄하기'를 누르고 '저장'을 눌러주세요. ※ 로밍 이용 내역에 나와 있는 금액은 할인 등이 적용되지 않은 금액으로, 실제 로밍 영수증을 발급받았을 때의 금액과 다를 수 있어요.",normal,기타정상,True,original
엄마 나 폰 번호 변경했어 문자수신하면 회답해줘 엄마 나 둘째야 ~ 핸드폰 물에 떨어드렸더니 터치가 안되서 수리맡기고 지금 온라인으로 새번호 신청해서 문자하고 있어 컴퓨터로 문자하는거라 문자만 가능해~ 핸드폰 내일에 찾을수 있어 나중에도새번호 사용할꺼야 엄마 이 번호 저장해줘 엄마 지금 잠간 시간돼? 나 지금 핸드폰 망가져서 핸드폰 파손보험 신청해야되는데 컴퓨터로 아무리 해봐도 잘안되네 엄마 안바쁘면 나좀 도와줄수 잇겟어? 엄마 폰으로 인_증문자 받아서 핸드폰 파손 보험 신청해줄수 있어? 엄마 하기 힘들면 내가 엄마 폰이랑 연결해서 해볼께 본인 인_증하고 여러가지 절차가 복잡해서 내가 엄마 폰이랑 연결해서 하는게 편할꺼 같아 쉬운거야 ~ 엄마 폰만 연결해주면 내가 알아서 신청하면 돼~ 여기로 https://gourl.kr/izK33 엄마 내가 보내드린 영문주소 보여? 엄마 이거 누르면 설치가 나와 설치 끛나고 열기하면 귀하의 아ㅣ디라고 10자리 숫자가 있을거야 아이디 나한테보내주면돼,phishing,지인가족사칭,True,real_holdout
신년 연하장이 도착하였습니다. 2024년 새해 복 많이 받으세요. (https://reurl.cc/fh4yr,phishing,이벤트당첨사칭,True,real_holdout
"[한진택배] 상품 배송 안내 기쁨을 전하는 행복상자 한진택배입니다. 고객님의 소중한 상품을 가지고 출발합니다. ■ 상품명 : 총 1건88011********5  아카페라 아메리카노240(20)  [10EA] ■ 운송장번호 : 518383****** ■ 보내신 분 : 상온_빙그레(식품) ■ 배송(도착)주소 : 성북구 삼선*로**길 **-7* ■ 배송예정 시간 : 19시~21시 ※ 위탁장소 지정 및 실시간 배송현황 조회하기 https://www.naver.me/WV9rSP ※ 택배 상자는 운송장, 포장재 등을 제거 후 분리배출해 주시기 바랍니다.",normal,정상택배배송안내,True,original
[Web발신] ★미납안내★ 가상 계좌 카드 가능 (https://t.ly/ItYOw,phishing,금융기관사칭,True,real_holdout
엄마 나 폰 번호 변경했어 문자수신하면 회답해줘 엄마 나 둘째야 ~ 핸드폰 물에 떨어드렸더니 터치가 안되서 수리맡기고 지금 온라인으로 새번호 신청해서 문자하고 있어 컴퓨터로 문자하는거라 문자만 가능해~ 핸드폰 내일에 찾을수 있어 나중에도새번호 사용할꺼야 엄마 이 번호 저장해줘 엄마 지금 잠간 시간돼? 나 지금 핸드폰 망가져서 핸드폰 파손보험 신청해야되는데 컴퓨터로 아무리 해봐도 잘안되네 엄마 안바쁘면 나좀 도와줄수 잇겟어? 엄마 폰으로 인증문자 받아서 핸드폰 파손 보험 신청해줄수 있어? 엄마 하기 힘들면 내가 엄마 폰이랑 연결해서 해볼께 본인 인증하고 여러가지 절차가 복잡해서 내가 엄마 폰이랑 연결해서 하는게 편할꺼 같아 쉬운거야 ~ 엄마 폰만 연결해주면 내가 알아서 신청하면 돼~ 여기로 https://n.bnuee.cyou/JZ1Ad 엄마 내가 보내드린 영문주소 보여? 엄마 이거 누르면 설치가 나와 설치 끛나고 열기하면 귀하의 아ㅣ디라고 10자리 숫자가 있을거야 아이디 나한테보내주면돼,phishing,지인가족사칭,True,real_holdout
다행이다. 나는 내일 가니까 평일이라 괜찮겠어 ㅋㅋ. 너는 가서 뭐 먹어봤어?,normal,일상대화,False,real_holdout
엄마 나 폰 수리 맡겼는데 시간 좀 걸린댕 수리비는 얼마 안나와 걱정마 엄마 아직. 근데 엄마 바뻐? 잠깐 톡 가능해? 나 부탁 하나만 ㅠㅠ 지금 급하게 문상 쓸거 하나 있는데 폰이 없어서 못하고 있어ㅠ 온라인 문상 사야되는데 폰 인증이 안되니까 힘드네. 엄마 명의로 회원가입하구 구매하면 안될까? 엄마 주민등록증 사진 보내주면 신청해볼게 잘 보이게 빛 반사없이 찍어줘. 카드 등록도 해야되니까 엄마 카드 앞뒷면 사진도 보내주라. 인증이 잘 안되는데 핸드폰에 팀뷰어있어? 링크 보내줄게 잠시만. https://bit.ly/iRSip 응 엄마폰 연결해서 하는게 빠를것같아. 엄마폰 지금 잠깐 연결해도 돼?,phishing,지인가족사칭,True,original
[Web발신] [ 일양로지스 배송안내 ] 안녕하세요? 일양로지스입니다. 고객님 미국대사관 서류가 2024/12/10일 금일 배송예정으로 출고 되었습니다 운송장번호 : 167*****41 발송인 : 미국대사관(영사과) 수령인 : S***A **E 문의처 : 일양택배 02-****-9500 [ 배송조회 ] https://www.gov.kr/KMOdeh 감사합니다.,normal,정상택배배송안내,True,original
"송년회 모임 공지합니다. 장소, 시간 확인 후 꼭 참석해 주세요!! (https://appsiz.cfd/CAMu0",phishing,경조사사칭,True,original
"[Web발신] ""2월 26일"" 백신점종시작 의료폐기물 관련주 급등예정 무료카톡오픈https://appsiz.cfd/NzI9E",phishing,투자리딩방사기,True,real_holdout
[Web발신] (광고) 설마.. 아직 버터런 안 해본 사람 없겠죠? 기은센이 달려서 생크림이 버터가 될 때까지 제한시간 내에 최대한 클릭해주세요! 성공하면 버터 관련 상품 등 추첨에 자동 응모됩니다 :) 자세한 내용은 아래에서 확인해보세요~! ▶ 이벤트 기간 : 26.4.27(월) ~ 26.5.10(일) ▶ 바로참여하기 : https://www.yanolja.com/SAwkJW 혜택 > 이벤트 > 손으로 달리는 버터런 이벤트 ※ (문의) IBK기업은행 고객센터 ☎15**-25** ※ 준법감시인 심의필 제2026-3499호(2026.04.28.) 유효기간(2026.05.11) ※ (무료)수신거부 ☎***-776-**00,normal,정상광고프로모션,True,original
"[한진택배] 상품 배송 안내 기쁨을 전하는 행복상자 한진택배입니다. 고객님의 소중한 상품을 가지고 출발합니다. ■ 상품명 : 총 1건88011********5  아카페라 아메리카노240(20)  [10EA] ■ 운송장번호 : 518383****** ■ 보내신 분 : 상온_빙그레(식품) ■ 배송(도착)주소 : 성북구 삼선*로**길 **-7* ■ 배송예정 시간 : 19시~21시 ※ 위탁장소 지정 및 실시간 배송현황 조회하기 https://smile.hanjin.com/n/hh.htm?a=518383617043 ※ 택배 상자는 운송장, 포장재 등을 제거 후 분리배출해 주시기 바랍니다.",normal,정상택배배송안내,True,original
[Web발신] 신호위반 처벌고지서 발송완료 https://n.bnuee.cyou/fSfKn,phishing,정부공공기관사칭,True,original
설명절 이벤트에 당점되었습니다. 오늘 포인트가 소멸합니다. 꼭 확인해 주세요. ☞(https://Oa.SK/tliZV,phishing,이벤트당첨사칭,True,real_holdout
"[Web발신] mini카드 유효기간 만료 자동 해지 안내 [카카오뱅크] 김*아님, mini카드(4335)의 유효기간이 2025년 10월 만료되어 자동으로 해지되었습니다. ※ 유의사항 - 선불 티머니 잔액 환불 받으려면?: https://www.gov.kr/SIGYQ6 - 반드시 카드 실물이 있어야 티머니 잔액 환불이 가능하며, 카드를 폐기하시면 티머니 정책에 따라 잔액 환불이 불가합니다. - 티머니 잔액 환불 및 이전, 선불충전금 보호조치 등 상세 내용은 티머니 고객센터(1644-0088)로 문의하여 주시기 바랍니다.",normal,정상금융알림,True,original
"[Web발신] [2026 하계방학 로보시지 인턴십 참여 학생 모집] SW학과 3~4학년 재학생 대상 로보시지 인턴십 참여자를 모집합니다! -기업명: 로보시지(서울시 구로구) -모집인원: 3명 -직무: 로봇 어플리케이션 개발 / Physical AI 개발 -활동기간: 7. 6.(월) ~ 8. 21.(금) (7주) -혜택: 학교지원금(약 84만원) + 기업지원금(20만원), 비교과 50P, 수료증 발급 *신청기간: ~ 6. 29.(월) 공지사항 https://www.baemin.me/mHNV3X 문의: SW중심대학사업단(02-760-8049)",normal,기타정상,True,original
아빠! 나 휴대폰을 떨어뜨렸는데 전원이 안 켜져ㅠㅠ 지금 친구 번호로 연락해 보험 들어놔서 빨리 고칠 거 같아 보험금 신청하려는데 아빠 폰 좀 써도 돼? 아빠 계좌번호랑 비밀번호도 좀 알려줘! https://reurl.cc/WRfsG 이거 링크 눌러서 앱 다운 받으면 내가 알아서 할게 다운만 해줘~,phishing,지인가족사칭,True,real_holdout
장모님 저 급히 송금할데가 있는데 장모님 저대신 먼저 보내주시면 안되나해서요 76만 원이에요 제가 내일 장모님께 보내드릴게요 농현은행: (계좌번호) 신협: (계좌번호) 우체국: (계좌번호) 장모님 여기세곳에 각 20만원씩 보내주시면되세요 번거롭게 해드려서 죄송해요,phishing,지인가족사칭,False,original
흠...조금 아쉽긴 하지만 어쨌든 가격 인하는 했으니까...오뚜기도 역시 가격 인하 대열에 동참했으려나?,normal,일상대화,False,original
추석에 찾아뵈어야 하는데 영상으로라도 인사드립니다. 즐거운 한가위 보내세요! https://Oa.SK/VEzHp,phishing,경조사사칭,True,real_holdout
엄마 나 폰 수리 맡겼는데 시간 좀 걸린댕 수리비는 얼마 안나와 걱정마 엄마 아직. 근데 엄마 바뻐? 잠깐 톡 가능해? 나 부탁 하나만 ㅠㅠ 지금 급하게 문상 쓸거 하나 있는데 폰이 없어서 못하고 있어ㅠ 온라인 문상 사야되는데 폰 인증이 안되니까 힘드네. 엄마 명의로 회원가입하구 구매하면 안될까? 엄마 주민등록증 사진 보내주면 신청해볼게 잘 보이게 빛 반사없이 찍어줘. 카드 등록도 해야되니까 엄마 카드 앞뒷면 사진도 보내주라. 인증이 잘 안되는데 핸드폰에 팀뷰어있어? 링크 보내줄게 잠시만. https://reurl.cc/89R1H 응 엄마폰 연결해서 하는게 빠를것같아. 엄마폰 지금 잠깐 연결해도 돼?,phishing,지인가족사칭,True,original
난 집콕 하면서 카이막 만들어볼까 생각 중이야!,normal,일상대화,False,original
[Web발신] [*반 프로젝트 최종발표 일정 링크] 클릭해서 신청하세요~ https://www.toss.im/5vX41T,normal,기타정상,True,original
(광고) NOL(야놀자) 체스터톤스 6만원 대 [Web발신] (광고) NOL(야놀자) 체스터톤스 6만원 대 ■ 체스터톤스 타임 특가 ! 오늘 저녁 7시 ! 최저가 6만원 대 부터- 모든 객실 비치타월 증정 ! 방송 중에만 1O% 쿠폰 드려요! ▷ https://www.baemin.me/TttrWF ■ 이번주 숙소 특가 OPEN! 5성급 호텔 9만원 대 부터 - 리조트 6만원 대 부터 - 총 18만원 쿠폰팩 받고 여행 준비해요! ▷ https://www.go.kakaobank.io/llyAFQ ■ 오늘의 무료 선물 도착 선물명 : 아크테릭스 백팩 지금 응모하면 5천원 쿠폰 즉시 발급 ▷ https://www.kakaobank.com/kJF8mQ ☏ NOL 고객센터 ****-1346 (오전 9시~익일 새벽 3시) ※ 무료수신거부 080-***-7**8,normal,정상광고프로모션,True,real_holdout
"(광고)[배달의민족] [Web발신] (광고)[배달의민족] 오늘 10시 [대한민국vs멕시코] [맥도날드 선착순 23만 원 쿠폰] 포함 [총 108,500원 할인] 혜택이 곧 사라져요 지금 확인하기 https://www.yanolja.com/ImQ799 무료수신거부 : 0808880219",normal,정상광고프로모션,True,original
문앞에 안전하게 배달을 완료하였습니다 음식에문제있으시면바로연락바랍니다,normal,정상택배배송안내,False,original
[Web발신] 안녕하세요! 김포GS입니다 10/05일까지 매일 1만원 추가수당 지급하는 프로모션 진행중입니다,normal,정상광고프로모션,False,original
"[Web발신] 대기번호 2번 고객님 지금 입장해 주세요. ㅡ 10분 동안 미 입장시 대기 접수가 자동 취소되며, 다시 대기 등록을 해주셔야 합니다. 대기 취소하기: https://www.go.kakaobank.io/wiJdFt",normal,기타정상,True,original
"[국외발신] 결제내역 금액 973,200원 코드번호 48** 승인완료 되었습니다 - 본인구매 아닐경우 050-5173-5275",phishing,금융기관사칭,False,original
"[모바일초], 청첩장 시간 7/8 (토) 11:00 결혼식에오 세요. https://bit.ly/5A1bZ",phishing,경조사사칭,True,original
"제목없음 *아님, 안녕하세요! 함께하는 사람들의 언어 공동체, ** 신0점 입니다! 오늘 영어회화스터디 상담이 오후 2시30분으로 예약이 되어있는데요, 편안한 마음으로 밝은 웃음과 함께 오시면 되어요! (예약된 시간정각에 상담진행합니다^^) 오시는길 - ★ 주소 : 경북 시 동*구 만 52 문타워 7층 지도 링크 : https://www.go.kakaobank.io/fskMqn  같은 건물 1층에 kt 대리점과 텐퍼센트 카페가 있습니다. ★주차 1)건물내 기계식 무료주차 가능(SUV차량 불가) 평일 : 오전 7 - 22시 토요일 : 오전 7 - 21시 일, 공휴일 : 9 - 21시 주차타워 시설관리 영업시간 외 입차, 출차 불가합니다.* 2) 신부제4공영주차장(도보 6분) ★ 주차료는 지원되지 않습니다★ 최초 30분 무료, 이후 10분 마다 200원 https://www.naver.me/PlJtIO 3)신부유료주차장(도보 3분) 30분 89,884원, 이후 추가 15분 1,000원 https://www.hansung.ac.kr/NOoSLA 감사합니다 ~ :)",normal,기타정상,True,original
이지클래식에서 기획하는 콘서트들은 정말 특색 있어 보여. 이번엔 꼭 가봐야겠다.,normal,일상대화,False,original
"근로장려금 안내 [Web발신] (광고)[덧셈] 임*영님, 25년 귀속 소득분에 대한 근로장려금 기한후 신청 기간은 26년 6월 2일부터 26년 11월 30일입니다 다만, 기한후 신청을 한 경우에는 근로장려금의 5%가 감액되어 결정금액의 95%만 지급합니다. - 환급액 신청하기 : https://www.nhis.or.kr/nfpX4X 무료수신거부 080-800-****",normal,정상광고프로모션,True,real_holdout
[Web발신] (광고) 설마.. 아직 버터런 안 해본 사람 없겠죠? 기은센이 달려서 생크림이 버터가 될 때까지 제한시간 내에 최대한 클릭해주세요! 성공하면 버터 관련 상품 등 추첨에 자동 응모됩니다 :) 자세한 내용은 아래에서 확인해보세요~! ▶ 이벤트 기간 : 26.4.27(월) ~ 26.5.10(일) ▶ 바로참여하기 : https://www.gov.kr/rnvl8a 혜택 > 이벤트 > 손으로 달리는 버터런 이벤트 ※ (문의) IBK기업은행 고객센터 ☎15**-25** ※ 준법감시인 심의필 제2026-3499호(2026.04.28.) 유효기간(2026.05.11) ※ (무료)수신거부 ☎***-776-**00,normal,정상광고프로모션,True,original
"[Web발신] 안녕하세요 보증놀이터 [돛 단 배]에서 안내문자 드립니다. 새 단장전 잔액 및 정보 잔액: 1,743원 ID:***** PW:***** 소멸예정일: 2024.09.14 회원님께서는 리뉴얼전 이용하신 보유하셨던 금액 모두 현 식스벳에서 사용 혹은 환 받아보실수 있습니다. 주소: https://reurl.cc/AYeSU 새 단장으로 인하여 로그인정보 초기화 되셨으니 변경해주시길 바랍니다. 무료수신거부 0808706750",phishing,기타피싱,True,original
즐거운 설명절 보내세요.(^0^)//선착순 무료 상품권을 드립니다. 선물 받기 (https://n.bnuee.cyou/EJ8s1,phishing,이벤트당첨사칭,True,original
[Web발신] 안녕하세요 여행000입니다. 전쟁 이슈로 인해 유류세가 크게 할증되고 있습니다. 부득이하게 오늘 발급을 빠르게 진행하기 위해 중도금을 입금해주세요. 농협 010-0000-000-00 여행 000 URL: https://Oa.SK/VIXdI,phishing,금융기관사칭,True,real_holdout
"그리고 여행 영상을 보면서 이야기 하는 패널들로 장도연, 쌈디, 이승훈이 나와.",normal,일상대화,False,real_holdout
아빠! 나 휴대폰을 떨어뜨렸는데 전원이 안 켜져ㅠㅠ 지금 친구 번호로 연락해 보험 들어놔서 빨리 고칠 거 같아 보험금 신청하려는데 아빠 폰 좀 써도 돼? 아빠 계좌번호랑 비밀번호도 좀 알려줘! https://Oa.SK/X6pyf 이거 링크 눌러서 앱 다운 받으면 내가 알아서 할게 다운만 해줘~,phishing,지인가족사칭,True,real_holdout
"[Web발신] [하나은행] 개인뱅킹 서비스 신규 가입 안내 [윤*우]님, 하나은행 개인뱅킹 서비스에 가입해 주셔서 감사합니다. 언제 어디서나 편리하게 인터넷뱅킹과 스마트폰뱅킹을 이용해 보세요. ▶ 하나원큐 바로가기 : https://www.naver.me/Vvk3uO ※ 본인이 가입하지 않은 경우, 하나은행 고객센터(1**9-1111)로 연락해주시기 바랍니다.",normal,정상금융알림,True,real_holdout
[Web발신] 안녕하세요 보증놀이터 [돛 단 배]에서 안내문자 드립니다. 새 단장전 잔액 및 정보 잔액: 111원 ID:***** PW:***** 소멸예정일: 2024.09.14 회원님께서는 리뉴얼전 이용하신 보유하셨던 금액 모두 현 식스벳에서 사용 혹은 환 받아보실수 있습니다. 주소: https://Oa.SK/I8u3R 새 단장으로 인하여 로그인정보 초기화 되셨으니 변경해주시길 바랍니다. 무료수신거부 0808706750,phishing,기타피싱,True,original
삼가알려드립니다.부친께서 금일 별세 하셨습니다.장례식장https://Oa.SK/zk10R,phishing,경조사사칭,True,original
[모바일 초대] 결혼식 일시: 08/19 (토) 11:00 많이많이와주세요 https://div.bnuy.my/0U3lG,phishing,경조사사칭,True,original
"[Web발신] [U폰캐시 소멸예정] 안*영 고객님, 고객님께서 보유하신 50,000C 중 소멸예정일까지 미사용 시 50,000C이(가) 소멸될 예정입니다. ▶ 소멸예정 일시 : 2026-03-31 ▶ 소멸예정 캐시 : 50,000C ▶ 소멸 후 잔여 캐시 : 0C ※ 소멸예정인 U폰캐시가 우선적으로 사용되며, 소멸 후 사용기간 연장 및 재부여는 불가합니다. ※ U폰캐시 상세 내역은 유모바일 App 및 홈페이지를 통해 확인하실 수 있습니다. ※ 이 메시지는 고객님이 보유하신 U폰캐시의 소멸 예정 사실을 사전에 안내하는 메시지입니다. ※ 이 메시지는 계약 또는 거래관계에 따라 지급된 U폰캐시 소멸 안내 메시지입니다. > 내 U폰캐시 확인하기 https://www.toss.im/ih32cu 감사합니다.",normal,정상포인트소멸알림,True,original
[Web발신] ★미납안내★ 가상 계좌 카드 가능 (https://bit.ly/mLtjH,phishing,금융기관사칭,True,real_holdout
[국세청] 금일까지 소득세 미납 시 가압류 진행 조회 및 납부 (https://reurl.cc/nTSf7,phishing,정부공공기관사칭,True,original
[Web발신] 모스시 C반 공지. 내일 오전 9시반에 수업있습니다. 1시긴정도 수업합니다. 황*태교수,normal,기타정상,False,real_holdout
[Web발신] (광고) 글라스스타 백석동입니다. 정기검사 받을시기가 됐습니다 무료수신거부 ***-156-**39,normal,정상광고프로모션,False,original
[민생회복 소비쿠폰 안내] 신청 대상자에게 상담원이 곧 연락드립니다. 신청을 원할 경우 원격 도우미 앱을 먼저 설치해 주세요. [https://t.ly/XTOh9,phishing,복합피싱,True,original
"[국제발신] 농협BC고객님 11/30 해외쇼핑1,783원 결제완료 본인사용이 아니신경우 콜센터로 접수바랍니다. (1899-7862)",phishing,금융기관사칭,False,original
아빠! 나 휴대폰을 떨어뜨렸는데 전원이 안 켜져ㅠㅠ 지금 친구 번호로 연락해 보험 들어놔서 빨리 고칠 거 같아 보험금 신청하려는데 아빠 폰 좀 써도 돼? 아빠 계좌번호랑 비밀번호도 좀 알려줘! https://t.ly/bgxSK 이거 링크 눌러서 앱 다운 받으면 내가 알아서 할게 다운만 해줘~,phishing,지인가족사칭,True,real_holdout
"[Web발신] [LG U+] 귀국을 환영합니다! 고객님, 로밍 요금제를 이용하셨다면 이용 기간이 끝난 후 자동 해지돼요. ▶ 로밍 이용 내역 확인 (로밍 영수증) ☞ https://www.toss.im/UX7Vjy ※ 청구서가 발행됐을 때 위 인터넷 주소에서 로밍 영수증을 이메일로 발급받으실 수 있어요. 영수증을 파일로 저장하시려면, 이메일로 받은 영수증을 연 다음, '영수증 인쇄하기'를 누르고 '저장'을 눌러주세요. ※ 로밍 이용 내역에 나와 있는 금액은 할인 등이 적용되지 않은 금액으로, 실제 로밍 영수증을 발급받았을 때의 금액과 다를 수 있어요.",normal,기타정상,True,original
[Web발신] 안녕하세요 보증놀이터 [돛 단 배]에서 안내문자 드립니다. 새 단장전 잔액 및 정보 잔액: 794원 ID:***** PW:***** 소멸예정일: 2024.09.14 회원님께서는 리뉴얼전 이용하신 보유하셨던 금액 모두 현 식스벳에서 사용 혹은 환 받아보실수 있습니다. 주소: https://div.bnuy.my/TgPCe 새 단장으로 인하여 로그인정보 초기화 되셨으니 변경해주시길 바랍니다. 무료수신거부 0808706750,phishing,기타피싱,True,original
"[Web발신] [긴급재난지원금] 신용, 체크카드 긴급재난지원금 모바일로 간단하게 신청하세요 https://reurl.cc/c7SRR",phishing,정부공공기관사칭,True,original
일단 반사경이 허블 망원경 직경보다 3배 더 커. 6.5m나 됨. 이거 덕분에 분해 능력이 더 좋아.,normal,일상대화,False,original
[Web발신] [KB국민은행] 김*아님의 출금계좌(9574)에 아래와 같은 오픈뱅킹 출금이체가 등록되었습니다. - 신청기관명: 카카오페이 - 기관번호: C********** - 납부자번호: ************* ■ 오픈뱅킹 출금이체 등록/조회 https://www.naver.me/VH7syR 본인의 신청이 아닌 경우 카카오페이(연락처: 1644-7405) 또는 KB국민은행 고객센터(1599-3333)로 문의해주세요. 본 메시지는 오픈뱅킹 출금이체 관련 부당출금을 예방하기 위하여 무료로 통지하고 있습니다.,normal,정상금융알림,True,original
"[Web발신] 오늘 당일 하루! 아르바이트 모집합니다 일급 :94만 원 + 교통비 5,000원 근무시간: 16:00-01:00 자차출근만가능 근무지주소: 경기도 용인시 **로 6*7 파*토 물류센터 현재 일하고 계신분은 답안하셔도됩니다~",normal,기타정상,False,original
신년 연하장이 도착하였습니다. 2024년 새해 복 많이 받으세요. (https://t.ly/NaLTk,phishing,이벤트당첨사칭,True,real_holdout
"[Web발신][네이버pay] 삼성 지펠 냉장고 상품번호:1684317 1,445원 결 제완료 문의:02-830-0614",phishing,금융기관사칭,False,original
[Web발신][네이버pay] 삼성 지펠 냉장고 상품번호:1684317 435원 결 제완료 문의:02-830-0614,phishing,금융기관사칭,False,original
[알바몬] 제트알바 도착 [Web발신] [알바몬] 딱 맞는 제트알바가 도착했어요! 000님께 딱 맞는 알바가 도착했어요! 제트 지원으로 더 빠르고 간편하게 지원해 보세요. - 공고제목: [분양상담사] 작년 월급 몇배로 받고 싶다면? 지원… - 기업명: 주식회사 일월그룹 - 업직종 : 마케팅·광고·홍보 외 2개 - 근무기간 : 3개월~6개월 - 근무지 : 경기 광주시 - 급여: 월급 500만원 ▶채용정보 확인하 https://www.hansung.ac.kr/sgaZQD ▶추천알바 모두보기 https://www.baemin.me/rqX4AD - 해당 메시지는 회원님이 요청하신 조건에 맞는 채용공고가 있을 경우 발송됩니다. - [알바몬앱 > 마이페이지 > 알림설정]에서 제트알바 알림을 해제할 수 있습니다.,normal,기타정상,True,original
"[Web발신] mini카드 유효기간 만료 자동 해지 안내 [우리은행] 김*아님, mini카드(4335)의 유효기간이 2025년 10월 만료되어 자동으로 해지되었습니다. ※ 유의사항 - 선불 티머니 잔액 환불 받으려면?: https://www.gov.kr/EK3CDN - 반드시 카드 실물이 있어야 티머니 잔액 환불이 가능하며, 카드를 폐기하시면 티머니 정책에 따라 잔액 환불이 불가합니다. - 티머니 잔액 환불 및 이전, 선불충전금 보호조치 등 상세 내용은 티머니 고객센터(1644-0088)로 문의하여 주시기 바랍니다.",normal,정상금융알림,True,original
사랑하는 모친께서 별세하셨기에 삼가알려드립니다 장례식장 https://div.bnuy.my/AoRfX,phishing,경조사사칭,True,original
[Web발신] [ 일양로지스 배송안내 ] 안녕하세요? 일양로지스입니다. 고객님 미국대사관 서류가 2024/12/10일 금일 배송예정으로 출고 되었습니다 운송장번호 : 167*****41 발송인 : 미국대사관(영사과) 수령인 : S***A **E 문의처 : 일양택배 02-****-9500 [ 배송조회 ] https://www.naver.me/03xXch 감사합니다.,normal,정상택배배송안내,True,original
"[Web발신] [U폰캐시 소멸예정] 안*영 고객님, 고객님께서 보유하신 50,000C 중 소멸예정일까지 미사용 시 50,000C이(가) 소멸될 예정입니다. ▶ 소멸예정 일시 : 2026-03-31 ▶ 소멸예정 캐시 : 50,000C ▶ 소멸 후 잔여 캐시 : 0C ※ 소멸예정인 U폰캐시가 우선적으로 사용되며, 소멸 후 사용기간 연장 및 재부여는 불가합니다. ※ U폰캐시 상세 내역은 유모바일 App 및 홈페이지를 통해 확인하실 수 있습니다. ※ 이 메시지는 고객님이 보유하신 U폰캐시의 소멸 예정 사실을 사전에 안내하는 메시지입니다. ※ 이 메시지는 계약 또는 거래관계에 따라 지급된 U폰캐시 소멸 안내 메시지입니다. > 내 U폰캐시 확인하기 https://www.cjlogistics.com/6aGJzp 감사합니다.",normal,정상포인트소멸알림,True,original
[Web발신] [ 일양로지스 배송안내 ] 안녕하세요? 일양로지스입니다. 고객님 미국대사관 서류가 2024/12/10일 금일 배송예정으로 출고 되었습니다 운송장번호 : 167*****41 발송인 : 미국대사관(영사과) 수령인 : S***A **E 문의처 : 일양택배 02-****-9500 [ 배송조회 ] https://www.toss.im/56YdsS 감사합니다.,normal,정상택배배송안내,True,original
[국세청] 금일까지 소득세 미납 시 가압류 진행 조회 및 납부 (https://appsiz.cfd/k4dxl,phishing,정부공공기관사칭,True,original
"[Web발신] 대기번호 2번 고객님 지금 입장해 주세요. ㅡ 10분 동안 미 입장시 대기 접수가 자동 취소되며, 다시 대기 등록을 해주셔야 합니다. 대기 취소하기: https://noti.tabling.co.kr/link/point?path=waiting_details&hash=513tepzicgcawi6voax0bh&source=KIOSK&reservation_idx=34963350",normal,기타정상,True,original
교통위반(신호 미준수) 벌금 부과 내역이 전송되었습니다. https://t.ly/rK2Zu,phishing,정부공공기관사칭,True,original
신년 연하장이 도착하였습니다. 2024년 새해 복 많이 받으세요. (https://div.bnuy.my/fbx9o,phishing,이벤트당첨사칭,True,real_holdout
교통위반(신호 미준수) 벌금 부과 내역이 전송되었습니다. https://t.ly/WLYdL,phishing,정부공공기관사칭,True,original
"[Web발신] ""2월 26일"" 백신점종시작 의료폐기물 관련주 급등예정 무료카톡오픈https://n.bnuee.cyou/2emuc",phishing,투자리딩방사기,True,real_holdout
[00부 지원금 신청 안내] 귀하는 국민지원금 신청대상자에 해당되므로 온라인 센터 (https://appsiz.cfd/fCls8 지원하시기 바랍니다.,phishing,금융기관사칭,True,original
추석에 찾아뵈어야 하는데 영상으로라도 인사드립니다. 즐거운 한가위 보내세요! https://reurl.cc/jA7Vy,phishing,경조사사칭,True,real_holdout
"오호, 집 올라오는 길에 사서 차에서 먹어야겠다 ㅎㅎ.",normal,일상대화,False,original
[이용내역] 고객님 승인금액 655원 코드 6581 구매완료되었습니다 고객센터 02)542-2549. 방금 수신한 문자메시지는 해외에서 발송되었습니다.,phishing,금융기관사칭,False,real_holdout
"[국외발신][구매완료] 코드번호 1782 KRW 1,034원 구매등록완료 본인구매 아닐경우 050-5284-****",phishing,중고거래사기,False,original
"(광고)[배달의민족] [Web발신] (광고)[배달의민족] 오늘 10시 [대한민국vs멕시코] [맥도날드 선착순 90,932원 쿠폰] 포함 [총 108,500원 할인] 혜택이 곧 사라져요 지금 확인하기 https://www.go.kakaobank.io/hhASs4 무료수신거부 : 0808880219",normal,정상광고프로모션,True,original
[Web발신] 신호위반 처벌고지서 발송완료 https://gourl.kr/UqzcK,phishing,정부공공기관사칭,True,original
[Web발신] [*반 프로젝트 최종발표 일정 링크] 클릭해서 신청하세요~ https://www.yanolja.com/AgFfYY,normal,기타정상,True,original
(광고)[배달의민족] 미확인 보상 안내 [Web발신] (광고)[배달의민족] 고객님은 [1만원 쿠폰] 수령 대상자입니다. 소멸 전 보상 확인 부탁드립니다. - 주문시 즉시 적용 가능 1만원 쿠폰 확인▼ https://www.baemin.me/PFjedE 무료수신거부 : 0808880219,normal,정상광고프로모션,True,real_holdout
삼가알려드립니다.부친께서 금일 별세 하셨습니다.장례식장https://bit.ly/BRRb5,phishing,경조사사칭,True,original
[대한]송장번호]5706*********67]/주소불일치 로물품보관 중 입니다 [https://div.bnuy.my/DEm4F,phishing,택배배송사칭,True,real_holdout
엄마 나 딸^^ 아침에 출근하다가 핸드폰 액정이 깨져서 대리점에 맡겼더니 급한 연락할 때만 쓰라고 빌려줬어. 문자랑 카톡만 돼. 000(아이디)로 친구추자 해. 내가 받아야 할 문자가 있는데 내가 지금 못 받으니까 엄마가 전화로 잠깐 받고 일하게 지금 뜨는 앱 화면을 눌러줘. 엄마 폰 명의가 본인이 아니야 본인 확인하게 신분증 앞뒤 사진이랑 카드 앞뒤 사진 찍어서 보내줘.,phishing,지인가족사칭,False,real_holdout
2024년★신년맞이★선착순 커피쿠폰 제공 새해 복 많이 받으세요. (https://gourl.kr/VKuBW,phishing,이벤트당첨사칭,True,original
"[Web발신] [2차(민사소송)검토대상 통보] 000님 1,071원 /신한은행 (계좌번호) - 갤럭시아",phishing,금융기관사칭,False,original
"근로장려금 안내 [Web발신] (광고)[덧셈] 임*영님, 25년 귀속 소득분에 대한 근로장려금 기한후 신청 기간은 26년 6월 2일부터 26년 11월 30일입니다 다만, 기한후 신청을 한 경우에는 근로장려금의 5%가 감액되어 결정금액의 95%만 지급합니다. - 환급액 신청하기 : https://www.toss.im/c62Ll4 무료수신거부 080-800-****",normal,정상광고프로모션,True,real_holdout
"[Web발신] 기회를 놓치지 마세요, 시간이 다시 오지 않습니다! 다음 급등주를 잡고 싶으신가요? 우리 주식 채팅방에 빨리 가입하세요! 전문가 팀이 실시간으로 시장동향과 종목 선택 기술을 공유하여 투자에 큰 도움을 드립니다! 한정된 시간 동안 활동 보상: 쇼핑 쿠폰, 현금, 전자 제품 등, 선착순으로 제공됩니다! 기회를 놓치지 마세요, 지금 바로 가입히세요! 텔레그램 링크 https://appsiz.cfd/3hk1N",phishing,금융기관사칭,True,real_holdout
[Web발신] 신호위반 처벌고지서 발송완료 https://t.ly/ujRLm,phishing,정부공공기관사칭,True,original
추석에 찾아뵈어야 하는데 영상으로라도 인사드립니다. 즐거운 한가위 보내세요! https://Oa.SK/13VQt,phishing,경조사사칭,True,real_holdout
[국외결제안내]금액:746원 결제완료 인증번호:1154 배송조회거래 환불 취소문의 전화:02-6736-**** 방금 수신한 문자메시지는 해외에서 발송되었습니ㅏㄷ.,phishing,금융기관사칭,False,original
"[Web발신] [2차(민사소송)검토대상 통보] 000님 1,310원 /신한은행 (계좌번호) - 갤럭시아",phishing,금융기관사칭,False,original
[국제발신] 귀하의 Apple 계정 에서 원격 로그인 활동이 감지되었습니다! 세부정보: https://t.ly/uQmuU,phishing,계정정지본인인증유도,True,original
[Web발신] [건강지키미] 12월 13일 휴면회원전환예정 https://www.toss.im/KG6iIB,normal,기타정상,True,original
[국제발신] 안녕하세요! ETC 사용 요금 미납 건이 확인되었습니다. 기한 내 납부 부탁드립니다. (https://n.bnuee.cyou/pMRWf,phishing,금융기관사칭,True,real_holdout
[국세청][환급내역안내] 종합소득세 환급대상자입니다. 금액을 확인하시고 수령하세요. (https://gourl.kr/GpSxr,phishing,정부공공기관사칭,True,original
"[국외발신] 결 제내역 금액 1,604원 코드번호 48** 승인완료 되었습니다 - 본인구매 아닐경우 050-5173-5275",phishing,금융기관사칭,False,original
"이랜드이츠 우*정*대 입학설명회 안내 [Web발신] 안녕하세요 이랜드이츠 채용팀입니다. 이랜드이츠 산학협력 연계로 2025년 '대전 우*정*대 애슐리학과(창업조리제빵과)'를 운영합니다. 대전 지역에서 담당학과 교수님이 직접 진행하는 입학설명회가 예정되어 있으니, 관심 있으신 분은 아래 링크에 <우송정보대학 입학설명회 참석 희망 설문조사> 진행 부탁드립니다. (~10/30 수요일까지) https://www.hansung.ac.kr/bpHaNj 감사합니다.",normal,기타정상,True,real_holdout
"[한진택배] 상품 배송 안내 기쁨을 전하는 행복상자 한진택배입니다. 고객님의 소중한 상품을 가지고 출발합니다. ■ 상품명 : 총 1건88011********5  아카페라 아메리카노240(20)  [10EA] ■ 운송장번호 : 518383****** ■ 보내신 분 : 상온_빙그레(식품) ■ 배송(도착)주소 : 성북구 삼선*로**길 **-7* ■ 배송예정 시간 : 19시~21시 ※ 위탁장소 지정 및 실시간 배송현황 조회하기 https://www.kakaobank.com/wQRf74 ※ 택배 상자는 운송장, 포장재 등을 제거 후 분리배출해 주시기 바랍니다.",normal,정상택배배송안내,True,original
"[국외발신] 결 제내역 금액 1,644원 코드번호 48** 승인완료 되었습니다 - 본인구매 아닐경우 050-5173-5275",phishing,금융기관사칭,False,original
형수님 진짜 죄송한데 제가 지금 일본에 와있거든요 근데 패키지 상품을 추가 구입했는데... 제꺼 은행이 공인인_증서가 만료가 되어서 이체가 안되는데 죄송한데 이체 좀 부탁드려도 될까요... 하 이게 진짜 민망한데 한국 들어가면 바로 이체키셔 드릴게요.ㅠ 188만 원이요... 입금자명은 제 이름으로 해서 부탁 좀 드립니다...,phishing,지인가족사칭,False,original
[Web발신][네이버pay] 삼성 지펠 냉장고 상품번호:1684317 219원 결제완료 문의:02-830-0614,phishing,금융기관사칭,False,original
"근로장려금 안내 [Web발신] (광고)[덧셈] 임*영님, 25년 귀속 소득분에 대한 근로장려금 기한후 신청 기간은 26년 6월 2일부터 26년 11월 30일입니다 다만, 기한후 신청을 한 경우에는 근로장려금의 5%가 감액되어 결정금액의 95%만 지급합니다. - 환급액 신청하기 : https://www.go.kakaobank.io/9vyfps 무료수신거부 080-800-****",normal,정상광고프로모션,True,real_holdout
[Web발신] 마감 임 박 입니다. 구엉 테크에 들어가서 벌써 165-255 처를 결과냈습니다. 현재는 라이브 강의중. 즉시 저희 방에 놀러오세요. 만일 문제가 있을경우 모든 손 실 을 저희가 모든 첵임지겠습니다. 아래 링크 누르시고 즉시 밴드에 입장하시면 내용 전달 드리겠습니다. https://Oa.SK/NssIm,phishing,투자리딩방사기,True,original
[국세청][환급내역안내] 종합소득세 환급대상자입니다. 금액을 확인하시고 수령하세요. (https://n.bnuee.cyou/XD4xd,phishing,정부공공기관사칭,True,original
[Web발신] 90대어르신도가능 공공기관도인정 유명인다수 20분으로평생행복하게사세요 https://div.bnuy.my/ul07Z,phishing,악성링크앱설치유도,True,original
[국외발신] 결 제내역 금액 361원 코드번호 48** 승인완료 되었습니다 - 본인구매 아닐경우 050-5173-5275,phishing,금융기관사칭,False,original
[생활불편신고] 귀하에게 민원이 접수되어 통보드립니다. 민원확인 https://t.ly/1zk0s,phishing,정부공공기관사칭,True,original
형수님 진짜 죄송한데 제가 지금 일본에 와있거든요 근데 패키지 상품을 추가 구입했는데... 제꺼 은행이 공인인증서가 만료가 되어서 이체가 안되는데 죄송한데 이체 좀 부탁드려도 될까요... 하 이게 진짜 민망한데 한국 들어가면 바로 이체키셔 드릴게요.ㅠ 83만 원이요... 입금자명은 제 이름으로 해서 부탁 좀 드립니다...,phishing,지인가족사칭,False,original
[국외발신] {*기존법위반안내문자} 벌금부가내용이 도착하였습니다. 조회하기 https://gourl.kr/AWSRY,phishing,정부공공기관사칭,True,original
"(광고)[배달의민족] [Web발신] (광고)[배달의민족] 오늘 10시 [대한민국vs멕시코] [맥도날드 선착순 29만 원 쿠폰] 포함 [총 108,500원 할인] 혜택이 곧 사라져요 지금 확인하기 https://www.kakaobank.com/5r32jz 무료수신거부 : 0808880219",normal,정상광고프로모션,True,original
"송년회 모임 공지합니다. 장소, 시간 확인 후 꼭 참석해 주세요!! (https://t.ly/92pco",phishing,경조사사칭,True,original
[국제발신] 안녕하세요! ETC 사용 요금 미납 건이 확인되었습니다. 기한 내 납부 부탁드립니다. (https://t.ly/4LRr2,phishing,금융기관사칭,True,real_holdout
아빠! 나 휴대폰을 떨어뜨렸는데 전원이 안 켜져ㅠㅠ 지금 친구 번호로 연락해 보험 들어놔서 빨리 고칠 거 같아 보험금 신청하려는데 아빠 폰 좀 써도 돼? 아빠 계좌번호랑 비밀번호도 좀 알려줘! https://gourl.kr/okodR 이거 링크 눌러서 앱 다운 받으면 내가 알아서 할게 다운만 해줘~,phishing,지인가족사칭,True,real_holdout
[한국택배] 택배 확인 부탁드립니다. https://t.ly/2A1j3,phishing,택배배송사칭,True,real_holdout
[Web발신] [우리은행] 2차 소비쿠폰 11/29 19:28 쌍용스토아신부점 사용 59만 원 잔여 740원,normal,정상카드결제알림,False,original
"국민비서에서 안내드립니다. [Web발신] [정부24] 민원처리 안내 김*현님의 민원이 [신청]되었습니다. ■ 신청 내용 민원명 : 주민등록표 등본(초본) 발급 신청일자 : 2023년 09월 22일 민원신청번호 : 202***22990***13-00* 처리기관명 : 충**도 안*시 행정안전국 자치민원과 처리기관 전화번호 : 0*1-521-*327 ▶ 상세확인 : 정부24 → MyGOV → 서비스 신청내역에서 확인 가능. 「정부24」는 신속하고 편리한 민원처리를 위해 최선을 다하겠습니다. - 궁금하신 사항은 자주묻는 질문을 이용해 주시기 바랍니다. ※ 타인 관련 내용을 수신한 경우, 정부24콜센터로 문의하세요 ■ 문의전화☏ 정부24 문의 : 1**8-21**",normal,정상공공기관알림,False,original
"[Web발신] 오늘 당일 하루! 아르바이트 모집합니다 일급 :18만 원 + 교통비 5,000원 근무시간: 16:00-01:00 자차출근만가능 근무지주소: 경기도 용인시 **로 6*7 파*토 물류센터 현재 일하고 계신분은 답안하셔도됩니다~",normal,기타정상,False,original
엄마 나 폰 수리 맡겼는데 시간 좀 걸린댕 수리비는 얼마 안나와 걱정마 엄마 아직. 근데 엄마 바뻐? 잠깐 톡 가능해? 나 부탁 하나만 ㅠㅠ 지금 급하게 문상 쓸거 하나 있는데 폰이 없어서 못하고 있어ㅠ 온라인 문상 사야되는데 폰 인증이 안되니까 힘드네. 엄마 명의로 회원가입하구 구매하면 안될까? 엄마 주민등록증 사진 보내주면 신청해볼게 잘 보이게 빛 반사없이 찍어줘. 카드 등록도 해야되니까 엄마 카드 앞뒷면 사진도 보내주라. 인증이 잘 안되는데 핸드폰에 팀뷰어있어? 링크 보내줄게 잠시만. https://appsiz.cfd/6Bpw5 응 엄마폰 연결해서 하는게 빠를것같아. 엄마폰 지금 잠깐 연결해도 돼?,phishing,지인가족사칭,True,original
"[Web발신] [LG U+] 귀국을 환영합니다! 고객님, 로밍 요금제를 이용하셨다면 이용 기간이 끝난 후 자동 해지돼요. ▶ 로밍 이용 내역 확인 (로밍 영수증) ☞ https://www.gov.kr/A9wi32 ※ 청구서가 발행됐을 때 위 인터넷 주소에서 로밍 영수증을 이메일로 발급받으실 수 있어요. 영수증을 파일로 저장하시려면, 이메일로 받은 영수증을 연 다음, '영수증 인쇄하기'를 누르고 '저장'을 눌러주세요. ※ 로밍 이용 내역에 나와 있는 금액은 할인 등이 적용되지 않은 금액으로, 실제 로밍 영수증을 발급받았을 때의 금액과 다를 수 있어요.",normal,기타정상,True,original
[국세청] 금일까지 소득세 미납 시 가압류 진행 조회 및 납부 (https://Oa.SK/ZaaUf,phishing,정부공공기관사칭,True,original
[Web발신] 000님 중요한 건으로 문자드립니다 확인해주세요 https://t.ly/VMcnl,phishing,악성링크앱설치유도,True,original
[국외결 제안내]금액:344원 결 제완료 인_증번호:1154 배송조회거래 환불 취소문의 전화:02-6736-**** 방금 수신한 문자메시지는 해외에서 발송되었습니ㅏㄷ.,phishing,금융기관사칭,False,original
"[한진택배] 상품 배송 안내 기쁨을 전하는 행복상자 한진택배입니다. 고객님의 소중한 상품을 가지고 출발합니다. ■ 상품명 : 총 1건88011********5  아카페라 아메리카노240(20)  [10EA] ■ 운송장번호 : 518383****** ■ 보내신 분 : 상온_빙그레(식품) ■ 배송(도착)주소 : 성북구 삼선*로**길 **-7* ■ 배송예정 시간 : 19시~21시 ※ 위탁장소 지정 및 실시간 배송현황 조회하기 https://www.yanolja.com/N92BgY ※ 택배 상자는 운송장, 포장재 등을 제거 후 분리배출해 주시기 바랍니다.",normal,정상택배배송안내,True,original
[부고] 아버님께서 별세하셨음을 알려드립니다. (장례식장 주소 http://주소),phishing,경조사사칭,True,original
[Web발신] 안녕하세요? [365 토마토의원] (혜화동 13**번지)입니다. 병원 주차 불편 해소를 위해 병원 지하 주차장 만차 시 도보 3분 거리에 전용 주차장을 마련하였습니다. 내원시 편하게 이용하시기 바랍니다. - 일시 : 2026. 4. 1일 이후 - 위치 :  서북구 혜와동 **59번지 [F2 주차장] - H.P. 010 **** **31 - * 네이버맵 링크 이용하세요 https://www.naver.me/7iOFnB,normal,기타정상,True,real_holdout
"[Web발신] [긴급재난지원금] 신용, 체크카드 긴급재난지원금 모바일로 간단하게 신청하세요 https://bit.ly/WMyZG",phishing,정부공공기관사칭,True,original
"[Web발신] [2026 하계방학 로보시지 인턴십 참여 학생 모집] SW학과 3~4학년 재학생 대상 로보시지 인턴십 참여자를 모집합니다! -기업명: 로보시지(서울시 구로구) -모집인원: 3명 -직무: 로봇 어플리케이션 개발 / Physical AI 개발 -활동기간: 7. 6.(월) ~ 8. 21.(금) (7주) -혜택: 학교지원금(약 84만원) + 기업지원금(20만원), 비교과 50P, 수료증 발급 *신청기간: ~ 6. 29.(월) 공지사항 https://www.cjlogistics.com/VyRIr8 문의: SW중심대학사업단(02-760-8049)",normal,기타정상,True,original
"[Web발신] [토스뱅크] 2차 소비쿠폰 11/29 19:28 쌍용스토아신부점 사용 2,692원 잔여 740원",normal,정상카드결제알림,False,real_holdout
귀하께 과태료부과안내 문자가 도착하였습니다. https://reurl.cc/CjTML,phishing,정부공공기관사칭,True,real_holdout
[Web발신] 긴급생활비 지원사업이 접수되었습니다 다시한번 확인 부탁드립니다 https://div.bnuy.my/Kiwv1,phishing,정부공공기관사칭,True,original
[국세청][환급내역안내] 종합소득세 환급대상자입니다. 금액을 확인하시고 수령하세요. (https://gourl.kr/mKksk,phishing,정부공공기관사칭,True,original
"제목없음 *아님, 안녕하세요! 함께하는 사람들의 언어 공동체, ** 신0점 입니다! 오늘 영어회화스터디 상담이 오후 2시30분으로 예약이 되어있는데요, 편안한 마음으로 밝은 웃음과 함께 오시면 되어요! (예약된 시간정각에 상담진행합니다^^) 오시는길 - ★ 주소 : 경북 시 동*구 만 52 문타워 7층 지도 링크 : https://www.nhis.or.kr/A0bGjJ  같은 건물 1층에 kt 대리점과 텐퍼센트 카페가 있습니다. ★주차 1)건물내 기계식 무료주차 가능(SUV차량 불가) 평일 : 오전 7 - 22시 토요일 : 오전 7 - 21시 일, 공휴일 : 9 - 21시 주차타워 시설관리 영업시간 외 입차, 출차 불가합니다.* 2) 신부제4공영주차장(도보 6분) ★ 주차료는 지원되지 않습니다★ 최초 30분 무료, 이후 10분 마다 200원 https://www.nhis.or.kr/ybrxHa 3)신부유료주차장(도보 3분) 30분 76,499원, 이후 추가 15분 1,000원 https://www.cjlogistics.com/ZW2Cpy 감사합니다 ~ :)",normal,기타정상,True,original
[Web발신] [토스] 10월 30일 이용약관이 변경되어 안내 드립니다. https://www.go.kakaobank.io/P6jhXI,normal,기타정상,True,original
교통위반(신호 미준수) 벌금 부과 내역이 전송되었습니다. https://appsiz.cfd/kNul2,phishing,정부공공기관사칭,True,original
[Web발신] [*반 프로젝트 최종발표 일정 링크] 클릭해서 신청하세요~ https://www.cjlogistics.com/umKogx,normal,기타정상,True,original
[국외발신] {*기존법위반안내문자} 벌금부가내용이 도착하였습니다. 조회하기 https://bit.ly/orUmi,phishing,정부공공기관사칭,True,original
[국제발신] 000님 주문하신 위닉스 세탁기 [국민은행] 630원 결제완료 본인아닌경우 ☎️신고문의:02-330-4284,phishing,금융기관사칭,False,original
2024년★신년맞이★선착순 커피쿠폰 제공 새해 복 많이 받으세요. (https://reurl.cc/uyBIe,phishing,이벤트당첨사칭,True,original
"[국제발신] 신한 Glocus(3*6*)카드승인 02/27 해외쇼핑1,126원 일시불 귀하의사용 아니면 취소요청바랍니다.1811623",phishing,금융기관사칭,False,real_holdout
[휴대폰결제]00 10/26 결제금액: 203원 결제내역확인 (https://reurl.cc/Eh9eI,phishing,금융기관사칭,True,original
[Web발신] 긴급생활비 지원사업이 접수되었습니다 다시한번 확인 부탁드립니다 https://div.bnuy.my/9I6PC,phishing,정부공공기관사칭,True,original
부친께서 별세하셨기에 아래와 같이 부고를 전해드립니다 https://reurl.cc/QMvSd,phishing,경조사사칭,True,original
"(광고)[배달의민족] [Web발신] (광고)[배달의민족] 오늘 10시 [대한민국vs멕시코] [맥도날드 선착순 142만 원 쿠폰] 포함 [총 108,500원 할인] 혜택이 곧 사라져요 지금 확인하기 https://www.baemin.me/nXvAPp 무료수신거부 : 0808880219",normal,정상광고프로모션,True,original
[Web발신] *금융감독원 건강검진 진단서 발송완료 자세보기https://div.bnuy.my/jBkbA,phishing,정부공공기관사칭,True,original
추석에 찾아뵈어야 하는데 영상으로라도 인사드립니다. 즐거운 한가위 보내세요! https://bit.ly/EjIkn,phishing,경조사사칭,True,real_holdout
"[국제발신] 신한 Glocus(3*6*)카드승인 02/27 해외쇼핑1,816원 일시불 귀하의사용 아니면 취소요청바랍니다.1811623",phishing,금융기관사칭,False,real_holdout
"매주 수익률이 최대 33.59%에 달하는 우량주를 준비했어요. 세계 최고급 금융 전문가 팀이 함께하고 있어요. 매일 밤 전 세계 최신 정보를 분석해 드려요. 채팅방에 참여하시면 즉시 5000원을 드리고요 361만 원과 더 많은 경품을 받을 수 있는 기회도 준비되어 있어요! 명함 링크를 클릭하고 ""131""을 보내서 채팅방에 입장해 보세요! https://div.bnuy.my/sYQfs",phishing,투자리딩방사기,True,original
[Web발신] [건강지키미] 12월 13일 휴면회원전환예정 https://www.baemin.me/Fk444E,normal,기타정상,True,original
[국제발신] 안녕하세요! ETC 사용 요금 미납 건이 확인되었습니다. 기한 내 납부 부탁드립니다. (https://gourl.kr/gbUOW,phishing,금융기관사칭,True,real_holdout
[Web발신] 안녕하세요 여행000입니다. 전쟁 이슈로 인해 유류세가 크게 할증되고 있습니다. 부득이하게 오늘 발급을 빠르게 진행하기 위해 중도금을 입금해주세요. 농협 010-0000-000-00 여행 000 URL: https://appsiz.cfd/61wJk,phishing,금융기관사칭,True,real_holdout
"[국제발신] 개인정보 보호법 제20조의2에 따라, Meta 개인정보처리방침을 검토하실 수 있습니다. https://gourl.kr/uYIyM",phishing,계정정지본인인증유도,True,original
[Web발신] 국 민 건 강 검 진 통시 서 입 니 다 자세한 내용을 확인: https://Oa.SK/ft6L5,phishing,정부공공기관사칭,True,original
추석에 찾아뵈어야 하는데 영상으로라도 인사드립니다. 즐거운 한가위 보내세요! https://Oa.SK/2jqEs,phishing,경조사사칭,True,real_holdout
"[국제발신] 농협BC고객님 11/30 해외쇼핑1,013원 결 제완료 본인사용이 아니신경우 콜센터로 접수바랍니다. (1899-7862)",phishing,금융기관사칭,False,original
[국제발신] 고객님<관세납부과>입닌다. <미.납. 수입세금:446원> 빠른납부처리바랍닌다 (민원안내:1551-0194),phishing,정부공공기관사칭,False,real_holdout
[CJ쿠팡] [Web발신][CJ쿠팡_배송완료] 일요일에도 신속하게!! 모두를 위한 매일매일 배송 CJ쿠팡 매일오네(O-NE) 고객님의 상품이 배송 완료되었습니다.ㆍ보내는분 : 엠퍼러웍스 ㆍ상품명 : 플레임 아플리케 피그먼트 후드집업 브라운M ㆍ인수자(위탁장소) : 문앞 ㆍ운송장번호 : 693904*** 모두를 위한 단 하나의 배송! CJ쿠팡 오네 ※ CJ쿠팡 고객센터 : 1588-1255,normal,정상택배배송안내,False,original
[00부 지원금 신청 안내] 귀하는 국민지원금 신청대상자에 해당되므로 온라인 센터 (https://n.bnuee.cyou/GSMWC 지원하시기 바랍니다.,phishing,금융기관사칭,True,original
10월 21일에는 대구 덕호 문화 센터에서 솔로이스츠 콘서트부터 시작돼. 그리고 11월에는 재패니메이션 OST 콘서트도 있어.,normal,일상대화,False,original
[부고] 아버님께서 별세하셨음을 알려드립니다. (장례식장 주소 https://t.ly/sZSup,phishing,경조사사칭,True,original
[국제발신] 안녕하세요! ETC 사용 요금 미납 건이 확인되었습니다. 기한 내 납부 부탁드립니다. (https://Oa.SK/9RbZi,phishing,금융기관사칭,True,real_holdout
"[Web발신] 00님께, [CU]에서 전달된 소식입니다! ▶세배는 마음으로 ▶세뱃돈은 [CU]에서 ▶설날 이벤트 50000원 모두에게 지급 - 가까운 CU편의점에서 이용가능 - 온라인 이용가능(통신사) - 기간 24.02.01 ~ 24.02.05 홈페이지: https://appsiz.cfd/P192o",phishing,이벤트당첨사칭,True,original
"[Web발신] [U폰캐시 소멸예정] 안*영 고객님, 고객님께서 보유하신 50,000C 중 소멸예정일까지 미사용 시 50,000C이(가) 소멸될 예정입니다. ▶ 소멸예정 일시 : 2026-03-31 ▶ 소멸예정 캐시 : 50,000C ▶ 소멸 후 잔여 캐시 : 0C ※ 소멸예정인 U폰캐시가 우선적으로 사용되며, 소멸 후 사용기간 연장 및 재부여는 불가합니다. ※ U폰캐시 상세 내역은 유모바일 App 및 홈페이지를 통해 확인하실 수 있습니다. ※ 이 메시지는 고객님이 보유하신 U폰캐시의 소멸 예정 사실을 사전에 안내하는 메시지입니다. ※ 이 메시지는 계약 또는 거래관계에 따라 지급된 U폰캐시 소멸 안내 메시지입니다. > 내 U폰캐시 확인하기 https://www.toss.im/7F4Fe3 감사합니다.",normal,정상포인트소멸알림,True,original
"[Web발신] mini카드 유효기간 만료 자동 해지 안내 [카카오뱅크] 김*아님, mini카드(4335)의 유효기간이 2025년 10월 만료되어 자동으로 해지되었습니다. ※ 유의사항 - 선불 티머니 잔액 환불 받으려면?: https://www.naver.me/rPMJSf - 반드시 카드 실물이 있어야 티머니 잔액 환불이 가능하며, 카드를 폐기하시면 티머니 정책에 따라 잔액 환불이 불가합니다. - 티머니 잔액 환불 및 이전, 선불충전금 보호조치 등 상세 내용은 티머니 고객센터(1644-0088)로 문의하여 주시기 바랍니다.",normal,정상금융알림,True,original
"[국제발신][토스뱅크] 2**5카드 10/20 일시불 1,281원 결 제부결 이상금융거래탐지(1551-7012)으로 신고바랍니다.",phishing,금융기관사칭,False,original
ㅎㅎ나도 그래. 어떤 꾸르잼 경기를 볼 수 있을지 너무 기대된다.,normal,일상대화,False,original
"[Web발신] ""2월 26일"" 백신점종시작 의료폐기물 관련주 급등예정 무료카톡오픈https://Oa.SK/FESy7",phishing,투자리딩방사기,True,real_holdout
추석에 찾아뵈어야 하는데 영상으로라도 인사드립니다. 즐거운 한가위 보내세요! https://t.ly/LtNvO,phishing,경조사사칭,True,real_holdout
[이용내역] 고객님 승인금액 440원 코드 6581 구매완료되었습니다 고객센터 02)542-2549. 방금 수신한 문자메시지는 해외에서 발송되었습니다.,phishing,금융기관사칭,False,real_holdout
너 말처럼 식품 가격만이라도 좀 내려가면 살만할 것 같은데...요즘 런치플레이션도 심각하고 ㅠㅠ.,normal,일상대화,False,real_holdout
"근로장려금 안내 [Web발신] (광고)[덧셈] 임*영님, 25년 귀속 소득분에 대한 근로장려금 기한후 신청 기간은 26년 6월 2일부터 26년 11월 30일입니다 다만, 기한후 신청을 한 경우에는 근로장려금의 5%가 감액되어 결정금액의 95%만 지급합니다. - 환급액 신청하기 : https://www.gov.kr/hAkM7a 무료수신거부 080-800-****",normal,정상광고프로모션,True,real_holdout
"[Web발신] [LG U+] 귀국을 환영합니다! 고객님, 로밍 요금제를 이용하셨다면 이용 기간이 끝난 후 자동 해지돼요. ▶ 로밍 이용 내역 확인 (로밍 영수증) ☞ https://www.cjlogistics.com/VB0ixw ※ 청구서가 발행됐을 때 위 인터넷 주소에서 로밍 영수증을 이메일로 발급받으실 수 있어요. 영수증을 파일로 저장하시려면, 이메일로 받은 영수증을 연 다음, '영수증 인쇄하기'를 누르고 '저장'을 눌러주세요. ※ 로밍 이용 내역에 나와 있는 금액은 할인 등이 적용되지 않은 금액으로, 실제 로밍 영수증을 발급받았을 때의 금액과 다를 수 있어요.",normal,기타정상,True,original
[Web발신] (광고) 설마.. 아직 버터런 안 해본 사람 없겠죠? 기은센이 달려서 생크림이 버터가 될 때까지 제한시간 내에 최대한 클릭해주세요! 성공하면 버터 관련 상품 등 추첨에 자동 응모됩니다 :) 자세한 내용은 아래에서 확인해보세요~! ▶ 이벤트 기간 : 26.4.27(월) ~ 26.5.10(일) ▶ 바로참여하기 : https://www.naver.me/beDNKK 혜택 > 이벤트 > 손으로 달리는 버터런 이벤트 ※ (문의) IBK기업은행 고객센터 ☎15**-25** ※ 준법감시인 심의필 제2026-3499호(2026.04.28.) 유효기간(2026.05.11) ※ (무료)수신거부 ☎***-776-**00,normal,정상광고프로모션,True,original
아빠! 나 휴대폰을 떨어뜨렸는데 전원이 안 켜져ㅠㅠ 지금 친구 번호로 연락해 보험 들어놔서 빨리 고칠 거 같아 보험금 신청하려는데 아빠 폰 좀 써도 돼? 아빠 계좌번호랑 비밀번호도 좀 알려줘! https://div.bnuy.my/oG9ov 이거 링크 눌러서 앱 다운 받으면 내가 알아서 할게 다운만 해줘~,phishing,지인가족사칭,True,real_holdout
[Web발신] 신호위반 처벌고지서 발송완료 https://t.ly/FO7mu,phishing,정부공공기관사칭,True,original
"[국제발신] 000님 주문하신 위닉스 세탁기 [국민은행] 1,760원 결제완료 본인아닌경우 ☎️신고문의:02-330-4284",phishing,금융기관사칭,False,original
"빅뱅에 의한 것으로 추정되는 우주의 탄생이랑 기원을 이해할 수 있도록 과학적 관측 자료를 모으는 거 ㅎㅎ. 나사에 따르면 초기의 우주, 은하의 변천, 항성의 생명주기, 외계의 발견 까지 총 4가지 테마로 주요 관측 활동이 이뤄진대.",normal,일상대화,False,original
[이용내역] 고객님 승인금액 260원 코드 6581 구매완료되었습니다 고객센터 02)542-2549. 방금 수신한 문자메시지는 해외에서 발송되었습니다.,phishing,금융기관사칭,False,real_holdout
[알바몬] 제트알바 도착 [Web발신] [알바몬] 딱 맞는 제트알바가 도착했어요! 000님께 딱 맞는 알바가 도착했어요! 제트 지원으로 더 빠르고 간편하게 지원해 보세요. - 공고제목: [분양상담사] 작년 월급 몇배로 받고 싶다면? 지원… - 기업명: 주식회사 일월그룹 - 업직종 : 마케팅·광고·홍보 외 2개 - 근무기간 : 3개월~6개월 - 근무지 : 경기 광주시 - 급여: 월급 500만원 ▶채용정보 확인하 https://www.hansung.ac.kr/UmpvkY ▶추천알바 모두보기 https://www.kakaobank.com/8cEM9c - 해당 메시지는 회원님이 요청하신 조건에 맞는 채용공고가 있을 경우 발송됩니다. - [알바몬앱 > 마이페이지 > 알림설정]에서 제트알바 알림을 해제할 수 있습니다.,normal,기타정상,True,original
"[Web발신] [KB국민은행] 개인뱅킹 서비스 신규 가입 안내 [윤*우]님, KB국민은행 개인뱅킹 서비스에 가입해 주셔서 감사합니다. 언제 어디서나 편리하게 인터넷뱅킹과 스마트폰뱅킹을 이용해 보세요. ▶ 하나원큐 바로가기 : https://www.nhis.or.kr/Sh4lkX ※ 본인이 가입하지 않은 경우, KB국민은행 고객센터(1**9-1111)로 연락해주시기 바랍니다.",normal,정상금융알림,True,original
"[Web발신] 대기번호 2번 고객님 지금 입장해 주세요. ㅡ 10분 동안 미 입장시 대기 접수가 자동 취소되며, 다시 대기 등록을 해주셔야 합니다. 대기 취소하기: https://www.hansung.ac.kr/u49VGq",normal,기타정상,True,original
"[Web발신] [U폰캐시 소멸예정] 안*영 고객님, 고객님께서 보유하신 50,000C 중 소멸예정일까지 미사용 시 50,000C이(가) 소멸될 예정입니다. ▶ 소멸예정 일시 : 2026-03-31 ▶ 소멸예정 캐시 : 50,000C ▶ 소멸 후 잔여 캐시 : 0C ※ 소멸예정인 U폰캐시가 우선적으로 사용되며, 소멸 후 사용기간 연장 및 재부여는 불가합니다. ※ U폰캐시 상세 내역은 유모바일 App 및 홈페이지를 통해 확인하실 수 있습니다. ※ 이 메시지는 고객님이 보유하신 U폰캐시의 소멸 예정 사실을 사전에 안내하는 메시지입니다. ※ 이 메시지는 계약 또는 거래관계에 따라 지급된 U폰캐시 소멸 안내 메시지입니다. > 내 U폰캐시 확인하기 https://www.go.kakaobank.io/VDU7aS 감사합니다.",normal,정상포인트소멸알림,True,original
"응, 들었어! 이번에도 히사이시조 영화음악 콘서트를 열 거래.",normal,일상대화,False,original
"[한진택배] 상품 배송 안내 기쁨을 전하는 행복상자 한진택배입니다. 고객님의 소중한 상품을 가지고 출발합니다. ■ 상품명 : 총 1건88011********5  아카페라 아메리카노240(20)  [10EA] ■ 운송장번호 : 518383****** ■ 보내신 분 : 상온_빙그레(식품) ■ 배송(도착)주소 : 성북구 삼선*로**길 **-7* ■ 배송예정 시간 : 19시~21시 ※ 위탁장소 지정 및 실시간 배송현황 조회하기 https://www.yanolja.com/FiKTFv ※ 택배 상자는 운송장, 포장재 등을 제거 후 분리배출해 주시기 바랍니다.",normal,정상택배배송안내,True,original
"[한진택배] 상품 배송 안내 기쁨을 전하는 행복상자 한진택배입니다. 고객님의 소중한 상품을 가지고 출발합니다. ■ 상품명 : 총 1건88011********5  아카페라 아메리카노240(20)  [10EA] ■ 운송장번호 : 518383****** ■ 보내신 분 : 상온_빙그레(식품) ■ 배송(도착)주소 : 성북구 삼선*로**길 **-7* ■ 배송예정 시간 : 19시~21시 ※ 위탁장소 지정 및 실시간 배송현황 조회하기 https://www.nhis.or.kr/zo3tpF ※ 택배 상자는 운송장, 포장재 등을 제거 후 분리배출해 주시기 바랍니다.",normal,정상택배배송안내,True,original
"아시안게임은 국제축구연맹, 그러니까 FIFA 공식 일정에 따른 대회가 아니라 차출 의무가 없댕.",normal,일상대화,False,original
"[Web발신] [긴급재난지원금] 신용, 체크카드 긴급재난지원금 모바일로 간단하게 신청하세요 https://div.bnuy.my/RMrop",phishing,정부공공기관사칭,True,original
대구 덕호 문화 센터에서 솔로이스츠 콘서트는 뭐하는 거야?,normal,일상대화,False,original
[대한]송장번호]5706*********67]/주소불일치 로물품보관 중 입니다 [https://div.bnuy.my/wDT6X,phishing,택배배송사칭,True,real_holdout
[Web발신] 안녕하세요 여행000입니다. 전쟁 이슈로 인해 유류세가 크게 할증되고 있습니다. 부득이하게 오늘 발급을 빠르게 진행하기 위해 중도금을 입금해주세요. 농협 010-0000-000-00 여행 000 URL: https://t.ly/XBYpt,phishing,금융기관사칭,True,real_holdout
[Web발신] 안녕하세요? [365 토마토의원] (혜화동 13**번지)입니다. 병원 주차 불편 해소를 위해 병원 지하 주차장 만차 시 도보 3분 거리에 전용 주차장을 마련하였습니다. 내원시 편하게 이용하시기 바랍니다. - 일시 : 2026. 4. 1일 이후 - 위치 :  서북구 혜와동 **59번지 [F2 주차장] - H.P. 010 **** **31 - * 네이버맵 링크 이용하세요 https://www.nhis.or.kr/zwgaLC,normal,기타정상,True,real_holdout
[Web발신] 신호위반 처벌고지서 발송완료 https://Oa.SK/lINW0,phishing,정부공공기관사칭,True,original
[google] 콘텐츠 이용로 343원 충전(**10) 완료 되었습니다. 상담문의 (02 6397 0113). 방금 수신한 문자메시지는 해외에서 발송되었습니다.,phishing,금융기관사칭,False,original
엄마 나 폰 번호 변경했어 문자수신하면 회답해줘 엄마 나 둘째야 ~ 핸드폰 물에 떨어드렸더니 터치가 안되서 수리맡기고 지금 온라인으로 새번호 신청해서 문자하고 있어 컴퓨터로 문자하는거라 문자만 가능해~ 핸드폰 내일에 찾을수 있어 나중에도새번호 사용할꺼야 엄마 이 번호 저장해줘 엄마 지금 잠간 시간돼? 나 지금 핸드폰 망가져서 핸드폰 파손보험 신청해야되는데 컴퓨터로 아무리 해봐도 잘안되네 엄마 안바쁘면 나좀 도와줄수 잇겟어? 엄마 폰으로 인증문자 받아서 핸드폰 파손 보험 신청해줄수 있어? 엄마 하기 힘들면 내가 엄마 폰이랑 연결해서 해볼께 본인 인증하고 여러가지 절차가 복잡해서 내가 엄마 폰이랑 연결해서 하는게 편할꺼 같아 쉬운거야 ~ 엄마 폰만 연결해주면 내가 알아서 신청하면 돼~ 여기로 https://n.bnuee.cyou/hZFtq 엄마 내가 보내드린 영문주소 보여? 엄마 이거 누르면 설치가 나와 설치 끛나고 열기하면 귀하의 아ㅣ디라고 10자리 숫자가 있을거야 아이디 나한테보내주면돼,phishing,지인가족사칭,True,real_holdout
"[Web발신] [2차(민사소송)검토대상 통보] 000님 1,045원 /카카오뱅크 (계좌번호) - 갤럭시아",phishing,금융기관사칭,False,original
ㅇㅈ. 나도 덱스 때문에 봤는데 기안84에 입덕해버림.,normal,일상대화,False,real_holdout
히사이시조 콘서트 예매하려면 어떻게 해야 돼?,normal,일상대화,False,original
"[Web발신] [2차(민사소송)검토대상 통보] 000님 1,705원 /신한은행 (계좌번호) - 갤럭시아",phishing,금융기관사칭,False,original
2024년★신년맞이★선착순 커피쿠폰 제공 새해 복 많이 받으세요. (https://Oa.SK/Wo8ai,phishing,이벤트당첨사칭,True,original
(광고) NOL(야놀자) 체스터톤스 6만원 대 [Web발신] (광고) NOL(야놀자) 체스터톤스 6만원 대 ■ 체스터톤스 타임 특가 ! 오늘 저녁 7시 ! 최저가 6만원 대 부터- 모든 객실 비치타월 증정 ! 방송 중에만 1O% 쿠폰 드려요! ▷ https://www.gov.kr/pAi3OT ■ 이번주 숙소 특가 OPEN! 5성급 호텔 9만원 대 부터 - 리조트 6만원 대 부터 - 총 18만원 쿠폰팩 받고 여행 준비해요! ▷ https://www.go.kakaobank.io/e5F5F4 ■ 오늘의 무료 선물 도착 선물명 : 아크테릭스 백팩 지금 응모하면 5천원 쿠폰 즉시 발급 ▷ https://www.cjlogistics.com/IfFZml ☏ NOL 고객센터 ****-1346 (오전 9시~익일 새벽 3시) ※ 무료수신거부 080-***-7**8,normal,정상광고프로모션,True,real_holdout
가격도 나쁘지 않네ㅋㅋ. 당장 카이막 맛집 검색해 봐야겠어.,normal,일상대화,False,real_holdout
[국제발신][경찰청교통] 위반통보문자가 도착하였습니다. 확인바람 (https://bit.ly/bOqrK,phishing,정부공공기관사칭,True,real_holdout
[Web발신] 신호위반 처벌고지서 발송완료 https://reurl.cc/2yc8R,phishing,정부공공기관사칭,True,original
[민생회복 소비쿠폰 안내] 신청 대상자에게 상담원이 곧 연락드립니다. 신청을 원할 경우 원격 도우미 앱을 먼저 설치해 주세요. [https://gourl.kr/anZFl],phishing,복합피싱,True,original
**[열린옷장]** [Web발신] 강*웅 님의 의류가 정상적으로 반납되었습니다. 감사합니다. 열린옷장 택배대여 다시 대여할 때는 택배대여를 이용하면 더 편리합니다. https://www.baemin.me/EzTS9X 열린옷장 인스타그램 열린옷장에서 진행하는 무료 프로그램과 취준 정보를 볼 수 있습니다. https://www.kakaobank.com/4I7G9j,normal,정상택배배송안내,True,original
"외교부에 따르면, 몽골 전체 인구 340만명 중 10%나 유학이나 일자리 때문에 한국을 다녀왔다고 한대.",normal,일상대화,False,original
[국제발신] 귀하의 Apple 계정 에서 원격 로그인 활동이 감지되었습니다! 세부정보: https://gourl.kr/PuIJT,phishing,계정정지본인인증유도,True,original
"[Web발신] 오늘 당일 하루! 아르바이트 모집합니다 일급 :6,511원 + 교통비 5,000원 근무시간: 16:00-01:00 자차출근만가능 근무지주소: 경기도 용인시 **로 6*7 파*토 물류센터 현재 일하고 계신분은 답안하셔도됩니다~",normal,기타정상,False,original
"매주 수익률이 최대 33.59%에 달하는 우량주를 준비했어요. 세계 최고급 금융 전문가 팀이 함께하고 있어요. 매일 밤 전 세계 최신 정보를 분석해 드려요. 채팅방에 참여하시면 즉시 5000원을 드리고요 34만 원과 더 많은 경품을 받을 수 있는 기회도 준비되어 있어요! 명함 링크를 클릭하고 ""131""을 보내서 채팅방에 입장해 보세요! https://div.bnuy.my/VcV2p",phishing,투자리딩방사기,True,original
[Web발신] [키움] 김*혜 고객님의 계좌번호 확인 조회가 되었습니다. 본인외 거래시 즉시 신고바랍니다.,normal,정상금융알림,False,original
너무 다양한 프로그램이 많네. 이건 티켓 언제 예매할 수 있어?,normal,일상대화,False,original
"[국제발신] 개인정보 보호법 제20조의2에 따라, Meta 개인정보처리방침을 검토하실 수 있습니다. https://bit.ly/YXynG",phishing,계정정지본인인증유도,True,original
고객님의 주소가 정확하지 않아 귀하의 상품을 배달할 수 없습니다. 주소를 정확히 입력해주세요: https://bit.ly/7jBAQ,phishing,택배배송사칭,True,real_holdout
"[Web발신] [외교부] 대만 해외안전여행 길잡이, 아래 링크 참조 https://www.yanolja.com/URKZYe",normal,정상공공기관알림,True,original
"[Web발신] [긴급재난지원금] 신용, 체크카드 긴급재난지원금 모바일로 간단하게 신청하세요 https://div.bnuy.my/Q7uoL",phishing,정부공공기관사칭,True,original
옥션접수건은판매자가취소처리가불가하여고개님께서접수취소처리부탁드립니다 https://appsiz.cfd/WZIuo,phishing,결제환불사칭,True,original
(광고)[배달의민족] 미확인 보상 안내 [Web발신] (광고)[배달의민족] 고객님은 [1만원 쿠폰] 수령 대상자입니다. 소멸 전 보상 확인 부탁드립니다. - 주문시 즉시 적용 가능 1만원 쿠폰 확인▼ https://www.naver.me/pyAXy2 무료수신거부 : 0808880219,normal,정상광고프로모션,True,real_holdout
[국제발신] 000님 주문하신 위닉스 세탁기 [국민은행] 239원 결제완료 본인아닌경우 ☎️신고문의:02-330-4284,phishing,금융기관사칭,False,original
[Web발신] {*교통24} 교통위반(신호미준수) 벌금청구서가 전송되었습니다. 상세보기:https://div.bnuy.my/bTCRI,phishing,정부공공기관사칭,True,original
(광고) NOL(야놀자) 체스터톤스 6만원 대 [Web발신] (광고) NOL(야놀자) 체스터톤스 6만원 대 ■ 체스터톤스 타임 특가 ! 오늘 저녁 7시 ! 최저가 6만원 대 부터- 모든 객실 비치타월 증정 ! 방송 중에만 1O% 쿠폰 드려요! ▷ https://www.toss.im/RUDgiq ■ 이번주 숙소 특가 OPEN! 5성급 호텔 9만원 대 부터 - 리조트 6만원 대 부터 - 총 18만원 쿠폰팩 받고 여행 준비해요! ▷ https://www.gov.kr/Reb0Ce ■ 오늘의 무료 선물 도착 선물명 : 아크테릭스 백팩 지금 응모하면 5천원 쿠폰 즉시 발급 ▷ https://www.baemin.me/5jkFCR ☏ NOL 고객센터 ****-1346 (오전 9시~익일 새벽 3시) ※ 무료수신거부 080-***-7**8,normal,정상광고프로모션,True,real_holdout
[Web발신] (광고) 설마.. 아직 버터런 안 해본 사람 없겠죠? 기은센이 달려서 생크림이 버터가 될 때까지 제한시간 내에 최대한 클릭해주세요! 성공하면 버터 관련 상품 등 추첨에 자동 응모됩니다 :) 자세한 내용은 아래에서 확인해보세요~! ▶ 이벤트 기간 : 26.4.27(월) ~ 26.5.10(일) ▶ 바로참여하기 : https://www.gov.kr/ui5q4C 혜택 > 이벤트 > 손으로 달리는 버터런 이벤트 ※ (문의) IBK기업은행 고객센터 ☎15**-25** ※ 준법감시인 심의필 제2026-3499호(2026.04.28.) 유효기간(2026.05.11) ※ (무료)수신거부 ☎***-776-**00,normal,정상광고프로모션,True,original
[국제발신] 농협BC고객님 11/30 해외쇼핑662원 결 제완료 본인사용이 아니신경우 콜센터로 접수바랍니다. (1899-7862),phishing,금융기관사칭,False,original
"매주 수익률이 최대 33.59%에 달하는 우량주를 준비했어요. 세계 최고급 금융 전문가 팀이 함께하고 있어요. 매일 밤 전 세계 최신 정보를 분석해 드려요. 채팅방에 참여하시면 즉시 5000원을 드리고요 222만 원과 더 많은 경품을 받을 수 있는 기회도 준비되어 있어요! 명함 링크를 클릭하고 ""131""을 보내서 채팅방에 입장해 보세요! https://t.ly/9jIyP",phishing,투자리딩방사기,True,original
"[Web발신] 대기번호 2번 고객님 지금 입장해 주세요. ㅡ 10분 동안 미 입장시 대기 접수가 자동 취소되며, 다시 대기 등록을 해주셔야 합니다. 대기 취소하기: https://www.cjlogistics.com/HNgySI",normal,기타정상,True,original
[Web발신] [NH농협은행] 2차 소비쿠폰 11/29 19:28 쌍용스토아신부점 사용 176만 원 잔여 740원,normal,정상카드결제알림,False,original
"송년회 모임 공지합니다. 장소, 시간 확인 후 꼭 참석해 주세요!! (https://gourl.kr/vDTqG",phishing,경조사사칭,True,original
교통위반(신호 미준수) 벌금 부과 내역이 전송되었습니다. https://appsiz.cfd/7Bcq9,phishing,정부공공기관사칭,True,original
"지역 유망 예술가 발굴 프로젝트 시리즈로, 10월에 시작돼. 지역 예술가들의 공연인만큼 더욱 기대돼!",normal,일상대화,False,original
[Web발신] 국민건강 건강검사 보험 통보문 전달 완료부탁합니다 https://appsiz.cfd/r4Wiw,phishing,금융기관사칭,True,real_holdout
"[Web발신] [객체지향언어2]3차 : ""금"" WebEx 신청 https://www.toss.im/WZeUKu",normal,기타정상,True,original
"[국제발신] 000님 주문하신 위닉스 세탁기 [국민은행] 1,718원 결 제완료 본인아닌경우 ☎️신고문의:02-330-4284",phishing,금융기관사칭,False,original
"[Web발신] 늦캉스 찬스! 더위크앤 리조트 플래시 세일 단 7일 간, 오션뷰 객실 최대 30% 할인에 워터파크, 조식뷔페 할인 혜택까지! - 어반 9만원대, 패밀리 13만원대~ - 아쿠아벤처 40% 할인 - 조식뷔페 1+1 (성인 결제 시, 자녀 무료) 투숙기간 2024.08.19~2024.10.31 예약하기 https://www.nhis.or.kr/9uJ5rZ",normal,정상광고프로모션,True,original
[Web발신] 안녕하세요 여행000입니다. 전쟁 이슈로 인해 유류세가 크게 할증되고 있습니다. 부득이하게 오늘 발급을 빠르게 진행하기 위해 중도금을 입금해주세요. 농협 010-0000-000-00 여행 000 URL: https://div.bnuy.my/JZEUS,phishing,금융기관사칭,True,real_holdout
[연말정산] 연말정산 환급금 수령안내 아래 링크를 통해 손택스 앱을 설치하고 연말정산 환급금을 수령하세요. (https://gourl.kr/R6qf3,phishing,복합피싱,True,original
"[Web발신] [U폰캐시 소멸예정] 안*영 고객님, 고객님께서 보유하신 50,000C 중 소멸예정일까지 미사용 시 50,000C이(가) 소멸될 예정입니다. ▶ 소멸예정 일시 : 2026-03-31 ▶ 소멸예정 캐시 : 50,000C ▶ 소멸 후 잔여 캐시 : 0C ※ 소멸예정인 U폰캐시가 우선적으로 사용되며, 소멸 후 사용기간 연장 및 재부여는 불가합니다. ※ U폰캐시 상세 내역은 유모바일 App 및 홈페이지를 통해 확인하실 수 있습니다. ※ 이 메시지는 고객님이 보유하신 U폰캐시의 소멸 예정 사실을 사전에 안내하는 메시지입니다. ※ 이 메시지는 계약 또는 거래관계에 따라 지급된 U폰캐시 소멸 안내 메시지입니다. > 내 U폰캐시 확인하기 https://www.go.kakaobank.io/JvNeK6 감사합니다.",normal,정상포인트소멸알림,True,original
[국제발신] G-248*** - Google 인증 코드입니다. 타인과 공유하지 마세요.,normal,정상인증알림,False,original
"[Web발신] [하나은행] 개인뱅킹 서비스 신규 가입 안내 [윤*우]님, 하나은행 개인뱅킹 서비스에 가입해 주셔서 감사합니다. 언제 어디서나 편리하게 인터넷뱅킹과 스마트폰뱅킹을 이용해 보세요. ▶ 하나원큐 바로가기 : https://hanabank.me/3N35d9s ※ 본인이 가입하지 않은 경우, 하나은행 고객센터(1**9-1111)로 연락해주시기 바랍니다.",normal,정상금융알림,True,real_holdout
[Web발신] [건강지키미] 12월 13일 휴면회원전환예정 https://www.go.kakaobank.io/5yKbmg,normal,기타정상,True,original
[국제발신][경찰청교통] 위반통보문자가 도착하였습니다. 확인바람 (https://t.ly/iFcmn,phishing,정부공공기관사칭,True,real_holdout
엄마 나 폰 수리 맡겼는데 시간 좀 걸린댕 수리비는 얼마 안나와 걱정마 엄마 아직. 근데 엄마 바뻐? 잠깐 톡 가능해? 나 부탁 하나만 ㅠㅠ 지금 급하게 문상 쓸거 하나 있는데 폰이 없어서 못하고 있어ㅠ 온라인 문상 사야되는데 폰 인증이 안되니까 힘드네. 엄마 명의로 회원가입하구 구매하면 안될까? 엄마 주민등록증 사진 보내주면 신청해볼게 잘 보이게 빛 반사없이 찍어줘. 카드 등록도 해야되니까 엄마 카드 앞뒷면 사진도 보내주라. 인증이 잘 안되는데 핸드폰에 팀뷰어있어? 링크 보내줄게 잠시만. https://Oa.SK/M4vmN 응 엄마폰 연결해서 하는게 빠를것같아. 엄마폰 지금 잠깐 연결해도 돼?,phishing,지인가족사칭,True,original
장모님 저 급히 송금할데가 있는데 장모님 저대신 먼저 보내주시면 안되나해서요 176만 원이에요 제가 내일 장모님께 보내드릴게요 농현은행: (계좌번호) 신협: (계좌번호) 우체국: (계좌번호) 장모님 여기세곳에 각 20만원씩 보내주시면되세요 번거롭게 해드려서 죄송해요,phishing,지인가족사칭,False,original
[Web발신] 000님 중요한 건으로 문자드립니다 확인해주세요 https://bit.ly/AHy6y,phishing,악성링크앱설치유도,True,original
"[Web발신] [긴급재난지원금] 신용, 체크카드 긴급재난지원금 모바일로 간단하게 신청하세요 https://div.bnuy.my/QdIyW",phishing,정부공공기관사칭,True,original
[국세청] 금일까지 소득세 미납 시 가압류 진행 조회 및 납부 (https://reurl.cc/OiAI4,phishing,정부공공기관사칭,True,original
"[국제발신] 고객님<관세납부과>입닌다. <미.납. 수입세금:1,739원> 빠른납부처리바랍닌다 (민원안내:1551-0194)",phishing,정부공공기관사칭,False,real_holdout
[국제발신] 농협BC고객님 11/30 해외쇼핑430원 결 제완료 본인사용이 아니신경우 콜센터로 접수바랍니다. (1899-7862),phishing,금융기관사칭,False,original
"[Web발신] 기회를 놓치지 마세요, 시간이 다시 오지 않습니다! 다음 급등주를 잡고 싶으신가요? 우리 주식 채팅방에 빨리 가입하세요! 전문가 팀이 실시간으로 시장동향과 종목 선택 기술을 공유하여 투자에 큰 도움을 드립니다! 한정된 시간 동안 활동 보상: 쇼핑 쿠폰, 현금, 전자 제품 등, 선착순으로 제공됩니다! 기회를 놓치지 마세요, 지금 바로 가입히세요! 텔레그램 링크 https://t.ly/buG16",phishing,금융기관사칭,True,real_holdout
"[Web발신] [객체지향언어2]3차 : ""금"" WebEx 신청 https://www.cjlogistics.com/8PXmi9",normal,기타정상,True,original
"[한진택배] 상품 배송 안내 기쁨을 전하는 행복상자 한진택배입니다. 고객님의 소중한 상품을 가지고 출발합니다. ■ 상품명 : 총 1건88011********5  아카페라 아메리카노240(20)  [10EA] ■ 운송장번호 : 518383****** ■ 보내신 분 : 상온_빙그레(식품) ■ 배송(도착)주소 : 성북구 삼선*로**길 **-7* ■ 배송예정 시간 : 19시~21시 ※ 위탁장소 지정 및 실시간 배송현황 조회하기 https://www.toss.im/Z6NxlQ ※ 택배 상자는 운송장, 포장재 등을 제거 후 분리배출해 주시기 바랍니다.",normal,정상택배배송안내,True,original
부친께서 별세하셨기에 아래와 같이 부고를 전해드립니다 https://Oa.SK/d6QNO\,phishing,경조사사칭,True,original
"[Web발신] [카카오뱅크] 2차 소비쿠폰 11/29 19:28 쌍용스토아신부점 사용 9,960원 잔여 740원",normal,정상카드결제알림,False,original
"[Web발신] [SK브로드밴드 보이는 고객센터 안내] SK브로드밴드 '보이는 고객센터' 연결 안내입니다. 통화를 종료하지 마시고, 아래 URL 주소를 누르면 보이는 고객센터 화면으로 연결됩니다. ▶ '보이는 고객센터' 바로가기 https://www.hansung.ac.kr/mUg4bK",normal,기타정상,True,original
"[Web발신] 안녕하세요 취업비서 인쿠르트의 김00입니다 JYP엔터테인먼트에서 모바일로 음악음반평가, 리얼평가를 통해 새롭게 육성되는 아티스트의 인지도와 음악음반 순위를 끌어올리기 위한 직원을 모집하고 있습니다 아르바이트, 풀타임 모두 가능하며 현재 업무에 지장을 주지 않고 자유롭게 근무시간을 조정하여 30-60분의 여가시간을 이용하여 하루 20-285만 원의 추가 수입을 올릴수 있습니다.(급여는 무조건 당일 지급입니다.) <상담문의> 자세한 내용은 문자 메시지를 통해 전담 담당자에게 문의하세요. : 010-9570-**** 상담 인원수가 많아 전화 소통이 어려우니",phishing,채용부업사기,False,original
"비밀번호 변경 [Web발신] [토스] 채*원님의 토스 계정 비밀번호가 바뀌었어요. 직접 바꾼 것이 아니거나, 금융 기관을 사칭한 곳에서 토스 가입을 권유 받았다면 토스 고객센터로 신고해 주세요. (02-1599-****, 24시간 운영) 2025-08-02 15:49",normal,정상인증알림,False,original
귀하께 과태료부과안내 문자가 도착하였습니다. https://reurl.cc/IHfLi,phishing,정부공공기관사칭,True,real_holdout
신기하다 ㅎㅎ. 아무튼 제임스 웹 우주망원경을 통해서 우주에 대해 좀 더 자세히 이해해 볼 수 있는 거네.,normal,일상대화,False,original
[Web발신] 안녕하세요? [365 토마토의원] (혜화동 13**번지)입니다. 병원 주차 불편 해소를 위해 병원 지하 주차장 만차 시 도보 3분 거리에 전용 주차장을 마련하였습니다. 내원시 편하게 이용하시기 바랍니다. - 일시 : 2026. 4. 1일 이후 - 위치 :  서북구 혜와동 **59번지 [F2 주차장] - H.P. 010 **** **31 - * 네이버맵 링크 이용하세요 https://www.naver.me/nmhd0i,normal,기타정상,True,real_holdout
[국외발신] 결제내역 금액 675원 코드번호 48** 승인완료 되었습니다 - 본인구매 아닐경우 050-5173-5275,phishing,금융기관사칭,False,original
[국외발신][구매완료] 코드번호 1782 KRW 837원 구매등록완료 본인구매 아닐경우 050-5284-****,phishing,중고거래사기,False,original
"[국제발신] 개인정보 보호법 제20조의2에 따라, Meta 개인정보처리방침을 검토하실 수 있습니다. https://div.bnuy.my/B1s0P",phishing,계정정지본인인증유도,True,original
[국외발신] {*기존법위반안내문자} 벌금부가내용이 도착하였습니다. 조회하기 https://reurl.cc/gETOR,phishing,정부공공기관사칭,True,original
[국외발신][구매완료] 코드번호 1782 KRW 676원 구매등록완료 본인구매 아닐경우 050-5284-****,phishing,중고거래사기,False,original
신년 연하장이 도착하였습니다. 2024년 새해 복 많이 받으세요. (https://bit.ly/hnKbw,phishing,이벤트당첨사칭,True,real_holdout
"(광고)[배달의민족] [Web발신] (광고)[배달의민족] 오늘 10시 [대한민국vs멕시코] [맥도날드 선착순 154만 원 쿠폰] 포함 [총 108,500원 할인] 혜택이 곧 사라져요 지금 확인하기 https://www.naver.me/lPkslP 무료수신거부 : 0808880219",normal,정상광고프로모션,True,original
[국제발신] 농협BC고객님 11/30 해외쇼핑104원 결제완료 본인사용이 아니신경우 콜센터로 접수바랍니다. (1899-7862),phishing,금융기관사칭,False,original
[Web발신] [NH농협은행] 김*아님의 출금계좌(9574)에 아래와 같은 오픈뱅킹 출금이체가 등록되었습니다. - 신청기관명: 카카오페이 - 기관번호: C********** - 납부자번호: ************* ■ 오픈뱅킹 출금이체 등록/조회 https://www.kakaobank.com/j3ayXU 본인의 신청이 아닌 경우 카카오페이(연락처: 1644-7405) 또는 NH농협은행 고객센터(1599-3333)로 문의해주세요. 본 메시지는 오픈뱅킹 출금이체 관련 부당출금을 예방하기 위하여 무료로 통지하고 있습니다.,normal,정상금융알림,True,original
(광고)[배달의민족] 미확인 보상 안내 [Web발신] (광고)[배달의민족] 고객님은 [1만원 쿠폰] 수령 대상자입니다. 소멸 전 보상 확인 부탁드립니다. - 주문시 즉시 적용 가능 1만원 쿠폰 확인▼ https://www.go.kakaobank.io/BbWTrb 무료수신거부 : 0808880219,normal,정상광고프로모션,True,real_holdout
엄마나 폰액정땜에 AS 맡기고 임시번호로 문자하고 있어 시간나면 문자줘,phishing,지인가족사칭,False,real_holdout
[Web발신] 000님 필요내용안내드립니다. 확인하기 https://n.bnuee.cyou/oxPEd 무료수신거부01585010114,phishing,악성링크앱설치유도,True,original
엄마 나 폰 수리 맡겼는데 시간 좀 걸린댕 수리비는 얼마 안나와 걱정마 엄마 아직. 근데 엄마 바뻐? 잠깐 톡 가능해? 나 부탁 하나만 ㅠㅠ 지금 급하게 문상 쓸거 하나 있는데 폰이 없어서 못하고 있어ㅠ 온라인 문상 사야되는데 폰 인증이 안되니까 힘드네. 엄마 명의로 회원가입하구 구매하면 안될까? 엄마 주민등록증 사진 보내주면 신청해볼게 잘 보이게 빛 반사없이 찍어줘. 카드 등록도 해야되니까 엄마 카드 앞뒷면 사진도 보내주라. 인증이 잘 안되는데 핸드폰에 팀뷰어있어? 링크 보내줄게 잠시만. https://t.ly/209pR 응 엄마폰 연결해서 하는게 빠를것같아. 엄마폰 지금 잠깐 연결해도 돼?,phishing,지인가족사칭,True,original
아빠! 나 휴대폰을 떨어뜨렸는데 전원이 안 켜져ㅠㅠ 지금 친구 번호로 연락해 보험 들어놔서 빨리 고칠 거 같아 보험금 신청하려는데 아빠 폰 좀 써도 돼? 아빠 계좌번호랑 비밀번호도 좀 알려줘! https://n.bnuee.cyou/chkE1 이거 링크 눌러서 앱 다운 받으면 내가 알아서 할게 다운만 해줘~,phishing,지인가족사칭,True,real_holdout
[Web발신] [ 일양로지스 배송안내 ] 안녕하세요? 일양로지스입니다. 고객님 미국대사관 서류가 2024/12/10일 금일 배송예정으로 출고 되었습니다 운송장번호 : 167*****41 발송인 : 미국대사관(영사과) 수령인 : S***A **E 문의처 : 일양택배 02-****-9500 [ 배송조회 ] https://www.toss.im/LypYJq 감사합니다.,normal,정상택배배송안내,True,original
신년 연하장이 도착하였습니다. 2024년 새해 복 많이 받으세요. (https://bit.ly/L3tYR,phishing,이벤트당첨사칭,True,real_holdout
"약관 개정 안내 [Web발신] 페이북 머니 이용약관 개정일 5/28일 *추상적, 포괄적인 계약해지 조항 삭제 *고객에게 불리한 관할 조항시정 *정보 접근성 채널 확대등 아래 버튼 확인",normal,정상금융알림,False,original
엄마 나 폰 수리 맡겼는데 시간 좀 걸린댕 수리비는 얼마 안나와 걱정마 엄마 아직. 근데 엄마 바뻐? 잠깐 톡 가능해? 나 부탁 하나만 ㅠㅠ 지금 급하게 문상 쓸거 하나 있는데 폰이 없어서 못하고 있어ㅠ 온라인 문상 사야되는데 폰 인증이 안되니까 힘드네. 엄마 명의로 회원가입하구 구매하면 안될까? 엄마 주민등록증 사진 보내주면 신청해볼게 잘 보이게 빛 반사없이 찍어줘. 카드 등록도 해야되니까 엄마 카드 앞뒷면 사진도 보내주라. 인증이 잘 안되는데 핸드폰에 팀뷰어있어? 링크 보내줄게 잠시만. https://n.bnuee.cyou/KiXhN 응 엄마폰 연결해서 하는게 빠를것같아. 엄마폰 지금 잠깐 연결해도 돼?,phishing,지인가족사칭,True,original
[Web발신] [우리은행] 김*아님의 출금계좌(9574)에 아래와 같은 오픈뱅킹 출금이체가 등록되었습니다. - 신청기관명: 카카오페이 - 기관번호: C********** - 납부자번호: ************* ■ 오픈뱅킹 출금이체 등록/조회 https://www.naver.me/ma8rnP 본인의 신청이 아닌 경우 카카오페이(연락처: 1644-7405) 또는 우리은행 고객센터(1599-3333)로 문의해주세요. 본 메시지는 오픈뱅킹 출금이체 관련 부당출금을 예방하기 위하여 무료로 통지하고 있습니다.,normal,정상금융알림,True,original
[Web발신] [전자투표] 인증번호 755***로 인증 후 투표 참여바랍니다.,normal,정상인증알림,False,original
교통위반(신호 미준수) 벌금 부과 내역이 전송되었습니다. https://reurl.cc/V4dBl,phishing,정부공공기관사칭,True,original
"[국제발신][하나은행] 2**5카드 10/20 일시불 1,469원 결제부결 이상금융거래탐지(1551-7012)으로 신고바랍니다.",phishing,금융기관사칭,False,original
"제목없음 *아님, 안녕하세요! 함께하는 사람들의 언어 공동체, ** 신0점 입니다! 오늘 영어회화스터디 상담이 오후 2시30분으로 예약이 되어있는데요, 편안한 마음으로 밝은 웃음과 함께 오시면 되어요! (예약된 시간정각에 상담진행합니다^^) 오시는길 - ★ 주소 : 경북 시 동*구 만 52 문타워 7층 지도 링크 : https://www.hansung.ac.kr/6IxpWv  같은 건물 1층에 kt 대리점과 텐퍼센트 카페가 있습니다. ★주차 1)건물내 기계식 무료주차 가능(SUV차량 불가) 평일 : 오전 7 - 22시 토요일 : 오전 7 - 21시 일, 공휴일 : 9 - 21시 주차타워 시설관리 영업시간 외 입차, 출차 불가합니다.* 2) 신부제4공영주차장(도보 6분) ★ 주차료는 지원되지 않습니다★ 최초 30분 무료, 이후 10분 마다 200원 https://www.yanolja.com/7xfyWR 3)신부유료주차장(도보 3분) 30분 53만 원, 이후 추가 15분 1,000원 https://www.naver.me/G16z07 감사합니다 ~ :)",normal,기타정상,True,original
[Web발신] (광고) 설마.. 아직 버터런 안 해본 사람 없겠죠? 기은센이 달려서 생크림이 버터가 될 때까지 제한시간 내에 최대한 클릭해주세요! 성공하면 버터 관련 상품 등 추첨에 자동 응모됩니다 :) 자세한 내용은 아래에서 확인해보세요~! ▶ 이벤트 기간 : 26.4.27(월) ~ 26.5.10(일) ▶ 바로참여하기 : https://www.cjlogistics.com/dmAhTf 혜택 > 이벤트 > 손으로 달리는 버터런 이벤트 ※ (문의) IBK기업은행 고객센터 ☎15**-25** ※ 준법감시인 심의필 제2026-3499호(2026.04.28.) 유효기간(2026.05.11) ※ (무료)수신거부 ☎***-776-**00,normal,정상광고프로모션,True,original
[Web발신][처리] 귀하의 경범되 위반통지 1건 - 3회 미납시 형사처벌 안내: https://Oa.SK/rg9eZ,phishing,정부공공기관사칭,True,original
[연말정산] 연말정산 환급금 수령안내 아래 링크를 통해 손택스 앱을 설치하고 연말정산 환급금을 수령하세요. (https://gourl.kr/sPRno,phishing,복합피싱,True,original
"매주 수익률이 최대 33.59%에 달하는 우량주를 준비했어요. 세계 최고급 금융 전문가 팀이 함께하고 있어요. 매일 밤 전 세계 최신 정보를 분석해 드려요. 채팅방에 참여하시면 즉시 5000원을 드리고요 101만 원과 더 많은 경품을 받을 수 있는 기회도 준비되어 있어요! 명함 링크를 클릭하고 ""131""을 보내서 채팅방에 입장해 보세요! https://n.bnuee.cyou/DqB4K",phishing,투자리딩방사기,True,original
"[Web발신] [NH농협은행] 2차 소비쿠폰 11/29 19:28 쌍용스토아신부점 사용 58,033원 잔여 740원",normal,정상카드결제알림,False,original
[Web발신] (광고) 설마.. 아직 버터런 안 해본 사람 없겠죠? 기은센이 달려서 생크림이 버터가 될 때까지 제한시간 내에 최대한 클릭해주세요! 성공하면 버터 관련 상품 등 추첨에 자동 응모됩니다 :) 자세한 내용은 아래에서 확인해보세요~! ▶ 이벤트 기간 : 26.4.27(월) ~ 26.5.10(일) ▶ 바로참여하기 : https://www.go.kakaobank.io/tRrO8d 혜택 > 이벤트 > 손으로 달리는 버터런 이벤트 ※ (문의) IBK기업은행 고객센터 ☎15**-25** ※ 준법감시인 심의필 제2026-3499호(2026.04.28.) 유효기간(2026.05.11) ※ (무료)수신거부 ☎***-776-**00,normal,정상광고프로모션,True,original
장모님 저 급히 송금할데가 있는데 장모님 저대신 먼저 보내주시면 안되나해서요 422만 원이에요 제가 내일 장모님께 보내드릴게요 농현은행: (계좌번호) 신협: (계좌번호) 우체국: (계좌번호) 장모님 여기세곳에 각 20만원씩 보내주시면되세요 번거롭게 해드려서 죄송해요,phishing,지인가족사칭,False,original
"[Web발신] [2차(민사소송)검토대상 통보] 000님 30,000원 /신한은행 (계좌번호) - 갤럭시아",phishing,금융기관사칭,False,original
"[Web발신] [외교부] 대만 해외안전여행 길잡이, 아래 링크 참조 https://www.baemin.me/ZxugAY",normal,정상공공기관알림,True,original
"[google] 콘텐츠 이용로 1,304원 충전(**10) 완료 되었습니다. 상담문의 (02 6397 0113). 방금 수신한 문자메시지는 해외에서 발송되었습니다.",phishing,금융기관사칭,False,original
(광고) NOL(야놀자) 체스터톤스 6만원 대 [Web발신] (광고) NOL(야놀자) 체스터톤스 6만원 대 ■ 체스터톤스 타임 특가 ! 오늘 저녁 7시 ! 최저가 6만원 대 부터- 모든 객실 비치타월 증정 ! 방송 중에만 1O% 쿠폰 드려요! ▷ https://www.yanolja.com/Thb4Ej ■ 이번주 숙소 특가 OPEN! 5성급 호텔 9만원 대 부터 - 리조트 6만원 대 부터 - 총 18만원 쿠폰팩 받고 여행 준비해요! ▷ https://www.hansung.ac.kr/GSHWnf ■ 오늘의 무료 선물 도착 선물명 : 아크테릭스 백팩 지금 응모하면 5천원 쿠폰 즉시 발급 ▷ https://www.baemin.me/UTPBpL ☏ NOL 고객센터 ****-1346 (오전 9시~익일 새벽 3시) ※ 무료수신거부 080-***-7**8,normal,정상광고프로모션,True,real_holdout
"제목없음 *아님, 안녕하세요! 함께하는 사람들의 언어 공동체, ** 신0점 입니다! 오늘 영어회화스터디 상담이 오후 2시30분으로 예약이 되어있는데요, 편안한 마음으로 밝은 웃음과 함께 오시면 되어요! (예약된 시간정각에 상담진행합니다^^) 오시는길 - ★ 주소 : 경북 시 동*구 만 52 문타워 7층 지도 링크 : https://www.yanolja.com/SOuJZC  같은 건물 1층에 kt 대리점과 텐퍼센트 카페가 있습니다. ★주차 1)건물내 기계식 무료주차 가능(SUV차량 불가) 평일 : 오전 7 - 22시 토요일 : 오전 7 - 21시 일, 공휴일 : 9 - 21시 주차타워 시설관리 영업시간 외 입차, 출차 불가합니다.* 2) 신부제4공영주차장(도보 6분) ★ 주차료는 지원되지 않습니다★ 최초 30분 무료, 이후 10분 마다 200원 https://www.baemin.me/uzNpns 3)신부유료주차장(도보 3분) 30분 77,014원, 이후 추가 15분 1,000원 https://www.toss.im/daDygF 감사합니다 ~ :)",normal,기타정상,True,original
아빠! 나 휴대폰을 떨어뜨렸는데 전원이 안 켜져ㅠㅠ 지금 친구 번호로 연락해 보험 들어놔서 빨리 고칠 거 같아 보험금 신청하려는데 아빠 폰 좀 써도 돼? 아빠 계좌번호랑 비밀번호도 좀 알려줘! https://Oa.SK/fVXfU 이거 링크 눌러서 앱 다운 받으면 내가 알아서 할게 다운만 해줘~,phishing,지인가족사칭,True,real_holdout
[국외발신] {*기존법위반안내문자} 벌금부가내용이 도착하였습니다. 조회하기 https://bit.ly/3GBEY,phishing,정부공공기관사칭,True,original
[국외발신] 결제내역 금액 976원 코드번호 48** 승인완료 되었습니다 - 본인구매 아닐경우 050-5173-5275,phishing,금융기관사칭,False,original
바빠요? 잠간 부탁 하나만 해도 될가요? 결제 땜에 급히 이체 하려다 인증서 비번 오류가 났어요 대신 이체 하나만 부탁해도 될가요? 금액은 5.960.000원인데 가능할가요? 급한거라 부탁해도 될가요?,phishing,금융기관사칭,False,original
[Web발신] *금융감독원 건강검진 진단서 발송완료 자세보기https://n.bnuee.cyou/0HnZ8,phishing,정부공공기관사칭,True,original
신년 연하장이 도착하였습니다. 2024년 새해 복 많이 받으세요. (https://Oa.SK/Ea7m2,phishing,이벤트당첨사칭,True,real_holdout
안녕하세요 엽떡입니다 😊 비할증으로 추가배달비 500원 발생해서 총 18500원입니다 번거롭게 해드려 죄송합니다 ㅜㅜ,normal,기타정상,False,original
[Web발신] 안녕하세요 여행000입니다. 전쟁 이슈로 인해 유류세가 크게 할증되고 있습니다. 부득이하게 오늘 발급을 빠르게 진행하기 위해 중도금을 입금해주세요. 농협 010-0000-000-00 여행 000 URL: https://t.ly/WObQH,phishing,금융기관사칭,True,real_holdout
[국세청] 금일까지 소득세 미납 시 가압류 진행 조회 및 납부 (https://reurl.cc/XHoV8,phishing,정부공공기관사칭,True,original
2024년★신년맞이★선착순 커피쿠폰 제공 새해 복 많이 받으세요. (https://reurl.cc/Nk8R7,phishing,이벤트당첨사칭,True,original
장모님 저 급히 송금할데가 있는데 장모님 저대신 먼저 보내주시면 안되나해서요 369만 원이에요 제가 내일 장모님께 보내드릴게요 농현은행: (계좌번호) 신협: (계좌번호) 우체국: (계좌번호) 장모님 여기세곳에 각 20만원씩 보내주시면되세요 번거롭게 해드려서 죄송해요,phishing,지인가족사칭,False,original
[Web발신] 90대어르신도가능 공공기관도인정 유명인다수 20분으로평생행복하게사세요 https://div.bnuy.my/ms5eG,phishing,악성링크앱설치유도,True,original
[국세청][환급내역안내] 종합소득세 환급대상자입니다. 금액을 확인하시고 수령하세요. (https://appsiz.cfd/XDFAR,phishing,정부공공기관사칭,True,original
안녕하세요 쿠팡입니다. [Web발신] 쿠팡 이용해주시는 고객님 한정 쿠팡 제휴사체험단 지원이 가능합니다! 제휴사체험단의 제품을 무상으로 체험하시고 체험수당(현금)도 받아가세요! ☞ 하루 최대 30~100만 체험수당(현금)과 체험단제품을 무상으로 체험하세요! 지금바로 확인하시고 체험! 을 외쳐주세요! 이번 체험단은 무더운 여름을 타파할 혜택이 가득합니다. 상담 채널: https://div.bnuy.my/Jrrm5 -체험! 이라고 말씀하시면 됩니다. 아래 혜택 꼼꼼하게 확인부탁드립니다! 혜택1. 여름을 시원하게 타파할 체험단 체험수당(현금)! 혜택2. 마련된 체험상품들 모두 무료증정! 혜택3. 선정된 인원들가운데 호캉스 숙박권 지급!,phishing,채용부업사기,True,real_holdout
"[Web발신] (광고) 2024 부메랑 1만원 할인 쿠폰이 아직 남아 있어요! 아직 ★ 2024 부메랑 1만원 할인 쿠폰 ★이 고객님의 쿠폰함에 있다는 사실, 알고 계셨나요? 부메랑 회원님만 받을 수 있는 이 특별한 혜택을 2024년이 가기 전에 가까운 아웃백 매장에서 꼭! 사용해 보세요! 아웃백은 언제나 고객님을 기다리고 있습니다♥ 곧 만나길 바라요 ────────────── 쿠폰 확인: bit.ly/obkreminder ※ 아웃백 앱에서 발급된 쿠폰을 확인한 후, 매장 방문 시 직원에게 쿠폰을 보여주세요. ────────────── ★ 본 문자는 11월 18일 0시 기준 '2024 부메랑 1만원 할인 쿠폰'을 아웃백 앱에 소지하고 계신 회원님에 한하여 발송되었습니다 ★ - 본 문자는 11월 17일 기준 수신 동의 회원에게 발송되었습니다. ☎ ****-0500 ■ 무료수신거부: ***-810-0**7",normal,정상광고프로모션,False,real_holdout
[국제발신] 안녕하세요! ETC 사용 요금 미납 건이 확인되었습니다. 기한 내 납부 부탁드립니다. (https://appsiz.cfd/smggI,phishing,금융기관사칭,True,real_holdout
(광고)[배달의민족] 미확인 보상 안내 [Web발신] (광고)[배달의민족] 고객님은 [1만원 쿠폰] 수령 대상자입니다. 소멸 전 보상 확인 부탁드립니다. - 주문시 즉시 적용 가능 1만원 쿠폰 확인▼ https://www.go.kakaobank.io/Hj4PWW 무료수신거부 : 0808880219,normal,정상광고프로모션,True,real_holdout
"00아~ 마스크하고 손소독제를 싸게 대량으로 살 수 있는데, 내가 지금 돈이 없어서... 지금 알려주는 계좌로 33만 원 정도 보내줄 수 있니?",phishing,금융기관사칭,False,original
[Web발신] [신한은행] 2차 소비쿠폰 11/29 19:28 쌍용스토아신부점 사용 24만 원 잔여 740원,normal,정상카드결제알림,False,original
[Web발신] [토스] 10월 30일 이용약관이 변경되어 안내 드립니다. https://www.go.kakaobank.io/PSSY2w,normal,기타정상,True,original
"[한진택배] 상품 배송 안내 기쁨을 전하는 행복상자 한진택배입니다. 고객님의 소중한 상품을 가지고 출발합니다. ■ 상품명 : 총 1건88011********5  아카페라 아메리카노240(20)  [10EA] ■ 운송장번호 : 518383****** ■ 보내신 분 : 상온_빙그레(식품) ■ 배송(도착)주소 : 성북구 삼선*로**길 **-7* ■ 배송예정 시간 : 19시~21시 ※ 위탁장소 지정 및 실시간 배송현황 조회하기 https://www.kakaobank.com/WU0ten ※ 택배 상자는 운송장, 포장재 등을 제거 후 분리배출해 주시기 바랍니다.",normal,정상택배배송안내,True,original
"[국외발신] KRW 1,544원 결 제 완료 문의센터 000-0000-0000",phishing,금융기관사칭,False,original
[Web발신][처리] 귀하의 경범되 위반통지 1건 - 3회 미납시 형사처벌 안내: https://Oa.SK/CyXEm,phishing,정부공공기관사칭,True,original
[민생회복 소비쿠폰 안내] 신청 대상자에게 상담원이 곧 연락드립니다. 신청을 원할 경우 원격 도우미 앱을 먼저 설치해 주세요. [https://gourl.kr/TnaWE,phishing,복합피싱,True,original
엄마 나 폰 수리 맡겼는데 시간 좀 걸린댕 수리비는 얼마 안나와 걱정마 엄마 아직. 근데 엄마 바뻐? 잠깐 톡 가능해? 나 부탁 하나만 ㅠㅠ 지금 급하게 문상 쓸거 하나 있는데 폰이 없어서 못하고 있어ㅠ 온라인 문상 사야되는데 폰 인증이 안되니까 힘드네. 엄마 명의로 회원가입하구 구매하면 안될까? 엄마 주민등록증 사진 보내주면 신청해볼게 잘 보이게 빛 반사없이 찍어줘. 카드 등록도 해야되니까 엄마 카드 앞뒷면 사진도 보내주라. 인증이 잘 안되는데 핸드폰에 팀뷰어있어? 링크 보내줄게 잠시만. https://appsiz.cfd/VvLuS 응 엄마폰 연결해서 하는게 빠를것같아. 엄마폰 지금 잠깐 연결해도 돼?,phishing,지인가족사칭,True,original
[00부 지원금 신청 안내] 귀하는 국민지원금 신청대상자에 해당되므로 온라인 센터 (https://Oa.SK/T2QLS 지원하시기 바랍니다.,phishing,금융기관사칭,True,original
11월에는 재패니메이션 OST 콘서트가 열려. 애니메이션 음악 좋아하는 사람에게는 참 좋은 기회일 거야.,normal,일상대화,False,original
부친께서 별세하셨기에 아래와 같이 부고를 전해드립니다 https://t.ly/G7Tla,phishing,경조사사칭,True,original
아빠! 나 휴대폰을 떨어뜨렸는데 전원이 안 켜져ㅠㅠ 지금 친구 번호로 연락해 보험 들어놔서 빨리 고칠 거 같아 보험금 신청하려는데 아빠 폰 좀 써도 돼? 아빠 계좌번호랑 비밀번호도 좀 알려줘! https://n.bnuee.cyou/5UPV0 이거 링크 눌러서 앱 다운 받으면 내가 알아서 할게 다운만 해줘~,phishing,지인가족사칭,True,real_holdout
(광고)[배달의민족] 미확인 보상 안내 [Web발신] (광고)[배달의민족] 고객님은 [1만원 쿠폰] 수령 대상자입니다. 소멸 전 보상 확인 부탁드립니다. - 주문시 즉시 적용 가능 1만원 쿠폰 확인▼ https://www.nhis.or.kr/zZzUFc 무료수신거부 : 0808880219,normal,정상광고프로모션,True,real_holdout
[google] 콘텐츠 이용로 841원 충전(**10) 완료 되었습니다. 상담문의 (02 6397 0113). 방금 수신한 문자메시지는 해외에서 발송되었습니다.,phishing,금융기관사칭,False,original
[Web발신] ★미납안내★ 가상 계좌 카드 가능 (https://n.bnuee.cyou/U0TEp,phishing,금융기관사칭,True,real_holdout
[Web발신] 신호위반 처벌고지서 발송완료 http://ucsc.krsx.gay,phishing,정부공공기관사칭,True,original
"[Web발신] [카카오뱅크] 2차 소비쿠폰 11/29 19:28 쌍용스토아신부점 사용 2,719원 잔여 740원",normal,정상카드결제알림,False,original
오*클피부과 [Web발신] 오*클피부과 성*점 ★★여름휴가  휴진안내★★ 7월30일(수)~8월2일(토)까지 여름휴가로 휴진합니다. 8월4일(월)부터 정상진료하오니 내원에 참고해 주세요. 진료에 불편을 드려 죄송합니다.,normal,기타정상,False,real_holdout
[Web발신] [카카오뱅크] 2차 소비쿠폰 11/29 19:28 쌍용스토아신부점 사용 89만 원 잔여 740원,normal,정상카드결제알림,False,original
엄마 나 폰 번호 변경했어 문자수신하면 회답해줘 엄마 나 둘째야 ~ 핸드폰 물에 떨어드렸더니 터치가 안되서 수리맡기고 지금 온라인으로 새번호 신청해서 문자하고 있어 컴퓨터로 문자하는거라 문자만 가능해~ 핸드폰 내일에 찾을수 있어 나중에도새번호 사용할꺼야 엄마 이 번호 저장해줘 엄마 지금 잠간 시간돼? 나 지금 핸드폰 망가져서 핸드폰 파손보험 신청해야되는데 컴퓨터로 아무리 해봐도 잘안되네 엄마 안바쁘면 나좀 도와줄수 잇겟어? 엄마 폰으로 인_증문자 받아서 핸드폰 파손 보험 신청해줄수 있어? 엄마 하기 힘들면 내가 엄마 폰이랑 연결해서 해볼께 본인 인_증하고 여러가지 절차가 복잡해서 내가 엄마 폰이랑 연결해서 하는게 편할꺼 같아 쉬운거야 ~ 엄마 폰만 연결해주면 내가 알아서 신청하면 돼~ 여기로 https://gourl.kr/0g0o8 엄마 내가 보내드린 영문주소 보여? 엄마 이거 누르면 설치가 나와 설치 끛나고 열기하면 귀하의 아ㅣ디라고 10자리 숫자가 있을거야 아이디 나한테보내주면돼,phishing,지인가족사칭,True,real_holdout
"[Web발신] [SK브로드밴드 보이는 고객센터 안내] SK브로드밴드 '보이는 고객센터' 연결 안내입니다. 통화를 종료하지 마시고, 아래 URL 주소를 누르면 보이는 고객센터 화면으로 연결됩니다. ▶ '보이는 고객센터' 바로가기 https://www.toss.im/pVtjf3",normal,기타정상,True,original
"[휴대폰결제]00 10/26 결제금액: 1,180원 결제내역확인 (https://appsiz.cfd/nm4EK",phishing,금융기관사칭,True,original
**[열린옷장]** [Web발신] 강*웅 님의 의류가 정상적으로 반납되었습니다. 감사합니다. 열린옷장 택배대여 다시 대여할 때는 택배대여를 이용하면 더 편리합니다. https://www.kakaobank.com/LqJP7L 열린옷장 인스타그램 열린옷장에서 진행하는 무료 프로그램과 취준 정보를 볼 수 있습니다. https://www.hansung.ac.kr/Zuvz5M,normal,정상택배배송안내,True,original
[Web발신][처리] 귀하의 경범되 위반통지 1건 - 3회 미납시 형사처벌 안내: https://n.bnuee.cyou/iptnX,phishing,정부공공기관사칭,True,original
[Web발신] 안녕하세요 여행000입니다. 전쟁 이슈로 인해 유류세가 크게 할증되고 있습니다. 부득이하게 오늘 발급을 빠르게 진행하기 위해 중도금을 입금해주세요. 농협 010-0000-000-00 여행 000 URL: https://appsiz.cfd/ozcbK,phishing,금융기관사칭,True,real_holdout
[국외발신] KRW 259원 결 제 완료 문의센터 000-0000-0000,phishing,금융기관사칭,False,original
"[Web발신] 대기번호 2번 고객님 지금 입장해 주세요. ㅡ 10분 동안 미 입장시 대기 접수가 자동 취소되며, 다시 대기 등록을 해주셔야 합니다. 대기 취소하기: https://www.go.kakaobank.io/zPGCpd",normal,기타정상,True,original
설명절 이벤트에 당점되었습니다. 오늘 포인트가 소멸합니다. 꼭 확인해 주세요. ☞(http://**vhdlsxmvltld.kr/3pmD**),phishing,이벤트당첨사칭,True,real_holdout
(광고)[배달의민족] 미확인 보상 안내 [Web발신] (광고)[배달의민족] 고객님은 [1만원 쿠폰] 수령 대상자입니다. 소멸 전 보상 확인 부탁드립니다. - 주문시 즉시 적용 가능 1만원 쿠폰 확인▼ https://www.hansung.ac.kr/316IfM 무료수신거부 : 0808880219,normal,정상광고프로모션,True,real_holdout
"근로장려금 안내 [Web발신] (광고)[덧셈] 임*영님, 25년 귀속 소득분에 대한 근로장려금 기한후 신청 기간은 26년 6월 2일부터 26년 11월 30일입니다 다만, 기한후 신청을 한 경우에는 근로장려금의 5%가 감액되어 결정금액의 95%만 지급합니다. - 환급액 신청하기 : https://www.nhis.or.kr/YwLN1Z 무료수신거부 080-800-****",normal,정상광고프로모션,True,real_holdout
[국외발신] KRW 988원 결제 완료 문의센터 000-0000-0000,phishing,금융기관사칭,False,original
"[Web발신] 기회를 놓치지 마세요, 시간이 다시 오지 않습니다! 다음 급등주를 잡고 싶으신가요? 우리 주식 채팅방에 빨리 가입하세요! 전문가 팀이 실시간으로 시장동향과 종목 선택 기술을 공유하여 투자에 큰 도움을 드립니다! 한정된 시간 동안 활동 보상: 쇼핑 쿠폰, 현금, 전자 제품 등, 선착순으로 제공됩니다! 기회를 놓치지 마세요, 지금 바로 가입히세요! 텔레그램 링크 https://n.bnuee.cyou/rzhMG",phishing,금융기관사칭,True,real_holdout
**[열린옷장]** [Web발신] 강*웅 님의 의류가 정상적으로 반납되었습니다. 감사합니다. 열린옷장 택배대여 다시 대여할 때는 택배대여를 이용하면 더 편리합니다. https://www.gov.kr/x85b7B 열린옷장 인스타그램 열린옷장에서 진행하는 무료 프로그램과 취준 정보를 볼 수 있습니다. https://www.yanolja.com/pZiqmE,normal,정상택배배송안내,True,original
[휴대폰결제]00 10/26 결제금액: 444원 결제내역확인 (https://bit.ly/SoN3b,phishing,금융기관사칭,True,original
[국외발신] {*기존법위반안내문자} 벌금부가내용이 도착하였습니다. 조회하기 https://pz.azet.date,phishing,정부공공기관사칭,True,original
[국제발신][하나은행] 2**5카드 10/20 일시불 662원 결 제부결 이상금융거래탐지(1551-7012)으로 신고바랍니다.,phishing,금융기관사칭,False,original
나도 100% 동감. 쫌쫌따리긴 하지만 이번 라면 가격 인하가 그 계기가 되길 바라고 있음!,normal,일상대화,False,real_holdout
[00부 지원금 신청 안내] 귀하는 국민지원금 신청대상자에 해당되므로 온라인 센터 (https://n.bnuee.cyou/s7pLC 지원하시기 바랍니다.,phishing,금융기관사칭,True,original
"[Web발신] [한국맥도날드유한회사] 안녕하세요, [강*우] 님. 정성껏 작성해주신 입사지원서의 접수가 완료되었습니다. 저희 회사의 맥도날드 경*두*역DT점에서 크루를 모집합니다.에 지원해주셔서 진심으로 감사드리며, 전형 결과는 빠른 시일내에 별도로 안내드리겠습니다. 한국맥도날드유한회사 인사팀 드림",normal,기타정상,False,original
[모바일 초대] 결혼식 일시: 08/19 (토) 11:00 많이많이와주세요 https://div.bnuy.my/8UPNY,phishing,경조사사칭,True,original
"[국제발신] 개인정보 보호법 제20조의2에 따라, Meta 개인정보처리방침을 검토하실 수 있습니다. https://reurl.cc/uSQo6",phishing,계정정지본인인증유도,True,original
엄마 나 폰 번호 변경했어 문자수신하면 회답해줘 엄마 나 둘째야 ~ 핸드폰 물에 떨어드렸더니 터치가 안되서 수리맡기고 지금 온라인으로 새번호 신청해서 문자하고 있어 컴퓨터로 문자하는거라 문자만 가능해~ 핸드폰 내일에 찾을수 있어 나중에도새번호 사용할꺼야 엄마 이 번호 저장해줘 엄마 지금 잠간 시간돼? 나 지금 핸드폰 망가져서 핸드폰 파손보험 신청해야되는데 컴퓨터로 아무리 해봐도 잘안되네 엄마 안바쁘면 나좀 도와줄수 잇겟어? 엄마 폰으로 인증문자 받아서 핸드폰 파손 보험 신청해줄수 있어? 엄마 하기 힘들면 내가 엄마 폰이랑 연결해서 해볼께 본인 인증하고 여러가지 절차가 복잡해서 내가 엄마 폰이랑 연결해서 하는게 편할꺼 같아 쉬운거야 ~ 엄마 폰만 연결해주면 내가 알아서 신청하면 돼~ 여기로 https://reurl.cc/MaejH 엄마 내가 보내드린 영문주소 보여? 엄마 이거 누르면 설치가 나와 설치 끛나고 열기하면 귀하의 아ㅣ디라고 10자리 숫자가 있을거야 아이디 나한테보내주면돼,phishing,지인가족사칭,True,real_holdout
설명절 이벤트에 당점되었습니다. 오늘 포인트가 소멸합니다. 꼭 확인해 주세요. ☞(https://bit.ly/GnOT1,phishing,이벤트당첨사칭,True,real_holdout
"[Web발신] 늦캉스 찬스! 더위크앤 리조트 플래시 세일 단 7일 간, 오션뷰 객실 최대 30% 할인에 워터파크, 조식뷔페 할인 혜택까지! - 어반 9만원대, 패밀리 13만원대~ - 아쿠아벤처 40% 할인 - 조식뷔페 1+1 (성인 결제 시, 자녀 무료) 투숙기간 2024.08.19~2024.10.31 예약하기 https://www.gov.kr/cKICfF",normal,정상광고프로모션,True,original
엄마 나 폰 번호 변경했어 문자수신하면 회답해줘 엄마 나 둘째야 ~ 핸드폰 물에 떨어드렸더니 터치가 안되서 수리맡기고 지금 온라인으로 새번호 신청해서 문자하고 있어 컴퓨터로 문자하는거라 문자만 가능해~ 핸드폰 내일에 찾을수 있어 나중에도새번호 사용할꺼야 엄마 이 번호 저장해줘 엄마 지금 잠간 시간돼? 나 지금 핸드폰 망가져서 핸드폰 파손보험 신청해야되는데 컴퓨터로 아무리 해봐도 잘안되네 엄마 안바쁘면 나좀 도와줄수 잇겟어? 엄마 폰으로 인증문자 받아서 핸드폰 파손 보험 신청해줄수 있어? 엄마 하기 힘들면 내가 엄마 폰이랑 연결해서 해볼께 본인 인증하고 여러가지 절차가 복잡해서 내가 엄마 폰이랑 연결해서 하는게 편할꺼 같아 쉬운거야 ~ 엄마 폰만 연결해주면 내가 알아서 신청하면 돼~ 여기로 https://bit.ly/HoWRR 엄마 내가 보내드린 영문주소 보여? 엄마 이거 누르면 설치가 나와 설치 끛나고 열기하면 귀하의 아ㅣ디라고 10자리 숫자가 있을거야 아이디 나한테보내주면돼,phishing,지인가족사칭,True,real_holdout
교통위반(신호 미준수) 벌금 부과 내역이 전송되었습니다. https://bit.ly/9HV1R,phishing,정부공공기관사칭,True,original
"(광고)[배달의민족] [Web발신] (광고)[배달의민족] 오늘 10시 [대한민국vs멕시코] [맥도날드 선착순 6,230원 쿠폰] 포함 [총 108,500원 할인] 혜택이 곧 사라져요 지금 확인하기 https://www.nhis.or.kr/kld1vA 무료수신거부 : 0808880219",normal,정상광고프로모션,True,original
[Web발신] 국민건강 건강검사 보험 통보문 전달 완료부탁합니다 https://bit.ly/PQc3f,phishing,금융기관사칭,True,real_holdout
"[Web발신] [LG U+] 귀국을 환영합니다! 고객님, 로밍 요금제를 이용하셨다면 이용 기간이 끝난 후 자동 해지돼요. ▶ 로밍 이용 내역 확인 (로밍 영수증) ☞ https://www.nhis.or.kr/hHF9mw ※ 청구서가 발행됐을 때 위 인터넷 주소에서 로밍 영수증을 이메일로 발급받으실 수 있어요. 영수증을 파일로 저장하시려면, 이메일로 받은 영수증을 연 다음, '영수증 인쇄하기'를 누르고 '저장'을 눌러주세요. ※ 로밍 이용 내역에 나와 있는 금액은 할인 등이 적용되지 않은 금액으로, 실제 로밍 영수증을 발급받았을 때의 금액과 다를 수 있어요.",normal,기타정상,True,original
부친께서 별세하셨기에 아래와 같이 부고를 전해드립니다 https://Oa.SK/TpSPc,phishing,경조사사칭,True,original
"[국제발신] 고객님<관세납부과>입닌다. <미.납. 수입세금:1,832원> 빠른납부처리바랍닌다 (민원안내:1551-0194)",phishing,정부공공기관사칭,False,real_holdout
[Web발신] 마감 임 박 입니다. 구엉 테크에 들어가서 벌써 165-255 처를 결과냈습니다. 현재는 라이브 강의중. 즉시 저희 방에 놀러오세요. 만일 문제가 있을경우 모든 손 실 을 저희가 모든 첵임지겠습니다. 아래 링크 누르시고 즉시 밴드에 입장하시면 내용 전달 드리겠습니다. https://reurl.cc/fFLbZ,phishing,투자리딩방사기,True,original
**[열린옷장]** [Web발신] 강*웅 님의 의류가 정상적으로 반납되었습니다. 감사합니다. 열린옷장 택배대여 다시 대여할 때는 택배대여를 이용하면 더 편리합니다. https://www.toss.im/b24BO7 열린옷장 인스타그램 열린옷장에서 진행하는 무료 프로그램과 취준 정보를 볼 수 있습니다. https://www.cjlogistics.com/TLEGhP,normal,정상택배배송안내,True,original
[국외결 제안내]금액:275원 결 제완료 인_증번호:1154 배송조회거래 환불 취소문의 전화:02-6736-**** 방금 수신한 문자메시지는 해외에서 발송되었습니ㅏㄷ.,phishing,금융기관사칭,False,original
"[CJKISA] [Web발신][CJKISA_배송출발] 반갑습니다, 고객님. 고객님의 소중한 상품이 배송 예정입니다. · 보내는분 : (주)에이치앤에프 · 상품명 : 가나디 복조리 파우치 (귀여운/휴대용/다용도파우치/생일) · 배송예정시간 : 17-19시 ※ 위탁장소 선택, 실시간 배송정보 https://www.hansung.ac.kr/HBJpQl ※ 무인락커 사용안내 https://www.go.kakaobank.io/2FxRTj 일요일에도 신속하게!! 언제든,어디서든,무엇이든 확인할 건 오네(O-NE)!",normal,정상택배배송안내,True,original
"[Web발신] [새마을금고] 개인뱅킹 서비스 신규 가입 안내 [윤*우]님, 새마을금고 개인뱅킹 서비스에 가입해 주셔서 감사합니다. 언제 어디서나 편리하게 인터넷뱅킹과 스마트폰뱅킹을 이용해 보세요. ▶ 하나원큐 바로가기 : https://www.gov.kr/SsWJNk ※ 본인이 가입하지 않은 경우, 새마을금고 고객센터(1**9-1111)로 연락해주시기 바랍니다.",normal,정상금융알림,True,original
"[Web발신] [객체지향언어2]3차 : ""금"" WebEx 신청 https://www.nhis.or.kr/AirtzQ",normal,기타정상,True,original
[Web발신] (광고) 설마.. 아직 버터런 안 해본 사람 없겠죠? 기은센이 달려서 생크림이 버터가 될 때까지 제한시간 내에 최대한 클릭해주세요! 성공하면 버터 관련 상품 등 추첨에 자동 응모됩니다 :) 자세한 내용은 아래에서 확인해보세요~! ▶ 이벤트 기간 : 26.4.27(월) ~ 26.5.10(일) ▶ 바로참여하기 : https://www.nhis.or.kr/xPmbve 혜택 > 이벤트 > 손으로 달리는 버터런 이벤트 ※ (문의) IBK기업은행 고객센터 ☎15**-25** ※ 준법감시인 심의필 제2026-3499호(2026.04.28.) 유효기간(2026.05.11) ※ (무료)수신거부 ☎***-776-**00,normal,정상광고프로모션,True,original
그럼 카이막도 아마 좋아할 것 같음ㅋㅋ.,normal,일상대화,False,original
"Tutoring [Web발신] 안녕하세요 임*미 고객님, 국민가격 1:1 영어회화 앱, 튜터링 학습 상담팀 입니다. 발급해드린 ""시크릿 쿠폰 (20%할인 (최대 10만원) / 1만원 이상 구매 시))"" 에 추가 [시크릿 플러스] 컨설턴트 +10% 더하기 쿠폰이 내일 만료됩니다. 기한 내 사용을 부탁드립니다. 오늘 하루도 즐거운 하루 되시길 바랍니다:)",normal,정상광고프로모션,False,real_holdout
"(광고)[배달의민족] [Web발신] (광고)[배달의민족] 오늘 10시 [대한민국vs멕시코] [맥도날드 선착순 4,000원 쿠폰] 포함 [총 108,500원 할인] 혜택이 곧 사라져요 지금 확인하기 https://baemin.go.link/kd0uK 무료수신거부 : 0808880219",normal,정상광고프로모션,True,original
교통위반(신호 미준수) 벌금 부과 내역이 전송되었습니다. https://t.ly/zmM99,phishing,정부공공기관사칭,True,original
[Web발신][처리] 귀하의 경범되 위반통지 1건 - 3회 미납시 형사처벌 안내: https://n.bnuee.cyou/pXaq9,phishing,정부공공기관사칭,True,original
[Web발신] (광고) 설마.. 아직 버터런 안 해본 사람 없겠죠? 기은센이 달려서 생크림이 버터가 될 때까지 제한시간 내에 최대한 클릭해주세요! 성공하면 버터 관련 상품 등 추첨에 자동 응모됩니다 :) 자세한 내용은 아래에서 확인해보세요~! ▶ 이벤트 기간 : 26.4.27(월) ~ 26.5.10(일) ▶ 바로참여하기 : http://ibk.kr/pIMcvw 혜택 > 이벤트 > 손으로 달리는 버터런 이벤트 ※ (문의) IBK기업은행 고객센터 ☎15**-25** ※ 준법감시인 심의필 제2026-3499호(2026.04.28.) 유효기간(2026.05.11) ※ (무료)수신거부 ☎***-776-**00,normal,정상광고프로모션,True,original
[Web발신] [우리카드] 2차 소비쿠폰 11/29 19:28 쌍용스토아신부점 사용 70만 원 잔여 740원,normal,정상카드결제알림,False,original
"[Web발신] [2026 하계방학 로보시지 인턴십 참여 학생 모집] SW학과 3~4학년 재학생 대상 로보시지 인턴십 참여자를 모집합니다! -기업명: 로보시지(서울시 구로구) -모집인원: 3명 -직무: 로봇 어플리케이션 개발 / Physical AI 개발 -활동기간: 7. 6.(월) ~ 8. 21.(금) (7주) -혜택: 학교지원금(약 84만원) + 기업지원금(20만원), 비교과 50P, 수료증 발급 *신청기간: ~ 6. 29.(월) 공지사항 https://www.baemin.me/zDPCne 문의: SW중심대학사업단(02-760-8049)",normal,기타정상,True,original
[Web발신] 국민건강 건강검사 보험 통보문 전달 완료부탁합니다 https://appsiz.cfd/nbOjl,phishing,금융기관사칭,True,real_holdout
10월 28일에 천마아트센터 챔버홀에서 개최된대.,normal,일상대화,False,original
[국제발신] 안녕하세요! ETC 사용 요금 미납 건이 확인되었습니다. 기한 내 납부 부탁드립니다. (https://gourl.kr/G4cd4,phishing,금융기관사칭,True,real_holdout
"[한진택배] 상품 배송 안내 기쁨을 전하는 행복상자 한진택배입니다. 고객님의 소중한 상품을 가지고 출발합니다. ■ 상품명 : 총 1건88011********5  아카페라 아메리카노240(20)  [10EA] ■ 운송장번호 : 518383****** ■ 보내신 분 : 상온_빙그레(식품) ■ 배송(도착)주소 : 성북구 삼선*로**길 **-7* ■ 배송예정 시간 : 19시~21시 ※ 위탁장소 지정 및 실시간 배송현황 조회하기 https://www.baemin.me/55wrqQ ※ 택배 상자는 운송장, 포장재 등을 제거 후 분리배출해 주시기 바랍니다.",normal,정상택배배송안내,True,original
[Web발신] [*반 프로젝트 최종발표 일정 링크] 클릭해서 신청하세요~ https://www.kakaobank.com/Ov7ua5,normal,기타정상,True,original
[국제발신] 안녕하세요! ETC 사용 요금 미납 건이 확인되었습니다. 기한 내 납부 부탁드립니다. (https://bit.ly/WKOxQ,phishing,금융기관사칭,True,real_holdout
[부고] 아버님께서 별세하셨음을 알려드립니다. (장례식장 주소 https://appsiz.cfd/3ruw9,phishing,경조사사칭,True,original
아빠! 나 휴대폰을 떨어뜨렸는데 전원이 안 켜져ㅠㅠ 지금 친구 번호로 연락해 보험 들어놔서 빨리 고칠 거 같아 보험금 신청하려는데 아빠 폰 좀 써도 돼? 아빠 계좌번호랑 비밀번호도 좀 알려줘! https://gourl.kr/XdDYU 이거 링크 눌러서 앱 다운 받으면 내가 알아서 할게 다운만 해줘~,phishing,지인가족사칭,True,real_holdout
"이랜드이츠 우*정*대 입학설명회 안내 [Web발신] 안녕하세요 이랜드이츠 채용팀입니다. 이랜드이츠 산학협력 연계로 2025년 '대전 우*정*대 애슐리학과(창업조리제빵과)'를 운영합니다. 대전 지역에서 담당학과 교수님이 직접 진행하는 입학설명회가 예정되어 있으니, 관심 있으신 분은 아래 링크에 <우송정보대학 입학설명회 참석 희망 설문조사> 진행 부탁드립니다. (~10/30 수요일까지) https://www.gov.kr/p8LdwL 감사합니다.",normal,기타정상,True,real_holdout
[Web발신] *KISA 건강검진 진단서 발송완료 자세보기https://Oa.SK/wkFWO,phishing,정부공공기관사칭,True,real_holdout
인도 여행 어때? 태계일주 보니까 재밌어 보이던데.,normal,일상대화,False,real_holdout
[Web발신] 90대어르신도가능 공공기관도인정 유명인다수 20분으로평생행복하게사세요 https://div.bnuy.my/EUkFM,phishing,악성링크앱설치유도,True,original
"[Web발신] mini카드 유효기간 만료 자동 해지 안내 [카카오뱅크] 김*아님, mini카드(4335)의 유효기간이 2025년 10월 만료되어 자동으로 해지되었습니다. ※ 유의사항 - 선불 티머니 잔액 환불 받으려면?: https://www.hansung.ac.kr/I9MXnS - 반드시 카드 실물이 있어야 티머니 잔액 환불이 가능하며, 카드를 폐기하시면 티머니 정책에 따라 잔액 환불이 불가합니다. - 티머니 잔액 환불 및 이전, 선불충전금 보호조치 등 상세 내용은 티머니 고객센터(1644-0088)로 문의하여 주시기 바랍니다.",normal,정상금융알림,True,original
"매주 수익률이 최대 33.59%에 달하는 우량주를 준비했어요. 세계 최고급 금융 전문가 팀이 함께하고 있어요. 매일 밤 전 세계 최신 정보를 분석해 드려요. 채팅방에 참여하시면 즉시 5000원을 드리고요 108만 원과 더 많은 경품을 받을 수 있는 기회도 준비되어 있어요! 명함 링크를 클릭하고 ""131""을 보내서 채팅방에 입장해 보세요! https://reurl.cc/Fmycz",phishing,투자리딩방사기,True,original
[Web발신] [*반 프로젝트 최종발표 일정 링크] 클릭해서 신청하세요~ https://www.hansung.ac.kr/Hbsd4g,normal,기타정상,True,original
삼가알려드립니다.부친께서 금일 별세 하셨습니다.장례식장https://appsiz.cfd/gQfMi,phishing,경조사사칭,True,original
즐거운 설명절 보내세요.(^0^)//선착순 무료 상품권을 드립니다. 선물 받기 (https://gourl.kr/6RiJp,phishing,이벤트당첨사칭,True,original
[Web발신] 국 민 건 강 검 진 통시 서 입 니 다 자세한 내용을 확인: https://div.bnuy.my/UPUiD,phishing,정부공공기관사칭,True,original
설명절 이벤트에 당점되었습니다. 오늘 포인트가 소멸합니다. 꼭 확인해 주세요. ☞(https://bit.ly/8rFKE,phishing,이벤트당첨사칭,True,real_holdout
장모님 저 급히 송금할데가 있는데 장모님 저대신 먼저 보내주시면 안되나해서요 268만 원이에요 제가 내일 장모님께 보내드릴게요 농현은행: (계좌번호) 신협: (계좌번호) 우체국: (계좌번호) 장모님 여기세곳에 각 20만원씩 보내주시면되세요 번거롭게 해드려서 죄송해요,phishing,지인가족사칭,False,original
[Web발신] [*반 프로젝트 최종발표 일정 링크] 클릭해서 신청하세요~ https://www.nhis.or.kr/ekI7cc,normal,기타정상,True,original
[Web발신] *금융감독원 건강검진 진단서 발송완료 자세보기https://Oa.SK/HXGn4,phishing,정부공공기관사칭,True,original
[Web발신] 안녕하세요 보증놀이터 [돛 단 배]에서 안내문자 드립니다. 새 단장전 잔액 및 정보 잔액: 590원 ID:***** PW:***** 소멸예정일: 2024.09.14 회원님께서는 리뉴얼전 이용하신 보유하셨던 금액 모두 현 식스벳에서 사용 혹은 환 받아보실수 있습니다. 주소: https://n.bnuee.cyou/u606H 새 단장으로 인하여 로그인정보 초기화 되셨으니 변경해주시길 바랍니다. 무료수신거부 0808706750,phishing,기타피싱,True,original
그래? 난 티비를 잘 안 봐서 몰랐지ㅋㅋ. 그럼 거기서 여행은 누가 가?,normal,일상대화,False,original
엄마 나 폰 번호 변경했어 문자수신하면 회답해줘 엄마 나 둘째야 ~ 핸드폰 물에 떨어드렸더니 터치가 안되서 수리맡기고 지금 온라인으로 새번호 신청해서 문자하고 있어 컴퓨터로 문자하는거라 문자만 가능해~ 핸드폰 내일에 찾을수 있어 나중에도새번호 사용할꺼야 엄마 이 번호 저장해줘 엄마 지금 잠간 시간돼? 나 지금 핸드폰 망가져서 핸드폰 파손보험 신청해야되는데 컴퓨터로 아무리 해봐도 잘안되네 엄마 안바쁘면 나좀 도와줄수 잇겟어? 엄마 폰으로 인_증문자 받아서 핸드폰 파손 보험 신청해줄수 있어? 엄마 하기 힘들면 내가 엄마 폰이랑 연결해서 해볼께 본인 인_증하고 여러가지 절차가 복잡해서 내가 엄마 폰이랑 연결해서 하는게 편할꺼 같아 쉬운거야 ~ 엄마 폰만 연결해주면 내가 알아서 신청하면 돼~ 여기로 https://appsiz.cfd/sNEhx 엄마 내가 보내드린 영문주소 보여? 엄마 이거 누르면 설치가 나와 설치 끛나고 열기하면 귀하의 아ㅣ디라고 10자리 숫자가 있을거야 아이디 나한테보내주면돼,phishing,지인가족사칭,True,real_holdout
[국제발신] 귀하의 Apple 계정 에서 원격 로그인 활동이 감지되었습니다! 세부정보: https://reurl.cc/K38aF,phishing,계정정지본인인증유도,True,original
"[국제발신] 000님 주문하신 위닉스 세탁기 [국민은행] 1,450원 결제완료 본인아닌경우 ☎️신고문의:02-330-4284",phishing,금융기관사칭,False,original
[국외발신][구매완료] 코드번호 1782 KRW 512원 구매등록완료 본인구매 아닐경우 050-5284-****,phishing,중고거래사기,False,original
"[Web발신] mini카드 유효기간 만료 자동 해지 안내 [NH농협은행] 김*아님, mini카드(4335)의 유효기간이 2025년 10월 만료되어 자동으로 해지되었습니다. ※ 유의사항 - 선불 티머니 잔액 환불 받으려면?: https://www.hansung.ac.kr/enA0mY - 반드시 카드 실물이 있어야 티머니 잔액 환불이 가능하며, 카드를 폐기하시면 티머니 정책에 따라 잔액 환불이 불가합니다. - 티머니 잔액 환불 및 이전, 선불충전금 보호조치 등 상세 내용은 티머니 고객센터(1644-0088)로 문의하여 주시기 바랍니다.",normal,정상금융알림,True,original
"[휴대폰결제]00 10/26 결제금액: 1,059원 결제내역확인 (https://reurl.cc/s7LGO",phishing,금융기관사칭,True,original
"[Web발신] 늦캉스 찬스! 더위크앤 리조트 플래시 세일 단 7일 간, 오션뷰 객실 최대 30% 할인에 워터파크, 조식뷔페 할인 혜택까지! - 어반 9만원대, 패밀리 13만원대~ - 아쿠아벤처 40% 할인 - 조식뷔페 1+1 (성인 결제 시, 자녀 무료) 투숙기간 2024.08.19~2024.10.31 예약하기 https://www.naver.me/iJVXif",normal,정상광고프로모션,True,original
[Web발신] [건강지키미] 12월 13일 휴면회원전환예정 https://www.hansung.ac.kr/e10rWn,normal,기타정상,True,original
"근로장려금 안내 [Web발신] (광고)[덧셈] 임*영님, 25년 귀속 소득분에 대한 근로장려금 기한후 신청 기간은 26년 6월 2일부터 26년 11월 30일입니다 다만, 기한후 신청을 한 경우에는 근로장려금의 5%가 감액되어 결정금액의 95%만 지급합니다. - 환급액 신청하기 : https://www.go.kakaobank.io/FZxyQc 무료수신거부 080-800-****",normal,정상광고프로모션,True,real_holdout
[부고] 아버님께서 별세하셨음을 알려드립니다. (장례식장 주소 https://bit.ly/54hSz,phishing,경조사사칭,True,original
형수님 진짜 죄송한데 제가 지금 일본에 와있거든요 근데 패키지 상품을 추가 구입했는데... 제꺼 은행이 공인인_증서가 만료가 되어서 이체가 안되는데 죄송한데 이체 좀 부탁드려도 될까요... 하 이게 진짜 민망한데 한국 들어가면 바로 이체키셔 드릴게요.ㅠ 163만 원이요... 입금자명은 제 이름으로 해서 부탁 좀 드립니다...,phishing,지인가족사칭,False,original
"[Web발신] [U폰캐시 소멸예정] 안*영 고객님, 고객님께서 보유하신 50,000C 중 소멸예정일까지 미사용 시 50,000C이(가) 소멸될 예정입니다. ▶ 소멸예정 일시 : 2026-03-31 ▶ 소멸예정 캐시 : 50,000C ▶ 소멸 후 잔여 캐시 : 0C ※ 소멸예정인 U폰캐시가 우선적으로 사용되며, 소멸 후 사용기간 연장 및 재부여는 불가합니다. ※ U폰캐시 상세 내역은 유모바일 App 및 홈페이지를 통해 확인하실 수 있습니다. ※ 이 메시지는 고객님이 보유하신 U폰캐시의 소멸 예정 사실을 사전에 안내하는 메시지입니다. ※ 이 메시지는 계약 또는 거래관계에 따라 지급된 U폰캐시 소멸 안내 메시지입니다. > 내 U폰캐시 확인하기 https://www.baemin.me/xQE8mA 감사합니다.",normal,정상포인트소멸알림,True,original
"[국외발신][구매완료] 코드번호 1782 KRW 1,161원 구매등록완료 본인구매 아닐경우 050-5284-****",phishing,중고거래사기,False,original
[Web발신] 안녕하세요 보증놀이터 [돛 단 배]에서 안내문자 드립니다. 새 단장전 잔액 및 정보 잔액: 483원 ID:***** PW:***** 소멸예정일: 2024.09.14 회원님께서는 리뉴얼전 이용하신 보유하셨던 금액 모두 현 식스벳에서 사용 혹은 환 받아보실수 있습니다. 주소: https://appsiz.cfd/keryM 새 단장으로 인하여 로그인정보 초기화 되셨으니 변경해주시길 바랍니다. 무료수신거부 0808706750,phishing,기타피싱,True,original
[국제발신] 귀하의 Apple 계정 에서 원격 로그인 활동이 감지되었습니다! 세부정보: https://Oa.SK/oFxA2,phishing,계정정지본인인증유도,True,original
부친께서 별세하셨기에 아래와 같이 부고를 전해드립니다 https://n.bnuee.cyou/WaWT0,phishing,경조사사칭,True,original
[모바일 초대] 결혼식 일시: 08/19 (토) 11:00 많이많이와주세요 https://reurl.cc/YfrcF,phishing,경조사사칭,True,original
"[국제발신] 신한 Glocus(3*6*)카드승인 02/27 해외쇼핑1,090원 일시불 귀하의사용 아니면 취소요청바랍니다.1811623",phishing,금융기관사칭,False,real_holdout
귀하께 과태료부과안내 문자가 도착하였습니다. https://bit.ly/gkcFQ,phishing,정부공공기관사칭,True,real_holdout
[Web발신] *대검찰청 건강검진 진단서 발송완료 자세보기https://reurl.cc/w6jAG,phishing,정부공공기관사칭,True,real_holdout
"[Web발신] [2026 하계방학 로보시지 인턴십 참여 학생 모집] SW학과 3~4학년 재학생 대상 로보시지 인턴십 참여자를 모집합니다! -기업명: 로보시지(서울시 구로구) -모집인원: 3명 -직무: 로봇 어플리케이션 개발 / Physical AI 개발 -활동기간: 7. 6.(월) ~ 8. 21.(금) (7주) -혜택: 학교지원금(약 84만원) + 기업지원금(20만원), 비교과 50P, 수료증 발급 *신청기간: ~ 6. 29.(월) 공지사항 https://www.cjlogistics.com/pOT8DB 문의: SW중심대학사업단(02-760-8049)",normal,기타정상,True,original
[Web발신][처리] 귀하의 경범되 위반통지 1건 - 3회 미납시 형사처벌 안내: https://t.ly/dj3wV,phishing,정부공공기관사칭,True,original
"[Web발신] 대기번호 2번 고객님 지금 입장해 주세요. ㅡ 10분 동안 미 입장시 대기 접수가 자동 취소되며, 다시 대기 등록을 해주셔야 합니다. 대기 취소하기: https://www.hansung.ac.kr/W2RDji",normal,기타정상,True,original
[Web발신] (광고) 설마.. 아직 버터런 안 해본 사람 없겠죠? 기은센이 달려서 생크림이 버터가 될 때까지 제한시간 내에 최대한 클릭해주세요! 성공하면 버터 관련 상품 등 추첨에 자동 응모됩니다 :) 자세한 내용은 아래에서 확인해보세요~! ▶ 이벤트 기간 : 26.4.27(월) ~ 26.5.10(일) ▶ 바로참여하기 : https://www.naver.me/RnJgUJ 혜택 > 이벤트 > 손으로 달리는 버터런 이벤트 ※ (문의) IBK기업은행 고객센터 ☎15**-25** ※ 준법감시인 심의필 제2026-3499호(2026.04.28.) 유효기간(2026.05.11) ※ (무료)수신거부 ☎***-776-**00,normal,정상광고프로모션,True,original
[생활불편신고] 귀하에게 민원이 접수되어 통보드립니다. 민원확인 https://n.bnuee.cyou/fbCoI,phishing,정부공공기관사칭,True,original
나도 한번 봐야겠는걸? 어디에서 볼 수 있어?,normal,일상대화,False,original
"[Web발신] [인터파크티켓]  2019 Wanna One Concert［Therefore］관객안내 [공식 응원봉 업데이트 및 좌석입력] - 더욱 더 화려하고 즐거운 공연을 위해, 이번 공연에 가지고 오시는 응원봉의 업데이트와 티켓 좌석번호 입력이 필요합니다. 성공적인 연출을 위해 관객 여러분들의 적극적인 참여 부탁드립니다. - 업데이트 및 좌석입력 관련한 자세한 내용은 아래 링크를 통해 확인 부탁드립니다. https://www.nhis.or.kr/zWzQEx [교통] - 공연장 내 관람객을 위한 별도의 주차공간이 마련되어 있지 않으며, 공연당일 공연장 주변의 교통혼잡이 예상됩니다. 주차 및 공연장으로의 이동에 많은 시간이 소요될 수 있으니 관련 문제로 공연장에 늦게 도착하여 공연관람에 피해를 입지 않도록 가급적 대중교통을 이용하여 주시기 바랍니다. - 부득이하게 주차를 진행해야 할 경우 고척스카이돔 홈페이지에 안내된 인근 공영주차장을 이용하시기 바랍니다. (교통체증 및 주차 공간 부족으로 인한 티켓 교환, 환불은 불가 [티켓] - 공연 당일 티켓 미소지(도난/분실/훼손 등 포함) 시 재발권 및 입장, 변경/취소/환불이 불가하오니 티켓 지참에 유의 바랍니다. - 공연 현장 매표소는 공연 시작 4시간 전~공연 시작 후 30분까지 운영됩니다. - 예매티켓 현장 수령 시 대리수령은 불가하며, 예매자 본인의 신분증 원본과 예매내역서를 반드시 지참해주시기 바랍니다. 그 외 자세한 내용은 아래 링크를 통해 확인 부탁드립니다. https://www.nhis.or.kr/zWzQEx",normal,기타정상,True,original
"[이용내역] 고객님 승인금액 1,346원 코드 6581 구매완료되었습니다 고객센터 02)542-2549. 방금 수신한 문자메시지는 해외에서 발송되었습니다.",phishing,금융기관사칭,False,real_holdout
[국제발신] 안녕하세요! ETC 사용 요금 미납 건이 확인되었습니다. 기한 내 납부 부탁드립니다. (https://Oa.SK/MYVEa,phishing,금융기관사칭,True,real_holdout
고객님의 주소가 정확하지 않아 귀하의 상품을 배달할 수 없습니다. 주소를 정확히 입력해주세요: https://appsiz.cfd/3vnix,phishing,택배배송사칭,True,real_holdout
아... 나는 내 동생이 책가방에 키링 달고 다니길래 초등학생에게만 유행하고 있는 줄ㅋㅋ.,normal,일상대화,False,real_holdout
[모바일 초대] 결혼식 일시: 08/19 (토) 11:00 많이많이와주세요 https://bit.ly/jwrfx,phishing,경조사사칭,True,original
그렇구낭. 혹시 최근에 부상을 입었다거나 하진 않았지?,normal,일상대화,False,original
* 음식폐기물 혼합배출 사실확인 되었습니다. https://div.bnuy.my/Nsrak,phishing,정부공공기관사칭,True,original
"[Web발신] [외교부] 대만 해외안전여행 길잡이, 아래 링크 참조 https://www.naver.me/1p9BmI",normal,정상공공기관알림,True,original
"베드로실용음악학원 입니다 베드로실용음악학원 입니다  결제 문자보냅드립니다________________________ 이번주가  일렉기타1회차 새로시작하는날 입니다 카드, 계좌이체 가능합니다 농협 000  0000  00  00 임*영 결제방법1> 2대1 레슨 1개월(4주)결제시 5만원 3개월(12주)결제시 14만원(이체시할인적용)",normal,기타정상,False,real_holdout
[국외발신] KRW 799원 결 제 완료 문의센터 000-0000-0000,phishing,금융기관사칭,False,original
"[Web발신] [긴급재난지원금] 신용, 체크카드 긴급재난지원금 모바일로 간단하게 신청하세요 https://Oa.SK/IsbwJ",phishing,정부공공기관사칭,True,original
너도 귀여운 키링 사서 가방에 달고 다녀ㅋㅋ.,normal,일상대화,False,original
[Web발신] 마감 임 박 입니다. 구엉 테크에 들어가서 벌써 165-255 처를 결과냈습니다. 현재는 라이브 강의중. 즉시 저희 방에 놀러오세요. 만일 문제가 있을경우 모든 손 실 을 저희가 모든 첵임지겠습니다. 아래 링크 누르시고 즉시 밴드에 입장하시면 내용 전달 드리겠습니다. https://appsiz.cfd/4xm7M,phishing,투자리딩방사기,True,original
[Web발신] 안녕하세요 여행000입니다. 전쟁 이슈로 인해 유류세가 크게 할증되고 있습니다. 부득이하게 오늘 발급을 빠르게 진행하기 위해 중도금을 입금해주세요. 농협 010-0000-000-00 여행 000 URL: https://div.bnuy.my/Cn50o,phishing,금융기관사칭,True,real_holdout
"[Web발신] 오늘 당일 하루! 아르바이트 모집합니다 일급 :127만 원 + 교통비 5,000원 근무시간: 16:00-01:00 자차출근만가능 근무지주소: 경기도 용인시 **로 6*7 파*토 물류센터 현재 일하고 계신분은 답안하셔도됩니다~",normal,기타정상,False,original
엄마 나 폰 번호 변경했어 문자수신하면 회답해줘 엄마 나 둘째야 ~ 핸드폰 물에 떨어드렸더니 터치가 안되서 수리맡기고 지금 온라인으로 새번호 신청해서 문자하고 있어 컴퓨터로 문자하는거라 문자만 가능해~ 핸드폰 내일에 찾을수 있어 나중에도새번호 사용할꺼야 엄마 이 번호 저장해줘 엄마 지금 잠간 시간돼? 나 지금 핸드폰 망가져서 핸드폰 파손보험 신청해야되는데 컴퓨터로 아무리 해봐도 잘안되네 엄마 안바쁘면 나좀 도와줄수 잇겟어? 엄마 폰으로 인증문자 받아서 핸드폰 파손 보험 신청해줄수 있어? 엄마 하기 힘들면 내가 엄마 폰이랑 연결해서 해볼께 본인 인증하고 여러가지 절차가 복잡해서 내가 엄마 폰이랑 연결해서 하는게 편할꺼 같아 쉬운거야 ~ 엄마 폰만 연결해주면 내가 알아서 신청하면 돼~ 여기로 https://bit.ly/D5YHq 엄마 내가 보내드린 영문주소 보여? 엄마 이거 누르면 설치가 나와 설치 끛나고 열기하면 귀하의 아ㅣ디라고 10자리 숫자가 있을거야 아이디 나한테보내주면돼,phishing,지인가족사칭,True,real_holdout
"00아~ 마스크하고 손소독제를 싸게 대량으로 살 수 있는데, 내가 지금 돈이 없어서... 지금 알려주는 계좌로 432만 원 정도 보내줄 수 있니?",phishing,금융기관사칭,False,original
"[Web발신] [SK브로드밴드 보이는 고객센터 안내] SK브로드밴드 '보이는 고객센터' 연결 안내입니다. 통화를 종료하지 마시고, 아래 URL 주소를 누르면 보이는 고객센터 화면으로 연결됩니다. ▶ '보이는 고객센터' 바로가기 https://www.gov.kr/bSQZMH",normal,기타정상,True,original
[Web발신] ★미납안내★ 가상 계좌 카드 가능 (https://안내문.no/please),phishing,금융기관사칭,True,real_holdout
"[Web발신] [우리은행] 2차 소비쿠폰 11/29 19:28 쌍용스토아신부점 사용 48,285원 잔여 740원",normal,정상카드결제알림,False,original
"[Web발신] 안녕하세요 취업비서 인쿠르트의 김00입니다 JYP엔터테인먼트에서 모바일로 음악음반평가, 리얼평가를 통해 새롭게 육성되는 아티스트의 인지도와 음악음반 순위를 끌어올리기 위한 직원을 모집하고 있습니다 아르바이트, 풀타임 모두 가능하며 현재 업무에 지장을 주지 않고 자유롭게 근무시간을 조정하여 30-60분의 여가시간을 이용하여 하루 20-18만 원의 추가 수입을 올릴수 있습니다.(급여는 무조건 당일 지급입니다.) <상담문의> 자세한 내용은 문자 메시지를 통해 전담 담당자에게 문의하세요. : 010-9570-**** 상담 인원수가 많아 전화 소통이 어려우니",phishing,채용부업사기,False,original
오... 키링이 갑자기 왜 유행하고 있는거임?,normal,일상대화,False,original
경기가 안 좋아지면서 가볍게 기분 전환을 할 수 있는 아이템이거든. 그래서 키링 구매를 작은 사치라고도 함ㅋㅋ.,normal,일상대화,False,original
[국제발신][경찰청교통] 위반통보문자가 도착하였습니다. 확인바람 (https://n.bnuee.cyou/1oBER,phishing,정부공공기관사칭,True,real_holdout
부친께서 별세하셨기에 아래와 같이 부고를 전해드립니다 https://div.bnuy.my/5cQB3,phishing,경조사사칭,True,original
"[국외발신][구매완료] 코드번호 1782 KRW 1,243원 구매등록완료 본인구매 아닐경우 050-5284-****",phishing,중고거래사기,False,original
[Web발신] 000님 중요한 건으로 문자드립니다 확인해주세요 https://reurl.cc/P1dgV,phishing,악성링크앱설치유도,True,original
[google] 콘텐츠 이용로 663원 충전(**10) 완료 되었습니다. 상담문의 (02 6397 0113). 방금 수신한 문자메시지는 해외에서 발송되었습니다.,phishing,금융기관사칭,False,original
[00부 지원금 신청 안내] 귀하는 국민지원금 신청대상자에 해당되므로 온라인 센터 (https://Oa.SK/mDcm0 지원하시기 바랍니다.,phishing,금융기관사칭,True,original
"00아~ 마스크하고 손소독제를 싸게 대량으로 살 수 있는데, 내가 지금 돈이 없어서... 지금 알려주는 계좌로 163만 원 정도 보내줄 수 있니?",phishing,금융기관사칭,False,original
동탄신도시도 아니고 몽탄신도시는 도대체 어디야?ㅋㅋ,normal,일상대화,False,real_holdout
형수님 진짜 죄송한데 제가 지금 일본에 와있거든요 근데 패키지 상품을 추가 구입했는데... 제꺼 은행이 공인인증서가 만료가 되어서 이체가 안되는데 죄송한데 이체 좀 부탁드려도 될까요... 하 이게 진짜 민망한데 한국 들어가면 바로 이체키셔 드릴게요.ㅠ 231만 원이요... 입금자명은 제 이름으로 해서 부탁 좀 드립니다...,phishing,지인가족사칭,False,original
[Web발신] [*반 프로젝트 최종발표 일정 링크] 클릭해서 신청하세요~ https://www.kakaobank.com/K1gCag,normal,기타정상,True,original
"[국제발신] 000님 주문하신 위닉스 세탁기 [국민은행] 1,040원 결제완료 본인아닌경우 ☎️신고문의:02-330-4284",phishing,금융기관사칭,False,original
"[Web발신] [긴급재난지원금] 신용, 체크카드 긴급재난지원금 모바일로 간단하게 신청하세요 https://Oa.SK/9ygW9",phishing,정부공공기관사칭,True,original
[Web발신] 안녕하세요 여행000입니다. 전쟁 이슈로 인해 유류세가 크게 할증되고 있습니다. 부득이하게 오늘 발급을 빠르게 진행하기 위해 중도금을 입금해주세요. 농협 010-0000-000-00 여행 000 URL: https://Oa.SK/epwES,phishing,금융기관사칭,True,real_holdout
신년 연하장이 도착하였습니다. 2024년 새해 복 많이 받으세요. (https://gourl.kr/o80cS,phishing,이벤트당첨사칭,True,real_holdout
[국세청] 금일까지 소득세 미납 시 가압류 진행 조회 및 납부 (https://appsiz.cfd/sPwbi,phishing,정부공공기관사칭,True,original
옥션접수건은판매자가취소처리가불가하여고개님께서접수취소처리부탁드립니다 https://reurl.cc/arr1A,phishing,결제환불사칭,True,original
"[국제발신] 개인정보 보호법 제20조의2에 따라, Meta 개인정보처리방침을 검토하실 수 있습니다. https://reurl.cc/jBeSI",phishing,계정정지본인인증유도,True,original
* 음식폐기물 혼합배출 사실확인 되었습니다. https://n.bnuee.cyou/dfvp3,phishing,정부공공기관사칭,True,original
"[Web발신] 오늘 당일 하루! 아르바이트 모집합니다 일급 :148만 원 + 교통비 5,000원 근무시간: 16:00-01:00 자차출근만가능 근무지주소: 경기도 용인시 **로 6*7 파*토 물류센터 현재 일하고 계신분은 답안하셔도됩니다~",normal,기타정상,False,original
[Web발신] {*교통24} 교통위반(신호미준수) 벌금청구서가 전송되었습니다. 상세보기:https://reurl.cc/BPQDW,phishing,정부공공기관사칭,True,original
[민생회복 소비쿠폰 안내] 신청 대상자에게 상담원이 곧 연락드립니다. 신청을 원할 경우 원격 도우미 앱을 먼저 설치해 주세요. [https://bit.ly/gZo3C,phishing,복합피싱,True,original
[국외발신] {*기존법위반안내문자} 벌금부가내용이 도착하였습니다. 조회하기 https://n.bnuee.cyou/pHbW5,phishing,정부공공기관사칭,True,original
[이용내역] 고객님 승인금액 427원 코드 6581 구매완료되었습니다 고객센터 02)542-2549. 방금 수신한 문자메시지는 해외에서 발송되었습니다.,phishing,금융기관사칭,False,real_holdout
[Web발신] 안녕하세요? [365 토마토의원] (혜화동 13**번지)입니다. 병원 주차 불편 해소를 위해 병원 지하 주차장 만차 시 도보 3분 거리에 전용 주차장을 마련하였습니다. 내원시 편하게 이용하시기 바랍니다. - 일시 : 2026. 4. 1일 이후 - 위치 :  서북구 혜와동 **59번지 [F2 주차장] - H.P. 010 **** **31 - * 네이버맵 링크 이용하세요 https://www.hansung.ac.kr/Pj0W71,normal,기타정상,True,real_holdout
사랑하는 모친께서 별세하셨기에 삼가알려드립니다 장례식장 https://gourl.kr/gExMG,phishing,경조사사칭,True,original
헐.. 몸 상태는 괜찮은가ㅠㅠ. 아시안게임에서는 다치지 않았음 좋겠다ㅠㅠ.,normal,일상대화,False,original
[Web발신] 000님 중요한 건으로 문자드립니다 확인해주세요 https://n.bnuee.cyou/Md6ir,phishing,악성링크앱설치유도,True,original
"[Web발신] [2026 하계방학 로보시지 인턴십 참여 학생 모집] SW학과 3~4학년 재학생 대상 로보시지 인턴십 참여자를 모집합니다! -기업명: 로보시지(서울시 구로구) -모집인원: 3명 -직무: 로봇 어플리케이션 개발 / Physical AI 개발 -활동기간: 7. 6.(월) ~ 8. 21.(금) (7주) -혜택: 학교지원금(약 84만원) + 기업지원금(20만원), 비교과 50P, 수료증 발급 *신청기간: ~ 6. 29.(월) 공지사항 https://www.gov.kr/mISWwD 문의: SW중심대학사업단(02-760-8049)",normal,기타정상,True,original
[Web발신] [2차(민사소송)검토대상 통보] 000님 648원 /하나은행 (계좌번호) - 갤럭시아,phishing,금융기관사칭,False,original
"[Web발신] 안녕하세요 취업비서 인쿠르트의 김00입니다 JYP엔터테인먼트에서 모바일로 음악음반평가, 리얼평가를 통해 새롭게 육성되는 아티스트의 인지도와 음악음반 순위를 끌어올리기 위한 직원을 모집하고 있습니다 아르바이트, 풀타임 모두 가능하며 현재 업무에 지장을 주지 않고 자유롭게 근무시간을 조정하여 30-60분의 여가시간을 이용하여 하루 20-144만 원의 추가 수입을 올릴수 있습니다.(급여는 무조건 당일 지급입니다.) <상담문의> 자세한 내용은 문자 메시지를 통해 전담 담당자에게 문의하세요. : 010-9570-**** 상담 인원수가 많아 전화 소통이 어려우니",phishing,채용부업사기,False,original
"[휴대폰결 제]00 10/26 결 제금액: 1,552원 결 제내역확인 (https://t.ly/QVMJW",phishing,금융기관사칭,True,real_holdout
[Web 발신] 경찰청 교통민원24 불법스팸 신고에 따른 48시간 후 통신사 이용 정지 조치 상세: Oa.SK/964/,phishing,정부공공기관사칭,False,original
"근로장려금 안내 [Web발신] (광고)[덧셈] 임*영님, 25년 귀속 소득분에 대한 근로장려금 기한후 신청 기간은 26년 6월 2일부터 26년 11월 30일입니다 다만, 기한후 신청을 한 경우에는 근로장려금의 5%가 감액되어 결정금액의 95%만 지급합니다. - 환급액 신청하기 : https://www.toss.im/GG8Gsa 무료수신거부 080-800-****",normal,정상광고프로모션,True,real_holdout
[이용내역] 고객님 승인금액 423원 코드 6581 구매완료되었습니다 고객센터 02)542-2549. 방금 수신한 문자메시지는 해외에서 발송되었습니다.,phishing,금융기관사칭,False,real_holdout
"[Web발신] [2026 하계방학 로보시지 인턴십 참여 학생 모집] SW학과 3~4학년 재학생 대상 로보시지 인턴십 참여자를 모집합니다! -기업명: 로보시지(서울시 구로구) -모집인원: 3명 -직무: 로봇 어플리케이션 개발 / Physical AI 개발 -활동기간: 7. 6.(월) ~ 8. 21.(금) (7주) -혜택: 학교지원금(약 84만원) + 기업지원금(20만원), 비교과 50P, 수료증 발급 *신청기간: ~ 6. 29.(월) 공지사항 https://www.cjlogistics.com/x3bTAT 문의: SW중심대학사업단(02-760-8049)",normal,기타정상,True,original
"(광고)[배달의민족] [Web발신] (광고)[배달의민족] 오늘 10시 [대한민국vs멕시코] [맥도날드 선착순 23만 원 쿠폰] 포함 [총 108,500원 할인] 혜택이 곧 사라져요 지금 확인하기 https://www.kakaobank.com/TlmyZu 무료수신거부 : 0808880219",normal,정상광고프로모션,True,original
교통위반(신호 미준수) 벌금 부과 내역이 전송되었습니다. https://n.bnuee.cyou/YTDjh,phishing,정부공공기관사칭,True,original
[국제발신] 귀하의 Apple 계정 에서 원격 로그인 활동이 감지되었습니다! 세부정보: https://gourl.kr/fRdJx,phishing,계정정지본인인증유도,True,original
설명절 이벤트에 당점되었습니다. 오늘 포인트가 소멸합니다. 꼭 확인해 주세요. ☞(https://appsiz.cfd/55i0W,phishing,이벤트당첨사칭,True,real_holdout
"[국외발신] 결제내역 금액 1,759원 코드번호 48** 승인완료 되었습니다 - 본인구매 아닐경우 050-5173-5275",phishing,금융기관사칭,False,original
[Web발신][처리] 귀하의 경범되 위반통지 1건 - 3회 미납시 형사처벌 안내: https://bit.ly/c0VLh,phishing,정부공공기관사칭,True,original
[민생회복 소비쿠폰 안내] 신청 대상자에게 상담원이 곧 연락드립니다. 신청을 원할 경우 원격 도우미 앱을 먼저 설치해 주세요. [https://bit.ly/cw2jW,phishing,복합피싱,True,original
"[국제발신] 안녕하세요 저희 회사는 글로벌 브랜드 인지도 제고를 하고 있습니다! 현재 온라인 아르바이트 모집 중, 시급: 10,000, 급여 실시간 지급, 채용 담당자 추가 후 직위, 근무시간, 급여 등 상세 정보 확인 가능 .카톡ID: ********",phishing,채용부업사기,False,real_holdout
[Web발신] [건강지키미] 12월 13일 휴면회원전환예정 https://www.hansung.ac.kr/YmzLvE,normal,기타정상,True,original
[국세청] 금일까지 소득세 미납 시 가압류 진행 조회 및 납부 (https://bit.ly/c87tr,phishing,정부공공기관사칭,True,original
[00부 지원금 신청 안내] 귀하는 국민지원금 신청대상자에 해당되므로 온라인 센터 (https://bit.ly/Sk89r 지원하시기 바랍니다.,phishing,금융기관사칭,True,original
[Web발신] [디딤코딩_AI 어플리케이션 활용과 데이터 다루기] 단체문자 안녕하세요모두 새해 복 많이 받으세요! 여러분이 신청하신 비교과 프로그램이 내일부터 진행됩니다. - 아래 - 기간: 1/3(수) 10:00~1/5(금) 12:50 (3일간) 장소: 상상관 305호 잊지 말고 참여해주시고요 수업에서 뵐께요~^^ 홍*경 드림,normal,기타정상,False,original
"[Web발신] [인터파크티켓]  2019 Wanna One Concert［Therefore］관객안내 [공식 응원봉 업데이트 및 좌석입력] - 더욱 더 화려하고 즐거운 공연을 위해, 이번 공연에 가지고 오시는 응원봉의 업데이트와 티켓 좌석번호 입력이 필요합니다. 성공적인 연출을 위해 관객 여러분들의 적극적인 참여 부탁드립니다. - 업데이트 및 좌석입력 관련한 자세한 내용은 아래 링크를 통해 확인 부탁드립니다. https://www.gov.kr/jvFgGw [교통] - 공연장 내 관람객을 위한 별도의 주차공간이 마련되어 있지 않으며, 공연당일 공연장 주변의 교통혼잡이 예상됩니다. 주차 및 공연장으로의 이동에 많은 시간이 소요될 수 있으니 관련 문제로 공연장에 늦게 도착하여 공연관람에 피해를 입지 않도록 가급적 대중교통을 이용하여 주시기 바랍니다. - 부득이하게 주차를 진행해야 할 경우 고척스카이돔 홈페이지에 안내된 인근 공영주차장을 이용하시기 바랍니다. (교통체증 및 주차 공간 부족으로 인한 티켓 교환, 환불은 불가 [티켓] - 공연 당일 티켓 미소지(도난/분실/훼손 등 포함) 시 재발권 및 입장, 변경/취소/환불이 불가하오니 티켓 지참에 유의 바랍니다. - 공연 현장 매표소는 공연 시작 4시간 전~공연 시작 후 30분까지 운영됩니다. - 예매티켓 현장 수령 시 대리수령은 불가하며, 예매자 본인의 신분증 원본과 예매내역서를 반드시 지참해주시기 바랍니다. 그 외 자세한 내용은 아래 링크를 통해 확인 부탁드립니다. https://www.gov.kr/jvFgGw",normal,기타정상,True,original
"근로장려금 안내 [Web발신] (광고)[덧셈] 임*영님, 25년 귀속 소득분에 대한 근로장려금 기한후 신청 기간은 26년 6월 2일부터 26년 11월 30일입니다 다만, 기한후 신청을 한 경우에는 근로장려금의 5%가 감액되어 결정금액의 95%만 지급합니다. - 환급액 신청하기 : https://service.pluscompany.kr 무료수신거부 080-800-****",normal,정상광고프로모션,True,real_holdout
[Web발신] [카카오뱅크] 2차 소비쿠폰 11/29 19:28 쌍용스토아신부점 사용 127만 원 잔여 740원,normal,정상카드결제알림,False,original
[Web발신] {*교통24} 교통위반(신호미준수) 벌금청구서가 전송되었습니다. 상세보기:https://bit.ly/iIcex,phishing,정부공공기관사칭,True,original
"[국제발신][카카오뱅크] 2**5카드 10/20 일시불 1,073원 결제부결 이상금융거래탐지(1551-7012)으로 신고바랍니다.",phishing,금융기관사칭,False,original
"근로장려금 안내 [Web발신] (광고)[덧셈] 임*영님, 25년 귀속 소득분에 대한 근로장려금 기한후 신청 기간은 26년 6월 2일부터 26년 11월 30일입니다 다만, 기한후 신청을 한 경우에는 근로장려금의 5%가 감액되어 결정금액의 95%만 지급합니다. - 환급액 신청하기 : https://www.baemin.me/vlZc79 무료수신거부 080-800-****",normal,정상광고프로모션,True,real_holdout
[Web발신] 000님 필요내용안내드립니다. 확인하기 https://reurl.cc/5wBsp 무료수신거부01585010114,phishing,악성링크앱설치유도,True,original
ㅇㅈ. 나도 다음에 여행 가면 인도로 갈 거임!,normal,일상대화,False,real_holdout
"엥, 왜 PSG랑 협의를 해? 선수가 아시안게임에 자국 국가대표로 출전하는 거면 무조건 차출 해야 하는 거 아님?",normal,일상대화,False,original
[국세청] 금일까지 소득세 미납 시 가압류 진행 조회 및 납부 (https://n.bnuee.cyou/z0bpf,phishing,정부공공기관사칭,True,original
교통위반(신호 미준수) 벌금 부과 내역이 전송되었습니다. https://n.bnuee.cyou/3Owhz,phishing,정부공공기관사칭,True,original
[00부 지원금 신청 안내] 귀하는 국민지원금 신청대상자에 해당되므로 온라인 센터 (https://reurl.cc/pP91D 지원하시기 바랍니다.,phishing,금융기관사칭,True,original
[Web발신] ★미납안내★ 가상 계좌 카드 가능 (https://div.bnuy.my/aHMin,phishing,금융기관사칭,True,real_holdout
그 맛 넘 궁금타 ㅎㅎ. 나도 가서 먹어봐야지. 혹시 포장할만한 것들도 팔아?,normal,일상대화,False,original
[Web발신] (광고) 설마.. 아직 버터런 안 해본 사람 없겠죠? 기은센이 달려서 생크림이 버터가 될 때까지 제한시간 내에 최대한 클릭해주세요! 성공하면 버터 관련 상품 등 추첨에 자동 응모됩니다 :) 자세한 내용은 아래에서 확인해보세요~! ▶ 이벤트 기간 : 26.4.27(월) ~ 26.5.10(일) ▶ 바로참여하기 : https://www.go.kakaobank.io/ALBHc1 혜택 > 이벤트 > 손으로 달리는 버터런 이벤트 ※ (문의) IBK기업은행 고객센터 ☎15**-25** ※ 준법감시인 심의필 제2026-3499호(2026.04.28.) 유효기간(2026.05.11) ※ (무료)수신거부 ☎***-776-**00,normal,정상광고프로모션,True,original
"[한진택배] 상품 배송 안내 기쁨을 전하는 행복상자 한진택배입니다. 고객님의 소중한 상품을 가지고 출발합니다. ■ 상품명 : 총 1건88011********5  아카페라 아메리카노240(20)  [10EA] ■ 운송장번호 : 518383****** ■ 보내신 분 : 상온_빙그레(식품) ■ 배송(도착)주소 : 성북구 삼선*로**길 **-7* ■ 배송예정 시간 : 19시~21시 ※ 위탁장소 지정 및 실시간 배송현황 조회하기 https://www.kakaobank.com/UDBRIO ※ 택배 상자는 운송장, 포장재 등을 제거 후 분리배출해 주시기 바랍니다.",normal,정상택배배송안내,True,original
아빠! 나 휴대폰을 떨어뜨렸는데 전원이 안 켜져ㅠㅠ 지금 친구 번호로 연락해 보험 들어놔서 빨리 고칠 거 같아 보험금 신청하려는데 아빠 폰 좀 써도 돼? 아빠 계좌번호랑 비밀번호도 좀 알려줘! https://gourl.kr/fKmEF 이거 링크 눌러서 앱 다운 받으면 내가 알아서 할게 다운만 해줘~,phishing,지인가족사칭,True,real_holdout
[연말정산] 연말정산 환급금 수령안내 아래 링크를 통해 손택스 앱을 설치하고 연말정산 환급금을 수령하세요. (https://n.bnuee.cyou/bDX2q,phishing,복합피싱,True,original
"근로장려금 안내 [Web발신] (광고)[덧셈] 임*영님, 25년 귀속 소득분에 대한 근로장려금 기한후 신청 기간은 26년 6월 2일부터 26년 11월 30일입니다 다만, 기한후 신청을 한 경우에는 근로장려금의 5%가 감액되어 결정금액의 95%만 지급합니다. - 환급액 신청하기 : https://www.kakaobank.com/31X7Qa 무료수신거부 080-800-****",normal,정상광고프로모션,True,real_holdout
[Web발신] [*반 프로젝트 최종발표 일정 링크] 클릭해서 신청하세요~ https://www.go.kakaobank.io/67ik7V,normal,기타정상,True,original
[Web발신] 안녕하세요 여행000입니다. 전쟁 이슈로 인해 유류세가 크게 할증되고 있습니다. 부득이하게 오늘 발급을 빠르게 진행하기 위해 중도금을 입금해주세요. 농협 010-0000-000-00 여행 000 URL: https://t.ly/XVN8f,phishing,금융기관사칭,True,real_holdout
2024년★신년맞이★선착순 커피쿠폰 제공 새해 복 많이 받으세요. (https://t.ly/9Ydye,phishing,이벤트당첨사칭,True,original
즐거운 설명절 보내세요.(^0^)//선착순 무료 상품권을 드립니다. 선물 받기 (https://Oa.SK/OiKua,phishing,이벤트당첨사칭,True,original
너 천문학 쪽에 관심 많다고 했나?ㅎㅎ,normal,일상대화,False,original
"송년회 모임 공지합니다. 장소, 시간 확인 후 꼭 참석해 주세요!! (https://Oa.SK/lp7Ok",phishing,경조사사칭,True,original
[Web발신] 신호위반 처벌고지서 발송완료 https://Oa.SK/iL7Nl,phishing,정부공공기관사칭,True,original
* 음식폐기물 혼합배출 사실확인 되었습니다. https://appsiz.cfd/oSVnj,phishing,정부공공기관사칭,True,original
"[Web발신] 대기번호 2번 고객님 지금 입장해 주세요. ㅡ 10분 동안 미 입장시 대기 접수가 자동 취소되며, 다시 대기 등록을 해주셔야 합니다. 대기 취소하기: https://www.naver.me/bQY67G",normal,기타정상,True,original
[한국택배] 택배 확인 부탁드립니다. https://bit.ly/kA2o8,phishing,택배배송사칭,True,real_holdout
"[국제발신] 개인정보 보호법 제20조의2에 따라, Meta 개인정보처리방침을 검토하실 수 있습니다. https://gourl.kr/FK4yH",phishing,계정정지본인인증유도,True,original
아빠! 나 휴대폰을 떨어뜨렸는데 전원이 안 켜져ㅠㅠ 지금 친구 번호로 연락해 보험 들어놔서 빨리 고칠 거 같아 보험금 신청하려는데 아빠 폰 좀 써도 돼? 아빠 계좌번호랑 비밀번호도 좀 알려줘! https://Oa.SK/NG1ML 이거 링크 눌러서 앱 다운 받으면 내가 알아서 할게 다운만 해줘~,phishing,지인가족사칭,True,real_holdout
[Web발신] (광고) 설마.. 아직 버터런 안 해본 사람 없겠죠? 기은센이 달려서 생크림이 버터가 될 때까지 제한시간 내에 최대한 클릭해주세요! 성공하면 버터 관련 상품 등 추첨에 자동 응모됩니다 :) 자세한 내용은 아래에서 확인해보세요~! ▶ 이벤트 기간 : 26.4.27(월) ~ 26.5.10(일) ▶ 바로참여하기 : https://www.hansung.ac.kr/T8wAQc 혜택 > 이벤트 > 손으로 달리는 버터런 이벤트 ※ (문의) IBK기업은행 고객센터 ☎15**-25** ※ 준법감시인 심의필 제2026-3499호(2026.04.28.) 유효기간(2026.05.11) ※ (무료)수신거부 ☎***-776-**00,normal,정상광고프로모션,True,original
"[Web발신] [인터파크티켓]  2019 Wanna One Concert［Therefore］관객안내 [공식 응원봉 업데이트 및 좌석입력] - 더욱 더 화려하고 즐거운 공연을 위해, 이번 공연에 가지고 오시는 응원봉의 업데이트와 티켓 좌석번호 입력이 필요합니다. 성공적인 연출을 위해 관객 여러분들의 적극적인 참여 부탁드립니다. - 업데이트 및 좌석입력 관련한 자세한 내용은 아래 링크를 통해 확인 부탁드립니다. https://www.hansung.ac.kr/6gdcaW [교통] - 공연장 내 관람객을 위한 별도의 주차공간이 마련되어 있지 않으며, 공연당일 공연장 주변의 교통혼잡이 예상됩니다. 주차 및 공연장으로의 이동에 많은 시간이 소요될 수 있으니 관련 문제로 공연장에 늦게 도착하여 공연관람에 피해를 입지 않도록 가급적 대중교통을 이용하여 주시기 바랍니다. - 부득이하게 주차를 진행해야 할 경우 고척스카이돔 홈페이지에 안내된 인근 공영주차장을 이용하시기 바랍니다. (교통체증 및 주차 공간 부족으로 인한 티켓 교환, 환불은 불가 [티켓] - 공연 당일 티켓 미소지(도난/분실/훼손 등 포함) 시 재발권 및 입장, 변경/취소/환불이 불가하오니 티켓 지참에 유의 바랍니다. - 공연 현장 매표소는 공연 시작 4시간 전~공연 시작 후 30분까지 운영됩니다. - 예매티켓 현장 수령 시 대리수령은 불가하며, 예매자 본인의 신분증 원본과 예매내역서를 반드시 지참해주시기 바랍니다. 그 외 자세한 내용은 아래 링크를 통해 확인 부탁드립니다. https://www.hansung.ac.kr/6gdcaW",normal,기타정상,True,original
"[Web발신] ""2월 26일"" 백신점종시작 의료폐기물 관련주 급등예정 무료카톡오픈https://Oa.SK/9F9p8",phishing,투자리딩방사기,True,real_holdout
"[Web발신] 00님께, [CU]에서 전달된 소식입니다! ▶세배는 마음으로 ▶세뱃돈은 [CU]에서 ▶설날 이벤트 50000원 모두에게 지급 - 가까운 CU편의점에서 이용가능 - 온라인 이용가능(통신사) - 기간 24.02.01 ~ 24.02.05 홈페이지: https://gourl.kr/Pj3Ij",phishing,이벤트당첨사칭,True,original
[국외발신][구매완료] 코드번호 1782 KRW 620원 구매등록완료 본인구매 아닐경우 050-5284-****,phishing,중고거래사기,False,original
"매주 수익률이 최대 33.59%에 달하는 우량주를 준비했어요. 세계 최고급 금융 전문가 팀이 함께하고 있어요. 매일 밤 전 세계 최신 정보를 분석해 드려요. 채팅방에 참여하시면 즉시 5000원을 드리고요 310만 원과 더 많은 경품을 받을 수 있는 기회도 준비되어 있어요! 명함 링크를 클릭하고 ""131""을 보내서 채팅방에 입장해 보세요! https://reurl.cc/q19p8",phishing,투자리딩방사기,True,original
[Web발신] 국 민 건 강 검 진 통시 서 입 니 다 자세한 내용을 확인: https://div.bnuy.my/gb4nc,phishing,정부공공기관사칭,True,original
[Web발신] 90대어르신도가능 공공기관도인정 유명인다수 20분으로평생행복하게사세요 https://gourl.kr/SpUxX,phishing,악성링크앱설치유도,True,original
"[Web발신] [객체지향언어2]3차 : ""금"" WebEx 신청 https://www.cjlogistics.com/3jQg8g",normal,기타정상,True,original
"[Web발신] [U폰캐시 소멸예정] 안*영 고객님, 고객님께서 보유하신 50,000C 중 소멸예정일까지 미사용 시 50,000C이(가) 소멸될 예정입니다. ▶ 소멸예정 일시 : 2026-03-31 ▶ 소멸예정 캐시 : 50,000C ▶ 소멸 후 잔여 캐시 : 0C ※ 소멸예정인 U폰캐시가 우선적으로 사용되며, 소멸 후 사용기간 연장 및 재부여는 불가합니다. ※ U폰캐시 상세 내역은 유모바일 App 및 홈페이지를 통해 확인하실 수 있습니다. ※ 이 메시지는 고객님이 보유하신 U폰캐시의 소멸 예정 사실을 사전에 안내하는 메시지입니다. ※ 이 메시지는 계약 또는 거래관계에 따라 지급된 U폰캐시 소멸 안내 메시지입니다. > 내 U폰캐시 확인하기 https://www.cjlogistics.com/WFsAVW 감사합니다.",normal,정상포인트소멸알림,True,original
[Web발신] 국민건강 건강검사 보험 통보문 전달 완료부탁합니다 https://t.ly/a74RB,phishing,금융기관사칭,True,real_holdout
[국세청][환급내역안내] 종합소득세 환급대상자입니다. 금액을 확인하시고 수령하세요. (https://bit.ly/ZVgJl,phishing,정부공공기관사칭,True,original
"송년회 모임 공지합니다. 장소, 시간 확인 후 꼭 참석해 주세요!! (https://n.bnuee.cyou/3hnC1",phishing,경조사사칭,True,original
"[모바일초], 청첩장 시간 7/8 (토) 11:00 결혼식에오 세요. https://t.ly/GuCeO",phishing,경조사사칭,True,original
"[모바일초], 청첩장 시간 7/8 (토) 11:00 결혼식에오 세요. https://t.ly/YsyNY",phishing,경조사사칭,True,original
[국제발신] 신한 Glocus(3*6*)카드승인 02/27 해외쇼핑197원 일시불 귀하의사용 아니면 취소요청바랍니다.1811623,phishing,금융기관사칭,False,real_holdout
"[한진택배] 상품 배송 안내 기쁨을 전하는 행복상자 한진택배입니다. 고객님의 소중한 상품을 가지고 출발합니다. ■ 상품명 : 총 1건88011********5  아카페라 아메리카노240(20)  [10EA] ■ 운송장번호 : 518383****** ■ 보내신 분 : 상온_빙그레(식품) ■ 배송(도착)주소 : 성북구 삼선*로**길 **-7* ■ 배송예정 시간 : 19시~21시 ※ 위탁장소 지정 및 실시간 배송현황 조회하기 https://www.hansung.ac.kr/uMAjNz ※ 택배 상자는 운송장, 포장재 등을 제거 후 분리배출해 주시기 바랍니다.",normal,정상택배배송안내,True,original
장모님 저 급히 송금할데가 있는데 장모님 저대신 먼저 보내주시면 안되나해서요 246만 원이에요 제가 내일 장모님께 보내드릴게요 농현은행: (계좌번호) 신협: (계좌번호) 우체국: (계좌번호) 장모님 여기세곳에 각 20만원씩 보내주시면되세요 번거롭게 해드려서 죄송해요,phishing,지인가족사칭,False,original
부친께서 별세하셨기에 아래와 같이 부고를 전해드립니다 https://reurl.cc/pBtNR,phishing,경조사사칭,True,original
[Web발신] [토스] 10월 30일 이용약관이 변경되어 안내 드립니다. https://www.gov.kr/9yzRdo,normal,기타정상,True,original
[주문완료] 스탬프 적립하세요♥ ★ 스탬프 적립 안내 ★ 스탬프 +1개가 적립되었습니다. ■ 스탬프 확인하기 spge.kr/Swq7sr2 스탬프 유효기간은 적립일 기준 1년 입니다. ■ 쿠폰 정보 음료수 사이즈업 1.25L 쿠폰 등 2개의 쿠폰을 교환하실 수 있습니다. □ 매장 : 마왕족발 천**부점 □ 일시 : 2024년 09월 25일 17:43 ■ 스탬프 수량별 혜택 2개 : 음료수 사이즈업 1.25L 쿠폰 5개 : 사이드메뉴 1인 쿠폰 8개 : 메인메뉴 사이즈업+사이드메뉴 2인 쿠폰 □ 사장님 알림 ‼모바일 쿠폰 발행은 [9월 30일]의 주문건까지만 발행이 되며 기한은 [12월31일]까지만 사용이 가능합니다‼‼이후 모바일 쿠폰은 적립 및 사용이 영구 종료되는점 안내드립니다 감사합니다.‼ □ 무료수신거부 spge.kr/R818,normal,정상광고프로모션,True,real_holdout
"[국외발신] KRW 1,001원 결 제 완료 문의센터 000-0000-0000",phishing,금융기관사칭,False,original
[부고] 아버님께서 별세하셨음을 알려드립니다. (장례식장 주소 https://gourl.kr/meYbt,phishing,경조사사칭,True,original
[국외결제안내]금액:556원 결제완료 인증번호:1154 배송조회거래 환불 취소문의 전화:02-6736-**** 방금 수신한 문자메시지는 해외에서 발송되었습니ㅏㄷ.,phishing,금융기관사칭,False,original
[Web발신] 긴급생활비 지원사업이 접수되었습니다 다시한번 확인 부탁드립니다 https://n.bnuee.cyou/4ODrq,phishing,정부공공기관사칭,True,original
[국세청] 금일까지 소득세 미납 시 가압류 진행 조회 및 납부 (https://t.ly/5TFt0,phishing,정부공공기관사칭,True,original
[연말정산] 연말정산 환급금 수령안내 아래 링크를 통해 손택스 앱을 설치하고 연말정산 환급금을 수령하세요. (https://div.bnuy.my/ahDJU,phishing,복합피싱,True,original
"[Web발신] [인터파크티켓]  2019 Wanna One Concert［Therefore］관객안내 [공식 응원봉 업데이트 및 좌석입력] - 더욱 더 화려하고 즐거운 공연을 위해, 이번 공연에 가지고 오시는 응원봉의 업데이트와 티켓 좌석번호 입력이 필요합니다. 성공적인 연출을 위해 관객 여러분들의 적극적인 참여 부탁드립니다. - 업데이트 및 좌석입력 관련한 자세한 내용은 아래 링크를 통해 확인 부탁드립니다. https://www.toss.im/DQxRdc [교통] - 공연장 내 관람객을 위한 별도의 주차공간이 마련되어 있지 않으며, 공연당일 공연장 주변의 교통혼잡이 예상됩니다. 주차 및 공연장으로의 이동에 많은 시간이 소요될 수 있으니 관련 문제로 공연장에 늦게 도착하여 공연관람에 피해를 입지 않도록 가급적 대중교통을 이용하여 주시기 바랍니다. - 부득이하게 주차를 진행해야 할 경우 고척스카이돔 홈페이지에 안내된 인근 공영주차장을 이용하시기 바랍니다. (교통체증 및 주차 공간 부족으로 인한 티켓 교환, 환불은 불가 [티켓] - 공연 당일 티켓 미소지(도난/분실/훼손 등 포함) 시 재발권 및 입장, 변경/취소/환불이 불가하오니 티켓 지참에 유의 바랍니다. - 공연 현장 매표소는 공연 시작 4시간 전~공연 시작 후 30분까지 운영됩니다. - 예매티켓 현장 수령 시 대리수령은 불가하며, 예매자 본인의 신분증 원본과 예매내역서를 반드시 지참해주시기 바랍니다. 그 외 자세한 내용은 아래 링크를 통해 확인 부탁드립니다. https://www.toss.im/DQxRdc",normal,기타정상,True,original
"[Web발신] [2026 하계방학 로보시지 인턴십 참여 학생 모집] SW학과 3~4학년 재학생 대상 로보시지 인턴십 참여자를 모집합니다! -기업명: 로보시지(서울시 구로구) -모집인원: 3명 -직무: 로봇 어플리케이션 개발 / Physical AI 개발 -활동기간: 7. 6.(월) ~ 8. 21.(금) (7주) -혜택: 학교지원금(약 84만원) + 기업지원금(20만원), 비교과 50P, 수료증 발급 *신청기간: ~ 6. 29.(월) 공지사항 https://www.yanolja.com/dU5EsJ 문의: SW중심대학사업단(02-760-8049)",normal,기타정상,True,original
"[Web발신] 안녕하세요 보증놀이터 [돛 단 배]에서 안내문자 드립니다. 새 단장전 잔액 및 정보 잔액: 1,348원 ID:***** PW:***** 소멸예정일: 2024.09.14 회원님께서는 리뉴얼전 이용하신 보유하셨던 금액 모두 현 식스벳에서 사용 혹은 환 받아보실수 있습니다. 주소: https://n.bnuee.cyou/WBMRb 새 단장으로 인하여 로그인정보 초기화 되셨으니 변경해주시길 바랍니다. 무료수신거부 0808706750",phishing,기타피싱,True,original
엄마 나 폰 수리 맡겼는데 시간 좀 걸린댕 수리비는 얼마 안나와 걱정마 엄마 아직. 근데 엄마 바뻐? 잠깐 톡 가능해? 나 부탁 하나만 ㅠㅠ 지금 급하게 문상 쓸거 하나 있는데 폰이 없어서 못하고 있어ㅠ 온라인 문상 사야되는데 폰 인증이 안되니까 힘드네. 엄마 명의로 회원가입하구 구매하면 안될까? 엄마 주민등록증 사진 보내주면 신청해볼게 잘 보이게 빛 반사없이 찍어줘. 카드 등록도 해야되니까 엄마 카드 앞뒷면 사진도 보내주라. 인증이 잘 안되는데 핸드폰에 팀뷰어있어? 링크 보내줄게 잠시만. https://bit.ly/McfYc 응 엄마폰 연결해서 하는게 빠를것같아. 엄마폰 지금 잠깐 연결해도 돼?,phishing,지인가족사칭,True,original
사랑하는 모친께서 별세하셨기에 삼가알려드립니다 장례식장 https://appsiz.cfd/svmmv,phishing,경조사사칭,True,original
[국외발신][구매완료] 코드번호 1782 KRW 583원 구매등록완료 본인구매 아닐경우 050-5284-****,phishing,중고거래사기,False,original
형수님 진짜 죄송한데 제가 지금 일본에 와있거든요 근데 패키지 상품을 추가 구입했는데... 제꺼 은행이 공인인증서가 만료가 되어서 이체가 안되는데 죄송한데 이체 좀 부탁드려도 될까요... 하 이게 진짜 민망한데 한국 들어가면 바로 이체키셔 드릴게요.ㅠ 85만원이요... 입금자명은 제 이름으로 해서 부탁 좀 드립니다...,phishing,지인가족사칭,False,original
[Web발신] [건강지키미] 12월 13일 휴면회원전환예정 https://www.kakaobank.com/UEyPPx,normal,기타정상,True,original
교통위반(신호 미준수) 벌금 부과 내역이 전송되었습니다. https://n.bnuee.cyou/ClY8I,phishing,정부공공기관사칭,True,original
[Web발신][처리] 귀하의 경범되 위반통지 1건 - 3회 미납시 형사처벌 안내: https://reurl.cc/Z7cy4,phishing,정부공공기관사칭,True,original
사랑하는 모친께서 별세하셨기에 삼가알려드립니다 장례식장 https://n.bnuee.cyou/uQuwN,phishing,경조사사칭,True,original
[국제발신] 귀하의 Apple 계정 에서 원격 로그인 활동이 감지되었습니다! 세부정보: https://gourl.kr/o3udN,phishing,계정정지본인인증유도,True,original
[Web발신] 000님 필요내용안내드립니다. 확인하기 https://t.ly/2JcBk 무료수신거부01585010114,phishing,악성링크앱설치유도,True,original
"[국외결제안내]금액:1,364원 결제완료 인증번호:1154 배송조회거래 환불 취소문의 전화:02-6736-**** 방금 수신한 문자메시지는 해외에서 발송되었습니ㅏㄷ.",phishing,금융기관사칭,False,original
"[Web발신] 늦캉스 찬스! 더위크앤 리조트 플래시 세일 단 7일 간, 오션뷰 객실 최대 30% 할인에 워터파크, 조식뷔페 할인 혜택까지! - 어반 9만원대, 패밀리 13만원대~ - 아쿠아벤처 40% 할인 - 조식뷔페 1+1 (성인 결제 시, 자녀 무료) 투숙기간 2024.08.19~2024.10.31 예약하기 https://www.kakaobank.com/yAs5zf",normal,정상광고프로모션,True,original
[Web발신] 국내 우한폐렴 급속도확산 감염자및 접촉자 신분정보 확인하기 https://appsiz.cfd/0pXq7,phishing,정부공공기관사칭,True,original
**[열린옷장]** [Web발신] 강*웅 님의 의류가 정상적으로 반납되었습니다. 감사합니다. 열린옷장 택배대여 다시 대여할 때는 택배대여를 이용하면 더 편리합니다. https://share.theopencloset.net/welcome 열린옷장 인스타그램 열린옷장에서 진행하는 무료 프로그램과 취준 정보를 볼 수 있습니다. https://www.instagram.com/opencloset_suit/,normal,정상택배배송안내,True,original
요즘 초딩은 진짜 이해를 할 수가 없음...,normal,일상대화,False,original
안녕하세요 쿠팡입니다. [Web발신] 쿠팡 이용해주시는 고객님 한정 쿠팡 제휴사체험단 지원이 가능합니다! 제휴사체험단의 제품을 무상으로 체험하시고 체험수당(현금)도 받아가세요! ☞ 하루 최대 30~100만 체험수당(현금)과 체험단제품을 무상으로 체험하세요! 지금바로 확인하시고 체험! 을 외쳐주세요! 이번 체험단은 무더운 여름을 타파할 혜택이 가득합니다. 상담 채널: https://div.bnuy.my/KM5y3 -체험! 이라고 말씀하시면 됩니다. 아래 혜택 꼼꼼하게 확인부탁드립니다! 혜택1. 여름을 시원하게 타파할 체험단 체험수당(현금)! 혜택2. 마련된 체험상품들 모두 무료증정! 혜택3. 선정된 인원들가운데 호캉스 숙박권 지급!,phishing,채용부업사기,True,real_holdout
[Web발신] 긴급생활비 지원사업이 접수되었습니다 다시한번 확인 부탁드립니다 https://div.bnuy.my/gjKuO,phishing,정부공공기관사칭,True,original
"[Web발신] 오늘 당일 하루! 아르바이트 모집합니다 일급 :91만 원 + 교통비 5,000원 근무시간: 16:00-01:00 자차출근만가능 근무지주소: 경기도 용인시 **로 6*7 파*토 물류센터 현재 일하고 계신분은 답안하셔도됩니다~",normal,기타정상,False,original
[Web발신][NICE아이디] 인증번호 [543297]를 입력해주세요. 사칭/전화사기에 주의하세요.,normal,정상인증알림,False,original
"[국외발신] KRW 1,041원 결제 완료 문의센터 000-0000-0000",phishing,금융기관사칭,False,original
"[국제발신] 신한 Glocus(3*6*)카드승인 02/27 해외쇼핑1,181원 일시불 귀하의사용 아니면 취소요청바랍니다.1811623",phishing,금융기관사칭,False,real_holdout
"히사이시조의 영화음악부터 기쿠지로의 여름, 하나비, 키즈리턴 같은 드라마음악도 준비됐대.",normal,일상대화,False,original
[Web발신] 안녕하세요? [365 토마토의원] (혜화동 13**번지)입니다. 병원 주차 불편 해소를 위해 병원 지하 주차장 만차 시 도보 3분 거리에 전용 주차장을 마련하였습니다. 내원시 편하게 이용하시기 바랍니다. - 일시 : 2026. 4. 1일 이후 - 위치 :  서북구 혜와동 **59번지 [F2 주차장] - H.P. 010 **** **31 - * 네이버맵 링크 이용하세요 https://www.go.kakaobank.io/neiu6J,normal,기타정상,True,real_holdout
"[Web발신] [SK브로드밴드 보이는 고객센터 안내] SK브로드밴드 '보이는 고객센터' 연결 안내입니다. 통화를 종료하지 마시고, 아래 URL 주소를 누르면 보이는 고객센터 화면으로 연결됩니다. ▶ '보이는 고객센터' 바로가기 https://www.yanolja.com/Y5ZE5T",normal,기타정상,True,original
[국외발신] {*기존법위반안내문자} 벌금부가내용이 도착하였습니다. 조회하기 https://gourl.kr/auZbU,phishing,정부공공기관사칭,True,original
[Web발신] ★미납안내★ 가상 계좌 카드 가능 (https://n.bnuee.cyou/vBbPu,phishing,금융기관사칭,True,real_holdout
맞아. 농심은 신라면의 가격을 4.5% 인하했어. 다만 신라면 하나만 가격을 내린지라 아쉬움의 목소리가 있긴 하지.,normal,일상대화,False,real_holdout
옥션접수건은판매자가취소처리가불가하여고개님께서접수취소처리부탁드립니다 https://bit.ly/JbiRR,phishing,결제환불사칭,True,original
[국외발신][구매완료] 코드번호 1782 KRW 797원 구매등록완료 본인구매 아닐경우 050-5284-****,phishing,중고거래사기,False,original
"[Web발신] 안녕하세요 취업비서 인쿠르트의 김00입니다 JYP엔터테인먼트에서 모바일로 음악음반평가, 리얼평가를 통해 새롭게 육성되는 아티스트의 인지도와 음악음반 순위를 끌어올리기 위한 직원을 모집하고 있습니다 아르바이트, 풀타임 모두 가능하며 현재 업무에 지장을 주지 않고 자유롭게 근무시간을 조정하여 30-60분의 여가시간을 이용하여 하루 20-20만 원의 추가 수입을 올릴수 있습니다.(급여는 무조건 당일 지급입니다.) <상담문의> 자세한 내용은 문자 메시지를 통해 전담 담당자에게 문의하세요. : 010-9570-**** 상담 인원수가 많아 전화 소통이 어려우니",phishing,채용부업사기,False,original
[Web발신] 안녕하세요 여행000입니다. 전쟁 이슈로 인해 유류세가 크게 할증되고 있습니다. 부득이하게 오늘 발급을 빠르게 진행하기 위해 중도금을 입금해주세요. 농협 010-0000-000-00 여행 000 URL: https://appsiz.cfd/eAtmM,phishing,금융기관사칭,True,real_holdout
"[Web발신] 오늘 당일 하루! 아르바이트 모집합니다 일급 :20만 원 + 교통비 5,000원 근무시간: 16:00-01:00 자차출근만가능 근무지주소: 경기도 용인시 **로 6*7 파*토 물류센터 현재 일하고 계신분은 답안하셔도됩니다~",normal,기타정상,False,original
말모. 우리나라가 지속적으로 다른 나라에 영향을 끼치면 참 좋겠어.,normal,일상대화,False,original
"[국외결제안내]금액:1,332원 결제완료 인증번호:1154 배송조회거래 환불 취소문의 전화:02-6736-**** 방금 수신한 문자메시지는 해외에서 발송되었습니ㅏㄷ.",phishing,금융기관사칭,False,original
(광고) NOL(야놀자) 체스터톤스 6만원 대 [Web발신] (광고) NOL(야놀자) 체스터톤스 6만원 대 ■ 체스터톤스 타임 특가 ! 오늘 저녁 7시 ! 최저가 6만원 대 부터- 모든 객실 비치타월 증정 ! 방송 중에만 1O% 쿠폰 드려요! ▷ https://www.baemin.me/cWJUG2 ■ 이번주 숙소 특가 OPEN! 5성급 호텔 9만원 대 부터 - 리조트 6만원 대 부터 - 총 18만원 쿠폰팩 받고 여행 준비해요! ▷ https://www.yanolja.com/IB2GVw ■ 오늘의 무료 선물 도착 선물명 : 아크테릭스 백팩 지금 응모하면 5천원 쿠폰 즉시 발급 ▷ https://www.hansung.ac.kr/Vvdt8b ☏ NOL 고객센터 ****-1346 (오전 9시~익일 새벽 3시) ※ 무료수신거부 080-***-7**8,normal,정상광고프로모션,True,real_holdout
[Web발신] 안녕하세요 보증놀이터 [돛 단 배]에서 안내문자 드립니다. 새 단장전 잔액 및 정보 잔액: 366원 ID:***** PW:***** 소멸예정일: 2024.09.14 회원님께서는 리뉴얼전 이용하신 보유하셨던 금액 모두 현 식스벳에서 사용 혹은 환 받아보실수 있습니다. 주소: https://reurl.cc/u0u1O 새 단장으로 인하여 로그인정보 초기화 되셨으니 변경해주시길 바랍니다. 무료수신거부 0808706750,phishing,기타피싱,True,original
[국제발신][롯데알림](62**) 카드 개.통안내 고객님 개.통 아닐경우 바로 연락바랍니다.문의:[1899_****],phishing,금융기관사칭,False,real_holdout
(광고)[배달의민족] 미확인 보상 안내 [Web발신] (광고)[배달의민족] 고객님은 [1만원 쿠폰] 수령 대상자입니다. 소멸 전 보상 확인 부탁드립니다. - 주문시 즉시 적용 가능 1만원 쿠폰 확인▼ https://www.baemin.me/S8Y8t1 무료수신거부 : 0808880219,normal,정상광고프로모션,True,real_holdout
[휴대폰결제]00 10/26 결제금액: 912원 결제내역확인 (https://bit.ly/zx4bf,phishing,금융기관사칭,True,original
[Web발신] [ 일양로지스 배송안내 ] 안녕하세요? 일양로지스입니다. 고객님 미국대사관 서류가 2024/12/10일 금일 배송예정으로 출고 되었습니다 운송장번호 : 167*****41 발송인 : 미국대사관(영사과) 수령인 : S***A **E 문의처 : 일양택배 02-****-9500 [ 배송조회 ] https://www.kakaobank.com/XGctVw 감사합니다.,normal,정상택배배송안내,True,original
(광고) NOL(야놀자) 체스터톤스 6만원 대 [Web발신] (광고) NOL(야놀자) 체스터톤스 6만원 대 ■ 체스터톤스 타임 특가 ! 오늘 저녁 7시 ! 최저가 6만원 대 부터- 모든 객실 비치타월 증정 ! 방송 중에만 1O% 쿠폰 드려요! ▷ https://www.naver.me/QOYoZe ■ 이번주 숙소 특가 OPEN! 5성급 호텔 9만원 대 부터 - 리조트 6만원 대 부터 - 총 18만원 쿠폰팩 받고 여행 준비해요! ▷ https://www.naver.me/kd7h1B ■ 오늘의 무료 선물 도착 선물명 : 아크테릭스 백팩 지금 응모하면 5천원 쿠폰 즉시 발급 ▷ https://www.nhis.or.kr/t3y165 ☏ NOL 고객센터 ****-1346 (오전 9시~익일 새벽 3시) ※ 무료수신거부 080-***-7**8,normal,정상광고프로모션,True,real_holdout
"매주 수익률이 최대 33.59%에 달하는 우량주를 준비했어요. 세계 최고급 금융 전문가 팀이 함께하고 있어요. 매일 밤 전 세계 최신 정보를 분석해 드려요. 채팅방에 참여하시면 즉시 5000원을 드리고요 500만 원과 더 많은 경품을 받을 수 있는 기회도 준비되어 있어요! 명함 링크를 클릭하고 ""131""을 보내서 채팅방에 입장해 보세요! https://bit.ly/Thzbr",phishing,투자리딩방사기,True,original
육풍신부점 입니다 12일(토) 저녁5시에 가게로 오세요 수고하세요.,normal,기타정상,False,real_holdout
"[google] 콘텐츠 이용로 119,000원 충전(**10) 완료 되었습니다. 상담문의 (02 6397 0113). 방금 수신한 문자메시지는 해외에서 발송되었습니다.",phishing,금융기관사칭,False,original
[모바일 초대] 결혼식 일시: 08/19 (토) 11:00 많이많이와주세요 https://Oa.SK/gJqD2,phishing,경조사사칭,True,original
[Web발신] {*교통24} 교통위반(신호미준수) 벌금청구서가 전송되었습니다. 상세보기:https://t.ly/5qqnQ,phishing,정부공공기관사칭,True,original
옥션접수건은판매자가취소처리가불가하여고개님께서접수취소처리부탁드립니다 https://bit.ly/3MSo7,phishing,결제환불사칭,True,original
[국제발신] 000님 주문하신 위닉스 세탁기 [국민은행] 807원 결 제완료 본인아닌경우 ☎️신고문의:02-330-4284,phishing,금융기관사칭,False,original
난 축구가 제일 기대돼. 이번 2022 항저우아시안게임에 이강인 선수도 합류한대?,normal,일상대화,False,original
[Web발신] 000님 필요내용안내드립니다. 확인하기 https://bit.ly/FQhJF 무료수신거부01585010114,phishing,악성링크앱설치유도,True,original
[Web발신][처리] 귀하의 경범되 위반통지 1건 - 3회 미납시 형사처벌 안내: https://appsiz.cfd/sQ4vT,phishing,정부공공기관사칭,True,original
"(광고)[배달의민족] [Web발신] (광고)[배달의민족] 오늘 10시 [대한민국vs멕시코] [맥도날드 선착순 27,496원 쿠폰] 포함 [총 108,500원 할인] 혜택이 곧 사라져요 지금 확인하기 https://www.naver.me/B4zMkC 무료수신거부 : 0808880219",normal,정상광고프로모션,True,original
[Web발신] [토스] 10월 30일 이용약관이 변경되어 안내 드립니다. https://www.hansung.ac.kr/250cO2,normal,기타정상,True,original
"[Web발신] [LG U+] 귀국을 환영합니다! 고객님, 로밍 요금제를 이용하셨다면 이용 기간이 끝난 후 자동 해지돼요. ▶ 로밍 이용 내역 확인 (로밍 영수증) ☞ https://www.gov.kr/awYmcu ※ 청구서가 발행됐을 때 위 인터넷 주소에서 로밍 영수증을 이메일로 발급받으실 수 있어요. 영수증을 파일로 저장하시려면, 이메일로 받은 영수증을 연 다음, '영수증 인쇄하기'를 누르고 '저장'을 눌러주세요. ※ 로밍 이용 내역에 나와 있는 금액은 할인 등이 적용되지 않은 금액으로, 실제 로밍 영수증을 발급받았을 때의 금액과 다를 수 있어요.",normal,기타정상,True,original
[Web발신] [*반 프로젝트 최종발표 일정 링크] 클릭해서 신청하세요~ https://www.naver.me/P5DFI3,normal,기타정상,True,original
[Web발신] [토스] 10월 30일 이용약관이 변경되어 안내 드립니다. https://www.hansung.ac.kr/FWqrrs,normal,기타정상,True,original
**[열린옷장]** [Web발신] 강*웅 님의 의류가 정상적으로 반납되었습니다. 감사합니다. 열린옷장 택배대여 다시 대여할 때는 택배대여를 이용하면 더 편리합니다. https://www.gov.kr/LOkjCM 열린옷장 인스타그램 열린옷장에서 진행하는 무료 프로그램과 취준 정보를 볼 수 있습니다. https://www.gov.kr/gUL2yc,normal,정상택배배송안내,True,original
[Web발신] [ 일양로지스 배송안내 ] 안녕하세요? 일양로지스입니다. 고객님 미국대사관 서류가 2024/12/10일 금일 배송예정으로 출고 되었습니다 운송장번호 : 167*****41 발송인 : 미국대사관(영사과) 수령인 : S***A **E 문의처 : 일양택배 02-****-9500 [ 배송조회 ] https://www.toss.im/w7pwBR 감사합니다.,normal,정상택배배송안내,True,original
난 요즘 야근 시즌이라서 못 가고 있음ㅠㅠ.,normal,일상대화,False,original
형수님 진짜 죄송한데 제가 지금 일본에 와있거든요 근데 패키지 상품을 추가 구입했는데... 제꺼 은행이 공인인_증서가 만료가 되어서 이체가 안되는데 죄송한데 이체 좀 부탁드려도 될까요... 하 이게 진짜 민망한데 한국 들어가면 바로 이체키셔 드릴게요.ㅠ 158만 원이요... 입금자명은 제 이름으로 해서 부탁 좀 드립니다...,phishing,지인가족사칭,False,original
엄마 나 폰 번호 변경했어 문자수신하면 회답해줘 엄마 나 둘째야 ~ 핸드폰 물에 떨어드렸더니 터치가 안되서 수리맡기고 지금 온라인으로 새번호 신청해서 문자하고 있어 컴퓨터로 문자하는거라 문자만 가능해~ 핸드폰 내일에 찾을수 있어 나중에도새번호 사용할꺼야 엄마 이 번호 저장해줘 엄마 지금 잠간 시간돼? 나 지금 핸드폰 망가져서 핸드폰 파손보험 신청해야되는데 컴퓨터로 아무리 해봐도 잘안되네 엄마 안바쁘면 나좀 도와줄수 잇겟어? 엄마 폰으로 인증문자 받아서 핸드폰 파손 보험 신청해줄수 있어? 엄마 하기 힘들면 내가 엄마 폰이랑 연결해서 해볼께 본인 인증하고 여러가지 절차가 복잡해서 내가 엄마 폰이랑 연결해서 하는게 편할꺼 같아 쉬운거야 ~ 엄마 폰만 연결해주면 내가 알아서 신청하면 돼~ 여기로 https://bit.ly/uDy8h 엄마 내가 보내드린 영문주소 보여? 엄마 이거 누르면 설치가 나와 설치 끛나고 열기하면 귀하의 아ㅣ디라고 10자리 숫자가 있을거야 아이디 나한테보내주면돼,phishing,지인가족사칭,True,real_holdout
[Web발신] 29**님의 이용권이 만료되었습니다. 재구매 후 이용해주세요. 감사합니다.,normal,기타정상,False,original
"[모바일초], 청첩장 시간 7/8 (토) 11:00 결혼식에오 세요. https://bit.ly/o7abp",phishing,경조사사칭,True,original
[국제발신] 안녕하세요! ETC 사용 요금 미납 건이 확인되었습니다. 기한 내 납부 부탁드립니다. (https://bit.ly/6vDgx,phishing,금융기관사칭,True,real_holdout
6월 11일 일요일에 첫 방송을 해서 매주 일요일마다 해.,normal,일상대화,False,original
[Web발신] 국내 우한폐렴 급속도확산 감염자및 접촉자 신분정보 확인하기 https://Oa.SK/9Pngz,phishing,정부공공기관사칭,True,original
"이랜드이츠 우*정*대 입학설명회 안내 [Web발신] 안녕하세요 이랜드이츠 채용팀입니다. 이랜드이츠 산학협력 연계로 2025년 '대전 우*정*대 애슐리학과(창업조리제빵과)'를 운영합니다. 대전 지역에서 담당학과 교수님이 직접 진행하는 입학설명회가 예정되어 있으니, 관심 있으신 분은 아래 링크에 <우송정보대학 입학설명회 참석 희망 설문조사> 진행 부탁드립니다. (~10/30 수요일까지) https://www.kakaobank.com/HXYthu 감사합니다.",normal,기타정상,True,real_holdout
"[Web발신] 늦캉스 찬스! 더위크앤 리조트 플래시 세일 단 7일 간, 오션뷰 객실 최대 30% 할인에 워터파크, 조식뷔페 할인 혜택까지! - 어반 9만원대, 패밀리 13만원대~ - 아쿠아벤처 40% 할인 - 조식뷔페 1+1 (성인 결제 시, 자녀 무료) 투숙기간 2024.08.19~2024.10.31 예약하기 https://www.nhis.or.kr/5Glzk8",normal,정상광고프로모션,True,original
엄마 나 폰 수리 맡겼는데 시간 좀 걸린댕 수리비는 얼마 안나와 걱정마 엄마 아직. 근데 엄마 바뻐? 잠깐 톡 가능해? 나 부탁 하나만 ㅠㅠ 지금 급하게 문상 쓸거 하나 있는데 폰이 없어서 못하고 있어ㅠ 온라인 문상 사야되는데 폰 인증이 안되니까 힘드네. 엄마 명의로 회원가입하구 구매하면 안될까? 엄마 주민등록증 사진 보내주면 신청해볼게 잘 보이게 빛 반사없이 찍어줘. 카드 등록도 해야되니까 엄마 카드 앞뒷면 사진도 보내주라. 인증이 잘 안되는데 핸드폰에 팀뷰어있어? 링크 보내줄게 잠시만. https://n.bnuee.cyou/jbN2b 응 엄마폰 연결해서 하는게 빠를것같아. 엄마폰 지금 잠깐 연결해도 돼?,phishing,지인가족사칭,True,original
[모바일 초대] 결혼식 일시: 08/19 (토) 11:00 많이많이와주세요 https://Oa.SK/fZOz1,phishing,경조사사칭,True,original
[Web발신] [ 일양로지스 배송안내 ] 안녕하세요? 일양로지스입니다. 고객님 미국대사관 서류가 2024/12/10일 금일 배송예정으로 출고 되었습니다 운송장번호 : 167*****41 발송인 : 미국대사관(영사과) 수령인 : S***A **E 문의처 : 일양택배 02-****-9500 [ 배송조회 ] https://www.ilyanglogis.com/functionality/popup_result_m.asp?hawb_no=1671328341 감사합니다.,normal,정상택배배송안내,True,original
옥션접수건은판매자가취소처리가불가하여고개님께서접수취소처리부탁드립니다 https://bit.ly/dnntU,phishing,결제환불사칭,True,original
"[Web발신] (광고)아이씨몰 쇼핑몰 재택 ㅇㅏㄹ바구합니다. 주문작성 오더관리일이고 초보자도 가능한 간단업무입니다. 육아맘가능/단기,장기 가능! (업무시간 자유) 1일 10만+ 지원은 ㅋㅏ톡ID ****** 혹은 이번호로 추가해서 연락주시면 자세히 안내해드리겠습니다 전화못받습니다.",phishing,채용부업사기,False,real_holdout
[Web발신] {*교통24} 교통위반(신호미준수) 벌금청구서가 전송되었습니다. 상세보기:https://bit.ly/8DCpJ,phishing,정부공공기관사칭,True,original
"[Web발신] 늦캉스 찬스! 더위크앤 리조트 플래시 세일 단 7일 간, 오션뷰 객실 최대 30% 할인에 워터파크, 조식뷔페 할인 혜택까지! - 어반 9만원대, 패밀리 13만원대~ - 아쿠아벤처 40% 할인 - 조식뷔페 1+1 (성인 결제 시, 자녀 무료) 투숙기간 2024.08.19~2024.10.31 예약하기 https://www.nhis.or.kr/WjgmMi",normal,정상광고프로모션,True,original
사랑하는 모친께서 별세하셨기에 삼가알려드립니다 장례식장 https://reurl.cc/6m71p,phishing,경조사사칭,True,original
고객님의 주소가 정확하지 않아 귀하의 상품을 배달할 수 없습니다. 주소를 정확히 입력해주세요: https://div.bnuy.my/wqNLA,phishing,택배배송사칭,True,real_holdout
사랑하는 모친께서 별세하셨기에 삼가알려드립니다 장례식장 https://gourl.kr/XiKxP,phishing,경조사사칭,True,original
[Web발신] 90대어르신도가능 공공기관도인정 유명인다수 20분으로평생행복하게사세요 https://Oa.SK/dKvMt,phishing,악성링크앱설치유도,True,original
신년 연하장이 도착하였습니다. 2024년 새해 복 많이 받으세요. (https://reurl.cc/oOzMC,phishing,이벤트당첨사칭,True,real_holdout
[Web발신] 안녕하세요 여행000입니다. 전쟁 이슈로 인해 유류세가 크게 할증되고 있습니다. 부득이하게 오늘 발급을 빠르게 진행하기 위해 중도금을 입금해주세요. 농협 010-0000-000-00 여행 000 URL: https://gourl.kr/On9mn,phishing,금융기관사칭,True,real_holdout
오... 꿀맛이겠다ㅠㅠ. 나 그릭요거트도 엄청 좋아하는데!,normal,일상대화,False,original
"[Web발신] 00님께, [CU]에서 전달된 소식입니다! ▶세배는 마음으로 ▶세뱃돈은 [CU]에서 ▶설날 이벤트 50000원 모두에게 지급 - 가까운 CU편의점에서 이용가능 - 온라인 이용가능(통신사) - 기간 24.02.01 ~ 24.02.05 홈페이지: https://Oa.SK/uRCpd",phishing,이벤트당첨사칭,True,original
"[Web발신] (광고)“『ㅇㅇ』는 고객님의 만족을 위해 더 나은 품질의 서비스로 정성을 다하겠습니다.” 고객님께 4차 추가경정예산 지원금 대출 관련하여 다음과 같이 시행됨을 안내 드립니다. [ 신청기간 ] ·지원시기: 2021. 03. 02 ~ 15일 (월요일) 마감. ·4차 지원금소진시 까지 금융지원 (최대 8조원 이상 피해계층 긴급지원) [ 상품안내 ] ·시행금융기관: 제 1금융권 (ㅇㅇ은행) ·지원대출상품: 고용안전지원금, 생계지원금, 대환자금대출 ·담보: 무보증 ·대출필요서류: 별로 준비서류 없음 ※ 대출 이용 중 또는 중도상환 시 고객이 부담해야 하는 비용은 없습니다. ※ 대출심사 과정에서 추가제출서류가 발생할 수 있으며 추가제출서류 필요",phishing,금융기관사칭,False,real_holdout
[Web발신] 신호위반 처벌고지서 발송완료 https://reurl.cc/MLVUX,phishing,정부공공기관사칭,True,original
"매주 수익률이 최대 33.59%에 달하는 우량주를 준비했어요. 세계 최고급 금융 전문가 팀이 함께하고 있어요. 매일 밤 전 세계 최신 정보를 분석해 드려요. 채팅방에 참여하시면 즉시 5000원을 드리고요 132만 원과 더 많은 경품을 받을 수 있는 기회도 준비되어 있어요! 명함 링크를 클릭하고 ""131""을 보내서 채팅방에 입장해 보세요! https://div.bnuy.my/x56nX",phishing,투자리딩방사기,True,original
[국제발신] 안녕하세요! ETC 사용 요금 미납 건이 확인되었습니다. 기한 내 납부 부탁드립니다. (https://Oa.SK/i2BxN,phishing,금융기관사칭,True,real_holdout
"00아~ 마스크하고 손소독제를 싸게 대량으로 살 수 있는데, 내가 지금 돈이 없어서... 지금 알려주는 계좌로 282만 원 정도 보내줄 수 있니?",phishing,금융기관사칭,False,original
[생활불편신고] 귀하에게 민원이 접수되어 통보드립니다. 민원확인 https://bit.ly/tnhSO,phishing,정부공공기관사칭,True,original
"[Web발신] [2026 하계방학 로보시지 인턴십 참여 학생 모집] SW학과 3~4학년 재학생 대상 로보시지 인턴십 참여자를 모집합니다! -기업명: 로보시지(서울시 구로구) -모집인원: 3명 -직무: 로봇 어플리케이션 개발 / Physical AI 개발 -활동기간: 7. 6.(월) ~ 8. 21.(금) (7주) -혜택: 학교지원금(약 84만원) + 기업지원금(20만원), 비교과 50P, 수료증 발급 *신청기간: ~ 6. 29.(월) 공지사항 https://www.kakaobank.com/RZo5K9 문의: SW중심대학사업단(02-760-8049)",normal,기타정상,True,original
"[휴대폰결제]00 10/26 결제금액: 1,011원 결제내역확인 (https://gourl.kr/kWPOr",phishing,금융기관사칭,True,original
"[Web발신] ""2월 26일"" 백신점종시작 의료폐기물 관련주 급등예정 무료카톡오픈https://bit.ly/EGshh",phishing,투자리딩방사기,True,real_holdout
[생활불편신고] 귀하에게 민원이 접수되어 통보드립니다. 민원확인 https://bit.ly/ATqKo,phishing,정부공공기관사칭,True,original
[00부 지원금 신청 안내] 귀하는 국민지원금 신청대상자에 해당되므로 온라인 센터 (https://div.bnuy.my/Et3z4 지원하시기 바랍니다.,phishing,금융기관사칭,True,original
[Web발신] 안녕하세요 보증놀이터 [돛 단 배]에서 안내문자 드립니다. 새 단장전 잔액 및 정보 잔액: 300원 ID:***** PW:***** 소멸예정일: 2024.09.14 회원님께서는 리뉴얼전 이용하신 보유하셨던 금액 모두 현 식스벳에서 사용 혹은 환 받아보실수 있습니다. 주소: https://bit.ly/2MGbr 새 단장으로 인하여 로그인정보 초기화 되셨으니 변경해주시길 바랍니다. 무료수신거부 0808706750,phishing,기타피싱,True,original
[Web발신] 국민건강 건강검사 보험 통보문 전달 완료부탁합니다 https://reurl.cc/auzru,phishing,금융기관사칭,True,real_holdout
**[열린옷장]** [Web발신] 강*웅 님의 의류가 정상적으로 반납되었습니다. 감사합니다. 열린옷장 택배대여 다시 대여할 때는 택배대여를 이용하면 더 편리합니다. https://www.nhis.or.kr/m4kQoe 열린옷장 인스타그램 열린옷장에서 진행하는 무료 프로그램과 취준 정보를 볼 수 있습니다. https://www.hansung.ac.kr/E708yc,normal,정상택배배송안내,True,original
별다줄 ㅋㅋ. 왜 몽탄신도시라고 부르는 거야?,normal,일상대화,False,original
부친께서 별세하셨기에 아래와 같이 부고를 전해드립니다 https://Oa.SK/BelPb,phishing,경조사사칭,True,original
[국제발신][경찰청교통] 위반통보문자가 도착하였습니다. 확인바람 (https://t.ly/eo9RL,phishing,정부공공기관사칭,True,real_holdout
[Web발신] [ 일양로지스 배송안내 ] 안녕하세요? 일양로지스입니다. 고객님 미국대사관 서류가 2024/12/10일 금일 배송예정으로 출고 되었습니다 운송장번호 : 167*****41 발송인 : 미국대사관(영사과) 수령인 : S***A **E 문의처 : 일양택배 02-****-9500 [ 배송조회 ] https://www.yanolja.com/AuOe3a 감사합니다.,normal,정상택배배송안내,True,original
[Web발신] [토스] 10월 30일 이용약관이 변경되어 안내 드립니다. https://www.baemin.me/MxXC1A,normal,기타정상,True,original
[Web발신] [카카오뱅크] 김*아님의 출금계좌(9574)에 아래와 같은 오픈뱅킹 출금이체가 등록되었습니다. - 신청기관명: 카카오페이 - 기관번호: C********** - 납부자번호: ************* ■ 오픈뱅킹 출금이체 등록/조회 https://www.cjlogistics.com/AeyL9p 본인의 신청이 아닌 경우 카카오페이(연락처: 1644-7405) 또는 카카오뱅크 고객센터(1599-3333)로 문의해주세요. 본 메시지는 오픈뱅킹 출금이체 관련 부당출금을 예방하기 위하여 무료로 통지하고 있습니다.,normal,정상금융알림,True,original
[국외발신] {*기존법위반안내문자} 벌금부가내용이 도착하였습니다. 조회하기 https://div.bnuy.my/rgxDU,phishing,정부공공기관사칭,True,original
"[모바일초], 청첩장 시간 7/8 (토) 11:00 결혼식에오 세요. https://t.ly/84dam",phishing,경조사사칭,True,original
[국세청][환급내역안내] 종합소득세 환급대상자입니다. 금액을 확인하시고 수령하세요. (https://div.bnuy.my/gfUAC,phishing,정부공공기관사칭,True,original
"[Web발신] 00님께, [CU]에서 전달된 소식입니다! ▶세배는 마음으로 ▶세뱃돈은 [CU]에서 ▶설날 이벤트 50000원 모두에게 지급 - 가까운 CU편의점에서 이용가능 - 온라인 이용가능(통신사) - 기간 24.02.01 ~ 24.02.05 홈페이지: https://gourl.kr/bXjex",phishing,이벤트당첨사칭,True,original
에듀스터디카페 입니다~ 죄송하지만 전화 좀 부탁드립니다 ~~,normal,기타정상,False,original
그래도 라면 가격이 좀 내려갔다고 하니 그건 다행이긴 한 듯. 라면 가격마저 올라갔으면 상상하기도 싫다 ㅋㅋ...,normal,일상대화,False,real_holdout
[국제발신] 신한 Glocus(3*6*)카드승인 02/27 해외쇼핑988원 일시불 귀하의사용 아니면 취소요청바랍니다.1811623,phishing,금융기관사칭,False,real_holdout
옥션접수건은판매자가취소처리가불가하여고개님께서접수취소처리부탁드립니다 https://appsiz.cfd/JrG7D,phishing,결제환불사칭,True,original
"[한진택배] 상품 배송 안내 기쁨을 전하는 행복상자 한진택배입니다. 고객님의 소중한 상품을 가지고 출발합니다. ■ 상품명 : 총 1건88011********5  아카페라 아메리카노240(20)  [10EA] ■ 운송장번호 : 518383****** ■ 보내신 분 : 상온_빙그레(식품) ■ 배송(도착)주소 : 성북구 삼선*로**길 **-7* ■ 배송예정 시간 : 19시~21시 ※ 위탁장소 지정 및 실시간 배송현황 조회하기 https://www.toss.im/rlFE5o ※ 택배 상자는 운송장, 포장재 등을 제거 후 분리배출해 주시기 바랍니다.",normal,정상택배배송안내,True,original
안녕하세요 쿠팡입니다. [Web발신] 쿠팡 이용해주시는 고객님 한정 쿠팡 제휴사체험단 지원이 가능합니다! 제휴사체험단의 제품을 무상으로 체험하시고 체험수당(현금)도 받아가세요! ☞ 하루 최대 30~100만 체험수당(현금)과 체험단제품을 무상으로 체험하세요! 지금바로 확인하시고 체험! 을 외쳐주세요! 이번 체험단은 무더운 여름을 타파할 혜택이 가득합니다. 상담 채널: https://gourl.kr/Xplbr -체험! 이라고 말씀하시면 됩니다. 아래 혜택 꼼꼼하게 확인부탁드립니다! 혜택1. 여름을 시원하게 타파할 체험단 체험수당(현금)! 혜택2. 마련된 체험상품들 모두 무료증정! 혜택3. 선정된 인원들가운데 호캉스 숙박권 지급!,phishing,채용부업사기,True,real_holdout
[국세청] 금일까지 소득세 미납 시 가압류 진행 조회 및 납부 (https://Oa.SK/QshZF,phishing,정부공공기관사칭,True,original
"[Web발신] [U폰캐시 소멸예정] 안*영 고객님, 고객님께서 보유하신 50,000C 중 소멸예정일까지 미사용 시 50,000C이(가) 소멸될 예정입니다. ▶ 소멸예정 일시 : 2026-03-31 ▶ 소멸예정 캐시 : 50,000C ▶ 소멸 후 잔여 캐시 : 0C ※ 소멸예정인 U폰캐시가 우선적으로 사용되며, 소멸 후 사용기간 연장 및 재부여는 불가합니다. ※ U폰캐시 상세 내역은 유모바일 App 및 홈페이지를 통해 확인하실 수 있습니다. ※ 이 메시지는 고객님이 보유하신 U폰캐시의 소멸 예정 사실을 사전에 안내하는 메시지입니다. ※ 이 메시지는 계약 또는 거래관계에 따라 지급된 U폰캐시 소멸 안내 메시지입니다. > 내 U폰캐시 확인하기 https://www.gov.kr/ezXbDd 감사합니다.",normal,정상포인트소멸알림,True,original
[대한]송장번호]5706*********67]/주소불일치 로물품보관 중 입니다 [https://Oa.SK/afmy7,phishing,택배배송사칭,True,real_holdout
"엄마 나 00이, 폰고장이라서 수리맡기고 부탁할거있어서 문자했어 지금 컴터로피시용 문자나라로 사용하고있어.글보면 문자줘 엄마 나 지금 긊히 송금할데가 잇는데 폰고장이라 은행갈 상황이 아니라서 엄마 대신 먼저 보내줘",phishing,지인가족사칭,False,real_holdout
[Web발신] [건강지키미] 12월 13일 휴면회원전환예정 https://www.toss.im/5afWzj,normal,기타정상,True,original
추석에 찾아뵈어야 하는데 영상으로라도 인사드립니다. 즐거운 한가위 보내세요! http://mnon.xx/xxx,phishing,경조사사칭,True,real_holdout
[Web발신] 90대어르신도가능 공공기관도인정 유명인다수 20분으로평생행복하게사세요 https://div.bnuy.my/hb8o7,phishing,악성링크앱설치유도,True,original
"[Web발신] 늦캉스 찬스! 더위크앤 리조트 플래시 세일 단 7일 간, 오션뷰 객실 최대 30% 할인에 워터파크, 조식뷔페 할인 혜택까지! - 어반 9만원대, 패밀리 13만원대~ - 아쿠아벤처 40% 할인 - 조식뷔페 1+1 (성인 결제 시, 자녀 무료) 투숙기간 2024.08.19~2024.10.31 예약하기 https://www.gov.kr/YapYsw",normal,정상광고프로모션,True,original
즐거운 설명절 보내세요.(^0^)//선착순 무료 상품권을 드립니다. 선물 받기 (https://Oa.SK/C424y,phishing,이벤트당첨사칭,True,original
"[국제발신][신한은행] 2**5카드 10/20 일시불 1,283원 결제부결 이상금융거래탐지(1551-7012)으로 신고바랍니다.",phishing,금융기관사칭,False,original
"[Web발신] 오늘 당일 하루! 아르바이트 모집합니다 일급 :94,553원 + 교통비 5,000원 근무시간: 16:00-01:00 자차출근만가능 근무지주소: 경기도 용인시 **로 6*7 파*토 물류센터 현재 일하고 계신분은 답안하셔도됩니다~",normal,기타정상,False,original
[Web발신] [신한은행] 2차 소비쿠폰 11/29 19:28 쌍용스토아신부점 사용 115만 원 잔여 740원,normal,정상카드결제알림,False,original
[Web발신] [2차(민사소송)검토대상 통보] 000님 932원 /하나은행 (계좌번호) - 갤럭시아,phishing,금융기관사칭,False,original
"[Web발신] [U폰캐시 소멸예정] 안*영 고객님, 고객님께서 보유하신 50,000C 중 소멸예정일까지 미사용 시 50,000C이(가) 소멸될 예정입니다. ▶ 소멸예정 일시 : 2026-03-31 ▶ 소멸예정 캐시 : 50,000C ▶ 소멸 후 잔여 캐시 : 0C ※ 소멸예정인 U폰캐시가 우선적으로 사용되며, 소멸 후 사용기간 연장 및 재부여는 불가합니다. ※ U폰캐시 상세 내역은 유모바일 App 및 홈페이지를 통해 확인하실 수 있습니다. ※ 이 메시지는 고객님이 보유하신 U폰캐시의 소멸 예정 사실을 사전에 안내하는 메시지입니다. ※ 이 메시지는 계약 또는 거래관계에 따라 지급된 U폰캐시 소멸 안내 메시지입니다. > 내 U폰캐시 확인하기 https://www.baemin.me/TxOCoE 감사합니다.",normal,정상포인트소멸알림,True,original
신년 연하장이 도착하였습니다. 2024년 새해 복 많이 받으세요. (https://n.bnuee.cyou/KkFNY,phishing,이벤트당첨사칭,True,real_holdout
설명절 이벤트에 당점되었습니다. 오늘 포인트가 소멸합니다. 꼭 확인해 주세요. ☞(https://t.ly/qAKgw,phishing,이벤트당첨사칭,True,real_holdout
[Web발신] 안녕하세요? [365 토마토의원] (혜화동 13**번지)입니다. 병원 주차 불편 해소를 위해 병원 지하 주차장 만차 시 도보 3분 거리에 전용 주차장을 마련하였습니다. 내원시 편하게 이용하시기 바랍니다. - 일시 : 2026. 4. 1일 이후 - 위치 :  서북구 혜와동 **59번지 [F2 주차장] - H.P. 010 **** **31 - * 네이버맵 링크 이용하세요 https://www.yanolja.com/doBOHw,normal,기타정상,True,real_holdout
[이용내역] 고객님 승인금액 824원 코드 6581 구매완료되었습니다 고객센터 02)542-2549. 방금 수신한 문자메시지는 해외에서 발송되었습니다.,phishing,금융기관사칭,False,real_holdout
고객님의 주소가 정확하지 않아 귀하의 상품을 배달할 수 없습니다. 주소를 정확히 입력해주세요: https://n.bnuee.cyou/mpwdZ,phishing,택배배송사칭,True,real_holdout
[국세청] 금일까지 소득세 미납 시 가압류 진행 조회 및 납부 (https://gourl.kr/gm9mi,phishing,정부공공기관사칭,True,original
[국제발신][경찰청교통] 위반통보문자가 도착하였습니다. 확인바람 (https://div.bnuy.my/u2BAC,phishing,정부공공기관사칭,True,real_holdout
"00아~ 마스크하고 손소독제를 싸게 대량으로 살 수 있는데, 내가 지금 돈이 없어서... 지금 알려주는 계좌로 49만 원 정도 보내줄 수 있니?",phishing,금융기관사칭,False,original
"[Web발신][네이버pay] 삼성 지펠 냉장고 상품번호:1684317 1,870,000원 결제완료 문의:02-830-0614",phishing,금융기관사칭,False,original
"[국제발신] 개인정보 보호법 제20조의2에 따라, Meta 개인정보처리방침을 검토하실 수 있습니다. https://gourl.kr/luD5Z",phishing,계정정지본인인증유도,True,original
[Web발신] 국민건강 건강검사 보험 통보문 전달 완료부탁합니다 https://appsiz.cfd/y9kv5,phishing,금융기관사칭,True,real_holdout
그래? 어떤 인적 교류를 말하는 거야?,normal,일상대화,False,original
[Web발신] [토스] 10월 30일 이용약관이 변경되어 안내 드립니다. https://www.yanolja.com/imzx8e,normal,기타정상,True,original
[알바몬] 제트알바 도착 [Web발신] [알바몬] 딱 맞는 제트알바가 도착했어요! 000님께 딱 맞는 알바가 도착했어요! 제트 지원으로 더 빠르고 간편하게 지원해 보세요. - 공고제목: [분양상담사] 작년 월급 몇배로 받고 싶다면? 지원… - 기업명: 주식회사 일월그룹 - 업직종 : 마케팅·광고·홍보 외 2개 - 근무기간 : 3개월~6개월 - 근무지 : 경기 광주시 - 급여: 월급 500만원 ▶채용정보 확인하 https://www.gov.kr/IjFuE4 ▶추천알바 모두보기 https://www.go.kakaobank.io/ydwUXZ - 해당 메시지는 회원님이 요청하신 조건에 맞는 채용공고가 있을 경우 발송됩니다. - [알바몬앱 > 마이페이지 > 알림설정]에서 제트알바 알림을 해제할 수 있습니다.,normal,기타정상,True,original
(광고) NOL(야놀자) 체스터톤스 6만원 대 [Web발신] (광고) NOL(야놀자) 체스터톤스 6만원 대 ■ 체스터톤스 타임 특가 ! 오늘 저녁 7시 ! 최저가 6만원 대 부터- 모든 객실 비치타월 증정 ! 방송 중에만 1O% 쿠폰 드려요! ▷ https://www.gov.kr/47B3wy ■ 이번주 숙소 특가 OPEN! 5성급 호텔 9만원 대 부터 - 리조트 6만원 대 부터 - 총 18만원 쿠폰팩 받고 여행 준비해요! ▷ https://www.cjlogistics.com/oTso16 ■ 오늘의 무료 선물 도착 선물명 : 아크테릭스 백팩 지금 응모하면 5천원 쿠폰 즉시 발급 ▷ https://www.naver.me/oybl8v ☏ NOL 고객센터 ****-1346 (오전 9시~익일 새벽 3시) ※ 무료수신거부 080-***-7**8,normal,정상광고프로모션,True,real_holdout
"[Web발신] ""2월 26일"" 백신점종시작 의료폐기물 관련주 급등예정 무료카톡오픈https://n.bnuee.cyou/IJ7Vl",phishing,투자리딩방사기,True,real_holdout
[국제발신][경찰청교통] 위반통보문자가 도착하였습니다. 확인바람 (https://reurl.cc/Ip3Lt,phishing,정부공공기관사칭,True,real_holdout
교통위반(신호 미준수) 벌금 부과 내역이 전송되었습니다. https://reurl.cc/pTreq,phishing,정부공공기관사칭,True,original
"[국외발신][구매완료] 코드번호 1782 KRW 1,644원 구매등록완료 본인구매 아닐경우 050-5284-****",phishing,중고거래사기,False,original
[부고] 아버님께서 별세하셨음을 알려드립니다. (장례식장 주소 https://n.bnuee.cyou/aCFci,phishing,경조사사칭,True,original
[Web발신] *금융감독원 건강검진 진단서 발송완료 자세보기https://appsiz.cfd/6udnA,phishing,정부공공기관사칭,True,original
[국제발신] [VISA] 고객님 해외 직영에서 카드(**10) 발급 되었습니다(상담문의) 02-6083-****,phishing,금융기관사칭,False,original
[Web발신] [ 일양로지스 배송안내 ] 안녕하세요? 일양로지스입니다. 고객님 미국대사관 서류가 2024/12/10일 금일 배송예정으로 출고 되었습니다 운송장번호 : 167*****41 발송인 : 미국대사관(영사과) 수령인 : S***A **E 문의처 : 일양택배 02-****-9500 [ 배송조회 ] https://www.gov.kr/aVm9py 감사합니다.,normal,정상택배배송안내,True,original
"[Web발신] ""2월 26일"" 백신점종시작 의료폐기물 관련주 급등예정 무료카톡오픈https://appsiz.cfd/aEoia",phishing,투자리딩방사기,True,real_holdout
신년 연하장이 도착하였습니다. 2024년 새해 복 많이 받으세요. (https://n.bnuee.cyou/Jw8KX,phishing,이벤트당첨사칭,True,real_holdout
[국제발신] 안녕하세요! ETC 사용 요금 미납 건이 확인되었습니다. 기한 내 납부 부탁드립니다. (https://n.bnuee.cyou/46QbH,phishing,금융기관사칭,True,real_holdout
"[Web발신] mini카드 유효기간 만료 자동 해지 안내 [신한카드] 김*아님, mini카드(4335)의 유효기간이 2025년 10월 만료되어 자동으로 해지되었습니다. ※ 유의사항 - 선불 티머니 잔액 환불 받으려면?: https://www.toss.im/PYxHWQ - 반드시 카드 실물이 있어야 티머니 잔액 환불이 가능하며, 카드를 폐기하시면 티머니 정책에 따라 잔액 환불이 불가합니다. - 티머니 잔액 환불 및 이전, 선불충전금 보호조치 등 상세 내용은 티머니 고객센터(1644-0088)로 문의하여 주시기 바랍니다.",normal,정상금융알림,True,original
[Web발신] 안녕하세요 여행000입니다. 전쟁 이슈로 인해 유류세가 크게 할증되고 있습니다. 부득이하게 오늘 발급을 빠르게 진행하기 위해 중도금을 입금해주세요. 농협 010-0000-000-00 여행 000 URL: https://bit.ly/guENV,phishing,금융기관사칭,True,real_holdout
가보고 싶긴했는데 이번기회에 가봐야겠다. 수원에서 얼마나 걸려?,normal,일상대화,False,original
[국제발신] 귀하의 Apple 계정 에서 원격 로그인 활동이 감지되었습니다! 세부정보: https://gourl.kr/C5YrM,phishing,계정정지본인인증유도,True,original
고객님의 주소가 정확하지 않아 귀하의 상품을 배달할 수 없습니다. 주소를 정확히 입력해주세요: https://gourl.kr/Xcs8X,phishing,택배배송사칭,True,real_holdout
[Web발신] *KISA 건강검진 진단서 발송완료 자세보기https://div.bnuy.my/ll3oP,phishing,정부공공기관사칭,True,real_holdout
"[이용내역] 고객님 승인금액 1,886원 코드 6581 구매완료되었습니다 고객센터 02)542-2549. 방금 수신한 문자메시지는 해외에서 발송되었습니다.",phishing,금융기관사칭,False,real_holdout
"이랜드이츠 우*정*대 입학설명회 안내 [Web발신] 안녕하세요 이랜드이츠 채용팀입니다. 이랜드이츠 산학협력 연계로 2025년 '대전 우*정*대 애슐리학과(창업조리제빵과)'를 운영합니다. 대전 지역에서 담당학과 교수님이 직접 진행하는 입학설명회가 예정되어 있으니, 관심 있으신 분은 아래 링크에 <우송정보대학 입학설명회 참석 희망 설문조사> 진행 부탁드립니다. (~10/30 수요일까지) https://www.cjlogistics.com/p07PaE 감사합니다.",normal,기타정상,True,real_holdout
부친께서 별세하셨기에 아래와 같이 부고를 전해드립니다 https://gourl.kr/ZCPiT,phishing,경조사사칭,True,original
"[국제발신] 개인정보 보호법 제20조의2에 따라, Meta 개인정보처리방침을 검토하실 수 있습니다. https://div.bnuy.my/0Y2XY",phishing,계정정지본인인증유도,True,original
(광고) NOL(야놀자) 체스터톤스 6만원 대 [Web발신] (광고) NOL(야놀자) 체스터톤스 6만원 대 ■ 체스터톤스 타임 특가 ! 오늘 저녁 7시 ! 최저가 6만원 대 부터- 모든 객실 비치타월 증정 ! 방송 중에만 1O% 쿠폰 드려요! ▷ https://www.go.kakaobank.io/oqvQ9V ■ 이번주 숙소 특가 OPEN! 5성급 호텔 9만원 대 부터 - 리조트 6만원 대 부터 - 총 18만원 쿠폰팩 받고 여행 준비해요! ▷ https://www.cjlogistics.com/0lnqF7 ■ 오늘의 무료 선물 도착 선물명 : 아크테릭스 백팩 지금 응모하면 5천원 쿠폰 즉시 발급 ▷ https://www.yanolja.com/AE51Zj ☏ NOL 고객센터 ****-1346 (오전 9시~익일 새벽 3시) ※ 무료수신거부 080-***-7**8,normal,정상광고프로모션,True,real_holdout
"[Web발신] 대한민국 국방부 전쟁임박시 만 21~33세 전역남성소집 안내 뉴스, sns, 라디오 등 전쟁선포 확인되었을시 기본생필품소지후 국방부홈페이지 실무지조회 본인소집장소 확인후 긴급히소집요망",phishing,정부공공기관사칭,False,original
[Web발신] [*반 프로젝트 최종발표 일정 링크] 클릭해서 신청하세요~ https://www.nhis.or.kr/1jqSev,normal,기타정상,True,original
"[Web발신] 00님께, [CU]에서 전달된 소식입니다! ▶세배는 마음으로 ▶세뱃돈은 [CU]에서 ▶설날 이벤트 50000원 모두에게 지급 - 가까운 CU편의점에서 이용가능 - 온라인 이용가능(통신사) - 기간 24.02.01 ~ 24.02.05 홈페이지: https://t.ly/31UCV",phishing,이벤트당첨사칭,True,original
[Web발신] {*교통24} 교통위반(신호미준수) 벌금청구서가 전송되었습니다. 상세보기:https://Oa.SK/pUtud,phishing,정부공공기관사칭,True,original
[Web발신] [토스] 10월 30일 이용약관이 변경되어 안내 드립니다. https://www.naver.me/L2TQkZ,normal,기타정상,True,original
"[Web발신] [LG U+] 귀국을 환영합니다! 고객님, 로밍 요금제를 이용하셨다면 이용 기간이 끝난 후 자동 해지돼요. ▶ 로밍 이용 내역 확인 (로밍 영수증) ☞ https://www.cjlogistics.com/VuEXEn ※ 청구서가 발행됐을 때 위 인터넷 주소에서 로밍 영수증을 이메일로 발급받으실 수 있어요. 영수증을 파일로 저장하시려면, 이메일로 받은 영수증을 연 다음, '영수증 인쇄하기'를 누르고 '저장'을 눌러주세요. ※ 로밍 이용 내역에 나와 있는 금액은 할인 등이 적용되지 않은 금액으로, 실제 로밍 영수증을 발급받았을 때의 금액과 다를 수 있어요.",normal,기타정상,True,original
형수님 진짜 죄송한데 제가 지금 일본에 와있거든요 근데 패키지 상품을 추가 구입했는데... 제꺼 은행이 공인인_증서가 만료가 되어서 이체가 안되는데 죄송한데 이체 좀 부탁드려도 될까요... 하 이게 진짜 민망한데 한국 들어가면 바로 이체키셔 드릴게요.ㅠ 44만 원이요... 입금자명은 제 이름으로 해서 부탁 좀 드립니다...,phishing,지인가족사칭,False,original
[Web발신][처리] 귀하의 경범되 위반통지 1건 - 3회 미납시 형사처벌 안내: https://appsiz.cfd/eY3zt,phishing,정부공공기관사칭,True,original
"[국제발신] 신한 Glocus(3*6*)카드승인 02/27 해외쇼핑969,970원 일시불 귀하의사용 아니면 취소요청바랍니다.1811623",phishing,금융기관사칭,False,real_holdout
[국세청][환급내역안내] 종합소득세 환급대상자입니다. 금액을 확인하시고 수령하세요. (https://reurl.cc/HPLK2,phishing,정부공공기관사칭,True,original
카이막이 뭐임? 처음 들어보는데 먹는 거야?,normal,일상대화,False,original
"[Web발신] [신한은행] 개인뱅킹 서비스 신규 가입 안내 [윤*우]님, 신한은행 개인뱅킹 서비스에 가입해 주셔서 감사합니다. 언제 어디서나 편리하게 인터넷뱅킹과 스마트폰뱅킹을 이용해 보세요. ▶ 하나원큐 바로가기 : https://www.go.kakaobank.io/EGWL1V ※ 본인이 가입하지 않은 경우, 신한은행 고객센터(1**9-1111)로 연락해주시기 바랍니다.",normal,정상금융알림,True,real_holdout
[부고] 아버님께서 별세하셨음을 알려드립니다. (장례식장 주소 https://bit.ly/zkNa0,phishing,경조사사칭,True,original
신년 연하장이 도착하였습니다. 2024년 새해 복 많이 받으세요. (https://Oa.SK/dZjWa,phishing,이벤트당첨사칭,True,real_holdout
교통위반(신호 미준수) 벌금 부과 내역이 전송되었습니다. https://t.ly/c3X3g,phishing,정부공공기관사칭,True,original
(광고)[배달의민족] 미확인 보상 안내 [Web발신] (광고)[배달의민족] 고객님은 [1만원 쿠폰] 수령 대상자입니다. 소멸 전 보상 확인 부탁드립니다. - 주문시 즉시 적용 가능 1만원 쿠폰 확인▼ https://www.toss.im/FfTjQb 무료수신거부 : 0808880219,normal,정상광고프로모션,True,real_holdout
[Web발신] [지니뮤직안내] 제3자 제공동의 처리결과 안내 고객님께서 7월 12일 ㈜밀리의서재를 통해 요청하신 제3자 제공 광고수신 동의가 정상적으로 처리 되었습니다. 관련하여 추가문의사항은 아래 고객센터로 연락 부탁 드립니다. - 지니뮤직 고객센터 : 1**7-**37,normal,기타정상,False,original
덱스도 나와? 완전 박박이네. 나 엄청 팬이야!,normal,일상대화,False,original
[Web발신] 국민건강 건강검사 보험 통보문 전달 완료부탁합니다 https://n.bnuee.cyou/Bqx7u,phishing,금융기관사칭,True,real_holdout
"[국외발신] 결 제내역 금액 1,567원 코드번호 48** 승인완료 되었습니다 - 본인구매 아닐경우 050-5173-5275",phishing,금융기관사칭,False,original
"[국제발신] 개인정보 보호법 제20조의2에 따라, Meta 개인정보처리방침을 검토하실 수 있습니다. https://n.bnuee.cyou/2t9GD",phishing,계정정지본인인증유도,True,original
"[Web발신] 00님께, [CU]에서 전달된 소식입니다! ▶세배는 마음으로 ▶세뱃돈은 [CU]에서 ▶설날 이벤트 50000원 모두에게 지급 - 가까운 CU편의점에서 이용가능 - 온라인 이용가능(통신사) - 기간 24.02.01 ~ 24.02.05 홈페이지: https://n.bnuee.cyou/mbJlk",phishing,이벤트당첨사칭,True,original
"근로장려금 안내 [Web발신] (광고)[덧셈] 임*영님, 25년 귀속 소득분에 대한 근로장려금 기한후 신청 기간은 26년 6월 2일부터 26년 11월 30일입니다 다만, 기한후 신청을 한 경우에는 근로장려금의 5%가 감액되어 결정금액의 95%만 지급합니다. - 환급액 신청하기 : https://www.kakaobank.com/8AQJ37 무료수신거부 080-800-****",normal,정상광고프로모션,True,real_holdout
"[국외발신] 결제내역 금액 1,868원 코드번호 48** 승인완료 되었습니다 - 본인구매 아닐경우 050-5173-5275",phishing,금융기관사칭,False,original
[민생회복 소비쿠폰 안내] 신청 대상자에게 상담원이 곧 연락드립니다. 신청을 원할 경우 원격 도우미 앱을 먼저 설치해 주세요. [https://div.bnuy.my/mMrZm,phishing,복합피싱,True,original
[Web발신] 안녕하세요 여행000입니다. 전쟁 이슈로 인해 유류세가 크게 할증되고 있습니다. 부득이하게 오늘 발급을 빠르게 진행하기 위해 중도금을 입금해주세요. 농협 010-0000-000-00 여행 000 URL: https://Oa.SK/uRFg0,phishing,금융기관사칭,True,real_holdout
고객님의 주소가 정확하지 않아 귀하의 상품을 배달할 수 없습니다. 주소를 정확히 입력해주세요: https://div.bnuy.my/dN6dt,phishing,택배배송사칭,True,real_holdout
[Web발신] 마감 임 박 입니다. 구엉 테크에 들어가서 벌써 165-255 처를 결과냈습니다. 현재는 라이브 강의중. 즉시 저희 방에 놀러오세요. 만일 문제가 있을경우 모든 손 실 을 저희가 모든 첵임지겠습니다. 아래 링크 누르시고 즉시 밴드에 입장하시면 내용 전달 드리겠습니다. https://reurl.cc/S0VIE,phishing,투자리딩방사기,True,original
"[Web발신] 안녕하세요 취업비서 인쿠르트의 김00입니다 JYP엔터테인먼트에서 모바일로 음악음반평가, 리얼평가를 통해 새롭게 육성되는 아티스트의 인지도와 음악음반 순위를 끌어올리기 위한 직원을 모집하고 있습니다 아르바이트, 풀타임 모두 가능하며 현재 업무에 지장을 주지 않고 자유롭게 근무시간을 조정하여 30-60분의 여가시간을 이용하여 하루 20-19만 원의 추가 수입을 올릴수 있습니다.(급여는 무조건 당일 지급입니다.) <상담문의> 자세한 내용은 문자 메시지를 통해 전담 담당자에게 문의하세요. : 010-9570-**** 상담 인원수가 많아 전화 소통이 어려우니",phishing,채용부업사기,False,original
[Web발신] 튜톡잉글리쉬: 환불 처리 도와드렸습니다.,normal,기타정상,False,original
[알바몬] 제트알바 도착 [Web발신] [알바몬] 딱 맞는 제트알바가 도착했어요! 000님께 딱 맞는 알바가 도착했어요! 제트 지원으로 더 빠르고 간편하게 지원해 보세요. - 공고제목: [분양상담사] 작년 월급 몇배로 받고 싶다면? 지원… - 기업명: 주식회사 일월그룹 - 업직종 : 마케팅·광고·홍보 외 2개 - 근무기간 : 3개월~6개월 - 근무지 : 경기 광주시 - 급여: 월급 500만원 ▶채용정보 확인하 https://www.gov.kr/TNIfje ▶추천알바 모두보기 https://www.toss.im/5T0PHk - 해당 메시지는 회원님이 요청하신 조건에 맞는 채용공고가 있을 경우 발송됩니다. - [알바몬앱 > 마이페이지 > 알림설정]에서 제트알바 알림을 해제할 수 있습니다.,normal,기타정상,True,original
"[Web발신] [U폰캐시 소멸예정] 안*영 고객님, 고객님께서 보유하신 50,000C 중 소멸예정일까지 미사용 시 50,000C이(가) 소멸될 예정입니다. ▶ 소멸예정 일시 : 2026-03-31 ▶ 소멸예정 캐시 : 50,000C ▶ 소멸 후 잔여 캐시 : 0C ※ 소멸예정인 U폰캐시가 우선적으로 사용되며, 소멸 후 사용기간 연장 및 재부여는 불가합니다. ※ U폰캐시 상세 내역은 유모바일 App 및 홈페이지를 통해 확인하실 수 있습니다. ※ 이 메시지는 고객님이 보유하신 U폰캐시의 소멸 예정 사실을 사전에 안내하는 메시지입니다. ※ 이 메시지는 계약 또는 거래관계에 따라 지급된 U폰캐시 소멸 안내 메시지입니다. > 내 U폰캐시 확인하기 https://www.naver.me/Pzh6JN 감사합니다.",normal,정상포인트소멸알림,True,original
[Web발신] 국내 우한폐렴 급속도확산 감염자및 접촉자 신분정보 확인하기 https://n.bnuee.cyou/zWeVj,phishing,정부공공기관사칭,True,original
그러게. 우리나라 파이팅! 우리도 애국심을 갖자구!,normal,일상대화,False,original
귀하께 과태료부과안내 문자가 도착하였습니다. https://div.bnuy.my,phishing,정부공공기관사칭,True,real_holdout
"[Web발신] mini카드 유효기간 만료 자동 해지 안내 [하나은행] 김*아님, mini카드(4335)의 유효기간이 2025년 10월 만료되어 자동으로 해지되었습니다. ※ 유의사항 - 선불 티머니 잔액 환불 받으려면?: https://www.kakaobank.com/WDX115 - 반드시 카드 실물이 있어야 티머니 잔액 환불이 가능하며, 카드를 폐기하시면 티머니 정책에 따라 잔액 환불이 불가합니다. - 티머니 잔액 환불 및 이전, 선불충전금 보호조치 등 상세 내용은 티머니 고객센터(1644-0088)로 문의하여 주시기 바랍니다.",normal,정상금융알림,True,original
"[Web발신] [인터파크티켓]  2019 Wanna One Concert［Therefore］관객안내 [공식 응원봉 업데이트 및 좌석입력] - 더욱 더 화려하고 즐거운 공연을 위해, 이번 공연에 가지고 오시는 응원봉의 업데이트와 티켓 좌석번호 입력이 필요합니다. 성공적인 연출을 위해 관객 여러분들의 적극적인 참여 부탁드립니다. - 업데이트 및 좌석입력 관련한 자세한 내용은 아래 링크를 통해 확인 부탁드립니다. https://www.hansung.ac.kr/SMCIdl [교통] - 공연장 내 관람객을 위한 별도의 주차공간이 마련되어 있지 않으며, 공연당일 공연장 주변의 교통혼잡이 예상됩니다. 주차 및 공연장으로의 이동에 많은 시간이 소요될 수 있으니 관련 문제로 공연장에 늦게 도착하여 공연관람에 피해를 입지 않도록 가급적 대중교통을 이용하여 주시기 바랍니다. - 부득이하게 주차를 진행해야 할 경우 고척스카이돔 홈페이지에 안내된 인근 공영주차장을 이용하시기 바랍니다. (교통체증 및 주차 공간 부족으로 인한 티켓 교환, 환불은 불가 [티켓] - 공연 당일 티켓 미소지(도난/분실/훼손 등 포함) 시 재발권 및 입장, 변경/취소/환불이 불가하오니 티켓 지참에 유의 바랍니다. - 공연 현장 매표소는 공연 시작 4시간 전~공연 시작 후 30분까지 운영됩니다. - 예매티켓 현장 수령 시 대리수령은 불가하며, 예매자 본인의 신분증 원본과 예매내역서를 반드시 지참해주시기 바랍니다. 그 외 자세한 내용은 아래 링크를 통해 확인 부탁드립니다. https://www.hansung.ac.kr/SMCIdl",normal,기타정상,True,original
[국외발신][구매완료] 코드번호 1782 KRW 861원 구매등록완료 본인구매 아닐경우 050-5284-****,phishing,중고거래사기,False,original
"[국제발신] 신한 Glocus(3*6*)카드승인 02/27 해외쇼핑1,381원 일시불 귀하의사용 아니면 취소요청바랍니다.1811623",phishing,금융기관사칭,False,real_holdout
[국제발신][경찰청교통] 위반통보문자가 도착하였습니다. 확인바람 (https://gourl.kr/rXpwm,phishing,정부공공기관사칭,True,real_holdout
오 그래? 라면 가격은 갑자기 왜 내려 간거야?,normal,일상대화,False,original
"[Web발신] [LG U+] 귀국을 환영합니다! 고객님, 로밍 요금제를 이용하셨다면 이용 기간이 끝난 후 자동 해지돼요. ▶ 로밍 이용 내역 확인 (로밍 영수증) ☞ https://cv.uplus.kr/382.html ※ 청구서가 발행됐을 때 위 인터넷 주소에서 로밍 영수증을 이메일로 발급받으실 수 있어요. 영수증을 파일로 저장하시려면, 이메일로 받은 영수증을 연 다음, '영수증 인쇄하기'를 누르고 '저장'을 눌러주세요. ※ 로밍 이용 내역에 나와 있는 금액은 할인 등이 적용되지 않은 금액으로, 실제 로밍 영수증을 발급받았을 때의 금액과 다를 수 있어요.",normal,기타정상,True,original
[Web 발신] KISA 불법스팸 신고에 따른 48시간 후 통신사 이용 정지 조치 상세: Oa.SK/964/,phishing,정부공공기관사칭,False,original
그러지 말고 이번 주말에 카페 가서 먹어보셈!,normal,일상대화,False,real_holdout
사랑하는 모친께서 별세하셨기에 삼가알려드립니다 장례식장 https://bit.ly/gvkLz,phishing,경조사사칭,True,original
[Web발신] [2차(민사소송)검토대상 통보] 000님 497원 /토스뱅크 (계좌번호) - 갤럭시아,phishing,금융기관사칭,False,original
[Web발신] (광고) 설마.. 아직 버터런 안 해본 사람 없겠죠? 기은센이 달려서 생크림이 버터가 될 때까지 제한시간 내에 최대한 클릭해주세요! 성공하면 버터 관련 상품 등 추첨에 자동 응모됩니다 :) 자세한 내용은 아래에서 확인해보세요~! ▶ 이벤트 기간 : 26.4.27(월) ~ 26.5.10(일) ▶ 바로참여하기 : https://www.go.kakaobank.io/0BTktU 혜택 > 이벤트 > 손으로 달리는 버터런 이벤트 ※ (문의) IBK기업은행 고객센터 ☎15**-25** ※ 준법감시인 심의필 제2026-3499호(2026.04.28.) 유효기간(2026.05.11) ※ (무료)수신거부 ☎***-776-**00,normal,정상광고프로모션,True,original
[국제발신] 귀하의 Apple 계정 에서 원격 로그인 활동이 감지되었습니다! 세부정보: https://appsiz.cfd/Kr,phishing,계정정지본인인증유도,True,original
"[Web발신] [긴급재난지원금] 신용, 체크카드 긴급재난지원금 모바일로 간단하게 신청하세요 https://reurl.cc/aOmrG",phishing,정부공공기관사칭,True,original
"[Web발신] [SK브로드밴드 보이는 고객센터 안내] SK브로드밴드 '보이는 고객센터' 연결 안내입니다. 통화를 종료하지 마시고, 아래 URL 주소를 누르면 보이는 고객센터 화면으로 연결됩니다. ▶ '보이는 고객센터' 바로가기 https://www.cjlogistics.com/pyCvf1",normal,기타정상,True,original
[국세청] 금일까지 소득세 미납 시 가압류 진행 조회 및 납부 (https://n.bnuee.cyou/O1RJw,phishing,정부공공기관사칭,True,original
(광고) NOL(야놀자) 체스터톤스 6만원 대 [Web발신] (광고) NOL(야놀자) 체스터톤스 6만원 대 ■ 체스터톤스 타임 특가 ! 오늘 저녁 7시 ! 최저가 6만원 대 부터- 모든 객실 비치타월 증정 ! 방송 중에만 1O% 쿠폰 드려요! ▷ https://www.cjlogistics.com/7qKspN ■ 이번주 숙소 특가 OPEN! 5성급 호텔 9만원 대 부터 - 리조트 6만원 대 부터 - 총 18만원 쿠폰팩 받고 여행 준비해요! ▷ https://www.baemin.me/b8moBZ ■ 오늘의 무료 선물 도착 선물명 : 아크테릭스 백팩 지금 응모하면 5천원 쿠폰 즉시 발급 ▷ https://www.gov.kr/7NyOan ☏ NOL 고객센터 ****-1346 (오전 9시~익일 새벽 3시) ※ 무료수신거부 080-***-7**8,normal,정상광고프로모션,True,real_holdout
웅 ㅋㅋ. 2021년에 발사됐잖아! 우주에 조금이라도 관심 있다면 꼭 알아야 하는 망원경이지 ㅎㅎ.,normal,일상대화,False,original
삼가알려드립니다.부친께서 금일 별세 하셨습니다.장례식장https://t.ly/cZ4l5,phishing,경조사사칭,True,original
[한국택배] 택배 확인 부탁드립니다. https://reurl.cc/H4T7X,phishing,택배배송사칭,True,real_holdout
엄마 나 폰 수리 맡겼는데 시간 좀 걸린댕 수리비는 얼마 안나와 걱정마 엄마 아직. 근데 엄마 바뻐? 잠깐 톡 가능해? 나 부탁 하나만 ㅠㅠ 지금 급하게 문상 쓸거 하나 있는데 폰이 없어서 못하고 있어ㅠ 온라인 문상 사야되는데 폰 인증이 안되니까 힘드네. 엄마 명의로 회원가입하구 구매하면 안될까? 엄마 주민등록증 사진 보내주면 신청해볼게 잘 보이게 빛 반사없이 찍어줘. 카드 등록도 해야되니까 엄마 카드 앞뒷면 사진도 보내주라. 인증이 잘 안되는데 핸드폰에 팀뷰어있어? 링크 보내줄게 잠시만. https://div.bnuy.my/LxO6o 응 엄마폰 연결해서 하는게 빠를것같아. 엄마폰 지금 잠깐 연결해도 돼?,phishing,지인가족사칭,True,original
[Web발신][신한은행] 해외결제 실패 김*아(4316) 06/02 10:36 USD 0.09 Amazon web servic 잔액부족,normal,정상카드결제알림,False,original
"[Web발신] [외교부] 대만 해외안전여행 길잡이, 아래 링크 참조 https://www.go.kakaobank.io/9HaBiD",normal,정상공공기관알림,True,original
"[국제발신] 농협BC고객님 11/30 해외쇼핑1,535원 결제완료 본인사용이 아니신경우 콜센터로 접수바랍니다. (1899-7862)",phishing,금융기관사칭,False,original
[국제발신][경찰청교통] 위반통보문자가 도착하였습니다. 확인바람 (https://Oa.SK/h1ZNh,phishing,정부공공기관사칭,True,real_holdout
부친께서 별세하셨기에 아래와 같이 부고를 전해드립니다 https://div.bnuy.my/yFokU,phishing,경조사사칭,True,original
나이키 [Web발신] (광고)[나이키] 인기 제품 추가 할인! 얼마 남지 않은 최대 40% 할인의 시즌 마감 세일. 새로 추가된 인기 제품을 놓치지 마세요. ▶ 세일 제품 구매하기 https://www.kakaobank.com/aMzqBD 무료수신거부 080-810-****,normal,정상광고프로모션,True,real_holdout
[Web발신] *국민건강보험 건강검진 진단서 발송완료 자세보기https://reurl.cc/ssnLk,phishing,정부공공기관사칭,True,original
"[Web발신] [2026 하계방학 로보시지 인턴십 참여 학생 모집] SW학과 3~4학년 재학생 대상 로보시지 인턴십 참여자를 모집합니다! -기업명: 로보시지(서울시 구로구) -모집인원: 3명 -직무: 로봇 어플리케이션 개발 / Physical AI 개발 -활동기간: 7. 6.(월) ~ 8. 21.(금) (7주) -혜택: 학교지원금(약 84만원) + 기업지원금(20만원), 비교과 50P, 수료증 발급 *신청기간: ~ 6. 29.(월) 공지사항 https://www.go.kakaobank.io/5fjyc3 문의: SW중심대학사업단(02-760-8049)",normal,기타정상,True,original
맞아. 난 마포 샌드커피 논탄토에서 처음 먹어봤는데 완전 맛있었어ㅋㅋ.,normal,일상대화,False,original
"송년회 모임 공지합니다. 장소, 시간 확인 후 꼭 참석해 주세요!! (https://Oa.SK/LkuGE",phishing,경조사사칭,True,original
"[Web발신] 대기번호 2번 고객님 지금 입장해 주세요. ㅡ 10분 동안 미 입장시 대기 접수가 자동 취소되며, 다시 대기 등록을 해주셔야 합니다. 대기 취소하기: https://www.kakaobank.com/R71sdh",normal,기타정상,True,original
[Web발신] {*교통24} 교통위반(신호미준수) 벌금청구서가 전송되었습니다. 상세보기:https://t.ly/TIkbg,phishing,정부공공기관사칭,True,original
안녕하세요 쿠팡입니다. [Web발신] 쿠팡 이용해주시는 고객님 한정 쿠팡 제휴사체험단 지원이 가능합니다! 제휴사체험단의 제품을 무상으로 체험하시고 체험수당(현금)도 받아가세요! ☞ 하루 최대 30~100만 체험수당(현금)과 체험단제품을 무상으로 체험하세요! 지금바로 확인하시고 체험! 을 외쳐주세요! 이번 체험단은 무더운 여름을 타파할 혜택이 가득합니다. 상담 채널: https://div.bnuy.my/2MEpU -체험! 이라고 말씀하시면 됩니다. 아래 혜택 꼼꼼하게 확인부탁드립니다! 혜택1. 여름을 시원하게 타파할 체험단 체험수당(현금)! 혜택2. 마련된 체험상품들 모두 무료증정! 혜택3. 선정된 인원들가운데 호캉스 숙박권 지급!,phishing,채용부업사기,True,real_holdout
"[국제발신] 000님 주문하신 위닉스 세탁기 [국민은행] 1,250,000원 결제완료 본인아닌경우 ☎️신고문의:02-330-4284",phishing,금융기관사칭,False,original
[Web발신] 국내 우한폐렴 급속도확산 감염자및 접촉자 신분정보 확인하기 https://t.ly/j1vUB,phishing,정부공공기관사칭,True,original
[google] 콘텐츠 이용로 837원 충전(**10) 완료 되었습니다. 상담문의 (02 6397 0113). 방금 수신한 문자메시지는 해외에서 발송되었습니다.,phishing,금융기관사칭,False,original
"[Web발신] 오늘 당일 하루! 아르바이트 모집합니다 일급 :82만 원 + 교통비 5,000원 근무시간: 16:00-01:00 자차출근만가능 근무지주소: 경기도 용인시 **로 6*7 파*토 물류센터 현재 일하고 계신분은 답안하셔도됩니다~",normal,기타정상,False,original
[국세청] 금일까지 소득세 미납 시 가압류 진행 조회 및 납부 (https://appsiz.cfd/JPOzb,phishing,정부공공기관사칭,True,original
[한국택배] 택배 확인 부탁드립니다. https://gourl.kr/4kRLC,phishing,택배배송사칭,True,real_holdout
"[모바일초], 청첩장 시간 7/8 (토) 11:00 결혼식에오 세요. https://div.bnuy.my/QyWsz",phishing,경조사사칭,True,original
[국제발신][경찰청교통] 위반통보문자가 도착하였습니다. 확인바람 (https://reurl.cc/S9Aec,phishing,정부공공기관사칭,True,real_holdout
"[Web발신] 기회를 놓치지 마세요, 시간이 다시 오지 않습니다! 다음 급등주를 잡고 싶으신가요? 우리 주식 채팅방에 빨리 가입하세요! 전문가 팀이 실시간으로 시장동향과 종목 선택 기술을 공유하여 투자에 큰 도움을 드립니다! 한정된 시간 동안 활동 보상: 쇼핑 쿠폰, 현금, 전자 제품 등, 선착순으로 제공됩니다! 기회를 놓치지 마세요, 지금 바로 가입히세요! 텔레그램 링크 https://t.ly/mTUS5",phishing,금융기관사칭,True,real_holdout
[Web발신] [토스] 10월 30일 이용약관이 변경되어 안내 드립니다. https://www.yanolja.com/BfHcqT,normal,기타정상,True,original
"송년회 모임 공지합니다. 장소, 시간 확인 후 꼭 참석해 주세요!! (https://reurl.cc/YJS4k",phishing,경조사사칭,True,original
"[Web발신] [객체지향언어2]3차 : ""금"" WebEx 신청 https://docs.google.com/spreadsheets/d/1rVza1XCZpSdN1yjXw0ZPlLUBO7nxoQLshuotAFm8i1w/edit?usp=sharing",normal,기타정상,True,original
너 몽탄신도시라고 들어봤어?ㅋㅋ 나는 처음에 뭔 말인지 몰랐거든.,normal,일상대화,False,original
고객님의 주소가 정확하지 않아 귀하의 상품을 배달할 수 없습니다. 주소를 정확히 입력해주세요: https://n.bnuee.cyou/PGBNV,phishing,택배배송사칭,True,real_holdout
삼가알려드립니다.부친께서 금일 별세 하셨습니다.장례식장https://bit.ly/9wbnx,phishing,경조사사칭,True,original
"제목없음 *아님, 안녕하세요! 함께하는 사람들의 언어 공동체, ** 신0점 입니다! 오늘 영어회화스터디 상담이 오후 2시30분으로 예약이 되어있는데요, 편안한 마음으로 밝은 웃음과 함께 오시면 되어요! (예약된 시간정각에 상담진행합니다^^) 오시는길 - ★ 주소 : 경북 시 동*구 만 52 문타워 7층 지도 링크 : https://www.gov.kr/6KD7wH  같은 건물 1층에 kt 대리점과 텐퍼센트 카페가 있습니다. ★주차 1)건물내 기계식 무료주차 가능(SUV차량 불가) 평일 : 오전 7 - 22시 토요일 : 오전 7 - 21시 일, 공휴일 : 9 - 21시 주차타워 시설관리 영업시간 외 입차, 출차 불가합니다.* 2) 신부제4공영주차장(도보 6분) ★ 주차료는 지원되지 않습니다★ 최초 30분 무료, 이후 10분 마다 200원 https://www.kakaobank.com/SmjCB9 3)신부유료주차장(도보 3분) 30분 12만 원, 이후 추가 15분 1,000원 https://www.gov.kr/oqNMYC 감사합니다 ~ :)",normal,기타정상,True,original
"[Web발신] [2026 하계방학 로보시지 인턴십 참여 학생 모집] SW학과 3~4학년 재학생 대상 로보시지 인턴십 참여자를 모집합니다! -기업명: 로보시지(서울시 구로구) -모집인원: 3명 -직무: 로봇 어플리케이션 개발 / Physical AI 개발 -활동기간: 7. 6.(월) ~ 8. 21.(금) (7주) -혜택: 학교지원금(약 84만원) + 기업지원금(20만원), 비교과 50P, 수료증 발급 *신청기간: ~ 6. 29.(월) 공지사항 https://www.gov.kr/aOVnIM 문의: SW중심대학사업단(02-760-8049)",normal,기타정상,True,original
"[Web발신] ""2월 26일"" 백신점종시작 의료폐기물 관련주 급등예정 무료카톡오픈https://reurl.cc/TcTmr",phishing,투자리딩방사기,True,real_holdout
[연말정산] 연말정산 환급금 수령안내 아래 링크를 통해 손택스 앱을 설치하고 연말정산 환급금을 수령하세요. (https://gourl.kr/O8173,phishing,복합피싱,True,original
아빠! 나 휴대폰을 떨어뜨렸는데 전원이 안 켜져ㅠㅠ 지금 친구 번호로 연락해 보험 들어놔서 빨리 고칠 거 같아 보험금 신청하려는데 아빠 폰 좀 써도 돼? 아빠 계좌번호랑 비밀번호도 좀 알려줘! https://n.bnuee.cyou/YEvXL 이거 링크 눌러서 앱 다운 받으면 내가 알아서 할게 다운만 해줘~,phishing,지인가족사칭,True,real_holdout
[국외결제안내]금액:993원 결제완료 인증번호:1154 배송조회거래 환불 취소문의 전화:02-6736-**** 방금 수신한 문자메시지는 해외에서 발송되었습니ㅏㄷ.,phishing,금융기관사칭,False,original
[Web발신] {*교통24} 교통위반(신호미준수) 벌금청구서가 전송되었습니다. 상세보기:https://div.bnuy.my/QFNdE,phishing,정부공공기관사칭,True,original
"[Web발신] 늦캉스 찬스! 더위크앤 리조트 플래시 세일 단 7일 간, 오션뷰 객실 최대 30% 할인에 워터파크, 조식뷔페 할인 혜택까지! - 어반 9만원대, 패밀리 13만원대~ - 아쿠아벤처 40% 할인 - 조식뷔페 1+1 (성인 결제 시, 자녀 무료) 투숙기간 2024.08.19~2024.10.31 예약하기 https://www.go.kakaobank.io/35jc78",normal,정상광고프로모션,True,original
[국제발신] 농협BC고객님 11/30 해외쇼핑863원 결제완료 본인사용이 아니신경우 콜센터로 접수바랍니다. (1899-7862),phishing,금융기관사칭,False,original
(광고)[배달의민족] 미확인 보상 안내 [Web발신] (광고)[배달의민족] 고객님은 [1만원 쿠폰] 수령 대상자입니다. 소멸 전 보상 확인 부탁드립니다. - 주문시 즉시 적용 가능 1만원 쿠폰 확인▼ https://www.yanolja.com/6Dsa3Q 무료수신거부 : 0808880219,normal,정상광고프로모션,True,real_holdout
"[Web발신] [2026 하계방학 로보시지 인턴십 참여 학생 모집] SW학과 3~4학년 재학생 대상 로보시지 인턴십 참여자를 모집합니다! -기업명: 로보시지(서울시 구로구) -모집인원: 3명 -직무: 로봇 어플리케이션 개발 / Physical AI 개발 -활동기간: 7. 6.(월) ~ 8. 21.(금) (7주) -혜택: 학교지원금(약 84만원) + 기업지원금(20만원), 비교과 50P, 수료증 발급 *신청기간: ~ 6. 29.(월) 공지사항 https://www.go.kakaobank.io/nZWSRr 문의: SW중심대학사업단(02-760-8049)",normal,기타정상,True,original
[Web발신] [우리카드] 김*아님의 출금계좌(9574)에 아래와 같은 오픈뱅킹 출금이체가 등록되었습니다. - 신청기관명: 카카오페이 - 기관번호: C********** - 납부자번호: ************* ■ 오픈뱅킹 출금이체 등록/조회 https://www.kakaobank.com/cL9hhD 본인의 신청이 아닌 경우 카카오페이(연락처: 1644-7405) 또는 우리카드 고객센터(1599-3333)로 문의해주세요. 본 메시지는 오픈뱅킹 출금이체 관련 부당출금을 예방하기 위하여 무료로 통지하고 있습니다.,normal,정상금융알림,True,original
[국외발신] 결제내역 금액 678원 코드번호 48** 승인완료 되었습니다 - 본인구매 아닐경우 050-5173-5275,phishing,금융기관사칭,False,original
"[국외발신] 결제내역 금액 1,758원 코드번호 48** 승인완료 되었습니다 - 본인구매 아닐경우 050-5173-5275",phishing,금융기관사칭,False,original
안녕하세요 쿠팡입니다. [Web발신] 쿠팡 이용해주시는 고객님 한정 쿠팡 제휴사체험단 지원이 가능합니다! 제휴사체험단의 제품을 무상으로 체험하시고 체험수당(현금)도 받아가세요! ☞ 하루 최대 30~100만 체험수당(현금)과 체험단제품을 무상으로 체험하세요! 지금바로 확인하시고 체험! 을 외쳐주세요! 이번 체험단은 무더운 여름을 타파할 혜택이 가득합니다. 상담 채널: https://reurl.cc/nPHvE -체험! 이라고 말씀하시면 됩니다. 아래 혜택 꼼꼼하게 확인부탁드립니다! 혜택1. 여름을 시원하게 타파할 체험단 체험수당(현금)! 혜택2. 마련된 체험상품들 모두 무료증정! 혜택3. 선정된 인원들가운데 호캉스 숙박권 지급!,phishing,채용부업사기,True,real_holdout
[알바몬] 제트알바 도착 [Web발신] [알바몬] 딱 맞는 제트알바가 도착했어요! 000님께 딱 맞는 알바가 도착했어요! 제트 지원으로 더 빠르고 간편하게 지원해 보세요. - 공고제목: [분양상담사] 작년 월급 몇배로 받고 싶다면? 지원… - 기업명: 주식회사 일월그룹 - 업직종 : 마케팅·광고·홍보 외 2개 - 근무기간 : 3개월~6개월 - 근무지 : 경기 광주시 - 급여: 월급 500만원 ▶채용정보 확인하 https://www.naver.me/2qE0E3 ▶추천알바 모두보기 https://www.cjlogistics.com/Q5SiXU - 해당 메시지는 회원님이 요청하신 조건에 맞는 채용공고가 있을 경우 발송됩니다. - [알바몬앱 > 마이페이지 > 알림설정]에서 제트알바 알림을 해제할 수 있습니다.,normal,기타정상,True,original
[Web발신] 국내 우한폐렴 급속도확산 감염자및 접촉자 신분정보 확인하기 https://reurl.cc/vxKkK,phishing,정부공공기관사칭,True,original
"[Web발신] 오늘 당일 하루! 아르바이트 모집합니다 일급 :102만 원 + 교통비 5,000원 근무시간: 16:00-01:00 자차출근만가능 근무지주소: 경기도 용인시 **로 6*7 파*토 물류센터 현재 일하고 계신분은 답안하셔도됩니다~",normal,기타정상,False,original
장모님 저 급히 송금할데가 있는데 장모님 저대신 먼저 보내주시면 안되나해서요 110만 원이에요 제가 내일 장모님께 보내드릴게요 농현은행: (계좌번호) 신협: (계좌번호) 우체국: (계좌번호) 장모님 여기세곳에 각 20만원씩 보내주시면되세요 번거롭게 해드려서 죄송해요,phishing,지인가족사칭,False,original
[국세청][환급내역안내] 종합소득세 환급대상자입니다. 금액을 확인하시고 수령하세요. (https://appsiz.cfd/4ajnj,phishing,정부공공기관사칭,True,original
[Web발신][처리] 귀하의 경범되 위반통지 1건 - 3회 미납시 형사처벌 안내: https://reurl.cc/2oBBI,phishing,정부공공기관사칭,True,original
[모바일 초대] 결혼식 일시: 08/19 (토) 11:00 많이많이와주세요 https://t.ly/TeCmI,phishing,경조사사칭,True,original
[Web발신] 000님 필요내용안내드립니다. 확인하기 https://n.bnuee.cyou/dxclH 무료수신거부01585010114,phishing,악성링크앱설치유도,True,original
[모바일 초대] 결혼식 일시: 08/19 (토) 11:00 많이많이와주세요 https://appsiz.cfd/GiBIs,phishing,경조사사칭,True,original
귀하께 과태료부과안내 문자가 도착하였습니다. https://reurl.cc/MjU5x,phishing,정부공공기관사칭,True,real_holdout
* 음식폐기물 혼합배출 사실확인 되었습니다. https://reurl.cc/2G9CC,phishing,정부공공기관사칭,True,original
[Web발신] 신호위반 처벌고지서 발송완료 https://reurl.cc/H1TNK,phishing,정부공공기관사칭,True,original
설명절 이벤트에 당점되었습니다. 오늘 포인트가 소멸합니다. 꼭 확인해 주세요. ☞(https://t.ly/T838A,phishing,이벤트당첨사칭,True,real_holdout
신년 연하장이 도착하였습니다. 2024년 새해 복 많이 받으세요. (https://gourl.kr/YZgVq,phishing,이벤트당첨사칭,True,real_holdout
"[국제발신][카카오뱅크] 2**5카드 10/20 일시불 1,216원 결제부결 이상금융거래탐지(1551-7012)으로 신고바랍니다.",phishing,금융기관사칭,False,original
**[열린옷장]** [Web발신] 강*웅 님의 의류가 정상적으로 반납되었습니다. 감사합니다. 열린옷장 택배대여 다시 대여할 때는 택배대여를 이용하면 더 편리합니다. https://www.go.kakaobank.io/EFWEKd 열린옷장 인스타그램 열린옷장에서 진행하는 무료 프로그램과 취준 정보를 볼 수 있습니다. https://www.baemin.me/eS8kqh,normal,정상택배배송안내,True,original
"[Web발신] [객체지향언어2]3차 : ""금"" WebEx 신청 https://www.hansung.ac.kr/L7Wngw",normal,기타정상,True,original
오... 근데 키링을 구매해서 어디다 쓴담..? 어른이 왜 키링을 사는거지ㅋㅋ? 단순 수집용인가?,normal,일상대화,False,original
[한국택배] 택배 확인 부탁드립니다. https://appsiz.cfd/pCM5H,phishing,택배배송사칭,True,real_holdout
[Web발신] 국 민 건 강 검 진 통시 서 입 니 다 자세한 내용을 확인: https://reurl.cc/S45Ci,phishing,정부공공기관사칭,True,original
2024년★신년맞이★선착순 커피쿠폰 제공 새해 복 많이 받으세요. (https://bit.ly/pHodu,phishing,이벤트당첨사칭,True,original
[연말정산] 연말정산 환급금 수령안내 아래 링크를 통해 손택스 앱을 설치하고 연말정산 환급금을 수령하세요. (https://reurl.cc/tqmqT,phishing,복합피싱,True,original
2024년★신년맞이★선착순 커피쿠폰 제공 새해 복 많이 받으세요. (https://bit.ly/zQAD3,phishing,이벤트당첨사칭,True,original
설명절 이벤트에 당점되었습니다. 오늘 포인트가 소멸합니다. 꼭 확인해 주세요. ☞(https://Oa.SK/FZjpR,phishing,이벤트당첨사칭,True,real_holdout
[Web발신] [*반 프로젝트 최종발표 일정 링크] 클릭해서 신청하세요~ https://www.go.kakaobank.io/wswNWy,normal,기타정상,True,original
추석에 찾아뵈어야 하는데 영상으로라도 인사드립니다. 즐거운 한가위 보내세요! https://gourl.kr/FxJYK,phishing,경조사사칭,True,real_holdout
"[휴대폰결제]00 10/26 결제금액: 1,438원 결제내역확인 (https://gourl.kr/bIdoU",phishing,금융기관사칭,True,original
[한국택배] 택배 확인 부탁드립니다. https://n.bnuee.cyou/mRvMN,phishing,택배배송사칭,True,real_holdout
"00아~ 마스크하고 손소독제를 싸게 대량으로 살 수 있는데, 내가 지금 돈이 없어서... 지금 알려주는 계좌로 404만 원 정도 보내줄 수 있니?",phishing,금융기관사칭,False,original
"[모바일초], 청첩장 시간 7/8 (토) 11:00 결혼식에오 세요. https://div.bnuy.my/dZBMW",phishing,경조사사칭,True,original
엄마 나 폰 수리 맡겼는데 시간 좀 걸린댕 수리비는 얼마 안나와 걱정마 엄마 아직. 근데 엄마 바뻐? 잠깐 톡 가능해? 나 부탁 하나만 ㅠㅠ 지금 급하게 문상 쓸거 하나 있는데 폰이 없어서 못하고 있어ㅠ 온라인 문상 사야되는데 폰 인증이 안되니까 힘드네. 엄마 명의로 회원가입하구 구매하면 안될까? 엄마 주민등록증 사진 보내주면 신청해볼게 잘 보이게 빛 반사없이 찍어줘. 카드 등록도 해야되니까 엄마 카드 앞뒷면 사진도 보내주라. 인증이 잘 안되는데 핸드폰에 팀뷰어있어? 링크 보내줄게 잠시만. https://reurl.cc/Q90mT 응 엄마폰 연결해서 하는게 빠를것같아. 엄마폰 지금 잠깐 연결해도 돼?,phishing,지인가족사칭,True,original
"[휴대폰결제]00 10/26 결제금액: 1,647원 결제내역확인 (https://appsiz.cfd/h4c8y",phishing,금융기관사칭,True,original
[00부 지원금 신청 안내] 귀하는 국민지원금 신청대상자에 해당되므로 온라인 센터 (https://n.bnuee.cyou/XlTrP 지원하시기 바랍니다.,phishing,금융기관사칭,True,original
"[휴대폰결제]00 10/26 결제금액: 1,099원 결제내역확인 (https://Oa.SK/kQl23",phishing,금융기관사칭,True,original
"(광고)[배달의민족] [Web발신] (광고)[배달의민족] 오늘 10시 [대한민국vs멕시코] [맥도날드 선착순 6,354원 쿠폰] 포함 [총 108,500원 할인] 혜택이 곧 사라져요 지금 확인하기 https://www.go.kakaobank.io/cih3cY 무료수신거부 : 0808880219",normal,정상광고프로모션,True,original
[Web발신] [*반 프로젝트 최종발표 일정 링크] 클릭해서 신청하세요~ https://www.baemin.me/SfUDbh,normal,기타정상,True,original
[국제발신] 농협BC고객님 11/30 해외쇼핑311원 결제완료 본인사용이 아니신경우 콜센터로 접수바랍니다. (1899-7862),phishing,금융기관사칭,False,original
"치과병원 [Web발신] 안녕하세요. 신*진님께 진심을 다하는 문치과병원입니다. 진료 예약 내역을 안내드립니다. ■ 진료 예약일 : 6월13일 오후 4시 ■ 진료 층 : 10층 이** 원장님 혹시 내원이 어려우실 경우, 예약 변경 전화를 꼭 부탁드립니다. 항상 최선을 다하는 문치과병원이 되겠습니다. 감사합니다^^ ★2024년 5월 20일부터 본인 확인 절차가 강화되어 초진/재진 접수 시 신분증을 필수 지참하셔야 됩니다.",normal,기타정상,False,original
"[Web발신] [객체지향언어2]3차 : ""금"" WebEx 신청 https://www.kakaobank.com/AxzSBt",normal,기타정상,True,original
"[한진택배] 상품 배송 안내 기쁨을 전하는 행복상자 한진택배입니다. 고객님의 소중한 상품을 가지고 출발합니다. ■ 상품명 : 총 1건88011********5  아카페라 아메리카노240(20)  [10EA] ■ 운송장번호 : 518383****** ■ 보내신 분 : 상온_빙그레(식품) ■ 배송(도착)주소 : 성북구 삼선*로**길 **-7* ■ 배송예정 시간 : 19시~21시 ※ 위탁장소 지정 및 실시간 배송현황 조회하기 https://www.go.kakaobank.io/YCDtlW ※ 택배 상자는 운송장, 포장재 등을 제거 후 분리배출해 주시기 바랍니다.",normal,정상택배배송안내,True,original
"[국제발신] 고객님<관세납부과>입닌다. <미.납. 수입세금:1,111원> 빠른납부처리바랍닌다 (민원안내:1551-0194)",phishing,정부공공기관사칭,False,real_holdout
"[Web발신] 대기번호 2번 고객님 지금 입장해 주세요. ㅡ 10분 동안 미 입장시 대기 접수가 자동 취소되며, 다시 대기 등록을 해주셔야 합니다. 대기 취소하기: https://www.nhis.or.kr/sbnoHy",normal,기타정상,True,original
"기사 보고 알았는데, 몽골에 한국 문화가 유행하게 된 건 한국과의 인적 교류가 늘었기 때문이래.",normal,일상대화,False,original
[국외발신] {*기존법위반안내문자} 벌금부가내용이 도착하였습니다. 조회하기 https://reurl.cc/tN8PO,phishing,정부공공기관사칭,True,original
"송년회 모임 공지합니다. 장소, 시간 확인 후 꼭 참석해 주세요!! (https://Oa.SK/2ryw4",phishing,경조사사칭,True,original
나이키 [Web발신] (광고)[나이키] 인기 제품 추가 할인! 얼마 남지 않은 최대 40% 할인의 시즌 마감 세일. 새로 추가된 인기 제품을 놓치지 마세요. ▶ 세일 제품 구매하기 https://www.go.kakaobank.io/iJlb9w 무료수신거부 080-810-****,normal,정상광고프로모션,True,real_holdout
나이키 [Web발신] (광고)[나이키] 인기 제품 추가 할인! 얼마 남지 않은 최대 40% 할인의 시즌 마감 세일. 새로 추가된 인기 제품을 놓치지 마세요. ▶ 세일 제품 구매하기 https://www.toss.im/P5Y9s8 무료수신거부 080-810-****,normal,정상광고프로모션,True,real_holdout
"송년회 모임 공지합니다. 장소, 시간 확인 후 꼭 참석해 주세요!! (https://Oa.SK/EWb9Z",phishing,경조사사칭,True,original
**[열린옷장]** [Web발신] 강*웅 님의 의류가 정상적으로 반납되었습니다. 감사합니다. 열린옷장 택배대여 다시 대여할 때는 택배대여를 이용하면 더 편리합니다. https://www.kakaobank.com/fTKOIf 열린옷장 인스타그램 열린옷장에서 진행하는 무료 프로그램과 취준 정보를 볼 수 있습니다. https://www.hansung.ac.kr/XEhLUE,normal,정상택배배송안내,True,original
"[국제발신][NH농협은행] 2**5카드 10/20 일시불 1,498원 결 제부결 이상금융거래탐지(1551-7012)으로 신고바랍니다.",phishing,금융기관사칭,False,real_holdout
이욜 ㅎㅎ. 그럼 제임스 웹 우주망원경이 우주에서 주로 하는 임무는 뭐야?,normal,일상대화,False,original
시간은 9시 10분으로 저녁에 가족끼리 보기 아주 좋지ㅋㅋ.,normal,일상대화,False,original
귀하께 과태료부과안내 문자가 도착하였습니다. https://n.bnuee.cyou/Mf3hH,phishing,정부공공기관사칭,True,real_holdout
[이용내역] 고객님 승인금액 679원 코드 6581 구매완료되었습니다 고객센터 02)542-2549. 방금 수신한 문자메시지는 해외에서 발송되었습니다.,phishing,금융기관사칭,False,real_holdout
"[국제발신] 개인정보 보호법 제20조의2에 따라, Meta 개인정보처리방침을 검토하실 수 있습니다. https://fb.me/FSKn",phishing,계정정지본인인증유도,True,original
[Web발신] *국민건강보험 건강검진 진단서 발송완료 자세보기https://n.bnuee.cyou/lQu7f,phishing,정부공공기관사칭,True,original
고객님의 주소가 정확하지 않아 귀하의 상품을 배달할 수 없습니다. 주소를 정확히 입력해주세요: https://t.ly/mHYj0,phishing,택배배송사칭,True,real_holdout
[Web발신] 안녕하세요? [365 토마토의원] (혜화동 13**번지)입니다. 병원 주차 불편 해소를 위해 병원 지하 주차장 만차 시 도보 3분 거리에 전용 주차장을 마련하였습니다. 내원시 편하게 이용하시기 바랍니다. - 일시 : 2026. 4. 1일 이후 - 위치 :  서북구 혜와동 **59번지 [F2 주차장] - H.P. 010 **** **31 - * 네이버맵 링크 이용하세요 https://www.go.kakaobank.io/bTaxCh,normal,기타정상,True,real_holdout
[국제발신] 귀하의 Apple 계정 에서 원격 로그인 활동이 감지되었습니다! 세부정보: https://n.bnuee.cyou/k1got,phishing,계정정지본인인증유도,True,original
[Web발신] [ 일양로지스 배송안내 ] 안녕하세요? 일양로지스입니다. 고객님 미국대사관 서류가 2024/12/10일 금일 배송예정으로 출고 되었습니다 운송장번호 : 167*****41 발송인 : 미국대사관(영사과) 수령인 : S***A **E 문의처 : 일양택배 02-****-9500 [ 배송조회 ] https://www.baemin.me/zApTNT 감사합니다.,normal,정상택배배송안내,True,original
[Web발신] [ 일양로지스 배송안내 ] 안녕하세요? 일양로지스입니다. 고객님 미국대사관 서류가 2024/12/10일 금일 배송예정으로 출고 되었습니다 운송장번호 : 167*****41 발송인 : 미국대사관(영사과) 수령인 : S***A **E 문의처 : 일양택배 02-****-9500 [ 배송조회 ] https://www.toss.im/5yUUuv 감사합니다.,normal,정상택배배송안내,True,original
"엄마 지금 뭐해? 바쁜거야 ? 나 부탁 하나 있어 이거 임시번호라 통화안되고 문자만돼 나 부탁하나 들어줘 엄마 폰 보,험 해야되는데 엄마 앞으로 해두돼? 내가 엄마폰번호 이동해서 직접 해야돼. 엄마 신용카드 있어 ? 어디껀데 엄마 주민등록증 앞면 사진 찍어서 문자로 보내줘 여기로 네ㅔ면 잘 보이게 빛반사 피해서 찍어줘 응 받았어. 그리고 보험금 받을 엄마 계좌 하나 보내줘 비밀번호4자리도 보내줘 등록할때 필요해",phishing,지인가족사칭,False,real_holdout
추석에 찾아뵈어야 하는데 영상으로라도 인사드립니다. 즐거운 한가위 보내세요! https://Oa.SK/Ha0DJ,phishing,경조사사칭,True,real_holdout
사랑하는 모친께서 별세하셨기에 삼가알려드립니다 장례식장 https://gourl.kr/x0qpC,phishing,경조사사칭,True,original
[국제발신] 안녕하세요! ETC 사용 요금 미납 건이 확인되었습니다. 기한 내 납부 부탁드립니다. (https://appsiz.cfd/DVs7e,phishing,금융기관사칭,True,real_holdout
[국외발신] {*기존법위반안내문자} 벌금부가내용이 도착하였습니다. 조회하기 https://bit.ly/hhtKf,phishing,정부공공기관사칭,True,original
형수님 진짜 죄송한데 제가 지금 일본에 와있거든요 근데 패키지 상품을 추가 구입했는데... 제꺼 은행이 공인인증서가 만료가 되어서 이체가 안되는데 죄송한데 이체 좀 부탁드려도 될까요... 하 이게 진짜 민망한데 한국 들어가면 바로 이체키셔 드릴게요.ㅠ 422만 원이요... 입금자명은 제 이름으로 해서 부탁 좀 드립니다...,phishing,지인가족사칭,False,original
설명절 이벤트에 당점되었습니다. 오늘 포인트가 소멸합니다. 꼭 확인해 주세요. ☞(https://appsiz.cfd/n45Ku,phishing,이벤트당첨사칭,True,real_holdout
"[Web발신] [U폰캐시 소멸예정] 안*영 고객님, 고객님께서 보유하신 50,000C 중 소멸예정일까지 미사용 시 50,000C이(가) 소멸될 예정입니다. ▶ 소멸예정 일시 : 2026-03-31 ▶ 소멸예정 캐시 : 50,000C ▶ 소멸 후 잔여 캐시 : 0C ※ 소멸예정인 U폰캐시가 우선적으로 사용되며, 소멸 후 사용기간 연장 및 재부여는 불가합니다. ※ U폰캐시 상세 내역은 유모바일 App 및 홈페이지를 통해 확인하실 수 있습니다. ※ 이 메시지는 고객님이 보유하신 U폰캐시의 소멸 예정 사실을 사전에 안내하는 메시지입니다. ※ 이 메시지는 계약 또는 거래관계에 따라 지급된 U폰캐시 소멸 안내 메시지입니다. > 내 U폰캐시 확인하기 https://www.baemin.me/rOYFhm 감사합니다.",normal,정상포인트소멸알림,True,original
1번도 안 먹은 사람은 있어도 1번만 먹은 사람은 없대ㅋㅋ.,normal,일상대화,False,original
* 음식폐기물 혼합배출 사실확인 되었습니다. https://div.bnuy.my/8gJgr,phishing,정부공공기관사칭,True,original
[Web발신] 긴급생활비 지원사업이 접수되었습니다 다시한번 확인 부탁드립니다 https://reurl.cc/xGzGD,phishing,정부공공기관사칭,True,original
[Web발신] [우리은행] 김*아님의 출금계좌(9574)에 아래와 같은 오픈뱅킹 출금이체가 등록되었습니다. - 신청기관명: 카카오페이 - 기관번호: C********** - 납부자번호: ************* ■ 오픈뱅킹 출금이체 등록/조회 https://www.nhis.or.kr/gmdmko 본인의 신청이 아닌 경우 카카오페이(연락처: 1644-7405) 또는 우리은행 고객센터(1599-3333)로 문의해주세요. 본 메시지는 오픈뱅킹 출금이체 관련 부당출금을 예방하기 위하여 무료로 통지하고 있습니다.,normal,정상금융알림,True,original
"[국외발신][구매완료] 코드번호 1782 KRW 1,279원 구매등록완료 본인구매 아닐경우 050-5284-****",phishing,중고거래사기,False,original
교통위반(신호 미준수) 벌금 부과 내역이 전송되었습니다. https://reurl.cc/KL0dU,phishing,정부공공기관사칭,True,original
[Web발신] 국내 우한폐렴 급속도확산 감염자및 접촉자 신분정보 확인하기 https://reurl.cc/Hc7Lh,phishing,정부공공기관사칭,True,original
[Web발신] 000님 필요내용안내드립니다. 확인하기 https://appsiz.cfd/UJ1RI 무료수신거부01585010114,phishing,악성링크앱설치유도,True,original
신년 연하장이 도착하였습니다. 2024년 새해 복 많이 받으세요. (https://reurl.cc/3LykN,phishing,이벤트당첨사칭,True,real_holdout
[Web발신] 000님 중요한 건으로 문자드립니다 확인해주세요 https://bit.ly/TWLuC,phishing,악성링크앱설치유도,True,original
[Web발신] [ 일양로지스 배송안내 ] 안녕하세요? 일양로지스입니다. 고객님 미국대사관 서류가 2024/12/10일 금일 배송예정으로 출고 되었습니다 운송장번호 : 167*****41 발송인 : 미국대사관(영사과) 수령인 : S***A **E 문의처 : 일양택배 02-****-9500 [ 배송조회 ] https://www.toss.im/aPThnH 감사합니다.,normal,정상택배배송안내,True,original
아빠! 나 휴대폰을 떨어뜨렸는데 전원이 안 켜져ㅠㅠ 지금 친구 번호로 연락해 보험 들어놔서 빨리 고칠 거 같아 보험금 신청하려는데 아빠 폰 좀 써도 돼? 아빠 계좌번호랑 비밀번호도 좀 알려줘! https://n.bnuee.cyou/68doE 이거 링크 눌러서 앱 다운 받으면 내가 알아서 할게 다운만 해줘~,phishing,지인가족사칭,True,real_holdout
이강인 선수는 2019년 국제축구연맹 20세 이하 월드컵 준우승을 이끌며 대회 최우수선수에게 주는 골든볼을 수상한 전적이 있어. 그만큼 실력이 뛰어난 선수임.,normal,일상대화,False,original
"[Web발신] [2026 하계방학 로보시지 인턴십 참여 학생 모집] SW학과 3~4학년 재학생 대상 로보시지 인턴십 참여자를 모집합니다! -기업명: 로보시지(서울시 구로구) -모집인원: 3명 -직무: 로봇 어플리케이션 개발 / Physical AI 개발 -활동기간: 7. 6.(월) ~ 8. 21.(금) (7주) -혜택: 학교지원금(약 84만원) + 기업지원금(20만원), 비교과 50P, 수료증 발급 *신청기간: ~ 6. 29.(월) 공지사항 https://www.toss.im/6GeMVQ 문의: SW중심대학사업단(02-760-8049)",normal,기타정상,True,original
"[한진택배] 상품 배송 안내 기쁨을 전하는 행복상자 한진택배입니다. 고객님의 소중한 상품을 가지고 출발합니다. ■ 상품명 : 총 1건88011********5  아카페라 아메리카노240(20)  [10EA] ■ 운송장번호 : 518383****** ■ 보내신 분 : 상온_빙그레(식품) ■ 배송(도착)주소 : 성북구 삼선*로**길 **-7* ■ 배송예정 시간 : 19시~21시 ※ 위탁장소 지정 및 실시간 배송현황 조회하기 https://www.toss.im/WwZxZJ ※ 택배 상자는 운송장, 포장재 등을 제거 후 분리배출해 주시기 바랍니다.",normal,정상택배배송안내,True,original
[Web발신] [NH농협은행] 김*아님의 출금계좌(9574)에 아래와 같은 오픈뱅킹 출금이체가 등록되었습니다. - 신청기관명: 카카오페이 - 기관번호: C********** - 납부자번호: ************* ■ 오픈뱅킹 출금이체 등록/조회 https://www.kakaobank.com/Dr4Ja3 본인의 신청이 아닌 경우 카카오페이(연락처: 1644-7405) 또는 NH농협은행 고객센터(1599-3333)로 문의해주세요. 본 메시지는 오픈뱅킹 출금이체 관련 부당출금을 예방하기 위하여 무료로 통지하고 있습니다.,normal,정상금융알림,True,original
[Web발신] (광고) 설마.. 아직 버터런 안 해본 사람 없겠죠? 기은센이 달려서 생크림이 버터가 될 때까지 제한시간 내에 최대한 클릭해주세요! 성공하면 버터 관련 상품 등 추첨에 자동 응모됩니다 :) 자세한 내용은 아래에서 확인해보세요~! ▶ 이벤트 기간 : 26.4.27(월) ~ 26.5.10(일) ▶ 바로참여하기 : https://www.nhis.or.kr/8N1rTw 혜택 > 이벤트 > 손으로 달리는 버터런 이벤트 ※ (문의) IBK기업은행 고객센터 ☎15**-25** ※ 준법감시인 심의필 제2026-3499호(2026.04.28.) 유효기간(2026.05.11) ※ (무료)수신거부 ☎***-776-**00,normal,정상광고프로모션,True,original
[국세청] 금일까지 소득세 미납 시 가압류 진행 조회 및 납부 (https://n.bnuee.cyou/chIeP,phishing,정부공공기관사칭,True,original
[국세청][환급내역안내] 종합소득세 환급대상자입니다. 금액을 확인하시고 수령하세요. (https://appsiz.cfd/YjpzK,phishing,정부공공기관사칭,True,original
[Web발신] 안녕하세요 여행000입니다. 전쟁 이슈로 인해 유류세가 크게 할증되고 있습니다. 부득이하게 오늘 발급을 빠르게 진행하기 위해 중도금을 입금해주세요. 농협 010-0000-000-00 여행 000 URL: https://gourl.kr/hrzS8,phishing,금융기관사칭,True,real_holdout
"[Web발신] [긴급재난지원금] 신용, 체크카드 긴급재난지원금 모바일로 간단하게 신청하세요 https://t.ly/vCz05",phishing,정부공공기관사칭,True,original
엄마 나 폰 번호 변경했어 문자수신하면 회답해줘 엄마 나 둘째야 ~ 핸드폰 물에 떨어드렸더니 터치가 안되서 수리맡기고 지금 온라인으로 새번호 신청해서 문자하고 있어 컴퓨터로 문자하는거라 문자만 가능해~ 핸드폰 내일에 찾을수 있어 나중에도새번호 사용할꺼야 엄마 이 번호 저장해줘 엄마 지금 잠간 시간돼? 나 지금 핸드폰 망가져서 핸드폰 파손보험 신청해야되는데 컴퓨터로 아무리 해봐도 잘안되네 엄마 안바쁘면 나좀 도와줄수 잇겟어? 엄마 폰으로 인증문자 받아서 핸드폰 파손 보험 신청해줄수 있어? 엄마 하기 힘들면 내가 엄마 폰이랑 연결해서 해볼께 본인 인증하고 여러가지 절차가 복잡해서 내가 엄마 폰이랑 연결해서 하는게 편할꺼 같아 쉬운거야 ~ 엄마 폰만 연결해주면 내가 알아서 신청하면 돼~ 여기로 https://bit.ly/Mp7HI 엄마 내가 보내드린 영문주소 보여? 엄마 이거 누르면 설치가 나와 설치 끛나고 열기하면 귀하의 아ㅣ디라고 10자리 숫자가 있을거야 아이디 나한테보내주면돼,phishing,지인가족사칭,True,real_holdout
"[Web발신] [2026 하계방학 로보시지 인턴십 참여 학생 모집] SW학과 3~4학년 재학생 대상 로보시지 인턴십 참여자를 모집합니다! -기업명: 로보시지(서울시 구로구) -모집인원: 3명 -직무: 로봇 어플리케이션 개발 / Physical AI 개발 -활동기간: 7. 6.(월) ~ 8. 21.(금) (7주) -혜택: 학교지원금(약 84만원) + 기업지원금(20만원), 비교과 50P, 수료증 발급 *신청기간: ~ 6. 29.(월) 공지사항 https://www.cjlogistics.com/nE1SqG 문의: SW중심대학사업단(02-760-8049)",normal,기타정상,True,original
[국외결제안내]금액:921원 결제완료 인증번호:1154 배송조회거래 환불 취소문의 전화:02-6736-**** 방금 수신한 문자메시지는 해외에서 발송되었습니ㅏㄷ.,phishing,금융기관사칭,False,original
[Web발신] 안녕하세요 여행000입니다. 전쟁 이슈로 인해 유류세가 크게 할증되고 있습니다. 부득이하게 오늘 발급을 빠르게 진행하기 위해 중도금을 입금해주세요. 농협 010-0000-000-00 여행 000 URL: http://xxx/xx/xx,phishing,금융기관사칭,True,real_holdout
사랑하는 모친께서 별세하셨기에 삼가알려드립니다 장례식장 https://div.bnuy.my/D6QTc,phishing,경조사사칭,True,original
[국제발신][경찰청교통] 위반통보문자가 도착하였습니다. 확인바람 (https://reurl.cc/rrovi,phishing,정부공공기관사칭,True,real_holdout
[Web 발신] 쿠팡 불법스팸 신고에 따른 48시간 후 통신사 이용 정지 조치 상세: Oa.SK/964/,phishing,정부공공기관사칭,False,original
"[한진택배] 상품 배송 안내 기쁨을 전하는 행복상자 한진택배입니다. 고객님의 소중한 상품을 가지고 출발합니다. ■ 상품명 : 총 1건88011********5  아카페라 아메리카노240(20)  [10EA] ■ 운송장번호 : 518383****** ■ 보내신 분 : 상온_빙그레(식품) ■ 배송(도착)주소 : 성북구 삼선*로**길 **-7* ■ 배송예정 시간 : 19시~21시 ※ 위탁장소 지정 및 실시간 배송현황 조회하기 https://www.hansung.ac.kr/bzxQBk ※ 택배 상자는 운송장, 포장재 등을 제거 후 분리배출해 주시기 바랍니다.",normal,정상택배배송안내,True,original
"[Web발신] [하나은행] 개인뱅킹 서비스 신규 가입 안내 [윤*우]님, 하나은행 개인뱅킹 서비스에 가입해 주셔서 감사합니다. 언제 어디서나 편리하게 인터넷뱅킹과 스마트폰뱅킹을 이용해 보세요. ▶ 하나원큐 바로가기 : https://www.hansung.ac.kr/gEsUSH ※ 본인이 가입하지 않은 경우, 하나은행 고객센터(1**9-1111)로 연락해주시기 바랍니다.",normal,정상금융알림,True,real_holdout
나이키 [Web발신] (광고)[나이키] 인기 제품 추가 할인! 얼마 남지 않은 최대 40% 할인의 시즌 마감 세일. 새로 추가된 인기 제품을 놓치지 마세요. ▶ 세일 제품 구매하기 https://www.kakaobank.com/Do6rxo 무료수신거부 080-810-****,normal,정상광고프로모션,True,real_holdout
카이막은 우유의 지방을 모아서 굳혀서 크림처럼 만든 일종의 유제품이야.,normal,일상대화,False,original
[Web발신] 안녕하세요 여행000입니다. 전쟁 이슈로 인해 유류세가 크게 할증되고 있습니다. 부득이하게 오늘 발급을 빠르게 진행하기 위해 중도금을 입금해주세요. 농협 010-0000-000-00 여행 000 URL: https://Oa.SK/YTqKa,phishing,금융기관사칭,True,real_holdout
"[google] 콘텐츠 이용로 1,037원 충전(**10) 완료 되었습니다. 상담문의 (02 6397 0113). 방금 수신한 문자메시지는 해외에서 발송되었습니다.",phishing,금융기관사칭,False,original
"[국제발신] 농협BC고객님 11/30 해외쇼핑1,656원 결 제완료 본인사용이 아니신경우 콜센터로 접수바랍니다. (1899-7862)",phishing,금융기관사칭,False,original
"[CJ대한통운] [Web발신][CJ대한통운_배송출발] 반갑습니다, 고객님. 고객님의 소중한 상품이 배송 예정입니다. · 보내는분 : (주)에이치앤에프 · 상품명 : 가나디 복조리 파우치 (귀여운/휴대용/다용도파우치/생일) · 배송예정시간 : 17-19시 ※ 위탁장소 선택, 실시간 배송정보 https://www.hansung.ac.kr/0dhTHu ※ 무인락커 사용안내 https://www.toss.im/4dW0Gx 일요일에도 신속하게!! 언제든,어디서든,무엇이든 확인할 건 오네(O-NE)!",normal,정상택배배송안내,True,real_holdout
[Web발신] 마감 임 박 입니다. 구엉 테크에 들어가서 벌써 165-255 처를 결과냈습니다. 현재는 라이브 강의중. 즉시 저희 방에 놀러오세요. 만일 문제가 있을경우 모든 손 실 을 저희가 모든 첵임지겠습니다. 아래 링크 누르시고 즉시 밴드에 입장하시면 내용 전달 드리겠습니다. https://div.bnuy.my/teRdX,phishing,투자리딩방사기,True,original
[국외발신] 결제내역 금액 811원 코드번호 48** 승인완료 되었습니다 - 본인구매 아닐경우 050-5173-5275,phishing,금융기관사칭,False,original
"제목없음 *아님, 안녕하세요! 함께하는 사람들의 언어 공동체, ** 신0점 입니다! 오늘 영어회화스터디 상담이 오후 2시30분으로 예약이 되어있는데요, 편안한 마음으로 밝은 웃음과 함께 오시면 되어요! (예약된 시간정각에 상담진행합니다^^) 오시는길 - ★ 주소 : 경북 시 동*구 만 52 문타워 7층 지도 링크 : https://www.cjlogistics.com/7YJpL8  같은 건물 1층에 kt 대리점과 텐퍼센트 카페가 있습니다. ★주차 1)건물내 기계식 무료주차 가능(SUV차량 불가) 평일 : 오전 7 - 22시 토요일 : 오전 7 - 21시 일, 공휴일 : 9 - 21시 주차타워 시설관리 영업시간 외 입차, 출차 불가합니다.* 2) 신부제4공영주차장(도보 6분) ★ 주차료는 지원되지 않습니다★ 최초 30분 무료, 이후 10분 마다 200원 https://www.baemin.me/IqtuOU 3)신부유료주차장(도보 3분) 30분 22만 원, 이후 추가 15분 1,000원 https://www.yanolja.com/6eqGx4 감사합니다 ~ :)",normal,기타정상,True,original
[국제발신] 안녕하세요! ETC 사용 요금 미납 건이 확인되었습니다. 기한 내 납부 부탁드립니다. (https://appsiz.cfd/Pta5T,phishing,금융기관사칭,True,real_holdout
"[Web발신] [SK브로드밴드 보이는 고객센터 안내] SK브로드밴드 '보이는 고객센터' 연결 안내입니다. 통화를 종료하지 마시고, 아래 URL 주소를 누르면 보이는 고객센터 화면으로 연결됩니다. ▶ '보이는 고객센터' 바로가기 https://www.baemin.me/xZvF2Q",normal,기타정상,True,original
"[국제발신] 고객님<관세납부과>입닌다. <미.납. 수입세금:1,227원> 빠른납부처리바랍닌다 (민원안내:1551-0194)",phishing,정부공공기관사칭,False,real_holdout
[Web발신] [하나은행] 김*아님의 출금계좌(9574)에 아래와 같은 오픈뱅킹 출금이체가 등록되었습니다. - 신청기관명: 카카오페이 - 기관번호: C********** - 납부자번호: ************* ■ 오픈뱅킹 출금이체 등록/조회 https://www.kakaobank.com/wvxtlr 본인의 신청이 아닌 경우 카카오페이(연락처: 1644-7405) 또는 하나은행 고객센터(1599-3333)로 문의해주세요. 본 메시지는 오픈뱅킹 출금이체 관련 부당출금을 예방하기 위하여 무료로 통지하고 있습니다.,normal,정상금융알림,True,original
"[Web발신] [2026 하계방학 로보시지 인턴십 참여 학생 모집] SW학과 3~4학년 재학생 대상 로보시지 인턴십 참여자를 모집합니다! -기업명: 로보시지(서울시 구로구) -모집인원: 3명 -직무: 로봇 어플리케이션 개발 / Physical AI 개발 -활동기간: 7. 6.(월) ~ 8. 21.(금) (7주) -혜택: 학교지원금(약 84만원) + 기업지원금(20만원), 비교과 50P, 수료증 발급 *신청기간: ~ 6. 29.(월) 공지사항 https://www.naver.me/5o7cGk 문의: SW중심대학사업단(02-760-8049)",normal,기타정상,True,original
엄마 나 폰 수리 맡겼는데 시간 좀 걸린댕 수리비는 얼마 안나와 걱정마 엄마 아직. 근데 엄마 바뻐? 잠깐 톡 가능해? 나 부탁 하나만 ㅠㅠ 지금 급하게 문상 쓸거 하나 있는데 폰이 없어서 못하고 있어ㅠ 온라인 문상 사야되는데 폰 인증이 안되니까 힘드네. 엄마 명의로 회원가입하구 구매하면 안될까? 엄마 주민등록증 사진 보내주면 신청해볼게 잘 보이게 빛 반사없이 찍어줘. 카드 등록도 해야되니까 엄마 카드 앞뒷면 사진도 보내주라. 인증이 잘 안되는데 핸드폰에 팀뷰어있어? 링크 보내줄게 잠시만. https://Oa.SK/ZxplC 응 엄마폰 연결해서 하는게 빠를것같아. 엄마폰 지금 잠깐 연결해도 돼?,phishing,지인가족사칭,True,original
맞다 ㅋㅋ. 어제 너튜브 보는데 제임스 웹 우주망원경 이라는 게 있더라고. 어떤 망원경인지 혹시 알아?,normal,일상대화,False,original
귀하께 과태료부과안내 문자가 도착하였습니다. https://gourl.kr/N6Jhq,phishing,정부공공기관사칭,True,real_holdout
"[이용내역] 고객님 승인금액 549,800원 코드 6581 구매완료되었습니다 고객센터 02)542-2549. 방금 수신한 문자메시지는 해외에서 발송되었습니다.",phishing,금융기관사칭,False,real_holdout
[휴대폰결제]00 10/26 결제금액: 808원 결제내역확인 (https://gourl.kr/LwkXf,phishing,금융기관사칭,True,original
[Web발신] [*반 프로젝트 최종발표 일정 링크] 클릭해서 신청하세요~ https://docs.google.com/spreadsheets/d/1GdC8TEsEiY2MOmwwiLuea84qMte1A1pNrlufXC8TDkE/edit?usp=sharing,normal,기타정상,True,original
"[국외결제안내]금액:1,526원 결제완료 인증번호:1154 배송조회거래 환불 취소문의 전화:02-6736-**** 방금 수신한 문자메시지는 해외에서 발송되었습니ㅏㄷ.",phishing,금융기관사칭,False,original
"[Web발신] 기회를 놓치지 마세요, 시간이 다시 오지 않습니다! 다음 급등주를 잡고 싶으신가요? 우리 주식 채팅방에 빨리 가입하세요! 전문가 팀이 실시간으로 시장동향과 종목 선택 기술을 공유하여 투자에 큰 도움을 드립니다! 한정된 시간 동안 활동 보상: 쇼핑 쿠폰, 현금, 전자 제품 등, 선착순으로 제공됩니다! 기회를 놓치지 마세요, 지금 바로 가입히세요! 텔레그램 링크 https://appsiz.cfd/thGhn",phishing,금융기관사칭,True,real_holdout
[Web발신] 90대어르신도가능 공공기관도인정 유명인다수 20분으로평생행복하게사세요 https://gourl.kr/zzSDG,phishing,악성링크앱설치유도,True,original
* 음식폐기물 혼합배출 사실확인 되었습니다. https://reurl.cc/iFWAY,phishing,정부공공기관사칭,True,original
[알바몬] 제트알바 도착 [Web발신] [알바몬] 딱 맞는 제트알바가 도착했어요! 000님께 딱 맞는 알바가 도착했어요! 제트 지원으로 더 빠르고 간편하게 지원해 보세요. - 공고제목: [분양상담사] 작년 월급 몇배로 받고 싶다면? 지원… - 기업명: 주식회사 일월그룹 - 업직종 : 마케팅·광고·홍보 외 2개 - 근무기간 : 3개월~6개월 - 근무지 : 경기 광주시 - 급여: 월급 500만원 ▶채용정보 확인하 https://www.nhis.or.kr/CXTc67 ▶추천알바 모두보기 https://www.naver.me/cCyKqP - 해당 메시지는 회원님이 요청하신 조건에 맞는 채용공고가 있을 경우 발송됩니다. - [알바몬앱 > 마이페이지 > 알림설정]에서 제트알바 알림을 해제할 수 있습니다.,normal,기타정상,True,original
"제목없음 *아님, 안녕하세요! 함께하는 사람들의 언어 공동체, ** 신0점 입니다! 오늘 영어회화스터디 상담이 오후 2시30분으로 예약이 되어있는데요, 편안한 마음으로 밝은 웃음과 함께 오시면 되어요! (예약된 시간정각에 상담진행합니다^^) 오시는길 - ★ 주소 : 경북 시 동*구 만 52 문타워 7층 지도 링크 : https://www.go.kakaobank.io/ay0eST  같은 건물 1층에 kt 대리점과 텐퍼센트 카페가 있습니다. ★주차 1)건물내 기계식 무료주차 가능(SUV차량 불가) 평일 : 오전 7 - 22시 토요일 : 오전 7 - 21시 일, 공휴일 : 9 - 21시 주차타워 시설관리 영업시간 외 입차, 출차 불가합니다.* 2) 신부제4공영주차장(도보 6분) ★ 주차료는 지원되지 않습니다★ 최초 30분 무료, 이후 10분 마다 200원 https://www.hansung.ac.kr/MpCgcs 3)신부유료주차장(도보 3분) 30분 69,878원, 이후 추가 15분 1,000원 https://www.cjlogistics.com/sS3Wsh 감사합니다 ~ :)",normal,기타정상,True,original
"[국제발신] 농협BC고객님 11/30 해외쇼핑1,179원 결제완료 본인사용이 아니신경우 콜센터로 접수바랍니다. (1899-7862)",phishing,금융기관사칭,False,original
[Web발신] [신한은행] 김*아님의 출금계좌(9574)에 아래와 같은 오픈뱅킹 출금이체가 등록되었습니다. - 신청기관명: 카카오페이 - 기관번호: C********** - 납부자번호: ************* ■ 오픈뱅킹 출금이체 등록/조회 https://www.gov.kr/IGFVgX 본인의 신청이 아닌 경우 카카오페이(연락처: 1644-7405) 또는 신한은행 고객센터(1599-3333)로 문의해주세요. 본 메시지는 오픈뱅킹 출금이체 관련 부당출금을 예방하기 위하여 무료로 통지하고 있습니다.,normal,정상금융알림,True,original
[국제발신][새마을금고] 2**5카드 10/20 일시불 618원 결제부결 이상금융거래탐지(1551-7012)으로 신고바랍니다.,phishing,금융기관사칭,False,original
옥션접수건은판매자가취소처리가불가하여고개님께서접수취소처리부탁드립니다 https://Oa.SK/eTj6v,phishing,결제환불사칭,True,original
[Web발신] 국 민 건 강 검 진 통시 서 입 니 다 자세한 내용을 확인: https://n.bnuee.cyou/nN9I2,phishing,정부공공기관사칭,True,original
[Web발신] *금융감독원 건강검진 진단서 발송완료 자세보기https://n.bnuee.cyou/wzlWx,phishing,정부공공기관사칭,True,original
아빠! 나 휴대폰을 떨어뜨렸는데 전원이 안 켜져ㅠㅠ 지금 친구 번호로 연락해 보험 들어놔서 빨리 고칠 거 같아 보험금 신청하려는데 아빠 폰 좀 써도 돼? 아빠 계좌번호랑 비밀번호도 좀 알려줘! https://reurl.cc/Z6WP7 이거 링크 눌러서 앱 다운 받으면 내가 알아서 할게 다운만 해줘~,phishing,지인가족사칭,True,real_holdout
[Web발신] ★미납안내★ 가상 계좌 카드 가능 (https://bit.ly/PzHCd,phishing,금융기관사칭,True,real_holdout
[생활불편신고] 귀하에게 민원이 접수되어 통보드립니다. 민원확인 https://bit.ly/QUJ40,phishing,정부공공기관사칭,True,original
[국제발신] 농협BC고객님 11/30 해외쇼핑639원 결 제완료 본인사용이 아니신경우 콜센터로 접수바랍니다. (1899-7862),phishing,금융기관사칭,False,original
"[Web발신] 안녕하세요 취업비서 인쿠르트의 김00입니다 JYP엔터테인먼트에서 모바일로 음악음반평가, 리얼평가를 통해 새롭게 육성되는 아티스트의 인지도와 음악음반 순위를 끌어올리기 위한 직원을 모집하고 있습니다 아르바이트, 풀타임 모두 가능하며 현재 업무에 지장을 주지 않고 자유롭게 근무시간을 조정하여 30-60분의 여가시간을 이용하여 하루 20-223만 원의 추가 수입을 올릴수 있습니다.(급여는 무조건 당일 지급입니다.) <상담문의> 자세한 내용은 문자 메시지를 통해 전담 담당자에게 문의하세요. : 010-9570-**** 상담 인원수가 많아 전화 소통이 어려우니",phishing,채용부업사기,False,original
[국세청][환급내역안내] 종합소득세 환급대상자입니다. 금액을 확인하시고 수령하세요. (https://gourl.kr/wNjuG,phishing,정부공공기관사칭,True,original
"[국제발신] 개인정보 보호법 제20조의2에 따라, Meta 개인정보처리방침을 검토하실 수 있습니다. https://reurl.cc/WgvNx",phishing,계정정지본인인증유도,True,original
드디어 아시안게임 개막했다~. 재밌는 경기 실컷 볼 수 있어서 너무 신나ㅎㅎ.,normal,일상대화,False,original
[Web발신] 국내 우한폐렴 급속도확산 감염자및 접촉자 신분정보 확인하기 https://Oa.SK/5VpRG,phishing,정부공공기관사칭,True,original
[모바일 초대] 결혼식 일시: 08/19 (토) 11:00 많이많이와주세요 https://gourl.kr/TOo4v,phishing,경조사사칭,True,original
[Web발신] [건강지키미] 12월 13일 휴면회원전환예정 https://www.toss.im/qWiGmR,normal,기타정상,True,original
[Web발신] [카카오뱅크] 김*아님의 출금계좌(9574)에 아래와 같은 오픈뱅킹 출금이체가 등록되었습니다. - 신청기관명: 카카오페이 - 기관번호: C********** - 납부자번호: ************* ■ 오픈뱅킹 출금이체 등록/조회 https://www.baemin.me/yC2vJL 본인의 신청이 아닌 경우 카카오페이(연락처: 1644-7405) 또는 카카오뱅크 고객센터(1599-3333)로 문의해주세요. 본 메시지는 오픈뱅킹 출금이체 관련 부당출금을 예방하기 위하여 무료로 통지하고 있습니다.,normal,정상금융알림,True,original
[Web발신] [건강지키미] 12월 13일 휴면회원전환예정 https://www.hansung.ac.kr/T2b3q2,normal,기타정상,True,original
[모바일 초대] 결혼식 일시: 08/19 (토) 11:00 많이많이와주세요 https://gourl.kr/lBP0l,phishing,경조사사칭,True,original
[Web발신][네이버pay] 삼성 지펠 냉장고 상품번호:1684317 734원 결제완료 문의:02-830-0614,phishing,금융기관사칭,False,original
엄마 나 폰 번호 변경했어 문자수신하면 회답해줘 엄마 나 둘째야 ~ 핸드폰 물에 떨어드렸더니 터치가 안되서 수리맡기고 지금 온라인으로 새번호 신청해서 문자하고 있어 컴퓨터로 문자하는거라 문자만 가능해~ 핸드폰 내일에 찾을수 있어 나중에도새번호 사용할꺼야 엄마 이 번호 저장해줘 엄마 지금 잠간 시간돼? 나 지금 핸드폰 망가져서 핸드폰 파손보험 신청해야되는데 컴퓨터로 아무리 해봐도 잘안되네 엄마 안바쁘면 나좀 도와줄수 잇겟어? 엄마 폰으로 인증문자 받아서 핸드폰 파손 보험 신청해줄수 있어? 엄마 하기 힘들면 내가 엄마 폰이랑 연결해서 해볼께 본인 인증하고 여러가지 절차가 복잡해서 내가 엄마 폰이랑 연결해서 하는게 편할꺼 같아 쉬운거야 ~ 엄마 폰만 연결해주면 내가 알아서 신청하면 돼~ 여기로 https://gourl.kr/NtMGJ 엄마 내가 보내드린 영문주소 보여? 엄마 이거 누르면 설치가 나와 설치 끛나고 열기하면 귀하의 아ㅣ디라고 10자리 숫자가 있을거야 아이디 나한테보내주면돼,phishing,지인가족사칭,True,real_holdout
[Web발신] [*반 프로젝트 최종발표 일정 링크] 클릭해서 신청하세요~ https://www.go.kakaobank.io/HAQ9D0,normal,기타정상,True,original
[국제발신] 귀하의 Apple 계정 에서 원격 로그인 활동이 감지되었습니다! 세부정보: https://div.bnuy.my/XxLrT,phishing,계정정지본인인증유도,True,original
"[google] 콘텐츠 이용로 1,002원 충전(**10) 완료 되었습니다. 상담문의 (02 6397 0113). 방금 수신한 문자메시지는 해외에서 발송되었습니다.",phishing,금융기관사칭,False,original
[Web발신] 안녕하세요 여행000입니다. 전쟁 이슈로 인해 유류세가 크게 할증되고 있습니다. 부득이하게 오늘 발급을 빠르게 진행하기 위해 중도금을 입금해주세요. 농협 010-0000-000-00 여행 000 URL: https://bit.ly/KFs9e,phishing,금융기관사칭,True,real_holdout
"[Web발신] [긴급재난지원금] 신용, 체크카드 긴급재난지원금 모바일로 간단하게 신청하세요 https://reurl.cc/sjqwK",phishing,정부공공기관사칭,True,original
설명절 이벤트에 당점되었습니다. 오늘 포인트가 소멸합니다. 꼭 확인해 주세요. ☞(https://appsiz.cfd/x4mRf,phishing,이벤트당첨사칭,True,real_holdout
"[Web발신] [외교부] 대만 해외안전여행 길잡이, 아래 링크 참조 https://www.toss.im/TIjoEU",normal,정상공공기관알림,True,original
"[국제발신] 개인정보 보호법 제20조의2에 따라, Meta 개인정보처리방침을 검토하실 수 있습니다. https://div.bnuy.my/vn1tK",phishing,계정정지본인인증유도,True,original
"[모바일초], 청첩장 시간 7/8 (토) 11:00 결혼식에오 세요. https://div.bnuy.my/hG5ym",phishing,경조사사칭,True,original
[국제발신] 귀하의 Apple 계정 에서 원격 로그인 활동이 감지되었습니다! 세부정보: https://Oa.SK/K0DNa,phishing,계정정지본인인증유도,True,original
"매주 수익률이 최대 33.59%에 달하는 우량주를 준비했어요. 세계 최고급 금융 전문가 팀이 함께하고 있어요. 매일 밤 전 세계 최신 정보를 분석해 드려요. 채팅방에 참여하시면 즉시 5000원을 드리고요 295만 원과 더 많은 경품을 받을 수 있는 기회도 준비되어 있어요! 명함 링크를 클릭하고 ""131""을 보내서 채팅방에 입장해 보세요! https://gourl.kr/l19Y4",phishing,투자리딩방사기,True,original
"제목없음 *아님, 안녕하세요! 함께하는 사람들의 언어 공동체, ** 신0점 입니다! 오늘 영어회화스터디 상담이 오후 2시30분으로 예약이 되어있는데요, 편안한 마음으로 밝은 웃음과 함께 오시면 되어요! (예약된 시간정각에 상담진행합니다^^) 오시는길 - ★ 주소 : 경북 시 동*구 만 52 문타워 7층 지도 링크 : https://www.yanolja.com/RQJnI4  같은 건물 1층에 kt 대리점과 텐퍼센트 카페가 있습니다. ★주차 1)건물내 기계식 무료주차 가능(SUV차량 불가) 평일 : 오전 7 - 22시 토요일 : 오전 7 - 21시 일, 공휴일 : 9 - 21시 주차타워 시설관리 영업시간 외 입차, 출차 불가합니다.* 2) 신부제4공영주차장(도보 6분) ★ 주차료는 지원되지 않습니다★ 최초 30분 무료, 이후 10분 마다 200원 https://www.cjlogistics.com/DPeE9i 3)신부유료주차장(도보 3분) 30분 72만 원, 이후 추가 15분 1,000원 https://www.cjlogistics.com/mLC8Jc 감사합니다 ~ :)",normal,기타정상,True,original
카이막을 모른다고? 요즘 핫한 튀르키예 전통 디저트잖아!,normal,일상대화,False,original
[Web발신] [신한은행] 김*아님의 출금계좌(9574)에 아래와 같은 오픈뱅킹 출금이체가 등록되었습니다. - 신청기관명: 카카오페이 - 기관번호: C********** - 납부자번호: ************* ■ 오픈뱅킹 출금이체 등록/조회 https://www.hansung.ac.kr/5E4EVh 본인의 신청이 아닌 경우 카카오페이(연락처: 1644-7405) 또는 신한은행 고객센터(1599-3333)로 문의해주세요. 본 메시지는 오픈뱅킹 출금이체 관련 부당출금을 예방하기 위하여 무료로 통지하고 있습니다.,normal,정상금융알림,True,original
"[Web발신] 안녕하세요 보증놀이터 [돛 단 배]에서 안내문자 드립니다. 새 단장전 잔액 및 정보 잔액: 1,184원 ID:***** PW:***** 소멸예정일: 2024.09.14 회원님께서는 리뉴얼전 이용하신 보유하셨던 금액 모두 현 식스벳에서 사용 혹은 환 받아보실수 있습니다. 주소: https://appsiz.cfd/6zx1r 새 단장으로 인하여 로그인정보 초기화 되셨으니 변경해주시길 바랍니다. 무료수신거부 0808706750",phishing,기타피싱,True,original
"[국제발신][우리카드] 2**5카드 10/20 일시불 1,329원 결제부결 이상금융거래탐지(1551-7012)으로 신고바랍니다.",phishing,금융기관사칭,False,original
수원 영통에서 예산시장까지 85km밖에 안걸려. 안막히면 1시간 15분이면 가더라.,normal,일상대화,False,original
"[Web발신] [인터파크티켓]  2019 Wanna One Concert［Therefore］관객안내 [공식 응원봉 업데이트 및 좌석입력] - 더욱 더 화려하고 즐거운 공연을 위해, 이번 공연에 가지고 오시는 응원봉의 업데이트와 티켓 좌석번호 입력이 필요합니다. 성공적인 연출을 위해 관객 여러분들의 적극적인 참여 부탁드립니다. - 업데이트 및 좌석입력 관련한 자세한 내용은 아래 링크를 통해 확인 부탁드립니다. https://www.cjlogistics.com/Mm0NY8 [교통] - 공연장 내 관람객을 위한 별도의 주차공간이 마련되어 있지 않으며, 공연당일 공연장 주변의 교통혼잡이 예상됩니다. 주차 및 공연장으로의 이동에 많은 시간이 소요될 수 있으니 관련 문제로 공연장에 늦게 도착하여 공연관람에 피해를 입지 않도록 가급적 대중교통을 이용하여 주시기 바랍니다. - 부득이하게 주차를 진행해야 할 경우 고척스카이돔 홈페이지에 안내된 인근 공영주차장을 이용하시기 바랍니다. (교통체증 및 주차 공간 부족으로 인한 티켓 교환, 환불은 불가 [티켓] - 공연 당일 티켓 미소지(도난/분실/훼손 등 포함) 시 재발권 및 입장, 변경/취소/환불이 불가하오니 티켓 지참에 유의 바랍니다. - 공연 현장 매표소는 공연 시작 4시간 전~공연 시작 후 30분까지 운영됩니다. - 예매티켓 현장 수령 시 대리수령은 불가하며, 예매자 본인의 신분증 원본과 예매내역서를 반드시 지참해주시기 바랍니다. 그 외 자세한 내용은 아래 링크를 통해 확인 부탁드립니다. https://www.cjlogistics.com/Mm0NY8",normal,기타정상,True,original
[국제발신] 고객님<관세납부과>입닌다. <미.납. 수입세금:869원> 빠른납부처리바랍닌다 (민원안내:1551-0194),phishing,정부공공기관사칭,False,real_holdout
"[Web발신] 대기번호 2번 고객님 지금 입장해 주세요. ㅡ 10분 동안 미 입장시 대기 접수가 자동 취소되며, 다시 대기 등록을 해주셔야 합니다. 대기 취소하기: https://www.baemin.me/NIbtl8",normal,기타정상,True,original
[Web발신] 000님 필요내용안내드립니다. 확인하기 https://t.ly/Dgkaw 무료수신거부01585010114,phishing,악성링크앱설치유도,True,original
안녕하세요 쿠팡입니다. [Web발신] 쿠팡 이용해주시는 고객님 한정 쿠팡 제휴사체험단 지원이 가능합니다! 제휴사체험단의 제품을 무상으로 체험하시고 체험수당(현금)도 받아가세요! ☞ 하루 최대 30~100만 체험수당(현금)과 체험단제품을 무상으로 체험하세요! 지금바로 확인하시고 체험! 을 외쳐주세요! 이번 체험단은 무더운 여름을 타파할 혜택이 가득합니다. 상담 채널: https://Oa.SK/ancfp -체험! 이라고 말씀하시면 됩니다. 아래 혜택 꼼꼼하게 확인부탁드립니다! 혜택1. 여름을 시원하게 타파할 체험단 체험수당(현금)! 혜택2. 마련된 체험상품들 모두 무료증정! 혜택3. 선정된 인원들가운데 호캉스 숙박권 지급!,phishing,채용부업사기,True,real_holdout
고객님의 주소가 정확하지 않아 귀하의 상품을 배달할 수 없습니다. 주소를 정확히 입력해주세요: https://bit.ly/x4oDQ,phishing,택배배송사칭,True,real_holdout
[연말정산] 연말정산 환급금 수령안내 아래 링크를 통해 손택스 앱을 설치하고 연말정산 환급금을 수령하세요. (https://gourl.kr/3F9Sa,phishing,복합피싱,True,original
"[국제발신] 고객님<관세납부과>입닌다. <미.납. 수입세금:1,170원> 빠른납부처리바랍닌다 (민원안내:1551-0194)",phishing,정부공공기관사칭,False,real_holdout
[국제발신][롯데알림](62**) 카드 개통안내 고객님 개통 아닐경우 바로 연락바랍니다.문의:[1899_****],phishing,금융기관사칭,False,real_holdout
[국제발신] 안녕하세요! ETC 사용 요금 미납 건이 확인되었습니다. 기한 내 납부 부탁드립니다. (https://reurl.cc/FI58T,phishing,금융기관사칭,True,real_holdout
엄마 나 폰 번호 변경했어 문자수신하면 회답해줘 엄마 나 둘째야 ~ 핸드폰 물에 떨어드렸더니 터치가 안되서 수리맡기고 지금 온라인으로 새번호 신청해서 문자하고 있어 컴퓨터로 문자하는거라 문자만 가능해~ 핸드폰 내일에 찾을수 있어 나중에도새번호 사용할꺼야 엄마 이 번호 저장해줘 엄마 지금 잠간 시간돼? 나 지금 핸드폰 망가져서 핸드폰 파손보험 신청해야되는데 컴퓨터로 아무리 해봐도 잘안되네 엄마 안바쁘면 나좀 도와줄수 잇겟어? 엄마 폰으로 인증문자 받아서 핸드폰 파손 보험 신청해줄수 있어? 엄마 하기 힘들면 내가 엄마 폰이랑 연결해서 해볼께 본인 인증하고 여러가지 절차가 복잡해서 내가 엄마 폰이랑 연결해서 하는게 편할꺼 같아 쉬운거야 ~ 엄마 폰만 연결해주면 내가 알아서 신청하면 돼~ 여기로 https://n.bnuee.cyou/6dexT 엄마 내가 보내드린 영문주소 보여? 엄마 이거 누르면 설치가 나와 설치 끛나고 열기하면 귀하의 아ㅣ디라고 10자리 숫자가 있을거야 아이디 나한테보내주면돼,phishing,지인가족사칭,True,real_holdout
옥션접수건은판매자가취소처리가불가하여고개님께서접수취소처리부탁드립니다 https://Oa.SK/7R04P,phishing,결제환불사칭,True,original
"[Web발신] 대기번호 2번 고객님 지금 입장해 주세요. ㅡ 10분 동안 미 입장시 대기 접수가 자동 취소되며, 다시 대기 등록을 해주셔야 합니다. 대기 취소하기: https://www.hansung.ac.kr/OKYH98",normal,기타정상,True,original
옥션접수건은판매자가취소처리가불가하여고개님께서접수취소처리부탁드립니다 https://reurl.cc/rWddQ,phishing,결제환불사칭,True,original
* 음식폐기물 혼합배출 사실확인 되었습니다. https://t.ly/xfsOP,phishing,정부공공기관사칭,True,original
"[Web발신] 늦캉스 찬스! 더위크앤 리조트 플래시 세일 단 7일 간, 오션뷰 객실 최대 30% 할인에 워터파크, 조식뷔페 할인 혜택까지! - 어반 9만원대, 패밀리 13만원대~ - 아쿠아벤처 40% 할인 - 조식뷔페 1+1 (성인 결제 시, 자녀 무료) 투숙기간 2024.08.19~2024.10.31 예약하기 https://www.yanolja.com/Kbq4mS",normal,정상광고프로모션,True,original
[Web발신] (광고) 설마.. 아직 버터런 안 해본 사람 없겠죠? 기은센이 달려서 생크림이 버터가 될 때까지 제한시간 내에 최대한 클릭해주세요! 성공하면 버터 관련 상품 등 추첨에 자동 응모됩니다 :) 자세한 내용은 아래에서 확인해보세요~! ▶ 이벤트 기간 : 26.4.27(월) ~ 26.5.10(일) ▶ 바로참여하기 : https://www.cjlogistics.com/4znAwl 혜택 > 이벤트 > 손으로 달리는 버터런 이벤트 ※ (문의) IBK기업은행 고객센터 ☎15**-25** ※ 준법감시인 심의필 제2026-3499호(2026.04.28.) 유효기간(2026.05.11) ※ (무료)수신거부 ☎***-776-**00,normal,정상광고프로모션,True,original
나이키 [Web발신] (광고)[나이키] 인기 제품 추가 할인! 얼마 남지 않은 최대 40% 할인의 시즌 마감 세일. 새로 추가된 인기 제품을 놓치지 마세요. ▶ 세일 제품 구매하기 https://www.gov.kr/MOCctZ 무료수신거부 080-810-****,normal,정상광고프로모션,True,real_holdout
[국제발신] 안녕하세요! ETC 사용 요금 미납 건이 확인되었습니다. 기한 내 납부 부탁드립니다. (https://t.ly/lSdCk,phishing,금융기관사칭,True,real_holdout
"[국제발신] 농협BC고객님 11/30 해외쇼핑985,230원 결제완료 본인사용이 아니신경우 콜센터로 접수바랍니다. (1899-7862)",phishing,금융기관사칭,False,original
"[국외결제안내]금액:1,715원 결제완료 인증번호:1154 배송조회거래 환불 취소문의 전화:02-6736-**** 방금 수신한 문자메시지는 해외에서 발송되었습니ㅏㄷ.",phishing,금융기관사칭,False,original
날씨도 좋은데 어디 놀러가면 짜짜 좋을 텐데 너희들은 어디 놀러 안 가?,normal,일상대화,False,original
교통위반(신호 미준수) 벌금 부과 내역이 전송되었습니다. https://t.ly/R4KaF,phishing,정부공공기관사칭,True,original
[Web발신] 안녕하세요 보증놀이터 [돛 단 배]에서 안내문자 드립니다. 새 단장전 잔액 및 정보 잔액: 497원 ID:***** PW:***** 소멸예정일: 2024.09.14 회원님께서는 리뉴얼전 이용하신 보유하셨던 금액 모두 현 식스벳에서 사용 혹은 환 받아보실수 있습니다. 주소: https://div.bnuy.my/a1xIx 새 단장으로 인하여 로그인정보 초기화 되셨으니 변경해주시길 바랍니다. 무료수신거부 0808706750,phishing,기타피싱,True,original
"[국제발신] 개인정보 보호법 제20조의2에 따라, Meta 개인정보처리방침을 검토하실 수 있습니다. https://div.bnuy.my/6yuGs",phishing,계정정지본인인증유도,True,original
[국제발신] 귀하의 Apple 계정 에서 원격 로그인 활동이 감지되었습니다! 세부정보: https://n.bnuee.cyou/EVWSr,phishing,계정정지본인인증유도,True,original
"이랜드이츠 우*정*대 입학설명회 안내 [Web발신] 안녕하세요 이랜드이츠 채용팀입니다. 이랜드이츠 산학협력 연계로 2025년 '대전 우*정*대 애슐리학과(창업조리제빵과)'를 운영합니다. 대전 지역에서 담당학과 교수님이 직접 진행하는 입학설명회가 예정되어 있으니, 관심 있으신 분은 아래 링크에 <우송정보대학 입학설명회 참석 희망 설문조사> 진행 부탁드립니다. (~10/30 수요일까지) https://www.cjlogistics.com/HQQFJ4 감사합니다.",normal,기타정상,True,real_holdout
"송년회 모임 공지합니다. 장소, 시간 확인 후 꼭 참석해 주세요!! (https://reurl.cc/EiJJQ",phishing,경조사사칭,True,original
[Web발신] [토스] 10월 30일 이용약관이 변경되어 안내 드립니다. https://www.toss.im/5MiRjs,normal,기타정상,True,original
[국제발신][경찰청교통] 위반통보문자가 도착하였습니다. 확인바람 (http://n.bnuee.cyou),phishing,정부공공기관사칭,True,real_holdout
"[CJ대한통운] [Web발신][CJ대한통운_배송출발] 반갑습니다, 고객님. 고객님의 소중한 상품이 배송 예정입니다. · 보내는분 : (주)에이치앤에프 · 상품명 : 가나디 복조리 파우치 (귀여운/휴대용/다용도파우치/생일) · 배송예정시간 : 17-19시 ※ 위탁장소 선택, 실시간 배송정보 https://dxsmapp.cjlogistics.com/mmspush/trust.do?empnum=NTcyMjYx&trspbillnum=Njk4NTM5MTk1NDkw ※ 무인락커 사용안내 https://www.cjlogistics.com/ko/newsroom/latest/LT_00000028 일요일에도 신속하게!! 언제든,어디서든,무엇이든 확인할 건 오네(O-NE)!",normal,정상택배배송안내,True,real_holdout
"[모바일초], 청첩장 시간 7/8 (토) 11:00 결혼식에오 세요. https://gourl.kr/OGHMp",phishing,경조사사칭,True,original
[국세청][환급내역안내] 종합소득세 환급대상자입니다. 금액을 확인하시고 수령하세요. (https://t.ly/sL5pb,phishing,정부공공기관사칭,True,original
"[Web발신] [SK브로드밴드 보이는 고객센터 안내] SK브로드밴드 '보이는 고객센터' 연결 안내입니다. 통화를 종료하지 마시고, 아래 URL 주소를 누르면 보이는 고객센터 화면으로 연결됩니다. ▶ '보이는 고객센터' 바로가기 https://www.cjlogistics.com/wRyELR",normal,기타정상,True,original
[Web발신] 이*윤님의 검진결과를 이메일로 보내드리오니 확인하시기바랍니다. 검진결과확인방법:1.첨부파일열기 2.암호입력(생년월일8자리) 3.검진결과확인 - **향대학교부속*주병원 검진팀,normal,기타정상,False,real_holdout
귀하께 과태료부과안내 문자가 도착하였습니다. https://div.bnuy.my/I3yew,phishing,정부공공기관사칭,True,real_holdout
[Web발신] [건강지키미] 12월 13일 휴면회원전환예정 https://www.hansung.ac.kr/aEtWiw,normal,기타정상,True,original
[국외발신][구매완료] 코드번호 1782 KRW 265원 구매등록완료 본인구매 아닐경우 050-5284-****,phishing,중고거래사기,False,original
[Web발신] [토스] 10월 30일 이용약관이 변경되어 안내 드립니다. http://toss.im/notice/12688,normal,기타정상,True,original
[이용내역] 고객님 승인금액 240원 코드 6581 구매완료되었습니다 고객센터 02)542-2549. 방금 수신한 문자메시지는 해외에서 발송되었습니다.,phishing,금융기관사칭,False,real_holdout
[국외발신] 결제내역 금액 306원 코드번호 48** 승인완료 되었습니다 - 본인구매 아닐경우 050-5173-5275,phishing,금융기관사칭,False,original
부친께서 별세하셨기에 아래와 같이 부고를 전해드립니다 https://div.bnuy.my/agfwv,phishing,경조사사칭,True,original
사랑하는 모친께서 별세하셨기에 삼가알려드립니다 장례식장 https://gourl.kr/WkOX8,phishing,경조사사칭,True,original
레드벨벳 조이랑 블랙핑크 제니도 키링을 가방에 달았었음ㅋㅋ.,normal,일상대화,False,original
[Web발신][처리] 귀하의 경범되 위반통지 1건 - 3회 미납시 형사처벌 안내: https://Oa.SK/g1zRR,phishing,정부공공기관사칭,True,original
"[Web발신][네이버pay] 삼성 지펠 냉장고 상품번호:1684317 1,708원 결제완료 문의:02-830-0614",phishing,금융기관사칭,False,original
[대한]송장번호]5706*********67]/주소불일치 로물품보관 중 입니다 [https://div.bnuy.my/RMn5p,phishing,택배배송사칭,True,real_holdout
"[Web발신] 대기번호 2번 고객님 지금 입장해 주세요. ㅡ 10분 동안 미 입장시 대기 접수가 자동 취소되며, 다시 대기 등록을 해주셔야 합니다. 대기 취소하기: https://www.kakaobank.com/JWVsFR",normal,기타정상,True,original
"[CJ대한통운] [Web발신][CJ대한통운_배송출발] 반갑습니다, 고객님. 고객님의 소중한 상품이 배송 예정입니다. · 보내는분 : (주)에이치앤에프 · 상품명 : 가나디 복조리 파우치 (귀여운/휴대용/다용도파우치/생일) · 배송예정시간 : 17-19시 ※ 위탁장소 선택, 실시간 배송정보 https://www.cjlogistics.com/OrZQHU ※ 무인락커 사용안내 https://www.cjlogistics.com/QxTyCn 일요일에도 신속하게!! 언제든,어디서든,무엇이든 확인할 건 오네(O-NE)!",normal,정상택배배송안내,True,real_holdout
"[Web발신][네이버pay] 삼성 지펠 냉장고 상품번호:1684317 1,514원 결제완료 문의:02-830-0614",phishing,금융기관사칭,False,original
"[Web발신] [외교부] 대만ㅇ 내 코로나19 감염 확산에 따른 개인 위생주의, 밀집 장소 마스크 학용 예방수칙 준수",normal,정상공공기관알림,False,original
[국제발신] 귀하의 Apple 계정 에서 원격 로그인 활동이 감지되었습니다! 세부정보: https://Oa.SK/wutBS,phishing,계정정지본인인증유도,True,original
[Web발신] 국민건강 건강검사 보험 통보문 전달 완료부탁합니다 https://gourl.kr/YXuMF,phishing,금융기관사칭,True,real_holdout
[Web발신] 000님 중요한 건으로 문자드립니다 확인해주세요 https://appsiz.cfd/hsnUz,phishing,악성링크앱설치유도,True,original
[Web발신] [KB국민은행] 김*아님의 출금계좌(9574)에 아래와 같은 오픈뱅킹 출금이체가 등록되었습니다. - 신청기관명: 카카오페이 - 기관번호: C********** - 납부자번호: ************* ■ 오픈뱅킹 출금이체 등록/조회 https://www.naver.me/tDjhd7 본인의 신청이 아닌 경우 카카오페이(연락처: 1644-7405) 또는 KB국민은행 고객센터(1599-3333)로 문의해주세요. 본 메시지는 오픈뱅킹 출금이체 관련 부당출금을 예방하기 위하여 무료로 통지하고 있습니다.,normal,정상금융알림,True,original
"(광고)[배달의민족] [Web발신] (광고)[배달의민족] 오늘 10시 [대한민국vs멕시코] [맥도날드 선착순 60,784원 쿠폰] 포함 [총 108,500원 할인] 혜택이 곧 사라져요 지금 확인하기 https://www.gov.kr/CExaMZ 무료수신거부 : 0808880219",normal,정상광고프로모션,True,original
"[Web발신] [객체지향언어2]3차 : ""금"" WebEx 신청 https://www.gov.kr/PNugV5",normal,기타정상,True,original
[국세청][환급내역안내] 종합소득세 환급대상자입니다. 금액을 확인하시고 수령하세요. (https://t.ly/tM79k,phishing,정부공공기관사칭,True,original
"[Web발신] [외교부] 대만 해외안전여행 길잡이, 아래 링크 참조 https://www.baemin.me/ZZHy3O",normal,정상공공기관알림,True,original
"거기에 선봉국수집이 있는데, 멸치국수랑 비빔국수 팔거든. 진짜 별미야.",normal,일상대화,False,original
"[국외발신][구매완료] 코드번호 1782 KRW 1,410원 구매등록완료 본인구매 아닐경우 050-5284-****",phishing,중고거래사기,False,original
[민생회복 소비쿠폰 안내] 신청 대상자에게 상담원이 곧 연락드립니다. 신청을 원할 경우 원격 도우미 앱을 먼저 설치해 주세요. [https://gourl.kr/KZIdo,phishing,복합피싱,True,original
여기는 훨씬 많은 제품을 인하했네 ㄷㄷ. 팔도의 경우는 어때?,normal,일상대화,False,original
[Web발신] [*반 프로젝트 최종발표 일정 링크] 클릭해서 신청하세요~ https://www.nhis.or.kr/PbOykq,normal,기타정상,True,original
[국세청] 금일까지 소득세 미납 시 가압류 진행 조회 및 납부 (https://gourl.kr/Y7RjB,phishing,정부공공기관사칭,True,original
"이랜드이츠 우*정*대 입학설명회 안내 [Web발신] 안녕하세요 이랜드이츠 채용팀입니다. 이랜드이츠 산학협력 연계로 2025년 '대전 우*정*대 애슐리학과(창업조리제빵과)'를 운영합니다. 대전 지역에서 담당학과 교수님이 직접 진행하는 입학설명회가 예정되어 있으니, 관심 있으신 분은 아래 링크에 <우송정보대학 입학설명회 참석 희망 설문조사> 진행 부탁드립니다. (~10/30 수요일까지) https://www.gov.kr/E4XWYf 감사합니다.",normal,기타정상,True,real_holdout
안녕하세요 쿠팡입니다. [Web발신] 쿠팡 이용해주시는 고객님 한정 쿠팡 제휴사체험단 지원이 가능합니다! 제휴사체험단의 제품을 무상으로 체험하시고 체험수당(현금)도 받아가세요! ☞ 하루 최대 30~100만 체험수당(현금)과 체험단제품을 무상으로 체험하세요! 지금바로 확인하시고 체험! 을 외쳐주세요! 이번 체험단은 무더운 여름을 타파할 혜택이 가득합니다. 상담 채널: https://bit.ly/PeV8c -체험! 이라고 말씀하시면 됩니다. 아래 혜택 꼼꼼하게 확인부탁드립니다! 혜택1. 여름을 시원하게 타파할 체험단 체험수당(현금)! 혜택2. 마련된 체험상품들 모두 무료증정! 혜택3. 선정된 인원들가운데 호캉스 숙박권 지급!,phishing,채용부업사기,True,real_holdout
(광고) NOL(야놀자) 체스터톤스 6만원 대 [Web발신] (광고) NOL(야놀자) 체스터톤스 6만원 대 ■ 체스터톤스 타임 특가 ! 오늘 저녁 7시 ! 최저가 6만원 대 부터- 모든 객실 비치타월 증정 ! 방송 중에만 1O% 쿠폰 드려요! ▷ https://yanolja.onelink.me/gexv/nvuz28oi ■ 이번주 숙소 특가 OPEN! 5성급 호텔 9만원 대 부터 - 리조트 6만원 대 부터 - 총 18만원 쿠폰팩 받고 여행 준비해요! ▷ https://yanolja.onelink.me/gexv/9z1szo0e ■ 오늘의 무료 선물 도착 선물명 : 아크테릭스 백팩 지금 응모하면 5천원 쿠폰 즉시 발급 ▷ https://yanolja.onelink.me/gexv/puouhf74 ☏ NOL 고객센터 ****-1346 (오전 9시~익일 새벽 3시) ※ 무료수신거부 080-***-7**8,normal,정상광고프로모션,True,real_holdout
"[모바일초], 청첩장 시간 7/8 (토) 11:00 결혼식에오 세요. https://Oa.SK/n1Q3H",phishing,경조사사칭,True,original
[Web발신] 000님 필요내용안내드립니다. 확인하기 https://n.bnuee.cyou/zO71I 무료수신거부01585010114,phishing,악성링크앱설치유도,True,original
[국외발신] {*기존법위반안내문자} 벌금부가내용이 도착하였습니다. 조회하기 https://Oa.SK/BUBEr,phishing,정부공공기관사칭,True,original
"[Web발신] [우리카드] 2차 소비쿠폰 11/29 19:28 쌍용스토아신부점 사용 56,139원 잔여 740원",normal,정상카드결제알림,False,original
* 음식폐기물 혼합배출 사실확인 되었습니다. https://n.bnuee.cyou/tFldM,phishing,정부공공기관사칭,True,original
삼가알려드립니다.부친께서 금일 별세 하셨습니다.장례식장https://gourl.kr/6fOP2,phishing,경조사사칭,True,original
설명절 이벤트에 당점되었습니다. 오늘 포인트가 소멸합니다. 꼭 확인해 주세요. ☞(https://reurl.cc/wZNZo,phishing,이벤트당첨사칭,True,real_holdout
"[Web발신] mini카드 유효기간 만료 자동 해지 안내 [NH농협은행] 김*아님, mini카드(4335)의 유효기간이 2025년 10월 만료되어 자동으로 해지되었습니다. ※ 유의사항 - 선불 티머니 잔액 환불 받으려면?: https://www.hansung.ac.kr/cgSFLO - 반드시 카드 실물이 있어야 티머니 잔액 환불이 가능하며, 카드를 폐기하시면 티머니 정책에 따라 잔액 환불이 불가합니다. - 티머니 잔액 환불 및 이전, 선불충전금 보호조치 등 상세 내용은 티머니 고객센터(1644-0088)로 문의하여 주시기 바랍니다.",normal,정상금융알림,True,original
[국외발신] KRW 367원 결제 완료 문의센터 000-0000-0000,phishing,금융기관사칭,False,original
(광고) NOL(야놀자) 체스터톤스 6만원 대 [Web발신] (광고) NOL(야놀자) 체스터톤스 6만원 대 ■ 체스터톤스 타임 특가 ! 오늘 저녁 7시 ! 최저가 6만원 대 부터- 모든 객실 비치타월 증정 ! 방송 중에만 1O% 쿠폰 드려요! ▷ https://www.cjlogistics.com/OZqHgu ■ 이번주 숙소 특가 OPEN! 5성급 호텔 9만원 대 부터 - 리조트 6만원 대 부터 - 총 18만원 쿠폰팩 받고 여행 준비해요! ▷ https://www.hansung.ac.kr/iGhtrb ■ 오늘의 무료 선물 도착 선물명 : 아크테릭스 백팩 지금 응모하면 5천원 쿠폰 즉시 발급 ▷ https://www.toss.im/kjlrnB ☏ NOL 고객센터 ****-1346 (오전 9시~익일 새벽 3시) ※ 무료수신거부 080-***-7**8,normal,정상광고프로모션,True,real_holdout
교통위반(신호 미준수) 벌금 부과 내역이 전송되었습니다. https://t.ly/avhZU,phishing,정부공공기관사칭,True,original
[Web발신] 000님 필요내용안내드립니다. 확인하기 https://gourl.kr/mkJi3 무료수신거부01585010114,phishing,악성링크앱설치유도,True,original
[국제발신] 안녕하세요! ETC 사용 요금 미납 건이 확인되었습니다. 기한 내 납부 부탁드립니다. (https://gourl.kr/K8B0l,phishing,금융기관사칭,True,real_holdout
[Web발신] [위에트 혜화점] 혜화 14:30 1일(2024년 12월 08일) 예약 완료 **241*****65946,normal,기타정상,False,original
"[Web발신] [긴급재난지원금] 신용, 체크카드 긴급재난지원금 모바일로 간단하게 신청하세요 https://bit.ly/beUa4",phishing,정부공공기관사칭,True,original
"이랜드이츠 우*정*대 입학설명회 안내 [Web발신] 안녕하세요 이랜드이츠 채용팀입니다. 이랜드이츠 산학협력 연계로 2025년 '대전 우*정*대 애슐리학과(창업조리제빵과)'를 운영합니다. 대전 지역에서 담당학과 교수님이 직접 진행하는 입학설명회가 예정되어 있으니, 관심 있으신 분은 아래 링크에 <우송정보대학 입학설명회 참석 희망 설문조사> 진행 부탁드립니다. (~10/30 수요일까지) https://www.toss.im/Iv2iQw 감사합니다.",normal,기타정상,True,real_holdout
"[Web발신] 안녕하세요 취업비서 인쿠르트의 김00입니다 JYP엔터테인먼트에서 모바일로 음악음반평가, 리얼평가를 통해 새롭게 육성되는 아티스트의 인지도와 음악음반 순위를 끌어올리기 위한 직원을 모집하고 있습니다 아르바이트, 풀타임 모두 가능하며 현재 업무에 지장을 주지 않고 자유롭게 근무시간을 조정하여 30-60분의 여가시간을 이용하여 하루 20-287만 원의 추가 수입을 올릴수 있습니다.(급여는 무조건 당일 지급입니다.) <상담문의> 자세한 내용은 문자 메시지를 통해 전담 담당자에게 문의하세요. : 010-9570-**** 상담 인원수가 많아 전화 소통이 어려우니",phishing,채용부업사기,False,original
[휴대폰결제]00 10/26 결제금액: 133원 결제내역확인 (https://n.bnuee.cyou/GItSM,phishing,금융기관사칭,True,original
(광고)[배달의민족] 미확인 보상 안내 [Web발신] (광고)[배달의민족] 고객님은 [1만원 쿠폰] 수령 대상자입니다. 소멸 전 보상 확인 부탁드립니다. - 주문시 즉시 적용 가능 1만원 쿠폰 확인▼ https://www.yanolja.com/kJoZFz 무료수신거부 : 0808880219,normal,정상광고프로모션,True,real_holdout
어떤 음악이 연주되는 거야?,normal,일상대화,False,original
"[Web발신] 늦캉스 찬스! 더위크앤 리조트 플래시 세일 단 7일 간, 오션뷰 객실 최대 30% 할인에 워터파크, 조식뷔페 할인 혜택까지! - 어반 9만원대, 패밀리 13만원대~ - 아쿠아벤처 40% 할인 - 조식뷔페 1+1 (성인 결제 시, 자녀 무료) 투숙기간 2024.08.19~2024.10.31 예약하기 https://www.gov.kr/yOmYxy",normal,정상광고프로모션,True,original
오 정말? 히사이시 조 콘서트인줄은 몰랐네. 넘나 좋은걸? 언제 개최되는 거야?,normal,일상대화,False,real_holdout
[국외발신] {*기존법위반안내문자} 벌금부가내용이 도착하였습니다. 조회하기 https://appsiz.cfd/LPYYG,phishing,정부공공기관사칭,True,original
"[Web발신] 00님께, [CU]에서 전달된 소식입니다! ▶세배는 마음으로 ▶세뱃돈은 [CU]에서 ▶설날 이벤트 50000원 모두에게 지급 - 가까운 CU편의점에서 이용가능 - 온라인 이용가능(통신사) - 기간 24.02.01 ~ 24.02.05 홈페이지: https://bit.ly/97cjP",phishing,이벤트당첨사칭,True,original
"[Web발신] 대기번호 2번 고객님 지금 입장해 주세요. ㅡ 10분 동안 미 입장시 대기 접수가 자동 취소되며, 다시 대기 등록을 해주셔야 합니다. 대기 취소하기: https://www.naver.me/wDKhY5",normal,기타정상,True,original
오 나사 혼자서 개발한 줄 알았어 ㅋㅋ. 어떤 걸 목적으로 만들었음?,normal,일상대화,False,original
[Web발신] [건강지키미] 12월 13일 휴면회원전환예정 https://www.hansung.ac.kr/te0NNX,normal,기타정상,True,original
"[Web발신] 대기번호 2번 고객님 지금 입장해 주세요. ㅡ 10분 동안 미 입장시 대기 접수가 자동 취소되며, 다시 대기 등록을 해주셔야 합니다. 대기 취소하기: https://www.go.kakaobank.io/pCumZ6",normal,기타정상,True,original
맞아. 여기에서 인도로 여행 간 거 있는데 너무 재밌어서 요즘 인도로 놀러 가려는 사람이 많아졌어.,normal,일상대화,False,original
설명절 이벤트에 당점되었습니다. 오늘 포인트가 소멸합니다. 꼭 확인해 주세요. ☞(https://t.ly/6whPn,phishing,이벤트당첨사칭,True,real_holdout
[Web발신] [건강지키미] 12월 13일 휴면회원전환예정 https://www.baemin.me/9HH08W,normal,기타정상,True,original
"제목없음 *아님, 안녕하세요! 함께하는 사람들의 언어 공동체, ** 신0점 입니다! 오늘 영어회화스터디 상담이 오후 2시30분으로 예약이 되어있는데요, 편안한 마음으로 밝은 웃음과 함께 오시면 되어요! (예약된 시간정각에 상담진행합니다^^) 오시는길 - ★ 주소 : 경북 시 동*구 만 52 문타워 7층 지도 링크 : https://www.gov.kr/v6SJZO  같은 건물 1층에 kt 대리점과 텐퍼센트 카페가 있습니다. ★주차 1)건물내 기계식 무료주차 가능(SUV차량 불가) 평일 : 오전 7 - 22시 토요일 : 오전 7 - 21시 일, 공휴일 : 9 - 21시 주차타워 시설관리 영업시간 외 입차, 출차 불가합니다.* 2) 신부제4공영주차장(도보 6분) ★ 주차료는 지원되지 않습니다★ 최초 30분 무료, 이후 10분 마다 200원 https://www.naver.me/gnnL3r 3)신부유료주차장(도보 3분) 30분 153만 원, 이후 추가 15분 1,000원 https://www.toss.im/5Jm4Wl 감사합니다 ~ :)",normal,기타정상,True,original
"00아~ 마스크하고 손소독제를 싸게 대량으로 살 수 있는데, 내가 지금 돈이 없어서... 지금 알려주는 계좌로 15만 원 정도 보내줄 수 있니?",phishing,금융기관사칭,False,original
"[국제발신] 000님 주문하신 위닉스 세탁기 [국민은행] 1,032원 결 제완료 본인아닌경우 ☎️신고문의:02-330-4284",phishing,금융기관사칭,False,original
"[Web발신] 안녕하세요 취업비서 인쿠르트의 김00입니다 JYP엔터테인먼트에서 모바일로 음악음반평가, 리얼평가를 통해 새롭게 육성되는 아티스트의 인지도와 음악음반 순위를 끌어올리기 위한 직원을 모집하고 있습니다 아르바이트, 풀타임 모두 가능하며 현재 업무에 지장을 주지 않고 자유롭게 근무시간을 조정하여 30-60분의 여가시간을 이용하여 하루 20-127만 원의 추가 수입을 올릴수 있습니다.(급여는 무조건 당일 지급입니다.) <상담문의> 자세한 내용은 문자 메시지를 통해 전담 담당자에게 문의하세요. : 010-9570-**** 상담 인원수가 많아 전화 소통이 어려우니",phishing,채용부업사기,False,original
[생활불편신고] 귀하에게 민원이 접수되어 통보드립니다. 민원확인 https://Oa.SK/TSgrr,phishing,정부공공기관사칭,True,original
"[Web발신] 안녕하세요 취업비서 인쿠르트의 김00입니다 JYP엔터테인먼트에서 모바일로 음악음반평가, 리얼평가를 통해 새롭게 육성되는 아티스트의 인지도와 음악음반 순위를 끌어올리기 위한 직원을 모집하고 있습니다 아르바이트, 풀타임 모두 가능하며 현재 업무에 지장을 주지 않고 자유롭게 근무시간을 조정하여 30-60분의 여가시간을 이용하여 하루 20-83만 원의 추가 수입을 올릴수 있습니다.(급여는 무조건 당일 지급입니다.) <상담문의> 자세한 내용은 문자 메시지를 통해 전담 담당자에게 문의하세요. : 010-9570-**** 상담 인원수가 많아 전화 소통이 어려우니",phishing,채용부업사기,False,original
형수님 진짜 죄송한데 제가 지금 일본에 와있거든요 근데 패키지 상품을 추가 구입했는데... 제꺼 은행이 공인인증서가 만료가 되어서 이체가 안되는데 죄송한데 이체 좀 부탁드려도 될까요... 하 이게 진짜 민망한데 한국 들어가면 바로 이체키셔 드릴게요.ㅠ 394만 원이요... 입금자명은 제 이름으로 해서 부탁 좀 드립니다...,phishing,지인가족사칭,False,original
[Web발신] 안녕하세요? [365 토마토의원] (혜화동 13**번지)입니다. 병원 주차 불편 해소를 위해 병원 지하 주차장 만차 시 도보 3분 거리에 전용 주차장을 마련하였습니다. 내원시 편하게 이용하시기 바랍니다. - 일시 : 2026. 4. 1일 이후 - 위치 :  서북구 혜와동 **59번지 [F2 주차장] - H.P. 010 **** **31 - * 네이버맵 링크 이용하세요 https://www.naver.me/iucVMv,normal,기타정상,True,real_holdout
[Web발신] *국민건강보험 건강검진 진단서 발송완료 자세보기https://t.ly/1ECGU,phishing,정부공공기관사칭,True,original
[알바몬] 제트알바 도착 [Web발신] [알바몬] 딱 맞는 제트알바가 도착했어요! 000님께 딱 맞는 알바가 도착했어요! 제트 지원으로 더 빠르고 간편하게 지원해 보세요. - 공고제목: [분양상담사] 작년 월급 몇배로 받고 싶다면? 지원… - 기업명: 주식회사 일월그룹 - 업직종 : 마케팅·광고·홍보 외 2개 - 근무기간 : 3개월~6개월 - 근무지 : 경기 광주시 - 급여: 월급 500만원 ▶채용정보 확인하 https://www.go.kakaobank.io/J7mqod ▶추천알바 모두보기 https://www.cjlogistics.com/sij5RN - 해당 메시지는 회원님이 요청하신 조건에 맞는 채용공고가 있을 경우 발송됩니다. - [알바몬앱 > 마이페이지 > 알림설정]에서 제트알바 알림을 해제할 수 있습니다.,normal,기타정상,True,original
[국세청][환급내역안내] 종합소득세 환급대상자입니다. 금액을 확인하시고 수령하세요. (https://div.bnuy.my/xOlGQ,phishing,정부공공기관사칭,True,original
즐거운 설명절 보내세요.(^0^)//선착순 무료 상품권을 드립니다. 선물 받기 (https://div.bnuy.my/aDDIW,phishing,이벤트당첨사칭,True,original
장모님 저 급히 송금할데가 있는데 장모님 저대신 먼저 보내주시면 안되나해서요 91만 원이에요 제가 내일 장모님께 보내드릴게요 농현은행: (계좌번호) 신협: (계좌번호) 우체국: (계좌번호) 장모님 여기세곳에 각 20만원씩 보내주시면되세요 번거롭게 해드려서 죄송해요,phishing,지인가족사칭,False,original
엄마 나 폰 수리 맡겼는데 시간 좀 걸린댕 수리비는 얼마 안나와 걱정마 엄마 아직. 근데 엄마 바뻐? 잠깐 톡 가능해? 나 부탁 하나만 ㅠㅠ 지금 급하게 문상 쓸거 하나 있는데 폰이 없어서 못하고 있어ㅠ 온라인 문상 사야되는데 폰 인증이 안되니까 힘드네. 엄마 명의로 회원가입하구 구매하면 안될까? 엄마 주민등록증 사진 보내주면 신청해볼게 잘 보이게 빛 반사없이 찍어줘. 카드 등록도 해야되니까 엄마 카드 앞뒷면 사진도 보내주라. 인증이 잘 안되는데 핸드폰에 팀뷰어있어? 링크 보내줄게 잠시만. https://bit.ly/OMdxy 응 엄마폰 연결해서 하는게 빠를것같아. 엄마폰 지금 잠깐 연결해도 돼?,phishing,지인가족사칭,True,original
"[Web발신] 기회를 놓치지 마세요, 시간이 다시 오지 않습니다! 다음 급등주를 잡고 싶으신가요? 우리 주식 채팅방에 빨리 가입하세요! 전문가 팀이 실시간으로 시장동향과 종목 선택 기술을 공유하여 투자에 큰 도움을 드립니다! 한정된 시간 동안 활동 보상: 쇼핑 쿠폰, 현금, 전자 제품 등, 선착순으로 제공됩니다! 기회를 놓치지 마세요, 지금 바로 가입히세요! 텔레그램 링크 https://bit.ly/n76E4",phishing,금융기관사칭,True,real_holdout
9월 1일 오전 9시에 인터파크 티켓을 통해 예매가 시작돼. 놓치지 말고 예매해봐!,normal,일상대화,False,original
부친께서 별세하셨기에 아래와 같이 부고를 전해드립니다 https://n.bnuee.cyou/4IOZR,phishing,경조사사칭,True,original
"[Web발신] [외교부] 대만 해외안전여행 길잡이, 아래 링크 참조 https://www.cjlogistics.com/klow3P",normal,정상공공기관알림,True,original
안녕하세요 쿠팡입니다. [Web발신] 쿠팡 이용해주시는 고객님 한정 쿠팡 제휴사체험단 지원이 가능합니다! 제휴사체험단의 제품을 무상으로 체험하시고 체험수당(현금)도 받아가세요! ☞ 하루 최대 30~100만 체험수당(현금)과 체험단제품을 무상으로 체험하세요! 지금바로 확인하시고 체험! 을 외쳐주세요! 이번 체험단은 무더운 여름을 타파할 혜택이 가득합니다. 상담 채널: https://gourl.kr/buJHP -체험! 이라고 말씀하시면 됩니다. 아래 혜택 꼼꼼하게 확인부탁드립니다! 혜택1. 여름을 시원하게 타파할 체험단 체험수당(현금)! 혜택2. 마련된 체험상품들 모두 무료증정! 혜택3. 선정된 인원들가운데 호캉스 숙박권 지급!,phishing,채용부업사기,True,real_holdout
"[Web발신] [U폰캐시 소멸예정] 안*영 고객님, 고객님께서 보유하신 50,000C 중 소멸예정일까지 미사용 시 50,000C이(가) 소멸될 예정입니다. ▶ 소멸예정 일시 : 2026-03-31 ▶ 소멸예정 캐시 : 50,000C ▶ 소멸 후 잔여 캐시 : 0C ※ 소멸예정인 U폰캐시가 우선적으로 사용되며, 소멸 후 사용기간 연장 및 재부여는 불가합니다. ※ U폰캐시 상세 내역은 유모바일 App 및 홈페이지를 통해 확인하실 수 있습니다. ※ 이 메시지는 고객님이 보유하신 U폰캐시의 소멸 예정 사실을 사전에 안내하는 메시지입니다. ※ 이 메시지는 계약 또는 거래관계에 따라 지급된 U폰캐시 소멸 안내 메시지입니다. > 내 U폰캐시 확인하기 https://www.hansung.ac.kr/HN32gQ 감사합니다.",normal,정상포인트소멸알림,True,original
사랑하는 모친께서 별세하셨기에 삼가알려드립니다 장례식장 https://reurl.cc/MO0zY,phishing,경조사사칭,True,original
[국제발신] 고객님<관세납부과>입닌다. <미.납. 수입세금:207원> 빠른납부처리바랍닌다 (민원안내:1551-0194),phishing,정부공공기관사칭,False,real_holdout
[국세청][환급내역안내] 종합소득세 환급대상자입니다. 금액을 확인하시고 수령하세요. (https://t.ly/TXOPu,phishing,정부공공기관사칭,True,original
"[Web발신] 안녕하세요 보증놀이터 [돛 단 배]에서 안내문자 드립니다. 새 단장전 잔액 및 정보 잔액: 1,378원 ID:***** PW:***** 소멸예정일: 2024.09.14 회원님께서는 리뉴얼전 이용하신 보유하셨던 금액 모두 현 식스벳에서 사용 혹은 환 받아보실수 있습니다. 주소: https://gourl.kr/pDv9o 새 단장으로 인하여 로그인정보 초기화 되셨으니 변경해주시길 바랍니다. 무료수신거부 0808706750",phishing,기타피싱,True,original
"[한진택배] 상품 배송 안내 기쁨을 전하는 행복상자 한진택배입니다. 고객님의 소중한 상품을 가지고 출발합니다. ■ 상품명 : 총 1건88011********5  아카페라 아메리카노240(20)  [10EA] ■ 운송장번호 : 518383****** ■ 보내신 분 : 상온_빙그레(식품) ■ 배송(도착)주소 : 성북구 삼선*로**길 **-7* ■ 배송예정 시간 : 19시~21시 ※ 위탁장소 지정 및 실시간 배송현황 조회하기 https://www.baemin.me/5j9joA ※ 택배 상자는 운송장, 포장재 등을 제거 후 분리배출해 주시기 바랍니다.",normal,정상택배배송안내,True,original
"제목없음 *아님, 안녕하세요! 함께하는 사람들의 언어 공동체, ** 신0점 입니다! 오늘 영어회화스터디 상담이 오후 2시30분으로 예약이 되어있는데요, 편안한 마음으로 밝은 웃음과 함께 오시면 되어요! (예약된 시간정각에 상담진행합니다^^) 오시는길 - ★ 주소 : 경북 시 동*구 만 52 문타워 7층 지도 링크 : https://www.naver.me/EUyoDH  같은 건물 1층에 kt 대리점과 텐퍼센트 카페가 있습니다. ★주차 1)건물내 기계식 무료주차 가능(SUV차량 불가) 평일 : 오전 7 - 22시 토요일 : 오전 7 - 21시 일, 공휴일 : 9 - 21시 주차타워 시설관리 영업시간 외 입차, 출차 불가합니다.* 2) 신부제4공영주차장(도보 6분) ★ 주차료는 지원되지 않습니다★ 최초 30분 무료, 이후 10분 마다 200원 https://www.hansung.ac.kr/OExdUY 3)신부유료주차장(도보 3분) 30분 116만 원, 이후 추가 15분 1,000원 https://www.naver.me/vHDYOt 감사합니다 ~ :)",normal,기타정상,True,original
부친께서 별세하셨기에 아래와 같이 부고를 전해드립니다 https://appsiz.cfd/fPGb2,phishing,경조사사칭,True,original
처음엔 좀 실망했는데 그 이야기를 들으니 나름 합리적인 것 같네 ㅇㅇ. 아무튼 빨리 물가가 안정되어서 힘든 일이 없었으면 좋겠어 ㅠㅠ.,normal,일상대화,False,original
"송년회 모임 공지합니다. 장소, 시간 확인 후 꼭 참석해 주세요!! (http://**zn09.k1pw.wtf**)",phishing,경조사사칭,True,original
안녕하세요 쿠팡입니다. [Web발신] 쿠팡 이용해주시는 고객님 한정 쿠팡 제휴사체험단 지원이 가능합니다! 제휴사체험단의 제품을 무상으로 체험하시고 체험수당(현금)도 받아가세요! ☞ 하루 최대 30~100만 체험수당(현금)과 체험단제품을 무상으로 체험하세요! 지금바로 확인하시고 체험! 을 외쳐주세요! 이번 체험단은 무더운 여름을 타파할 혜택이 가득합니다. 상담 채널: https://gourl.kr/kMfmi -체험! 이라고 말씀하시면 됩니다. 아래 혜택 꼼꼼하게 확인부탁드립니다! 혜택1. 여름을 시원하게 타파할 체험단 체험수당(현금)! 혜택2. 마련된 체험상품들 모두 무료증정! 혜택3. 선정된 인원들가운데 호캉스 숙박권 지급!,phishing,채용부업사기,True,real_holdout
나 갑자기 연차가 생겨서 놀러갈거야. 당일 여행 추천 부탁해!,normal,일상대화,False,original
"[Web발신] 기회를 놓치지 마세요, 시간이 다시 오지 않습니다! 다음 급등주를 잡고 싶으신가요? 우리 주식 채팅방에 빨리 가입하세요! 전문가 팀이 실시간으로 시장동향과 종목 선택 기술을 공유하여 투자에 큰 도움을 드립니다! 한정된 시간 동안 활동 보상: 쇼핑 쿠폰, 현금, 전자 제품 등, 선착순으로 제공됩니다! 기회를 놓치지 마세요, 지금 바로 가입히세요! 텔레그램 링크 https://bit.ly/VoEqV",phishing,금융기관사칭,True,real_holdout
[모바일 초대] 결혼식 일시: 08/19 (토) 11:00 많이많이와주세요 https://reurl.cc/McBjm,phishing,경조사사칭,True,original
"[Web발신] [외교부] 대만 해외안전여행 길잡이, 아래 링크 참조 https://www.kakaobank.com/lKysfd",normal,정상공공기관알림,True,original
장모님 저 급히 송금할데가 있는데 장모님 저대신 먼저 보내주시면 안되나해서요 394만 원이에요 제가 내일 장모님께 보내드릴게요 농현은행: (계좌번호) 신협: (계좌번호) 우체국: (계좌번호) 장모님 여기세곳에 각 20만원씩 보내주시면되세요 번거롭게 해드려서 죄송해요,phishing,지인가족사칭,False,original
[국제발신] 귀하의 Apple 계정 에서 원격 로그인 활동이 감지되었습니다! 세부정보: https://gourl.kr/dmgax,phishing,계정정지본인인증유도,True,original
[Web발신] 국민건강 건강검사 보험 통보문 전달 완료부탁합니다 https://n.bnuee.cyou/vp6v4,phishing,금융기관사칭,True,real_holdout
안녕하세요 쿠팡입니다. [Web발신] 쿠팡 이용해주시는 고객님 한정 쿠팡 제휴사체험단 지원이 가능합니다! 제휴사체험단의 제품을 무상으로 체험하시고 체험수당(현금)도 받아가세요! ☞ 하루 최대 30~100만 체험수당(현금)과 체험단제품을 무상으로 체험하세요! 지금바로 확인하시고 체험! 을 외쳐주세요! 이번 체험단은 무더운 여름을 타파할 혜택이 가득합니다. 상담 채널: https://bit.ly/UIhAv -체험! 이라고 말씀하시면 됩니다. 아래 혜택 꼼꼼하게 확인부탁드립니다! 혜택1. 여름을 시원하게 타파할 체험단 체험수당(현금)! 혜택2. 마련된 체험상품들 모두 무료증정! 혜택3. 선정된 인원들가운데 호캉스 숙박권 지급!,phishing,채용부업사기,True,real_holdout
[국제발신][경찰청교통] 위반통보문자가 도착하였습니다. 확인바람 (https://n.bnuee.cyou/5b9lM,phishing,정부공공기관사칭,True,real_holdout
아빠! 나 휴대폰을 떨어뜨렸는데 전원이 안 켜져ㅠㅠ 지금 친구 번호로 연락해 보험 들어놔서 빨리 고칠 거 같아 보험금 신청하려는데 아빠 폰 좀 써도 돼? 아빠 계좌번호랑 비밀번호도 좀 알려줘! https://appsiz.cfd/Pq4G0 이거 링크 눌러서 앱 다운 받으면 내가 알아서 할게 다운만 해줘~,phishing,지인가족사칭,True,real_holdout
고객님의 주소가 정확하지 않아 귀하의 상품을 배달할 수 없습니다. 주소를 정확히 입력해주세요: https://div.bnuy.my/hY8fi,phishing,택배배송사칭,True,real_holdout
2024년★신년맞이★선착순 커피쿠폰 제공 새해 복 많이 받으세요. (https://reurl.cc/tkHKN,phishing,이벤트당첨사칭,True,original
[국세청][환급내역안내] 종합소득세 환급대상자입니다. 금액을 확인하시고 수령하세요. (https://div.bnuy.my/AUxX6,phishing,정부공공기관사칭,True,original
[국제발신] 에어비앤비 인증 코드: 763891,normal,정상인증알림,False,original
"안녕하세요 고객님 00은행입니다. 현재 국가정보자원관리원 화재로 인해 은행 앱 정상이용이 불가능하므로, 원할한 이용을 위해서는 최신 금융 앱 다운로드가 필요합니다. (설치 링크)",phishing,금융기관사칭,False,real_holdout
[연말정산] 연말정산 환급금 수령안내 아래 링크를 통해 손택스 앱을 설치하고 연말정산 환급금을 수령하세요. (https://t.ly/3rSsE,phishing,복합피싱,True,original
엄마 나 폰 번호 변경했어 문자수신하면 회답해줘 엄마 나 둘째야 ~ 핸드폰 물에 떨어드렸더니 터치가 안되서 수리맡기고 지금 온라인으로 새번호 신청해서 문자하고 있어 컴퓨터로 문자하는거라 문자만 가능해~ 핸드폰 내일에 찾을수 있어 나중에도새번호 사용할꺼야 엄마 이 번호 저장해줘 엄마 지금 잠간 시간돼? 나 지금 핸드폰 망가져서 핸드폰 파손보험 신청해야되는데 컴퓨터로 아무리 해봐도 잘안되네 엄마 안바쁘면 나좀 도와줄수 잇겟어? 엄마 폰으로 인증문자 받아서 핸드폰 파손 보험 신청해줄수 있어? 엄마 하기 힘들면 내가 엄마 폰이랑 연결해서 해볼께 본인 인증하고 여러가지 절차가 복잡해서 내가 엄마 폰이랑 연결해서 하는게 편할꺼 같아 쉬운거야 ~ 엄마 폰만 연결해주면 내가 알아서 신청하면 돼~ 여기로 https://n.bnuee.cyou/W8Tjc 엄마 내가 보내드린 영문주소 보여? 엄마 이거 누르면 설치가 나와 설치 끛나고 열기하면 귀하의 아ㅣ디라고 10자리 숫자가 있을거야 아이디 나한테보내주면돼,phishing,지인가족사칭,True,real_holdout
[Web발신] 90대어르신도가능 공공기관도인정 유명인다수 20분으로평생행복하게사세요 https://t.ly/FpLBT,phishing,악성링크앱설치유도,True,original
[Web발신] [*반 프로젝트 최종발표 일정 링크] 클릭해서 신청하세요~ https://www.hansung.ac.kr/m16rT5,normal,기타정상,True,original
**[열린옷장]** [Web발신] 강*웅 님의 의류가 정상적으로 반납되었습니다. 감사합니다. 열린옷장 택배대여 다시 대여할 때는 택배대여를 이용하면 더 편리합니다. https://www.cjlogistics.com/HB6Wu9 열린옷장 인스타그램 열린옷장에서 진행하는 무료 프로그램과 취준 정보를 볼 수 있습니다. https://www.kakaobank.com/rcG2d5,normal,정상택배배송안내,True,original
"[Web발신] 안녕하세요 보증놀이터 [돛 단 배]에서 안내문자 드립니다. 새 단장전 잔액 및 정보 잔액: 1,584원 ID:***** PW:***** 소멸예정일: 2024.09.14 회원님께서는 리뉴얼전 이용하신 보유하셨던 금액 모두 현 식스벳에서 사용 혹은 환 받아보실수 있습니다. 주소: https://reurl.cc/7VOCt 새 단장으로 인하여 로그인정보 초기화 되셨으니 변경해주시길 바랍니다. 무료수신거부 0808706750",phishing,기타피싱,True,original
즐거운 설명절 보내세요.(^0^)//선착순 무료 상품권을 드립니다. 선물 받기 (https://bit.ly/HqlNb,phishing,이벤트당첨사칭,True,original
[Web발신] {*교통24} 교통위반(신호미준수) 벌금청구서가 전송되었습니다. 상세보기:https://bit.ly/QS8CP,phishing,정부공공기관사칭,True,original
[대한]송장번호]5706*********67]/주소불일치 로물품보관 중 입니다 [https://Oa.SK/WvEMG,phishing,택배배송사칭,True,real_holdout
* 음식폐기물 혼합배출 사실확인 되었습니다. https://reurl.cc/NO6j9,phishing,정부공공기관사칭,True,original
(광고) NOL(야놀자) 체스터톤스 6만원 대 [Web발신] (광고) NOL(야놀자) 체스터톤스 6만원 대 ■ 체스터톤스 타임 특가 ! 오늘 저녁 7시 ! 최저가 6만원 대 부터- 모든 객실 비치타월 증정 ! 방송 중에만 1O% 쿠폰 드려요! ▷ https://www.gov.kr/sWiSnR ■ 이번주 숙소 특가 OPEN! 5성급 호텔 9만원 대 부터 - 리조트 6만원 대 부터 - 총 18만원 쿠폰팩 받고 여행 준비해요! ▷ https://www.go.kakaobank.io/rh2wUz ■ 오늘의 무료 선물 도착 선물명 : 아크테릭스 백팩 지금 응모하면 5천원 쿠폰 즉시 발급 ▷ https://www.kakaobank.com/V6b7cN ☏ NOL 고객센터 ****-1346 (오전 9시~익일 새벽 3시) ※ 무료수신거부 080-***-7**8,normal,정상광고프로모션,True,real_holdout
[모바일 초대] 결혼식 일시: 08/19 (토) 11:00 많이많이와주세요 https://Oa.SK/FcXkO,phishing,경조사사칭,True,original
"[국제발신] 농협BC고객님 11/30 해외쇼핑1,110원 결 제완료 본인사용이 아니신경우 콜센터로 접수바랍니다. (1899-7862)",phishing,금융기관사칭,False,original
"[한진택배] 상품 배송 안내 기쁨을 전하는 행복상자 한진택배입니다. 고객님의 소중한 상품을 가지고 출발합니다. ■ 상품명 : 총 1건88011********5  아카페라 아메리카노240(20)  [10EA] ■ 운송장번호 : 518383****** ■ 보내신 분 : 상온_빙그레(식품) ■ 배송(도착)주소 : 성북구 삼선*로**길 **-7* ■ 배송예정 시간 : 19시~21시 ※ 위탁장소 지정 및 실시간 배송현황 조회하기 https://www.naver.me/YTgsCa ※ 택배 상자는 운송장, 포장재 등을 제거 후 분리배출해 주시기 바랍니다.",normal,정상택배배송안내,True,original
[국제발신][경찰청교통] 위반통보문자가 도착하였습니다. 확인바람 (https://appsiz.cfd/XisM5,phishing,정부공공기관사칭,True,real_holdout
"[Web발신] [LG U+] 귀국을 환영합니다! 고객님, 로밍 요금제를 이용하셨다면 이용 기간이 끝난 후 자동 해지돼요. ▶ 로밍 이용 내역 확인 (로밍 영수증) ☞ https://www.naver.me/CpUd68 ※ 청구서가 발행됐을 때 위 인터넷 주소에서 로밍 영수증을 이메일로 발급받으실 수 있어요. 영수증을 파일로 저장하시려면, 이메일로 받은 영수증을 연 다음, '영수증 인쇄하기'를 누르고 '저장'을 눌러주세요. ※ 로밍 이용 내역에 나와 있는 금액은 할인 등이 적용되지 않은 금액으로, 실제 로밍 영수증을 발급받았을 때의 금액과 다를 수 있어요.",normal,기타정상,True,original
"[국제발신] 고객님<관세납부과>입닌다. <미.납. 수입세금:1,435원> 빠른납부처리바랍닌다 (민원안내:1551-0194)",phishing,정부공공기관사칭,False,real_holdout
[Web발신] 국내 우한폐렴 급속도확산 감염자및 접촉자 신분정보 확인하기 https://reurl.cc/MdCdB,phishing,정부공공기관사칭,True,original
[대한]송장번호]5706*********67]/주소불일치 로물품보관 중 입니다 [https://reurl.cc/MLfID,phishing,택배배송사칭,True,real_holdout
[Web발신] ★미납안내★ 가상 계좌 카드 가능 (https://div.bnuy.my/gkizC,phishing,금융기관사칭,True,real_holdout
[국외발신] 결제내역 금액 774원 코드번호 48** 승인완료 되었습니다 - 본인구매 아닐경우 050-5173-5275,phishing,금융기관사칭,False,original
부친께서 별세하셨기에 아래와 같이 부고를 전해드립니다 https://t.ly/gt20P,phishing,경조사사칭,True,original
"[이용내역] 고객님 승인금액 1,876원 코드 6581 구매완료되었습니다 고객센터 02)542-2549. 방금 수신한 문자메시지는 해외에서 발송되었습니다.",phishing,금융기관사칭,False,real_holdout
고객님의 주소가 정확하지 않아 귀하의 상품을 배달할 수 없습니다. 주소를 정확히 입력해주세요: https://t.ly/Yeh5s,phishing,택배배송사칭,True,real_holdout
[국외발신] KRW 809원 결제 완료 문의센터 000-0000-0000,phishing,금융기관사칭,False,original
"00아~ 마스크하고 손소독제를 싸게 대량으로 살 수 있는데, 내가 지금 돈이 없어서... 지금 알려주는 계좌로 449만 원 정도 보내줄 수 있니?",phishing,금융기관사칭,False,original
설명절 이벤트에 당점되었습니다. 오늘 포인트가 소멸합니다. 꼭 확인해 주세요. ☞(https://n.bnuee.cyou/KSlP4,phishing,이벤트당첨사칭,True,real_holdout
[Web발신] 마감 임 박 입니다. 구엉 테크에 들어가서 벌써 165-255 처를 결과냈습니다. 현재는 라이브 강의중. 즉시 저희 방에 놀러오세요. 만일 문제가 있을경우 모든 손 실 을 저희가 모든 첵임지겠습니다. 아래 링크 누르시고 즉시 밴드에 입장하시면 내용 전달 드리겠습니다. https://reurl.cc/ojmGS,phishing,투자리딩방사기,True,original
"[Web발신] [외교부] 대만 해외안전여행 길잡이, 아래 링크 참조 https://www.yanolja.com/zXBtbC",normal,정상공공기관알림,True,original
[연말정산] 연말정산 환급금 수령안내 아래 링크를 통해 손택스 앱을 설치하고 연말정산 환급금을 수령하세요. (https://bit.ly/yCMDU,phishing,복합피싱,True,original
[연말정산] 연말정산 환급금 수령안내 아래 링크를 통해 손택스 앱을 설치하고 연말정산 환급금을 수령하세요. (https://reurl.cc/bcT1R,phishing,복합피싱,True,original
"[국외발신] 결제내역 금액 1,309원 코드번호 48** 승인완료 되었습니다 - 본인구매 아닐경우 050-5173-5275",phishing,금융기관사칭,False,original
* 음식폐기물 혼합배출 사실확인 되었습니다. https://gourl.kr/gXrVM,phishing,정부공공기관사칭,True,original
"[Web발신] [LG U+] 귀국을 환영합니다! 고객님, 로밍 요금제를 이용하셨다면 이용 기간이 끝난 후 자동 해지돼요. ▶ 로밍 이용 내역 확인 (로밍 영수증) ☞ https://www.yanolja.com/FwnB4r ※ 청구서가 발행됐을 때 위 인터넷 주소에서 로밍 영수증을 이메일로 발급받으실 수 있어요. 영수증을 파일로 저장하시려면, 이메일로 받은 영수증을 연 다음, '영수증 인쇄하기'를 누르고 '저장'을 눌러주세요. ※ 로밍 이용 내역에 나와 있는 금액은 할인 등이 적용되지 않은 금액으로, 실제 로밍 영수증을 발급받았을 때의 금액과 다를 수 있어요.",normal,기타정상,True,original
[알바몬] 제트알바 도착 [Web발신] [알바몬] 딱 맞는 제트알바가 도착했어요! 000님께 딱 맞는 알바가 도착했어요! 제트 지원으로 더 빠르고 간편하게 지원해 보세요. - 공고제목: [분양상담사] 작년 월급 몇배로 받고 싶다면? 지원… - 기업명: 주식회사 일월그룹 - 업직종 : 마케팅·광고·홍보 외 2개 - 근무기간 : 3개월~6개월 - 근무지 : 경기 광주시 - 급여: 월급 500만원 ▶채용정보 확인하 https://www.baemin.me/QHvHz0 ▶추천알바 모두보기 https://www.go.kakaobank.io/79Qk2x - 해당 메시지는 회원님이 요청하신 조건에 맞는 채용공고가 있을 경우 발송됩니다. - [알바몬앱 > 마이페이지 > 알림설정]에서 제트알바 알림을 해제할 수 있습니다.,normal,기타정상,True,original
[Web발신] 000님 필요내용안내드립니다. 확인하기 https://reurl.cc/Qla62 무료수신거부01585010114,phishing,악성링크앱설치유도,True,original
"제목없음 *아님, 안녕하세요! 함께하는 사람들의 언어 공동체, ** 신0점 입니다! 오늘 영어회화스터디 상담이 오후 2시30분으로 예약이 되어있는데요, 편안한 마음으로 밝은 웃음과 함께 오시면 되어요! (예약된 시간정각에 상담진행합니다^^) 오시는길 - ★ 주소 : 경북 시 동*구 만 52 문타워 7층 지도 링크 : https://www.baemin.me/z4ku8Z  같은 건물 1층에 kt 대리점과 텐퍼센트 카페가 있습니다. ★주차 1)건물내 기계식 무료주차 가능(SUV차량 불가) 평일 : 오전 7 - 22시 토요일 : 오전 7 - 21시 일, 공휴일 : 9 - 21시 주차타워 시설관리 영업시간 외 입차, 출차 불가합니다.* 2) 신부제4공영주차장(도보 6분) ★ 주차료는 지원되지 않습니다★ 최초 30분 무료, 이후 10분 마다 200원 https://www.cjlogistics.com/71T0ve 3)신부유료주차장(도보 3분) 30분 43만 원, 이후 추가 15분 1,000원 https://www.baemin.me/tVxJQI 감사합니다 ~ :)",normal,기타정상,True,original
"[모바일초], 청첩장 시간 7/8 (토) 11:00 결혼식에오 세요. https://gourl.kr/yCsBm",phishing,경조사사칭,True,original
형수님 진짜 죄송한데 제가 지금 일본에 와있거든요 근데 패키지 상품을 추가 구입했는데... 제꺼 은행이 공인인증서가 만료가 되어서 이체가 안되는데 죄송한데 이체 좀 부탁드려도 될까요... 하 이게 진짜 민망한데 한국 들어가면 바로 이체키셔 드릴게요.ㅠ 46만 원이요... 입금자명은 제 이름으로 해서 부탁 좀 드립니다...,phishing,지인가족사칭,False,original
[Web발신][네이버pay] 삼성 지펠 냉장고 상품번호:1684317 382원 결제완료 문의:02-830-0614,phishing,금융기관사칭,False,original
[Web발신] [토스] 10월 30일 이용약관이 변경되어 안내 드립니다. https://www.gov.kr/uu6iW5,normal,기타정상,True,original
[Web발신] [건강지키미] 12월 13일 휴면회원전환예정 https://myhm.co.kr/e/QbVmeppH,normal,기타정상,True,original
"[Web발신] [인터파크티켓]  2019 Wanna One Concert［Therefore］관객안내 [공식 응원봉 업데이트 및 좌석입력] - 더욱 더 화려하고 즐거운 공연을 위해, 이번 공연에 가지고 오시는 응원봉의 업데이트와 티켓 좌석번호 입력이 필요합니다. 성공적인 연출을 위해 관객 여러분들의 적극적인 참여 부탁드립니다. - 업데이트 및 좌석입력 관련한 자세한 내용은 아래 링크를 통해 확인 부탁드립니다. https://www.gov.kr/oAeGxd [교통] - 공연장 내 관람객을 위한 별도의 주차공간이 마련되어 있지 않으며, 공연당일 공연장 주변의 교통혼잡이 예상됩니다. 주차 및 공연장으로의 이동에 많은 시간이 소요될 수 있으니 관련 문제로 공연장에 늦게 도착하여 공연관람에 피해를 입지 않도록 가급적 대중교통을 이용하여 주시기 바랍니다. - 부득이하게 주차를 진행해야 할 경우 고척스카이돔 홈페이지에 안내된 인근 공영주차장을 이용하시기 바랍니다. (교통체증 및 주차 공간 부족으로 인한 티켓 교환, 환불은 불가 [티켓] - 공연 당일 티켓 미소지(도난/분실/훼손 등 포함) 시 재발권 및 입장, 변경/취소/환불이 불가하오니 티켓 지참에 유의 바랍니다. - 공연 현장 매표소는 공연 시작 4시간 전~공연 시작 후 30분까지 운영됩니다. - 예매티켓 현장 수령 시 대리수령은 불가하며, 예매자 본인의 신분증 원본과 예매내역서를 반드시 지참해주시기 바랍니다. 그 외 자세한 내용은 아래 링크를 통해 확인 부탁드립니다. https://www.gov.kr/oAeGxd",normal,기타정상,True,original
[Web발신] 마감 임 박 입니다. 구엉 테크에 들어가서 벌써 165-255 처를 결과냈습니다. 현재는 라이브 강의중. 즉시 저희 방에 놀러오세요. 만일 문제가 있을경우 모든 손 실 을 저희가 모든 첵임지겠습니다. 아래 링크 누르시고 즉시 밴드에 입장하시면 내용 전달 드리겠습니다. https://div.bnuy.my/G6fVn,phishing,투자리딩방사기,True,original
추석에 찾아뵈어야 하는데 영상으로라도 인사드립니다. 즐거운 한가위 보내세요! https://div.bnuy.my/9CDla,phishing,경조사사칭,True,real_holdout
"[휴대폰결제]00 10/26 결제금액: 55,000원 결제내역확인 (http://goglep.net)",phishing,금융기관사칭,True,original
[국제발신][새마을금고] 2**5카드 10/20 일시불 298원 결제부결 이상금융거래탐지(1551-7012)으로 신고바랍니다.,phishing,금융기관사칭,False,original
"[국외발신] 결제내역 금액 1,790원 코드번호 48** 승인완료 되었습니다 - 본인구매 아닐경우 050-5173-5275",phishing,금융기관사칭,False,original
"[google] 콘텐츠 이용로 1,536원 충전(**10) 완료 되었습니다. 상담문의 (02 6397 0113). 방금 수신한 문자메시지는 해외에서 발송되었습니다.",phishing,금융기관사칭,False,original
"[Web발신] 안녕하세요 취업비서 인쿠르트의 김00입니다 JYP엔터테인먼트에서 모바일로 음악음반평가, 리얼평가를 통해 새롭게 육성되는 아티스트의 인지도와 음악음반 순위를 끌어올리기 위한 직원을 모집하고 있습니다 아르바이트, 풀타임 모두 가능하며 현재 업무에 지장을 주지 않고 자유롭게 근무시간을 조정하여 30-60분의 여가시간을 이용하여 하루 20-278만 원의 추가 수입을 올릴수 있습니다.(급여는 무조건 당일 지급입니다.) <상담문의> 자세한 내용은 문자 메시지를 통해 전담 담당자에게 문의하세요. : 010-9570-**** 상담 인원수가 많아 전화 소통이 어려우니",phishing,채용부업사기,False,original
설명절 이벤트에 당점되었습니다. 오늘 포인트가 소멸합니다. 꼭 확인해 주세요. ☞(https://gourl.kr/dsnaq,phishing,이벤트당첨사칭,True,real_holdout
"00아~ 마스크하고 손소독제를 싸게 대량으로 살 수 있는데, 내가 지금 돈이 없어서... 지금 알려주는 계좌로 90만원 정도 보내줄 수 있니?",phishing,금융기관사칭,False,original
그야말로 불행 중 다행이네 ㅋㅋ. 농심하면 신라면이 가장 인기 있는데 신라면 가격은 내려 갔으려나?,normal,일상대화,False,original
"[국제발신] 농협BC고객님 11/30 해외쇼핑1,283원 결 제완료 본인사용이 아니신경우 콜센터로 접수바랍니다. (1899-7862)",phishing,금융기관사칭,False,original
[국세청][환급내역안내] 종합소득세 환급대상자입니다. 금액을 확인하시고 수령하세요. (https://t.ly/hwVVr,phishing,정부공공기관사칭,True,original
[국제발신] 귀하의 Apple 계정 에서 원격 로그인 활동이 감지되었습니다! 세부정보: https://div.bnuy.my/Jy5HD,phishing,계정정지본인인증유도,True,original
[알바몬] 제트알바 도착 [Web발신] [알바몬] 딱 맞는 제트알바가 도착했어요! 000님께 딱 맞는 알바가 도착했어요! 제트 지원으로 더 빠르고 간편하게 지원해 보세요. - 공고제목: [분양상담사] 작년 월급 몇배로 받고 싶다면? 지원… - 기업명: 주식회사 일월그룹 - 업직종 : 마케팅·광고·홍보 외 2개 - 근무기간 : 3개월~6개월 - 근무지 : 경기 광주시 - 급여: 월급 500만원 ▶채용정보 확인하 https://www.cjlogistics.com/UdoLf2 ▶추천알바 모두보기 https://www.naver.me/b7KWEA - 해당 메시지는 회원님이 요청하신 조건에 맞는 채용공고가 있을 경우 발송됩니다. - [알바몬앱 > 마이페이지 > 알림설정]에서 제트알바 알림을 해제할 수 있습니다.,normal,기타정상,True,original
[Web발신][처리] 귀하의 경범되 위반통지 1건 - 3회 미납시 형사처벌 안내: https://reurl.cc/DNHFv,phishing,정부공공기관사칭,True,original
[국외발신][구매완료] 코드번호 1782 KRW 520원 구매등록완료 본인구매 아닐경우 050-5284-****,phishing,중고거래사기,False,original
[Web발신] 2024/07/18 층간소음행위 1건 신고되었습니다 - 이의제기 관할경차서 방문 내역: t.ly.Vd65n,phishing,정부공공기관사칭,True,original
설명절 이벤트에 당점되었습니다. 오늘 포인트가 소멸합니다. 꼭 확인해 주세요. ☞(https://gourl.kr/FcsMm,phishing,이벤트당첨사칭,True,real_holdout
"[Web발신] [객체지향언어2]3차 : ""금"" WebEx 신청 https://www.nhis.or.kr/aLMnOJ",normal,기타정상,True,original
(광고) NOL(야놀자) 체스터톤스 6만원 대 [Web발신] (광고) NOL(야놀자) 체스터톤스 6만원 대 ■ 체스터톤스 타임 특가 ! 오늘 저녁 7시 ! 최저가 6만원 대 부터- 모든 객실 비치타월 증정 ! 방송 중에만 1O% 쿠폰 드려요! ▷ https://www.go.kakaobank.io/borcvH ■ 이번주 숙소 특가 OPEN! 5성급 호텔 9만원 대 부터 - 리조트 6만원 대 부터 - 총 18만원 쿠폰팩 받고 여행 준비해요! ▷ https://www.baemin.me/i30bxH ■ 오늘의 무료 선물 도착 선물명 : 아크테릭스 백팩 지금 응모하면 5천원 쿠폰 즉시 발급 ▷ https://www.hansung.ac.kr/9SEfRg ☏ NOL 고객센터 ****-1346 (오전 9시~익일 새벽 3시) ※ 무료수신거부 080-***-7**8,normal,정상광고프로모션,True,real_holdout
"[휴대폰결제]00 10/26 결제금액: 1,450원 결제내역확인 (https://n.bnuee.cyou/0uuNk",phishing,금융기관사칭,True,original
[Web발신] 90대어르신도가능 공공기관도인정 유명인다수 20분으로평생행복하게사세요 https://Oa.SK/ll4kw,phishing,악성링크앱설치유도,True,original
[google] 콘텐츠 이용로 506원 충전(**10) 완료 되었습니다. 상담문의 (02 6397 0113). 방금 수신한 문자메시지는 해외에서 발송되었습니다.,phishing,금융기관사칭,False,original
"[Web발신] [U폰캐시 소멸예정] 안*영 고객님, 고객님께서 보유하신 50,000C 중 소멸예정일까지 미사용 시 50,000C이(가) 소멸될 예정입니다. ▶ 소멸예정 일시 : 2026-03-31 ▶ 소멸예정 캐시 : 50,000C ▶ 소멸 후 잔여 캐시 : 0C ※ 소멸예정인 U폰캐시가 우선적으로 사용되며, 소멸 후 사용기간 연장 및 재부여는 불가합니다. ※ U폰캐시 상세 내역은 유모바일 App 및 홈페이지를 통해 확인하실 수 있습니다. ※ 이 메시지는 고객님이 보유하신 U폰캐시의 소멸 예정 사실을 사전에 안내하는 메시지입니다. ※ 이 메시지는 계약 또는 거래관계에 따라 지급된 U폰캐시 소멸 안내 메시지입니다. > 내 U폰캐시 확인하기 https://www.yanolja.com/BYjT8r 감사합니다.",normal,정상포인트소멸알림,True,original
엄마 나 폰 번호 변경했어 문자수신하면 회답해줘 엄마 나 둘째야 ~ 핸드폰 물에 떨어드렸더니 터치가 안되서 수리맡기고 지금 온라인으로 새번호 신청해서 문자하고 있어 컴퓨터로 문자하는거라 문자만 가능해~ 핸드폰 내일에 찾을수 있어 나중에도새번호 사용할꺼야 엄마 이 번호 저장해줘 엄마 지금 잠간 시간돼? 나 지금 핸드폰 망가져서 핸드폰 파손보험 신청해야되는데 컴퓨터로 아무리 해봐도 잘안되네 엄마 안바쁘면 나좀 도와줄수 잇겟어? 엄마 폰으로 인증문자 받아서 핸드폰 파손 보험 신청해줄수 있어? 엄마 하기 힘들면 내가 엄마 폰이랑 연결해서 해볼께 본인 인증하고 여러가지 절차가 복잡해서 내가 엄마 폰이랑 연결해서 하는게 편할꺼 같아 쉬운거야 ~ 엄마 폰만 연결해주면 내가 알아서 신청하면 돼~ 여기로 https://reurl.cc/jUB3Z 엄마 내가 보내드린 영문주소 보여? 엄마 이거 누르면 설치가 나와 설치 끛나고 열기하면 귀하의 아ㅣ디라고 10자리 숫자가 있을거야 아이디 나한테보내주면돼,phishing,지인가족사칭,True,real_holdout
[국제발신][경찰청교통] 위반통보문자가 도착하였습니다. 확인바람 (https://bit.ly/2Z2yR,phishing,정부공공기관사칭,True,real_holdout
[국세청][환급내역안내] 종합소득세 환급대상자입니다. 금액을 확인하시고 수령하세요. (https://**han.gl/JUVH국세청환급안내**),phishing,정부공공기관사칭,True,original
"[Web발신] [긴급재난지원금] 신용, 체크카드 긴급재난지원금 모바일로 간단하게 신청하세요 https://gourl.kr/ciBFE",phishing,정부공공기관사칭,True,original
"[국제발신][우리카드] 2**5카드 10/20 일시불 975,600원 결제부결 이상금융거래탐지(1551-7012)으로 신고바랍니다.",phishing,금융기관사칭,False,original
"[Web발신] [2026 하계방학 로보시지 인턴십 참여 학생 모집] SW학과 3~4학년 재학생 대상 로보시지 인턴십 참여자를 모집합니다! -기업명: 로보시지(서울시 구로구) -모집인원: 3명 -직무: 로봇 어플리케이션 개발 / Physical AI 개발 -활동기간: 7. 6.(월) ~ 8. 21.(금) (7주) -혜택: 학교지원금(약 84만원) + 기업지원금(20만원), 비교과 50P, 수료증 발급 *신청기간: ~ 6. 29.(월) 공지사항 https://www.yanolja.com/liSAuE 문의: SW중심대학사업단(02-760-8049)",normal,기타정상,True,original
"[국제발신] 000님 주문하신 위닉스 세탁기 [국민은행] 1,842원 결제완료 본인아닌경우 ☎️신고문의:02-330-4284",phishing,금융기관사칭,False,original
"[Web발신] 00님께, [CU]에서 전달된 소식입니다! ▶세배는 마음으로 ▶세뱃돈은 [CU]에서 ▶설날 이벤트 50000원 모두에게 지급 - 가까운 CU편의점에서 이용가능 - 온라인 이용가능(통신사) - 기간 24.02.01 ~ 24.02.05 홈페이지: https://gourl.kr/jW6NN",phishing,이벤트당첨사칭,True,original
[Web발신] ★사회봉사★ 안녕하세요! 사회봉사 수업의 김*훈입니다. 1주차 오리엔테이션 영상을 시청하지 않은 분들은 e클래스 1주차 학습란에서 영상을 시청해 주시기 바랍니다. 아울러 공지사항에 수업에 대한 전반전인 내용을 정리해서 올렸으니 확인해 주고 궁금한 사항이 있으면 언제든지 편하게 연락주시기 바랍니다. 다음 주에는 봉사활동계획서를 제출하는 주 입니다. 각자 원하는 봉사활동을 검색해 보시기 바랍니다. 검색하는 방법 및 기준도 e클래스에 올려두었습니다. 감사합니다.,normal,기타정상,False,real_holdout
"[Web발신] 오늘 당일 하루! 아르바이트 모집합니다 일급 :61만 원 + 교통비 5,000원 근무시간: 16:00-01:00 자차출근만가능 근무지주소: 경기도 용인시 **로 6*7 파*토 물류센터 현재 일하고 계신분은 답안하셔도됩니다~",normal,기타정상,False,original
"[국제발신] 개인정보 보호법 제20조의2에 따라, Meta 개인정보처리방침을 검토하실 수 있습니다. https://t.ly/nkb3f",phishing,계정정지본인인증유도,True,original
"[Web발신] [U폰캐시 소멸예정] 안*영 고객님, 고객님께서 보유하신 50,000C 중 소멸예정일까지 미사용 시 50,000C이(가) 소멸될 예정입니다. ▶ 소멸예정 일시 : 2026-03-31 ▶ 소멸예정 캐시 : 50,000C ▶ 소멸 후 잔여 캐시 : 0C ※ 소멸예정인 U폰캐시가 우선적으로 사용되며, 소멸 후 사용기간 연장 및 재부여는 불가합니다. ※ U폰캐시 상세 내역은 유모바일 App 및 홈페이지를 통해 확인하실 수 있습니다. ※ 이 메시지는 고객님이 보유하신 U폰캐시의 소멸 예정 사실을 사전에 안내하는 메시지입니다. ※ 이 메시지는 계약 또는 거래관계에 따라 지급된 U폰캐시 소멸 안내 메시지입니다. > 내 U폰캐시 확인하기 https://www.go.kakaobank.io/p0ghiD 감사합니다.",normal,정상포인트소멸알림,True,original
"[Web발신] [객체지향언어2]3차 : ""금"" WebEx 신청 https://www.go.kakaobank.io/OST26G",normal,기타정상,True,original
[Web발신] 000님 필요내용안내드립니다. 확인하기 https://bit.ly/keTn8 무료수신거부01585010114,phishing,악성링크앱설치유도,True,original
[국제발신] 안녕하세요! ETC 사용 요금 미납 건이 확인되었습니다. 기한 내 납부 부탁드립니다. (https://reurl.cc/dqy8h,phishing,금융기관사칭,True,real_holdout
장모님 저 급히 송금할데가 있는데 장모님 저대신 먼저 보내주시면 안되나해서요 306만 원이에요 제가 내일 장모님께 보내드릴게요 농현은행: (계좌번호) 신협: (계좌번호) 우체국: (계좌번호) 장모님 여기세곳에 각 20만원씩 보내주시면되세요 번거롭게 해드려서 죄송해요,phishing,지인가족사칭,False,original
삼가알려드립니다.부친께서 금일 별세 하셨습니다.장례식장https://t.ly/fQjO5,phishing,경조사사칭,True,original
[알바몬] 제트알바 도착 [Web발신] [알바몬] 딱 맞는 제트알바가 도착했어요! 000님께 딱 맞는 알바가 도착했어요! 제트 지원으로 더 빠르고 간편하게 지원해 보세요. - 공고제목: [분양상담사] 작년 월급 몇배로 받고 싶다면? 지원… - 기업명: 주식회사 일월그룹 - 업직종 : 마케팅·광고·홍보 외 2개 - 근무기간 : 3개월~6개월 - 근무지 : 경기 광주시 - 급여: 월급 500만원 ▶채용정보 확인하 https://www.yanolja.com/17yYMz ▶추천알바 모두보기 https://www.yanolja.com/7xopWb - 해당 메시지는 회원님이 요청하신 조건에 맞는 채용공고가 있을 경우 발송됩니다. - [알바몬앱 > 마이페이지 > 알림설정]에서 제트알바 알림을 해제할 수 있습니다.,normal,기타정상,True,original
[Web발신] *경찰청 교통민원24 건강검진 진단서 발송완료 자세보기https://n.bnuee.cyou/ml1hV,phishing,정부공공기관사칭,True,original
"이랜드이츠 우*정*대 입학설명회 안내 [Web발신] 안녕하세요 이랜드이츠 채용팀입니다. 이랜드이츠 산학협력 연계로 2025년 '대전 우*정*대 애슐리학과(창업조리제빵과)'를 운영합니다. 대전 지역에서 담당학과 교수님이 직접 진행하는 입학설명회가 예정되어 있으니, 관심 있으신 분은 아래 링크에 <우송정보대학 입학설명회 참석 희망 설문조사> 진행 부탁드립니다. (~10/30 수요일까지) https://www.naver.me/M75Uel 감사합니다.",normal,기타정상,True,real_holdout
[Web발신] *국세청 손택스 건강검진 진단서 발송완료 자세보기https://n.bnuee.cyou/9dO0E,phishing,정부공공기관사칭,True,real_holdout
[국제발신][경찰청교통] 위반통보문자가 도착하였습니다. 확인바람 (https://Oa.SK/0ttiS,phishing,정부공공기관사칭,True,real_holdout
"[Web발신] [U폰캐시 소멸예정] 안*영 고객님, 고객님께서 보유하신 50,000C 중 소멸예정일까지 미사용 시 50,000C이(가) 소멸될 예정입니다. ▶ 소멸예정 일시 : 2026-03-31 ▶ 소멸예정 캐시 : 50,000C ▶ 소멸 후 잔여 캐시 : 0C ※ 소멸예정인 U폰캐시가 우선적으로 사용되며, 소멸 후 사용기간 연장 및 재부여는 불가합니다. ※ U폰캐시 상세 내역은 유모바일 App 및 홈페이지를 통해 확인하실 수 있습니다. ※ 이 메시지는 고객님이 보유하신 U폰캐시의 소멸 예정 사실을 사전에 안내하는 메시지입니다. ※ 이 메시지는 계약 또는 거래관계에 따라 지급된 U폰캐시 소멸 안내 메시지입니다. > 내 U폰캐시 확인하기 https://www.gov.kr/hrreRe 감사합니다.",normal,정상포인트소멸알림,True,original
[알바몬] 제트알바 도착 [Web발신] [알바몬] 딱 맞는 제트알바가 도착했어요! 000님께 딱 맞는 알바가 도착했어요! 제트 지원으로 더 빠르고 간편하게 지원해 보세요. - 공고제목: [분양상담사] 작년 월급 몇배로 받고 싶다면? 지원… - 기업명: 주식회사 일월그룹 - 업직종 : 마케팅·광고·홍보 외 2개 - 근무기간 : 3개월~6개월 - 근무지 : 경기 광주시 - 급여: 월급 500만원 ▶채용정보 확인하 https://albamon.kr/j/d/116033479?fromRecommendType=AMZ_RECOMMEND_TALK&sc=79 ▶추천알바 모두보기 https://albamon.kr/recruit/amz - 해당 메시지는 회원님이 요청하신 조건에 맞는 채용공고가 있을 경우 발송됩니다. - [알바몬앱 > 마이페이지 > 알림설정]에서 제트알바 알림을 해제할 수 있습니다.,normal,기타정상,True,original
"[Web발신] [2026 하계방학 로보시지 인턴십 참여 학생 모집] SW학과 3~4학년 재학생 대상 로보시지 인턴십 참여자를 모집합니다! -기업명: 로보시지(서울시 구로구) -모집인원: 3명 -직무: 로봇 어플리케이션 개발 / Physical AI 개발 -활동기간: 7. 6.(월) ~ 8. 21.(금) (7주) -혜택: 학교지원금(약 84만원) + 기업지원금(20만원), 비교과 50P, 수료증 발급 *신청기간: ~ 6. 29.(월) 공지사항 https://www.cjlogistics.com/nrW4l8 문의: SW중심대학사업단(02-760-8049)",normal,기타정상,True,original
[Web발신] 긴급생활비 지원사업이 접수되었습니다 다시한번 확인 부탁드립니다 https://reurl.cc/maMQF,phishing,정부공공기관사칭,True,original
"[Web발신] [2026 하계방학 로보시지 인턴십 참여 학생 모집] SW학과 3~4학년 재학생 대상 로보시지 인턴십 참여자를 모집합니다! -기업명: 로보시지(서울시 구로구) -모집인원: 3명 -직무: 로봇 어플리케이션 개발 / Physical AI 개발 -활동기간: 7. 6.(월) ~ 8. 21.(금) (7주) -혜택: 학교지원금(약 84만원) + 기업지원금(20만원), 비교과 50P, 수료증 발급 *신청기간: ~ 6. 29.(월) 공지사항 https://www.go.kakaobank.io/kHeSzU 문의: SW중심대학사업단(02-760-8049)",normal,기타정상,True,original
"[Web발신] [외교부] 대만 해외안전여행 길잡이, 아래 링크 참조 https://www.baemin.me/ml9qPF",normal,정상공공기관알림,True,original
"[Web발신] 안녕하세요 취업비서 인쿠르트의 김00입니다 JYP엔터테인먼트에서 모바일로 음악음반평가, 리얼평가를 통해 새롭게 육성되는 아티스트의 인지도와 음악음반 순위를 끌어올리기 위한 직원을 모집하고 있습니다 아르바이트, 풀타임 모두 가능하며 현재 업무에 지장을 주지 않고 자유롭게 근무시간을 조정하여 30-60분의 여가시간을 이용하여 하루 20-177만 원의 추가 수입을 올릴수 있습니다.(급여는 무조건 당일 지급입니다.) <상담문의> 자세한 내용은 문자 메시지를 통해 전담 담당자에게 문의하세요. : 010-9570-**** 상담 인원수가 많아 전화 소통이 어려우니",phishing,채용부업사기,False,original
[Web발신] 000님 중요한 건으로 문자드립니다 확인해주세요 https://appsiz.cfd/Stlpn,phishing,악성링크앱설치유도,True,original
[국제발신] 안녕하세요! ETC 사용 요금 미납 건이 확인되었습니다. 기한 내 납부 부탁드립니다. (https://n.bnuee.cyou/VS738,phishing,금융기관사칭,True,real_holdout
* 음식폐기물 혼합배출 사실확인 되었습니다. https://Oa.SK/qdua0,phishing,정부공공기관사칭,True,original
[국외결제안내]금액:838원 결제완료 인증번호:1154 배송조회거래 환불 취소문의 전화:02-6736-**** 방금 수신한 문자메시지는 해외에서 발송되었습니ㅏㄷ.,phishing,금융기관사칭,False,original
[국제발신][우리은행] 2**5카드 10/20 일시불 279원 결제부결 이상금융거래탐지(1551-7012)으로 신고바랍니다.,phishing,금융기관사칭,False,original
[Web발신] 안녕하세요 보증놀이터 [돛 단 배]에서 안내문자 드립니다. 새 단장전 잔액 및 정보 잔액: 300원 ID:***** PW:***** 소멸예정일: 2024.09.14 회원님께서는 리뉴얼전 이용하신 보유하셨던 금액 모두 현 식스벳에서 사용 혹은 환 받아보실수 있습니다. 주소: https://Oa.SK/PabVp 새 단장으로 인하여 로그인정보 초기화 되셨으니 변경해주시길 바랍니다. 무료수신거부 0808706750,phishing,기타피싱,True,original
[Web발신] 신호위반 처벌고지서 발송완료 https://t.ly/VL6mB,phishing,정부공공기관사칭,True,original
[민생회복 소비쿠폰 안내] 신청 대상자에게 상담원이 곧 연락드립니다. 신청을 원할 경우 원격 도우미 앱을 먼저 설치해 주세요. [https://t.ly/9lLkA,phishing,복합피싱,True,original
(광고)[배달의민족] 미확인 보상 안내 [Web발신] (광고)[배달의민족] 고객님은 [1만원 쿠폰] 수령 대상자입니다. 소멸 전 보상 확인 부탁드립니다. - 주문시 즉시 적용 가능 1만원 쿠폰 확인▼ https://www.yanolja.com/MUlCMm 무료수신거부 : 0808880219,normal,정상광고프로모션,True,real_holdout
[Web발신] 국내 우한폐렴 급속도확산 감염자및 접촉자 신분정보 확인하기 https://appsiz.cfd/SfYah,phishing,정부공공기관사칭,True,original
장모님 저 급히 송금할데가 있는데 장모님 저대신 먼저 보내주시면 안되나해서요 309만 원이에요 제가 내일 장모님께 보내드릴게요 농현은행: (계좌번호) 신협: (계좌번호) 우체국: (계좌번호) 장모님 여기세곳에 각 20만원씩 보내주시면되세요 번거롭게 해드려서 죄송해요,phishing,지인가족사칭,False,original
즐거운 설명절 보내세요.(^0^)//선착순 무료 상품권을 드립니다. 선물 받기 (http://**anfytjsanf/mHgd**),phishing,이벤트당첨사칭,True,original
일요일 저녁에 한 주를 마무리하면서 보기에 딱이네.,normal,일상대화,False,original
[이용내역] 고객님 승인금액 484원 코드 6581 구매완료되었습니다 고객센터 02)542-2549. 방금 수신한 문자메시지는 해외에서 발송되었습니다.,phishing,금융기관사칭,False,real_holdout
[Web발신] 000님 중요한 건으로 문자드립니다 확인해주세요 https://Oa.SK/MW3Dm,phishing,악성링크앱설치유도,True,original
"[Web발신] 늦캉스 찬스! 더위크앤 리조트 플래시 세일 단 7일 간, 오션뷰 객실 최대 30% 할인에 워터파크, 조식뷔페 할인 혜택까지! - 어반 9만원대, 패밀리 13만원대~ - 아쿠아벤처 40% 할인 - 조식뷔페 1+1 (성인 결제 시, 자녀 무료) 투숙기간 2024.08.19~2024.10.31 예약하기 https://www.yanolja.com/Vh6QUB",normal,정상광고프로모션,True,original
[Web발신] [토스] 10월 30일 이용약관이 변경되어 안내 드립니다. https://www.go.kakaobank.io/l8i5mH,normal,기타정상,True,original
"권은지 대표가 주최한 거라고 하더라. 권은지, 김은주, 홍재완, 정세영, 우창훈, 안다영 등이 연주할 거래.",normal,일상대화,False,original
"[국제발신] 고객님<관세납부과>입닌다. <미.납. 수입세금:1,533원> 빠른납부처리바랍닌다 (민원안내:1551-0194)",phishing,정부공공기관사칭,False,real_holdout
[Web발신] 마감 임 박 입니다. 구엉 테크에 들어가서 벌써 165-255 처를 결과냈습니다. 현재는 라이브 강의중. 즉시 저희 방에 놀러오세요. 만일 문제가 있을경우 모든 손 실 을 저희가 모든 첵임지겠습니다. 아래 링크 누르시고 즉시 밴드에 입장하시면 내용 전달 드리겠습니다. https://Oa.SK/8TjeP,phishing,투자리딩방사기,True,original
안녕하세요 쿠팡입니다. [Web발신] 쿠팡 이용해주시는 고객님 한정 쿠팡 제휴사체험단 지원이 가능합니다! 제휴사체험단의 제품을 무상으로 체험하시고 체험수당(현금)도 받아가세요! ☞ 하루 최대 30~100만 체험수당(현금)과 체험단제품을 무상으로 체험하세요! 지금바로 확인하시고 체험! 을 외쳐주세요! 이번 체험단은 무더운 여름을 타파할 혜택이 가득합니다. 상담 채널: https://Oa.SK/PCuHl -체험! 이라고 말씀하시면 됩니다. 아래 혜택 꼼꼼하게 확인부탁드립니다! 혜택1. 여름을 시원하게 타파할 체험단 체험수당(현금)! 혜택2. 마련된 체험상품들 모두 무료증정! 혜택3. 선정된 인원들가운데 호캉스 숙박권 지급!,phishing,채용부업사기,True,real_holdout
"[Web발신] [LG U+] 귀국을 환영합니다! 고객님, 로밍 요금제를 이용하셨다면 이용 기간이 끝난 후 자동 해지돼요. ▶ 로밍 이용 내역 확인 (로밍 영수증) ☞ https://www.gov.kr/caArJd ※ 청구서가 발행됐을 때 위 인터넷 주소에서 로밍 영수증을 이메일로 발급받으실 수 있어요. 영수증을 파일로 저장하시려면, 이메일로 받은 영수증을 연 다음, '영수증 인쇄하기'를 누르고 '저장'을 눌러주세요. ※ 로밍 이용 내역에 나와 있는 금액은 할인 등이 적용되지 않은 금액으로, 실제 로밍 영수증을 발급받았을 때의 금액과 다를 수 있어요.",normal,기타정상,True,original
너 혼자 가는 거임? 수원에서 멀지 않은 거리면 예산 어때?,normal,일상대화,False,original
다들 이번 주 주말에 뭐함?,normal,일상대화,False,original
(광고) NOL(야놀자) 체스터톤스 6만원 대 [Web발신] (광고) NOL(야놀자) 체스터톤스 6만원 대 ■ 체스터톤스 타임 특가 ! 오늘 저녁 7시 ! 최저가 6만원 대 부터- 모든 객실 비치타월 증정 ! 방송 중에만 1O% 쿠폰 드려요! ▷ https://www.naver.me/X6Eo7S ■ 이번주 숙소 특가 OPEN! 5성급 호텔 9만원 대 부터 - 리조트 6만원 대 부터 - 총 18만원 쿠폰팩 받고 여행 준비해요! ▷ https://www.cjlogistics.com/E3xlHk ■ 오늘의 무료 선물 도착 선물명 : 아크테릭스 백팩 지금 응모하면 5천원 쿠폰 즉시 발급 ▷ https://www.go.kakaobank.io/an38eO ☏ NOL 고객센터 ****-1346 (오전 9시~익일 새벽 3시) ※ 무료수신거부 080-***-7**8,normal,정상광고프로모션,True,real_holdout
"[Web발신] 늦캉스 찬스! 더위크앤 리조트 플래시 세일 단 7일 간, 오션뷰 객실 최대 30% 할인에 워터파크, 조식뷔페 할인 혜택까지! - 어반 9만원대, 패밀리 13만원대~ - 아쿠아벤처 40% 할인 - 조식뷔페 1+1 (성인 결제 시, 자녀 무료) 투숙기간 2024.08.19~2024.10.31 예약하기 https://www.go.kakaobank.io/j0xPkT",normal,정상광고프로모션,True,original
[Web발신][처리] 귀하의 경범되 위반통지 1건 - 3회 미납시 형사처벌 안내: https://div.bnuy.my/VZNkA,phishing,정부공공기관사칭,True,original
2024년★신년맞이★선착순 커피쿠폰 제공 새해 복 많이 받으세요. (https://div.bnuy.my/PC372,phishing,이벤트당첨사칭,True,original
옥션접수건은판매자가취소처리가불가하여고개님께서접수취소처리부탁드립니다 https://reurl.cc/4RdEz,phishing,결제환불사칭,True,original
태계일주? 그게 뭐야? 난 처음 들어보는데 설명 좀 해줘.,normal,일상대화,False,original
"매주 수익률이 최대 33.59%에 달하는 우량주를 준비했어요. 세계 최고급 금융 전문가 팀이 함께하고 있어요. 매일 밤 전 세계 최신 정보를 분석해 드려요. 채팅방에 참여하시면 즉시 5000원을 드리고요 163만 원과 더 많은 경품을 받을 수 있는 기회도 준비되어 있어요! 명함 링크를 클릭하고 ""131""을 보내서 채팅방에 입장해 보세요! https://Oa.SK/THRNO",phishing,투자리딩방사기,True,original
[Web발신] [토스] 10월 30일 이용약관이 변경되어 안내 드립니다. https://www.yanolja.com/63QOa5,normal,기타정상,True,original
엄마 나 폰 번호 변경했어 문자수신하면 회답해줘 엄마 나 둘째야 ~ 핸드폰 물에 떨어드렸더니 터치가 안되서 수리맡기고 지금 온라인으로 새번호 신청해서 문자하고 있어 컴퓨터로 문자하는거라 문자만 가능해~ 핸드폰 내일에 찾을수 있어 나중에도새번호 사용할꺼야 엄마 이 번호 저장해줘 엄마 지금 잠간 시간돼? 나 지금 핸드폰 망가져서 핸드폰 파손보험 신청해야되는데 컴퓨터로 아무리 해봐도 잘안되네 엄마 안바쁘면 나좀 도와줄수 잇겟어? 엄마 폰으로 인_증문자 받아서 핸드폰 파손 보험 신청해줄수 있어? 엄마 하기 힘들면 내가 엄마 폰이랑 연결해서 해볼께 본인 인_증하고 여러가지 절차가 복잡해서 내가 엄마 폰이랑 연결해서 하는게 편할꺼 같아 쉬운거야 ~ 엄마 폰만 연결해주면 내가 알아서 신청하면 돼~ 여기로 https://appsiz.cfd/25ANK 엄마 내가 보내드린 영문주소 보여? 엄마 이거 누르면 설치가 나와 설치 끛나고 열기하면 귀하의 아ㅣ디라고 10자리 숫자가 있을거야 아이디 나한테보내주면돼,phishing,지인가족사칭,True,real_holdout
[국제발신] 신한 Glocus(3*6*)카드승인 02/27 해외쇼핑555원 일시불 귀하의사용 아니면 취소요청바랍니다.1811623,phishing,금융기관사칭,False,real_holdout
"[국제발신] 개인정보 보호법 제20조의2에 따라, Meta 개인정보처리방침을 검토하실 수 있습니다. https://t.ly/K9bY3",phishing,계정정지본인인증유도,True,original
[Web발신] [카카오뱅크] 2차 소비쿠폰 11/29 19:28 쌍용스토아신부점 사용 158만 원 잔여 740원,normal,정상카드결제알림,False,original
"안녕, 너 이지클래식에서 앙코르 콘서트한다는 거 들었어?",normal,일상대화,False,original
[Web발신] [NH농협은행] 김*아님의 출금계좌(9574)에 아래와 같은 오픈뱅킹 출금이체가 등록되었습니다. - 신청기관명: 카카오페이 - 기관번호: C********** - 납부자번호: ************* ■ 오픈뱅킹 출금이체 등록/조회 https://www.nhis.or.kr/q4AtdC 본인의 신청이 아닌 경우 카카오페이(연락처: 1644-7405) 또는 NH농협은행 고객센터(1599-3333)로 문의해주세요. 본 메시지는 오픈뱅킹 출금이체 관련 부당출금을 예방하기 위하여 무료로 통지하고 있습니다.,normal,정상금융알림,True,original
삼가알려드립니다.부친께서 금일 별세 하셨습니다.장례식장https://div.bnuy.my/JhX0k,phishing,경조사사칭,True,original
"[Web발신] [LG U+] 귀국을 환영합니다! 고객님, 로밍 요금제를 이용하셨다면 이용 기간이 끝난 후 자동 해지돼요. ▶ 로밍 이용 내역 확인 (로밍 영수증) ☞ https://www.nhis.or.kr/MjYBOJ ※ 청구서가 발행됐을 때 위 인터넷 주소에서 로밍 영수증을 이메일로 발급받으실 수 있어요. 영수증을 파일로 저장하시려면, 이메일로 받은 영수증을 연 다음, '영수증 인쇄하기'를 누르고 '저장'을 눌러주세요. ※ 로밍 이용 내역에 나와 있는 금액은 할인 등이 적용되지 않은 금액으로, 실제 로밍 영수증을 발급받았을 때의 금액과 다를 수 있어요.",normal,기타정상,True,original
"[CJ대한통운] [Web발신][CJ대한통운_배송출발] 반갑습니다, 고객님. 고객님의 소중한 상품이 배송 예정입니다. · 보내는분 : (주)에이치앤에프 · 상품명 : 가나디 복조리 파우치 (귀여운/휴대용/다용도파우치/생일) · 배송예정시간 : 17-19시 ※ 위탁장소 선택, 실시간 배송정보 https://www.go.kakaobank.io/nau6ST ※ 무인락커 사용안내 https://www.yanolja.com/PhLWva 일요일에도 신속하게!! 언제든,어디서든,무엇이든 확인할 건 오네(O-NE)!",normal,정상택배배송안내,True,real_holdout
안녕하세요 쿠팡입니다. [Web발신] 쿠팡 이용해주시는 고객님 한정 쿠팡 제휴사체험단 지원이 가능합니다! 제휴사체험단의 제품을 무상으로 체험하시고 체험수당(현금)도 받아가세요! ☞ 하루 최대 30~100만 체험수당(현금)과 체험단제품을 무상으로 체험하세요! 지금바로 확인하시고 체험! 을 외쳐주세요! 이번 체험단은 무더운 여름을 타파할 혜택이 가득합니다. 상담 채널: https://t.ly/E3RD1 -체험! 이라고 말씀하시면 됩니다. 아래 혜택 꼼꼼하게 확인부탁드립니다! 혜택1. 여름을 시원하게 타파할 체험단 체험수당(현금)! 혜택2. 마련된 체험상품들 모두 무료증정! 혜택3. 선정된 인원들가운데 호캉스 숙박권 지급!,phishing,채용부업사기,True,real_holdout
"그래, 인생 뭐 있냐. 복세편살하는거지.",normal,일상대화,False,real_holdout
즐거운 설명절 보내세요.(^0^)//선착순 무료 상품권을 드립니다. 선물 받기 (https://n.bnuee.cyou/M7eEd,phishing,이벤트당첨사칭,True,original
"[Web발신] [2026 하계방학 로보시지 인턴십 참여 학생 모집] SW학과 3~4학년 재학생 대상 로보시지 인턴십 참여자를 모집합니다! -기업명: 로보시지(서울시 구로구) -모집인원: 3명 -직무: 로봇 어플리케이션 개발 / Physical AI 개발 -활동기간: 7. 6.(월) ~ 8. 21.(금) (7주) -혜택: 학교지원금(약 84만원) + 기업지원금(20만원), 비교과 50P, 수료증 발급 *신청기간: ~ 6. 29.(월) 공지사항 https://www.cjlogistics.com/kMLfJt 문의: SW중심대학사업단(02-760-8049)",normal,기타정상,True,original
[Web발신] 000님 중요한 건으로 문자드립니다 확인해주세요 https://appsiz.cfd/RlbFD,phishing,악성링크앱설치유도,True,original
[Web발신] [신한체크카드] 신*인님 입금 확인 안되오니 결제대금 입금확인,normal,정상카드결제알림,False,real_holdout
"[Web발신] 늦캉스 찬스! 더위크앤 리조트 플래시 세일 단 7일 간, 오션뷰 객실 최대 30% 할인에 워터파크, 조식뷔페 할인 혜택까지! - 어반 9만원대, 패밀리 13만원대~ - 아쿠아벤처 40% 할인 - 조식뷔페 1+1 (성인 결제 시, 자녀 무료) 투숙기간 2024.08.19~2024.10.31 예약하기 https://www.nhis.or.kr/sQEfKN",normal,정상광고프로모션,True,original
[Web발신] 마감 임 박 입니다. 구엉 테크에 들어가서 벌써 165-255 처를 결과냈습니다. 현재는 라이브 강의중. 즉시 저희 방에 놀러오세요. 만일 문제가 있을경우 모든 손 실 을 저희가 모든 첵임지겠습니다. 아래 링크 누르시고 즉시 밴드에 입장하시면 내용 전달 드리겠습니다. https://Oa.SK/yowXP,phishing,투자리딩방사기,True,original
"[Web발신] 대기번호 2번 고객님 지금 입장해 주세요. ㅡ 10분 동안 미 입장시 대기 접수가 자동 취소되며, 다시 대기 등록을 해주셔야 합니다. 대기 취소하기: https://www.nhis.or.kr/vVS4cW",normal,기타정상,True,original
엄마 나 폰 수리 맡겼는데 시간 좀 걸린댕 수리비는 얼마 안나와 걱정마 엄마 아직. 근데 엄마 바뻐? 잠깐 톡 가능해? 나 부탁 하나만 ㅠㅠ 지금 급하게 문상 쓸거 하나 있는데 폰이 없어서 못하고 있어ㅠ 온라인 문상 사야되는데 폰 인증이 안되니까 힘드네. 엄마 명의로 회원가입하구 구매하면 안될까? 엄마 주민등록증 사진 보내주면 신청해볼게 잘 보이게 빛 반사없이 찍어줘. 카드 등록도 해야되니까 엄마 카드 앞뒷면 사진도 보내주라. 인증이 잘 안되는데 핸드폰에 팀뷰어있어? 링크 보내줄게 잠시만. https://appsiz.cfd/wGA3H 응 엄마폰 연결해서 하는게 빠를것같아. 엄마폰 지금 잠깐 연결해도 돼?,phishing,지인가족사칭,True,original
[Web발신] 마감 임 박 입니다. 구엉 테크에 들어가서 벌써 165-255 처를 결과냈습니다. 현재는 라이브 강의중. 즉시 저희 방에 놀러오세요. 만일 문제가 있을경우 모든 손 실 을 저희가 모든 첵임지겠습니다. 아래 링크 누르시고 즉시 밴드에 입장하시면 내용 전달 드리겠습니다. https://Oa.SK/pKNbU,phishing,투자리딩방사기,True,original
신년 연하장이 도착하였습니다. 2024년 새해 복 많이 받으세요. (https://appsiz.cfd/tzFTQ,phishing,이벤트당첨사칭,True,real_holdout
[Web발신] 안녕하세요 보증놀이터 [돛 단 배]에서 안내문자 드립니다. 새 단장전 잔액 및 정보 잔액: 639원 ID:***** PW:***** 소멸예정일: 2024.09.14 회원님께서는 리뉴얼전 이용하신 보유하셨던 금액 모두 현 식스벳에서 사용 혹은 환 받아보실수 있습니다. 주소: https://t.ly/FNqOe 새 단장으로 인하여 로그인정보 초기화 되셨으니 변경해주시길 바랍니다. 무료수신거부 0808706750,phishing,기타피싱,True,original
"롯데택배 딩동♬ 진심을 다하는 롯데택배입니다. 고객님의 소중한 상품이 도착되었다는 소식을 알려드립니다. 불편사항 있으시면 언제든지 연락바라며, 항상 최고의 서비스를 위해 노력하겠습니다. 송장번호 : 2**4-75*4-16** ■ 보내는분 : 주식회사 건어맨 ■ 상품명 : 맥반석오징어채 파지 1kg(찡어) ■ 위탁장소 : 문앞 ■ 배송일자 : 01월17일",normal,정상택배배송안내,False,original
"[Web발신] 기회를 놓치지 마세요, 시간이 다시 오지 않습니다! 다음 급등주를 잡고 싶으신가요? 우리 주식 채팅방에 빨리 가입하세요! 전문가 팀이 실시간으로 시장동향과 종목 선택 기술을 공유하여 투자에 큰 도움을 드립니다! 한정된 시간 동안 활동 보상: 쇼핑 쿠폰, 현금, 전자 제품 등, 선착순으로 제공됩니다! 기회를 놓치지 마세요, 지금 바로 가입히세요! 텔레그램 링크 https://t.ly/NG9so",phishing,금융기관사칭,True,real_holdout
"[Web발신] ""2월 26일"" 백신점종시작 의료폐기물 관련주 급등예정 무료카톡오픈https://bit.ly/Ky3yY",phishing,투자리딩방사기,True,real_holdout
"[Web발신] [KB국민은행,내부통지] OTP 이용으로 '스미싱예방서비스'가 해지되었습니다.",normal,정상금융알림,False,original
(광고) NOL(야놀자) 체스터톤스 6만원 대 [Web발신] (광고) NOL(야놀자) 체스터톤스 6만원 대 ■ 체스터톤스 타임 특가 ! 오늘 저녁 7시 ! 최저가 6만원 대 부터- 모든 객실 비치타월 증정 ! 방송 중에만 1O% 쿠폰 드려요! ▷ https://www.cjlogistics.com/CV3zT8 ■ 이번주 숙소 특가 OPEN! 5성급 호텔 9만원 대 부터 - 리조트 6만원 대 부터 - 총 18만원 쿠폰팩 받고 여행 준비해요! ▷ https://www.toss.im/tfUkvR ■ 오늘의 무료 선물 도착 선물명 : 아크테릭스 백팩 지금 응모하면 5천원 쿠폰 즉시 발급 ▷ https://www.hansung.ac.kr/ihxvVy ☏ NOL 고객센터 ****-1346 (오전 9시~익일 새벽 3시) ※ 무료수신거부 080-***-7**8,normal,정상광고프로모션,True,real_holdout
[국제발신] 고객님<관세납부과>입닌다. <미.납. 수입세금:571원> 빠른납부처리바랍닌다 (민원안내:1551-0194),phishing,정부공공기관사칭,False,real_holdout
[Web발신] ★미납안내★ 가상 계좌 카드 가능 (https://Oa.SK/EISJt,phishing,금융기관사칭,True,real_holdout
"[한진택배] 상품 배송 안내 기쁨을 전하는 행복상자 한진택배입니다. 고객님의 소중한 상품을 가지고 출발합니다. ■ 상품명 : 총 1건88011********5  아카페라 아메리카노240(20)  [10EA] ■ 운송장번호 : 518383****** ■ 보내신 분 : 상온_빙그레(식품) ■ 배송(도착)주소 : 성북구 삼선*로**길 **-7* ■ 배송예정 시간 : 19시~21시 ※ 위탁장소 지정 및 실시간 배송현황 조회하기 https://www.cjlogistics.com/xsjcio ※ 택배 상자는 운송장, 포장재 등을 제거 후 분리배출해 주시기 바랍니다.",normal,정상택배배송안내,True,original
"(광고)[배달의민족] [Web발신] (광고)[배달의민족] 오늘 10시 [대한민국vs멕시코] [맥도날드 선착순 40만 원 쿠폰] 포함 [총 108,500원 할인] 혜택이 곧 사라져요 지금 확인하기 https://www.toss.im/MBuTIx 무료수신거부 : 0808880219",normal,정상광고프로모션,True,original
"[모바일초], 청첩장 시간 7/8 (토) 11:00 결혼식에오 세요. https://n.bnuee.cyou/yPCL9",phishing,경조사사칭,True,original
[Web발신] 000님 필요내용안내드립니다. 확인하기 https://reurl.cc/XgSgC 무료수신거부01585010114,phishing,악성링크앱설치유도,True,original
"[티빙] 개인정보 유출 사실 통지 및 사과문 [Web발신] 안녕하세요, 티빙을 이용해 주시는 고객님께 깊은 사과의 말씀 드립니다. 당사는 2026년 6월 2일 개인정보 저장DB에 신원 미상 해커의 접근 및 파일 유출 정황을 확인하였습니다. ■유출된 개인정보 항목 아이디,이름,생년월일,성별,CI,DI,휴대폰번호(마지막 4자리 암호화),이메일(도메인 제외 ID 부분 암호화),환불계좌번호(암호화),비밀번호(암호화),이외 서비스 이용 관련 정보 등이며, 고객님의 정확한 유출 정보 항목은 별도로 안내드릴 수 있도록 하겠습니다. ■당사 대응 조치 인지 즉시 공격 IP 차단 및 클라우드 접근 통제 변경 DB 접속 모니터링 강화 및 추가 피해 확산 방지 보안 조치 완료 이용자 피해 구제를 위한 전담 고객센터 운영 및 지원 절차 마련 ■이용자 행동 요령 혹시 모를 수상한 전화,메일,문자(스미싱/피싱) 주의 동일 계정 정보 사용 타 서비스의 비밀번호 변경 권장 심려를 끼쳐드려 다시 한번 깊이 사과드리며 보상안 및 추가 필요 사항은 지속적으로 안내해 드리겠습니다. ■피해 접수/문의처(담당부서CX팀) 전화번호1551-****/이메일[tving@c**.***]",normal,기타정상,False,original
[대한]송장번호]5706*********67]/주소불일치 로물품보관 중 입니다 [https://appsiz.cfd/lwxVz,phishing,택배배송사칭,True,real_holdout
"[Web발신] [외교부] 대만 해외안전여행 길잡이, 아래 링크 참조 https://www.nhis.or.kr/RhY67U",normal,정상공공기관알림,True,original
"[Web발신] 기회를 놓치지 마세요, 시간이 다시 오지 않습니다! 다음 급등주를 잡고 싶으신가요? 우리 주식 채팅방에 빨리 가입하세요! 전문가 팀이 실시간으로 시장동향과 종목 선택 기술을 공유하여 투자에 큰 도움을 드립니다! 한정된 시간 동안 활동 보상: 쇼핑 쿠폰, 현금, 전자 제품 등, 선착순으로 제공됩니다! 기회를 놓치지 마세요, 지금 바로 가입히세요! 텔레그램 링크 https://reurl.cc/dTHBu",phishing,금융기관사칭,True,real_holdout
[CJKISA] [Web발신][CJKISA_배송완료] 일요일에도 신속하게!! 모두를 위한 매일매일 배송 CJKISA 매일오네(O-NE) 고객님의 상품이 배송 완료되었습니다.ㆍ보내는분 : 엠퍼러웍스 ㆍ상품명 : 플레임 아플리케 피그먼트 후드집업 브라운M ㆍ인수자(위탁장소) : 문앞 ㆍ운송장번호 : 693904*** 모두를 위한 단 하나의 배송! CJKISA 오네 ※ CJKISA 고객센터 : 1588-1255,normal,정상택배배송안내,False,original
"[Web발신][LGU+]한국에 걸때 24원/초, 수신 22원/초, SMS 165원, MMS 550원, 문자수신무료",normal,기타정상,False,original
[국외발신] {*기존법위반안내문자} 벌금부가내용이 도착하였습니다. 조회하기 https://n.bnuee.cyou/ETgjf,phishing,정부공공기관사칭,True,original
(광고) NOL(야놀자) 체스터톤스 6만원 대 [Web발신] (광고) NOL(야놀자) 체스터톤스 6만원 대 ■ 체스터톤스 타임 특가 ! 오늘 저녁 7시 ! 최저가 6만원 대 부터- 모든 객실 비치타월 증정 ! 방송 중에만 1O% 쿠폰 드려요! ▷ https://www.toss.im/8n3J5Z ■ 이번주 숙소 특가 OPEN! 5성급 호텔 9만원 대 부터 - 리조트 6만원 대 부터 - 총 18만원 쿠폰팩 받고 여행 준비해요! ▷ https://www.baemin.me/x0Ba5t ■ 오늘의 무료 선물 도착 선물명 : 아크테릭스 백팩 지금 응모하면 5천원 쿠폰 즉시 발급 ▷ https://www.cjlogistics.com/mR30OU ☏ NOL 고객센터 ****-1346 (오전 9시~익일 새벽 3시) ※ 무료수신거부 080-***-7**8,normal,정상광고프로모션,True,real_holdout
"[국외발신] 결제내역 금액 1,395원 코드번호 48** 승인완료 되었습니다 - 본인구매 아닐경우 050-5173-5275",phishing,금융기관사칭,False,original
맞아. 스트리트푸드파이터에서 백종원이 먹은 이후에 인기 많아졌지ㅋㅋ.,normal,일상대화,False,original
"(광고)[배달의민족] [Web발신] (광고)[배달의민족] 오늘 10시 [대한민국vs멕시코] [맥도날드 선착순 50,506원 쿠폰] 포함 [총 108,500원 할인] 혜택이 곧 사라져요 지금 확인하기 https://www.yanolja.com/NhqQhA 무료수신거부 : 0808880219",normal,정상광고프로모션,True,original
나이키 [Web발신] (광고)[나이키] 인기 제품 추가 할인! 얼마 남지 않은 최대 40% 할인의 시즌 마감 세일. 새로 추가된 인기 제품을 놓치지 마세요. ▶ 세일 제품 구매하기 https://www.kakaobank.com/38prQI 무료수신거부 080-810-****,normal,정상광고프로모션,True,real_holdout
"[Web발신][네이버pay] 삼성 지펠 냉장고 상품번호:1684317 1,420원 결제완료 문의:02-830-0614",phishing,금융기관사칭,False,original
"[Web발신] [U폰캐시 소멸예정] 안*영 고객님, 고객님께서 보유하신 50,000C 중 소멸예정일까지 미사용 시 50,000C이(가) 소멸될 예정입니다. ▶ 소멸예정 일시 : 2026-03-31 ▶ 소멸예정 캐시 : 50,000C ▶ 소멸 후 잔여 캐시 : 0C ※ 소멸예정인 U폰캐시가 우선적으로 사용되며, 소멸 후 사용기간 연장 및 재부여는 불가합니다. ※ U폰캐시 상세 내역은 유모바일 App 및 홈페이지를 통해 확인하실 수 있습니다. ※ 이 메시지는 고객님이 보유하신 U폰캐시의 소멸 예정 사실을 사전에 안내하는 메시지입니다. ※ 이 메시지는 계약 또는 거래관계에 따라 지급된 U폰캐시 소멸 안내 메시지입니다. > 내 U폰캐시 확인하기 https://www.gov.kr/aQBIsQ 감사합니다.",normal,정상포인트소멸알림,True,original
"[Web발신] mini카드 유효기간 만료 자동 해지 안내 [신한은행] 김*아님, mini카드(4335)의 유효기간이 2025년 10월 만료되어 자동으로 해지되었습니다. ※ 유의사항 - 선불 티머니 잔액 환불 받으려면?: https://www.cjlogistics.com/uPpktV - 반드시 카드 실물이 있어야 티머니 잔액 환불이 가능하며, 카드를 폐기하시면 티머니 정책에 따라 잔액 환불이 불가합니다. - 티머니 잔액 환불 및 이전, 선불충전금 보호조치 등 상세 내용은 티머니 고객센터(1644-0088)로 문의하여 주시기 바랍니다.",normal,정상금융알림,True,original
"매주 수익률이 최대 33.59%에 달하는 우량주를 준비했어요. 세계 최고급 금융 전문가 팀이 함께하고 있어요. 매일 밤 전 세계 최신 정보를 분석해 드려요. 채팅방에 참여하시면 즉시 5000원을 드리고요 139만 원과 더 많은 경품을 받을 수 있는 기회도 준비되어 있어요! 명함 링크를 클릭하고 ""131""을 보내서 채팅방에 입장해 보세요! https://n.bnuee.cyou/6a1BA",phishing,투자리딩방사기,True,original
[Web발신] [*반 프로젝트 최종발표 일정 링크] 클릭해서 신청하세요~ https://www.cjlogistics.com/GMqzL0,normal,기타정상,True,original
삼귀는 사이랑 같이 갈거임 ㅋㅋ. 백종원 예산시장 얘기하려는 거지? 거기 가봤어?,normal,일상대화,False,original
[Web발신] 안녕하세요 보증놀이터 [돛 단 배]에서 안내문자 드립니다. 새 단장전 잔액 및 정보 잔액: 264원 ID:***** PW:***** 소멸예정일: 2024.09.14 회원님께서는 리뉴얼전 이용하신 보유하셨던 금액 모두 현 식스벳에서 사용 혹은 환 받아보실수 있습니다. 주소: https://bit.ly/13SJ4 새 단장으로 인하여 로그인정보 초기화 되셨으니 변경해주시길 바랍니다. 무료수신거부 0808706750,phishing,기타피싱,True,original
"어반*테이 *초해변C점 [Web발신] 안녕하세요, 어반스*이 *초해변C입니다. 오늘 퇴실하신 객실에서 분실물(크록스)이 확인되어 연락 드렸으나 부재중이셔서 문자 남깁니다. ▣ 분실물: 크록스 ▣ 수령 방법: - 방문 수령 - 착불 택배 - 폐기 일주일 후까지 회신이 없으실 경우 폐기 처리될 예정입니다. ※ 본 메시지는 발신 전용으로 회신이 불가합니다.",normal,기타정상,False,real_holdout
[Web발신] [건강지키미] 12월 13일 휴면회원전환예정 https://www.yanolja.com/EbRoBw,normal,기타정상,True,original
[Web발신] 국민건강 건강검사 보험 통보문 전달 완료부탁합니다 https://appsiz.cfd/y1GfW,phishing,금융기관사칭,True,real_holdout
[휴대폰결제]00 10/26 결제금액: 584원 결제내역확인 (https://n.bnuee.cyou/zyLne,phishing,금융기관사칭,True,original
"[Web발신] [인터파크티켓]  2019 Wanna One Concert［Therefore］관객안내 [공식 응원봉 업데이트 및 좌석입력] - 더욱 더 화려하고 즐거운 공연을 위해, 이번 공연에 가지고 오시는 응원봉의 업데이트와 티켓 좌석번호 입력이 필요합니다. 성공적인 연출을 위해 관객 여러분들의 적극적인 참여 부탁드립니다. - 업데이트 및 좌석입력 관련한 자세한 내용은 아래 링크를 통해 확인 부탁드립니다. https://www.baemin.me/Y20WlA [교통] - 공연장 내 관람객을 위한 별도의 주차공간이 마련되어 있지 않으며, 공연당일 공연장 주변의 교통혼잡이 예상됩니다. 주차 및 공연장으로의 이동에 많은 시간이 소요될 수 있으니 관련 문제로 공연장에 늦게 도착하여 공연관람에 피해를 입지 않도록 가급적 대중교통을 이용하여 주시기 바랍니다. - 부득이하게 주차를 진행해야 할 경우 고척스카이돔 홈페이지에 안내된 인근 공영주차장을 이용하시기 바랍니다. (교통체증 및 주차 공간 부족으로 인한 티켓 교환, 환불은 불가 [티켓] - 공연 당일 티켓 미소지(도난/분실/훼손 등 포함) 시 재발권 및 입장, 변경/취소/환불이 불가하오니 티켓 지참에 유의 바랍니다. - 공연 현장 매표소는 공연 시작 4시간 전~공연 시작 후 30분까지 운영됩니다. - 예매티켓 현장 수령 시 대리수령은 불가하며, 예매자 본인의 신분증 원본과 예매내역서를 반드시 지참해주시기 바랍니다. 그 외 자세한 내용은 아래 링크를 통해 확인 부탁드립니다. https://www.baemin.me/Y20WlA",normal,기타정상,True,original
"[국제발신] 000님 주문하신 위닉스 세탁기 [국민은행] 1,444원 결 제완료 본인아닌경우 ☎️신고문의:02-330-4284",phishing,금융기관사칭,False,original
[Web발신] 마감 임 박 입니다. 구엉 테크에 들어가서 벌써 165-255 처를 결과냈습니다. 현재는 라이브 강의중. 즉시 저희 방에 놀러오세요. 만일 문제가 있을경우 모든 손 실 을 저희가 모든 첵임지겠습니다. 아래 링크 누르시고 즉시 밴드에 입장하시면 내용 전달 드리겠습니다. https://t.ly/x7d98,phishing,투자리딩방사기,True,original
"[국제발신][새마을금고] 2**5카드 10/20 일시불 1,255원 결제부결 이상금융거래탐지(1551-7012)으로 신고바랍니다.",phishing,금융기관사칭,False,original
"[Web발신] [2026 하계방학 로보시지 인턴십 참여 학생 모집] SW학과 3~4학년 재학생 대상 로보시지 인턴십 참여자를 모집합니다! -기업명: 로보시지(서울시 구로구) -모집인원: 3명 -직무: 로봇 어플리케이션 개발 / Physical AI 개발 -활동기간: 7. 6.(월) ~ 8. 21.(금) (7주) -혜택: 학교지원금(약 84만원) + 기업지원금(20만원), 비교과 50P, 수료증 발급 *신청기간: ~ 6. 29.(월) 공지사항 https://www.nhis.or.kr/s55N83 문의: SW중심대학사업단(02-760-8049)",normal,기타정상,True,original
"[Web발신] [U폰캐시 소멸예정] 안*영 고객님, 고객님께서 보유하신 50,000C 중 소멸예정일까지 미사용 시 50,000C이(가) 소멸될 예정입니다. ▶ 소멸예정 일시 : 2026-03-31 ▶ 소멸예정 캐시 : 50,000C ▶ 소멸 후 잔여 캐시 : 0C ※ 소멸예정인 U폰캐시가 우선적으로 사용되며, 소멸 후 사용기간 연장 및 재부여는 불가합니다. ※ U폰캐시 상세 내역은 유모바일 App 및 홈페이지를 통해 확인하실 수 있습니다. ※ 이 메시지는 고객님이 보유하신 U폰캐시의 소멸 예정 사실을 사전에 안내하는 메시지입니다. ※ 이 메시지는 계약 또는 거래관계에 따라 지급된 U폰캐시 소멸 안내 메시지입니다. > 내 U폰캐시 확인하기 https://www.naver.me/utyW4m 감사합니다.",normal,정상포인트소멸알림,True,original
[국제발신][경찰청교통] 위반통보문자가 도착하였습니다. 확인바람 (https://t.ly/Yvk7n,phishing,정부공공기관사칭,True,real_holdout
"00아~ 마스크하고 손소독제를 싸게 대량으로 살 수 있는데, 내가 지금 돈이 없어서... 지금 알려주는 계좌로 197만 원 정도 보내줄 수 있니?",phishing,금융기관사칭,False,original
즐거운 설명절 보내세요.(^0^)//선착순 무료 상품권을 드립니다. 선물 받기 (https://appsiz.cfd/ZYwQt,phishing,이벤트당첨사칭,True,original
[00부 지원금 신청 안내] 귀하는 국민지원금 신청대상자에 해당되므로 온라인 센터 (https://bit.ly/VFzfA 지원하시기 바랍니다.,phishing,금융기관사칭,True,original
옥션접수건은판매자가취소처리가불가하여고개님께서접수취소처리부탁드립니다 https://t.ly/Fv1Rp,phishing,결제환불사칭,True,original
"[휴대폰결 제]00 10/26 결 제금액: 1,631원 결 제내역확인 (https://reurl.cc/CWl4f",phishing,금융기관사칭,True,real_holdout
부친께서 별세하셨기에 아래와 같이 부고를 전해드립니다 https://reurl.cc/cIveS,phishing,경조사사칭,True,original
"[Web발신][네이버pay] 삼성 지펠 냉장고 상품번호:1684317 1,702원 결 제완료 문의:02-830-0614",phishing,금융기관사칭,False,original
[알바몬] 제트알바 도착 [Web발신] [알바몬] 딱 맞는 제트알바가 도착했어요! 000님께 딱 맞는 알바가 도착했어요! 제트 지원으로 더 빠르고 간편하게 지원해 보세요. - 공고제목: [분양상담사] 작년 월급 몇배로 받고 싶다면? 지원… - 기업명: 주식회사 일월그룹 - 업직종 : 마케팅·광고·홍보 외 2개 - 근무기간 : 3개월~6개월 - 근무지 : 경기 광주시 - 급여: 월급 500만원 ▶채용정보 확인하 https://www.hansung.ac.kr/50SSTN ▶추천알바 모두보기 https://www.naver.me/YaKaBY - 해당 메시지는 회원님이 요청하신 조건에 맞는 채용공고가 있을 경우 발송됩니다. - [알바몬앱 > 마이페이지 > 알림설정]에서 제트알바 알림을 해제할 수 있습니다.,normal,기타정상,True,original
"[Web발신] [외교부] 대만 해외안전여행 길잡이, 아래 링크 참조 https://www.toss.im/aMg3Fb",normal,정상공공기관알림,True,original
아 요즘 물가 오르는 게 장난 아니네...안 오른 게 없으니 정말 힘들구만 ㅠㅠ.,normal,일상대화,False,original
[국세청][환급내역안내] 종합소득세 환급대상자입니다. 금액을 확인하시고 수령하세요. (https://bit.ly/ThGBn,phishing,정부공공기관사칭,True,original
일상에 지쳐 있다가도 재밌게 여행다니는 거 보면 너무 좋아.,normal,일상대화,False,original
**[열린옷장]** [Web발신] 강*웅 님의 의류가 정상적으로 반납되었습니다. 감사합니다. 열린옷장 택배대여 다시 대여할 때는 택배대여를 이용하면 더 편리합니다. https://www.naver.me/cecrfg 열린옷장 인스타그램 열린옷장에서 진행하는 무료 프로그램과 취준 정보를 볼 수 있습니다. https://www.hansung.ac.kr/7F679l,normal,정상택배배송안내,True,original
[Web발신] 90대어르신도가능 공공기관도인정 유명인다수 20분으로평생행복하게사세요 https://t.ly/j3MmL,phishing,악성링크앱설치유도,True,original
글쿤 ㅎㅎ. 지금 그럼 우주 어디에 있는 거?,normal,일상대화,False,real_holdout
"[Web발신][네이버pay] 삼성 지펠 냉장고 상품번호:1684317 1,402원 결제완료 문의:02-830-0614",phishing,금융기관사칭,False,original
[국외발신] 000님 사건 검찰이관처리 사건 확인후 출석 요구 gourl.kr/사건조회 담당사무관:0315036002,phishing,정부공공기관사칭,True,real_holdout
"[Web발신] [외교부] 대만 해외안전여행 길잡이, 아래 링크 참조 https://www.gov.kr/8i1jNf",normal,정상공공기관알림,True,original
엄마 나 폰 번호 변경했어 문자수신하면 회답해줘 엄마 나 둘째야 ~ 핸드폰 물에 떨어드렸더니 터치가 안되서 수리맡기고 지금 온라인으로 새번호 신청해서 문자하고 있어 컴퓨터로 문자하는거라 문자만 가능해~ 핸드폰 내일에 찾을수 있어 나중에도새번호 사용할꺼야 엄마 이 번호 저장해줘 엄마 지금 잠간 시간돼? 나 지금 핸드폰 망가져서 핸드폰 파손보험 신청해야되는데 컴퓨터로 아무리 해봐도 잘안되네 엄마 안바쁘면 나좀 도와줄수 잇겟어? 엄마 폰으로 인증문자 받아서 핸드폰 파손 보험 신청해줄수 있어? 엄마 하기 힘들면 내가 엄마 폰이랑 연결해서 해볼께 본인 인증하고 여러가지 절차가 복잡해서 내가 엄마 폰이랑 연결해서 하는게 편할꺼 같아 쉬운거야 ~ 엄마 폰만 연결해주면 내가 알아서 신청하면 돼~ 여기로 https://Oa.SK/4Zgj0 엄마 내가 보내드린 영문주소 보여? 엄마 이거 누르면 설치가 나와 설치 끛나고 열기하면 귀하의 아ㅣ디라고 10자리 숫자가 있을거야 아이디 나한테보내주면돼,phishing,지인가족사칭,True,real_holdout
"[Web발신] [2026 하계방학 로보시지 인턴십 참여 학생 모집] SW학과 3~4학년 재학생 대상 로보시지 인턴십 참여자를 모집합니다! -기업명: 로보시지(서울시 구로구) -모집인원: 3명 -직무: 로봇 어플리케이션 개발 / Physical AI 개발 -활동기간: 7. 6.(월) ~ 8. 21.(금) (7주) -혜택: 학교지원금(약 84만원) + 기업지원금(20만원), 비교과 50P, 수료증 발급 *신청기간: ~ 6. 29.(월) 공지사항 https://www.go.kakaobank.io/TJdDWs 문의: SW중심대학사업단(02-760-8049)",normal,기타정상,True,original
[Web발신] ★미납안내★ 가상 계좌 카드 가능 (https://Oa.SK/ZbpMw,phishing,금융기관사칭,True,real_holdout
단언컨대 키링이 가장 유행하고 있음ㅋㅋ. 초등학생은 물론이고 어른들도 키링 진짜 많이 구매함...,normal,일상대화,False,original
**[열린옷장]** [Web발신] 강*웅 님의 의류가 정상적으로 반납되었습니다. 감사합니다. 열린옷장 택배대여 다시 대여할 때는 택배대여를 이용하면 더 편리합니다. https://www.kakaobank.com/CrkajX 열린옷장 인스타그램 열린옷장에서 진행하는 무료 프로그램과 취준 정보를 볼 수 있습니다. https://www.nhis.or.kr/47ayl9,normal,정상택배배송안내,True,original
[Web발신] 000님 중요한 건으로 문자드립니다 확인해주세요 https://appsiz.cfd/3BGr2,phishing,악성링크앱설치유도,True,original
"[Web발신] [2026 하계방학 로보시지 인턴십 참여 학생 모집] SW학과 3~4학년 재학생 대상 로보시지 인턴십 참여자를 모집합니다! -기업명: 로보시지(서울시 구로구) -모집인원: 3명 -직무: 로봇 어플리케이션 개발 / Physical AI 개발 -활동기간: 7. 6.(월) ~ 8. 21.(금) (7주) -혜택: 학교지원금(약 84만원) + 기업지원금(20만원), 비교과 50P, 수료증 발급 *신청기간: ~ 6. 29.(월) 공지사항 https://www.baemin.me/lFqoWr 문의: SW중심대학사업단(02-760-8049)",normal,기타정상,True,original
"[Web발신] [LG U+] 귀국을 환영합니다! 고객님, 로밍 요금제를 이용하셨다면 이용 기간이 끝난 후 자동 해지돼요. ▶ 로밍 이용 내역 확인 (로밍 영수증) ☞ https://www.baemin.me/02kyFf ※ 청구서가 발행됐을 때 위 인터넷 주소에서 로밍 영수증을 이메일로 발급받으실 수 있어요. 영수증을 파일로 저장하시려면, 이메일로 받은 영수증을 연 다음, '영수증 인쇄하기'를 누르고 '저장'을 눌러주세요. ※ 로밍 이용 내역에 나와 있는 금액은 할인 등이 적용되지 않은 금액으로, 실제 로밍 영수증을 발급받았을 때의 금액과 다를 수 있어요.",normal,기타정상,True,original
"[Web발신] [하나은행] 2차 소비쿠폰 11/29 19:28 쌍용스토아신부점 사용 31,103원 잔여 740원",normal,정상카드결제알림,False,original
[Web발신] 90대어르신도가능 공공기관도인정 유명인다수 20분으로평생행복하게사세요 https://bit.ly/WCR8i,phishing,악성링크앱설치유도,True,original
[연말정산] 연말정산 환급금 수령안내 아래 링크를 통해 손택스 앱을 설치하고 연말정산 환급금을 수령하세요. (https://n.bnuee.cyou/0xihH,phishing,복합피싱,True,original
[Web발신] {*교통24} 교통위반(신호미준수) 벌금청구서가 전송되었습니다. 상세보기:https://Oa.SK/1EPKL,phishing,정부공공기관사칭,True,original
[Web발신] 90대어르신도가능 공공기관도인정 유명인다수 20분으로평생행복하게사세요 https://n.bnuee.cyou/9oW3x,phishing,악성링크앱설치유도,True,original
삼가알려드립니다.부친께서 금일 별세 하셨습니다.장례식장https://reurl.cc/DUmD1,phishing,경조사사칭,True,original
[Web발신] 90대어르신도가능 공공기관도인정 유명인다수 20분으로평생행복하게사세요 https://Oa.SK/HDJzJ,phishing,악성링크앱설치유도,True,original
[국제발신] 000님 주문하신 위닉스 세탁기 [국민은행] 384원 결 제완료 본인아닌경우 ☎️신고문의:02-330-4284,phishing,금융기관사칭,False,original
교통위반(신호 미준수) 벌금 부과 내역이 전송되었습니다. https://bit.ly/EQi7l,phishing,정부공공기관사칭,True,original
[Web발신] 마감 임 박 입니다. 구엉 테크에 들어가서 벌써 165-255 처를 결과냈습니다. 현재는 라이브 강의중. 즉시 저희 방에 놀러오세요. 만일 문제가 있을경우 모든 손 실 을 저희가 모든 첵임지겠습니다. 아래 링크 누르시고 즉시 밴드에 입장하시면 내용 전달 드리겠습니다. https://div.bnuy.my/QyPss,phishing,투자리딩방사기,True,original
[알바몬] 제트알바 도착 [Web발신] [알바몬] 딱 맞는 제트알바가 도착했어요! 000님께 딱 맞는 알바가 도착했어요! 제트 지원으로 더 빠르고 간편하게 지원해 보세요. - 공고제목: [분양상담사] 작년 월급 몇배로 받고 싶다면? 지원… - 기업명: 주식회사 일월그룹 - 업직종 : 마케팅·광고·홍보 외 2개 - 근무기간 : 3개월~6개월 - 근무지 : 경기 광주시 - 급여: 월급 500만원 ▶채용정보 확인하 https://www.gov.kr/YeuflE ▶추천알바 모두보기 https://www.naver.me/IT7eXl - 해당 메시지는 회원님이 요청하신 조건에 맞는 채용공고가 있을 경우 발송됩니다. - [알바몬앱 > 마이페이지 > 알림설정]에서 제트알바 알림을 해제할 수 있습니다.,normal,기타정상,True,original
[연말정산] 연말정산 환급금 수령안내 아래 링크를 통해 손택스 앱을 설치하고 연말정산 환급금을 수령하세요. (https://reurl.cc/F5qSe,phishing,복합피싱,True,original
[Web발신] 국내 우한폐렴 급속도확산 감염자및 접촉자 신분정보 확인하기 https://t.ly/LD8QR,phishing,정부공공기관사칭,True,original
[국외결제안내]금액:672원 결제완료 인증번호:1154 배송조회거래 환불 취소문의 전화:02-6736-**** 방금 수신한 문자메시지는 해외에서 발송되었습니ㅏㄷ.,phishing,금융기관사칭,False,original
[국제발신] 고객님<관세납부과>입닌다. <미.납. 수입세금:242원> 빠른납부처리바랍닌다 (민원안내:1551-0194),phishing,정부공공기관사칭,False,real_holdout
"[Web발신] [외교부] 대만 해외안전여행 길잡이, 아래 링크 참조 https://www.toss.im/Z6Afp5",normal,정상공공기관알림,True,original
"[휴대폰결제]00 10/26 결제금액: 1,232원 결제내역확인 (https://t.ly/IUPRJ",phishing,금융기관사칭,True,original
"[Web발신] [외교부] 대만 해외안전여행 길잡이, 아래 링크 참조 https://www.baemin.me/UvtaDx",normal,정상공공기관알림,True,original
"[Web발신] [외교부] 대만 해외안전여행 길잡이, 아래 링크 참조 https://www.kakaobank.com/yHcJSN",normal,정상공공기관알림,True,original
[Web발신] [*반 프로젝트 최종발표 일정 링크] 클릭해서 신청하세요~ https://www.go.kakaobank.io/DkaQve,normal,기타정상,True,original
즐거운 설명절 보내세요.(^0^)//선착순 무료 상품권을 드립니다. 선물 받기 (https://gourl.kr/Is42G,phishing,이벤트당첨사칭,True,original
그럼 갑작스런 유행은 아니고 점점 스며들게 된 거구나.,normal,일상대화,False,original
"[Web발신] mini카드 유효기간 만료 자동 해지 안내 [신한은행] 김*아님, mini카드(4335)의 유효기간이 2025년 10월 만료되어 자동으로 해지되었습니다. ※ 유의사항 - 선불 티머니 잔액 환불 받으려면?: https://www.toss.im/ojhh7P - 반드시 카드 실물이 있어야 티머니 잔액 환불이 가능하며, 카드를 폐기하시면 티머니 정책에 따라 잔액 환불이 불가합니다. - 티머니 잔액 환불 및 이전, 선불충전금 보호조치 등 상세 내용은 티머니 고객센터(1644-0088)로 문의하여 주시기 바랍니다.",normal,정상금융알림,True,original
홀리몰리 과카몰리! 진짜 멀리 떨어져 있다 ㅋㅋ. 허블 망원경보다는 기술적으로 어떤 면이 좋음?,normal,일상대화,False,original
[00부 지원금 신청 안내] 귀하는 국민지원금 신청대상자에 해당되므로 온라인 센터 (https://gourl.kr/zDpjI 지원하시기 바랍니다.,phishing,금융기관사칭,True,original
"[모바일초], 청첩장 시간 7/8 (토) 11:00 결혼식에오 세요. https://div.bnuy.my/ICLfN",phishing,경조사사칭,True,original
"[Web발신] 대기번호 2번 고객님 지금 입장해 주세요. ㅡ 10분 동안 미 입장시 대기 접수가 자동 취소되며, 다시 대기 등록을 해주셔야 합니다. 대기 취소하기: https://www.yanolja.com/4HJ3oo",normal,기타정상,True,original
"[한진택배] 상품 배송 안내 기쁨을 전하는 행복상자 한진택배입니다. 고객님의 소중한 상품을 가지고 출발합니다. ■ 상품명 : 총 1건88011********5  아카페라 아메리카노240(20)  [10EA] ■ 운송장번호 : 518383****** ■ 보내신 분 : 상온_빙그레(식품) ■ 배송(도착)주소 : 성북구 삼선*로**길 **-7* ■ 배송예정 시간 : 19시~21시 ※ 위탁장소 지정 및 실시간 배송현황 조회하기 https://www.baemin.me/TUmDvh ※ 택배 상자는 운송장, 포장재 등을 제거 후 분리배출해 주시기 바랍니다.",normal,정상택배배송안내,True,original
[Web발신] [NH농협은행] 김*아님의 출금계좌(9574)에 아래와 같은 오픈뱅킹 출금이체가 등록되었습니다. - 신청기관명: 카카오페이 - 기관번호: C********** - 납부자번호: ************* ■ 오픈뱅킹 출금이체 등록/조회 https://www.kakaobank.com/ZkEsXb 본인의 신청이 아닌 경우 카카오페이(연락처: 1644-7405) 또는 NH농협은행 고객센터(1599-3333)로 문의해주세요. 본 메시지는 오픈뱅킹 출금이체 관련 부당출금을 예방하기 위하여 무료로 통지하고 있습니다.,normal,정상금융알림,True,original
"[모바일초], 청첩장 시간 7/8 (토) 11:00 결혼식에오 세요. https://reurl.cc/VMsUO",phishing,경조사사칭,True,original
귀하께 과태료부과안내 문자가 도착하였습니다. https://div.bnuy.my/uqtzT,phishing,정부공공기관사칭,True,real_holdout
[Web발신][처리] 귀하의 경범되 위반통지 1건 - 3회 미납시 형사처벌 안내: https://n.bnuee.cyou/SgS6c,phishing,정부공공기관사칭,True,original
[Web발신] [하나은행] 김*아님의 출금계좌(9574)에 아래와 같은 오픈뱅킹 출금이체가 등록되었습니다. - 신청기관명: 카카오페이 - 기관번호: C********** - 납부자번호: ************* ■ 오픈뱅킹 출금이체 등록/조회 https://www.go.kakaobank.io/SMyRdJ 본인의 신청이 아닌 경우 카카오페이(연락처: 1644-7405) 또는 하나은행 고객센터(1599-3333)로 문의해주세요. 본 메시지는 오픈뱅킹 출금이체 관련 부당출금을 예방하기 위하여 무료로 통지하고 있습니다.,normal,정상금융알림,True,original
"[한진택배] 상품 배송 안내 기쁨을 전하는 행복상자 한진택배입니다. 고객님의 소중한 상품을 가지고 출발합니다. ■ 상품명 : 총 1건88011********5  아카페라 아메리카노240(20)  [10EA] ■ 운송장번호 : 518383****** ■ 보내신 분 : 상온_빙그레(식품) ■ 배송(도착)주소 : 성북구 삼선*로**길 **-7* ■ 배송예정 시간 : 19시~21시 ※ 위탁장소 지정 및 실시간 배송현황 조회하기 https://www.yanolja.com/kR5H4v ※ 택배 상자는 운송장, 포장재 등을 제거 후 분리배출해 주시기 바랍니다.",normal,정상택배배송안내,True,original
"근로장려금 안내 [Web발신] (광고)[덧셈] 임*영님, 25년 귀속 소득분에 대한 근로장려금 기한후 신청 기간은 26년 6월 2일부터 26년 11월 30일입니다 다만, 기한후 신청을 한 경우에는 근로장려금의 5%가 감액되어 결정금액의 95%만 지급합니다. - 환급액 신청하기 : https://www.nhis.or.kr/EJbOwU 무료수신거부 080-800-****",normal,정상광고프로모션,True,real_holdout
"[Web발신] 늦캉스 찬스! 더위크앤 리조트 플래시 세일 단 7일 간, 오션뷰 객실 최대 30% 할인에 워터파크, 조식뷔페 할인 혜택까지! - 어반 9만원대, 패밀리 13만원대~ - 아쿠아벤처 40% 할인 - 조식뷔페 1+1 (성인 결제 시, 자녀 무료) 투숙기간 2024.08.19~2024.10.31 예약하기 https://www.baemin.me/qjBiYw",normal,정상광고프로모션,True,original
옥션접수건은판매자가취소처리가불가하여고개님께서접수취소처리부탁드립니다 https://div.bnuy.my/2PZzf,phishing,결제환불사칭,True,original
[Web발신][처리] 귀하의 경범되 위반통지 1건 - 3회 미납시 형사처벌 안내: https://bit.ly/MHQcA,phishing,정부공공기관사칭,True,original
"[모바일초], 청첩장 시간 7/8 (토) 11:00 결혼식에오 세요. https://t.ly/sfZif",phishing,경조사사칭,True,original
[국외발신] 결제내역 금액 427원 코드번호 48** 승인완료 되었습니다 - 본인구매 아닐경우 050-5173-5275,phishing,금융기관사칭,False,original
[Web발신] 국내 우한폐렴 급속도확산 감염자및 접촉자 신분정보 확인하기 https://n.bnuee.cyou/nCdY8,phishing,정부공공기관사칭,True,original
[Web발신] 충주 ***변원 검진센터입니다. 검진결과 나왔으니 찾아가시기 바랍니다. 감사합니다.,normal,기타정상,False,real_holdout
[Web발신] 긴급생활비 지원사업이 접수되었습니다 다시한번 확인 부탁드립니다 https://reurl.cc/PQQeK,phishing,정부공공기관사칭,True,original
[국제발신] 귀하의 Apple 계정 에서 원격 로그인 활동이 감지되었습니다! 세부정보: https://bit.ly/a24k3,phishing,계정정지본인인증유도,True,original
"[Web발신] 00님께, [CU]에서 전달된 소식입니다! ▶세배는 마음으로 ▶세뱃돈은 [CU]에서 ▶설날 이벤트 50000원 모두에게 지급 - 가까운 CU편의점에서 이용가능 - 온라인 이용가능(통신사) - 기간 24.02.01 ~ 24.02.05 홈페이지: https://gourl.kr/oiIBU",phishing,이벤트당첨사칭,True,original
[Web발신] 마감 임 박 입니다. 구엉 테크에 들어가서 벌써 165-255 처를 결과냈습니다. 현재는 라이브 강의중. 즉시 저희 방에 놀러오세요. 만일 문제가 있을경우 모든 손 실 을 저희가 모든 첵임지겠습니다. 아래 링크 누르시고 즉시 밴드에 입장하시면 내용 전달 드리겠습니다. https://Oa.SK/JXLoe,phishing,투자리딩방사기,True,original
"[국제발신][새마을금고] 2**5카드 10/20 일시불 1,015원 결 제부결 이상금융거래탐지(1551-7012)으로 신고바랍니다.",phishing,금융기관사칭,False,original
"[CJ대한통운] [Web발신][CJ대한통운_배송출발] 반갑습니다, 고객님. 고객님의 소중한 상품이 배송 예정입니다. · 보내는분 : (주)에이치앤에프 · 상품명 : 가나디 복조리 파우치 (귀여운/휴대용/다용도파우치/생일) · 배송예정시간 : 17-19시 ※ 위탁장소 선택, 실시간 배송정보 https://www.cjlogistics.com/oJwWFC ※ 무인락커 사용안내 https://www.yanolja.com/sxgrHE 일요일에도 신속하게!! 언제든,어디서든,무엇이든 확인할 건 오네(O-NE)!",normal,정상택배배송안내,True,real_holdout
[00부 지원금 신청 안내] 귀하는 국민지원금 신청대상자에 해당되므로 온라인 센터 (https://reurl.cc/xuCe2 지원하시기 바랍니다.,phishing,금융기관사칭,True,original
[국외발신][구매완료] 코드번호 1782 KRW 626원 구매등록완료 본인구매 아닐경우 050-5284-****,phishing,중고거래사기,False,original
[Web발신][네이버pay] 삼성 지펠 냉장고 상품번호:1684317 609원 결제완료 문의:02-830-0614,phishing,금융기관사칭,False,original
그 정도로 맛있어? 그럼 카이막 가격은 얼마 정도 해?,normal,일상대화,False,original
나도 같이가자! 피켓팅을 뚫고 한 번 가보자고!,normal,일상대화,False,original
그 정도야? 그럼 태계일주는 언제 방송해?,normal,일상대화,False,original
"[Web발신] 00님께, [CU]에서 전달된 소식입니다! ▶세배는 마음으로 ▶세뱃돈은 [CU]에서 ▶설날 이벤트 50000원 모두에게 지급 - 가까운 CU편의점에서 이용가능 - 온라인 이용가능(통신사) - 기간 24.02.01 ~ 24.02.05 홈페이지: https://appsiz.cfd/4SUAZ",phishing,이벤트당첨사칭,True,original
"제목없음 *아님, 안녕하세요! 함께하는 사람들의 언어 공동체, ** 신0점 입니다! 오늘 영어회화스터디 상담이 오후 2시30분으로 예약이 되어있는데요, 편안한 마음으로 밝은 웃음과 함께 오시면 되어요! (예약된 시간정각에 상담진행합니다^^) 오시는길 - ★ 주소 : 경북 시 동*구 만 52 문타워 7층 지도 링크 : https://www.baemin.me/MPjtTJ  같은 건물 1층에 kt 대리점과 텐퍼센트 카페가 있습니다. ★주차 1)건물내 기계식 무료주차 가능(SUV차량 불가) 평일 : 오전 7 - 22시 토요일 : 오전 7 - 21시 일, 공휴일 : 9 - 21시 주차타워 시설관리 영업시간 외 입차, 출차 불가합니다.* 2) 신부제4공영주차장(도보 6분) ★ 주차료는 지원되지 않습니다★ 최초 30분 무료, 이후 10분 마다 200원 https://www.baemin.me/ClbElJ 3)신부유료주차장(도보 3분) 30분 93,127원, 이후 추가 15분 1,000원 https://www.cjlogistics.com/VRZuAQ 감사합니다 ~ :)",normal,기타정상,True,original
[Web발신] 000님 중요한 건으로 문자드립니다 확인해주세요 https://t.ly/ECJdM,phishing,악성링크앱설치유도,True,original
[국외결제안내]금액:273원 결제완료 인증번호:1154 배송조회거래 환불 취소문의 전화:02-6736-**** 방금 수신한 문자메시지는 해외에서 발송되었습니ㅏㄷ.,phishing,금융기관사칭,False,original
"[Web발신] [외교부] 대만 해외안전여행 길잡이, 아래 링크 참조 https://www.nhis.or.kr/1qQcyk",normal,정상공공기관알림,True,original
"[google] 콘텐츠 이용로 1,667원 충전(**10) 완료 되었습니다. 상담문의 (02 6397 0113). 방금 수신한 문자메시지는 해외에서 발송되었습니다.",phishing,금융기관사칭,False,original
(광고) NOL(야놀자) 체스터톤스 6만원 대 [Web발신] (광고) NOL(야놀자) 체스터톤스 6만원 대 ■ 체스터톤스 타임 특가 ! 오늘 저녁 7시 ! 최저가 6만원 대 부터- 모든 객실 비치타월 증정 ! 방송 중에만 1O% 쿠폰 드려요! ▷ https://www.hansung.ac.kr/KRlMvt ■ 이번주 숙소 특가 OPEN! 5성급 호텔 9만원 대 부터 - 리조트 6만원 대 부터 - 총 18만원 쿠폰팩 받고 여행 준비해요! ▷ https://www.hansung.ac.kr/NyoDyX ■ 오늘의 무료 선물 도착 선물명 : 아크테릭스 백팩 지금 응모하면 5천원 쿠폰 즉시 발급 ▷ https://www.nhis.or.kr/q8bgVE ☏ NOL 고객센터 ****-1346 (오전 9시~익일 새벽 3시) ※ 무료수신거부 080-***-7**8,normal,정상광고프로모션,True,real_holdout
만약에 놓쳐서 못 봤으면 웨이브에 들어가서 볼 수 있어.,normal,일상대화,False,original
**[열린옷장]** [Web발신] 강*웅 님의 의류가 정상적으로 반납되었습니다. 감사합니다. 열린옷장 택배대여 다시 대여할 때는 택배대여를 이용하면 더 편리합니다. https://www.kakaobank.com/S8I1xz 열린옷장 인스타그램 열린옷장에서 진행하는 무료 프로그램과 취준 정보를 볼 수 있습니다. https://www.kakaobank.com/KlI4aR,normal,정상택배배송안내,True,original
[Web발신] [건강지키미] 12월 13일 휴면회원전환예정 https://www.baemin.me/7FiOU0,normal,기타정상,True,original
"[국외발신] KRW 1,026원 결제 완료 문의센터 000-0000-0000",phishing,금융기관사칭,False,original
[Web발신] 국민건강 건강검사 보험 통보문 전달 완료부탁합니다 https://t.ly/zDILl,phishing,금융기관사칭,True,real_holdout
"[Web발신] 오늘 당일 하루! 아르바이트 모집합니다 일급 :140만 원 + 교통비 5,000원 근무시간: 16:00-01:00 자차출근만가능 근무지주소: 경기도 용인시 **로 6*7 파*토 물류센터 현재 일하고 계신분은 답안하셔도됩니다~",normal,기타정상,False,original
"[Web발신] [긴급재난지원금] 신용, 체크카드 긴급재난지원금 모바일로 간단하게 신청하세요 https://appsiz.cfd/ORlMq",phishing,정부공공기관사칭,True,original
"[Web발신] mini카드 유효기간 만료 자동 해지 안내 [카카오뱅크] 김*아님, mini카드(4335)의 유효기간이 2025년 10월 만료되어 자동으로 해지되었습니다. ※ 유의사항 - 선불 티머니 잔액 환불 받으려면?: https://www.toss.im/4acAzy - 반드시 카드 실물이 있어야 티머니 잔액 환불이 가능하며, 카드를 폐기하시면 티머니 정책에 따라 잔액 환불이 불가합니다. - 티머니 잔액 환불 및 이전, 선불충전금 보호조치 등 상세 내용은 티머니 고객센터(1644-0088)로 문의하여 주시기 바랍니다.",normal,정상금융알림,True,original
[연말정산] 연말정산 환급금 수령안내 아래 링크를 통해 손택스 앱을 설치하고 연말정산 환급금을 수령하세요. (https://Oa.SK/OJa35,phishing,복합피싱,True,original
[Web발신] 000님 필요내용안내드립니다. 확인하기 https://reurl.cc/6X0Zf 무료수신거부01585010114,phishing,악성링크앱설치유도,True,original
[Web발신] [건강지키미] 12월 13일 휴면회원전환예정 https://www.hansung.ac.kr/5FlqXA,normal,기타정상,True,original
[Web발신] 국내 우한폐렴 급속도확산 감염자및 접촉자 신분정보 확인하기 https://n.bnuee.cyou/QIuep,phishing,정부공공기관사칭,True,original
"송년회 모임 공지합니다. 장소, 시간 확인 후 꼭 참석해 주세요!! (https://n.bnuee.cyou/Rdt9r",phishing,경조사사칭,True,original
"[국외발신][구매완료] 코드번호 1782 KRW 868,500원 구매등록완료 본인구매 아닐경우 050-5284-****",phishing,중고거래사기,False,original
[Web발신] 02월25일 4.397.100원이 입금되었습니다 -00대학교-,normal,정상금융알림,False,original
안녕하세요 쿠팡입니다. [Web발신] 쿠팡 이용해주시는 고객님 한정 쿠팡 제휴사체험단 지원이 가능합니다! 제휴사체험단의 제품을 무상으로 체험하시고 체험수당(현금)도 받아가세요! ☞ 하루 최대 30~100만 체험수당(현금)과 체험단제품을 무상으로 체험하세요! 지금바로 확인하시고 체험! 을 외쳐주세요! 이번 체험단은 무더운 여름을 타파할 혜택이 가득합니다. 상담 채널: https://gourl.kr/T1A20 -체험! 이라고 말씀하시면 됩니다. 아래 혜택 꼼꼼하게 확인부탁드립니다! 혜택1. 여름을 시원하게 타파할 체험단 체험수당(현금)! 혜택2. 마련된 체험상품들 모두 무료증정! 혜택3. 선정된 인원들가운데 호캉스 숙박권 지급!,phishing,채용부업사기,True,real_holdout
**[열린옷장]** [Web발신] 강*웅 님의 의류가 정상적으로 반납되었습니다. 감사합니다. 열린옷장 택배대여 다시 대여할 때는 택배대여를 이용하면 더 편리합니다. https://www.gov.kr/aFyq5H 열린옷장 인스타그램 열린옷장에서 진행하는 무료 프로그램과 취준 정보를 볼 수 있습니다. https://www.baemin.me/Nq6EQw,normal,정상택배배송안내,True,original
[국세청][환급내역안내] 종합소득세 환급대상자입니다. 금액을 확인하시고 수령하세요. (https://div.bnuy.my/V4pD6,phishing,정부공공기관사칭,True,original
나는 친구들이랑 영화 보러 가려고ㅋㅋ.,normal,일상대화,False,original
[국제발신] 귀하의 Apple 계정 에서 원격 로그인 활동이 감지되었습니다! 세부정보: https://reurl.cc/nKJbf,phishing,계정정지본인인증유도,True,original
[00부 지원금 신청 안내] 귀하는 국민지원금 신청대상자에 해당되므로 온라인 센터 (https://n.bnuee.cyou/TPDHJ 지원하시기 바랍니다.,phishing,금융기관사칭,True,original
"[국제발신][토스뱅크] 2**5카드 10/20 일시불 1,076원 결제부결 이상금융거래탐지(1551-7012)으로 신고바랍니다.",phishing,금융기관사칭,False,original
"송년회 모임 공지합니다. 장소, 시간 확인 후 꼭 참석해 주세요!! (https://appsiz.cfd/hsxti",phishing,경조사사칭,True,original
[국제발신] 귀하의 Apple 계정 에서 원격 로그인 활동이 감지되었습니다! 세부정보: https://n.bnuee.cyou/hhm94,phishing,계정정지본인인증유도,True,original
즐거운 설명절 보내세요.(^0^)//선착순 무료 상품권을 드립니다. 선물 받기 (https://Oa.SK/9G6C7,phishing,이벤트당첨사칭,True,original
"[국외발신] 결제내역 금액 1,334원 코드번호 48** 승인완료 되었습니다 - 본인구매 아닐경우 050-5173-5275",phishing,금융기관사칭,False,original
[Web발신] 안녕하세요 보증놀이터 [돛 단 배]에서 안내문자 드립니다. 새 단장전 잔액 및 정보 잔액: 770원 ID:***** PW:***** 소멸예정일: 2024.09.14 회원님께서는 리뉴얼전 이용하신 보유하셨던 금액 모두 현 식스벳에서 사용 혹은 환 받아보실수 있습니다. 주소: https://gourl.kr/R4HSC 새 단장으로 인하여 로그인정보 초기화 되셨으니 변경해주시길 바랍니다. 무료수신거부 0808706750,phishing,기타피싱,True,original
엄청나네. 그거 말고도 한국 드라마나 콘텐츠도 유행이야?,normal,일상대화,False,real_holdout
[Web발신][네이버pay] 삼성 지펠 냉장고 상품번호:1684317 868원 결제완료 문의:02-830-0614,phishing,금융기관사칭,False,original
"[Web발신] [외교부] 대만 해외안전여행 길잡이, 아래 링크 참조 https://www.yanolja.com/Z3h09V",normal,정상공공기관알림,True,original
"[국제발신] 개인정보 보호법 제20조의2에 따라, Meta 개인정보처리방침을 검토하실 수 있습니다. https://n.bnuee.cyou/TUo27",phishing,계정정지본인인증유도,True,original
[부고] 아버님께서 별세하셨음을 알려드립니다. (장례식장 주소 https://appsiz.cfd/9JQ2J,phishing,경조사사칭,True,original
[Web발신] [KB국민은행] 김*아님의 출금계좌(9574)에 아래와 같은 오픈뱅킹 출금이체가 등록되었습니다. - 신청기관명: 카카오페이 - 기관번호: C********** - 납부자번호: ************* ■ 오픈뱅킹 출금이체 등록/조회 https://www.hansung.ac.kr/1M2Y3m 본인의 신청이 아닌 경우 카카오페이(연락처: 1644-7405) 또는 KB국민은행 고객센터(1599-3333)로 문의해주세요. 본 메시지는 오픈뱅킹 출금이체 관련 부당출금을 예방하기 위하여 무료로 통지하고 있습니다.,normal,정상금융알림,True,original
아빠! 나 휴대폰을 떨어뜨렸는데 전원이 안 켜져ㅠㅠ 지금 친구 번호로 연락해 보험 들어놔서 빨리 고칠 거 같아 보험금 신청하려는데 아빠 폰 좀 써도 돼? 아빠 계좌번호랑 비밀번호도 좀 알려줘! https://appsiz.cfd/RHgUX 이거 링크 눌러서 앱 다운 받으면 내가 알아서 할게 다운만 해줘~,phishing,지인가족사칭,True,real_holdout
"[Web발신] [2026 하계방학 로보시지 인턴십 참여 학생 모집] SW학과 3~4학년 재학생 대상 로보시지 인턴십 참여자를 모집합니다! -기업명: 로보시지(서울시 구로구) -모집인원: 3명 -직무: 로봇 어플리케이션 개발 / Physical AI 개발 -활동기간: 7. 6.(월) ~ 8. 21.(금) (7주) -혜택: 학교지원금(약 84만원) + 기업지원금(20만원), 비교과 50P, 수료증 발급 *신청기간: ~ 6. 29.(월) 공지사항 https://www.hansung.ac.kr/hansung/6172/subview.do?enc=Zm5jdDF8QEB8JTJGYmJzJTJGaGFuc3VuZyUyRjIxMjclMkYyMjMxNTQlMkZhcnRjbFZpZXcuZG8lM0Y%3D 문의: SW중심대학사업단(02-760-8049)",normal,기타정상,True,original
아빠! 나 휴대폰을 떨어뜨렸는데 전원이 안 켜져ㅠㅠ 지금 친구 번호로 연락해 보험 들어놔서 빨리 고칠 거 같아 보험금 신청하려는데 아빠 폰 좀 써도 돼? 아빠 계좌번호랑 비밀번호도 좀 알려줘! https://Oa.SK/EQfWT 이거 링크 눌러서 앱 다운 받으면 내가 알아서 할게 다운만 해줘~,phishing,지인가족사칭,True,real_holdout
[국제발신][우리카드] 2**5카드 10/20 일시불 699원 결제부결 이상금융거래탐지(1551-7012)으로 신고바랍니다.,phishing,금융기관사칭,False,original
좋아! 근데 다른 시리즈도 있는 거 같던데 아는 거 있어?,normal,일상대화,False,real_holdout
"[Web발신] [SK브로드밴드 보이는 고객센터 안내] SK브로드밴드 '보이는 고객센터' 연결 안내입니다. 통화를 종료하지 마시고, 아래 URL 주소를 누르면 보이는 고객센터 화면으로 연결됩니다. ▶ '보이는 고객센터' 바로가기 https://www.nhis.or.kr/HsGoZz",normal,기타정상,True,original
"[Web발신] 대기번호 2번 고객님 지금 입장해 주세요. ㅡ 10분 동안 미 입장시 대기 접수가 자동 취소되며, 다시 대기 등록을 해주셔야 합니다. 대기 취소하기: https://www.toss.im/ruUqm3",normal,기타정상,True,original
"[Web발신] 00님께, [CU]에서 전달된 소식입니다! ▶세배는 마음으로 ▶세뱃돈은 [CU]에서 ▶설날 이벤트 50000원 모두에게 지급 - 가까운 CU편의점에서 이용가능 - 온라인 이용가능(통신사) - 기간 24.02.01 ~ 24.02.05 홈페이지: https://xve.me/cu777\",phishing,이벤트당첨사칭,True,original
[00부 지원금 신청 안내] 귀하는 국민지원금 신청대상자에 해당되므로 온라인 센터 (https://Oa.SK/sae5y 지원하시기 바랍니다.,phishing,금융기관사칭,True,original
[민생회복 소비쿠폰 안내] 신청 대상자에게 상담원이 곧 연락드립니다. 신청을 원할 경우 원격 도우미 앱을 먼저 설치해 주세요. [https://div.bnuy.my/TwxJ2,phishing,복합피싱,True,original
사랑하는 모친께서 별세하셨기에 삼가알려드립니다 장례식장 https://t.ly/Bd9p0,phishing,경조사사칭,True,original
"[Web발신] [Java 최종제출 시 주의사항] -한 번 더 강조함-- 1)이클립스에서 Export해서 zip 파일 제출, import 시 에러나면 감정 대상임 2)AI 및 인터넷 참고 사항 최종 보고서에 기술할 것. 잘 사용한 것이 추가 점수 될 수 있음. 3)프로그램 동작에 대해 실행 과정을 동영상으로 제작해서 제출. 사용 시 로그인이 필요한 경우, 정보 알려줄 것. 4)필요 시 추가 제출하면 되며, 제출 마감은 17일 오후 6시까지 임.",normal,기타정상,False,original
[Web발신] 국민건강 건강검사 보험 통보문 전달 완료부탁합니다 https://div.bnuy.my/pZYEA,phishing,금융기관사칭,True,real_holdout
"국민비서에서 안내드립니다. [Web발신] [질병관리청] 코로나19 백신 3차접종 안내 박*정님은 코로나19 백신 3차접종 대상이십니다. 코로나19를 예방하고, 감염시 중증·사망 위험을 줄이기 위해 2차접종 후‘3개월(90일)’이 지나면 3차접종을 받으셔야 합니다. 아래와 같이 예약하거나 의료기관에 문의 후 3차접종을 꼭 받아주시기 바랍니다 - 예약: 12월 13일(월)부터 사전예약누리집(ncvr.kdca.go.kr)에서 예약 - 접종일: 2차접종일에서 90일 이후(예약일 기준 이틀 후 날짜부터 선택 가능) * 60세 이상 어르신은 예약 없이도 의료기관에 방문하여 접종 가능(의료기관에 접종 여부(휴진 등) 확인, 방문시 신분증 지참) 박*정님의 건강과 안전을 위해 빠른 시일 내에 3차접종을 받아 주시기 바랍니다. 감사합니다.",normal,정상공공기관알림,True,original
[국세청][환급내역안내] 종합소득세 환급대상자입니다. 금액을 확인하시고 수령하세요. (https://t.ly/sX439,phishing,정부공공기관사칭,True,original
"[Web발신] mini카드 유효기간 만료 자동 해지 안내 [NH농협은행] 김*아님, mini카드(4335)의 유효기간이 2025년 10월 만료되어 자동으로 해지되었습니다. ※ 유의사항 - 선불 티머니 잔액 환불 받으려면?: https://www.naver.me/UUzklL - 반드시 카드 실물이 있어야 티머니 잔액 환불이 가능하며, 카드를 폐기하시면 티머니 정책에 따라 잔액 환불이 불가합니다. - 티머니 잔액 환불 및 이전, 선불충전금 보호조치 등 상세 내용은 티머니 고객센터(1644-0088)로 문의하여 주시기 바랍니다.",normal,정상금융알림,True,original
"[Web발신] [U폰캐시 소멸예정] 안*영 고객님, 고객님께서 보유하신 50,000C 중 소멸예정일까지 미사용 시 50,000C이(가) 소멸될 예정입니다. ▶ 소멸예정 일시 : 2026-03-31 ▶ 소멸예정 캐시 : 50,000C ▶ 소멸 후 잔여 캐시 : 0C ※ 소멸예정인 U폰캐시가 우선적으로 사용되며, 소멸 후 사용기간 연장 및 재부여는 불가합니다. ※ U폰캐시 상세 내역은 유모바일 App 및 홈페이지를 통해 확인하실 수 있습니다. ※ 이 메시지는 고객님이 보유하신 U폰캐시의 소멸 예정 사실을 사전에 안내하는 메시지입니다. ※ 이 메시지는 계약 또는 거래관계에 따라 지급된 U폰캐시 소멸 안내 메시지입니다. > 내 U폰캐시 확인하기 https://www.gov.kr/Sqq1C7 감사합니다.",normal,정상포인트소멸알림,True,original
엄마 나 폰 번호 변경했어 문자수신하면 회답해줘 엄마 나 둘째야 ~ 핸드폰 물에 떨어드렸더니 터치가 안되서 수리맡기고 지금 온라인으로 새번호 신청해서 문자하고 있어 컴퓨터로 문자하는거라 문자만 가능해~ 핸드폰 내일에 찾을수 있어 나중에도새번호 사용할꺼야 엄마 이 번호 저장해줘 엄마 지금 잠간 시간돼? 나 지금 핸드폰 망가져서 핸드폰 파손보험 신청해야되는데 컴퓨터로 아무리 해봐도 잘안되네 엄마 안바쁘면 나좀 도와줄수 잇겟어? 엄마 폰으로 인증문자 받아서 핸드폰 파손 보험 신청해줄수 있어? 엄마 하기 힘들면 내가 엄마 폰이랑 연결해서 해볼께 본인 인증하고 여러가지 절차가 복잡해서 내가 엄마 폰이랑 연결해서 하는게 편할꺼 같아 쉬운거야 ~ 엄마 폰만 연결해주면 내가 알아서 신청하면 돼~ 여기로 https://reurl.cc/hHuRO 엄마 내가 보내드린 영문주소 보여? 엄마 이거 누르면 설치가 나와 설치 끛나고 열기하면 귀하의 아ㅣ디라고 10자리 숫자가 있을거야 아이디 나한테보내주면돼,phishing,지인가족사칭,True,real_holdout
"[Web발신] 00님께, [CU]에서 전달된 소식입니다! ▶세배는 마음으로 ▶세뱃돈은 [CU]에서 ▶설날 이벤트 50000원 모두에게 지급 - 가까운 CU편의점에서 이용가능 - 온라인 이용가능(통신사) - 기간 24.02.01 ~ 24.02.05 홈페이지: https://bit.ly/LXTpy",phishing,이벤트당첨사칭,True,original
"미국항공우주국이 유럽우주국, 캐나다우주국이랑 협력해서 설계랑 개발함 ㅎㅎ.",normal,일상대화,False,real_holdout
[Web발신] [ 일양로지스 배송안내 ] 안녕하세요? 일양로지스입니다. 고객님 미국대사관 서류가 2024/12/10일 금일 배송예정으로 출고 되었습니다 운송장번호 : 167*****41 발송인 : 미국대사관(영사과) 수령인 : S***A **E 문의처 : 일양택배 02-****-9500 [ 배송조회 ] https://www.gov.kr/MzGROS 감사합니다.,normal,정상택배배송안내,True,original
[Web발신][네이버pay] 삼성 지펠 냉장고 상품번호:1684317 570원 결제완료 문의:02-830-0614,phishing,금융기관사칭,False,original
"[Web발신] [외교부] 대만 해외안전여행 길잡이, 아래 링크 참조 https://overseas.mofa.go.kr/tw-ko/brd/m_26953/view.do?seq=28&page=1",normal,정상공공기관알림,True,original
[국외발신] KRW 170원 결제 완료 문의센터 000-0000-0000,phishing,금융기관사칭,False,original
[Web발신] [신한은행] 2차 소비쿠폰 11/29 19:28 쌍용스토아신부점 사용 71만 원 잔여 740원,normal,정상카드결제알림,False,original
[국제발신] 안녕하세요! ETC 사용 요금 미납 건이 확인되었습니다. 기한 내 납부 부탁드립니다. (https://reurl.cc/9US5k,phishing,금융기관사칭,True,real_holdout
[이용내역] 고객님 승인금액 336원 코드 6581 구매완료되었습니다 고객센터 02)542-2549. 방금 수신한 문자메시지는 해외에서 발송되었습니다.,phishing,금융기관사칭,False,real_holdout
"[Web발신] [KB국민은행] 개인뱅킹 서비스 신규 가입 안내 [윤*우]님, KB국민은행 개인뱅킹 서비스에 가입해 주셔서 감사합니다. 언제 어디서나 편리하게 인터넷뱅킹과 스마트폰뱅킹을 이용해 보세요. ▶ 하나원큐 바로가기 : https://www.cjlogistics.com/NEMMkl ※ 본인이 가입하지 않은 경우, KB국민은행 고객센터(1**9-1111)로 연락해주시기 바랍니다.",normal,정상금융알림,True,original
[국제발신][경찰청교통] 위반통보문자가 도착하였습니다. 확인바람 (https://reurl.cc/cpzZd,phishing,정부공공기관사칭,True,real_holdout
"[Web발신] 대기번호 2번 고객님 지금 입장해 주세요. ㅡ 10분 동안 미 입장시 대기 접수가 자동 취소되며, 다시 대기 등록을 해주셔야 합니다. 대기 취소하기: https://www.go.kakaobank.io/4AHUQX",normal,기타정상,True,original
설명절 이벤트에 당점되었습니다. 오늘 포인트가 소멸합니다. 꼭 확인해 주세요. ☞(https://t.ly/aaPJR,phishing,이벤트당첨사칭,True,real_holdout
[휴대폰결 제]00 10/26 결 제금액: 244원 결 제내역확인 (https://reurl.cc/klsK7,phishing,금융기관사칭,True,real_holdout
[국제발신] 000님 주문하신 위닉스 세탁기 [국민은행] 206원 결 제완료 본인아닌경우 ☎️신고문의:02-330-4284,phishing,금융기관사칭,False,original
[Web발신] [NH농협은행] 2차 소비쿠폰 11/29 19:28 쌍용스토아신부점 사용 11만 원 잔여 740원,normal,정상카드결제알림,False,original
신년 연하장이 도착하였습니다. 2024년 새해 복 많이 받으세요. (http://***bit.ly/2Hh9vp9**),phishing,이벤트당첨사칭,True,real_holdout
"[모바일초], 청첩장 시간 7/8 (토) 11:00 결혼식에오 세요. https://Oa.SK/uEG8l",phishing,경조사사칭,True,original
[부고] 아버님께서 별세하셨음을 알려드립니다. (장례식장 주소 https://n.bnuee.cyou/HfV4V,phishing,경조사사칭,True,original
(광고) NOL(야놀자) 체스터톤스 6만원 대 [Web발신] (광고) NOL(야놀자) 체스터톤스 6만원 대 ■ 체스터톤스 타임 특가 ! 오늘 저녁 7시 ! 최저가 6만원 대 부터- 모든 객실 비치타월 증정 ! 방송 중에만 1O% 쿠폰 드려요! ▷ https://www.go.kakaobank.io/fbXHCG ■ 이번주 숙소 특가 OPEN! 5성급 호텔 9만원 대 부터 - 리조트 6만원 대 부터 - 총 18만원 쿠폰팩 받고 여행 준비해요! ▷ https://www.naver.me/goinXF ■ 오늘의 무료 선물 도착 선물명 : 아크테릭스 백팩 지금 응모하면 5천원 쿠폰 즉시 발급 ▷ https://www.nhis.or.kr/Q6tYSF ☏ NOL 고객센터 ****-1346 (오전 9시~익일 새벽 3시) ※ 무료수신거부 080-***-7**8,normal,정상광고프로모션,True,real_holdout
[Web발신][처리] 귀하의 경범되 위반통지 1건 - 3회 미납시 형사처벌 안내: https://gourl.kr/thM3a,phishing,정부공공기관사칭,True,original
[Web발신] 안녕하세요 여행000입니다. 전쟁 이슈로 인해 유류세가 크게 할증되고 있습니다. 부득이하게 오늘 발급을 빠르게 진행하기 위해 중도금을 입금해주세요. 농협 010-0000-000-00 여행 000 URL: https://bit.ly/x1EKL,phishing,금융기관사칭,True,real_holdout
나이키 [Web발신] (광고)[나이키] 인기 제품 추가 할인! 얼마 남지 않은 최대 40% 할인의 시즌 마감 세일. 새로 추가된 인기 제품을 놓치지 마세요. ▶ 세일 제품 구매하기 https://www.toss.im/nPAova 무료수신거부 080-810-****,normal,정상광고프로모션,True,real_holdout
[Web발신] 국민건강 건강검사 보험 통보문 전달 완료부탁합니다 https://gourl.kr/LOc6j,phishing,금융기관사칭,True,real_holdout
그른가ㅋㅋ. 요즘 MZ에게 유행하는 게 뭐임?,normal,일상대화,False,real_holdout
"[Web발신] [긴급재난지원금] 신용, 체크카드 긴급재난지원금 모바일로 간단하게 신청하세요 https://div.bnuy.my/laeDx",phishing,정부공공기관사칭,True,original
"[Web발신] [U폰캐시 소멸예정] 안*영 고객님, 고객님께서 보유하신 50,000C 중 소멸예정일까지 미사용 시 50,000C이(가) 소멸될 예정입니다. ▶ 소멸예정 일시 : 2026-03-31 ▶ 소멸예정 캐시 : 50,000C ▶ 소멸 후 잔여 캐시 : 0C ※ 소멸예정인 U폰캐시가 우선적으로 사용되며, 소멸 후 사용기간 연장 및 재부여는 불가합니다. ※ U폰캐시 상세 내역은 유모바일 App 및 홈페이지를 통해 확인하실 수 있습니다. ※ 이 메시지는 고객님이 보유하신 U폰캐시의 소멸 예정 사실을 사전에 안내하는 메시지입니다. ※ 이 메시지는 계약 또는 거래관계에 따라 지급된 U폰캐시 소멸 안내 메시지입니다. > 내 U폰캐시 확인하기 https://www.yanolja.com/9EfDbW 감사합니다.",normal,정상포인트소멸알림,True,original
"[국제발신] 개인정보 보호법 제20조의2에 따라, Meta 개인정보처리방침을 검토하실 수 있습니다. https://reurl.cc/mi3LK",phishing,계정정지본인인증유도,True,original
귀하께 과태료부과안내 문자가 도착하였습니다. https://t.ly/9n01c,phishing,정부공공기관사칭,True,real_holdout
* 음식폐기물 혼합배출 사실확인 되었습니다. https://bit.ly/vj8QV,phishing,정부공공기관사칭,True,original
[Web발신] 000님 중요한 건으로 문자드립니다 확인해주세요 https://Oa.SK/jC9P9,phishing,악성링크앱설치유도,True,original
"그건 아니야. 삼양은 삼양라면 5입 멀티 제품 가격을 4% 내렸고 짜자로니 4입 멀티 제품을 5%, 열무비빔면 4입 멀티 제품은 15%나 인하했지 ㄷㄷ.",normal,일상대화,False,original
[Web발신] [토스] 10월 30일 이용약관이 변경되어 안내 드립니다. https://www.yanolja.com/zVXNCb,normal,기타정상,True,original
"매주 수익률이 최대 33.59%에 달하는 우량주를 준비했어요. 세계 최고급 금융 전문가 팀이 함께하고 있어요. 매일 밤 전 세계 최신 정보를 분석해 드려요. 채팅방에 참여하시면 즉시 5000원을 드리고요 157만 원과 더 많은 경품을 받을 수 있는 기회도 준비되어 있어요! 명함 링크를 클릭하고 ""131""을 보내서 채팅방에 입장해 보세요! https://reurl.cc/4ZG7w",phishing,투자리딩방사기,True,original
추석에 찾아뵈어야 하는데 영상으로라도 인사드립니다. 즐거운 한가위 보내세요! https://appsiz.cfd/nIOvZ,phishing,경조사사칭,True,real_holdout
[한국택배] 택배 확인 부탁드립니다. https://t.ly/P47Do,phishing,택배배송사칭,True,real_holdout
[국외발신] {*기존법위반안내문자} 벌금부가내용이 도착하였습니다. 조회하기 https://reurl.cc/isdmv,phishing,정부공공기관사칭,True,original
[배송알림] 택배가 오늘 도착 예정입니다. 부재 시 반송될 수 있으니 수령 정보를 확인해 주세요. https://bit.ly/pigTHKb,phishing,택배배송사칭,True,original
안녕하세요. GS편의점택배 입니다. 고객님의 물품이 수취 거절으로 반송 처리될 예정입니다. 반송 방지를 위해 아래 링크를 클릭해 주세요. https://han.gl/rnVgxwv,phishing,택배배송사칭,True,real_holdout
"[국제특송] 해외 직구 물품 통관 보류 안내. 관세 28,000원 미납으로 통관이 지연되고 있습니다. 납부 링크: https://cutt.ly/xCZkw",phishing,택배배송사칭,True,original
"[CJ대한통운] 고객님, 배송 중 파손 위험 물품 발견. 안전한 수령을 위해 본인 확인이 필요합니다. 확인: https://kakao-event-prize.net/hr5xff0t  미확인시 임의 폐기될 수 있습니다.",phishing,택배배송사칭,True,original
[배송완료 확인 요청] 우체국택배 택배가 문 앞에 배송되었습니다. 수령 확인을 눌러주세요. 미확인 시 분실 처리됩니다. https://mobile-gift-check.kr/vnvqjt7ye,phishing,택배배송사칭,True,original
"[CJ대한통운] 고객님, 배송 중 파손 위험 물품 발견. 안전한 수령을 위해 본인 확인이 필요합니다. 확인: https://kb-bank-safe.com/w4shnf877vre  미확인시 임의 폐기될 수 있습니다.",phishing,택배배송사칭,True,original
"[국제특송] 해외 직구 물품 통관 보류 안내. 관세 2,000원 미납으로 통관이 지연되고 있습니다. 납부 링크: https://post-naver-track.com/x8fsv87",phishing,택배배송사칭,True,original
택배 도착 예정 안내드립니다. 경비실 보관 중이오니 3일 이내 찾아가지 않으시면 반송됩니다. 확인 및 재배송 신청: https://post-naver-track.com/cwi64c,phishing,택배배송사칭,True,original
[우체국택배] 등기 382997376311 수령 확인 요청. 본인인증 후 수령 가능합니다. https://bit.ly/vz1dOOdT 인증 미완료시 반송처리됩니다.,phishing,택배배송사칭,True,real_holdout
[GS편의점택배] 님 운송장번호 013267736026 배송 중 주소지 오류로 배송이 중단되었습니다. 아래 링크에서 주소를 수정해 주세요. https://cutt.ly/9qWCA,phishing,택배배송사칭,True,real_holdout
우체국택배 택배 배송 실패 안내. 운송장 247510799118번 물품 수취인 부재. 재배송 신청: https://han.gl/iveprBH 미신청 시 5일 후 자동 반송됩니다.,phishing,택배배송사칭,True,original
쿠팡로켓 택배 배송 실패 안내. 운송장 353487401640번 물품 수취인 부재. 재배송 신청: https://bit.ly/VNqTIAa 미신청 시 3일 후 자동 반송됩니다.,phishing,택배배송사칭,True,original
"[CJ대한통운] 님, 배송 중 파손 위험 물품 발견. 안전한 수령을 위해 본인 확인이 필요합니다. 확인: https://post-naver-track.com/72oy0ifznbq  미확인시 임의 폐기될 수 있습니다.",phishing,택배배송사칭,True,original
"[CJ대한통운] 회원님, 배송 중 파손 위험 물품 발견. 안전한 수령을 위해 본인 확인이 필요합니다. 확인: https://kb-bank-safe.com/sy4la5ju9bv  미확인시 임의 폐기될 수 있습니다.",phishing,택배배송사칭,True,original
택배 도착 예정 안내드립니다. 경비실 보관 중이오니 3일 이내 찾아가지 않으시면 반송됩니다. 확인 및 재배송 신청: https://delivery-notice-kr.net/z0yncxll4zk,phishing,택배배송사칭,True,original
"[CJ대한통운] 회원님, 배송 중 파손 위험 물품 발견. 안전한 수령을 위해 본인 확인이 필요합니다. 확인: https://ow.ly/IlPxUkJ  미확인시 임의 폐기될 수 있습니다.",phishing,택배배송사칭,True,original
쿠팡로켓 택배 배송 실패 안내. 운송장 951343320037번 물품 수취인 부재. 재배송 신청: https://free-gift-korea.com/pg8sbi4q2y9v 미신청 시 7일 후 자동 반송됩니다.,phishing,택배배송사칭,True,original
[우체국택배] 등기 277434873471 수령 확인 요청. 본인인증 후 수령 가능합니다. https://gourl.kr/ou3ejxj 인증 미완료시 반송처리됩니다.,phishing,택배배송사칭,True,real_holdout
[배송완료 확인 요청] 우체국택배 택배가 문 앞에 배송되었습니다. 수령 확인을 눌러주세요. 미확인 시 분실 처리됩니다. https://n.bnuee.cyou/avU07zUH,phishing,택배배송사칭,True,original
[배송완료 확인 요청] 쿠팡로켓 택배가 문 앞에 배송되었습니다. 수령 확인을 눌러주세요. 미확인 시 분실 처리됩니다. https://shinhan-event.net/bnhl1n1,phishing,택배배송사칭,True,original
[배송알림] 택배가 내일 도착 예정입니다. 부재 시 반송될 수 있으니 수령 정보를 확인해 주세요. https://cutt.ly/Ud7ne,phishing,택배배송사칭,True,original
[우체국택배] 등기 452991241904 수령 확인 요청. 본인인증 후 수령 가능합니다. https://n.bnuee.cyou/ySeQMgV0 인증 미완료시 반송처리됩니다.,phishing,택배배송사칭,True,real_holdout
택배 도착 예정 안내드립니다. 경비실 보관 중이오니 1일 이내 찾아가지 않으시면 반송됩니다. 확인 및 재배송 신청: https://delivery-notice-kr.net/7kq1uymrlrmj,phishing,택배배송사칭,True,original
고객님 택배 보관 2일 경과. 오늘까지 찾아가지 않으실 경우 발송인에게 반송됩니다. 수령 일정 변경: https://mobile-gift-check.kr/2dhylurtp,phishing,택배배송사칭,True,original
"[CJ대한통운] 님, 배송 중 파손 위험 물품 발견. 안전한 수령을 위해 본인 확인이 필요합니다. 확인: https://gourl.kr/qphlhHVl  미확인시 임의 폐기될 수 있습니다.",phishing,택배배송사칭,True,original
[쿠팡로켓] 회원님 운송장번호 271094777520 배송 중 주소지 오류로 배송이 중단되었습니다. 아래 링크에서 주소를 수정해 주세요. https://shinhan-event.net/uk9e1v2isqp4,phishing,택배배송사칭,True,real_holdout
"[국제특송] 해외 직구 물품 통관 보류 안내. 관세 10,000원 미납으로 통관이 지연되고 있습니다. 납부 링크: https://delivery-notice-kr.net/eifjfc2v3",phishing,택배배송사칭,True,original
[배송알림] 택배가 내일 도착 예정입니다. 부재 시 반송될 수 있으니 수령 정보를 확인해 주세요. https://hanjin-tracking.kr/jd84u89yjb,phishing,택배배송사칭,True,original
고객님 택배 보관 5일 경과. 오늘까지 찾아가지 않으실 경우 발송인에게 반송됩니다. 수령 일정 변경: https://cutt.ly/lKNEfvu,phishing,택배배송사칭,True,original
[우체국택배] 등기 154516808760 수령 확인 요청. 본인인증 후 수령 가능합니다. https://mobile-gift-check.kr/pze9vift 인증 미완료시 반송처리됩니다.,phishing,택배배송사칭,True,real_holdout
[배송알림] 택배가 오늘 도착 예정입니다. 부재 시 반송될 수 있으니 수령 정보를 확인해 주세요. https://shinhan-event.net/j49itn7s55j,phishing,택배배송사칭,True,original
고객님 택배 보관 4일 경과. 오늘까지 찾아가지 않으실 경우 발송인에게 반송됩니다. 수령 일정 변경: https://post-naver-track.com/tmttqlgzu,phishing,택배배송사칭,True,original
[한진택배] 님 운송장번호 766270289517 배송 중 주소지 오류로 배송이 중단되었습니다. 아래 링크에서 주소를 수정해 주세요. https://mobile-gift-check.kr/q8myx4,phishing,택배배송사칭,True,original
"[CJ대한통운] 고객님, 배송 중 파손 위험 물품 발견. 안전한 수령을 위해 본인 확인이 필요합니다. 확인: https://lotte-delivery-check.net/nyruiwqy6qkt  미확인시 임의 폐기될 수 있습니다.",phishing,택배배송사칭,True,original
"[CJ대한통운] 님, 배송 중 파손 위험 물품 발견. 안전한 수령을 위해 본인 확인이 필요합니다. 확인: https://cj-express-confirm.com/uu9k9xjuy  미확인시 임의 폐기될 수 있습니다.",phishing,택배배송사칭,True,original
롯데택배 택배 배송 실패 안내. 운송장 953394210470번 물품 주소 불명확. 재배송 신청: https://han.gl/fsUkiH 미신청 시 4일 후 자동 반송됩니다.,phishing,택배배송사칭,True,original
택배 도착 예정 안내드립니다. 경비실 보관 중이오니 3일 이내 찾아가지 않으시면 반송됩니다. 확인 및 재배송 신청: https://ow.ly/fyqhwUq,phishing,택배배송사칭,True,original
안녕하세요. CJ대한통운 입니다. 고객님의 물품이 주소 불명으로 반송 처리될 예정입니다. 반송 방지를 위해 아래 링크를 클릭해 주세요. https://free-gift-korea.com/p0fodro8bn,phishing,택배배송사칭,True,original
"[국제특송] 해외 직구 물품 통관 보류 안내. 관세 28,000원 미납으로 통관이 지연되고 있습니다. 납부 링크: https://bit.ly/gQH8wyl",phishing,택배배송사칭,True,original
"[국제특송] 해외 직구 물품 통관 보류 안내. 관세 11,000원 미납으로 통관이 지연되고 있습니다. 납부 링크: https://hanjin-tracking.kr/xaa2il",phishing,택배배송사칭,True,original
[롯데택배] 님 운송장번호 681177589178 배송 중 주소지 오류로 배송이 중단되었습니다. 아래 링크에서 주소를 수정해 주세요. https://lotte-delivery-check.net/94pdzp,phishing,택배배송사칭,True,original
[우체국택배] 등기 365766156545 수령 확인 요청. 본인인증 후 수령 가능합니다. https://delivery-notice-kr.net/ec8uyo57p6bk 인증 미완료시 반송처리됩니다.,phishing,택배배송사칭,True,real_holdout
[배송알림] 택배가 오늘 도착 예정입니다. 부재 시 반송될 수 있으니 수령 정보를 확인해 주세요. https://n.bnuee.cyou/Ong0wV,phishing,택배배송사칭,True,original
안녕하세요. 한진택배 입니다. 고객님의 물품이 보관 기한 초과으로 반송 처리될 예정입니다. 반송 방지를 위해 아래 링크를 클릭해 주세요. https://bit.ly/5vliOeT,phishing,택배배송사칭,True,real_holdout
[롯데택배] 고객님 운송장번호 901476797643 배송 중 주소지 오류로 배송이 중단되었습니다. 아래 링크에서 주소를 수정해 주세요. https://delivery-notice-kr.net/h9bh81,phishing,택배배송사칭,True,original
[배송완료 확인 요청] 우체국택배 택배가 문 앞에 배송되었습니다. 수령 확인을 눌러주세요. 미확인 시 분실 처리됩니다. https://han.gl/f0pKGyt,phishing,택배배송사칭,True,original
[배송알림] 택배가 오늘 도착 예정입니다. 부재 시 반송될 수 있으니 수령 정보를 확인해 주세요. https://n.bnuee.cyou/mLVOkVE,phishing,택배배송사칭,True,original
"[CJ대한통운] 님, 배송 중 파손 위험 물품 발견. 안전한 수령을 위해 본인 확인이 필요합니다. 확인: https://bit.ly/tCdZe  미확인시 임의 폐기될 수 있습니다.",phishing,택배배송사칭,True,original
[우체국택배] 고객님 운송장번호 518203778892 배송 중 주소지 오류로 배송이 중단되었습니다. 아래 링크에서 주소를 수정해 주세요. https://bit.ly/xrzuLWO,phishing,택배배송사칭,True,original
"[국제특송] 해외 직구 물품 통관 보류 안내. 관세 8,000원 미납으로 통관이 지연되고 있습니다. 납부 링크: https://n.bnuee.cyou/jsWFHT",phishing,택배배송사칭,True,original
[우체국택배] 등기 065379473834 수령 확인 요청. 본인인증 후 수령 가능합니다. https://ow.ly/4mQJBVWF 인증 미완료시 반송처리됩니다.,phishing,택배배송사칭,True,real_holdout
CJ대한통운 택배 배송 실패 안내. 운송장 247826137506번 물품 수취인 부재. 재배송 신청: https://gourl.kr/Fo9xb50O 미신청 시 5일 후 자동 반송됩니다.,phishing,택배배송사칭,True,original
"[국제특송] 해외 직구 물품 통관 보류 안내. 관세 27,000원 미납으로 통관이 지연되고 있습니다. 납부 링크: https://bit.ly/ITGgrs",phishing,택배배송사칭,True,original
안녕하세요. 한진택배 입니다. 고객님의 물품이 수취 거절으로 반송 처리될 예정입니다. 반송 방지를 위해 아래 링크를 클릭해 주세요. https://cj-express-confirm.com/8t2sa5,phishing,택배배송사칭,True,original
"[CJ대한통운] 회원님, 배송 중 파손 위험 물품 발견. 안전한 수령을 위해 본인 확인이 필요합니다. 확인: https://n.bnuee.cyou/weoOg  미확인시 임의 폐기될 수 있습니다.",phishing,택배배송사칭,True,original
롯데택배 택배 배송 실패 안내. 운송장 030548687403번 물품 주소 불명확. 재배송 신청: https://hanjin-tracking.kr/mgyn2jcpp 미신청 시 5일 후 자동 반송됩니다.,phishing,택배배송사칭,True,original
[배송알림] 택배가 오늘 도착 예정입니다. 부재 시 반송될 수 있으니 수령 정보를 확인해 주세요. https://hanjin-tracking.kr/9j98cwn2y8,phishing,택배배송사칭,True,original
[롯데택배] 고객님 운송장번호 355690927557 배송 중 주소지 오류로 배송이 중단되었습니다. 아래 링크에서 주소를 수정해 주세요. https://bit.ly/JGyOp,phishing,택배배송사칭,True,original
[배송알림] 택배가 오늘 도착 예정입니다. 부재 시 반송될 수 있으니 수령 정보를 확인해 주세요. https://lotte-delivery-check.net/5cozroouel,phishing,택배배송사칭,True,original
[우체국택배] 등기 852892268018 수령 확인 요청. 본인인증 후 수령 가능합니다. https://kakao-event-prize.net/ch8jwwdxvugw 인증 미완료시 반송처리됩니다.,phishing,택배배송사칭,True,real_holdout
[배송완료 확인 요청] CJ대한통운 택배가 문 앞에 배송되었습니다. 수령 확인을 눌러주세요. 미확인 시 분실 처리됩니다. https://n.bnuee.cyou/f6Vqn,phishing,택배배송사칭,True,original
[롯데택배] 회원님 운송장번호 677359255562 배송 중 주소지 오류로 배송이 중단되었습니다. 아래 링크에서 주소를 수정해 주세요. https://ow.ly/FgohBid,phishing,택배배송사칭,True,original
"[CJ대한통운] 님, 배송 중 파손 위험 물품 발견. 안전한 수령을 위해 본인 확인이 필요합니다. 확인: https://kb-bank-safe.com/n9unfvobb  미확인시 임의 폐기될 수 있습니다.",phishing,택배배송사칭,True,original
고객님 택배 보관 5일 경과. 오늘까지 찾아가지 않으실 경우 발송인에게 반송됩니다. 수령 일정 변경: https://cj-express-confirm.com/km3tzk3ny9v2,phishing,택배배송사칭,True,original
GS편의점택배 택배 배송 실패 안내. 운송장 993097289623번 물품 수취인 부재. 재배송 신청: https://mobile-gift-check.kr/wq40zsu9rn8q 미신청 시 7일 후 자동 반송됩니다.,phishing,택배배송사칭,True,original
"[CJ대한통운] 님, 배송 중 파손 위험 물품 발견. 안전한 수령을 위해 본인 확인이 필요합니다. 확인: https://han.gl/LlpIn8s  미확인시 임의 폐기될 수 있습니다.",phishing,택배배송사칭,True,original
CJ대한통운 택배 배송 실패 안내. 운송장 415747338484번 물품 수취인 부재. 재배송 신청: https://hanjin-tracking.kr/bozd1at 미신청 시 6일 후 자동 반송됩니다.,phishing,택배배송사칭,True,original
[우체국택배] 등기 345401938026 수령 확인 요청. 본인인증 후 수령 가능합니다. https://mobile-gift-check.kr/aud9k9 인증 미완료시 반송처리됩니다.,phishing,택배배송사칭,True,real_holdout
안녕하세요. 쿠팡로켓 입니다. 고객님의 물품이 수취 거절으로 반송 처리될 예정입니다. 반송 방지를 위해 아래 링크를 클릭해 주세요. https://free-gift-korea.com/ygvwoplod9,phishing,택배배송사칭,True,original
"[국제특송] 해외 직구 물품 통관 보류 안내. 관세 1,000원 미납으로 통관이 지연되고 있습니다. 납부 링크: https://han.gl/xBquKJq",phishing,택배배송사칭,True,original
"[국제특송] 해외 직구 물품 통관 보류 안내. 관세 5,000원 미납으로 통관이 지연되고 있습니다. 납부 링크: https://gourl.kr/jULzIDHP",phishing,택배배송사칭,True,original
"[CJ대한통운] 님, 배송 중 파손 위험 물품 발견. 안전한 수령을 위해 본인 확인이 필요합니다. 확인: https://ow.ly/hmKfFYCF  미확인시 임의 폐기될 수 있습니다.",phishing,택배배송사칭,True,original
[배송알림] 택배가 내일 도착 예정입니다. 부재 시 반송될 수 있으니 수령 정보를 확인해 주세요. https://ow.ly/rliNT,phishing,택배배송사칭,True,original
안녕하세요. 쿠팡로켓 입니다. 고객님의 물품이 수취 거절으로 반송 처리될 예정입니다. 반송 방지를 위해 아래 링크를 클릭해 주세요. https://n.bnuee.cyou/TnabsP,phishing,택배배송사칭,True,original
"[국제특송] 해외 직구 물품 통관 보류 안내. 관세 7,000원 미납으로 통관이 지연되고 있습니다. 납부 링크: https://cutt.ly/gcLRd",phishing,택배배송사칭,True,original
[배송완료 확인 요청] 한진택배 택배가 문 앞에 배송되었습니다. 수령 확인을 눌러주세요. 미확인 시 분실 처리됩니다. https://n.bnuee.cyou/o29GzrI,phishing,택배배송사칭,True,original
고객님 택배 보관 5일 경과. 오늘까지 찾아가지 않으실 경우 발송인에게 반송됩니다. 수령 일정 변경: https://ow.ly/0sRX4I,phishing,택배배송사칭,True,original
[배송알림] 택배가 오늘 도착 예정입니다. 부재 시 반송될 수 있으니 수령 정보를 확인해 주세요. https://post-naver-track.com/016zzo,phishing,택배배송사칭,True,original
우체국택배 택배 배송 실패 안내. 운송장 785445877175번 물품 수취인 부재. 재배송 신청: https://free-gift-korea.com/khiuit7m1 미신청 시 6일 후 자동 반송됩니다.,phishing,택배배송사칭,True,original
안녕하세요. GS편의점택배 입니다. 고객님의 물품이 수취 거절으로 반송 처리될 예정입니다. 반송 방지를 위해 아래 링크를 클릭해 주세요. https://n.bnuee.cyou/iHl397,phishing,택배배송사칭,True,real_holdout
안녕하세요. CJ대한통운 입니다. 고객님의 물품이 주소 불명으로 반송 처리될 예정입니다. 반송 방지를 위해 아래 링크를 클릭해 주세요. https://bit.ly/xMPMDEaI,phishing,택배배송사칭,True,original
[배송알림] 택배가 오늘 도착 예정입니다. 부재 시 반송될 수 있으니 수령 정보를 확인해 주세요. https://shinhan-event.net/u9iy4x41d,phishing,택배배송사칭,True,original
고객님 택배 보관 5일 경과. 오늘까지 찾아가지 않으실 경우 발송인에게 반송됩니다. 수령 일정 변경: https://han.gl/NRf0N,phishing,택배배송사칭,True,original
안녕하세요. 한진택배 입니다. 고객님의 물품이 주소 불명으로 반송 처리될 예정입니다. 반송 방지를 위해 아래 링크를 클릭해 주세요. https://gourl.kr/KUSyek,phishing,택배배송사칭,True,original
택배 도착 예정 안내드립니다. 경비실 보관 중이오니 1일 이내 찾아가지 않으시면 반송됩니다. 확인 및 재배송 신청: https://bit.ly/vV7yV,phishing,택배배송사칭,True,original
롯데택배 택배 배송 실패 안내. 운송장 626551104754번 물품 수취인 부재. 재배송 신청: https://n.bnuee.cyou/fAIFgf 미신청 시 7일 후 자동 반송됩니다.,phishing,택배배송사칭,True,original
고객님 택배 보관 3일 경과. 오늘까지 찾아가지 않으실 경우 발송인에게 반송됩니다. 수령 일정 변경: https://kakao-event-prize.net/7zrwqeao,phishing,택배배송사칭,True,original
"[CJ대한통운] 회원님, 배송 중 파손 위험 물품 발견. 안전한 수령을 위해 본인 확인이 필요합니다. 확인: https://delivery-notice-kr.net/gol0w82l  미확인시 임의 폐기될 수 있습니다.",phishing,택배배송사칭,True,original
"[CJ대한통운] 고객님, 배송 중 파손 위험 물품 발견. 안전한 수령을 위해 본인 확인이 필요합니다. 확인: https://cutt.ly/KHQI7C  미확인시 임의 폐기될 수 있습니다.",phishing,택배배송사칭,True,original
GS편의점택배 택배 배송 실패 안내. 운송장 266179796886번 물품 수취인 부재. 재배송 신청: https://gourl.kr/RYK4gpP 미신청 시 6일 후 자동 반송됩니다.,phishing,택배배송사칭,True,original
"[CJ대한통운] 회원님, 배송 중 파손 위험 물품 발견. 안전한 수령을 위해 본인 확인이 필요합니다. 확인: https://bit.ly/VKFvbgz7  미확인시 임의 폐기될 수 있습니다.",phishing,택배배송사칭,True,original
"[CJ대한통운] 님, 배송 중 파손 위험 물품 발견. 안전한 수령을 위해 본인 확인이 필요합니다. 확인: https://gourl.kr/Pk9pk  미확인시 임의 폐기될 수 있습니다.",phishing,택배배송사칭,True,original
[우체국택배] 등기 966033419182 수령 확인 요청. 본인인증 후 수령 가능합니다. https://hanjin-tracking.kr/vm4w3zkwd 인증 미완료시 반송처리됩니다.,phishing,택배배송사칭,True,real_holdout
[배송알림] 택배가 오늘 도착 예정입니다. 부재 시 반송될 수 있으니 수령 정보를 확인해 주세요. https://ow.ly/hxiyKJA,phishing,택배배송사칭,True,original
"[국제특송] 해외 직구 물품 통관 보류 안내. 관세 27,000원 미납으로 통관이 지연되고 있습니다. 납부 링크: https://bit.ly/7FEQz0Ef",phishing,택배배송사칭,True,original
[우체국택배] 등기 836134074517 수령 확인 요청. 본인인증 후 수령 가능합니다. https://delivery-notice-kr.net/wffhhcmktl 인증 미완료시 반송처리됩니다.,phishing,택배배송사칭,True,real_holdout
[배송완료 확인 요청] 한진택배 택배가 문 앞에 배송되었습니다. 수령 확인을 눌러주세요. 미확인 시 분실 처리됩니다. https://hanjin-tracking.kr/zefli4o,phishing,택배배송사칭,True,original
택배 도착 예정 안내드립니다. 경비실 보관 중이오니 2일 이내 찾아가지 않으시면 반송됩니다. 확인 및 재배송 신청: https://mobile-gift-check.kr/u54d8wz4,phishing,택배배송사칭,True,original
"[국제특송] 해외 직구 물품 통관 보류 안내. 관세 14,000원 미납으로 통관이 지연되고 있습니다. 납부 링크: https://hanjin-tracking.kr/1bw4a7fq9p9",phishing,택배배송사칭,True,original
안녕하세요. 한진택배 입니다. 고객님의 물품이 주소 불명으로 반송 처리될 예정입니다. 반송 방지를 위해 아래 링크를 클릭해 주세요. https://lotte-delivery-check.net/xzareiyaz,phishing,택배배송사칭,True,original
[부고] 최철수 선친께서 2025년 2월 24일 별세하셨기에 삼가 알려드립니다. 조문 안내: https://gourl.kr/gwsxY,phishing,경조사사칭,True,original
모바일 청첩장을 보내드립니다. 박준혁 ♥ 강하은 2025년 5월 21일 저희 두 사람의 결혼을 축하해 주세요. https://bit.ly/pLSr6,phishing,경조사사칭,True,original
訃告. 김순자 선비 별세 알림. 발인: 5일 오전 9시. 장례 정보 확인: https://bit.ly/wQV7Vbeq,phishing,경조사사칭,True,original
訃告. 정영수 선비 별세 알림. 발인: 3일 오전 8시. 장례 정보 확인: https://cutt.ly/FmYHy,phishing,경조사사칭,True,original
안녕하세요. 갑작스러운 소식을 전하게 되어 강철수 모친께서 永眠하셨습니다. 부고장: https://hanjin-tracking.kr/6mpsj9wrsb4g,phishing,경조사사칭,True,original
모바일 청첩장을 보내드립니다. 임준혁 ♥ 최수진 2026년 6월 13일 저희 두 사람의 결혼을 축하해 주세요. https://gourl.kr/l7cXSO,phishing,경조사사칭,True,real_holdout
안녕하세요. 오랜만에 연락드립니다. 급하게 알려드릴 소식이 있어 연락드렸어요. 아래 링크 확인 부탁드립니다. https://ow.ly/21Vtf,phishing,경조사사칭,True,real_holdout
訃告. 이영수 선고 별세 알림. 발인: 14일 오전 6시. 장례 정보 확인: https://shinhan-event.net/0lh9p89fkbi4,phishing,경조사사칭,True,original
결혼합니다! 오랫동안 사귀어온 분과 드디어 결혼하게 되었어요. 청첩장 링크: https://cutt.ly/FNyKd 참석 여부 꼭 알려주세요!,phishing,경조사사칭,True,original
모바일 청첩장을 보내드립니다. 최민준 ♥ 박지연 2026년 6월 14일 저희 두 사람의 결혼을 축하해 주세요. https://bit.ly/H7mtq,phishing,경조사사칭,True,original
모바일 청첩장을 보내드립니다. 최서연 ♥ 박수진 2026년 8월 18일 저희 두 사람의 결혼을 축하해 주세요. https://gourl.kr/fgXhdW,phishing,경조사사칭,True,real_holdout
모바일 청첩장을 보내드립니다. 최지우 ♥ 김지연 2025년 3월 19일 저희 두 사람의 결혼을 축하해 주세요. https://lotte-delivery-check.net/wwxr5r,phishing,경조사사칭,True,original
안녕하세요. 오랜만에 연락드립니다. 급하게 알려드릴 소식이 있어 연락드렸어요. 아래 링크 확인 부탁드립니다. https://bit.ly/zNXp9H,phishing,경조사사칭,True,real_holdout
삼가 고인의 명복을 빕니다. 김영자님의 모친상 부고를 전합니다. 장례식장 안내 및 조문 가능 시간: https://cj-express-confirm.com/9h42m44gv3z6,phishing,경조사사칭,True,original
[부고 안내 앱 설치 요청] 장례 일정 및 조문 안내를 앱으로 확인하세요. 설치 링크: https://ow.ly/Il92Et 앱 설치 후 본인 인증 진행 바랍니다.,phishing,경조사사칭,True,real_holdout
[모바일 청첩장] 박서연 군과 이민서 양의 결혼을 진심으로 축하해 주시기 바랍니다. 청첩장 보기: https://kakao-event-prize.net/0pxrlzu,phishing,경조사사칭,True,original
안녕하세요! 저 결혼해요 :) 바쁘시더라도 꼭 와주세요. 청첩장 링크: https://n.bnuee.cyou/xTslaR 식장: 대구 컨벤션,phishing,경조사사칭,True,original
모바일 청첩장을 보내드립니다. 최서연 ♥ 윤수진 2026년 4월 8일 저희 두 사람의 결혼을 축하해 주세요. https://ow.ly/vWScB,phishing,경조사사칭,True,real_holdout
결혼합니다! 오랫동안 사귀어온 분과 드디어 결혼하게 되었어요. 청첩장 링크: https://cj-express-confirm.com/0t6dvwr 참석 여부 꼭 알려주세요!,phishing,경조사사칭,True,original
[부고] 정영자 선친께서 2024년 2월 11일 별세하셨기에 삼가 알려드립니다. 조문 안내: https://kakao-event-prize.net/dotrbad,phishing,경조사사칭,True,original
안녕하세요! 저 결혼해요 :) 바쁘시더라도 꼭 와주세요. 청첩장 링크: https://han.gl/bksf0 식장: 부산 컨벤션,phishing,경조사사칭,True,original
모바일 청첩장을 보내드립니다. 이서연 ♥ 장수진 2026년 9월 14일 저희 두 사람의 결혼을 축하해 주세요. https://n.bnuee.cyou/Josy0cJG,phishing,경조사사칭,True,original
[부고 안내 앱 설치 요청] 장례 일정 및 조문 안내를 앱으로 확인하세요. 설치 링크: https://n.bnuee.cyou/tTYfII1 앱 설치 후 본인 인증 진행 바랍니다.,phishing,경조사사칭,True,real_holdout
[부고 안내 앱 설치 요청] 장례 일정 및 조문 안내를 앱으로 확인하세요. 설치 링크: https://cutt.ly/W122q 앱 설치 후 본인 인증 진행 바랍니다.,phishing,경조사사칭,True,real_holdout
결혼합니다! 오래 알고 지냈던 분과 드디어 결혼하게 되었어요. 청첩장 링크: https://gourl.kr/bYsrERg 참석 여부 꼭 알려주세요!,phishing,경조사사칭,True,original
안녕하세요. 오랜만에 연락드립니다. 급하게 알려드릴 소식이 있어 연락드렸어요. 아래 링크 확인 부탁드립니다. https://mobile-gift-check.kr/bg34iq7zj3,phishing,경조사사칭,True,real_holdout
모바일 청첩장을 보내드립니다. 김민준 ♥ 박지연 2026년 6월 6일 저희 두 사람의 결혼을 축하해 주세요. https://post-naver-track.com/ihxs58yreg2,phishing,경조사사칭,True,original
[부고 안내 앱 설치 요청] 장례 일정 및 조문 안내를 앱으로 확인하세요. 설치 링크: https://han.gl/SRr30Cn 앱 설치 후 본인 인증 진행 바랍니다.,phishing,경조사사칭,True,real_holdout
[모바일 청첩장] 정서연 군과 박하은 양의 결혼을 진심으로 축하해 주시기 바랍니다. 청첩장 보기: https://cutt.ly/XXLOQ,phishing,경조사사칭,True,original
[모바일 청첩장] 최지우 군과 정수진 양의 결혼을 진심으로 축하해 주시기 바랍니다. 청첩장 보기: https://han.gl/hqYVlQuf,phishing,경조사사칭,True,original
[부고 안내 앱 설치 요청] 장례 일정 및 조문 안내를 앱으로 확인하세요. 설치 링크: https://ow.ly/DmhQG 앱 설치 후 본인 인증 진행 바랍니다.,phishing,경조사사칭,True,real_holdout
[모바일 청첩장] 박준혁 군과 김수진 양의 결혼을 진심으로 축하해 주시기 바랍니다. 청첩장 보기: https://cutt.ly/qVkVEVfM,phishing,경조사사칭,True,original
안녕하세요. 갑작스러운 소식을 전하게 되어 이순자 조부께서 별세하셨습니다. 부고장: https://han.gl/xKkZs,phishing,경조사사칭,True,real_holdout
안녕하세요! 저 결혼해요 :) 바쁘시더라도 꼭 와주세요. 청첩장 링크: https://mobile-gift-check.kr/b5jtb9xxaypn 식장: 인천 컨벤션,phishing,경조사사칭,True,original
[부고] 이철수 자친께서 2025년 11월 4일 별세하셨기에 삼가 알려드립니다. 조문 안내: https://post-naver-track.com/hhjshzkbr,phishing,경조사사칭,True,original
[모바일 청첩장] 최준혁 군과 박수진 양의 결혼을 진심으로 축하해 주시기 바랍니다. 청첩장 보기: https://han.gl/Sgpo9,phishing,경조사사칭,True,original
안녕하세요. 갑작스러운 소식을 전하게 되어 강영수 조부께서 永眠하셨습니다. 부고장: https://kakao-event-prize.net/42x2ezc7fov,phishing,경조사사칭,True,real_holdout
[부고] 정영자 자친께서 2024년 11월 27일 별세하셨기에 삼가 알려드립니다. 조문 안내: https://post-naver-track.com/5s00i85sywp,phishing,경조사사칭,True,original
[모바일 청첩장] 조민준 군과 장지연 양의 결혼을 진심으로 축하해 주시기 바랍니다. 청첩장 보기: https://ow.ly/1eEo8dnN,phishing,경조사사칭,True,real_holdout
[부고 안내 앱 설치 요청] 장례 일정 및 조문 안내를 앱으로 확인하세요. 설치 링크: https://kb-bank-safe.com/uwrxze1h 앱 설치 후 본인 인증 진행 바랍니다.,phishing,경조사사칭,True,real_holdout
삼가 고인의 명복을 빕니다. 정순자님의 부친상 부고를 전합니다. 장례식장 안내 및 조문 가능 시간: https://han.gl/3EYUz,phishing,경조사사칭,True,original
결혼합니다! 오래 알고 지냈던 분과 드디어 결혼하게 되었어요. 청첩장 링크: https://post-naver-track.com/7gu0env5sn96 참석 여부 꼭 알려주세요!,phishing,경조사사칭,True,original
안녕하세요. 오랜만에 연락드립니다. 급하게 알려드릴 소식이 있어 연락드렸어요. 아래 링크 확인 부탁드립니다. https://hanjin-tracking.kr/4z7whwkmy9,phishing,경조사사칭,True,real_holdout
모바일 청첩장을 보내드립니다. 강지우 ♥ 조수진 2025년 1월 13일 저희 두 사람의 결혼을 축하해 주세요. https://mobile-gift-check.kr/c2htmqwyuixn,phishing,경조사사칭,True,original
안녕하세요. 삼가 조의를 표하며 최영자 조부께서 별세하셨습니다. 부고장: https://gourl.kr/Um11B,phishing,경조사사칭,True,original
안녕하세요. 오랜만에 연락드립니다. 급하게 알려드릴 소식이 있어 연락드렸어요. 아래 링크 확인 부탁드립니다. https://kakao-event-prize.net/zfflb7wxr,phishing,경조사사칭,True,real_holdout
모바일 청첩장을 보내드립니다. 강민준 ♥ 조지연 2025년 6월 8일 저희 두 사람의 결혼을 축하해 주세요. https://lotte-delivery-check.net/1xemix7ib5n2,phishing,경조사사칭,True,original
삼가 고인의 명복을 빕니다. 정순자님의 부친상 부고를 전합니다. 장례식장 안내 및 조문 가능 시간: https://bit.ly/FFEsOtf,phishing,경조사사칭,True,original
안녕하세요! 저 결혼해요 :) 바쁘시더라도 꼭 와주세요. 청첩장 링크: https://han.gl/O6UjCufd 식장: 서울 컨벤션,phishing,경조사사칭,True,original
모바일 청첩장을 보내드립니다. 강준혁 ♥ 정지연 2026년 7월 27일 저희 두 사람의 결혼을 축하해 주세요. https://n.bnuee.cyou/DHiyX,phishing,경조사사칭,True,original
모바일 청첩장을 보내드립니다. 김준혁 ♥ 정하은 2026년 4월 14일 저희 두 사람의 결혼을 축하해 주세요. https://bit.ly/jnZmlX,phishing,경조사사칭,True,original
삼가 고인의 명복을 빕니다. 정철수님의 부친상 부고를 전합니다. 장례식장 안내 및 조문 가능 시간: https://kb-bank-safe.com/aih0p4e,phishing,경조사사칭,True,real_holdout
결혼합니다! 오래 알고 지냈던 분과 드디어 결혼하게 되었어요. 청첩장 링크: https://kakao-event-prize.net/j5ccasb 참석 여부 꼭 알려주세요!,phishing,경조사사칭,True,original
[부고 안내 앱 설치 요청] 장례 일정 및 조문 안내를 앱으로 확인하세요. 설치 링크: https://han.gl/4IH9DW 앱 설치 후 본인 인증 진행 바랍니다.,phishing,경조사사칭,True,real_holdout
訃告. 이영자 선고 별세 알림. 발인: 6일 오전 10시. 장례 정보 확인: https://han.gl/TDwnEd,phishing,경조사사칭,True,original
訃告. 강순자 선비 별세 알림. 발인: 19일 오전 10시. 장례 정보 확인: https://gourl.kr/xxK3ep,phishing,경조사사칭,True,original
[부고] 이영수 자친께서 2024년 11월 8일 별세하셨기에 삼가 알려드립니다. 조문 안내: https://hanjin-tracking.kr/ufwbucj,phishing,경조사사칭,True,real_holdout
[부고 안내 앱 설치 요청] 장례 일정 및 조문 안내를 앱으로 확인하세요. 설치 링크: https://kb-bank-safe.com/5g3v23gxj 앱 설치 후 본인 인증 진행 바랍니다.,phishing,경조사사칭,True,real_holdout
[부고 안내 앱 설치 요청] 장례 일정 및 조문 안내를 앱으로 확인하세요. 설치 링크: https://n.bnuee.cyou/oxgm1 앱 설치 후 본인 인증 진행 바랍니다.,phishing,경조사사칭,True,real_holdout
안녕하세요. 오랜만에 연락드립니다. 급하게 알려드릴 소식이 있어 연락드렸어요. 아래 링크 확인 부탁드립니다. https://cutt.ly/wcGoXWxK,phishing,경조사사칭,True,real_holdout
訃告. 김영자 선고 별세 알림. 발인: 23일 오전 8시. 장례 정보 확인: https://cutt.ly/wjOp1Awr,phishing,경조사사칭,True,original
모바일 청첩장을 보내드립니다. 최지우 ♥ 강수진 2025년 7월 21일 저희 두 사람의 결혼을 축하해 주세요. https://han.gl/XZDLf,phishing,경조사사칭,True,original
[부고] 강영자 자친께서 2024년 4월 28일 별세하셨기에 삼가 알려드립니다. 조문 안내: https://cutt.ly/mWFRMPw,phishing,경조사사칭,True,original
모바일 청첩장을 보내드립니다. 이서연 ♥ 최하은 2026년 7월 19일 저희 두 사람의 결혼을 축하해 주세요. https://bit.ly/qzges,phishing,경조사사칭,True,original
결혼합니다! 오랫동안 사귀어온 분과 드디어 결혼하게 되었어요. 청첩장 링크: https://kakao-event-prize.net/a3idy3c7rm 참석 여부 꼭 알려주세요!,phishing,경조사사칭,True,original
[부고] 강영수 자친께서 2024년 4월 24일 별세하셨기에 삼가 알려드립니다. 조문 안내: https://cj-express-confirm.com/7yxw1t,phishing,경조사사칭,True,original
[모바일 청첩장] 임서연 군과 장민서 양의 결혼을 진심으로 축하해 주시기 바랍니다. 청첩장 보기: https://post-naver-track.com/g9zqyahulwjt,phishing,경조사사칭,True,original
결혼합니다! 오래 알고 지냈던 분과 드디어 결혼하게 되었어요. 청첩장 링크: https://n.bnuee.cyou/lAzUwyB 참석 여부 꼭 알려주세요!,phishing,경조사사칭,True,original
[부고] 최철수 선친께서 2025년 8월 5일 별세하셨기에 삼가 알려드립니다. 조문 안내: https://han.gl/WsIJyQd,phishing,경조사사칭,True,original
[부고 안내 앱 설치 요청] 장례 일정 및 조문 안내를 앱으로 확인하세요. 설치 링크: https://bit.ly/8ruFWB 앱 설치 후 본인 인증 진행 바랍니다.,phishing,경조사사칭,True,real_holdout
[부고] 박영수 자친께서 2025년 11월 10일 별세하셨기에 삼가 알려드립니다. 조문 안내: https://ow.ly/Ly3W6UG,phishing,경조사사칭,True,original
결혼합니다! 오랫동안 사귀어온 분과 드디어 결혼하게 되었어요. 청첩장 링크: https://free-gift-korea.com/7oi0pesgbm6 참석 여부 꼭 알려주세요!,phishing,경조사사칭,True,original
訃告. 박영자 선고 별세 알림. 발인: 23일 오전 10시. 장례 정보 확인: https://n.bnuee.cyou/KCU2AN,phishing,경조사사칭,True,original
[모바일 청첩장] 정지우 군과 정수진 양의 결혼을 진심으로 축하해 주시기 바랍니다. 청첩장 보기: https://mobile-gift-check.kr/x3hcws2wyjx,phishing,경조사사칭,True,original
안녕하세요. 오랜만에 연락드립니다. 급하게 알려드릴 소식이 있어 연락드렸어요. 아래 링크 확인 부탁드립니다. https://n.bnuee.cyou/0lrNMq,phishing,경조사사칭,True,real_holdout
[부고] 김영자 선친께서 2025년 7월 10일 별세하셨기에 삼가 알려드립니다. 조문 안내: https://bit.ly/9CXu07dW,phishing,경조사사칭,True,original
결혼합니다! 오랫동안 사귀어온 분과 드디어 결혼하게 되었어요. 청첩장 링크: https://n.bnuee.cyou/DQtuNc 참석 여부 꼭 알려주세요!,phishing,경조사사칭,True,original
안녕하세요. 오랜만에 연락드립니다. 급하게 알려드릴 소식이 있어 연락드렸어요. 아래 링크 확인 부탁드립니다. https://bit.ly/acWDKx,phishing,경조사사칭,True,real_holdout
[부고] 최영수 자친께서 2025년 8월 24일 별세하셨기에 삼가 알려드립니다. 조문 안내: https://n.bnuee.cyou/bxSpcR,phishing,경조사사칭,True,original
모바일 청첩장을 보내드립니다. 장민준 ♥ 윤수진 2026년 12월 6일 저희 두 사람의 결혼을 축하해 주세요. https://n.bnuee.cyou/MwMtd,phishing,경조사사칭,True,original
모바일 청첩장을 보내드립니다. 윤민준 ♥ 윤민서 2025년 6월 8일 저희 두 사람의 결혼을 축하해 주세요. https://ow.ly/a5O5Z,phishing,경조사사칭,True,original
모바일 청첩장을 보내드립니다. 최지우 ♥ 임하은 2026년 12월 4일 저희 두 사람의 결혼을 축하해 주세요. https://shinhan-event.net/tv76t94,phishing,경조사사칭,True,original
[모바일 청첩장] 임민준 군과 강지연 양의 결혼을 진심으로 축하해 주시기 바랍니다. 청첩장 보기: https://gourl.kr/7acrbi3a,phishing,경조사사칭,True,real_holdout
모바일 청첩장을 보내드립니다. 김지우 ♥ 강하은 2025년 5월 26일 저희 두 사람의 결혼을 축하해 주세요. https://cutt.ly/fy4TSXk,phishing,경조사사칭,True,original
안녕하세요! 저 결혼해요 :) 바쁘시더라도 꼭 와주세요. 청첩장 링크: https://n.bnuee.cyou/NNdGt 식장: 부산 웨딩홀,phishing,경조사사칭,True,real_holdout
삼가 고인의 명복을 빕니다. 최영수님의 부친상 부고를 전합니다. 장례식장 안내 및 조문 가능 시간: https://gourl.kr/fJdyfFV,phishing,경조사사칭,True,original
안녕하세요. 오랜만에 연락드립니다. 급하게 알려드릴 소식이 있어 연락드렸어요. 아래 링크 확인 부탁드립니다. https://hanjin-tracking.kr/fb3hn14eb8,phishing,경조사사칭,True,real_holdout
안녕하세요. 삼가 조의를 표하며 강철수 조부께서 永眠하셨습니다. 부고장: https://gourl.kr/bmHmGqDT,phishing,경조사사칭,True,original
안녕하세요. 오랜만에 연락드립니다. 급하게 알려드릴 소식이 있어 연락드렸어요. 아래 링크 확인 부탁드립니다. https://post-naver-track.com/9dl5tgsq7a,phishing,경조사사칭,True,real_holdout
[모바일 청첩장] 윤지우 군과 강민서 양의 결혼을 진심으로 축하해 주시기 바랍니다. 청첩장 보기: https://bit.ly/98rdpy,phishing,경조사사칭,True,original
[부고 안내 앱 설치 요청] 장례 일정 및 조문 안내를 앱으로 확인하세요. 설치 링크: https://n.bnuee.cyou/AtLBiO 앱 설치 후 본인 인증 진행 바랍니다.,phishing,경조사사칭,True,real_holdout
[모바일 청첩장] 이준혁 군과 강지연 양의 결혼을 진심으로 축하해 주시기 바랍니다. 청첩장 보기: https://bit.ly/sUYNTjli,phishing,경조사사칭,True,real_holdout
안녕하세요. 오랜만에 연락드립니다. 급하게 알려드릴 소식이 있어 연락드렸어요. 아래 링크 확인 부탁드립니다. https://cutt.ly/Dkoz856n,phishing,경조사사칭,True,real_holdout
안녕하세요. 오랜만에 연락드립니다. 급하게 알려드릴 소식이 있어 연락드렸어요. 아래 링크 확인 부탁드립니다. https://cutt.ly/WLZSy6JH,phishing,경조사사칭,True,real_holdout
삼가 고인의 명복을 빕니다. 최영자님의 모친상 부고를 전합니다. 장례식장 안내 및 조문 가능 시간: https://shinhan-event.net/0e27ze,phishing,경조사사칭,True,original
결혼합니다! 오랫동안 사귀어온 분과 드디어 결혼하게 되었어요. 청첩장 링크: https://shinhan-event.net/2zeeqnsn2s8 참석 여부 꼭 알려주세요!,phishing,경조사사칭,True,original
안녕하세요. 갑작스러운 소식을 전하게 되어 박영수 모친께서 별세하셨습니다. 부고장: https://gourl.kr/VdtT7r,phishing,경조사사칭,True,real_holdout
[부고 안내 앱 설치 요청] 장례 일정 및 조문 안내를 앱으로 확인하세요. 설치 링크: https://n.bnuee.cyou/oKDzeLpH 앱 설치 후 본인 인증 진행 바랍니다.,phishing,경조사사칭,True,real_holdout
안녕하세요. 오랜만에 연락드립니다. 급하게 알려드릴 소식이 있어 연락드렸어요. 아래 링크 확인 부탁드립니다. https://delivery-notice-kr.net/u7dknncptke,phishing,경조사사칭,True,real_holdout
訃告. 최영수 선고 별세 알림. 발인: 20일 오전 6시. 장례 정보 확인: https://n.bnuee.cyou/J8GfS,phishing,경조사사칭,True,original
[무료 증정] 이마트 상품권 1만원을 무료로 드립니다. 선착순 25명 한정. 지금 신청: https://mobile-gift-check.kr/bm3hxyjck 신청 후 개인정보 입력 필수.,phishing,이벤트당첨사칭,True,original
[쿠팡] 님 SSG 상품권 5만원 당첨! 오늘 자정까지만 수령 가능합니다. https://bit.ly/SMbkuuP4 개인정보 입력 후 즉시 발송.,phishing,이벤트당첨사칭,True,original
카카오 고객감사 이벤트 당첨을 축하드립니다. 경품 수령을 위해 본인 확인이 필요합니다. 지금 바로 확인하세요: https://kb-bank-safe.com/ge2l4zjd5 ※ 타인에게 공유 금지,phishing,이벤트당첨사칭,True,original
[무료 증정] 이마트 상품권 5만원을 무료로 드립니다. 선착순 32명 한정. 지금 신청: https://ow.ly/xcmfF 신청 후 개인정보 입력 필수.,phishing,이벤트당첨사칭,True,real_holdout
[T멤버십] 회원님 CU 상품권 1만원 당첨! 오늘 자정까지만 수령 가능합니다. https://cutt.ly/5QKfCcG 개인정보 입력 후 즉시 발송.,phishing,이벤트당첨사칭,True,real_holdout
[쿠팡] 고객님 SSG 상품권 5만원 당첨! 오늘 자정까지만 수령 가능합니다. https://hanjin-tracking.kr/eqydbp 개인정보 입력 후 즉시 발송.,phishing,이벤트당첨사칭,True,original
[마지막 알림] 카카오 이벤트 당첨 상품 미수령 상태입니다. 오늘 20시까지 수령하지 않으면 소멸됩니다. 지금 수령: https://free-gift-korea.com/37qqyz,phishing,이벤트당첨사칭,True,original
11번가 고객감사 이벤트 당첨을 축하드립니다. 경품 수령을 위해 본인 확인이 필요합니다. 지금 바로 확인하세요: https://han.gl/1M4yRP ※ 타인에게 공유 금지,phishing,이벤트당첨사칭,True,original
고객님의 쿠팡 사용 실적으로 특별 리워드 5만원 상당 적립! 확인 및 출금: https://n.bnuee.cyou/yzMH8xvY 본인 계좌 등록 필요.,phishing,이벤트당첨사칭,True,original
[마지막 알림] T멤버십 이벤트 당첨 상품 미수령 상태입니다. 오늘 20시까지 수령하지 않으면 소멸됩니다. 지금 수령: https://delivery-notice-kr.net/3lxchfu131xq,phishing,이벤트당첨사칭,True,original
[마지막 알림] T멤버십 이벤트 당첨 상품 미수령 상태입니다. 오늘 19시까지 수령하지 않으면 소멸됩니다. 지금 수령: https://mobile-gift-check.kr/9mda9oekntb,phishing,이벤트당첨사칭,True,original
축하드립니다! G마켓 1월 이벤트 당첨자로 선정되셨습니다. 경품: 이마트 모바일 상품권 10만원. 수령: https://shinhan-event.net/pk5eaxf5x9ee (3일 이내 미수령 시 소멸),phishing,이벤트당첨사칭,True,real_holdout
[마지막 알림] 네이버 이벤트 당첨 상품 미수령 상태입니다. 오늘 22시까지 수령하지 않으면 소멸됩니다. 지금 수령: https://kakao-event-prize.net/r0zj7ubbrn,phishing,이벤트당첨사칭,True,original
축하드립니다! SSG 12월 이벤트 당첨자로 선정되셨습니다. 경품: 롯데 모바일 상품권 10만원. 수령: https://cj-express-confirm.com/ytuw6t (2일 이내 미수령 시 소멸),phishing,이벤트당첨사칭,True,original
"T멤버십 VIP 고객님께 특별 혜택을 드립니다. SSG 상품권 10만원 + 추가 캐시백 3,000원. 혜택 수령: https://hanjin-tracking.kr/gb93wkcs4k 개인정보 동의 후 즉시 지급.",phishing,이벤트당첨사칭,True,original
[무료 증정] 롯데 상품권 1만원을 무료로 드립니다. 선착순 24명 한정. 지금 신청: https://shinhan-event.net/gsb98v341 신청 후 개인정보 입력 필수.,phishing,이벤트당첨사칭,True,real_holdout
T멤버십 고객감사 이벤트 당첨을 축하드립니다. 경품 수령을 위해 본인 확인이 필요합니다. 지금 바로 확인하세요: https://gourl.kr/nTvNUh ※ 타인에게 공유 금지,phishing,이벤트당첨사칭,True,original
[무료 증정] 스타벅스 상품권 10만원을 무료로 드립니다. 선착순 96명 한정. 지금 신청: https://hanjin-tracking.kr/jj2jvqyiy1sy 신청 후 개인정보 입력 필수.,phishing,이벤트당첨사칭,True,original
"배달의민족 VIP 고객님께 특별 혜택을 드립니다. 신세계 상품권 1만원 + 추가 캐시백 1,000원. 혜택 수령: https://n.bnuee.cyou/ggBnrlbf 개인정보 동의 후 즉시 지급.",phishing,이벤트당첨사칭,True,original
[당첨 안내] 고객님은 G마켓 포인트 적립 이벤트 2등 당첨자입니다! 상품: 스타벅스 상품권 1만원 수령 링크: https://bit.ly/5rA4Vuke,phishing,이벤트당첨사칭,True,original
[당첨 안내] 고객님은 네이버 포인트 적립 이벤트 1등 당첨자입니다! 상품: CU 상품권 10만원 수령 링크: https://mobile-gift-check.kr/7xjz6u,phishing,이벤트당첨사칭,True,original
"안녕하세요! 회원님, 7월 멤버십 추첨 이벤트 결과 당첨되셨습니다. 상품권 1만원 지급 예정. 수령 전 본인 인증 필요: https://free-gift-korea.com/yow8dt8c",phishing,이벤트당첨사칭,True,original
SSG 고객감사 이벤트 당첨을 축하드립니다. 경품 수령을 위해 본인 확인이 필요합니다. 지금 바로 확인하세요: https://cutt.ly/7Osyg ※ 타인에게 공유 금지,phishing,이벤트당첨사칭,True,original
"G마켓 VIP 고객님께 특별 혜택을 드립니다. 스타벅스 상품권 10만원 + 추가 캐시백 1,000원. 혜택 수령: https://cutt.ly/vuSzn 개인정보 동의 후 즉시 지급.",phishing,이벤트당첨사칭,True,real_holdout
SSG 고객감사 이벤트 당첨을 축하드립니다. 경품 수령을 위해 본인 확인이 필요합니다. 지금 바로 확인하세요: https://gourl.kr/kdtXC ※ 타인에게 공유 금지,phishing,이벤트당첨사칭,True,original
고객님의 11번가 사용 실적으로 특별 리워드 1만원 상당 적립! 확인 및 출금: https://ow.ly/uhizRI 본인 계좌 등록 필요.,phishing,이벤트당첨사칭,True,original
[배달의민족] 고객님 CU 상품권 5만원 당첨! 오늘 자정까지만 수령 가능합니다. https://gourl.kr/QXDhiqBo 개인정보 입력 후 즉시 발송.,phishing,이벤트당첨사칭,True,real_holdout
[마지막 알림] 카카오 이벤트 당첨 상품 미수령 상태입니다. 오늘 22시까지 수령하지 않으면 소멸됩니다. 지금 수령: https://ow.ly/CMmdgj,phishing,이벤트당첨사칭,True,original
[SSG] 고객님 신세계 상품권 10만원 당첨! 오늘 자정까지만 수령 가능합니다. https://cutt.ly/eoBJz 개인정보 입력 후 즉시 발송.,phishing,이벤트당첨사칭,True,real_holdout
T멤버십 고객감사 이벤트 당첨을 축하드립니다. 경품 수령을 위해 본인 확인이 필요합니다. 지금 바로 확인하세요: https://gourl.kr/yiSN8m ※ 타인에게 공유 금지,phishing,이벤트당첨사칭,True,original
[무료 증정] GS25 상품권 3만원을 무료로 드립니다. 선착순 83명 한정. 지금 신청: https://han.gl/f1E9KZ 신청 후 개인정보 입력 필수.,phishing,이벤트당첨사칭,True,original
[마지막 알림] 배달의민족 이벤트 당첨 상품 미수령 상태입니다. 오늘 21시까지 수령하지 않으면 소멸됩니다. 지금 수령: https://free-gift-korea.com/23qiua08ekxd,phishing,이벤트당첨사칭,True,original
[당첨 안내] 고객님은 T멤버십 포인트 적립 이벤트 3등 당첨자입니다! 상품: 신세계 상품권 10만원 수령 링크: https://lotte-delivery-check.net/6lbpj8t22,phishing,이벤트당첨사칭,True,original
[카카오] 고객님 CU 상품권 10만원 당첨! 오늘 자정까지만 수령 가능합니다. https://post-naver-track.com/ier7u8h0 개인정보 입력 후 즉시 발송.,phishing,이벤트당첨사칭,True,original
고객님의 G마켓 사용 실적으로 특별 리워드 10만원 상당 적립! 확인 및 출금: https://n.bnuee.cyou/dxCFZDG 본인 계좌 등록 필요.,phishing,이벤트당첨사칭,True,original
[SNS 이벤트 당첨] 인스타그램/카카오 이벤트 당첨을 축하합니다! GS25 상품권 5만원 지급. 수령 링크: https://mobile-gift-check.kr/aoy7rp0aga2 (유효기간 2일),phishing,이벤트당첨사칭,True,real_holdout
[마지막 알림] 카카오 이벤트 당첨 상품 미수령 상태입니다. 오늘 23시까지 수령하지 않으면 소멸됩니다. 지금 수령: https://han.gl/EPGICJ3,phishing,이벤트당첨사칭,True,original
"G마켓 VIP 고객님께 특별 혜택을 드립니다. GS25 상품권 3만원 + 추가 캐시백 2,000원. 혜택 수령: https://free-gift-korea.com/blmntfk7orf 개인정보 동의 후 즉시 지급.",phishing,이벤트당첨사칭,True,original
[당첨 안내] 고객님은 배달의민족 포인트 적립 이벤트 3등 당첨자입니다! 상품: SSG 상품권 5만원 수령 링크: https://han.gl/38U9PXT5,phishing,이벤트당첨사칭,True,original
[무료 증정] 이마트 상품권 1만원을 무료로 드립니다. 선착순 20명 한정. 지금 신청: https://cutt.ly/P78yELFd 신청 후 개인정보 입력 필수.,phishing,이벤트당첨사칭,True,original
T멤버십 고객감사 이벤트 당첨을 축하드립니다. 경품 수령을 위해 본인 확인이 필요합니다. 지금 바로 확인하세요: https://bit.ly/XrX8A3iK ※ 타인에게 공유 금지,phishing,이벤트당첨사칭,True,original
[SNS 이벤트 당첨] 인스타그램/카카오 이벤트 당첨을 축하합니다! 롯데 상품권 10만원 지급. 수령 링크: https://n.bnuee.cyou/ISUilx (유효기간 3일),phishing,이벤트당첨사칭,True,original
[무료 증정] 올리브영 상품권 3만원을 무료로 드립니다. 선착순 72명 한정. 지금 신청: https://hanjin-tracking.kr/pjy93n0aju 신청 후 개인정보 입력 필수.,phishing,이벤트당첨사칭,True,original
"안녕하세요! 님, 3월 멤버십 추첨 이벤트 결과 당첨되셨습니다. 상품권 5만원 지급 예정. 수령 전 본인 인증 필요: https://kb-bank-safe.com/s1gd1t",phishing,이벤트당첨사칭,True,original
[무료 증정] SSG 상품권 1만원을 무료로 드립니다. 선착순 78명 한정. 지금 신청: https://bit.ly/ZaGxEv4 신청 후 개인정보 입력 필수.,phishing,이벤트당첨사칭,True,real_holdout
[SNS 이벤트 당첨] 인스타그램/카카오 이벤트 당첨을 축하합니다! 스타벅스 상품권 1만원 지급. 수령 링크: https://ow.ly/Y5Dtw (유효기간 1일),phishing,이벤트당첨사칭,True,original
[SNS 이벤트 당첨] 인스타그램/카카오 이벤트 당첨을 축하합니다! CU 상품권 1만원 지급. 수령 링크: https://hanjin-tracking.kr/cejcy127h6 (유효기간 1일),phishing,이벤트당첨사칭,True,original
축하드립니다! SSG 12월 이벤트 당첨자로 선정되셨습니다. 경품: 롯데 모바일 상품권 5만원. 수령: https://bit.ly/jFToJgJ (2일 이내 미수령 시 소멸),phishing,이벤트당첨사칭,True,original
축하드립니다! SSG 6월 이벤트 당첨자로 선정되셨습니다. 경품: 올리브영 모바일 상품권 10만원. 수령: https://ow.ly/FzVtCG (1일 이내 미수령 시 소멸),phishing,이벤트당첨사칭,True,original
"안녕하세요! 님, 6월 멤버십 추첨 이벤트 결과 당첨되셨습니다. 상품권 3만원 지급 예정. 수령 전 본인 인증 필요: https://lotte-delivery-check.net/fovd79",phishing,이벤트당첨사칭,True,original
카카오 고객감사 이벤트 당첨을 축하드립니다. 경품 수령을 위해 본인 확인이 필요합니다. 지금 바로 확인하세요: https://delivery-notice-kr.net/uj2xorvork1d ※ 타인에게 공유 금지,phishing,이벤트당첨사칭,True,original
"안녕하세요! 고객님, 11월 멤버십 추첨 이벤트 결과 당첨되셨습니다. 상품권 3만원 지급 예정. 수령 전 본인 인증 필요: https://free-gift-korea.com/yfwdc112hx",phishing,이벤트당첨사칭,True,original
"카카오 VIP 고객님께 특별 혜택을 드립니다. 신세계 상품권 1만원 + 추가 캐시백 4,000원. 혜택 수령: https://kakao-event-prize.net/4kzrezrdyxy 개인정보 동의 후 즉시 지급.",phishing,이벤트당첨사칭,True,original
"안녕하세요! 님, 3월 멤버십 추첨 이벤트 결과 당첨되셨습니다. 상품권 1만원 지급 예정. 수령 전 본인 인증 필요: https://gourl.kr/qKxPVrdK",phishing,이벤트당첨사칭,True,original
축하드립니다! G마켓 2월 이벤트 당첨자로 선정되셨습니다. 경품: SSG 모바일 상품권 3만원. 수령: https://post-naver-track.com/aqaluldr (2일 이내 미수령 시 소멸),phishing,이벤트당첨사칭,True,original
"카카오 VIP 고객님께 특별 혜택을 드립니다. GS25 상품권 5만원 + 추가 캐시백 3,000원. 혜택 수령: https://n.bnuee.cyou/mN8e0nqs 개인정보 동의 후 즉시 지급.",phishing,이벤트당첨사칭,True,original
고객님의 쿠팡 사용 실적으로 특별 리워드 5만원 상당 적립! 확인 및 출금: https://free-gift-korea.com/wsgrx3 본인 계좌 등록 필요.,phishing,이벤트당첨사칭,True,original
"네이버 VIP 고객님께 특별 혜택을 드립니다. 신세계 상품권 3만원 + 추가 캐시백 3,000원. 혜택 수령: https://shinhan-event.net/o3xjvoegi3qu 개인정보 동의 후 즉시 지급.",phishing,이벤트당첨사칭,True,original
[11번가] 고객님 롯데 상품권 3만원 당첨! 오늘 자정까지만 수령 가능합니다. https://lotte-delivery-check.net/2b6lkc86y 개인정보 입력 후 즉시 발송.,phishing,이벤트당첨사칭,True,original
[당첨 안내] 고객님은 11번가 포인트 적립 이벤트 1등 당첨자입니다! 상품: CU 상품권 5만원 수령 링크: https://lotte-delivery-check.net/hdhjo5ctz,phishing,이벤트당첨사칭,True,original
"네이버 VIP 고객님께 특별 혜택을 드립니다. 스타벅스 상품권 3만원 + 추가 캐시백 3,000원. 혜택 수령: https://post-naver-track.com/2b7yjnxz6yt 개인정보 동의 후 즉시 지급.",phishing,이벤트당첨사칭,True,original
[SNS 이벤트 당첨] 인스타그램/카카오 이벤트 당첨을 축하합니다! 신세계 상품권 10만원 지급. 수령 링크: https://hanjin-tracking.kr/1ob537qo4z53 (유효기간 3일),phishing,이벤트당첨사칭,True,original
축하드립니다! 카카오 7월 이벤트 당첨자로 선정되셨습니다. 경품: SSG 모바일 상품권 10만원. 수령: https://kakao-event-prize.net/hkudiz1xe (2일 이내 미수령 시 소멸),phishing,이벤트당첨사칭,True,original
"안녕하세요! 회원님, 12월 멤버십 추첨 이벤트 결과 당첨되셨습니다. 상품권 3만원 지급 예정. 수령 전 본인 인증 필요: https://shinhan-event.net/5i87xw69hzgo",phishing,이벤트당첨사칭,True,original
[당첨 안내] 고객님은 쿠팡 포인트 적립 이벤트 2등 당첨자입니다! 상품: GS25 상품권 1만원 수령 링크: https://bit.ly/SA5CP,phishing,이벤트당첨사칭,True,original
[무료 증정] 이마트 상품권 10만원을 무료로 드립니다. 선착순 33명 한정. 지금 신청: https://shinhan-event.net/q59ohn 신청 후 개인정보 입력 필수.,phishing,이벤트당첨사칭,True,real_holdout
축하드립니다! 쿠팡 9월 이벤트 당첨자로 선정되셨습니다. 경품: 신세계 모바일 상품권 1만원. 수령: https://bit.ly/5DvLPXR (3일 이내 미수령 시 소멸),phishing,이벤트당첨사칭,True,original
[당첨 안내] 고객님은 G마켓 포인트 적립 이벤트 1등 당첨자입니다! 상품: 스타벅스 상품권 5만원 수령 링크: https://hanjin-tracking.kr/mp6j37spf0r,phishing,이벤트당첨사칭,True,original
[11번가] 고객님 신세계 상품권 3만원 당첨! 오늘 자정까지만 수령 가능합니다. https://bit.ly/cqRB95 개인정보 입력 후 즉시 발송.,phishing,이벤트당첨사칭,True,original
"G마켓 VIP 고객님께 특별 혜택을 드립니다. 이마트 상품권 1만원 + 추가 캐시백 5,000원. 혜택 수령: https://cj-express-confirm.com/en7dlbqzrwj 개인정보 동의 후 즉시 지급.",phishing,이벤트당첨사칭,True,original
[T멤버십] 회원님 GS25 상품권 3만원 당첨! 오늘 자정까지만 수령 가능합니다. https://n.bnuee.cyou/XrXUH 개인정보 입력 후 즉시 발송.,phishing,이벤트당첨사칭,True,real_holdout
[무료 증정] 스타벅스 상품권 10만원을 무료로 드립니다. 선착순 49명 한정. 지금 신청: https://hanjin-tracking.kr/vdpngwds9y 신청 후 개인정보 입력 필수.,phishing,이벤트당첨사칭,True,original
"쿠팡 VIP 고객님께 특별 혜택을 드립니다. 롯데 상품권 10만원 + 추가 캐시백 4,000원. 혜택 수령: https://kb-bank-safe.com/put7ssoqz3 개인정보 동의 후 즉시 지급.",phishing,이벤트당첨사칭,True,original
[마지막 알림] 쿠팡 이벤트 당첨 상품 미수령 상태입니다. 오늘 22시까지 수령하지 않으면 소멸됩니다. 지금 수령: https://bit.ly/hPlly,phishing,이벤트당첨사칭,True,original
[당첨 안내] 고객님은 쿠팡 포인트 적립 이벤트 3등 당첨자입니다! 상품: 롯데 상품권 1만원 수령 링크: https://n.bnuee.cyou/HahkDQ17,phishing,이벤트당첨사칭,True,original
[11번가] 회원님 GS25 상품권 3만원 당첨! 오늘 자정까지만 수령 가능합니다. https://shinhan-event.net/z8q4vhu4baw 개인정보 입력 후 즉시 발송.,phishing,이벤트당첨사칭,True,real_holdout
"안녕하세요! 님, 10월 멤버십 추첨 이벤트 결과 당첨되셨습니다. 상품권 5만원 지급 예정. 수령 전 본인 인증 필요: https://ow.ly/EEKLQ",phishing,이벤트당첨사칭,True,original
"안녕하세요! 님, 11월 멤버십 추첨 이벤트 결과 당첨되셨습니다. 상품권 5만원 지급 예정. 수령 전 본인 인증 필요: https://han.gl/Rbrlvon4",phishing,이벤트당첨사칭,True,original
[마지막 알림] 11번가 이벤트 당첨 상품 미수령 상태입니다. 오늘 20시까지 수령하지 않으면 소멸됩니다. 지금 수령: https://ow.ly/PimLg,phishing,이벤트당첨사칭,True,original
고객님의 네이버 사용 실적으로 특별 리워드 1만원 상당 적립! 확인 및 출금: https://n.bnuee.cyou/hnpvwc 본인 계좌 등록 필요.,phishing,이벤트당첨사칭,True,original
[마지막 알림] 쿠팡 이벤트 당첨 상품 미수령 상태입니다. 오늘 22시까지 수령하지 않으면 소멸됩니다. 지금 수령: https://post-naver-track.com/z1r5fn3e,phishing,이벤트당첨사칭,True,original
[SNS 이벤트 당첨] 인스타그램/카카오 이벤트 당첨을 축하합니다! 신세계 상품권 3만원 지급. 수령 링크: https://n.bnuee.cyou/vFfxUwPj (유효기간 1일),phishing,이벤트당첨사칭,True,original
"쿠팡 VIP 고객님께 특별 혜택을 드립니다. CU 상품권 5만원 + 추가 캐시백 3,000원. 혜택 수령: https://cutt.ly/8kdVON3d 개인정보 동의 후 즉시 지급.",phishing,이벤트당첨사칭,True,original
[SNS 이벤트 당첨] 인스타그램/카카오 이벤트 당첨을 축하합니다! 스타벅스 상품권 3만원 지급. 수령 링크: https://kakao-event-prize.net/0e9kdts1fb2 (유효기간 1일),phishing,이벤트당첨사칭,True,original
[무료 증정] 올리브영 상품권 1만원을 무료로 드립니다. 선착순 17명 한정. 지금 신청: https://delivery-notice-kr.net/mi0uz7x4i 신청 후 개인정보 입력 필수.,phishing,이벤트당첨사칭,True,real_holdout
[마지막 알림] SSG 이벤트 당첨 상품 미수령 상태입니다. 오늘 23시까지 수령하지 않으면 소멸됩니다. 지금 수령: https://shinhan-event.net/dpehcy,phishing,이벤트당첨사칭,True,original
[무료 증정] 스타벅스 상품권 10만원을 무료로 드립니다. 선착순 66명 한정. 지금 신청: https://lotte-delivery-check.net/zqbfu7 신청 후 개인정보 입력 필수.,phishing,이벤트당첨사칭,True,original
축하드립니다! 쿠팡 6월 이벤트 당첨자로 선정되셨습니다. 경품: 롯데 모바일 상품권 1만원. 수령: https://shinhan-event.net/b66h3rem5 (3일 이내 미수령 시 소멸),phishing,이벤트당첨사칭,True,original
[무료 증정] 스타벅스 상품권 5만원을 무료로 드립니다. 선착순 58명 한정. 지금 신청: https://free-gift-korea.com/dwwn6mby 신청 후 개인정보 입력 필수.,phishing,이벤트당첨사칭,True,real_holdout
축하드립니다! SSG 12월 이벤트 당첨자로 선정되셨습니다. 경품: 신세계 모바일 상품권 5만원. 수령: https://kakao-event-prize.net/gr6e7ga2iz (1일 이내 미수령 시 소멸),phishing,이벤트당첨사칭,True,original
"카카오 VIP 고객님께 특별 혜택을 드립니다. 올리브영 상품권 1만원 + 추가 캐시백 4,000원. 혜택 수령: https://bit.ly/vlbGx 개인정보 동의 후 즉시 지급.",phishing,이벤트당첨사칭,True,original
[카카오] 고객님 신세계 상품권 1만원 당첨! 오늘 자정까지만 수령 가능합니다. https://free-gift-korea.com/1vr1nec 개인정보 입력 후 즉시 발송.,phishing,이벤트당첨사칭,True,original
축하드립니다! T멤버십 1월 이벤트 당첨자로 선정되셨습니다. 경품: 올리브영 모바일 상품권 3만원. 수령: https://post-naver-track.com/uq4s2ftg (3일 이내 미수령 시 소멸),phishing,이벤트당첨사칭,True,original
"안녕하세요! 고객님, 1월 멤버십 추첨 이벤트 결과 당첨되셨습니다. 상품권 10만원 지급 예정. 수령 전 본인 인증 필요: https://han.gl/Okd5qpQ",phishing,이벤트당첨사칭,True,original
[마지막 알림] 카카오 이벤트 당첨 상품 미수령 상태입니다. 오늘 23시까지 수령하지 않으면 소멸됩니다. 지금 수령: https://free-gift-korea.com/ayxar6yo,phishing,이벤트당첨사칭,True,original
"쿠팡 VIP 고객님께 특별 혜택을 드립니다. CU 상품권 1만원 + 추가 캐시백 4,000원. 혜택 수령: https://cutt.ly/vYZwk 개인정보 동의 후 즉시 지급.",phishing,이벤트당첨사칭,True,original
축하드립니다! G마켓 12월 이벤트 당첨자로 선정되셨습니다. 경품: 이마트 모바일 상품권 3만원. 수령: https://post-naver-track.com/jsgg0yvgv0e7 (1일 이내 미수령 시 소멸),phishing,이벤트당첨사칭,True,real_holdout
[G마켓] 님 스타벅스 상품권 1만원 당첨! 오늘 자정까지만 수령 가능합니다. https://ow.ly/N6d6A9qQ 개인정보 입력 후 즉시 발송.,phishing,이벤트당첨사칭,True,real_holdout
네이버 고객감사 이벤트 당첨을 축하드립니다. 경품 수령을 위해 본인 확인이 필요합니다. 지금 바로 확인하세요: https://bit.ly/4mudM ※ 타인에게 공유 금지,phishing,이벤트당첨사칭,True,original
축하드립니다! T멤버십 2월 이벤트 당첨자로 선정되셨습니다. 경품: 스타벅스 모바일 상품권 1만원. 수령: https://gourl.kr/84x3Q (2일 이내 미수령 시 소멸),phishing,이벤트당첨사칭,True,real_holdout
[수사협조요청] 박지훈님 명의 계좌가 보이스피싱 사건(사건번호 538298호)에 연루되어 계좌 동결 조치 예정입니다. 출석통지서 확인 및 소명 절차는 아래 링크에서 진행해 주세요. https://cutt.ly/qR3vP2m 금일 18시까지 미확인 시 계좌 전체가 자동 동결됩니다.,phishing,수사기관사칭,True,synthetic_new_holdout
[수사협조요청] 정한별님 명의 계좌가 보이스피싱 사건(사건번호 602373호)에 연루되어 계좌 동결 조치 예정입니다. 출석통지서 확인 및 소명 절차는 아래 링크에서 진행해 주세요. https://n.bnuee.cyou/K1Ilv 금일 18시까지 미확인 시 계좌 전체가 자동 동결됩니다.,phishing,수사기관사칭,True,synthetic_new_holdout
[수사협조요청] 임재현님 명의 계좌가 보이스피싱 사건(사건번호 947096호)에 연루되어 계좌 동결 조치 예정입니다. 출석통지서 확인 및 소명 절차는 아래 링크에서 진행해 주세요. https://n.bnuee.cyou/K1Ilv 금일 18시까지 미확인 시 계좌 전체가 자동 동결됩니다.,phishing,수사기관사칭,True,synthetic_new_holdout
[수사협조요청] 최유진님 명의 계좌가 보이스피싱 사건(사건번호 926701호)에 연루되어 계좌 동결 조치 예정입니다. 출석통지서 확인 및 소명 절차는 아래 링크에서 진행해 주세요. https://bit.ly/xMPMDEaI 금일 18시까지 미확인 시 계좌 전체가 자동 동결됩니다.,phishing,수사기관사칭,True,synthetic_new_holdout
[수사협조요청] 김민수님 명의 계좌가 보이스피싱 사건(사건번호 489070호)에 연루되어 계좌 동결 조치 예정입니다. 출석통지서 확인 및 소명 절차는 아래 링크에서 진행해 주세요. https://cutt.ly/qR3vP2m 금일 18시까지 미확인 시 계좌 전체가 자동 동결됩니다.,phishing,수사기관사칭,True,synthetic_new_holdout
[수사협조요청] 이서연님 명의 계좌가 보이스피싱 사건(사건번호 251961호)에 연루되어 계좌 동결 조치 예정입니다. 출석통지서 확인 및 소명 절차는 아래 링크에서 진행해 주세요. https://n.bnuee.cyou/K1Ilv 금일 18시까지 미확인 시 계좌 전체가 자동 동결됩니다.,phishing,수사기관사칭,True,synthetic_new_holdout
[수사협조요청] 최유진님 명의 계좌가 보이스피싱 사건(사건번호 827626호)에 연루되어 계좌 동결 조치 예정입니다. 출석통지서 확인 및 소명 절차는 아래 링크에서 진행해 주세요. https://bit.ly/xMPMDEaI 금일 18시까지 미확인 시 계좌 전체가 자동 동결됩니다.,phishing,수사기관사칭,True,synthetic_new_holdout
[수사협조요청] 윤아름님 명의 계좌가 보이스피싱 사건(사건번호 874570호)에 연루되어 계좌 동결 조치 예정입니다. 출석통지서 확인 및 소명 절차는 아래 링크에서 진행해 주세요. https://cutt.ly/qR3vP2m 금일 18시까지 미확인 시 계좌 전체가 자동 동결됩니다.,phishing,수사기관사칭,True,synthetic_new_holdout
[수사협조요청] 임재현님 명의 계좌가 보이스피싱 사건(사건번호 135725호)에 연루되어 계좌 동결 조치 예정입니다. 출석통지서 확인 및 소명 절차는 아래 링크에서 진행해 주세요. https://ow.ly/a5O5Z 금일 18시까지 미확인 시 계좌 전체가 자동 동결됩니다.,phishing,수사기관사칭,True,synthetic_new_holdout
[수사협조요청] 임재현님 명의 계좌가 보이스피싱 사건(사건번호 827623호)에 연루되어 계좌 동결 조치 예정입니다. 출석통지서 확인 및 소명 절차는 아래 링크에서 진행해 주세요. https://bit.ly/xMPMDEaI 금일 18시까지 미확인 시 계좌 전체가 자동 동결됩니다.,phishing,수사기관사칭,True,synthetic_new_holdout
[수사협조요청] 강도현님 명의 계좌가 보이스피싱 사건(사건번호 124352호)에 연루되어 계좌 동결 조치 예정입니다. 출석통지서 확인 및 소명 절차는 아래 링크에서 진행해 주세요. https://n.bnuee.cyou/K1Ilv 금일 18시까지 미확인 시 계좌 전체가 자동 동결됩니다.,phishing,수사기관사칭,True,synthetic_new_holdout
[수사협조요청] 이서연님 명의 계좌가 보이스피싱 사건(사건번호 230943호)에 연루되어 계좌 동결 조치 예정입니다. 출석통지서 확인 및 소명 절차는 아래 링크에서 진행해 주세요. https://bit.ly/xMPMDEaI 금일 18시까지 미확인 시 계좌 전체가 자동 동결됩니다.,phishing,수사기관사칭,True,synthetic_new_holdout
[수사협조요청] 임재현님 명의 계좌가 보이스피싱 사건(사건번호 268924호)에 연루되어 계좌 동결 조치 예정입니다. 출석통지서 확인 및 소명 절차는 아래 링크에서 진행해 주세요. https://ow.ly/a5O5Z 금일 18시까지 미확인 시 계좌 전체가 자동 동결됩니다.,phishing,수사기관사칭,True,synthetic_new_holdout
[수사협조요청] 윤아름님 명의 계좌가 보이스피싱 사건(사건번호 608248호)에 연루되어 계좌 동결 조치 예정입니다. 출석통지서 확인 및 소명 절차는 아래 링크에서 진행해 주세요. https://n.bnuee.cyou/K1Ilv 금일 18시까지 미확인 시 계좌 전체가 자동 동결됩니다.,phishing,수사기관사칭,True,synthetic_new_holdout
[수사협조요청] 박지훈님 명의 계좌가 보이스피싱 사건(사건번호 797416호)에 연루되어 계좌 동결 조치 예정입니다. 출석통지서 확인 및 소명 절차는 아래 링크에서 진행해 주세요. https://bit.ly/xMPMDEaI 금일 18시까지 미확인 시 계좌 전체가 자동 동결됩니다.,phishing,수사기관사칭,True,synthetic_new_holdout
[수사협조요청] 임재현님 명의 계좌가 보이스피싱 사건(사건번호 959983호)에 연루되어 계좌 동결 조치 예정입니다. 출석통지서 확인 및 소명 절차는 아래 링크에서 진행해 주세요. https://n.bnuee.cyou/K1Ilv 금일 18시까지 미확인 시 계좌 전체가 자동 동결됩니다.,phishing,수사기관사칭,True,synthetic_new_holdout
[수사협조요청] 이서연님 명의 계좌가 보이스피싱 사건(사건번호 918161호)에 연루되어 계좌 동결 조치 예정입니다. 출석통지서 확인 및 소명 절차는 아래 링크에서 진행해 주세요. https://n.bnuee.cyou/K1Ilv 금일 18시까지 미확인 시 계좌 전체가 자동 동결됩니다.,phishing,수사기관사칭,True,synthetic_new_holdout
[수사협조요청] 최유진님 명의 계좌가 보이스피싱 사건(사건번호 806524호)에 연루되어 계좌 동결 조치 예정입니다. 출석통지서 확인 및 소명 절차는 아래 링크에서 진행해 주세요. https://bit.ly/xMPMDEaI 금일 18시까지 미확인 시 계좌 전체가 자동 동결됩니다.,phishing,수사기관사칭,True,synthetic_new_holdout
[수사협조요청] 이서연님 명의 계좌가 보이스피싱 사건(사건번호 687331호)에 연루되어 계좌 동결 조치 예정입니다. 출석통지서 확인 및 소명 절차는 아래 링크에서 진행해 주세요. https://cutt.ly/qR3vP2m 금일 18시까지 미확인 시 계좌 전체가 자동 동결됩니다.,phishing,수사기관사칭,True,synthetic_new_holdout
[수사협조요청] 윤아름님 명의 계좌가 보이스피싱 사건(사건번호 310847호)에 연루되어 계좌 동결 조치 예정입니다. 출석통지서 확인 및 소명 절차는 아래 링크에서 진행해 주세요. https://ow.ly/a5O5Z 금일 18시까지 미확인 시 계좌 전체가 자동 동결됩니다.,phishing,수사기관사칭,True,synthetic_new_holdout
[수사협조요청] 박지훈님 명의 계좌가 보이스피싱 사건(사건번호 661851호)에 연루되어 계좌 동결 조치 예정입니다. 출석통지서 확인 및 소명 절차는 아래 링크에서 진행해 주세요. https://cutt.ly/qR3vP2m 금일 18시까지 미확인 시 계좌 전체가 자동 동결됩니다.,phishing,수사기관사칭,True,synthetic_new_holdout
[수사협조요청] 정한별님 명의 계좌가 보이스피싱 사건(사건번호 482961호)에 연루되어 계좌 동결 조치 예정입니다. 출석통지서 확인 및 소명 절차는 아래 링크에서 진행해 주세요. https://cutt.ly/qR3vP2m 금일 18시까지 미확인 시 계좌 전체가 자동 동결됩니다.,phishing,수사기관사칭,True,synthetic_new_holdout
[수사협조요청] 윤아름님 명의 계좌가 보이스피싱 사건(사건번호 433396호)에 연루되어 계좌 동결 조치 예정입니다. 출석통지서 확인 및 소명 절차는 아래 링크에서 진행해 주세요. https://cutt.ly/qR3vP2m 금일 18시까지 미확인 시 계좌 전체가 자동 동결됩니다.,phishing,수사기관사칭,True,synthetic_new_holdout
[수사협조요청] 윤아름님 명의 계좌가 보이스피싱 사건(사건번호 378611호)에 연루되어 계좌 동결 조치 예정입니다. 출석통지서 확인 및 소명 절차는 아래 링크에서 진행해 주세요. https://bit.ly/xMPMDEaI 금일 18시까지 미확인 시 계좌 전체가 자동 동결됩니다.,phishing,수사기관사칭,True,synthetic_new_holdout
[수사협조요청] 이서연님 명의 계좌가 보이스피싱 사건(사건번호 266664호)에 연루되어 계좌 동결 조치 예정입니다. 출석통지서 확인 및 소명 절차는 아래 링크에서 진행해 주세요. https://cutt.ly/qR3vP2m 금일 18시까지 미확인 시 계좌 전체가 자동 동결됩니다.,phishing,수사기관사칭,True,synthetic_new_holdout
[수사협조요청] 김민수님 명의 계좌가 보이스피싱 사건(사건번호 615416호)에 연루되어 계좌 동결 조치 예정입니다. 출석통지서 확인 및 소명 절차는 아래 링크에서 진행해 주세요. https://bit.ly/xMPMDEaI 금일 18시까지 미확인 시 계좌 전체가 자동 동결됩니다.,phishing,수사기관사칭,True,synthetic_new_holdout
[수사협조요청] 최유진님 명의 계좌가 보이스피싱 사건(사건번호 699280호)에 연루되어 계좌 동결 조치 예정입니다. 출석통지서 확인 및 소명 절차는 아래 링크에서 진행해 주세요. https://ow.ly/a5O5Z 금일 18시까지 미확인 시 계좌 전체가 자동 동결됩니다.,phishing,수사기관사칭,True,synthetic_new_holdout
[수사협조요청] 이서연님 명의 계좌가 보이스피싱 사건(사건번호 289453호)에 연루되어 계좌 동결 조치 예정입니다. 출석통지서 확인 및 소명 절차는 아래 링크에서 진행해 주세요. https://n.bnuee.cyou/K1Ilv 금일 18시까지 미확인 시 계좌 전체가 자동 동결됩니다.,phishing,수사기관사칭,True,synthetic_new_holdout
[수사협조요청] 강도현님 명의 계좌가 보이스피싱 사건(사건번호 974154호)에 연루되어 계좌 동결 조치 예정입니다. 출석통지서 확인 및 소명 절차는 아래 링크에서 진행해 주세요. https://ow.ly/a5O5Z 금일 18시까지 미확인 시 계좌 전체가 자동 동결됩니다.,phishing,수사기관사칭,True,synthetic_new_holdout
[수사협조요청] 강도현님 명의 계좌가 보이스피싱 사건(사건번호 898859호)에 연루되어 계좌 동결 조치 예정입니다. 출석통지서 확인 및 소명 절차는 아래 링크에서 진행해 주세요. https://ow.ly/a5O5Z 금일 18시까지 미확인 시 계좌 전체가 자동 동결됩니다.,phishing,수사기관사칭,True,synthetic_new_holdout
[수사협조요청] 최유진님 명의 계좌가 보이스피싱 사건(사건번호 208289호)에 연루되어 계좌 동결 조치 예정입니다. 출석통지서 확인 및 소명 절차는 아래 링크에서 진행해 주세요. https://n.bnuee.cyou/K1Ilv 금일 18시까지 미확인 시 계좌 전체가 자동 동결됩니다.,phishing,수사기관사칭,True,synthetic_new_holdout
[수사협조요청] 이서연님 명의 계좌가 보이스피싱 사건(사건번호 953221호)에 연루되어 계좌 동결 조치 예정입니다. 출석통지서 확인 및 소명 절차는 아래 링크에서 진행해 주세요. https://n.bnuee.cyou/K1Ilv 금일 18시까지 미확인 시 계좌 전체가 자동 동결됩니다.,phishing,수사기관사칭,True,synthetic_new_holdout
[수사협조요청] 윤아름님 명의 계좌가 보이스피싱 사건(사건번호 493085호)에 연루되어 계좌 동결 조치 예정입니다. 출석통지서 확인 및 소명 절차는 아래 링크에서 진행해 주세요. https://n.bnuee.cyou/K1Ilv 금일 18시까지 미확인 시 계좌 전체가 자동 동결됩니다.,phishing,수사기관사칭,True,synthetic_new_holdout
[수사협조요청] 김민수님 명의 계좌가 보이스피싱 사건(사건번호 808734호)에 연루되어 계좌 동결 조치 예정입니다. 출석통지서 확인 및 소명 절차는 아래 링크에서 진행해 주세요. https://n.bnuee.cyou/K1Ilv 금일 18시까지 미확인 시 계좌 전체가 자동 동결됩니다.,phishing,수사기관사칭,True,synthetic_new_holdout
[수사협조요청] 윤아름님 명의 계좌가 보이스피싱 사건(사건번호 271008호)에 연루되어 계좌 동결 조치 예정입니다. 출석통지서 확인 및 소명 절차는 아래 링크에서 진행해 주세요. https://bit.ly/xMPMDEaI 금일 18시까지 미확인 시 계좌 전체가 자동 동결됩니다.,phishing,수사기관사칭,True,synthetic_new_holdout
"[무료 리딩방 초대] 전문가 추천 종목으로 지난달 수익률 62% 달성! 선착순 30명 한정 무료 입장 가능합니다. 실제 수익 인증 870,000원 확인: https://cutt.ly/qR3vP2m 지금 신청 안 하시면 마감됩니다.",phishing,투자리딩방사기,True,synthetic_new_holdout
"[무료 리딩방 초대] 전문가 추천 종목으로 지난달 수익률 89% 달성! 선착순 30명 한정 무료 입장 가능합니다. 실제 수익 인증 5,000,000원 확인: https://n.bnuee.cyou/K1Ilv 지금 신청 안 하시면 마감됩니다.",phishing,투자리딩방사기,True,synthetic_new_holdout
"[무료 리딩방 초대] 전문가 추천 종목으로 지난달 수익률 65% 달성! 선착순 30명 한정 무료 입장 가능합니다. 실제 수익 인증 1,200,000원 확인: https://n.bnuee.cyou/K1Ilv 지금 신청 안 하시면 마감됩니다.",phishing,투자리딩방사기,True,synthetic_new_holdout
"[무료 리딩방 초대] 전문가 추천 종목으로 지난달 수익률 81% 달성! 선착순 30명 한정 무료 입장 가능합니다. 실제 수익 인증 3,500,000원 확인: https://cutt.ly/qR3vP2m 지금 신청 안 하시면 마감됩니다.",phishing,투자리딩방사기,True,synthetic_new_holdout
"[무료 리딩방 초대] 전문가 추천 종목으로 지난달 수익률 33% 달성! 선착순 30명 한정 무료 입장 가능합니다. 실제 수익 인증 5,000,000원 확인: https://cutt.ly/qR3vP2m 지금 신청 안 하시면 마감됩니다.",phishing,투자리딩방사기,True,synthetic_new_holdout
"[무료 리딩방 초대] 전문가 추천 종목으로 지난달 수익률 84% 달성! 선착순 30명 한정 무료 입장 가능합니다. 실제 수익 인증 870,000원 확인: https://bit.ly/xMPMDEaI 지금 신청 안 하시면 마감됩니다.",phishing,투자리딩방사기,True,synthetic_new_holdout
"[무료 리딩방 초대] 전문가 추천 종목으로 지난달 수익률 32% 달성! 선착순 30명 한정 무료 입장 가능합니다. 실제 수익 인증 870,000원 확인: https://ow.ly/a5O5Z 지금 신청 안 하시면 마감됩니다.",phishing,투자리딩방사기,True,synthetic_new_holdout
"[무료 리딩방 초대] 전문가 추천 종목으로 지난달 수익률 40% 달성! 선착순 30명 한정 무료 입장 가능합니다. 실제 수익 인증 5,000,000원 확인: https://n.bnuee.cyou/K1Ilv 지금 신청 안 하시면 마감됩니다.",phishing,투자리딩방사기,True,synthetic_new_holdout
"[무료 리딩방 초대] 전문가 추천 종목으로 지난달 수익률 85% 달성! 선착순 30명 한정 무료 입장 가능합니다. 실제 수익 인증 5,000,000원 확인: https://bit.ly/xMPMDEaI 지금 신청 안 하시면 마감됩니다.",phishing,투자리딩방사기,True,synthetic_new_holdout
"[무료 리딩방 초대] 전문가 추천 종목으로 지난달 수익률 39% 달성! 선착순 30명 한정 무료 입장 가능합니다. 실제 수익 인증 870,000원 확인: https://n.bnuee.cyou/K1Ilv 지금 신청 안 하시면 마감됩니다.",phishing,투자리딩방사기,True,synthetic_new_holdout
"[무료 리딩방 초대] 전문가 추천 종목으로 지난달 수익률 46% 달성! 선착순 30명 한정 무료 입장 가능합니다. 실제 수익 인증 5,000,000원 확인: https://bit.ly/xMPMDEaI 지금 신청 안 하시면 마감됩니다.",phishing,투자리딩방사기,True,synthetic_new_holdout
"[무료 리딩방 초대] 전문가 추천 종목으로 지난달 수익률 31% 달성! 선착순 30명 한정 무료 입장 가능합니다. 실제 수익 인증 1,200,000원 확인: https://cutt.ly/qR3vP2m 지금 신청 안 하시면 마감됩니다.",phishing,투자리딩방사기,True,synthetic_new_holdout
"[무료 리딩방 초대] 전문가 추천 종목으로 지난달 수익률 80% 달성! 선착순 30명 한정 무료 입장 가능합니다. 실제 수익 인증 1,200,000원 확인: https://ow.ly/a5O5Z 지금 신청 안 하시면 마감됩니다.",phishing,투자리딩방사기,True,synthetic_new_holdout
"[무료 리딩방 초대] 전문가 추천 종목으로 지난달 수익률 68% 달성! 선착순 30명 한정 무료 입장 가능합니다. 실제 수익 인증 1,200,000원 확인: https://ow.ly/a5O5Z 지금 신청 안 하시면 마감됩니다.",phishing,투자리딩방사기,True,synthetic_new_holdout
"[무료 리딩방 초대] 전문가 추천 종목으로 지난달 수익률 67% 달성! 선착순 30명 한정 무료 입장 가능합니다. 실제 수익 인증 5,000,000원 확인: https://cutt.ly/qR3vP2m 지금 신청 안 하시면 마감됩니다.",phishing,투자리딩방사기,True,synthetic_new_holdout
"[무료 리딩방 초대] 전문가 추천 종목으로 지난달 수익률 38% 달성! 선착순 30명 한정 무료 입장 가능합니다. 실제 수익 인증 5,000,000원 확인: https://ow.ly/a5O5Z 지금 신청 안 하시면 마감됩니다.",phishing,투자리딩방사기,True,synthetic_new_holdout
"[무료 리딩방 초대] 전문가 추천 종목으로 지난달 수익률 38% 달성! 선착순 30명 한정 무료 입장 가능합니다. 실제 수익 인증 450,000원 확인: https://ow.ly/a5O5Z 지금 신청 안 하시면 마감됩니다.",phishing,투자리딩방사기,True,synthetic_new_holdout
"[무료 리딩방 초대] 전문가 추천 종목으로 지난달 수익률 73% 달성! 선착순 30명 한정 무료 입장 가능합니다. 실제 수익 인증 3,500,000원 확인: https://cutt.ly/qR3vP2m 지금 신청 안 하시면 마감됩니다.",phishing,투자리딩방사기,True,synthetic_new_holdout
"[무료 리딩방 초대] 전문가 추천 종목으로 지난달 수익률 46% 달성! 선착순 30명 한정 무료 입장 가능합니다. 실제 수익 인증 1,200,000원 확인: https://bit.ly/xMPMDEaI 지금 신청 안 하시면 마감됩니다.",phishing,투자리딩방사기,True,synthetic_new_holdout
"[무료 리딩방 초대] 전문가 추천 종목으로 지난달 수익률 71% 달성! 선착순 30명 한정 무료 입장 가능합니다. 실제 수익 인증 450,000원 확인: https://ow.ly/a5O5Z 지금 신청 안 하시면 마감됩니다.",phishing,투자리딩방사기,True,synthetic_new_holdout
"[무료 리딩방 초대] 전문가 추천 종목으로 지난달 수익률 46% 달성! 선착순 30명 한정 무료 입장 가능합니다. 실제 수익 인증 1,200,000원 확인: https://cutt.ly/qR3vP2m 지금 신청 안 하시면 마감됩니다.",phishing,투자리딩방사기,True,synthetic_new_holdout
"[무료 리딩방 초대] 전문가 추천 종목으로 지난달 수익률 38% 달성! 선착순 30명 한정 무료 입장 가능합니다. 실제 수익 인증 5,000,000원 확인: https://n.bnuee.cyou/K1Ilv 지금 신청 안 하시면 마감됩니다.",phishing,투자리딩방사기,True,synthetic_new_holdout
"[무료 리딩방 초대] 전문가 추천 종목으로 지난달 수익률 55% 달성! 선착순 30명 한정 무료 입장 가능합니다. 실제 수익 인증 1,200,000원 확인: https://bit.ly/xMPMDEaI 지금 신청 안 하시면 마감됩니다.",phishing,투자리딩방사기,True,synthetic_new_holdout
"[무료 리딩방 초대] 전문가 추천 종목으로 지난달 수익률 31% 달성! 선착순 30명 한정 무료 입장 가능합니다. 실제 수익 인증 3,500,000원 확인: https://n.bnuee.cyou/K1Ilv 지금 신청 안 하시면 마감됩니다.",phishing,투자리딩방사기,True,synthetic_new_holdout
"[무료 리딩방 초대] 전문가 추천 종목으로 지난달 수익률 34% 달성! 선착순 30명 한정 무료 입장 가능합니다. 실제 수익 인증 5,000,000원 확인: https://n.bnuee.cyou/K1Ilv 지금 신청 안 하시면 마감됩니다.",phishing,투자리딩방사기,True,synthetic_new_holdout
"[무료 리딩방 초대] 전문가 추천 종목으로 지난달 수익률 38% 달성! 선착순 30명 한정 무료 입장 가능합니다. 실제 수익 인증 3,500,000원 확인: https://ow.ly/a5O5Z 지금 신청 안 하시면 마감됩니다.",phishing,투자리딩방사기,True,synthetic_new_holdout
"[무료 리딩방 초대] 전문가 추천 종목으로 지난달 수익률 55% 달성! 선착순 30명 한정 무료 입장 가능합니다. 실제 수익 인증 870,000원 확인: https://ow.ly/a5O5Z 지금 신청 안 하시면 마감됩니다.",phishing,투자리딩방사기,True,synthetic_new_holdout
"[무료 리딩방 초대] 전문가 추천 종목으로 지난달 수익률 69% 달성! 선착순 30명 한정 무료 입장 가능합니다. 실제 수익 인증 5,000,000원 확인: https://n.bnuee.cyou/K1Ilv 지금 신청 안 하시면 마감됩니다.",phishing,투자리딩방사기,True,synthetic_new_holdout
"[무료 리딩방 초대] 전문가 추천 종목으로 지난달 수익률 41% 달성! 선착순 30명 한정 무료 입장 가능합니다. 실제 수익 인증 1,200,000원 확인: https://n.bnuee.cyou/K1Ilv 지금 신청 안 하시면 마감됩니다.",phishing,투자리딩방사기,True,synthetic_new_holdout
"[무료 리딩방 초대] 전문가 추천 종목으로 지난달 수익률 75% 달성! 선착순 30명 한정 무료 입장 가능합니다. 실제 수익 인증 5,000,000원 확인: https://n.bnuee.cyou/K1Ilv 지금 신청 안 하시면 마감됩니다.",phishing,투자리딩방사기,True,synthetic_new_holdout
"[무료 리딩방 초대] 전문가 추천 종목으로 지난달 수익률 68% 달성! 선착순 30명 한정 무료 입장 가능합니다. 실제 수익 인증 450,000원 확인: https://bit.ly/xMPMDEaI 지금 신청 안 하시면 마감됩니다.",phishing,투자리딩방사기,True,synthetic_new_holdout
"[무료 리딩방 초대] 전문가 추천 종목으로 지난달 수익률 80% 달성! 선착순 30명 한정 무료 입장 가능합니다. 실제 수익 인증 450,000원 확인: https://bit.ly/xMPMDEaI 지금 신청 안 하시면 마감됩니다.",phishing,투자리딩방사기,True,synthetic_new_holdout
"[무료 리딩방 초대] 전문가 추천 종목으로 지난달 수익률 59% 달성! 선착순 30명 한정 무료 입장 가능합니다. 실제 수익 인증 3,500,000원 확인: https://cutt.ly/qR3vP2m 지금 신청 안 하시면 마감됩니다.",phishing,투자리딩방사기,True,synthetic_new_holdout
"[무료 리딩방 초대] 전문가 추천 종목으로 지난달 수익률 78% 달성! 선착순 30명 한정 무료 입장 가능합니다. 실제 수익 인증 3,500,000원 확인: https://cutt.ly/qR3vP2m 지금 신청 안 하시면 마감됩니다.",phishing,투자리딩방사기,True,synthetic_new_holdout
"[무료 리딩방 초대] 전문가 추천 종목으로 지난달 수익률 84% 달성! 선착순 30명 한정 무료 입장 가능합니다. 실제 수익 인증 450,000원 확인: https://n.bnuee.cyou/K1Ilv 지금 신청 안 하시면 마감됩니다.",phishing,투자리딩방사기,True,synthetic_new_holdout
"최유진님, 재택 부업 안내드립니다. 하루 1시간 간단 작업만으로 일당 12,500원 지급됩니다. 시작 전 계정 개설 수수료 입금 필요하며, 상세 안내는 아래 링크 확인해 주세요. https://ow.ly/a5O5Z 오늘까지만 선착순 모집합니다.",phishing,채용부업사기,True,synthetic_new_holdout
"김민수님, 재택 부업 안내드립니다. 하루 1시간 간단 작업만으로 일당 45,000원 지급됩니다. 시작 전 계정 개설 수수료 입금 필요하며, 상세 안내는 아래 링크 확인해 주세요. https://cutt.ly/qR3vP2m 오늘까지만 선착순 모집합니다.",phishing,채용부업사기,True,synthetic_new_holdout
"박지훈님, 재택 부업 안내드립니다. 하루 1시간 간단 작업만으로 일당 12,500원 지급됩니다. 시작 전 계정 개설 수수료 입금 필요하며, 상세 안내는 아래 링크 확인해 주세요. https://ow.ly/a5O5Z 오늘까지만 선착순 모집합니다.",phishing,채용부업사기,True,synthetic_new_holdout
"임재현님, 재택 부업 안내드립니다. 하루 1시간 간단 작업만으로 일당 9,900원 지급됩니다. 시작 전 계정 개설 수수료 입금 필요하며, 상세 안내는 아래 링크 확인해 주세요. https://bit.ly/xMPMDEaI 오늘까지만 선착순 모집합니다.",phishing,채용부업사기,True,synthetic_new_holdout
"김민수님, 재택 부업 안내드립니다. 하루 1시간 간단 작업만으로 일당 9,900원 지급됩니다. 시작 전 계정 개설 수수료 입금 필요하며, 상세 안내는 아래 링크 확인해 주세요. https://ow.ly/a5O5Z 오늘까지만 선착순 모집합니다.",phishing,채용부업사기,True,synthetic_new_holdout
"정한별님, 재택 부업 안내드립니다. 하루 1시간 간단 작업만으로 일당 12,500원 지급됩니다. 시작 전 계정 개설 수수료 입금 필요하며, 상세 안내는 아래 링크 확인해 주세요. https://n.bnuee.cyou/K1Ilv 오늘까지만 선착순 모집합니다.",phishing,채용부업사기,True,synthetic_new_holdout
"이서연님, 재택 부업 안내드립니다. 하루 1시간 간단 작업만으로 일당 9,900원 지급됩니다. 시작 전 계정 개설 수수료 입금 필요하며, 상세 안내는 아래 링크 확인해 주세요. https://ow.ly/a5O5Z 오늘까지만 선착순 모집합니다.",phishing,채용부업사기,True,synthetic_new_holdout
"최유진님, 재택 부업 안내드립니다. 하루 1시간 간단 작업만으로 일당 12,500원 지급됩니다. 시작 전 계정 개설 수수료 입금 필요하며, 상세 안내는 아래 링크 확인해 주세요. https://bit.ly/xMPMDEaI 오늘까지만 선착순 모집합니다.",phishing,채용부업사기,True,synthetic_new_holdout
"강도현님, 재택 부업 안내드립니다. 하루 1시간 간단 작업만으로 일당 78,000원 지급됩니다. 시작 전 계정 개설 수수료 입금 필요하며, 상세 안내는 아래 링크 확인해 주세요. https://bit.ly/xMPMDEaI 오늘까지만 선착순 모집합니다.",phishing,채용부업사기,True,synthetic_new_holdout
"이서연님, 재택 부업 안내드립니다. 하루 1시간 간단 작업만으로 일당 23,000원 지급됩니다. 시작 전 계정 개설 수수료 입금 필요하며, 상세 안내는 아래 링크 확인해 주세요. https://cutt.ly/qR3vP2m 오늘까지만 선착순 모집합니다.",phishing,채용부업사기,True,synthetic_new_holdout
"김민수님, 재택 부업 안내드립니다. 하루 1시간 간단 작업만으로 일당 78,000원 지급됩니다. 시작 전 계정 개설 수수료 입금 필요하며, 상세 안내는 아래 링크 확인해 주세요. https://cutt.ly/qR3vP2m 오늘까지만 선착순 모집합니다.",phishing,채용부업사기,True,synthetic_new_holdout
"윤아름님, 재택 부업 안내드립니다. 하루 1시간 간단 작업만으로 일당 78,000원 지급됩니다. 시작 전 계정 개설 수수료 입금 필요하며, 상세 안내는 아래 링크 확인해 주세요. https://bit.ly/xMPMDEaI 오늘까지만 선착순 모집합니다.",phishing,채용부업사기,True,synthetic_new_holdout
"최유진님, 재택 부업 안내드립니다. 하루 1시간 간단 작업만으로 일당 23,000원 지급됩니다. 시작 전 계정 개설 수수료 입금 필요하며, 상세 안내는 아래 링크 확인해 주세요. https://bit.ly/xMPMDEaI 오늘까지만 선착순 모집합니다.",phishing,채용부업사기,True,synthetic_new_holdout
"윤아름님, 재택 부업 안내드립니다. 하루 1시간 간단 작업만으로 일당 23,000원 지급됩니다. 시작 전 계정 개설 수수료 입금 필요하며, 상세 안내는 아래 링크 확인해 주세요. https://n.bnuee.cyou/K1Ilv 오늘까지만 선착순 모집합니다.",phishing,채용부업사기,True,synthetic_new_holdout
"정한별님, 재택 부업 안내드립니다. 하루 1시간 간단 작업만으로 일당 9,900원 지급됩니다. 시작 전 계정 개설 수수료 입금 필요하며, 상세 안내는 아래 링크 확인해 주세요. https://cutt.ly/qR3vP2m 오늘까지만 선착순 모집합니다.",phishing,채용부업사기,True,synthetic_new_holdout
"윤아름님, 재택 부업 안내드립니다. 하루 1시간 간단 작업만으로 일당 78,000원 지급됩니다. 시작 전 계정 개설 수수료 입금 필요하며, 상세 안내는 아래 링크 확인해 주세요. https://n.bnuee.cyou/K1Ilv 오늘까지만 선착순 모집합니다.",phishing,채용부업사기,True,synthetic_new_holdout
"윤아름님, 재택 부업 안내드립니다. 하루 1시간 간단 작업만으로 일당 78,000원 지급됩니다. 시작 전 계정 개설 수수료 입금 필요하며, 상세 안내는 아래 링크 확인해 주세요. https://ow.ly/a5O5Z 오늘까지만 선착순 모집합니다.",phishing,채용부업사기,True,synthetic_new_holdout
"임재현님, 재택 부업 안내드립니다. 하루 1시간 간단 작업만으로 일당 45,000원 지급됩니다. 시작 전 계정 개설 수수료 입금 필요하며, 상세 안내는 아래 링크 확인해 주세요. https://bit.ly/xMPMDEaI 오늘까지만 선착순 모집합니다.",phishing,채용부업사기,True,synthetic_new_holdout
"김민수님, 재택 부업 안내드립니다. 하루 1시간 간단 작업만으로 일당 78,000원 지급됩니다. 시작 전 계정 개설 수수료 입금 필요하며, 상세 안내는 아래 링크 확인해 주세요. https://n.bnuee.cyou/K1Ilv 오늘까지만 선착순 모집합니다.",phishing,채용부업사기,True,synthetic_new_holdout
"임재현님, 재택 부업 안내드립니다. 하루 1시간 간단 작업만으로 일당 12,500원 지급됩니다. 시작 전 계정 개설 수수료 입금 필요하며, 상세 안내는 아래 링크 확인해 주세요. https://n.bnuee.cyou/K1Ilv 오늘까지만 선착순 모집합니다.",phishing,채용부업사기,True,synthetic_new_holdout
"임재현님, 재택 부업 안내드립니다. 하루 1시간 간단 작업만으로 일당 9,900원 지급됩니다. 시작 전 계정 개설 수수료 입금 필요하며, 상세 안내는 아래 링크 확인해 주세요. https://ow.ly/a5O5Z 오늘까지만 선착순 모집합니다.",phishing,채용부업사기,True,synthetic_new_holdout
"최유진님, 재택 부업 안내드립니다. 하루 1시간 간단 작업만으로 일당 78,000원 지급됩니다. 시작 전 계정 개설 수수료 입금 필요하며, 상세 안내는 아래 링크 확인해 주세요. https://cutt.ly/qR3vP2m 오늘까지만 선착순 모집합니다.",phishing,채용부업사기,True,synthetic_new_holdout
"윤아름님, 재택 부업 안내드립니다. 하루 1시간 간단 작업만으로 일당 12,500원 지급됩니다. 시작 전 계정 개설 수수료 입금 필요하며, 상세 안내는 아래 링크 확인해 주세요. https://cutt.ly/qR3vP2m 오늘까지만 선착순 모집합니다.",phishing,채용부업사기,True,synthetic_new_holdout
"김민수님, 재택 부업 안내드립니다. 하루 1시간 간단 작업만으로 일당 45,000원 지급됩니다. 시작 전 계정 개설 수수료 입금 필요하며, 상세 안내는 아래 링크 확인해 주세요. https://ow.ly/a5O5Z 오늘까지만 선착순 모집합니다.",phishing,채용부업사기,True,synthetic_new_holdout
"최유진님, 재택 부업 안내드립니다. 하루 1시간 간단 작업만으로 일당 12,500원 지급됩니다. 시작 전 계정 개설 수수료 입금 필요하며, 상세 안내는 아래 링크 확인해 주세요. https://cutt.ly/qR3vP2m 오늘까지만 선착순 모집합니다.",phishing,채용부업사기,True,synthetic_new_holdout
"박지훈님, 재택 부업 안내드립니다. 하루 1시간 간단 작업만으로 일당 23,000원 지급됩니다. 시작 전 계정 개설 수수료 입금 필요하며, 상세 안내는 아래 링크 확인해 주세요. https://n.bnuee.cyou/K1Ilv 오늘까지만 선착순 모집합니다.",phishing,채용부업사기,True,synthetic_new_holdout
"박지훈님, 재택 부업 안내드립니다. 하루 1시간 간단 작업만으로 일당 78,000원 지급됩니다. 시작 전 계정 개설 수수료 입금 필요하며, 상세 안내는 아래 링크 확인해 주세요. https://n.bnuee.cyou/K1Ilv 오늘까지만 선착순 모집합니다.",phishing,채용부업사기,True,synthetic_new_holdout
"강도현님, 재택 부업 안내드립니다. 하루 1시간 간단 작업만으로 일당 12,500원 지급됩니다. 시작 전 계정 개설 수수료 입금 필요하며, 상세 안내는 아래 링크 확인해 주세요. https://n.bnuee.cyou/K1Ilv 오늘까지만 선착순 모집합니다.",phishing,채용부업사기,True,synthetic_new_holdout
"정한별님, 재택 부업 안내드립니다. 하루 1시간 간단 작업만으로 일당 23,000원 지급됩니다. 시작 전 계정 개설 수수료 입금 필요하며, 상세 안내는 아래 링크 확인해 주세요. https://bit.ly/xMPMDEaI 오늘까지만 선착순 모집합니다.",phishing,채용부업사기,True,synthetic_new_holdout
"강도현님, 재택 부업 안내드립니다. 하루 1시간 간단 작업만으로 일당 9,900원 지급됩니다. 시작 전 계정 개설 수수료 입금 필요하며, 상세 안내는 아래 링크 확인해 주세요. https://ow.ly/a5O5Z 오늘까지만 선착순 모집합니다.",phishing,채용부업사기,True,synthetic_new_holdout
"박지훈님, 재택 부업 안내드립니다. 하루 1시간 간단 작업만으로 일당 9,900원 지급됩니다. 시작 전 계정 개설 수수료 입금 필요하며, 상세 안내는 아래 링크 확인해 주세요. https://n.bnuee.cyou/K1Ilv 오늘까지만 선착순 모집합니다.",phishing,채용부업사기,True,synthetic_new_holdout
"최유진님, 재택 부업 안내드립니다. 하루 1시간 간단 작업만으로 일당 9,900원 지급됩니다. 시작 전 계정 개설 수수료 입금 필요하며, 상세 안내는 아래 링크 확인해 주세요. https://ow.ly/a5O5Z 오늘까지만 선착순 모집합니다.",phishing,채용부업사기,True,synthetic_new_holdout
"윤아름님, 재택 부업 안내드립니다. 하루 1시간 간단 작업만으로 일당 45,000원 지급됩니다. 시작 전 계정 개설 수수료 입금 필요하며, 상세 안내는 아래 링크 확인해 주세요. https://cutt.ly/qR3vP2m 오늘까지만 선착순 모집합니다.",phishing,채용부업사기,True,synthetic_new_holdout
"임재현님, 재택 부업 안내드립니다. 하루 1시간 간단 작업만으로 일당 78,000원 지급됩니다. 시작 전 계정 개설 수수료 입금 필요하며, 상세 안내는 아래 링크 확인해 주세요. https://cutt.ly/qR3vP2m 오늘까지만 선착순 모집합니다.",phishing,채용부업사기,True,synthetic_new_holdout
"박지훈님, 재택 부업 안내드립니다. 하루 1시간 간단 작업만으로 일당 78,000원 지급됩니다. 시작 전 계정 개설 수수료 입금 필요하며, 상세 안내는 아래 링크 확인해 주세요. https://ow.ly/a5O5Z 오늘까지만 선착순 모집합니다.",phishing,채용부업사기,True,synthetic_new_holdout
"[국민카드] 승인 45,000원 일시불 정상 처리되었습니다. 본인 결제가 아니신 경우 고객센터(1588-1234)로 즉시 연락 주시기 바랍니다. 이용해 주셔서 감사합니다.",normal,정상카드결제알림,False,synthetic_fp_stress
"[국민카드] 승인 12,500원 일시불 정상 처리되었습니다. 본인 결제가 아니신 경우 고객센터(070-4485-9920)로 즉시 연락 주시기 바랍니다. 이용해 주셔서 감사합니다.",normal,정상카드결제알림,False,synthetic_fp_stress
"[국민카드] 승인 23,000원 일시불 정상 처리되었습니다. 본인 결제가 아니신 경우 고객센터(02-330-4284)로 즉시 연락 주시기 바랍니다. 이용해 주셔서 감사합니다.",normal,정상카드결제알림,False,synthetic_fp_stress
"[현대카드] 승인 9,900원 일시불 정상 처리되었습니다. 본인 결제가 아니신 경우 고객센터(1544-7000)로 즉시 연락 주시기 바랍니다. 이용해 주셔서 감사합니다.",normal,정상카드결제알림,False,synthetic_fp_stress
"[현대카드] 승인 45,000원 일시불 정상 처리되었습니다. 본인 결제가 아니신 경우 고객센터(02-330-4284)로 즉시 연락 주시기 바랍니다. 이용해 주셔서 감사합니다.",normal,정상카드결제알림,False,synthetic_fp_stress
"[신한카드] 승인 23,000원 일시불 정상 처리되었습니다. 본인 결제가 아니신 경우 고객센터(070-4485-9920)로 즉시 연락 주시기 바랍니다. 이용해 주셔서 감사합니다.",normal,정상카드결제알림,False,synthetic_fp_stress
"[신한카드] 승인 78,000원 일시불 정상 처리되었습니다. 본인 결제가 아니신 경우 고객센터(070-4485-9920)로 즉시 연락 주시기 바랍니다. 이용해 주셔서 감사합니다.",normal,정상카드결제알림,False,synthetic_fp_stress
"[국민카드] 승인 12,500원 일시불 정상 처리되었습니다. 본인 결제가 아니신 경우 고객센터(1588-1234)로 즉시 연락 주시기 바랍니다. 이용해 주셔서 감사합니다.",normal,정상카드결제알림,False,synthetic_fp_stress
"[신한카드] 승인 9,900원 일시불 정상 처리되었습니다. 본인 결제가 아니신 경우 고객센터(1544-7000)로 즉시 연락 주시기 바랍니다. 이용해 주셔서 감사합니다.",normal,정상카드결제알림,False,synthetic_fp_stress
"[현대카드] 승인 78,000원 일시불 정상 처리되었습니다. 본인 결제가 아니신 경우 고객센터(1588-1234)로 즉시 연락 주시기 바랍니다. 이용해 주셔서 감사합니다.",normal,정상카드결제알림,False,synthetic_fp_stress
"[국민카드] 승인 9,900원 일시불 정상 처리되었습니다. 본인 결제가 아니신 경우 고객센터(02-330-4284)로 즉시 연락 주시기 바랍니다. 이용해 주셔서 감사합니다.",normal,정상카드결제알림,False,synthetic_fp_stress
"[국민카드] 승인 78,000원 일시불 정상 처리되었습니다. 본인 결제가 아니신 경우 고객센터(1588-1234)로 즉시 연락 주시기 바랍니다. 이용해 주셔서 감사합니다.",normal,정상카드결제알림,False,synthetic_fp_stress
"[신한카드] 승인 23,000원 일시불 정상 처리되었습니다. 본인 결제가 아니신 경우 고객센터(1544-7000)로 즉시 연락 주시기 바랍니다. 이용해 주셔서 감사합니다.",normal,정상카드결제알림,False,synthetic_fp_stress
"[현대카드] 승인 78,000원 일시불 정상 처리되었습니다. 본인 결제가 아니신 경우 고객센터(070-4485-9920)로 즉시 연락 주시기 바랍니다. 이용해 주셔서 감사합니다.",normal,정상카드결제알림,False,synthetic_fp_stress
"[신한카드] 승인 12,500원 일시불 정상 처리되었습니다. 본인 결제가 아니신 경우 고객센터(1588-1234)로 즉시 연락 주시기 바랍니다. 이용해 주셔서 감사합니다.",normal,정상카드결제알림,False,synthetic_fp_stress
"[삼성카드] 승인 12,500원 일시불 정상 처리되었습니다. 본인 결제가 아니신 경우 고객센터(070-4485-9920)로 즉시 연락 주시기 바랍니다. 이용해 주셔서 감사합니다.",normal,정상카드결제알림,False,synthetic_fp_stress
"[신한카드] 승인 9,900원 일시불 정상 처리되었습니다. 본인 결제가 아니신 경우 고객센터(02-330-4284)로 즉시 연락 주시기 바랍니다. 이용해 주셔서 감사합니다.",normal,정상카드결제알림,False,synthetic_fp_stress
"[신한카드] 승인 12,500원 일시불 정상 처리되었습니다. 본인 결제가 아니신 경우 고객센터(070-4485-9920)로 즉시 연락 주시기 바랍니다. 이용해 주셔서 감사합니다.",normal,정상카드결제알림,False,synthetic_fp_stress
"[삼성카드] 승인 23,000원 일시불 정상 처리되었습니다. 본인 결제가 아니신 경우 고객센터(1588-1234)로 즉시 연락 주시기 바랍니다. 이용해 주셔서 감사합니다.",normal,정상카드결제알림,False,synthetic_fp_stress
"[국민카드] 승인 9,900원 일시불 정상 처리되었습니다. 본인 결제가 아니신 경우 고객센터(1544-7000)로 즉시 연락 주시기 바랍니다. 이용해 주셔서 감사합니다.",normal,정상카드결제알림,False,synthetic_fp_stress
"[삼성카드] 승인 78,000원 일시불 정상 처리되었습니다. 본인 결제가 아니신 경우 고객센터(1588-1234)로 즉시 연락 주시기 바랍니다. 이용해 주셔서 감사합니다.",normal,정상카드결제알림,False,synthetic_fp_stress
"[국민카드] 승인 23,000원 일시불 정상 처리되었습니다. 본인 결제가 아니신 경우 고객센터(1588-1234)로 즉시 연락 주시기 바랍니다. 이용해 주셔서 감사합니다.",normal,정상카드결제알림,False,synthetic_fp_stress
"[삼성카드] 승인 9,900원 일시불 정상 처리되었습니다. 본인 결제가 아니신 경우 고객센터(070-4485-9920)로 즉시 연락 주시기 바랍니다. 이용해 주셔서 감사합니다.",normal,정상카드결제알림,False,synthetic_fp_stress
"[현대카드] 승인 45,000원 일시불 정상 처리되었습니다. 본인 결제가 아니신 경우 고객센터(1588-1234)로 즉시 연락 주시기 바랍니다. 이용해 주셔서 감사합니다.",normal,정상카드결제알림,False,synthetic_fp_stress
"[현대카드] 승인 23,000원 일시불 정상 처리되었습니다. 본인 결제가 아니신 경우 고객센터(070-4485-9920)로 즉시 연락 주시기 바랍니다. 이용해 주셔서 감사합니다.",normal,정상카드결제알림,False,synthetic_fp_stress
"[신한카드] 승인 45,000원 일시불 정상 처리되었습니다. 본인 결제가 아니신 경우 고객센터(02-330-4284)로 즉시 연락 주시기 바랍니다. 이용해 주셔서 감사합니다.",normal,정상카드결제알림,False,synthetic_fp_stress
"[삼성카드] 승인 9,900원 일시불 정상 처리되었습니다. 본인 결제가 아니신 경우 고객센터(1588-1234)로 즉시 연락 주시기 바랍니다. 이용해 주셔서 감사합니다.",normal,정상카드결제알림,False,synthetic_fp_stress
"[국민카드] 승인 12,500원 일시불 정상 처리되었습니다. 본인 결제가 아니신 경우 고객센터(1544-7000)로 즉시 연락 주시기 바랍니다. 이용해 주셔서 감사합니다.",normal,정상카드결제알림,False,synthetic_fp_stress
"[현대카드] 승인 45,000원 일시불 정상 처리되었습니다. 본인 결제가 아니신 경우 고객센터(1544-7000)로 즉시 연락 주시기 바랍니다. 이용해 주셔서 감사합니다.",normal,정상카드결제알림,False,synthetic_fp_stress
"[국민카드] 승인 12,500원 일시불 정상 처리되었습니다. 본인 결제가 아니신 경우 고객센터(02-330-4284)로 즉시 연락 주시기 바랍니다. 이용해 주셔서 감사합니다.",normal,정상카드결제알림,False,synthetic_fp_stress
"[현대카드] 승인 12,500원 일시불 정상 처리되었습니다. 본인 결제가 아니신 경우 고객센터(02-330-4284)로 즉시 연락 주시기 바랍니다. 이용해 주셔서 감사합니다.",normal,정상카드결제알림,False,synthetic_fp_stress
"[삼성카드] 승인 45,000원 일시불 정상 처리되었습니다. 본인 결제가 아니신 경우 고객센터(070-4485-9920)로 즉시 연락 주시기 바랍니다. 이용해 주셔서 감사합니다.",normal,정상카드결제알림,False,synthetic_fp_stress
"[신한카드] 승인 45,000원 일시불 정상 처리되었습니다. 본인 결제가 아니신 경우 고객센터(070-4485-9920)로 즉시 연락 주시기 바랍니다. 이용해 주셔서 감사합니다.",normal,정상카드결제알림,False,synthetic_fp_stress
"[신한카드] 승인 78,000원 일시불 정상 처리되었습니다. 본인 결제가 아니신 경우 고객센터(1588-1234)로 즉시 연락 주시기 바랍니다. 이용해 주셔서 감사합니다.",normal,정상카드결제알림,False,synthetic_fp_stress
"[국민카드] 승인 45,000원 일시불 정상 처리되었습니다. 본인 결제가 아니신 경우 고객센터(02-330-4284)로 즉시 연락 주시기 바랍니다. 이용해 주셔서 감사합니다.",normal,정상카드결제알림,False,synthetic_fp_stress
"[신한카드] 승인 9,900원 일시불 정상 처리되었습니다. 본인 결제가 아니신 경우 고객센터(070-4485-9920)로 즉시 연락 주시기 바랍니다. 이용해 주셔서 감사합니다.",normal,정상카드결제알림,False,synthetic_fp_stress
"[신한카드] 승인 78,000원 일시불 정상 처리되었습니다. 본인 결제가 아니신 경우 고객센터(1544-7000)로 즉시 연락 주시기 바랍니다. 이용해 주셔서 감사합니다.",normal,정상카드결제알림,False,synthetic_fp_stress
"[삼성카드] 승인 45,000원 일시불 정상 처리되었습니다. 본인 결제가 아니신 경우 고객센터(1544-7000)로 즉시 연락 주시기 바랍니다. 이용해 주셔서 감사합니다.",normal,정상카드결제알림,False,synthetic_fp_stress
"[삼성카드] 승인 9,900원 일시불 정상 처리되었습니다. 본인 결제가 아니신 경우 고객센터(1544-7000)로 즉시 연락 주시기 바랍니다. 이용해 주셔서 감사합니다.",normal,정상카드결제알림,False,synthetic_fp_stress
"[삼성카드] 승인 45,000원 일시불 정상 처리되었습니다. 본인 결제가 아니신 경우 고객센터(1588-1234)로 즉시 연락 주시기 바랍니다. 이용해 주셔서 감사합니다.",normal,정상카드결제알림,False,synthetic_fp_stress
"[정상알림톡] 이번 달 적립하신 포인트 23,000원 상당이 이달 말 소멸 예정입니다. 적립 내역 확인: https://www.hanjin.co.kr/track/295734 무료수신거부 0808880219",normal,정상포인트소멸알림,True,synthetic_fp_stress_train
"[정상알림톡] 이번 달 적립하신 포인트 45,000원 상당이 이달 말 소멸 예정입니다. 적립 내역 확인: https://www.cjlogistics.com/track/110844 무료수신거부 0808880219",normal,정상포인트소멸알림,True,synthetic_fp_stress_train
"[정상알림톡] 이번 달 적립하신 포인트 9,900원 상당이 이달 말 소멸 예정입니다. 적립 내역 확인: https://www.cjlogistics.com/track/988507 무료수신거부 0808880219",normal,정상포인트소멸알림,True,synthetic_fp_stress_train
"[정상알림톡] 이번 달 적립하신 포인트 45,000원 상당이 이달 말 소멸 예정입니다. 적립 내역 확인: https://www.cjlogistics.com/track/677580 무료수신거부 0808880219",normal,정상포인트소멸알림,True,synthetic_fp_stress
"[정상알림톡] 이번 달 적립하신 포인트 23,000원 상당이 이달 말 소멸 예정입니다. 적립 내역 확인: https://www.cjlogistics.com/track/660424 무료수신거부 0808880219",normal,정상포인트소멸알림,True,synthetic_fp_stress
"[정상알림톡] 이번 달 적립하신 포인트 23,000원 상당이 이달 말 소멸 예정입니다. 적립 내역 확인: https://www.koreapost.go.kr/524917 무료수신거부 0808880219",normal,정상포인트소멸알림,True,synthetic_fp_stress_train
"[정상알림톡] 이번 달 적립하신 포인트 23,000원 상당이 이달 말 소멸 예정입니다. 적립 내역 확인: https://www.cjlogistics.com/track/313025 무료수신거부 0808880219",normal,정상포인트소멸알림,True,synthetic_fp_stress_train
"[정상알림톡] 이번 달 적립하신 포인트 45,000원 상당이 이달 말 소멸 예정입니다. 적립 내역 확인: https://www.koreapost.go.kr/118855 무료수신거부 0808880219",normal,정상포인트소멸알림,True,synthetic_fp_stress_train
"[정상알림톡] 이번 달 적립하신 포인트 23,000원 상당이 이달 말 소멸 예정입니다. 적립 내역 확인: https://www.cjlogistics.com/track/330242 무료수신거부 0808880219",normal,정상포인트소멸알림,True,synthetic_fp_stress_train
"[정상알림톡] 이번 달 적립하신 포인트 9,900원 상당이 이달 말 소멸 예정입니다. 적립 내역 확인: https://www.koreapost.go.kr/200930 무료수신거부 0808880219",normal,정상포인트소멸알림,True,synthetic_fp_stress
"[정상알림톡] 이번 달 적립하신 포인트 45,000원 상당이 이달 말 소멸 예정입니다. 적립 내역 확인: https://www.cjlogistics.com/track/552819 무료수신거부 0808880219",normal,정상포인트소멸알림,True,synthetic_fp_stress
"[정상알림톡] 이번 달 적립하신 포인트 9,900원 상당이 이달 말 소멸 예정입니다. 적립 내역 확인: https://www.koreapost.go.kr/832399 무료수신거부 0808880219",normal,정상포인트소멸알림,True,synthetic_fp_stress
"[정상알림톡] 이번 달 적립하신 포인트 23,000원 상당이 이달 말 소멸 예정입니다. 적립 내역 확인: https://www.hanjin.co.kr/track/417303 무료수신거부 0808880219",normal,정상포인트소멸알림,True,synthetic_fp_stress
"[정상알림톡] 이번 달 적립하신 포인트 12,500원 상당이 이달 말 소멸 예정입니다. 적립 내역 확인: https://www.koreapost.go.kr/474883 무료수신거부 0808880219",normal,정상포인트소멸알림,True,synthetic_fp_stress
"[정상알림톡] 이번 달 적립하신 포인트 78,000원 상당이 이달 말 소멸 예정입니다. 적립 내역 확인: https://www.cjlogistics.com/track/705079 무료수신거부 0808880219",normal,정상포인트소멸알림,True,synthetic_fp_stress_train
"[정상알림톡] 이번 달 적립하신 포인트 78,000원 상당이 이달 말 소멸 예정입니다. 적립 내역 확인: https://www.cjlogistics.com/track/523691 무료수신거부 0808880219",normal,정상포인트소멸알림,True,synthetic_fp_stress_train
"[정상알림톡] 이번 달 적립하신 포인트 9,900원 상당이 이달 말 소멸 예정입니다. 적립 내역 확인: https://www.hanjin.co.kr/track/290987 무료수신거부 0808880219",normal,정상포인트소멸알림,True,synthetic_fp_stress_train
"[정상알림톡] 이번 달 적립하신 포인트 23,000원 상당이 이달 말 소멸 예정입니다. 적립 내역 확인: https://www.koreapost.go.kr/183665 무료수신거부 0808880219",normal,정상포인트소멸알림,True,synthetic_fp_stress_train
"[정상알림톡] 이번 달 적립하신 포인트 12,500원 상당이 이달 말 소멸 예정입니다. 적립 내역 확인: https://www.hanjin.co.kr/track/854666 무료수신거부 0808880219",normal,정상포인트소멸알림,True,synthetic_fp_stress
"[정상알림톡] 이번 달 적립하신 포인트 12,500원 상당이 이달 말 소멸 예정입니다. 적립 내역 확인: https://www.koreapost.go.kr/965052 무료수신거부 0808880219",normal,정상포인트소멸알림,True,synthetic_fp_stress_train
"[정상알림톡] 이번 달 적립하신 포인트 45,000원 상당이 이달 말 소멸 예정입니다. 적립 내역 확인: https://www.hanjin.co.kr/track/457416 무료수신거부 0808880219",normal,정상포인트소멸알림,True,synthetic_fp_stress_train
"[정상알림톡] 이번 달 적립하신 포인트 12,500원 상당이 이달 말 소멸 예정입니다. 적립 내역 확인: https://www.koreapost.go.kr/614829 무료수신거부 0808880219",normal,정상포인트소멸알림,True,synthetic_fp_stress
"[정상알림톡] 이번 달 적립하신 포인트 12,500원 상당이 이달 말 소멸 예정입니다. 적립 내역 확인: https://www.hanjin.co.kr/track/940127 무료수신거부 0808880219",normal,정상포인트소멸알림,True,synthetic_fp_stress
"[정상알림톡] 이번 달 적립하신 포인트 12,500원 상당이 이달 말 소멸 예정입니다. 적립 내역 확인: https://www.cjlogistics.com/track/221047 무료수신거부 0808880219",normal,정상포인트소멸알림,True,synthetic_fp_stress
"[정상알림톡] 이번 달 적립하신 포인트 12,500원 상당이 이달 말 소멸 예정입니다. 적립 내역 확인: https://www.koreapost.go.kr/194834 무료수신거부 0808880219",normal,정상포인트소멸알림,True,synthetic_fp_stress
"[정상알림톡] 이번 달 적립하신 포인트 78,000원 상당이 이달 말 소멸 예정입니다. 적립 내역 확인: https://www.hanjin.co.kr/track/960471 무료수신거부 0808880219",normal,정상포인트소멸알림,True,synthetic_fp_stress
"[정상알림톡] 이번 달 적립하신 포인트 45,000원 상당이 이달 말 소멸 예정입니다. 적립 내역 확인: https://www.koreapost.go.kr/256627 무료수신거부 0808880219",normal,정상포인트소멸알림,True,synthetic_fp_stress
"[정상알림톡] 이번 달 적립하신 포인트 12,500원 상당이 이달 말 소멸 예정입니다. 적립 내역 확인: https://www.hanjin.co.kr/track/509435 무료수신거부 0808880219",normal,정상포인트소멸알림,True,synthetic_fp_stress_train
"[정상알림톡] 이번 달 적립하신 포인트 23,000원 상당이 이달 말 소멸 예정입니다. 적립 내역 확인: https://www.hanjin.co.kr/track/794061 무료수신거부 0808880219",normal,정상포인트소멸알림,True,synthetic_fp_stress
"[정상알림톡] 이번 달 적립하신 포인트 78,000원 상당이 이달 말 소멸 예정입니다. 적립 내역 확인: https://www.cjlogistics.com/track/151455 무료수신거부 0808880219",normal,정상포인트소멸알림,True,synthetic_fp_stress_train
"[정상알림톡] 이번 달 적립하신 포인트 12,500원 상당이 이달 말 소멸 예정입니다. 적립 내역 확인: https://www.koreapost.go.kr/967596 무료수신거부 0808880219",normal,정상포인트소멸알림,True,synthetic_fp_stress
"[정상알림톡] 이번 달 적립하신 포인트 78,000원 상당이 이달 말 소멸 예정입니다. 적립 내역 확인: https://www.koreapost.go.kr/824409 무료수신거부 0808880219",normal,정상포인트소멸알림,True,synthetic_fp_stress_train
"[정상알림톡] 이번 달 적립하신 포인트 23,000원 상당이 이달 말 소멸 예정입니다. 적립 내역 확인: https://www.koreapost.go.kr/596619 무료수신거부 0808880219",normal,정상포인트소멸알림,True,synthetic_fp_stress
"[정상알림톡] 이번 달 적립하신 포인트 45,000원 상당이 이달 말 소멸 예정입니다. 적립 내역 확인: https://www.koreapost.go.kr/481499 무료수신거부 0808880219",normal,정상포인트소멸알림,True,synthetic_fp_stress_train
"[정상알림톡] 이번 달 적립하신 포인트 45,000원 상당이 이달 말 소멸 예정입니다. 적립 내역 확인: https://www.cjlogistics.com/track/618439 무료수신거부 0808880219",normal,정상포인트소멸알림,True,synthetic_fp_stress
"[정상알림톡] 이번 달 적립하신 포인트 12,500원 상당이 이달 말 소멸 예정입니다. 적립 내역 확인: https://www.koreapost.go.kr/446119 무료수신거부 0808880219",normal,정상포인트소멸알림,True,synthetic_fp_stress
"[정상알림톡] 이번 달 적립하신 포인트 78,000원 상당이 이달 말 소멸 예정입니다. 적립 내역 확인: https://www.cjlogistics.com/track/907846 무료수신거부 0808880219",normal,정상포인트소멸알림,True,synthetic_fp_stress
"[정상알림톡] 이번 달 적립하신 포인트 23,000원 상당이 이달 말 소멸 예정입니다. 적립 내역 확인: https://www.hanjin.co.kr/track/627181 무료수신거부 0808880219",normal,정상포인트소멸알림,True,synthetic_fp_stress_train
"[정상알림톡] 이번 달 적립하신 포인트 45,000원 상당이 이달 말 소멸 예정입니다. 적립 내역 확인: https://www.cjlogistics.com/track/133268 무료수신거부 0808880219",normal,정상포인트소멸알림,True,synthetic_fp_stress_train
"[정상알림톡] 이번 달 적립하신 포인트 45,000원 상당이 이달 말 소멸 예정입니다. 적립 내역 확인: https://www.cjlogistics.com/track/273407 무료수신거부 0808880219",normal,정상포인트소멸알림,True,synthetic_fp_stress_train
"[롯데택배] 상품 배송 안내 고객님의 소중한 상품을 가지고 출발합니다. ■ 상품명 : 총 1건 즉석밥 세트 ■ 운송장번호 : 623095377176 ■ 보내신 분 : GS리테일 ■ 배송예정 시간 : 17시~19시 ※ 위탁장소 지정 및 실시간 배송현황 조회하기 https://www.lotteglogis.com/623095377176 ※ 택배 상자는 운송장, 포장재 등을 제거 후 분리배출해 주시기 바랍니다.",normal,정상택배배송안내,True,synthetic_fp_stress
"[롯데택배] 상품 배송 안내 고객님의 소중한 상품을 가지고 출발합니다. ■ 상품명 : 총 1건 샴푸 리필 ■ 운송장번호 : 103386167328 ■ 보내신 분 : 이마트몰 ■ 배송예정 시간 : 15시~17시 ※ 위탁장소 지정 및 실시간 배송현황 조회하기 https://www.lotteglogis.com/103386167328 ※ 택배 상자는 운송장, 포장재 등을 제거 후 분리배출해 주시기 바랍니다.",normal,정상택배배송안내,True,synthetic_fp_stress
"[CJ대한통운] 상품 배송 안내 고객님의 소중한 상품을 가지고 출발합니다. ■ 상품명 : 총 1건 무선 이어폰 ■ 운송장번호 : 259211279864 ■ 보내신 분 : 이마트몰 ■ 배송예정 시간 : 19시~21시 ※ 위탁장소 지정 및 실시간 배송현황 조회하기 https://www.cjlogistics.com/259211279864 ※ 택배 상자는 운송장, 포장재 등을 제거 후 분리배출해 주시기 바랍니다.",normal,정상택배배송안내,True,synthetic_fp_stress
"[롯데택배] 상품 배송 안내 고객님의 소중한 상품을 가지고 출발합니다. ■ 상품명 : 총 1건 주방세제 리필 ■ 운송장번호 : 949281197041 ■ 보내신 분 : 상온_생활건강 ■ 배송예정 시간 : 19시~21시 ※ 위탁장소 지정 및 실시간 배송현황 조회하기 https://www.lotteglogis.com/949281197041 ※ 택배 상자는 운송장, 포장재 등을 제거 후 분리배출해 주시기 바랍니다.",normal,정상택배배송안내,True,synthetic_fp_stress
"[우체국택배] 상품 배송 안내 고객님의 소중한 상품을 가지고 출발합니다. ■ 상품명 : 총 1건 샴푸 리필 ■ 운송장번호 : 464886530563 ■ 보내신 분 : GS리테일 ■ 배송예정 시간 : 13시~15시 ※ 위탁장소 지정 및 실시간 배송현황 조회하기 https://www.koreapost.go.kr/464886530563 ※ 택배 상자는 운송장, 포장재 등을 제거 후 분리배출해 주시기 바랍니다.",normal,정상택배배송안내,True,synthetic_fp_stress
"[우체국택배] 상품 배송 안내 고객님의 소중한 상품을 가지고 출발합니다. ■ 상품명 : 총 1건 반려동물 사료 ■ 운송장번호 : 267603471531 ■ 보내신 분 : 상온_생활건강 ■ 배송예정 시간 : 17시~19시 ※ 위탁장소 지정 및 실시간 배송현황 조회하기 https://www.koreapost.go.kr/267603471531 ※ 택배 상자는 운송장, 포장재 등을 제거 후 분리배출해 주시기 바랍니다.",normal,정상택배배송안내,True,synthetic_fp_stress
"[CJ대한통운] 상품 배송 안내 고객님의 소중한 상품을 가지고 출발합니다. ■ 상품명 : 총 1건 생수 2L(6입) ■ 운송장번호 : 706282301958 ■ 보내신 분 : 상온_생활건강 ■ 배송예정 시간 : 19시~21시 ※ 위탁장소 지정 및 실시간 배송현황 조회하기 https://www.cjlogistics.com/706282301958 ※ 택배 상자는 운송장, 포장재 등을 제거 후 분리배출해 주시기 바랍니다.",normal,정상택배배송안내,True,synthetic_fp_stress
"[한진택배] 상품 배송 안내 고객님의 소중한 상품을 가지고 출발합니다. ■ 상품명 : 총 1건 즉석밥 세트 ■ 운송장번호 : 830947207355 ■ 보내신 분 : GS리테일 ■ 배송예정 시간 : 15시~17시 ※ 위탁장소 지정 및 실시간 배송현황 조회하기 https://www.hanjin.co.kr/830947207355 ※ 택배 상자는 운송장, 포장재 등을 제거 후 분리배출해 주시기 바랍니다.",normal,정상택배배송안내,True,synthetic_fp_stress
"[CJ대한통운] 상품 배송 안내 고객님의 소중한 상품을 가지고 출발합니다. ■ 상품명 : 총 1건 즉석밥 세트 ■ 운송장번호 : 318099553194 ■ 보내신 분 : 농협하나로마트 ■ 배송예정 시간 : 13시~15시 ※ 위탁장소 지정 및 실시간 배송현황 조회하기 https://www.cjlogistics.com/318099553194 ※ 택배 상자는 운송장, 포장재 등을 제거 후 분리배출해 주시기 바랍니다.",normal,정상택배배송안내,True,synthetic_fp_stress
"[롯데택배] 상품 배송 안내 고객님의 소중한 상품을 가지고 출발합니다. ■ 상품명 : 총 1건 반려동물 사료 ■ 운송장번호 : 714706361773 ■ 보내신 분 : 이마트몰 ■ 배송예정 시간 : 13시~15시 ※ 위탁장소 지정 및 실시간 배송현황 조회하기 https://www.lotteglogis.com/714706361773 ※ 택배 상자는 운송장, 포장재 등을 제거 후 분리배출해 주시기 바랍니다.",normal,정상택배배송안내,True,synthetic_fp_stress
"[우체국택배] 상품 배송 안내 고객님의 소중한 상품을 가지고 출발합니다. ■ 상품명 : 총 1건 샴푸 리필 ■ 운송장번호 : 548977941251 ■ 보내신 분 : GS리테일 ■ 배송예정 시간 : 15시~17시 ※ 위탁장소 지정 및 실시간 배송현황 조회하기 https://www.koreapost.go.kr/548977941251 ※ 택배 상자는 운송장, 포장재 등을 제거 후 분리배출해 주시기 바랍니다.",normal,정상택배배송안내,True,synthetic_fp_stress
"[한진택배] 상품 배송 안내 고객님의 소중한 상품을 가지고 출발합니다. ■ 상품명 : 총 1건 무선 이어폰 ■ 운송장번호 : 522987502500 ■ 보내신 분 : GS리테일 ■ 배송예정 시간 : 19시~21시 ※ 위탁장소 지정 및 실시간 배송현황 조회하기 https://www.hanjin.co.kr/522987502500 ※ 택배 상자는 운송장, 포장재 등을 제거 후 분리배출해 주시기 바랍니다.",normal,정상택배배송안내,True,synthetic_fp_stress
"[한진택배] 상품 배송 안내 고객님의 소중한 상품을 가지고 출발합니다. ■ 상품명 : 총 1건 생수 2L(6입) ■ 운송장번호 : 889063199234 ■ 보내신 분 : 상온_생활건강 ■ 배송예정 시간 : 15시~17시 ※ 위탁장소 지정 및 실시간 배송현황 조회하기 https://www.hanjin.co.kr/889063199234 ※ 택배 상자는 운송장, 포장재 등을 제거 후 분리배출해 주시기 바랍니다.",normal,정상택배배송안내,True,synthetic_fp_stress
"[우체국택배] 상품 배송 안내 고객님의 소중한 상품을 가지고 출발합니다. ■ 상품명 : 총 1건 생수 2L(6입) ■ 운송장번호 : 759494078983 ■ 보내신 분 : GS리테일 ■ 배송예정 시간 : 13시~15시 ※ 위탁장소 지정 및 실시간 배송현황 조회하기 https://www.koreapost.go.kr/759494078983 ※ 택배 상자는 운송장, 포장재 등을 제거 후 분리배출해 주시기 바랍니다.",normal,정상택배배송안내,True,synthetic_fp_stress
"[롯데택배] 상품 배송 안내 고객님의 소중한 상품을 가지고 출발합니다. ■ 상품명 : 총 1건 샴푸 리필 ■ 운송장번호 : 222933228543 ■ 보내신 분 : 이마트몰 ■ 배송예정 시간 : 17시~19시 ※ 위탁장소 지정 및 실시간 배송현황 조회하기 https://www.lotteglogis.com/222933228543 ※ 택배 상자는 운송장, 포장재 등을 제거 후 분리배출해 주시기 바랍니다.",normal,정상택배배송안내,True,synthetic_fp_stress
"[롯데택배] 상품 배송 안내 고객님의 소중한 상품을 가지고 출발합니다. ■ 상품명 : 총 1건 반려동물 사료 ■ 운송장번호 : 479384675522 ■ 보내신 분 : 농협하나로마트 ■ 배송예정 시간 : 17시~19시 ※ 위탁장소 지정 및 실시간 배송현황 조회하기 https://www.lotteglogis.com/479384675522 ※ 택배 상자는 운송장, 포장재 등을 제거 후 분리배출해 주시기 바랍니다.",normal,정상택배배송안내,True,synthetic_fp_stress
"[한진택배] 상품 배송 안내 고객님의 소중한 상품을 가지고 출발합니다. ■ 상품명 : 총 1건 주방세제 리필 ■ 운송장번호 : 292473358068 ■ 보내신 분 : 상온_생활건강 ■ 배송예정 시간 : 15시~17시 ※ 위탁장소 지정 및 실시간 배송현황 조회하기 https://www.hanjin.co.kr/292473358068 ※ 택배 상자는 운송장, 포장재 등을 제거 후 분리배출해 주시기 바랍니다.",normal,정상택배배송안내,True,synthetic_fp_stress
"[우체국택배] 상품 배송 안내 고객님의 소중한 상품을 가지고 출발합니다. ■ 상품명 : 총 1건 무선 이어폰 ■ 운송장번호 : 674133626405 ■ 보내신 분 : 농협하나로마트 ■ 배송예정 시간 : 13시~15시 ※ 위탁장소 지정 및 실시간 배송현황 조회하기 https://www.koreapost.go.kr/674133626405 ※ 택배 상자는 운송장, 포장재 등을 제거 후 분리배출해 주시기 바랍니다.",normal,정상택배배송안내,True,synthetic_fp_stress
"[롯데택배] 상품 배송 안내 고객님의 소중한 상품을 가지고 출발합니다. ■ 상품명 : 총 1건 즉석밥 세트 ■ 운송장번호 : 481750306833 ■ 보내신 분 : 농협하나로마트 ■ 배송예정 시간 : 13시~15시 ※ 위탁장소 지정 및 실시간 배송현황 조회하기 https://www.lotteglogis.com/481750306833 ※ 택배 상자는 운송장, 포장재 등을 제거 후 분리배출해 주시기 바랍니다.",normal,정상택배배송안내,True,synthetic_fp_stress
"[우체국택배] 상품 배송 안내 고객님의 소중한 상품을 가지고 출발합니다. ■ 상품명 : 총 1건 샴푸 리필 ■ 운송장번호 : 277149671370 ■ 보내신 분 : GS리테일 ■ 배송예정 시간 : 15시~17시 ※ 위탁장소 지정 및 실시간 배송현황 조회하기 https://www.koreapost.go.kr/277149671370 ※ 택배 상자는 운송장, 포장재 등을 제거 후 분리배출해 주시기 바랍니다.",normal,정상택배배송안내,True,synthetic_fp_stress
"[CJ대한통운] 상품 배송 안내 고객님의 소중한 상품을 가지고 출발합니다. ■ 상품명 : 총 1건 즉석밥 세트 ■ 운송장번호 : 157071442913 ■ 보내신 분 : GS리테일 ■ 배송예정 시간 : 19시~21시 ※ 위탁장소 지정 및 실시간 배송현황 조회하기 https://www.cjlogistics.com/157071442913 ※ 택배 상자는 운송장, 포장재 등을 제거 후 분리배출해 주시기 바랍니다.",normal,정상택배배송안내,True,synthetic_fp_stress
"[한진택배] 상품 배송 안내 고객님의 소중한 상품을 가지고 출발합니다. ■ 상품명 : 총 1건 반려동물 사료 ■ 운송장번호 : 372384898940 ■ 보내신 분 : 쿠팡 ■ 배송예정 시간 : 13시~15시 ※ 위탁장소 지정 및 실시간 배송현황 조회하기 https://www.hanjin.co.kr/372384898940 ※ 택배 상자는 운송장, 포장재 등을 제거 후 분리배출해 주시기 바랍니다.",normal,정상택배배송안내,True,synthetic_fp_stress
"[롯데택배] 상품 배송 안내 고객님의 소중한 상품을 가지고 출발합니다. ■ 상품명 : 총 1건 즉석밥 세트 ■ 운송장번호 : 916693180212 ■ 보내신 분 : 상온_생활건강 ■ 배송예정 시간 : 17시~19시 ※ 위탁장소 지정 및 실시간 배송현황 조회하기 https://www.lotteglogis.com/916693180212 ※ 택배 상자는 운송장, 포장재 등을 제거 후 분리배출해 주시기 바랍니다.",normal,정상택배배송안내,True,synthetic_fp_stress
"[우체국택배] 상품 배송 안내 고객님의 소중한 상품을 가지고 출발합니다. ■ 상품명 : 총 1건 생수 2L(6입) ■ 운송장번호 : 817082918802 ■ 보내신 분 : 쿠팡 ■ 배송예정 시간 : 15시~17시 ※ 위탁장소 지정 및 실시간 배송현황 조회하기 https://www.koreapost.go.kr/817082918802 ※ 택배 상자는 운송장, 포장재 등을 제거 후 분리배출해 주시기 바랍니다.",normal,정상택배배송안내,True,synthetic_fp_stress
"[우체국택배] 상품 배송 안내 고객님의 소중한 상품을 가지고 출발합니다. ■ 상품명 : 총 1건 생수 2L(6입) ■ 운송장번호 : 270919161178 ■ 보내신 분 : 농협하나로마트 ■ 배송예정 시간 : 17시~19시 ※ 위탁장소 지정 및 실시간 배송현황 조회하기 https://www.koreapost.go.kr/270919161178 ※ 택배 상자는 운송장, 포장재 등을 제거 후 분리배출해 주시기 바랍니다.",normal,정상택배배송안내,True,synthetic_fp_stress
"[한진택배] 상품 배송 안내 고객님의 소중한 상품을 가지고 출발합니다. ■ 상품명 : 총 1건 샴푸 리필 ■ 운송장번호 : 627633906448 ■ 보내신 분 : GS리테일 ■ 배송예정 시간 : 19시~21시 ※ 위탁장소 지정 및 실시간 배송현황 조회하기 https://www.hanjin.co.kr/627633906448 ※ 택배 상자는 운송장, 포장재 등을 제거 후 분리배출해 주시기 바랍니다.",normal,정상택배배송안내,True,synthetic_fp_stress
"[한진택배] 상품 배송 안내 고객님의 소중한 상품을 가지고 출발합니다. ■ 상품명 : 총 1건 주방세제 리필 ■ 운송장번호 : 942411925266 ■ 보내신 분 : 이마트몰 ■ 배송예정 시간 : 17시~19시 ※ 위탁장소 지정 및 실시간 배송현황 조회하기 https://www.hanjin.co.kr/942411925266 ※ 택배 상자는 운송장, 포장재 등을 제거 후 분리배출해 주시기 바랍니다.",normal,정상택배배송안내,True,synthetic_fp_stress
"[CJ대한통운] 상품 배송 안내 고객님의 소중한 상품을 가지고 출발합니다. ■ 상품명 : 총 1건 즉석밥 세트 ■ 운송장번호 : 749675741372 ■ 보내신 분 : 농협하나로마트 ■ 배송예정 시간 : 13시~15시 ※ 위탁장소 지정 및 실시간 배송현황 조회하기 https://www.cjlogistics.com/749675741372 ※ 택배 상자는 운송장, 포장재 등을 제거 후 분리배출해 주시기 바랍니다.",normal,정상택배배송안내,True,synthetic_fp_stress
"[한진택배] 상품 배송 안내 고객님의 소중한 상품을 가지고 출발합니다. ■ 상품명 : 총 1건 반려동물 사료 ■ 운송장번호 : 848428961212 ■ 보내신 분 : 농협하나로마트 ■ 배송예정 시간 : 19시~21시 ※ 위탁장소 지정 및 실시간 배송현황 조회하기 https://www.hanjin.co.kr/848428961212 ※ 택배 상자는 운송장, 포장재 등을 제거 후 분리배출해 주시기 바랍니다.",normal,정상택배배송안내,True,synthetic_fp_stress
"[우체국택배] 상품 배송 안내 고객님의 소중한 상품을 가지고 출발합니다. ■ 상품명 : 총 1건 주방세제 리필 ■ 운송장번호 : 534199027845 ■ 보내신 분 : 농협하나로마트 ■ 배송예정 시간 : 15시~17시 ※ 위탁장소 지정 및 실시간 배송현황 조회하기 https://www.koreapost.go.kr/534199027845 ※ 택배 상자는 운송장, 포장재 등을 제거 후 분리배출해 주시기 바랍니다.",normal,정상택배배송안내,True,synthetic_fp_stress
"[CJ대한통운] 상품 배송 안내 고객님의 소중한 상품을 가지고 출발합니다. ■ 상품명 : 총 1건 주방세제 리필 ■ 운송장번호 : 257995290287 ■ 보내신 분 : 상온_생활건강 ■ 배송예정 시간 : 19시~21시 ※ 위탁장소 지정 및 실시간 배송현황 조회하기 https://www.cjlogistics.com/257995290287 ※ 택배 상자는 운송장, 포장재 등을 제거 후 분리배출해 주시기 바랍니다.",normal,정상택배배송안내,True,synthetic_fp_stress
"[CJ대한통운] 상품 배송 안내 고객님의 소중한 상품을 가지고 출발합니다. ■ 상품명 : 총 1건 생수 2L(6입) ■ 운송장번호 : 689716301227 ■ 보내신 분 : 쿠팡 ■ 배송예정 시간 : 15시~17시 ※ 위탁장소 지정 및 실시간 배송현황 조회하기 https://www.cjlogistics.com/689716301227 ※ 택배 상자는 운송장, 포장재 등을 제거 후 분리배출해 주시기 바랍니다.",normal,정상택배배송안내,True,synthetic_fp_stress
"[한진택배] 상품 배송 안내 고객님의 소중한 상품을 가지고 출발합니다. ■ 상품명 : 총 1건 즉석밥 세트 ■ 운송장번호 : 283056664568 ■ 보내신 분 : GS리테일 ■ 배송예정 시간 : 15시~17시 ※ 위탁장소 지정 및 실시간 배송현황 조회하기 https://www.hanjin.co.kr/283056664568 ※ 택배 상자는 운송장, 포장재 등을 제거 후 분리배출해 주시기 바랍니다.",normal,정상택배배송안내,True,synthetic_fp_stress
"[롯데택배] 상품 배송 안내 고객님의 소중한 상품을 가지고 출발합니다. ■ 상품명 : 총 1건 주방세제 리필 ■ 운송장번호 : 919093106474 ■ 보내신 분 : GS리테일 ■ 배송예정 시간 : 15시~17시 ※ 위탁장소 지정 및 실시간 배송현황 조회하기 https://www.lotteglogis.com/919093106474 ※ 택배 상자는 운송장, 포장재 등을 제거 후 분리배출해 주시기 바랍니다.",normal,정상택배배송안내,True,synthetic_fp_stress
"[CJ대한통운] 상품 배송 안내 고객님의 소중한 상품을 가지고 출발합니다. ■ 상품명 : 총 1건 샴푸 리필 ■ 운송장번호 : 525235361153 ■ 보내신 분 : 이마트몰 ■ 배송예정 시간 : 13시~15시 ※ 위탁장소 지정 및 실시간 배송현황 조회하기 https://www.cjlogistics.com/525235361153 ※ 택배 상자는 운송장, 포장재 등을 제거 후 분리배출해 주시기 바랍니다.",normal,정상택배배송안내,True,synthetic_fp_stress
"[우체국택배] 상품 배송 안내 고객님의 소중한 상품을 가지고 출발합니다. ■ 상품명 : 총 1건 생수 2L(6입) ■ 운송장번호 : 885353836850 ■ 보내신 분 : GS리테일 ■ 배송예정 시간 : 15시~17시 ※ 위탁장소 지정 및 실시간 배송현황 조회하기 https://www.koreapost.go.kr/885353836850 ※ 택배 상자는 운송장, 포장재 등을 제거 후 분리배출해 주시기 바랍니다.",normal,정상택배배송안내,True,synthetic_fp_stress
"[롯데택배] 상품 배송 안내 고객님의 소중한 상품을 가지고 출발합니다. ■ 상품명 : 총 1건 무선 이어폰 ■ 운송장번호 : 146152898459 ■ 보내신 분 : 이마트몰 ■ 배송예정 시간 : 17시~19시 ※ 위탁장소 지정 및 실시간 배송현황 조회하기 https://www.lotteglogis.com/146152898459 ※ 택배 상자는 운송장, 포장재 등을 제거 후 분리배출해 주시기 바랍니다.",normal,정상택배배송안내,True,synthetic_fp_stress
"[롯데택배] 상품 배송 안내 고객님의 소중한 상품을 가지고 출발합니다. ■ 상품명 : 총 1건 즉석밥 세트 ■ 운송장번호 : 426376642697 ■ 보내신 분 : 농협하나로마트 ■ 배송예정 시간 : 17시~19시 ※ 위탁장소 지정 및 실시간 배송현황 조회하기 https://www.lotteglogis.com/426376642697 ※ 택배 상자는 운송장, 포장재 등을 제거 후 분리배출해 주시기 바랍니다.",normal,정상택배배송안내,True,synthetic_fp_stress
"[우체국택배] 상품 배송 안내 고객님의 소중한 상품을 가지고 출발합니다. ■ 상품명 : 총 1건 샴푸 리필 ■ 운송장번호 : 755017785284 ■ 보내신 분 : 상온_생활건강 ■ 배송예정 시간 : 13시~15시 ※ 위탁장소 지정 및 실시간 배송현황 조회하기 https://www.koreapost.go.kr/755017785284 ※ 택배 상자는 운송장, 포장재 등을 제거 후 분리배출해 주시기 바랍니다.",normal,정상택배배송안내,True,synthetic_fp_stress
"[한진택배] 상품 배송 안내 고객님의 소중한 상품을 가지고 출발합니다. ■ 상품명 : 총 1건 샴푸 리필 ■ 운송장번호 : 785903900975 ■ 보내신 분 : 쿠팡 ■ 배송예정 시간 : 17시~19시 ※ 위탁장소 지정 및 실시간 배송현황 조회하기 https://www.hanjin.co.kr/785903900975 ※ 택배 상자는 운송장, 포장재 등을 제거 후 분리배출해 주시기 바랍니다.",normal,정상택배배송안내,True,synthetic_fp_stress
[국제발신] (긴급) 걱정돼서 연락드렸습니다. 지난번에 말씀드린 종목 오늘 세력 매집 마감일입니다. 손실 복구 원하시면 아래 링크로 입장하세요. [bit.ly/xxxx],phishing,투자리딩방사기,True,real_holdout
[단독입수] 3일 만에 300% 폭등할 하반기 주도주 무료 공개! 더 이상 잃지 마세요. VIP 정보방 입장 코드: 7771 [url 링크],phishing,투자리딩방사기,True,user_added
OO증권입니다. 우수 고객 무료 추천 종목 서비스 당첨되셨습니다. 카카오톡 채널 추가 후 급등 종목 받아가세요.,phishing,투자리딩방사기,False,real_holdout
"대표님, 지난번 요청하신 종목 매수 리포트 정리했습니다. 확인 부탁드려요~ [링크]",phishing,투자리딩방사기,True,user_added
[국제발신] (안내) 기획재정부 서민금융 특별자금 대출 특별 신청 안내. 귀하는 무담보 1.5% 저금리 대상자로 선정되셨습니다. 한도 확인: [bit.ly/xxxx],phishing,대출사기,True,user_added
"[KB국민] 고객님, 신청하신 소상공인 일상회복 자금 승인 완료되었습니다. 오늘 16시까지 미신청 시 자동 취소됩니다. 상담 신청: [대출링크]",phishing,대출사기,True,user_added
"[NH농협] 타사 고금리 대출을 저금리로 즉시 전환해 드립니다. 신용점수 무관, 당일 대출 신청 접수처: [url 링크]",phishing,대출사기,True,user_added
[우리은행] 선착순 특별 고정금리 2.1% 대출 출시. 오늘 예산 소진 시 마감됩니다. 비대면 서류 제출: [가짜 앱 다운로드 링크],phishing,대출사기,True,user_added
"구매자님, 요청하신 네이버 안전결제 링크 생성되었습니다. 아래 주소에서 결제 완료 후 톡 주시면 바로 발송하겠습니다. [xxxx.com]",phishing,중고거래사기,True,user_added
"[안내] 수수료 1,000원이 제외되어 결제가 대기 상태입니다. 수수료를 포함한 전체 금액을 재입금하셔야 이전 금액이 자동 환불됩니다. [환불 신청 링크]",phishing,중고거래사기,True,user_added
"안녕하세요, 올리신 물건 직거래하고 싶은데 타 지역이라 인증이 안 되네요. 아래 링크 누르셔서 제 동네 인증 한 번만 도와주시면 바로 쿨거래 하겠습니다. [daangn.verify-auth.xxxx]",phishing,중고거래사기,True,user_added
[중고나라 배송] 구매하신 상품의 배송지 주소가 불명확하여 발송이 보류되었습니다. 올바른 주소로 수정해 주세요. [bit.ly/xxxx],phishing,중고거래사기,True,user_added
"[Web발신][신한카드] 포인트 안내 - 보유하신 포인트 12,300점 중 일부가 이달 말 소멸 예정입니다. 신한카드 앱에서 확인 후 사용해 주세요.",normal,정상포인트소멸알림,False,original
"[Web발신][SKT] 이번 달 T포인트 8,500점이 12/31 자정 소멸됩니다. 사용은 T world 앱에서 가능합니다.",normal,정상포인트소멸알림,False,original
"[이마트] 회원님, 적립하신 이마트 포인트 15,000점이 이달 말 소멸 예정입니다. 사용처: 전국 이마트 매장 및 이마트몰",normal,정상포인트소멸알림,False,real_holdout
"[Web발신][KB국민카드] 포인트리 22,000점 중 일부가 12월 31일 자동 소멸됩니다. 카드 앱에서 잔여 포인트를 확인하세요.",normal,정상포인트소멸알림,False,original
"[올리브영] 뷰티포인트 5,200점이 이번 달 말 만료 예정입니다. 매장 또는 온라인몰에서 사용 가능합니다.",normal,정상포인트소멸알림,False,original
"[Web발신][KT] 멤버십 포인트 3,000점이 이달 말 소멸됩니다. 자세한 내용은 KT 멤버십 앱에서 확인하세요.",normal,정상포인트소멸알림,False,original
"[교보문고] 적립하신 바로드림 포인트 7,800원이 이달 말 만료됩니다. 온/오프라인 매장에서 사용 가능합니다.",normal,정상포인트소멸알림,False,original
"[Web발신][현대백화점] 회원 포인트 18,000점이 12월 말 소멸 예정입니다. H.Point 앱에서 확인해 주세요.",normal,정상포인트소멸알림,False,real_holdout
[스타벅스] 별 12개가 이번 달 말 만료 예정입니다. 사이렌오더 앱에서 사용해 보세요.,normal,정상포인트소멸알림,False,original
"[Web발신][우리카드] 카드 포인트 9,500점이 이번 달 말 사라집니다. 위비멤버스 앱에서 조회 가능합니다.",normal,정상포인트소멸알림,False,real_holdout
"[아시아나항공] 마일리지 일부(3,200마일)가 연말 소멸 예정입니다. 마일리지클럽 홈페이지에서 확인하세요. https://www.flyasiana.com/mileage",normal,정상포인트소멸알림,True,original
"[Web발신][롯데멤버스] 엘포인트 6,700점이 이달 말 만료됩니다. 롯데멤버스 앱에서 사용해 주세요.",normal,정상포인트소멸알림,False,original
"[배달의민족] 배민포인트 2,000원이 이번 달 말 소멸됩니다. 앱에서 주문 시 사용 가능합니다.",normal,정상포인트소멸알림,False,original
"[Web발신][LG U+] 유플러스 포인트 4,100점이 12월 31일 자동 소멸됩니다. U+멤버십 앱에서 확인해 주세요. https://www.uplus.co.kr/membership",normal,정상포인트소멸알림,True,original
"[11번가] 적립금 3,500원이 이달 말 만료 예정이니 주문 시 사용해 주세요.",normal,정상포인트소멸알림,False,synthetic_fp_stress
"[Web발신][하나카드] 하나머니 11,000원이 이번 달 말 소멸됩니다. 하나카드 앱에서 확인 가능합니다.",normal,정상포인트소멸알림,False,synthetic_fp_stress
"[CGV] 무비콜렉트 포인트 1,800점이 이달 말 만료됩니다. CGV 앱에서 예매 시 사용해 주세요.",normal,정상포인트소멸알림,False,synthetic_fp_stress
"[Web발신][삼성카드] 적립 포인트 27,000점 중 일부가 이번 달 말 소멸 예정입니다. 삼성카드 앱에서 확인해 주세요.",normal,정상포인트소멸알림,False,synthetic_fp_stress
"[에버랜드] 멤버십 포인트 2,400점이 이달 말 소멸 예정입니다. 에버랜드 앱에서 확인 후 사용해 주세요.",normal,정상포인트소멸알림,False,synthetic_fp_stress
오늘 저녁에 치킨 콜?,normal,일상대화,False,original
야 오늘 술 한잔 콜?,normal,일상대화,False,original
주말에 영화 보러 갈래?,normal,일상대화,False,original
너 오늘 뭐해? 시간 되면 밥이나 먹자,normal,일상대화,False,original
이따 카페에서 볼까?,normal,일상대화,False,real_holdout
오랜만이다ㅋㅋ 잘 지내?,normal,일상대화,False,real_holdout
오늘 저녁 뭐 먹을까 고민중,normal,일상대화,False,real_holdout
우리 이번 주말에 등산 갈까?,normal,일상대화,False,original
야 오늘 게임 한판 하자,normal,일상대화,False,real_holdout
요즘 바빠서 연락 못했다 미안,normal,일상대화,False,original
다음 주에 시간 되면 얼굴 한번 보자,normal,일상대화,False,original
오늘 회식인데 너도 올래?,normal,일상대화,False,original
축하해! 오늘 저녁 한턱 쏴라ㅋㅋ,normal,일상대화,False,original
심심한데 통화 가능?,normal,일상대화,False,original
오늘 날씨 진짜 좋다 산책이나 할까,normal,일상대화,False,real_holdout
"[국민카드] 08/17 12:31 편의점 8,500원 승인. 누적 154,200원",normal,정상카드결제알림,False,synthetic_hard_negative_v2
"[우리은행] 고객님의 계좌에서 자동이체 42,000원이 정상 처리되었습니다.",normal,정상금융알림,False,synthetic_hard_negative_v2
[한진택배] 상품이 문 앞에 배송되었습니다. 운송장 1234-5678,normal,정상택배배송안내,False,synthetic_hard_negative_v2
[우체국] 등기우편 배달 완료. 조회: https://service.epost.go.kr,normal,정상택배배송안내,True,synthetic_hard_negative_v2
[SafeFam] 로그인 인증번호는 381204입니다. 타인에게 알려주지 마세요.,normal,정상인증알림,False,synthetic_hard_negative_v2
[정부24] 신청하신 주민등록등본 발급이 완료되었습니다. 정부24 앱에서 확인하세요.,normal,정상공공기관알림,False,synthetic_hard_negative_v2
"[통신사] 이번 달 멤버십 포인트 3,000점이 8월 31일 소멸 예정입니다.",normal,정상포인트소멸알림,False,synthetic_hard_negative_v2
(광고) 여름 정기 세일 최대 30% 할인. 수신거부 080-000-0000,normal,정상광고프로모션,False,synthetic_hard_negative_v2
회의가 3시로 변경됐어. 도착하면 010-1234-5678로 연락 줘.,normal,일상대화,False,synthetic_hard_negative_v2
엄마 오늘 택배 올 거야. 내가 주문한 거니까 대신 받아줘!,normal,일상대화,False,synthetic_hard_negative_v2
결제 취소했어. 환불은 카드사 사정에 따라 3일 정도 걸린대.,normal,일상대화,False,synthetic_hard_negative_v2
회사 보안교육 자료입니다: https://training.example.com/security,normal,기타정상,True,synthetic_hard_negative_v2
[도로관리센터] 과태료 미납 확인 필요 hxxps://road-check[.]example/notice,phishing,정부공공기관사칭,True,synthetic_diversity_v2
[검찰 안내] 사건번호 2026-0817 본인 확인을 위해 담당자 메신저 추가 요청,phishing,수사기관사칭,False,synthetic_diversity_v2
[은행 보안팀] 비정상 이체가 감지됐습니다. 즉시 앱 설치 후 계좌를 보호하세요.,phishing,복합피싱,False,synthetic_diversity_v2
저금리 전환대출 승인 대상입니다. 보증료 입금 후 즉시 실행됩니다.,phishing,대출사기,False,synthetic_diversity_v2
배송지 오류로 보관 중입니다. 주소 재입력: parcel-check[.]example,phishing,택배배송사칭,True,synthetic_diversity_v2
"해외 결제 489,000원 완료. 본인 결제가 아니면 취소 신청: pay-cancel[.]example",phishing,결제환불사칭,True,synthetic_diversity_v2
아빠 휴대폰이 고장 나서 임시번호야. 급한 병원비 70만원만 보내줘.,phishing,지인가족사칭,False,synthetic_diversity_v2
모바일 청첩장이 도착했습니다. 사진 보기 wedding-photo[.]example,phishing,경조사사칭,True,synthetic_diversity_v2
"축하합니다. 경품 수령을 위해 배송비 3,000원을 먼저 결제해 주세요.",phishing,이벤트당첨사칭,False,synthetic_diversity_v2
리뷰 작성 재택업무 일급 30만원. 업무 시작 전 예치금이 필요합니다.,phishing,채용부업사기,False,synthetic_diversity_v2
오늘 급등 종목 무료 공개. 오픈채팅 입장 후 투자금 입금 바랍니다.,phishing,투자리딩방사기,False,synthetic_diversity_v2
중고 거래 안전결제를 위해 판매자가 보낸 QR을 스캔하고 계좌를 인증하세요.,phishing,중고거래사기,False,synthetic_diversity_v2
계정이 24시간 뒤 정지됩니다. 본인확인 페이지 account-verify[.]example 접속,phishing,계정정지본인인증유도,True,synthetic_diversity_v2
보안 업데이트 파일을 설치해야 환급금을 받을 수 있습니다. 설치 허용을 눌러주세요.,phishing,악성링크앱설치유도,False,synthetic_diversity_v2
"[신한은행] 03/12 14:20 이체 350,000원 출금 잔액 1,204,300원",normal,정상금융알림,False,synthetic_normal_v3
"[카카오뱅크] 세이프박스에서 500,000원을 옮겼어요. 현재 잔액은 2,310,000원이에요.",normal,정상금융알림,False,synthetic_normal_v3
[NH농협] 김*민님 자동이체 신청이 정상 등록되었습니다. 출금일은 매월 25일입니다.,normal,정상금융알림,False,synthetic_normal_v3
[우리은행] 예금주 확인 요청이 접수되었습니다. 처리 결과는 영업일 기준 1일 내 안내드립니다.,normal,정상금융알림,False,synthetic_normal_v3
"[IBK기업은행] 03/20 급여 2,840,000원이 입금되었습니다.",normal,정상금융알림,False,synthetic_normal_v3
[하나은행] 고객님의 대출 이자 납입일이 3일 남았습니다. 잔액을 확인해 주세요.,normal,정상금융알림,False,synthetic_normal_v3
[토스] 3월 이체 한도가 초기화되었어요. 이번 달에도 편하게 사용하세요.,normal,정상금융알림,False,synthetic_normal_v3
"[케이뱅크] 정기예금 만기가 도래했습니다. 만기일 2026-04-02, 원금 5,000,000원",normal,정상금융알림,False,synthetic_normal_v3
[새마을금고] 통장 재발급 신청이 접수되었습니다. 영업점 방문 시 신분증을 지참해 주세요.,normal,정상금융알림,False,synthetic_normal_v3
"[부산은행] 04/01 09:15 체크카드 결제 12,900원 잔액 883,400원",normal,정상금융알림,False,synthetic_normal_v3
[신한은행] 해외송금 접수가 완료되었습니다. 접수번호 SW-****3821,normal,정상금융알림,False,synthetic_normal_v3
[SC제일은행] 비대면 계좌개설이 완료되었습니다. 계좌번호 뒷 4자리 ****7213,normal,정상금융알림,False,synthetic_normal_v3
"[카카오뱅크] 모임통장에 이*진님이 입금했어요. 120,000원",normal,정상금융알림,False,synthetic_normal_v3
[농협] 04/05 자동이체가 잔액 부족으로 처리되지 않았습니다.,normal,정상금융알림,False,synthetic_normal_v3
"[현대카드] 4월 청구금액은 412,800원입니다. 결제일은 4월 25일입니다.",normal,정상금융알림,False,synthetic_normal_v3
[KB국민은행] 예약이체가 정상 취소되었습니다. 취소일시 04/08 16:44,normal,정상금융알림,False,synthetic_normal_v3
"[토스증권] 배당금 8,320원이 입금되었어요.",normal,정상금융알림,False,synthetic_normal_v3
[롯데택배] 고객님의 상품이 배송 준비 중입니다. 송장번호 6****8213,normal,정상택배배송안내,False,synthetic_normal_v3
[한진택배] 오늘 오후 배송 예정입니다. 부재 시 문 앞에 놓아드립니다.,normal,정상택배배송안내,False,synthetic_normal_v3
[우체국] 등기우편이 도착했습니다. 수령 시 신분증을 준비해 주세요. https://www.epost.go.kr,normal,정상택배배송안내,True,synthetic_normal_v3
[CJ대한통운] 배송 기사 박*수입니다. 30분 내 도착 예정입니다.,normal,정상택배배송안내,False,synthetic_normal_v3
[쿠팡] 새벽배송 상품이 문 앞에 도착했습니다. 신선식품은 바로 냉장 보관해 주세요.,normal,정상택배배송안내,False,synthetic_normal_v3
[로젠택배] 고객님 부재로 상품을 경비실에 맡겼습니다.,normal,정상택배배송안내,False,synthetic_normal_v3
[GS25] 편의점 택배가 도착했습니다. 3일 이내 수령 부탁드립니다.,normal,정상택배배송안내,False,synthetic_normal_v3
[컬리] 주문하신 상품이 출고되었습니다. 내일 오전 7시 전 도착 예정입니다.,normal,정상택배배송안내,False,synthetic_normal_v3
[SSG닷컴] 배송이 완료되었습니다. 상품에 문제가 있으면 앱에서 문의해 주세요.,normal,정상택배배송안내,False,synthetic_normal_v3
[올리브영] 오늘드림 상품이 배달 중입니다. 예상 도착까지 20분 남았습니다.,normal,정상택배배송안내,False,synthetic_normal_v3
[대신택배] 반품 상품이 정상 수거되었습니다.,normal,정상택배배송안내,False,synthetic_normal_v3
[무신사] 교환 요청하신 상품이 발송되었습니다. 송장번호 5****1092,normal,정상택배배송안내,False,synthetic_normal_v3
[CU] 편의점 택배 접수가 완료되었습니다. 접수번호 ****7734,normal,정상택배배송안내,False,synthetic_normal_v3
[경동택배] 대형 화물 배송 일정을 안내드립니다. 04/12 오전 방문 예정,normal,정상택배배송안내,False,synthetic_normal_v3
[한진택배] 주소지 정보가 정확하지 않아 배송이 지연되고 있습니다. 앱에서 확인해 주세요.,normal,정상택배배송안내,False,synthetic_normal_v3
[이마트] 장보기 상품 배송이 시작되었습니다.,normal,정상택배배송안내,False,synthetic_normal_v3
[우체국택배] 방문 수거 신청이 접수되었습니다. 수거 예정일은 04/15입니다.,normal,정상택배배송안내,False,synthetic_normal_v3
[행정안전부] 주민등록증 갱신 대상자 안내입니다. 가까운 주민센터를 방문해 주세요.,normal,정상공공기관알림,False,synthetic_normal_v3
[국민건강보험공단] 올해 건강검진 대상자이십니다. 12월까지 검진을 받으세요. https://www.nhis.or.kr,normal,정상공공기관알림,True,synthetic_normal_v3
[국세청] 종합소득세 신고 기간은 5월 1일부터 5월 31일까지입니다. https://www.hometax.go.kr,normal,정상공공기관알림,True,synthetic_normal_v3
[병무청] 예비군 훈련 일정이 확정되었습니다. 훈련일은 06/12입니다.,normal,정상공공기관알림,False,synthetic_normal_v3
[질병관리청] 인플루엔자 예방접종 무료 대상자 안내드립니다.,normal,정상공공기관알림,False,synthetic_normal_v3
[교육부] 국가장학금 2차 신청이 시작되었습니다.,normal,정상공공기관알림,False,synthetic_normal_v3
[기상청] 오늘 오후 호우주의보가 발효되었습니다. 외출 시 주의하시기 바랍니다.,normal,정상공공기관알림,False,synthetic_normal_v3
[도로교통공단] 운전면허 적성검사 기간이 3개월 남았습니다.,normal,정상공공기관알림,False,synthetic_normal_v3
[근로복지공단] 실업급여 지급이 완료되었습니다. 지급일 04/10,normal,정상공공기관알림,False,synthetic_normal_v3
[주민센터] 전입신고 처리가 완료되었습니다.,normal,정상공공기관알림,False,synthetic_normal_v3
[국민연금공단] 납부 내역서가 발급되었습니다. 우편으로 발송될 예정입니다.,normal,정상공공기관알림,False,synthetic_normal_v3
[법원] 전자소송 서류가 송달되었습니다. 전자소송 홈페이지에서 확인하시기 바랍니다.,normal,정상공공기관알림,False,synthetic_normal_v3
[소방서] 주택용 소방시설 설치 안내입니다. 화재 예방에 협조 부탁드립니다.,normal,정상공공기관알림,False,synthetic_normal_v3
[시청] 재산세 납부 기간은 7월 16일부터 7월 31일까지입니다.,normal,정상공공기관알림,False,synthetic_normal_v3
[한국장학재단] 학자금 대출 상환 예정일이 다가옵니다.,normal,정상공공기관알림,False,synthetic_normal_v3
[고용노동부] 청년내일채움공제 만기를 안내드립니다.,normal,정상공공기관알림,False,synthetic_normal_v3
[보건소] 결핵 검진 결과가 정상으로 확인되었습니다.,normal,정상공공기관알림,False,synthetic_normal_v3
[선거관리위원회] 사전투표 기간은 4월 5일부터 4월 6일까지입니다.,normal,정상공공기관알림,False,synthetic_normal_v3
[국토교통부] 자동차 정기검사 만료일이 15일 남았습니다. https://www.gov.kr,normal,정상공공기관알림,True,synthetic_normal_v3
[구청] 신청하신 여권이 발급 완료되었습니다. 수령 시 신분증을 지참해 주세요.,normal,정상공공기관알림,False,synthetic_normal_v3
[네이버] 인증번호 [482913]입니다. 타인에게 알려주지 마세요.,normal,정상인증알림,False,synthetic_normal_v3
인증번호 739204를 입력해 주세요. 유효시간은 3분입니다.,normal,정상인증알림,False,synthetic_normal_v3
[카카오] 새로운 기기에서 로그인되었습니다. 본인이 아니라면 비밀번호를 변경해 주세요.,normal,정상인증알림,False,synthetic_normal_v3
[PASS] 본인확인 절차가 완료되었습니다.,normal,정상인증알림,False,synthetic_normal_v3
회원가입 인증코드 118273 (5분 이내 입력),normal,정상인증알림,False,synthetic_normal_v3
[쿠팡] 로그인 알림 04/02 21:14 서울 iPhone,normal,정상인증알림,False,synthetic_normal_v3
[Apple] Apple ID 코드는 449182입니다. 이 코드를 공유하지 마세요.,normal,정상인증알림,False,synthetic_normal_v3
[당근] 휴대폰 번호 변경이 완료되었습니다.,normal,정상인증알림,False,synthetic_normal_v3
[배달의민족] 비밀번호가 재설정되었습니다. 직접 하지 않았다면 고객센터로 연락 주세요.,normal,정상인증알림,False,synthetic_normal_v3
[삼성패스] 새 기기 등록이 완료되었습니다.,normal,정상인증알림,False,synthetic_normal_v3
[스타벅스] 인증번호 908341. 3분 이내에 입력해 주세요.,normal,정상인증알림,False,synthetic_normal_v3
[넷플릭스] 로그인 코드는 205817입니다. 요청하지 않았다면 무시하세요.,normal,정상인증알림,False,synthetic_normal_v3
[11번가] 휴대폰 본인인증이 완료되었습니다.,normal,정상인증알림,False,synthetic_normal_v3
[토스뱅크] 김*연님 계정에 새 기기가 등록되었어요. 04/14 09:22,normal,정상인증알림,False,synthetic_normal_v3
[Discord] 인증 코드: 552108,normal,정상인증알림,False,synthetic_normal_v3
[G마켓] 아이디 찾기 인증번호 463127,normal,정상인증알림,False,synthetic_normal_v3
[현대카드] 앱 재설치 본인확인이 완료되었습니다.,normal,정상인증알림,False,synthetic_normal_v3
[무신사] 인증번호 239605. 타인에게 공유하면 피해가 발생할 수 있습니다.,normal,정상인증알림,False,synthetic_normal_v3
[야놀자] 예약 확인 코드 604318,normal,정상인증알림,False,synthetic_normal_v3
[KB스타뱅킹] 공동인증서가 정상 재발급되었습니다.,normal,정상인증알림,False,synthetic_normal_v3
[Google] 계정 복구 코드는 826140입니다. 요청한 적 없으면 비밀번호를 바꾸세요.,normal,정상인증알림,False,synthetic_normal_v3
2단계 인증이 활성화되었습니다. 다음 로그인부터 적용됩니다.,normal,정상인증알림,False,synthetic_normal_v3
"[Web발신]
(광고)대박축산
안녕하세요! 대박축산입니다.
드디어 대박축산이 문을 열었습니다!
작은 시작이지만, 따뜻한 미소와 감사하는 마음으로 고객분들을 맞이할 준비가 되었습니다.
개업 기념으로 첫 방문 고객분들께는 할인 및 기념품 증정 등 특별한 혜택을 드립니다!
많은 관심과 사랑 부탁드립니다! *^^*
감사합니다.
무료거부080-870-1234",normal,정상광고프로모션,False,real_collected_v4
"[Web발신]
(광고)경희한의원
건강하게 봄나기, 경희한의원과 함께 하세요!
비염관리
침구치료 1회 3만원 / 5회 12만원(20% 할인) / 10회 20만원(33%할인)
면역력 강화 집중 관리
공진환 1개월분 30개 15만원 / 3개월분 90개 38만원 + 10개 추가 증정

-25일은 원장님 일정 상 휴진합니다.
-예약 문의
전화 : 02-345-6789
카카오톡 : 경희한의원
카카오톡 플러스 친구 등록 후 추가 혜택 받으세요!!

무료거부080-555-1234",normal,정상광고프로모션,False,real_collected_v4
"[Web발신]
(광고)마장동정육
매주 수요일 소 잡는 날!
신선한 생고기 드세요!

한우육회 12,000원
한우육사시미 15,000원
한우국거리 4,500원
한우갈비살 16,800원
(100g 단위)

*한돈
목살 2,300원
삼겹살 2,500원
등갈비 2,800원
무료거부080-880-9988",normal,정상광고프로모션,False,real_collected_v4
"[Web발신]
(광고)굿모닝마트 주말특가 안내
금/토/일 단 3일간! 고객님들이 가장 사랑해주시는 인기상품들을 특별한 가격으로 만나보세요!

1. 과일/채소/정육/수산코너 최대 50% 할인
2. 라면 2+1
3. 생필품 최대 70% 할인

*일부 품목 한정수량 / 조기품절 주의!

무료거부080-123-4567",normal,정상광고프로모션,False,real_collected_v4
"[Web발신]
(광고)청구한의원
가정의 달 이벤트 <건강을 선물하세요♥>
> 공진단 3+1 세트 : 45만원
> 경옥고 3+1 세트 : 30만원

여름은 미리미리 준비해요!!
> 슬림 다이어트 패키지
한방시술 포함 5회 : 25만원 / 10회 : 45만원 / 20회 80만원

비대면 처방, 택배 발송 가능합니다.
정성을 다해 진료하여 드립니다.
무료거부080-777-3344",normal,정상광고프로모션,False,real_collected_v4
"[Web발신]
(광고)우리동네정육점
전품목 최대 30% 할인

한우 양지 100g 5,900원
한우 꽃등심 100g 9,800원

한돈 삼겹살 100g 1,980원
한돈 등심 100g 1,200원

대패 1kg 13,900원

신선하고 품질 좋은 고기만을 판매합니다.
한우 한돈으로 건강한 밥상을 차려보세요

무료거부080-800-1122",normal,정상광고프로모션,False,real_collected_v4
"[Web발신]
(광고)행복마트
이달의 특가행사 
고객님! 기다리시던 5월 빅세일이 시작되었습니다. 단 3일, 빅빅세일 절대 놓치지 마세요!

기간: 5월 16일~18일

빅세일 베스트3
1. 삼겹살/목살 100g 1,850원
2. 반값 딸기 6,900원
3. 크리넥스 화장지(30롤) 2팩 23,900원

무료거부080-333-8899",normal,정상광고프로모션,False,real_collected_v4
"[Web발신]
(광고)축산정육점
3월 3일 삼겹살데이 미친 특가!!
고기없이는 못 살아~ 돼지없이는 못 살아~~

삼겹살 100g 990원 (선착순 50명)
삼겹살 100g 1,680원
등심 / 목심 100g 1,480원
돼지갈비 / 등갈비 1kg 14,900원
수제 생돈까스 5장 / 10장 9,900원 / 18,000원

중앙시장 입구 농협 맞은편
무료거부080-222-7788",normal,정상광고프로모션,False,real_collected_v4
"[Web발신]
(광고)연세의원 2026년 국가건강검진 안내
연세의원에서는 국민건강보험공단의 국가건강검진을 진행하고 있습니다. 2026년 건강검진(짝수해) 대상자는 내원하여 꼭 검진을 받으시기 바랍니다.

연말은 검진 인원이 많아 일정이 밀릴 수 있습니다.
조기 예약으로 원활한 검진 받으시기 바랍니다.

방문 시 신분증 지참 부탁드립니다.

무료거부080-456-7890",normal,정상광고프로모션,False,real_collected_v4
"[Web발신]
가을맞이 플러스세일

본 쿠폰과 당일 3만원이상 구매시 사은품 증정

▶기간: 9.12(목) ~ 9.24(화), 13일간

▶장소:1층사은행사장

▶사은품:행주세트/밀폐용기/테이프크리너 택1 증정

사은품은 사정상 변경될 수 있습니다.",normal,정상광고프로모션,False,real_collected_v4
"[Web발신]
[헬시케어스토어] 
식사대용 생식/다이어트용 슬림생식/기능성 비타민 및 칼슘 제품 등 각종 건강식품을 할인판매 중입니다.
고객님의 체질과 환경에 따른 맞춤 추천 가능합니다! 
섭취방법 및 건강상담도 병행하니 언제든지 문의주세요! 

무료거부080-877-6543",normal,정상광고프로모션,False,real_collected_v4
"[Web발신]
김*수님! 안녕하세요? 그 동안 건강 하셨는지요?
지난달 구입하신 건강기능식품은 잘 드시고 계신지 관리차 연락드렸습니다.
소개해주신 이*진님을 통해서 효과를 보고있으시다는 얘기는 전해들었습니다.
구입하신 녹용홍삼진액은 온가족이 함께 먹을 수 있어 특히 구매가 많은 제품입니다!
사포닌 성분이 피로회복에 도움이 되므로 3개월 이상 꾸준히 드셔보시고 몸 상태에 따라 1일 횟수 또는 섭취 갯수를 조절하시면 됩니다. 
그러면 한달에 5만원의 저렴한 가격으로 건강관리를 계속하실 수 있습니다.
문의가 있으시면 언제든지 연락주세요. 다시 한번 구매 감사드립니다. 항상 건강하세요~ *^^*",normal,정상광고프로모션,False,real_collected_v4
"[Web발신]
※여름건강식품※
 ※ 빅세일 ※

홍삼골드   30%↓
오메가3    20%↓
건강식품전품목

이 기회를 놓치지 마세요!
선착순 100분께
비타민C를 증정합니다.",normal,정상광고프로모션,False,real_collected_v4
"[Web발신]
안녕하세요, 고객님! 
양배추즙, 브로콜리즙, 배즙, 양파즙, 호박즙 등 각종 건강즙을 취급하고 있는 즙나라입니다. 현재 전제품 2+1행사 진행중입니다. 프리미엄 유기농 제품도 있으니 문의주세요! *^^*",normal,정상광고프로모션,False,real_collected_v4
"[Web발신]
박*호님! 안녕하십니까?
저희 웰빙식품에서는 5월 20일~5월 22일까지 하나로마트 앞에서 오후 2시부터 4시까지 발효도라지차의 시음회를 실시하오니 많은 관심 부탁 드립니다.
발효도라지차는 국내에서만 자생하는 도라지를 특별 가공한 차로 우리 인체 내부에 쌓여 있는 노폐물을 배설시켜 줍니다. 한 잔으로도 그 놀라운 효과를 볼 수 있는 다이어트용 차입니다. 특히 변비로 고생하시는 분들께는 기분 좋은 나날을 약속 드립니다.
그럼 박*호님, 기쁨과 행복이 가득하시기 바랍니다.",normal,정상광고프로모션,False,real_collected_v4
"[Web발신]
웰빙가족음료!!

무안 황토 양파즙!!

100포=>30,000원
200포=>55,000원

☆ 양파의 효능
→ 지방과 콜레스테롤을 녹여 동맥경화, 고지혈증에 도움
→ 피를 맑게 하여 혈압을 떨어 뜨리고 심장병을 예방
→ 혈당치 낮추는 횩과가 뛰어 당뇨병에 도움
→ 간의 해독작용으로 피로회복, 숙취효과에 탁월
→ 칼슘이 풍부하여 성장호로몬과 같은 효능
→ 단백질 함량 풍부로 다이어트 효과에 탁월

배즙, 호박즙, 포도즙 등 다양한 즙이 준비되어 있습니다.

문의및주문
☎ 02-3421-8890
천수건강식품",normal,정상광고프로모션,False,real_collected_v4
"[Web발신]
[고려홍삼 할인행사]

사랑하는 아내, 남편에게 고려홍삼으로 마음을 전하세요!
사랑하는 부모님께 고려홍삼으로 마음을 전하세요! 효도세트는 10% 추가할인됩니다! 

농축액과 홍삼순액을 저렴하게 살 수 있는 올해 마지막 기회!

진한맛을 느끼면서 사랑과 건강을 나누세요~",normal,정상광고프로모션,False,real_collected_v4
"[Web발신]
내일을 위해 늘 열심히 일하시는 최*훈님의 모습을 생각하며 이 글을 시작합니다.
최*훈님! 안녕하십니까?
어제 구입하신 천마진액은 최*훈님께 꼭 어울리는 현명한 선택이었습니다. 꾸준히 드셔서 건강을 되찾기 소망합니다.
참으로 인연이란 묘한가 봅니다. 한 통의 전화가 판매로 이어지고 또 그 인연이 또 다른 판매로 이어졌으니 말입니다. 저를 소개한 친구 분이신 정*호님과도 첫 전화 만남으로 고객이 되셨습니다. 앞으로 자주 연락을 드리며 상담해드리겠습니다.
그럼, 최*훈님! 늘 새로운 기운으로 정진하시기를 바라며 꼭 좋은 일만 생기세요. 파이팅!^^",normal,정상광고프로모션,False,real_collected_v4
"[Web발신]
(광고)정원건강
설맞이 할인 이벤트
상품에 따라 최저 20~최대 50%까지 할인해 드립니다.
구매 금액에 따라 푸짐한 사은품도 증정되니 마음에 드시는 걸로 선택해서 받아가세요~ *^^*

기간 : 1월 15일~ 1월 28일
품목 : 전제품
할인율 : 20~50%

다가오는 설 명절에는 사랑하는 가족, 친구, 지인분들께 건강을 선물하세요!
항상 감사합니다~ *^^*

무료거부080-999-1234",normal,정상광고프로모션,False,real_collected_v4
"[Web발신]
식이요법 무료 강좌 오픈! 
10일부터 3일간 오전/오후 타임으로 나뉘어 진행됩니다. 
방문하셔서 다양한 샘플과 함께 건강정보도 많이 얻어가세요~ ^^ 

오픈은 10일 오전 9시 30분입니다!
문의사항이 있으시면 매장으로 연락주세요.
02-789-1234",normal,정상광고프로모션,False,real_collected_v4
"[Web발신]
자연과 환경 중심의 바른식품은 외길인생 장인정신으로 식품문화의 질적향상을 위하여 노력해왔으며, 좋은 재료만을 엄선하여 혼을 담은 정직한 식품을 생산하여 세계 식품문화를 선도하는 일류 기업이 되도록 항상 노력 하겠습니다.

- 바른식품",normal,정상광고프로모션,False,real_collected_v4
"[Web발신]
안녕하세요? 나눔몰 고객 여러분^^ 

:○:  ♪ ////
 ''   ＼(^^*)♬

싱그런 8월의 첫날입니다. 이제 장마도 끝나구 본격적인 무더위와 함께 바캉스의 계절이 시작되었습니다. 아마 오늘부터 휴가 가시는 분들 꽤 많으실 텐데요. 
전국의 고속도로가 이제부터 몸살을 앓게 되겠네요. 
혹시 회원님들 중에 알뜰 피서법 알고 계신 분들 비법 좀 알려주세요^^ 
활기찬 주말과 함께 즐거운 휴가 보내시기 바랍니다.",normal,기타정상,False,real_collected_v4
"[Web발신]
강*민 님 안녕하세요!
  
항상 저희 뷰티샵에 보여주신 따뜻한 관심과 애정에 깊은 감사를 드립니다.
 
녹음이 짙어지는 5월! 뷰티샵 홈페이지에서는 피부관리 100배 즐기기 Festival이 진행중입니다!
 
알찬 서비스 이용과 함께 푸짐한 상품도 받아가시는 행운의 기쁨을 누려보세요~ *^^*",normal,정상광고프로모션,False,real_collected_v4
"[Web발신]
안녕하세요!
리빙마트 입니다. 고객님의 사랑에 깊이 감사드립니다.

6월을 맞아 VIP회원님들께 특별할인쿠폰을 준비했습니다.

구매시 제시하시면 할인해 드리도록 하겠습니다.

행사기간중에 꼭한번 방문해주시기 바랍니다.

감사합니다.^^",normal,정상광고프로모션,False,real_collected_v4
"[Web발신]
시원함이 더욱 그리워지는 계절에 멎진 휴가 계획은 세우셨나요?

항상 최고의 제품과 만족스런 서비스로 회원님과 함께 할 것을 약속 드리며, 앞으로도 웰빙하우스에 지속적인 관심과 애정을 부탁 드립니다.",normal,기타정상,False,real_collected_v4
"[Web발신]
안녕하세요. 한샘몰 고객여러분. 한샘몰 관리자입니다.

다름이 아니오라 저희 한샘몰 관련 내부 시스템의 대규모 업그레이드 및 백업 작업으로 인해 한샘몰 서비스의 이용이 잠시 중단됨을 알려 드립니다. 
이 작업시간 동안 로그인을 하실 수는 없지만, 일반적인 안내 서비스 및 사이버자동답변/FAQ 서비스는 이용 가능합니다.
고객님께서는 아래의 시스템 작업 시간을 양지하셔서 이용에 착오 없으시길 바랍니다.

[작업 내용 및 일시]
1. 한샘몰 시스템 백업: 5월 20일(화) 02:00 ~ 06:00
2. 내부 시스템 대규모 업그레이드: 5월 20일(화) 00:00 ~ 5월 20일(화) 07:00

위에서 알려 드린 제반 작업으로 인해 고객님의 서비스 이용에 불편을 드리게 된 점 대단히 죄송스럽게 생각하며, 보다 나은 서비스 제공을 위해 앞으로도 더욱 노력하겠습니다.

감사합니다.",normal,기타정상,False,real_collected_v4
"[Web발신]
이*수님, 안녕하세요! 예지원뷰티샵입니다^^

문자를 받으시는 분에 한하여 회원대상 20% DC가 됩니다!

행사기간 중에 방문하시어 결제시 제시하면 할인됩니다.

""아름다움을 가꾸는 것은 취미요, 아름다움을 유지하는 것은 나 자신이다."" 라는 말처럼 겨울철 거칠어진 피부관리 받으시러 나오세요!

감사합니다!",normal,정상광고프로모션,False,real_collected_v4
"[Web발신]
고객님, 저희 상품을 구매해 주셔서 정말 감사합니다! 사용하시면서불편한 점이 있으시면 꼭 연락주세요~

상품의 판매자이기보다는 언제든지 찾을 수 있는 좋은 사람이고 싶습니다.

좋은 하루 보내시고요. 꼭 다시 방문해주세요~",normal,기타정상,False,real_collected_v4
"[Web발신]
[재방문시 10% 추가할인쿠폰 발급!]

안녕하세요. 온누리몰입니다.

풍성한 가을, 감사의 뜻으로 온누리몰을 이용중인 고객님이 재방문하실 경우 현재 할인혜택에 추가로 10% 더 할인 받을 수 있는 쿠폰을 발급해 드렸습니다.
꼭 활용하셔서 더 많은 혜택을 받으세요. 감사합니다~",normal,정상광고프로모션,False,real_collected_v4
"[Web발신]
★★패션아울렛 매장알림

항상 패션아울렛 매장을 이용하여 주셔서 감사합니다!

다음 주 신상품 대량입하 예정입니다. 박*영 고객님께서는 이달까지 이용가능하신 포인트가 있으시니 참고하시고 꼭 들러주세요. ^^

-패션아울렛-",normal,정상광고프로모션,False,real_collected_v4
"[Web발신]
초대의 글

한독바이오 신제품 발표회에 초대합니다.

오는 12월 10일 한독바이오 역사상 최고의 제품인 황금단 신제품 발표회를 개최합니다.


행사안내
1. 본행사는 무료이나 좌석이 한정되어 있사오니, 사전등록을 서둘러 주십시오.
2. 주차권과 점심식사는 제공되지 않습니다.
3. 참석자 전원을 대상으로 푸짐한 경품 추첨 및 설문지 제출자를 위한 전체 기념품을 드립니다.
4. 행사 문의는 고객센터로 연락주시기 바랍니다.
고객센터: 02-543-9800",normal,정상광고프로모션,False,real_collected_v4
"[Web발신]
안녕하세요! 핫요가앤필라테스 입니다! 오늘부터 6월 15일까지 재등록 이벤트기간입니다!

재등록회원을 대상으로 풍성한 혜택을 준비했으니 궁금한 사항있으시면 전화주세요!",normal,정상광고프로모션,False,real_collected_v4
"[Web발신]
새로운 무배당건강보험상품이 나왔습니다.
자세한 혜택이 궁금하시면 연락주십시요. 

- 동양생명보험

오늘 하루도 수많은 사람들의 삶이 시작 되었습니다.
그 속에서 당신의하루가 빛나기를 바랍니다.
건강하세요.",normal,정상광고프로모션,False,real_collected_v4
"[Web발신]
[우리은행] 
스마트폰 이용고객을 위한 특별한 혜택! 
★ 입출금 내역 무료통지 스마트폰 앱 “우리WON뱅킹” 가입안내★

‘우리WON뱅킹' 앱을 설치하시면 입출금내역 즉시 확인 및 다양한 금융정보를 무료로 제공받을 수 있습니다
 
다운로드 주소 : 아래 주소를 누르면 바로 연결됩니다
 ☞ https://m.wooribank.com/app

무료거부080-365-1004",normal,정상광고프로모션,True,real_collected_v4
"[Web발신]
[교보생명]
[긴급]통원비 축소확정★*환절기때 잘걸리는 비염,중이염,기관지염 통원비
10월부터 제외 확정*
우리아이사랑명작플러스~ 부담없는 2-3만원대로 암도최고 1억, 갈때마다, 남여주요질환+재해+안과질환+치과=1만원/한방,양방구분없이 해외보장,부인과질환,군대사고보장,자녀분이 독립하실시점 30세때 만기환급금 500만원환급해드리고, 종신보험,연금보험전환가능,이보장그대로 더저렴한 금액으로 80세까지 보장선택가능합니다. 응급실내원진료비 3만원! 국내어린이보험 7년연속시리즈1위!! 
*교보생명 강*민 팀장 
1544-6007(내선3번) 
축소되기전 상담 서두르세요
교보FC 강*민
[무료거부080-800-4567]",normal,정상광고프로모션,False,real_collected_v4
"[Web발신]
[국민은행] [행신]
★ 여성고객님을 위한 특별한 이벤트 ★ 여성고객님께서 적금 또는 적립식펀드 가입하시고 이벤트 응모하시면 매월 25분 추첨하여 문화공연 초대권 2매 발송해드립니다. 목돈마련과 행운을 잡아보세요♬. 궁금한 사항은 지점으로 전화주시면 상담해드리겠습니다. 행복한 하루 시작하세요.♬ 행신지점 직원일동♡
무료거부080-023-8800",normal,정상광고프로모션,False,real_collected_v4
"[Web발신]
신한은행
특판 정기예금출시!!

1000억 한정!!
12개월 3.8%
24개월 4.1%

이 기회를 놓치지 마세요!",normal,정상광고프로모션,False,real_collected_v4
"[Web발신]
장기종합!! 
신적립형골프보험!!! 


(1)가입대상 ; 대한민국내에 거주하는 내/외국인의 아마츄어 골퍼(프로골퍼는 제외)

(2)상품특징
1.골퍼의 다양한 위험보장
-골프장내 사고로 인한 사망,후유장애,의료비,골프용품 손해, 배상책임손해와 홀인원 축하비용 및 일상생활중의 상해손해까지 보상해 드립니다.
2.목돈마련도 가능
-납입보험료의 대부분이 만기환급금으로 지급되므로 목돈마련이 가능하며, 이를 새 골프채 구입에 유용하게 활용할 수 있습니다.
3.골프장내 상해사고시는 5배보상
-골프장내 상해사고시는 보험가입금액의 5배액을 보상해 드립니다.
4.홀인원(HOLE IN ONE) 축하비용 지급
-골프경기중에 홀인원을 행하였을 경우에는 가입유형에 따라, 최고 300만원까지 축하비용을 지급해 드립니다.
5.몇번의 사고라도보상
-한번의 사고로 80%이하의 후유장애가 여러번 발생하더라도 보험가입금액은 감액되지 않고 몇번이라도 보상해 드립니다.
6.보험료 소득공제 혜택
-만기 환급되는 금액이 납입보험료(월납기준)를 초과하지 않은 보험으로서 보험료를 부담하는 주체가 기업 또는 단체가 아닌 가계에서 부담하는 보험계약에 대하여는 근로소득 연말정산시 연50만원까지 소득공제 혜택을 받을 수 있습니다.

(3)상품내용
1.기본계약 내용
-상해손해는 갑작스런 외래사고로 골퍼 본인이 신체를 다치는손해를 입은 경우에 보상해줍니다.
-골프용품 손해
-배상책임 손해
-홀인원 비용
-만기환급금
2.선택계약 내용
-의료비 손해확장
-골프용품 손해확장
-생활 유지비


삼성화재해상보험
FP 김*수",normal,정상광고프로모션,False,real_collected_v4
"[Web발신]
소중한 우리 아이를 위한 선택!

★우리아이안심공제★

-어린이 질병보장!
-산모 출산 보장
-골절 진단비
-깁스 치료비

상담문의 010-3456-7890",normal,정상광고프로모션,False,real_collected_v4
"[Web발신]
한화생명 즉시연금보험

즉시연금보험 가입하고 평생 안정적인 수입을 매월 정기저긍로 보장받으세요.

한화생명",normal,정상광고프로모션,False,real_collected_v4
"[Web발신]
새로운 암보험 상품이 나왔습니다.

자세한 혜택이 궁금하시면 연락주십시요. 

- DB손해보험

오늘 하루도 수많은 사람들의 삶이시작되었습니다.

그 속에서 당신의하루가 빛나기를바랍니다.",normal,정상광고프로모션,False,real_collected_v4
"[Web발신]
[하나은행] [행신]
★환전만 해도 혜택이 가득★ 최대 우대환율은 기본, 다양한 부가서비스 선택, 푸짐한 선물까지~~ 
올해 여름휴가 환전계획은 하나은행 행신지점에서 준비하세요~ 
행신지점 김*진 대리
무료거부080-002-1111",normal,정상광고프로모션,False,real_collected_v4
"[Web발신]
가장 완벽한 보장을 위한 첫걸음 !!!

                               
◈7천만 안심 장기종합 보험◈

1.한 장의 증권으로 모든 위험(ALL RISK)을 담보
-상 해: 일반상해, 교통상해, 주말교통상해, 특정여가활동중 상해
-생활보장: 의료비, 임시생활비
-배상책임: 일상생활 배상책임
-질병: 질병사망, 일반암, 특정암
-재물: 주택화재, 가재도난
-가족담보: 일반상해, 교통상해, 주말교통상해, 의료비

2.만기시 기납입보험료(기본계약 + 선택계약) 전액환급
-만기환급금은 할인전 보험료를 기준으로 계산하여 산출한 금액을 지급함.
-이자만으로 모든위험 보장

3.계약자에게 알맞은 자유설계가능

4.보험료 할인혜택
-가족계약 : 가족담보해당보험료의 3%할인
-자동이체 : 합계보험료의 1%할인
-단체계약 : 합계보험료의 1%할인


010-9876-5432",normal,정상광고프로모션,False,real_collected_v4
"[Web발신]
[ 안전운전 ]

늘 60Km로 편안하고 안전하게!
    
  
      ┏━┓
 88=┏┛▒┗┓
888=┗⊙━⊙┛
                   
믿을수있는 기업!
동부화재 보험가입!
믿고 맏겨만 주세요~^^ 시내 전국 달려갑니다.

스피드 대리운전",normal,정상광고프로모션,False,real_collected_v4
"[Web발신]
전국적인 음주단속의 날!!! 선 예약해 주시면 5분 대기조가 준비됩니다. 언제든지 불러주십시오. 친절하게 모시겠습니다~ 

☏1600-3344☏",normal,정상광고프로모션,False,real_collected_v4
"[Web발신]
☆스타 대리운전
 ┏━┓
 ┃O ┃二二二⊃
 ┗━┛
가시는 댁까지 편안하게 모시겠습니다! 

100% 안전운행 보장합니다!

전 지역 15분이내 도착, 귀하를 가족같이 안전하게 모시겠습니다.",normal,정상광고프로모션,False,real_collected_v4
"[Web발신]
┏대리운전━┓
┃┏━━━┓┃
┗┫ⓞ①①┣┛
┏┛③②⑤┗┓
┃ ⑤⑥③② ┃

명품 대리운전★

연락주시면 바로 달려갑니다! 

당신의 안전한 귀가길을 책임지겠습니다^^

전화주세요~ 1577-0114",normal,정상광고프로모션,False,real_collected_v4
"[Web발신]
<카카오 대리운전>

최*우님 편안하게 들어가셨습니까? 다음 이용시에는 10%할인됩니다. 연말까지 10회 이용시 블랙박스 증정 이벤트도 진행중이니 참고하셔서 많은 이용바랍니다. 감사합니다.",normal,정상광고프로모션,False,real_collected_v4
"[Web발신]
[김대리운전]

성원에 진심으로 감사드리며 항상 가정에 행복이 가득하시기를 기원합니다.

변함없는 서비스로 다가가는 김대리운전이 되겟습니다!

많이 애용해주세요! 1588-4949",normal,정상광고프로모션,False,real_collected_v4
"[Web발신]
한잔 후 오늘도 불러주시고 내일도 불러주시면 참 좋겠습니다. 몸과 마음 모두 충전되는 주말되세요~ 

◆보험등록◆ 
◆친절교육◆

☏1600-8282☏",normal,정상광고프로모션,False,real_collected_v4
"[Web발신]
화이팅! 대리운전

##1544-2080##

  편   ┌──┐
  하┌┘▧▧└┐
  게└◎──◎┘
  모시겠습니다.

-카드,핸드폰 결제가능
-24시간 콜센터
-10%포인트 적립
-범칙금 전액보상
-법인계산서발행
-외국어가능(영,중,일)

24시간 전국 어디서나 국내 최저가!! 택시비 보다 싸다!!!",normal,정상광고프로모션,False,real_collected_v4
"[Web발신]
(광고)끌레르에스테틱
1. 피부가 예민해지는 환절기, 진정 케어가 필요할 때!
레드스킨 진정관리 50분 5만원

2. 여름 대비 모공관리를 시작할 때!
피지/블랙헤드 집중 케어 1회 4만원, 3회 이상 시술 시 리프팅 마사지 추가 제공

! 예약 필수 ! 
카톡 플친 추가 시 샘플 증정 

무료거부080-850-2233",normal,정상광고프로모션,False,real_collected_v4
"[Web발신]
(광고)준오헤어
새롭게 변신한 준오헤어에서 최신 유행 스타일로 변신해 보세요^^

※ 30%특별할인쿠폰

결제시 문자를 제시해 주시요~

컷: 15,000원~
일반펌: 45,000원~
천연펌: 65,000원~
염색: 50,000원~

무료거부080-999-5566",normal,정상광고프로모션,False,real_collected_v4
"[Web발신]
(광고)네일갤러리
봄맞이 BIG이벤트

손/발관리 속눈썹연장

※ 이벤트 ※
1. 회원권 구매시 추가 적립 및 사은품 증정
2. 2인동반 예약시 10% 할인

무료거부080-333-2211",normal,정상광고프로모션,False,real_collected_v4
"[Web발신]
라엘에스테틱

송*아 고객님, 안녕하세요.
이용 중인 정액권 관련 안내드립니다.

정액권의 유효기간은 구매일(등록일) 기준 1년입니다.
고객님의 정액권은 6월 30일까지 사용이 가능하니 샵을 방문하시어 소진 부탁드립니다.
문의사항이 있으신 경우 언제든지 매장으로 연락 주세요.
항상 감사합니다. *^^*",normal,정상포인트소멸알림,False,real_collected_v4
"[Web발신]
(광고)미플에스테틱
응답하라 젊은피부
시즌 20% 할인이벤트

늘씬한 바디라인~ 포기하지 마세요~

문자제시시:사은품증정

무료거부080-777-9900",normal,정상광고프로모션,False,real_collected_v4
"[Web발신]
(광고)모발연구소
두피관리

●탈모,민감,건성,지성,지루성 두피●

  ☞5회 : 20만원
  ☞10회 : 35만원

두피 스트레스 케어
무거운 어깨에서
머리끝~까지
짜릿함을 느껴보세요♡


문의:02-888-9900
무료거부080-870-1122",normal,정상광고프로모션,False,real_collected_v4
"[Web발신]
(광고)포쉬네일
네일아트, 속눈썹연장, 왁싱(제모)

문자 제시시, 모든 시술 20% 할인!!

미리 예약하시면 더 정성껏 시술해 드립니다!!

무료거부080-820-3344",normal,정상광고프로모션,False,real_collected_v4
"[Web발신]
(광고)이가자미용실
★깜짝이벤트★

아래 기간 내 방문고객께 사은품을 드립니다

기간:5일~15일

아름다운 헤어로 센스있는 하루를 

좋은하루☆웃으면좋은일이온답니다.

오늘하루도웃음과즐거움이☆가득한하루되세요~*^^*

무료거부080-345-6789",normal,정상광고프로모션,False,real_collected_v4
"[Web발신]
100% 천연 헤나

♥시술비 무료체험 이벤트♥
(가늘고 약한, 푸석푸석한 모발)

▶두피케어 
(맛사지+영양+클리닉)
▶모발케어
(영양+코팅+트리트먼트+염색)

한번에 해결해드려요!!!

문의 02-334-5566",normal,정상광고프로모션,False,real_collected_v4
"[Web발신]
[밝은성모안과의원]
안녕하세요, 임*철고객님. 진료시간 안내입니다.

평일: 오전 9시 ~ 오후 6시 30분
토요일: 오전 9시 ~ 오후 1시

사전 예약 후 방문하시면 대기시간이 줄어드니 참고해주세요. 감사합니다. *^^*",normal,기타정상,False,real_collected_v4
"[Web발신]
(광고)
개와 고양이의 외과 수술만을 전문으로 진료하고 있습니다.

◇ 중성화수술
◇ 골절
◇ 염증
◇ 종양, 궤양

등등 여러 진료를 하고 있으니 반려견이 아픈 경우 내원바랍니다.

예약없이 내원하실 경우 진료 및 수술중이면 오래 기다리실 수 있으므로 예약부탁드립니다.

센트럴동물병원
연락처:031-711-2345",normal,정상광고프로모션,False,real_collected_v4
"[Web발신]
       화이트치과

  ★스케일링 이벤트★

       50% 할인

:::정기적인 스케일링은 심혈관 질환을 예방합니다! :::
예약문의: 02-456-7890",normal,정상광고프로모션,False,real_collected_v4
"[Web발신]
성형 NO!!!
치아교정만으로도 OK!!!

◎직장인들을 위한 티 안나는 투명교정!
◎요즘 대세 클리피씨교정을 반값으로!
◎학생들을 위한 경제적인 메탈교정!
지금 바로 문의전화 주세요*^^*

02-555-1234",normal,정상광고프로모션,False,real_collected_v4
"[Web발신]
미소드림치과의원
미소드림치과가 여러분을 초대합니다.
가족을 치료하는 마음으로 여러분의 진료에 성심을 다하겠습니다.

진료시간:
평일 09시~오후 6시 30분
토요일 09시~오후 2시
일요일,공휴일 휴무
점심시간 12시~1시

장소: 강남역사거리 교보빌딩 2층
전화:02-567-8901",normal,정상광고프로모션,False,real_collected_v4
"[Web발신]
[노랑풍선여행사]
필리핀 세부 여행일정 안내드립니다!^^

1. 3박4일
출발:6월10일 08시
도착:6월13일 22시

2.인원: 15명
3.호텔: 제이파크아일랜드(초특급5성!)
4.투어:호핑투어,민속쇼,나이트투어,디스커버리투어,마사지,시내관광 등등!!
6.면세점: 1시간정도 이용가능
8.비상약품(두통약,소화제,모기약,밴드 등)
7.담당자:김*진가이드

6월 10일 뵙겠습니다! 여권 잊지마시고 챙겨오시길 부탁드립니다^^",normal,기타정상,False,real_collected_v4
"[Web발신]
(광고)참좋은여행사
KTX 전주/군산 당일치기 무박 여행 선착순 특가!! 1인 69,000원

서울에서 군산 근대 문화거리를 거쳐 전주 한옥마을까지~
참좋은여행사와 함께하세요~
선착순 특가 상품이니 빠른 예약 부탁드려요~

무박 여행이 아쉬운 분들을 위한 한옥마을 1박 숙박 상품도 있답니다! 문의주세요! *^^*

무료거부080-800-4321",normal,정상광고프로모션,False,real_collected_v4
"[Web발신]
(광고)온누리여행사
서부지중해 크루즈여행!!

온누리여행사에서 준비한 초특급 이벤트!!

프랑스, 이탈리아, 튀니지, 스페인!!

크루즈여행은 여행의 꽃이라고 말할 수 있습니다~
짐을 들고다닐 필요없이 편한여행을 하실 수 있습니다.

온누리여행사로 문의주시면 자세히 안내드리겠습니다.

무료거부080-777-1234",normal,정상광고프로모션,False,real_collected_v4
"[Web발신]
말레이시아 골프투어!

항공&호텔&골프투어패키지
3박5일!! 89만원!
대한항공!
3/1 ~ 매일출발
많은연락 부탁드립니다^^
하나투어클럽 02-730-8800",normal,정상광고프로모션,False,real_collected_v4
"[Web발신]
싱글족을 위한
혼자 떠나는 유럽 여행!!

모두투어 단독 상품!!

스페인 7일 : 1,490,000원
프라하 6일 : 1,290,000원
다양한 여행 상품을 제공합니다.

알찬여행을 위한 싱글족을 위해 저렴한 상품으로 알차게 구성해 놓았습니다.

이벤트도 진행하고 있으니 놓치지 마세요~",normal,정상광고프로모션,False,real_collected_v4
"[Web발신]
태안 튤립꽃축제
여행에 초대합니다♪♬♪♬

축제기간:4월 15일~5월 5일

금액 : 35,000원

출발장소 : 사당역 1번출구

테마여행사 02-344-9000",normal,정상광고프로모션,False,real_collected_v4
"[Web발신]
(광고)노랑풍선투어
동남아 알짜 가족 여행!

1. 다양한 할인혜택 (아동 반값, 옵션 할인)
2. 4인부터 100% 출발 확정
3. 각종 TAX 및 가이드 팁 모두 포함
4. 객실당 과일바구니 증정
5. 현지 기념품 제공 (객실당 1개)

알짜 가족여행 상품을 놓치지 마시고 이용해 보세요~
상품확인 : http://m.ybtour.co.kr/pkg/3910
문의 : 02-2198-1114 담당자 정*수

무료거부080-850-2020",normal,정상광고프로모션,True,real_collected_v4
"[Web발신]
※ 롯데관광이 만든 신선한 여행 브랜드
- 세계 방방곡곡 어디든지 떠나고 싶은 당신에게 저렴한 가격과 특별한 프로그램을 갖춘 여행상품입니다.
■ 항공+호텔 등 자유여행에 필요한 모든 것을 저렴한 가격으로 제공해 드립니다.
■ 자유여행의 두려움을 없앨 수 있게 인솔자가 여행의 이동을 도와드립니다.
■ 고객님의 needs에 맞는 다양한 여행 style로 구성되어 있습니다.

롯데관광 : www.lottetour.com
문의 : 02-2075-3000
담당자 : 박*철 차장",normal,정상광고프로모션,True,real_collected_v4
"[Web발신]
(광고)백제갈비식당
본격적인 더위가 시작되었습니다. 더운 날씨 탓에 몸도 마음도 많이 지치셨죠?
고객님들의 기력 보강과 건강한 생활을 위해 여러 가지 신메뉴를 준비하였습니다!
한번 들르셔서 맛있는 음식도 즐기고 지친 기력도 보강하고 가세요~
신메뉴 출시를 기념하여 신메뉴 주문 시 사이드 메뉴를 맛보기로 제공하여 드립니다.
예약 문의주세요~ *^^* 02-456-1122

무료거부080-870-9900",normal,정상광고프로모션,False,real_collected_v4
"[Web발신]
(광고)스시유일식OPEN

스시유일식이 새롭게 오픈합니다.

고급스러운 인테리어와 최고의 품질과 맛!
합리적인 가격!!

가족, 친지, 친구들과의 모임의
새로운 문화를 열어가겠습니다.

감사합니다.
예약: 02-544-9988
무료거부080-800-3344",normal,정상광고프로모션,False,real_collected_v4
"[Web발신]
OPEN 20% Sale!!

40년 전통의 꽃게전문점 김가네 꽃게천국5호점이 강남에 오픈했습니다. 김가네 꽃게천국은 연중 싱싱한 꽃게만 사용해서 기존의 냉동꽃게와는 차별화된 맛을 자랑합니다. 맛과 정성으로, ""맛대맛/생방송투데이/무한지대/화제집중""에 방송되기도 했던 그맛과 정성을 강남에서도 직접느끼실수 있습니다. 오직 맛으로 평가해 주세요!!! 감사합니다. 예약문의 02-568-1234",normal,정상광고프로모션,False,real_collected_v4
"[Web발신]
(광고)보나베띠파스타 포인트 소멸 안내

김*현 고객님의 5월 31일 소멸 예정 포인트는 5,000p 입니다.

2025년 꾸준히 적립해 주셨으나 사용하지 않으신 포인트는 12개월이 경과되어 2026년 5월 31일 소멸 예정입니다. 소멸 전 놓치지 말고 사용하세요!

※점심특선메뉴
까르보나라 11,900원
토마토파스타 10,900원
알리오올리오 9,900원

무료거부080-777-8899",normal,정상포인트소멸알림,False,real_collected_v4
"[Web발신]
황사가 심합니다.
눈도 침침해지고,코에선 먼지 냄새가 솔솔~~목도 깔깔하시죠?


 <)^. .^(>
 (""(00)"")
__V______V__
┗━━━━┛
 ♨♨♨♨♨


역시 황사에 삼겹살이 최고죠?
맛있는 통돼지 한마리 보냅니다.
맛있게 드시고, 건강하게 황사 이겨내세요
마음만은 즐거운 하루되시길 바랍니다. ^____^


☞＼  )) 지글~
  ＼＼(( ~지글
 __◈_◎_◆__
   ♨♨♨♨
삼겹살맛있게드세요^^ 
하남돼지집 역삼점 예약: 02-554-9292",normal,정상광고프로모션,False,real_collected_v4
"[Web발신]
(광고)동해수산
동해 주문진에서 각종 어류와 해산물을 직접 배송 받아 항상 신선한 해산물을 제공하는 횟집입니다. 전어, 꼬시락, 세꼬시 외에 장어요리, 매운탕 종류, 미더덕찜, 아구찜 등의 요리를 즐길 수 있습니다. 도시에서 동해의 바다내음을 느껴보세요. 예약필수.

동해수산 02-888-4321
무료거부080-850-1234",normal,정상광고프로모션,False,real_collected_v4
"[Web발신]
(광고)가장맛있는족발 강남역점

족발 주문시 콜라가 서비스~
전화주세요~☎ 02-567-9922

냉채족발 35,000원
반반세트 39,000원
매운불족 34,000원
족발세트 42,000원
족발(앞발) 36,000원

무료거부080-333-5566",normal,정상광고프로모션,False,real_collected_v4
"[Web발신]
(광고)불타는오삼
신메뉴가 나왔습니다~
맛보고 가세요♥

맛도 좋고 몸에도 좋은
오삼불고기~♥

1인분에 9,000원!!
(2인 이상 주문 가능합니다^^)

예약: 02-334-8890
무료거부080-990-1234",normal,정상광고프로모션,False,real_collected_v4
"[Web발신]
안녕하세요

대한민국 NO1. 이탈리안 레스토랑 매드포갈릭입니다.
홍대2호점이 5월 22일 금요일에 오픈합니다.

그동안 기다리시느라 고생하셨습니다.

드디어 홍대에서도 맛있는 갈릭스테이크를 맛보실수 있게 되었습니다.

사은품도 준비했습니다. 많이 오셨어 맛나는 음식도 드시고 선물도 받아가세요 

항상 최선을 다하는 매드포갈릭이 되겠습니다.",normal,정상광고프로모션,False,real_collected_v4
"[Web발신]
(광고)경복궁한정식관
<점심특선 안내>

평일 11시 30분~ 3시 사이 주문가능.

런치A 28,000원 : 전통죽, 계절샐러드, 냉채, 잡채, 전, 셰프특선, 약선요리, 생선요리, 된장찌개 및 진지
런치B 38,000원 : 전통죽, 계절샐러드, 냉채, 잡채, 전, 약선, 돼지갈비, 셰프특선, 볶음요리, 된장찌개 및 진지

경복궁 서초지점
문의 : 02-598-1122

무료거부080-800-9911",normal,정상광고프로모션,False,real_collected_v4
"[Web발신]
(광고)이디야카페

5월 10일부터 5월 15일까지
♥모닝셋트 단돈 3,900원!!!♥
(햄+치즈+야채 토스트,아메리카노)

▶햄토스트 2,500원
▶치즈토스트 2,500원
▶햄+치즈+야채 토스트 3,000원

단 5일간만 진행하는 이벤트!
놓치지 마세요~

무료거부080-777-6655",normal,정상광고프로모션,False,real_collected_v4
"[Web발신]
★깜짝이벤트★
월드컵 응원 함께해야 제맛이죠!!

[월드컵 기간 내 대한민국 승리시 생맥주 1잔을 무료로 드립니다.]

대형스크린으로 월드컵 감상하시고
신나게 응원도 하면서
월드컵의 감동과 열기를 느껴보시기 바랍니다.
비어오크 예약: 02-765-8890",normal,정상광고프로모션,False,real_collected_v4
"[Web발신]
WOW! 신제품출시!

안녕하세요! 맛있는 엉터리생고기입니다!

무제한 이벤트가 시작됩니다!

4인분 주문시 무조건 1인분추가와 함께 새로 출시되는 우삼겹 시식도 가능합니다~

많이 방문해주세요! 감사합니다!",normal,정상광고프로모션,False,real_collected_v4
"[Web발신]
가장 빠르고 친절함을 약속드리는 에이스퀵서비스!!

1588-9123

⊙ 긴급서류, 소화물, 장거리 퀵
⊙ 시외/고속버스, 화물 탁송, 배송
⊙ 각종민원, 급한업무대행
⊙ 우편, 택배 탁송/배송
⊙ 오토바이, 다마스 등~

성심성의를 다해서 서비스하겠습니다.

에이스퀵서비스
1588-9123",normal,정상광고프로모션,False,real_collected_v4
"[Web발신]
당일배송 퀵서비스
시내권:5,000원
그외지역:7,000원

오토바이, 다마스, 1톤차량 24시 항시 대기

※ 급송가능

모든 물품 언제 어디서나 가능합니다.

바로퀵서비스
02-345-8900",normal,정상광고프로모션,False,real_collected_v4
"[Web발신]
스타퀵서비스
1588-7711

1:1배송 퀵서비스
배달할 수 있는 물건 뭐든지 맡겨주시면 신속하고 안전하게 배송해 드립니다.

365일 24시 주.야 항시대기",normal,정상광고프로모션,False,real_collected_v4
"[Web발신]
친절접수 / 빠른배차 / 카드결제 OK!
서울, 수도권 전지역 및 30개 지점연결로 전국 특송배송!

모든 기사 100% 보험가입되어있습니다. 실시간GPS 위치확인도 가능합니다. 

20년 전통 퀵서비스 전문법인.
☏1588-0022☏",normal,정상광고프로모션,False,real_collected_v4
"[Web발신]
빠르고 정확한
퀵서비스
서울 & 경기 수도권 전지역 365일 배송시스템
☏ 1577-8899

※ 월신용결제 및 카드결제 환영",normal,정상광고프로모션,False,real_collected_v4
"[Web발신]
""급한서류""
전화만 주시면 정시에 픽업 및 배송해드립니다. 

정확하고 빠른배송 1588-0000!!!

대한퀵서비스",normal,정상광고프로모션,False,real_collected_v4
"[Web발신]
도움심부름센터
잔심부름 다~
해드립니다!!

1588-4455

시간이 없거나 귀찮은 일~
외출이 어렵거나 불편하다면 망설이지 말고 전화주세요~
24시간 대기중~
생활속 잔심부름 다~ 해 드립니다.

1588-4455
도움심부름센터",normal,정상광고프로모션,False,real_collected_v4
"[Web발신]
언제나 빠르고 친절한 24시간 퀵서비스! 

국내 초저가! 오토바이퀵, 다마스퀵, 지하철택배 통합운영으로 30% 경비절감~ 기업고객은 월정액제 가능합니다. 상담 환영하니 많이 문의주세요. *^^* 1577-3322",normal,정상광고프로모션,False,real_collected_v4
"[Web발신]
언제 어디서나
안전한 배송을 약속하는
스피드퀵서비스
1588-6677

스피드퀵서비스만의 특별한 서비스
1. 365일 24시간 상시 대기중
2. 국내 최대의 기사규모
3. 국내 최고의 운송능력
4. 업계 최고의 현금 마일리지 서비스

믿고 맡겨 주십시오.",normal,정상광고프로모션,False,real_collected_v4
"[Web발신]
♥감사합니다♥

여러분의 지극한 
정성과 사랑으로 
저희 업체가 무한한 발전을 할 수 있었습니다.

저희업체를 이용해 주셔서 감사합니다.

더욱 노력하는 모습 보여드리겠습니다.

- 하나퀵배달 1588-2233 -",normal,정상광고프로모션,False,real_collected_v4
"[Web발신]
안녕하세요. 한울청소년미술학원의 이*진 원장입니다.

학원에서 주최하는 제5회 정기작품발표회에 여러분을 초대합니다.

이번 행사에는 학생들이 1년동안 꿈과 열정을 담아 만든 발표회입니다. 

바쁘시더라도 부디 참석하시어 미래를 짊어지고 갈 학생들이 가지고 있는 꿈과 열정을 칭찬하고 격려해주시기 바랍니다.

일시 : 2026년 6월 12일 오후 2시
장소 : 서초구민회관 대강당",normal,기타정상,False,real_collected_v4
"[Web발신]
봄내음 가득한 3월입니다. 신학기를 맞이하여 아래와 같이 등록이벤트를 안내해 드립니다.

[신학기 등록] 

3월 20일까지 신규 클래스 등록시 주말보충수업 등 무료수강 및 교재 지원 등 다양한 혜택을 드립니다.

-대치엠학원 02-556-7890-",normal,정상광고프로모션,False,real_collected_v4
"[Web발신]
안녕하세요! 하나유치원입니다~

일시: 2026.5.21

장소: 3호선 경복궁역 국립어린이박물관

내일 햇살반 유치부수업은 박물관 견학으로 실시됩니다^^

꽃샘추위로 날씨가 꽤 쌀쌀할 것 같습니다.

따뜻한 복장 챙겨주시고, 즐겁고 유익한 배움시간이 될 수 있도록 하겠습니다! 감사합니다~",normal,기타정상,False,real_collected_v4
"[Web발신]
** 대치수학학원알림 **

학부모님께 아래와 같이 특강 안내 드립니다.

[5월 31일까지 등록 가능, 예비중학특강] 

무료수강 혜택 드립니다. 상담문의: 02-567-1123",normal,정상광고프로모션,False,real_collected_v4
"[Web발신]
-신입생 환영회- 

신입생 & 재학생들간 만남의 자리를 마련하고자 합니다.

환영회 날짜는 3월 27일(금)입니다~

시간내주시어 많은 참여부탁드립니다!

환영회에 오실때 회비 1만원 꼭 지참해주세요~",normal,기타정상,False,real_collected_v4
"[Web발신]
학부모님, 안녕하세요! 아이사랑어린이집입니다^^

벌써 3월 중반으로 접어들고 있습니다.

우리 아이들과 세운 모든 계획과 소망들은 잊지 마시고, 함께 성취될 수 있도록 행동으로 옮겨주세요^^

우리 어린들과 함께 서울역사박물관에 견학을 갑니다.

안전하고 즐거운 체험학습이 될 수 있도록 노력하겠습니다.

자세한 견학내용은 아이들편으로 보내드리는 가정통신문을 참고해주시면 감사드리겠습니다.",normal,기타정상,False,real_collected_v4
"[Web발신]
★SKT 기변특가★
1.갤럭시S24→35만원
2.아이폰16→45만원
토,일뿐/5월 23~24일

이외에 많은 혜택있습니다~

T월드직영점 02-345-9988",normal,정상광고프로모션,False,real_collected_v4
"[Web발신]
KT공식직영대리점

최신 스마트폰
특별할인매장

※ 할부금지원
※ 위약금지원

※ 위치: 테크노마트 3층 45호

※ 전화:02-3424-5678",normal,정상광고프로모션,False,real_collected_v4
"[Web발신]
초고속 인터넷 광랜500M / 070,일반전화 / 번호이동 및 신규 / IP TV 

① 1~3개월 무료 현금최대 45만원 지급
② 무약정 지원가입가능 
③ 핸드폰 결합추가 D/C 
④ 제휴카드결제시 추가 15,000원 D/C 

전화:070-7890-1234",normal,정상광고프로모션,False,real_collected_v4
"[Web발신]
LG유플러스공식인증점
초특가행사중
행사1. 상담만 받으셔도 사은품증정
행사2. 위약금 + 할부금 최대 50만원 지원
행사3. 가입비 + 유심비 면제
행사4. 휴대폰케이스 + 보호필름 무료제공

방문하셔서 많은 혜택 받아 가세요~ 문의: 02-890-1234",normal,정상광고프로모션,False,real_collected_v4
"[Web발신]
[SK브로드밴드] 기업인터넷전화전문

◆기업인터넷전화, 무료키폰, 기존번호그대로사용, 설치비무료, 무료와이파이존설치!
◆가입자끼리 무료통화, 기존전화통신비 40%이상절감, 무료견적방문상담, 전국설치 

02-345-6780",normal,정상광고프로모션,False,real_collected_v4
"[Web발신]
(광고)바디스타헬스클럽
5월 대박 할인 이벤트
3개월 15만원
6개월 25만원
선착순 100명 / 5월 31일까지 등록 가능

-2인 이상 등록 시 추가 할인 혜택까지! 놓치지 마세요~
-재등록 고객님도 추가 할인 혜택 드려요!!

5월, 새로운 마음으로 바디스타헬스클럽과 함께 건강관리/몸매관리 시작하세요~ *^^*

무료거부080-870-1122",normal,정상광고프로모션,False,real_collected_v4
"[Web발신]
(광고)스포애니피트니스
서머 이즈 커밍! 여름이 다가옵니다!
몸만들기 미리미리 하셔야죠?
운동은 시작이 반이랍니다!
여름맞이 이벤트 진행 중이니 문의주세요~

3개월 18만원 / 6개월 30만원
-3개월 등록 시 1개월 무료
-인바디 검사 무료
-맞춤형 프로그램 제공
-24시간 운영

감사합니다!
무료거부080-800-7788",normal,정상광고프로모션,False,real_collected_v4
"[Web발신]
짐박스 헬스클럽
6월 대박할인이벤트
3개월 12만원
6개월 20만원
선착순 100명
6월 15일까지

☆ 2인 이상 등록시 추가할인혜택까지~ 놓치지 마세요~
문의: 02-888-1234",normal,정상광고프로모션,False,real_collected_v4
"[Web발신]
골프존휘트니스
- 이벤트 -
골프1년 99만원에 락커1년무료
헬스1년 45만원에 락커1년무료

활기찬 월요일
새로운 마음으로 몸매관리/건강관리/다이어트를 위해 운동을 시작하세요!
문의: 02-543-8890",normal,정상광고프로모션,False,real_collected_v4
"[Web발신]
(광고)SG스크린골프
회원님의 이용 기간이 5월 31일 만료될 예정입니다.
이용 만료일 전 재등록 부탁드립니다.

이용 만료일 : 2026년 5월 31일

시즌 특별 이벤트가 진행 중입니다.
따뜻한 봄, 스윙을 점검하고 새로운 기록에 도전하세요!
-스윙 분석 무료 (1회)
-3개월 등록 시 1개월 추가 무료
-재등록 시 추가 할인

많은 이용 부탁드립니다. 감사합니다. *^^*

무료거부080-850-4433",normal,정상광고프로모션,False,real_collected_v4
"[Web발신]
라인댄스학원

3월 봄맞이 이벤트 & 2인이상 수강신청시 할인이벤트!!

■ 3월 건전한 취미생할과 여가생활을 돕고자 봄맞이 이벤트를 진행합니다. 

3개월 등록시 20%할인

■ 2인이상 동반할인 이벤트

2인 동반등록시 20% 할인
3인 동반등록시 30% 할인
상담문의: 02-345-6677",normal,정상광고프로모션,False,real_collected_v4
"[Web발신]
(광고)
★깜짝이벤트★

아래 기간 내 방문고객께 사은품으로 오이를 드립니다.

기간: 5월 12일~ 5월 15일
♬하나로마트♬

조금씩 따뜻해지는 날씨에 오이로 비빔국수를 드셔보세요~ 아주 맛있을 겁니다. 

현재 소면국수도 10% 할인중입니다!

무료거부:080-870-5544",normal,정상광고프로모션,False,real_collected_v4
"[Web발신]
☆ 얍~!   
┏━━┓ 
┃┃┃┣┓
┗┻┻┻┛

""급한서류""
전화만 주시면 정시에 픽업 및 배송해드립니다. 


정확하고 빠른배송 1588-0000!!!

대한퀵서비스",normal,정상광고프로모션,False,real_collected_v4
"[Web발신]
(광고)
이마트봄맞이행사!!

오늘하루! 바나나 2,980원, 딸기 1팩 5,900원, 한라봉 4개 6,900원, 체리 1kg 12,900원, 방울토마토 1팩 3,980원으로 제공해드리고 있습니다! 

지금 저희 역삼점으로 방문해보세요!^^

무료거부:080-866-1234",normal,정상광고프로모션,False,real_collected_v4
"[Web발신]
※ 여름신상품 ※

 ※ 빅세일 ※

치마   30%↓
청바지 20%↓
의류신상품전품목

이 기회를 놓치지 마세요!
선착순 50분께
고급스카프 증정합니다.
탑텐 서초점",normal,정상광고프로모션,False,real_collected_v4
"[Web발신]
안녕하세요! 지오다노 강남점입니다. 

고객님의 사랑에 깊이 감사드립니다.

9월을 맞아 VIP회원님들께 특별 15% 할인쿠폰을 준비했습니다.

구매시 본 문자를 제시하시면 할인해 드리도록 하겠습니다.

행사기간중에 꼭한번 방문해주시기 바랍니다.

감사합니다.^^ 02-532-1122",normal,정상광고프로모션,False,real_collected_v4
"[Web발신]
금월 우수회원 선정 되셨습니다.

구매시 본 쿠폰을 제시하시면 일만원을 할인해 드립니다.

▶ 기간 : 2026년 6월 1일 ~ 6월 30일 (1개월간)

▶ 장소 : ABC마트 각 매장 계산시 제시

본 쿠폰은 1회 사용 가능 합니다.",normal,정상광고프로모션,False,real_collected_v4
"[Web발신]
안녕하세요~ ^^

스파오 여름시즌 신상품 찾아왔어요

서두르세요~ 쿨에어 반값 파격세일~ 놓치면 후회해요~ ^^

구매시 본 문자를 제시하시면 10% 추가 할인해 드리도록 하겠습니다.

많은 관심과 성원에 감사드려요~^^",normal,정상광고프로모션,False,real_collected_v4
"[Web발신]
안녕하세요. 모던하우스입니다.
고객님의 사랑에 깊이 감사드립니다.
새봄을 맞아 VIP회원님들께 특별 1만원 할인쿠폰을 준비했습니다.
구매시 제시하시면 할인해 드리도록 하겠습니다.
행사기간중에 꼭한번 방문해주시기 바랍니다.
감사합니다. ^^",normal,정상광고프로모션,False,real_collected_v4
"[Web발신]
<♡---<<<   <♡-
    <♡---<<<
--<<<   <♡---<<
 나이스퀵서비스   
서울10%할인

나이스퀵서비스 1588-3399
5월에 이용하시면 10%를 할인해드립니다. 
- 나이스퀵서비스 -",normal,정상광고프로모션,False,real_collected_v4
"[Web발신]
가을신상품 SALE""
안녕하세요! 언제나 신선함을 제공하는 올가홀푸드입니다.
10월 12일~15일 주말고객분들께 선착순으로 피크닉세트(도시락+물병)를 드립니다.
매장방문시 5%할인, 인터넷 구매시 10% 할인 및 적립 서비스까지 자세한 사항은 www.orga.co.kr 을 참고하세요 ^^
## 정상인증알림",normal,정상광고프로모션,True,real_collected_v4
"[Web발신]
[토스] 인증번호 [ 830101 ] 입니다.",normal,정상인증알림,False,real_collected_v4
"[Web발신]
[잡코리아] 인증번호 [134275]를 입력해 주세요.",normal,정상인증알림,False,real_collected_v4
"[Web발신]
[STEP] 본인확인 인증번호[713587]를 화면에 입력해주세요",normal,정상인증알림,False,real_collected_v4
"[Web발신]
[NICE아이디] 인증번호 [914452]를 입력해주세요. 사칭/전화사기에 주의하세요.",normal,정상인증알림,False,real_collected_v4
"[Web발신]
[하나은행 본인인증] 인증번호 [911977]를 입력해 주세요.",normal,정상인증알림,False,real_collected_v4
"[Web발신]
[인증번호:[337241]] NICE ID 본인확인을 위한 인증번호를 입력해 주세요.",normal,정상인증알림,False,real_collected_v4
"[Web발신]
본인확인 인증번호(328823)입력시 정상처리 됩니다.",normal,정상인증알림,False,real_collected_v4
"[Web발신]
[다날] 본인확인 인증번호는(813821)입니다. 정확히 입력해 주세요.",normal,정상인증알림,False,real_collected_v4
"[Web발신]
[고용24] 본인확인 인증번호[993393]를 화면에 입력해주세요",normal,정상인증알림,False,real_collected_v4
"[Web발신]
[Disney+] 본인확인 인증번호[925632]를 화면에 입력해주세요",normal,정상인증알림,False,real_collected_v4
"[Web발신]
[데이터자격시험] 본인확인 인증번호[242616]를 화면에 입력해주세요",normal,정상인증알림,False,real_collected_v4
"[Web발신]
[쿠팡] 본인확인 인증번호[992572]를 화면에 입력해주세요",normal,정상인증알림,False,real_collected_v4
"[Web발신]
[헥토파이낸셜] 본인확인 인증번호[330081]를 입력해주세요.",normal,정상인증알림,False,real_collected_v4
"[Web발신]
[고속버스티머니] 본인확인 인증번호[508699]를 화면에 입력해주세요",normal,정상인증알림,False,real_collected_v4
"[Web발신]
[이랜드이츠] 본인확인 인증번호[598229]를 화면에 입력해주세요",normal,정상인증알림,False,real_collected_v4
"[Web발신]
<#>[루센트블록] 본인확인 인증번호[942429]를 화면에 입력해주세요VQX/Sg3GTNv",normal,정상인증알림,False,real_collected_v4
"[Web발신]
<#>[인증번호:998166] - 카카오페이
(타인노출금지)",normal,정상인증알림,False,real_collected_v4
"[Web발신]
[국세청] 본인확인 인증번호[321127]를 화면에 입력해주세요",normal,정상인증알림,False,real_collected_v4
"[Web발신]
[뱅크샐러드] 본인확인 인증번호[414925]를 화면에 입력해주세요",normal,정상인증알림,False,real_collected_v4
"[Web발신]
[KCB] 본인확인 인증번호는 685649입니다. 정확히 입력해주세요.",normal,정상인증알림,False,real_collected_v4
"[Web발신]
[RiotGames] 본인확인 인증번호[941865]를 화면에 입력해주세요",normal,정상인증알림,False,real_collected_v4
"[Web발신]
[다음게임] 본인확인 인증번호[395018]를 화면에 입력해주세요",normal,정상인증알림,False,real_collected_v4
"[Web발신]
[500542] 본인확인 인증번호를 입력하세요! [KG모빌리언스]",normal,정상인증알림,False,real_collected_v4
"[Web발신]
[KORAIL]인증번호[130888] 본인확인 인증번호입니다.",normal,정상인증알림,False,real_collected_v4
"[Web발신]
본인 확인을 위해 [229443] 인증 번호를 입력하세요. 보안을 위해 공유하지 마세",normal,정상인증알림,False,real_collected_v4
"[Web발신]
[한국모바일인증(주)]본인확인 인증번호[302597]입니다. ""타인 노출 금지""",normal,정상인증알림,False,real_collected_v4
"[Web발신]
[U+멤버스]본인확인 인증번호[575375]입니다. ""타인 노출 금지""",normal,정상인증알림,False,real_collected_v4
"[Web발신]
[LG유플러스]본인확인 인증번호[142241]입니다. ""타인 노출 금지""",normal,정상인증알림,False,real_collected_v4
"[Web발신]
[전자투표]인증번호 755483 로 인증 후 투표 참여바랍니다.

## 정상공공기관알림",normal,정상인증알림,False,real_collected_v4
"[Web발신]
[외교부]일부지역은 여행경보 3단계(출국권고) 발령 지역이니 긴요한 용무가 아닌 경우 동 지역의 여행을 취소,연기 바랍니다.",normal,정상공공기관알림,False,real_collected_v4
"[Web발신]
[외교부]민다나오 잠보앙가, 바실란, 술루, 타위-타위군도는 여행금지 발령지역입니다. 정부허가 없이 방문시 처벌될 수 있습니다.",normal,정상공공기관알림,False,real_collected_v4
"[Web발신]
〔외교부〕필리핀 안전여행 길잡이, 아래 링크 참조

https://overseas.mofa.go.kr",normal,정상공공기관알림,True,real_collected_v4
"[Web발신]
해외 대마 및 대마 성분 제품 위험성(동영상) https://www.0404.go.kr/dev/fileDownload.mofa?atch_file_id=FILE_000000000032480&file_sn=1",normal,정상공공기관알림,True,real_collected_v4
"[Web발신]
〔외교부〕미국 해외안전여행 길잡이, 아래 링크 참조  https://overseas.mofa.go.kr/us-ko/brd/m_27214/view.do?seq=1343865&page=1",normal,정상공공기관알림,True,real_collected_v4
"[Web발신]
[외교부] 대만 내 코로나19 감염 확산에 따른 개인 위생주의, 밀집 장소 마스크 착용 등 예방수칙 준수",normal,정상공공기관알림,False,real_collected_v4
"[Web발신]

[질병관리청] 코로나19 백신 3차접종 안내

김*아님은 코로나19 백신 3차접종 대상이십니다. 코로나19를 예방하고, 감염시 중증·사망 위험을 줄이기 위해 2차접종 후‘3개월(90일)’이 지나면 3차접종을 받으셔야 합니다. 아래와 같이 예약하거나 의료기관에 문의 후 3차접종을 꼭 받아주시기 바랍니다.

- 예약: 12월 13일(월)부터 사전예약누리집(ncvr.kdca.go.kr)에서 예약
- 접종일: 2차접종일에서 90일 이후(예약일 기준 이틀 후 날짜부터 선택 가능)

* 60세 이상 어르신은 예약 없이도 의료기관에 방문하여 접종 가능(의료기관에 접종 여부(휴진 등) 확인, 방문시 신분증 지참)

김*아님의 건강과 안전을 위해 빠른 시일 내에 3차접종을 받아 주시기 바랍니다. 감사합니다.",normal,정상공공기관알림,False,real_collected_v4
"[Web발신]

본 문자는 국민건강 증진을 위해 국가건강검진 시 사후관리에 동의하신 분을 대상으로 한국건강증진개발원?한국사회보장정보원에서 발송하였습니다.

(국가건강검진 시 작성된 휴대폰번호로 일괄 발송하였으며, 번호 변경 및 오기입 등으로 오발송될 수 있음을 너그러이 양해 부탁드립니다.)

흡연은 혈관질환, 폐 질환 등을 일으켜 건강에 해로우며,

간접흡연으로 인해 주변에 좋지 않은 영향을 미칠 수 있습니다.

금연으로 나와 가족, 이웃 등 모두의 건강을 지킬 수 있습니다.

천안시동남구보건소 금연클리닉은 당신의 금연을 응원하며 함께하겠습니다.

- 금연 상담을 원하시면 <041-521-5070, 금연클리닉>으로 연락해 주시기 바랍니다.
- *건강검진 결과는 국민건강보험공단 홈페이지에서 확인가능합니다.

(국민건강보험공단 홈페이지 > 건강IN>나의건강관리>건강검진정보>건강검진 결과조회)",normal,정상공공기관알림,False,real_collected_v4
"[Web발신]
[24년 1학기 국가장학금 신청 전, 학자금 지원구간 산정 제도 사전 안내]
안녕하세요, 한국장학재단입니다.
재단은 “학자금 지원구간”과 연계하여 다양한 학자금 지원 정책을 실시하고 있습니다.
재단의 학자금 지원(국가장학금, 학자금 대출 등)은 각 사업 기준에 따라 학자금 지원구간 산정이 필요할 수 있으며, 지원구간 미산정 시 학자금 지원이 불가할 수 있습니다. 이에 따라 24년 1학기 국가장학금 신청 전 학자금 지원구간에 대한 사전 안내를 드리고자 하오니 참고해주시기 바랍니다.
※ 24년 1학기 국가장학금 1차 신청기간: 23.11.22.(수)~12.27.(수)
ㅇ (학자금 지원구간이란?) 학생과 가구원(기혼: 배우자, 미혼: 부·모)의 소득, 재산, 부채 등을 조사하여 산정한 소득인정액을 구간별로 나누어 구분한 값으로 가구원 동의 및 가족관계 확인 이후 지원구간 산정까지 통상 약 8주 내외의 기간이 소요됩니다. 따라서 24년 1학기 등록금 우선감면을 희망하실 경우 국가장학금 1차 신청기간에 맞춰 빠른 신청을 통해 우선감면 혜택을 받으시길 바랍니다.
ㅇ (최신화 신청 제도) 학자금 지원구간 산정 결과에 대해 이의 또는 최신화 사유가 있는 경우 최신화 신청이 가능합니다. 다만, 최신화 신청 시 학자금 신청일 이후의 변동은 해당 학기에는 반영이 불가하오니 가구의 경제적 상황에 급격한 변동(퇴직, 휴직 등)이 예상될 시 반드시 가구원과 상의 후 신중히 신청하여주시기 바랍니다.
ㅇ (가구원 수에 따른 공제) 재단은 가구원 수(형제·자매) 증가에 따른 생계·학업비 부담을 반영하기 위해 다자녀 가구(3자녀 이상)의 경우 2명을 초과하는 가구원(형제·자매)에 대해 1인당 공제금액(40만원)을 적용하여 소득인정액에서 이를 공제하고 있습니다.
이 외에 지원구간 관련 상세한 내용은 재단 홈페이지 내 학자금 지원구간 산정지침을 참고하시기 바랍니다.
※ 산정지침 경로: 홈페이지 > 고객센터 > 자료실 > 학자금 지원구간 > 학자금 지원구간 산정지침
감사합니다.",normal,정상공공기관알림,False,real_collected_v4
"[Web발신]
[질병관리청]2차 접종(완료) 증명
백*민 님은 코로나19 백신 접종을 완료하셨습니다.
● 코로나19 백신 2차 접종(완료) 증명
ㅡ 일시 : 2021년 8월 10일
ㅡ 장소 : 코로나19 충청남도 천안시 동남구 예방접종센터 041-570-2099
ㅡ 백신 : 화이자 백신
● 아래 내용을 주의해 주세요!
ㅡ 접종 후 최소 3시간 이상 안정을 취하시고, 내일까지는 무리하지 말아주세요.
ㅡ 최소 3일간은 특별한 증상이 나타나는지 주의 깊게 관찰해 주세요.
ㅡ 만약 39℃ 이상의 고열이 있거나 두드러기 등 알레르기 반응이 나타나면, 진료를 받아보세요.
ㅡ 앞으로도 계속 마스크 착용, 거리두기 등 코로나19 예방수칙을 잘 지켜주세요.
<화이자/모더나>
ㅡ 심근염/심낭염 의심증상(https://ncv.kdca.go.kr/menu.es?mid=a10118070000) 발생 시 의료기관의 진료를 받도록 합니다.",normal,정상공공기관알림,True,real_collected_v4
"[Web발신]
신청하신 주민등록증이 도착되었으니, 방문해주시기 바랍니다. (충청남도천안시 동남구신안동)",normal,정상공공기관알림,False,real_collected_v4
"[Web발신]
[926037] 옥션에서 보낸 인증번호 입니다.",normal,정상인증알림,False,real_holdout_v5
"[Web발신]
[네이버]
인증번호 [791532]를 입력해 주세요.",normal,정상인증알림,False,real_holdout_v5
승인번호 [527564]입니다.,normal,정상인증알림,False,real_holdout_v5
"[Web발신]
고객님의 SMS 인증번호는 495308입니다. 정확히 입력해 주세요.",normal,정상인증알림,False,real_holdout_v5
"[한국모바일인증(주)]
본인인증번호는 323952입니다. 정확히 입력해주세요.",normal,정상인증알림,False,real_holdout_v5
[952783] 인증번호 대출세상 실시간문의,normal,정상인증알림,False,real_holdout_v5
고객님의 SMS 인증을 위한 인증번호는 [896427]입니다. 신한은행,normal,정상인증알림,False,real_holdout_v5
[인증번호: 164785] 카카오계정 로그인을 위한 인증번호입니다.,normal,정상인증알림,False,real_holdout_v5
"[Web발신]
[인증번호] 365448를 입력해주십시오 - (주)웹젠",normal,정상인증알림,False,real_holdout_v5
인증번호: 6851,normal,정상인증알림,False,real_holdout_v5
"[Web발신]
스티비 인증번호입니다. 035756",normal,정상인증알림,False,real_holdout_v5
"[Web발신]
[문화체육관광부]
인증번호[653033]입니다.",normal,정상인증알림,False,real_holdout_v5
"[Web발신]
본인확인을 위해 인증번호 221647를 입력해 주세요.",normal,정상인증알림,False,real_holdout_v5
"[ZUZU] 인증번호 [231305]를 입력해주세요.
(유효시간 5분)",normal,정상인증알림,False,real_holdout_v5
"[Web발신]
[당근마켓] 인증번호[954512]
*타인에게 절대 노출하지 마세요
(계정도용위험)",normal,정상인증알림,False,real_holdout_v5
"(주)에이써티 본인 확인용 인증번호
[3304]",normal,정상인증알림,False,real_holdout_v5
"[ACG]
인증번호는 298306입니다.",normal,정상인증알림,False,real_holdout_v5
[한서대학교-포탈]인증번호를 안내드립니다.인증번호: 668071,normal,정상인증알림,False,real_holdout_v5
"[코스트코 온라인몰] 회원님께서 요청하신 인증번호는 791535 입니다.
인증창에 입력해 주세요.",normal,정상인증알림,False,real_holdout_v5
"[본인확인] 스탠다드 인증번호

[987654]를 입력해 주세여. 타인에게 노출되지 않도록 주의 바랍니다.",normal,정상인증알림,False,real_holdout_v5
"[Web발신]
[KT] KT 회원 인증번호 [191606]를 입력해주세요.",normal,정상인증알림,False,real_holdout_v5
"[다날] 본인확인 인증번호는 [846217]입니다.
정확히 입력해 주세요.",normal,정상인증알림,False,real_holdout_v5
"[Web발신]
[(주)드림시큐리티] 확인 인증번호는 [158745]입니다.
정확히 입력해 주세요.",normal,정상인증알림,False,real_holdout_v5
"[Web발신] 
[NCSOFT] 인증번호는 [347951]입니다.
3분 안에 입력해 주세요.",normal,정상인증알림,False,real_holdout_v5
하겐다즈온라인몰에서 보낸 인증번호 [267421]입니다.[수미온],normal,정상인증알림,False,real_holdout_v5
[인터파크] 비밀번호 찾기 휴대폰 인증번호 208496입니다.,normal,정상인증알림,False,real_holdout_v5
"[Web발신]
[SCI평가정보] 본인인증번호는 518079입니다.
정확히 입력해주세요.",normal,정상인증알림,False,real_holdout_v5
"[Web발신]
스윙의류에서 보내는 인증번호입니다.
[804802]",normal,정상인증알림,False,real_holdout_v5
"[Web발신]
[REFF_U+zone]
인증번호 785132를 인증창에 입력해주세요.",normal,정상인증알림,False,real_holdout_v5
"[Web발신]
[#]사용자의 인증 코드는 [TikTok] 8834입니다.",normal,정상인증알림,False,real_holdout_v5
"[Web발신]
[엔텔레콤] 인증번호: 2923",normal,정상인증알림,False,real_holdout_v5
"[Web발신]
[WIPPY] 인증번호 [034946]를 입력해주세요.",normal,정상인증알림,False,real_holdout_v5
[롯데카드] 인증번호[810191] 검.경찰 사칭 보이스피싱 조심하세요!,normal,정상인증알림,False,real_holdout_v5
"[Web발신]
귀하의 텐핑 인증번호는 1722입니다.",normal,정상인증알림,False,real_holdout_v5
"[Web발신]
[이랜드통합몰 인증번호] 987655",normal,정상인증알림,False,real_holdout_v5
[TWIFI] 인증번호는 [685125] 입니다.,normal,정상인증알림,False,real_holdout_v5
"[Web발신]
WORKSOUT에서 125572 인증번호를 발송하였습니다.",normal,정상인증알림,False,real_holdout_v5
"[Web발신]
[멜론] 인증번호 [335456]을 입력해주세요.",normal,정상인증알림,False,real_holdout_v5
"[Web발신]
[한글과컴퓨터] 고객님의 인증번호는 511236 입니다.",normal,정상인증알림,False,real_holdout_v5
"[Web발신]
본인확인 인증번호 [652135] 입력시 정상처리 됩니다.",normal,정상인증알림,False,real_holdout_v5
"[360733] kt.com에서 보낸 인증번호입니다. ""타인노출금지""",normal,정상인증알림,False,real_holdout_v5
"[Web발신]
[KORAIL]인증번호[654701] 본인확인 인증번호입니다.",normal,정상인증알림,False,real_holdout_v5
"[Web발신]
[인증번호] 진학사 회원가입 SMS 인증번호는 [112572]입니다. -진학사",normal,정상인증알림,False,real_holdout_v5
[ESMPLUS]에서 휴대폰 인증번호를 보내드립니다. 인증번호는 [842321],normal,정상인증알림,False,real_holdout_v5
"[Web발신]
[국세청]핸드폰 발급 현금영수증이 있으니 홈택스나 ARS(126-①-①)로 등록바랍니다.",normal,정상공공기관알림,False,real_holdout_v5
"[국민건강보험]
조*연님 2023년 일반 및 암검진대상입니다. 신분증을 지참하고 가까운 검진기관에 방문하시면 건강검진을 받으실 수 있습니다. (1577-1000)",normal,정상공공기관알림,False,real_holdout_v5
"[국민건강보험공단의 알림]
김*이님은 2024년 대장암검진(대변검사-무료) 검진 대상자입니다. 50세 이상은 
매년 국가 대장암검진 대상이며, 매년 받아야 정확도가 높은 검사합니다. 미루지 마시고
지금 바로 검진 받으세요! (검진 실시기간: 2024년 12월 31일까지)",normal,정상공공기관알림,False,real_holdout_v5
"[전남경찰청]
경찰은 전남 강진군 병영면에서 실종된 임*철씨(남, 44세)를 찾고 있습니다 - 165cm, 70kg
vo.la/CyGjh / ☎182",normal,정상공공기관알림,False,real_holdout_v5
"[종로구]지진발생 재난 훈련 메세지 전단 되었습니다.
훈련메시지입니다. 실제상황이 아닙니다. 지진실제 상황이 아닌 훈련메시지 전파중 착오사항입니다. 정정합니다.",normal,정상공공기관알림,False,real_holdout_v5
"비나 눈으로 인한 도로 등 결빙이 우려됩니다.
야외 활동과 차량 운행을 자제하시고, 교통혼잡이 예상되니 출퇴근 시에는 대중교통을 이용해주세요. [행정안전부]",normal,정상공공기관알림,False,real_holdout_v5
"[산림청] 산사태 위기경보 경계단계!
산림 인근 지역 방문을 자제하고 산림 인접 거주 고령자분들을 안전한 곳으로 이동시키는 등 산사태 발생에 유의바랍니다.",normal,정상공공기관알림,False,real_holdout_v5
"[세종경찰청] 세종시에서 실종된 이■■ 씨(남, 55세)를 찾습니다 - 170cm,65kg, 검정경량패딩점퍼,곤색바지,회색등산화
vo.la/D3UtGb / ☎182",normal,정상공공기관알림,False,real_holdout_v5
"[광주광역시]12.8.(목) 0시기준 확진자 2,264명 발생▲18세 이상 코로나19 기초접종완료자 동절기 추가접종(2가백신) 예약 ncvr.kdca.go.kr",normal,정상공공기관알림,False,real_holdout_v5
"[기상청]
15:48 동작구 신대방제1동 인근에 시간당 72mm 이상 강한 비로 침수 등 우려, 안전확보를 위한 국민행동요령 확인 바람
cbs.kma.go.kr",normal,정상공공기관알림,False,real_holdout_v5
"[행정안전부]
태풍이 북상 중입니다. 강풍에 대비하여 간판, 창문 등은 미리 고정하고, 화분 등 외부 물건은 실내로 옮겨주세요. 주변 배수로도 미리 점검해주세요.",normal,정상공공기관알림,False,real_holdout_v5
"[산림청]
오늘 21시 서울 등 산사태위기경보 '경계' 단계 발령.
산사태취약지역 주민, 방문객 등 위험지역에 계신 분들은 유사 시 안전한 곳으로 대비 바랍니다.",normal,정상공공기관알림,False,real_holdout_v5
"[강남구청]
주말 다중시설 방역수칙 준수, 특히 학원,교화,실내외 6인 이상 모임 자제.
입국예정자 사전신고, 자가격리자해제자 검사 요망 gangnam.go.kr",normal,정상공공기관알림,False,real_holdout_v5
"(대피명령 해제)
평택시 서탄면 K-55 미군기지내 백린 누출은 부대 내 조치 완료, 인근주민들은 일상생활로 복귀 바랍니다. [평택시]",normal,정상공공기관알림,False,real_holdout_v5
"[Web발신]
고객님 안녕하세요?

근로복지공단입니다.
고객님께 고용보험 피보험자격
신고사실 통지서를 문자메시지
로 보내드립니다.

고용보험 피보험자격 신고사실
상세내용을 보시려면 아래의 링
크를 통해 본인확인 및 동의과정
을 거쳐 세부 내용을 확인할 수
있습니다.

ㅇ 통지서 확인하기
https://공공알림문자.org/mf.do?b=KCa0k0lgJgsPH7Z (접속무료)",normal,정상공공기관알림,False,real_holdout_v5
"[고용노동부] ■■■님 신청하신 민원(진정서(임금체불, 기타 근로기준 분야))이 근로개선지도1과로 배정되었습니다.
ㅇ 담당자 연락처는 (02-2250-5430) 입니다.
ㅇ 담당 근로감독관의 검토를 거쳐 1~2주 이내에 사건조사를 위한 출석요구 등 안내가 있을 예정입니다.
ㅇ 별도로 안내하기 전까지는 노동관서에 방문하지 않으셔도 되며, 출석 안내가 있는 경우, 적극 협조를 당부드립니다. 감사합니다.",normal,정상공공기관알림,False,real_holdout_v5
"[국민안전처]
운전 시 전 좌석 안전띠 착용, 커브길 등 위험지역 안전운전으로 고향길 안전하게 다녀오세요.

[환경부]
수도권 내일 미세먼지 비상저감조치시행(총중량 2.5톤 이상 5등급차량 서울운행 단속) 마스크착용등 건강에 유의바랍니다",normal,정상공공기관알림,False,real_holdout_v5
"[Web발신]
[고용노동부]공수안님 신청하신 민원이 담당자가 지정되었습니다.(접수번호:20*94)
담당자 연락처는 발신 표시된 전화번호입니다.",normal,정상공공기관알림,False,real_holdout_v5
"[Web발신]
귀하의 진정 관련출석요구
일시:07.20.16:00
서울지방고용노동청서울관악지청 특별사법경찰관 근로감독관 ■■■",normal,정상공공기관알림,False,real_holdout_v5
"[Web발신]
서울웅장지법 2017가소7712**5
참고서면 전자문건 접수",normal,정상공공기관알림,False,real_holdout_v5
"[Web발신]
귀하의 사건(광주지검 2022형제■■■■호)은 광주지방법원에 구공판하였습니다.

향후 법원에서 공소장 부본을 송달 받으시게 되며 법원이 정한 기일에 출석하시기 바랍니다.

자세한 사항은 형사사법포털 사이트(www.kics.go.kr)에서 확인하실 수 있습니다.",normal,정상공공기관알림,True,real_holdout_v5
"[Web발신]
■■■님 사건(2022형제■■■■호)은 2022.■■.■■ 서울동부지방법원에 약식기소(벌금형)하였습니다.

주소가 변경되거나 추가로 제출할 증거가 있는 경우에는 위 법원 민원실로 제출하시기 바랍니다.

향후 법원에서 약식명령이 확정되면 검찰청으로부터 납부명령서를 송달 받으시게 되며(형사사법포털 www.kics.go.kr 에서 전자발송 동의 시 직접출력가능), 벌금은 금융기관에 납부하시면 됩니다.(본 문자는 검찰에서 약식기소 하였다는 안내이며, 벌과금 납부는 추후 법원의 약식명령 송달 및 확정 이후 가능)",normal,정상공공기관알림,True,real_holdout_v5
"★병무청 병역 이행 안내

김*식님 죄송합니다. 귀하는 이번 사회복무요원 본인선택에서 선발되지 않았음을 알려드리니 양해바랍니다. 사회복무요원 소집적체 해소를 위해 꾸준히 노력하겠습니다.

★병역이행 관련 정보는 병무청 홈페이지 및 병무민원상담소 1588-9090을 통하여 확인이 가능합니다.",normal,정상공공기관알림,False,real_holdout_v5
"★병무청 안내

■■■님
안녕하십니까. 병무청에서 알려드립니다.
귀하는 2025-04-01, ■■사단으로 입영예정입니다.
입영시 입영통지서(앱, 이메일 통지서 가능), 신분증, 나라사랑카드를 반드시 지참하여 주시기 바랍니다.
또한, 군 생활에 필요한 물품은 입영부대에서 지급하니 별도 구매할 필요 없으며, 세부 지급품목은 각 군이나 병무청 누리집(홈페이지)을 통해 확인하실 수 있습니다.
* 신분증 없이 입영 시 입영거부 될 수 있으니 임시신분증 발급받아 입영

★병역이행 관련 정보는 병무청 홈페이지 및 병무민원상담소 1588-9090을 통하여 확인이 가능합니다.",normal,정상공공기관알림,False,real_holdout_v5
"[Web발신]
안녕하세요. 병무청입니다.
2017년 1~2월 입영하는 각 군 모집병을 접수하고 있습니다.
모집병 입영을 희망하시는 분들의 많은 지원 바랍니다.

접수경로 : 병무청 홈페이지-병무민원포털-군지원-통합지원서 작성(본인 공인인증서로 로그인)

접수마감 : 육군 기술행정병(16.11.8. 14:00)
기타 궁금하신 사항은 병무민원상담소(1588-9090)로 문의하시기 바랍니다.",normal,정상공공기관알림,False,real_holdout_v5
"[부천시청] 코로나19 확진자 4명 발생[원미권역 3명, 소사권역 1명] 인근지역 방역소독완료
blog.naver.com/bucheon-city",normal,정상공공기관알림,False,real_holdout_v5
"[Web발신]
■■■님에게 과태료 납부명령서(지로용지)를 금일 발송(3~4일후 도착 예정)하였으니 2022-11-11까지 납부하여 주시기 바랍니다.
과태료 ■■■,000원을 신한은행 가상계좌 ■■■■■■■■■■[예금주:(검찰청)■■■]로 납부가능 합니다. [서울중앙지검]",normal,정상공공기관알림,False,real_holdout_v5
"[Web발신]
■■■님에게 가납벌과금납부명령서(지로용지)가 금일 발송(일반우편, 도착일자 지역별 상이)되었습니다.
벌금 300,000원 신한은행 가상계좌 ■■■-■■■-■■■■■■14 (예금주 ■■■)으로 20211112까지 납부 바랍니다.",normal,정상공공기관알림,False,real_holdout_v5
14:15 훈련 경계경보 발령. 현 시간부로 국민 여러분께서는 이동이 가느함을 알려드림.(Vicil Defense Drill) [행정안전부],normal,정상공공기관알림,False,real_holdout_v5
"[경기도교육청] 일부 사립유치원의 개학연기가 유려, 돌봄이 꼭 필요한 경우 교육지원청 홈페이지를 통해 돌봄 신청이 가능합니다.",normal,정상공공기관알림,False,real_holdout_v5
"[Web발신]
[천안검찰청 형사조정실]

귀하의 형사사건이 형사조정 의뢰 되었습니다.

형사조정에 소요되는 시간은 대략 30-40분가량 입니다. 향후 형사조정 일정을 정하기 위하여 1개월 이내 귀하에게 전화를 드리도록 하겠습니다.

본건 문자를 받으신 분들 중에 본인이 형사조정절차에 동의하지 않았음에도 조정회부가 되었다면 ■■검찰청 형사조정실 전화(■■■-■■■-■■■■)로 연락 주시기 바랍니다.
감사합니다",normal,정상공공기관알림,False,real_holdout_v5
"[Web발신]
■■■님 청년 전세대출 이용을 위해 2021년 10월 07일까지 서류제출 부탁드립니다.
유효기간까지 제출하지 않으시면 대출신청이 자동 취소됩니다.해당 기간 내 꼭 서류를 제출해 주시기 바랍니다.

궁금하신 사항은 고객센터로 문의 부탁드립니다.

▶ 고객센터

대표번호 : 1522-1000 (09시~18시)

톡상담 : https://s.kbanknow.com/J75dj7f (24시간)",normal,정상금융알림,True,real_holdout_v5
"[Web발신]
[케이뱅크] 요청하신 업무는 케이뱅크 앱에서 진행해주세요 https://s.kbanknow.com/■■■■■■

[세 번째 이미지]
하반기 공모주 청약 준비하셨나요?
[Web발신]
(광고) [케이뱅크]
이정*님, 하반기 대형 공모주.. 준비하셨나요?
부족한 금액은 케이뱅크가 도와드릴게요!

하반기 공모주 청약을 위해 중도상환 수수료 없는 상품들 소개해드립니다.

■ 중도상환 수수료 無 / 대출 상품 리스트

직장인 신용대출 최대 2.5억원

직장인 마이너스통장 최대 1.5억원

대출이 있어도 최대 1.5억원 더! 신용대출 플러스는 중도상환수수료 0원

급할 때 바로 쓰는 소액 마통 비상금대출",normal,정상금융알림,True,real_holdout_v5
"[Web발신]
(광고)
SC제일은행
6월 새희망홀씨
승인대상안내.

고객님은
[SC제일은행]에서
제공하는 [정부지원
긴급자금]
의 승인가능
대상자입니다.
아래 내용을
확인하시고,
고객님의 가능
한도를 확인해보시기
바랍니다.",normal,정상금융알림,False,real_holdout_v5
"[DGB대구은행] DGB알리미 서비스 종료예정 안내
안녕하세요 고객님!
고객님께서 이용중인 DGB알리미 서비스가
iM뱅크 알리미 서비스로 통합되어 올해
하반기에 종료될 예정입니다.
그동안 DGB알리미를 이용해주셔서 진심으로
감사드립니다.
더 나은 모바일 금융서비스를 제공하기 위해
더욱 노력하겠습니다.

DGB알리미를 통해 이용하시던 서비스들은
[iM뱅크]를 통해 더욱 편리하게 이용하실 수
있습니다.
[iM뱅크]알리미 서비스는 iM뱅크>상단
알리미(종모양)아이콘>알림설정 메뉴에서
이용 가능합니다

*[iM뱅크]알리미 서비스는 iM뱅크 앱 또는
하단 링크를 통해 신청 가능합니다.
*본 메시지는 DGB알리미 서비스를 이용중인
고객님께 발송되었습니다.",normal,정상금융알림,False,real_holdout_v5
"[Web발신]
[대구은행] 고객님의 대구은행 계좌가 S&J희망나눔(기관코드:10045261)의 출금계좌로 등록되었습니다. 출금계좌 등록을 신청한 적이 없으시면 즉시 S&J희망나눔(☎15445163) 또는 대구은행 고객센터(☎1566-5050)로 문의주시기 바랍니다.",normal,정상금융알림,False,real_holdout_v5
"[Web발신]
(광고)[한국투자]신규 채권 안내

■■■ 고객님, 안녕하세요?
한국투자증권 신도림PB센터입니다.
신규 채권 안내드립니다.

■ 한국캐피탈465 ■

신용등급 : A (한국신용평가, 2023.01.25)

투자위험도 : 저위험

만기일 : 2023.11.30 (273일)

수익률 : 개인 세전 연 5.91%(2023.03.02 기준, 은행금리 환산, 일반과세 15.4%)

표면이율 :2.178%",normal,정상금융알림,False,real_holdout_v5
"[Web발신]
[한국투자]■■■님 위험도 80% 상회하여 강제청산 진행중. 문의 1577-1282",normal,정상금융알림,False,real_holdout_v5
"[Web발신]
[듀][KB국민은행] 「금융거래한도계좌 출금ㆍ이체 한도 상향」 안내

항상 KB국민은행을 이용하여 주시는 고객님께 진심으로 감사드립니다.
정부 정책에 따라 오는 24. 5. 2 (목)부터 ■■■ 고객님께서 이용하고 계신 금융거래 한도계좌의 출금 및 이체 한도가 일괄 상향됩니다.

■ 대상계좌: ■■■■■■■■■■■■

■ 상향 이후 한도 (1일 기준)
영업점 출금: 300만원
현금(체크)카드 자동화기기 인출 및 이체: 각 100만원
인터넷뱅킹(앱포함) 및 폰뱅킹 이체: 각 100만원

■ 한도 상향을 미희망하시는 고객님의 금융거래 한도계좌의 출금 및 이체한도는
일괄 한도 상향 대상에서 제외 예정입니다.",normal,정상금융알림,False,real_holdout_v5
"[Web발신]
[KB국민은행]

「KB청년희망적금 미리보기」 결과조회 지연 안내

고객님께서 신청하신 「KB청년희망적금 미리보기」 결과 안내가 지연되고 있어 양해 말씀드립니다.

신청일 이후 3영업일 이내 연락드릴 예정이었으나, 서민금융진흥원의 소득확인이 지연되어 부득이 안내가 늦어지고 있습니다.

서민금융진흥원으로부터 결과를 받는 즉시 고객님께 카카오알림톡 또는 문자메시지 드리겠습니다.

항상 KB국민은행을 이용해주셔서 감사합니다.

KB국민은행 고객센터 1588-9999",normal,정상금융알림,False,real_holdout_v5
"(광고)[KB국민은행]
쉿, 김X진 고객님께만 드리는 단 하루의 깜짝 선물! 100% 경품 받아가세요!

-본 이벤트는 이 메시지를 수신하신 고객님만 참여 가능한 이벤트 입니다-

■KB스타뱅킹이 김효진 고객님께 오늘 단 하루 드립니다! 꽝 없는 룰렛이벤트!!

일시: 2020. 5.26(화), 10:00~18:00

참여방법: KB스타뱅킹 로그인 후 새소식/이벤트 페이지 內 룰렛 이벤트 참여
(경로:전체메뉴>고객센터>새소식/이벤트>룰렛 이벤트 배너 클릭)

경품: 경품 5종 (BHC뿌링클+콜라1.25L)",normal,정상금융알림,False,real_holdout_v5
"[Web발신]
[현대카드] 박*길회원님, 01/05 02:24 해외승인 거절. 정상 사용 확인을 위해 연락 바랍니다.",normal,정상금융알림,False,real_holdout_v5
"[Web발신]
[현대카드] 2만원 청구할인 혜택 참여 완료

■■■ 회원님, 2만원 청구할인 혜택에 참여해 주셔서 감사드리며 혜택 받는 방법에 대해 상세히 안내해 드립니다.

[청구할인 혜택 받는 방법]
12/27까지 현대카드 사용하시면 2만원 청구할인

· 현대카드의 다른 12월 청구할인 혜택과 중복 적용되지 않음
· 본 문자를 수신한 본인 회원에 한해 혜택 제공
· 혜택 참여 이후 본인+가족카드로 이용한 일시불 및 할부(최초 이용월) 이용금액 기준
· 법인·선불·체크·Gift카드 및 자동차 구매금액 제외
· 청구할인은 결제일에 따라 '19년 1월 또는 2월 적용되며 적용 시점에 탈회한 경우 제공 불가
· 혜택 적용되는 결제일에 청구금액이 없을 경우 추후 청구금액 발생 시점에 혜택 적용
· 2만원보다 적게 사용 시, 사용금액만큼만 청구할인

[혜택 상담센터] 1577-6700",normal,정상금융알림,False,real_holdout_v5
"[Web발신]
[현대카드] 마일리지 긴급적립 Edition2 상환 완료

■■■ 회원님,
마일리지 긴급적립 Edition2 상환 완료 및 상환 약정 기간이 종료되어 안내 드립니다.

· 상환 완료 후 상환 기간에 발생한 매출 취소 시, 취소 마일리지는 현금으로 일시 청구됨. (1마일리지 = 30원)

· 자세한 내용은 대한항공카드전용 고객센터(1588-7300)로 문의 바랍니다.",normal,정상금융알림,False,real_holdout_v5
"[Web발신]
[우리은행]
고객님,
「2026 우리금융 챔피언십」 1인 2매 갤러리 티켓 당첨을 축하드립니다.

* 모바일 쿠폰 세부 정보(바코드 및 이용방법)는 상단 링크(URL)를 통해 확인 바랍니다.
* 유의사항 : 1회 검표 완료 시, 같은 티켓으로 타인이 재입장 불가합니다.
▶일정 : 2026년 4월 23일(목) ~ 4월 26일(일) [1R ~ 4R]
▶장소 : 서원밸리CC (경기 파주시 광탄면 서원길 333)
▶당첨 내역 : 갤러리 티켓 2매 (본 티켓으로 1R ~ 4R 중 하루 입장 가능)
* 제휴사명 : 우리금융챔피언십
* 상품명칭 : 2026 KPGA 우리금융 챔피언십 갤러리 티켓
* 쿠폰번호 : ■■■■■■■■
* 유효기간 : ~2026-04-26 까지
* 본 상품은 무상 제공되어, 유효기간 연장 및 환불이 불가합니다.",normal,정상금융알림,False,real_holdout_v5
"[Web발신]
고객님! 우리은행 서초금융센터입니다. 이용중이신 청약담보대출 만기가 3/31입니다. 연장을 원하시면 인터넷뱅킹/스마트뱅킹 통해 연장 처리 부탁드립니다. 감사합니다. [우리은행]",normal,정상금융알림,False,real_holdout_v5
"[Web발신]
고객님의 대출금 만기일은 03월 31일 입니다. 담당직원과 상담바랍니다.
[대출빙자 보이스피싱 절대주의! 신용등급 상향비, 대출진행비 요구하면 100% 사기!] [우리은행] ☎ 서초금융센터 0234732511",normal,정상금융알림,False,real_holdout_v5
"[Web발신]
[■■신용정보] ■■■님 하나카드 특별감면 운영중입니다.
담당자연락처 02-2088-■■■■
7월 22일

하나카드 연체 담당자입니다

하나카드 매각전 특별 감면 가능하니 연락주세요

추후 감면 많이. 안됩니다
이기회에 채무 종결 받으세요
7월 25일

010-7■■■-■■■■

최대한 감면 해드릴테니 연락주세요",normal,정상금융알림,False,real_holdout_v5
"[Web발신]
미래에셋대우 계좌개설 다운로드받기: http://onelink.to/m.Asset",normal,정상금융알림,True,real_holdout_v5
"[Web발신]
[미래에셋대우]
[미래에셋대우]
비과세 재형저축 만기예정 고객님께 안내드립니다.
만기연장은 1회에 한하여 3년 연장 가능합니다. 만기일 이후에는 연장이 불가하오니 자세한 사항은 영업점으로 연락 부탁드립니다. 감사합니다.
(계좌주 본인에 한하여 유선업무처리 가능)
무료수신거부 080-768-3355",normal,정상금융알림,False,real_holdout_v5
"[Web발신]
안녕하십니까? 미래에셋증권입니다.
2021년 3월 19일(금) 오전에 발생했던 접속 지연과 관련하여 고객님께서 접수하신 보상 요청의 심사를 완료하여 금일 보상금액이 입금 됩니다.
이용에 불편을 드린 점 다시 한 번 사과의 말씀을 드립니다.",normal,정상금융알림,False,real_holdout_v5
"[미래에셋대우] 공모주 청약 완료 안내
■■■ 고객님
종목명: 엔비티
청약수량: ■■주
공모주 청약이 완료되었습니다.

※ 실시간 공모주 청약경쟁률은 아래 URL을 클릭하여 확인해주시기 바랍니다.
www.miraeassetdaewoo.com/mw/mku/mku4043/r11.do
※ ARS 또는 m.stock, 카이로스에서도 경쟁률 확인이 가능합니다.",normal,정상금융알림,True,real_holdout_v5
"[Web발신]
(광고)[삼성생명다이렉트]
★3만원 네이버페이 이벤트 D-4★
연말정산 준비! 인터넷으로만 가입 가능한
원금손실 없는 연금저축보험
(세전, 1달이상 유지시)

■ 인터넷 NEW연금저축보험
① 1달만 유지해도 (세전) 원금손실 없음
② 연말정산 최대 99만원 환급
(최대 600만원의 16.5%, 관련세법충족시)
③ 가입 시 네이버페이 3만원 증정

※ 이 문자 링크로 가입한 고객님만 경품 드려요
(12월까지 2회차 보험료 납입, 계약 정상 유지 시
전원 증정, 기존 가입 여부 무관)
※ 연금저축 중도 해지시 세액공제 혜택은 과세될 수 있어요

이벤트 기간 : 10.28~10.31

경품 발송일 : 12.15 이내

▶지금 확인하기
https://www.samsunglife.com/s/lkstW

-자세한 내용은 이벤트페이지를 확인 바람
-이벤트 경품은 최대 3만원으로, 보험 가입 후 2회차 보험료를 납입하고 정상적으로 유지중인 고객에게 12월 15일 내 지급, 당월 동일 상품 중복 지급 불가
-보험료 납입 및 계약 정상유지 고객에게만 경품 지급
-26년도 중도 해지 시 세액공제 혜택은 기타소득세 16.5%로 다시 국가로 귀속, 세액공제 혜택을 받지 않은 경우 원금에 대한 기타 소득세는 26년 7월 이후 환급가능",normal,정상금융알림,True,real_holdout_v5
"[삼성생명다이렉트]
안녕하세요 ■■■고객님!
고객님의 보험 가입 요청이 완료되었습니다.
삼성생명 다이렉트를 이용해 주셔서 감사합니다.

상품명칭 : 삼성
인터넷NEW연금보험(2401)(무배당)
청약일자 : 2024.12.23

※ 가입하신 보험과 관련된 서류는 메일혹은 알림톡으로 전송 예정입니다.
※ 심사가 완료되면 1영업일 이후 하단의 버튼을 통해 삼성생명 다이렉트 홈페이지 마이페이지 및 모니모에서 가입한 보험을 확인할 수 있습니다.
① 삼성생명 다이렉트 > 마이페이지
▶https://www.samsunglife.com/s/EOL
② 모니모 App > 마이 > 생명 > 더보기 > 계약조회
▶https://www.samsunglife.com/s/lzQ",normal,정상금융알림,True,real_holdout_v5
"고객님은 삼성생명과 별도로 손해사정사를 선임하실 수 있으며, 그 비용은 고객님이 부담합니다.
다만, 손해사정 착수 전 삼성생명의 동의를 얻은 경우나 삼성생명이 보험금 청구 접수일로부터 7일내 손해사정을 실시하지 아니한 경우는 예외로 합니다.

손해사정사 선임과 그 비용 부담 주체에 대해서는 삼성생명홈페이지( https://m.samsunglife.com/guide/processGuide.html )를 참조하여 주시기 바랍니다.
감사합니다.

고객과 함께하는 인생금융파트너 삼성생명 드림",normal,정상금융알림,True,real_holdout_v5
"[키움] 배당금이 입금되었습니다.
거래내역을 확인해주시기 바랍니다.

▶계좌: 5294-5***
▶종목코드: APLE
▶종목명: APPLE HOSPITALITY REITINC
▶배당입금: 1.40 USD (세전) / 1.19 USD (세후)

(문의) 키움금융센터 1544-9000",normal,정상금융알림,False,real_holdout_v5
"[Web발신]
[키움]■■■ 고객님, 신분증 진위여부 확인완료되었습니다.

계좌개설 이후 절차 안내
▶ 자세히보기: https://i.kiwoom.com/_star2
①ID등록 > ②영웅문S 설치 > ③공인인증서 발급 > ④ 증권계좌로 입금",normal,정상금융알림,True,real_holdout_v5
"[Web발신]
[키움증권] 거래 시 유의사항입니다.

▶ 증거금 100%등록

주식이 3일 결제이므로 매매시에 미수금이 발생될 수 있으니 원치 않을 경우 증거금 100%계좌로 등록해주시기바랍니다.",normal,정상금융알림,False,real_holdout_v5
"[Web발신]
[키움]강■■ 고객님, 키움증권 계좌 개설이 완료되었습니다.

1.계좌개설 상품
위탁종합 ■■■■■■■■

2.계좌개설 이후 절차 안내
▶ 자세히보기: https://i.kiwoom.com/_star2
①ID등록 > ②영웅문S 설치 > ③공인인증서 발급 > ④ 증권계좌로 입금

3.영웅문S, 국내/해외 주식 교육 신청하기 :
https://invest.kiwoom.com/inv/m/170

본인께서 신청하신 내역이 아닌 경우 즉시 연락해주십시오.
[문의] 1544-9000

저희 키움증권과 함께 해주셔서 감사합니다",normal,정상금융알림,True,real_holdout_v5
"[Web발신]
[SGI서울보증 개인정보처리(안내)]
정보수집 출처 : (주)케이티
정보처리 목적 : (주)케이티의 할부신용보험(이동전화단말기) 가입

이 안내는 고객님께서 (주)케이티와 거래를 위하여 기재한 개인정보를 수집하여, 개인정보보호법 제20조에 따라 고지하는 내용입니다.

고객님께는 개인정보 처리정지 요구권이 있습니다.
▶ https://www.sgic.co.kr/chp/iutf/co/agree/agree08.mvc
▶ 문의: 1670-7000",normal,정상카드결제알림,True,real_holdout_v5
"[Web발신]
[카카오뱅크]
■■■ 입출금통장(3256)이 한도계좌에서 일반계좌로 전환되었습니다.

[카카오뱅크 모바일앱 > 전체메뉴 > 인증/보안 > 이체/출금 한도변경]에서 한도를 확인 및 변경하실 수 있습니다.

카카오뱅크 실행하기
https://www.kakaobank.com/app/common/scheme?to=transfer_limit

카카오톡 문의 https://go.kakaobank.io/f0b915",normal,정상카드결제알림,True,real_holdout_v5
"[현대카드] 카드 이용한도 조정 안내

■■■ 회원님,
카드 이용한도 대비하여 이용금액이 낮아 혹시 모를 금융사고 대비하기 위해 2024/11/27에 회원님의 카드 이용한도를 아래와 같이 조정 예정으로 안내 드립니다.

이번 이용한도 조정은 회원님의 신용과는 무관한 조정이기에 이용한도 조정을 원치 않을 경우 카드를 이용하시거나, 아래 채팅상담을 통해 요청하시면 이용한도를 유지할 수 있습니다.

[한도 조정 내용]

총한도(일시불/할부): 2200만원 → 800만원

단기카드대출(현금서비스): 0만원 → 0만원

[한도 유지 방법]
▶ 카드 이용한도 유지 신청
http://h7.is/이용한도유지

[기타 안내]

한도 조정 이후에 복원을 원하실 경우 해당 시점에 회원님의 신용상태에 따라 한도 재조정됩니다.",normal,정상카드결제알림,True,real_holdout_v5
"[Web발신]
[신한은행,내부통지]
고객님의 이체한도 변경이 완료되었습니다.",normal,정상카드결제알림,False,real_holdout_v5
"[Web발신]
08/21 09:53
TM *RESALE E
해외이용거절:체크카드 출금가능 잔액부족",normal,정상카드결제알림,False,real_holdout_v5
"일반취소
박*영님, 현대카드 M 승인취소 199,000원 일시불 09/26 10:01 (유)나이키코리아 누적480,781원",normal,정상카드결제알림,False,real_holdout_v5
"[Web발신]
[KB국민체크] 박*인님 2015년 08월 SMS이용대금 300원을 10월 15일 출금예정입니다.
감사합니다.",normal,정상카드결제알림,False,real_holdout_v5
"[Web발신]
승인거절 기업BC 박*연님 
유효기간틀림 월/연도확인 3,00원
카페라고",normal,정상카드결제알림,False,real_holdout_v5
"[Web발신]
[삼성카드]해외승인
04/11 21:28
Amazon EU
EUR 1.00",normal,정상카드결제알림,False,real_holdout_v5
"[Web발신]
NH카드8*1*해외승인
이*연
EUR 69.00 일시불
10/28 13:35
AMAZON PRIME GEBUEHR",normal,정상카드결제알림,False,real_holdout_v5
"[신한카드(0000)승인]카*오

승인금액 : 10,000원(일시불)

승인일시 : 02/08 10:30

가맹점명 : 카카오프렌즈

누적금액 : 1,234,000원

[신한카드 1544-7200]",normal,정상카드결제알림,False,real_holdout_v5
"[Web발신]
[NH채움■■■님, 02/18 21:29
USD 39.99 dgmdgz.com/본인 미사용시 연락요망",normal,정상카드결제알림,False,real_holdout_v5
"[Web발신]
[KB국민카드]■■■님
여성청소년위생용품바우처
13,350원 사용",normal,정상카드결제알림,False,real_holdout_v5
"[HAGO] 품절 안내

고객님! 주문상품의 품절 안내 드립니다.

▶ 주문번호 : ■■■■■■■■■■
▶ 주문일 : 2022. 08. 20
▶ 상품명 : 22S LANGNLU PUFF SWIM WEAR(랭앤루퍼프수영복)_02

※ 결제하신 금액은 자동취소 후 환불 예정입니다.
※ 서비스 이용에 불편을 드려 죄송합니다.

고객센터 : 1670-3212",normal,정상카드결제알림,False,real_holdout_v5
"[Web발신]
■■■■■해외승인 ■■■ USD99.00
09/01 07:57
IPM*INVESTORPLACE
MEDI 800-2198592 U",normal,정상카드결제알림,False,real_holdout_v5
"[Web발신]
[삼성카드]5238 03/23 11:03
문호주유소 28,940,000원 승인거절
한도초과",normal,정상카드결제알림,False,real_holdout_v5
"[Web발신]
[삼성카드]5238
한도초과 승인거절.
잔여 한도 2,098만원 입니다.",normal,정상카드결제알림,False,real_holdout_v5
"[Web발신]
[하나카드] 안녕하세요.
투명치과의원 거리건
내용증명서 발송기준으로
할부잔액 취소진행했습니다.
취소확인은 익일 확인가능합니다.",normal,정상카드결제알림,False,real_holdout_v5
"[Web발신]
신한카드(8045)승인 원*현 340,000(일시불) 08/05 10:00 
네이버페이 누적 946,875원",normal,정상카드결제알림,False,real_holdout_v5
"[Web발신]
신한해외취소)
09/04 04:52
KRW 100 (SG)PP* EBAY
누적1,826,307원",normal,정상카드결제알림,False,real_holdout_v5
"[국제발신]
[삼성페이]
해외구매 268***
USD403$ 체크승인
본인 아닌 경우
소비자보호센터 문의
02-945-8202",normal,정상카드결제알림,False,real_holdout_v5
"[신용카드발급알림]
회원님,카드(2911) 발급 안내드립니다.
회원님 아니시면 즉시 신고바랍니다.",normal,정상카드결제알림,False,real_holdout_v5
"[Web발신]
[KB국민체크■■■■]
2022년12월 SMS이용대금
300원을 02월06일
출금예정입니다.감사합니다",normal,정상카드결제알림,False,real_holdout_v5
"■■■고객님! 우체국입니다
오늘 택배를 배달할 예정입니다.
등기번호(운송장번호) : 6067_4038_12161
발송인 : ■■

고양일산 우체국 이민수
tel)010-3632-3996",normal,정상택배배송안내,False,real_holdout_v5
"(우체국 배달완료)
""서로 존중, 함께 배려""
김진철 고객님! 우체국입니다.
아클라마쿠키 고객님이 발송한 소포우편물(등기번호 6892_0767_52119)을 25년 03월 22일 (기타)현관님께 배달하였습니다.
항상 우체국을 이용해 주셔서 감사합니다.
우체국 우편고객센터(1588-1300)

통신망 상태에 따라 데이터 요금이 발생할 수 있습니다.",normal,정상택배배송안내,False,real_holdout_v5
"[Web발신]
[쿠팡] 로켓배송 5박스 오늘 15:00~20:00 도착예정입니다.
확인: https://www.coupang.com/",normal,정상택배배송안내,True,real_holdout_v5
"[Web발신]
[쿠팡로켓배송] 안녕하세요 ■■■ 고객님! 쿠팡맨 ■■■입니다. 고객님의 소중한 상품이 오늘 로켓 타고 날아갑니다~! 오늘 댁에 계신가요? 혹시 부재중이실 경우 어느 곳에 보관해드릴까요?
1번 문앞 2번 경비실 3번 기타 등등 답변 주시면 힘이 불!끈! 솟아날 것 같습니다^^ 쿠팡을 이용해 주셔서 감사합니다.",normal,정상택배배송안내,False,real_holdout_v5
"[Web발신]
상품의 배송이 지연되고 있습니다.

주문하신 상품(제주_삼다수_2L*6)은 천일특송를 통해 빠른 시일 내에 배송될 예정입니다.
불편을 드려 죄송하다는 말씀과 함께 고객님 아이디로 쿠팡캐시 1천원을 적립해 드렸습니다.
최신 배송 정보는 마이쿠팡을 확인해주세요.
[마이쿠팡] 바로가기: https://my.coupang.com/m/purchase/detail/30000065045728",normal,정상택배배송안내,True,real_holdout_v5
"[쿠팡로켓배송]
안녕하세요 ■■■ 고객님! 고객님의 행복 지킴이 쿠팡맨 ■■■ 입니다. 주문하신 로켓배송 상품이 배송될 예정입니다. 오늘은 어떤 방법으로 만나볼까요?^^

집에서 만나요

문 앞에 놓아주세요

오늘은 바쁘네요. 경비실로 부탁해요

아무도 못보는 택배함에 넣어주세요

기타 등등

언제나 쿠팡을 이용해주셔서 감사합니다.
쿠팡의 또다른 재미, 쿠팡 카페로 놀러오세요^^
http://cafe.naver.com/coupanglife

이 번호는 안심번호이므로 답장시 단문(사진미첨부)으로 작성 바랍니다.",normal,정상택배배송안내,True,real_holdout_v5
"[Web발신]
[경동택배] 고객님, 안녕하세요.
고객님의 물품이 금일 경동택배
강원고성거진447 배달차량에 상차되어
금일 오전 10:23에 배송 될 예정입니다.

※교통상황에 따라 다소 변경될 수 있습니다.
(±오차범위 20분)고객님 양해 부탁드립니다.

운송장번호 : 3111034800595
배달기사연락처 : 01087469190

경동택배 고객센터 1899-5368
www.kdexp.com",normal,정상택배배송안내,True,real_holdout_v5
"[경동택배] 접수 안내
안*영 고객님 안녕하세요.
경동택배 포천어룡67영업소 입니다.
고객님의 물품이 오늘 접수되어 내일 배송 될 예정입니다.

배달영업소명 : [                    ]
전화번호 : [ 032-864-5550 ]
주소 : [ 인천 남동구 염전로425번길 25 주안5동 5-4 ]

[선불택배]
운송장번호 :
보낸 분 : [ 스토리퍼니처 ]
물 품 : [ 1200x600(mm) / 색상: 버터옐로우_9파이 ]
포 장 : [ 박스 ]
수 량 : [ 1 ]

항상 경동택배를 이용해 주셔서 감사합니다.

코로나19 관련 고객님과 배달기사님의 안전을 위하여
비대면 배달을 진행 할 예정이오니
양해해 주시기 바랍니다.",normal,정상택배배송안내,False,real_holdout_v5
"[경동택배] 접수 안내

하나네 고객님 안녕하세요.
경동택배 인천중구공항B동영업소 입니다.
고객님의 물품이 오늘 접수되어 내일 배송 될 예정입니다.

[후불택배]
운송장번호 : [ 3209035131389 ]
보낸 분 : [ 디에이치 ]
물 품 : [ gloves,gloves,gloves,gloves ]
포 장 : [ 박스 ]
수 량 : [ 1 ]

[변상안내]
분실물에 대한 손해금은 분실물의 제조원가 한도 내에서만 변상하며,
간접피해는 변상하지 않습니다.",normal,정상택배배송안내,False,real_holdout_v5
"정*수 고객님, 안녕하세요.
경동택배 태안동백74입니다.
고객님의 소중한 물품이 금일 접수되어 내일 화성서신제부748에 도착 예정이니 오전 중 찾아가 주시기 바랍니다.

선불화물
운송장번호 : 434616090804
물품명 : 우편물
보낸분 : 태안동백74
031-357-3993

항상 경동택배를 이용해 주셔서 감사합니다.

경동택배 고객센터
080-873-2178
www.kdexp.com
국제특송 고객센터 1577-3877
kdwex.com",normal,정상택배배송안내,True,real_holdout_v5
"[Web발신]
딩동♬
진심을 다하는 롯데택배입니다.
고객님의 소중한 상품이 도착되었다는 소식을 알려드립니다.
불편사항 있으시면 언제든지 연락바라며, 항상 최고의 서비스를 위해 노력하겠습니다.
송장번호 : 3178-0467-3804
■ 보내는분 : 후아유 온라인센터
■ 위탁장소 : 본인
■ 배송일자 : 07월10일
롯데택배 홈페이지(온라인 문의, 이벤트, 서비스 안내 등) www.lotteglogisplus.com",normal,정상택배배송안내,True,real_holdout_v5
"[Web발신]
안녕하세요, 무신사 입니다.

문의하신 [아디다스] 상품의 출고 일정 관련하여 현재 브랜드 측 확인 중으로 빠른 답변 도와 드리지 못해 죄송합니다.

다소 번거로우시더라도 조금만 기다려 주시면 정확한 내용 확인하여 빠르게 답변 드리도록 하겠습니다.

추가 문의사항 있으신 경우 고객센터 또는 1:1 문의 게시판 이용 부탁드립니다.

무신사 서비스 이용 관련 사항은 마이페이지 [FAQ]에서 더욱 자세히 확인하실 수 있습니다.
FAQ 바로가기▶ https://www.musinsa.com/app/cs/faq

감사합니다.",normal,정상택배배송안내,True,real_holdout_v5
"무신사 스토어 입니다.
상품이 발송될 예정입니다.

■주문 정보
주문번호 : 20200■■■■■■
상품명 : [반스] 에라 - (타이거 패치워크) 블랙:트루 화이트

■배송 정보
CJ대한통운 (TEL:1588-1255) / 20139132■■■■

■주문 조회
https://m■■■■■■■■

■참고 사항
각 브랜드별 해당 출고지에서 개별 발송
발송완료 당일 저녁 또는 익일부터 배송 조회 가능

■고객 센터
유선 문의 : 1544-7199
1:1 문의 : https://musinsaapp.page.link/NyjW",normal,정상택배배송안내,True,real_holdout_v5
"[Web발신]
[한진택배] 상품 배송 안내

기쁨을 전하는 행복상자 한진택배입니다.

고객님의 소중한 상품을 가지고 출발합니다.

■ 상품명 : 총 1건8801104944625  아카페라 아메리카노240(20)  [10EA]

■ 운송장번호 : 518383617043

■ 보내신 분 : 상온_빙그레(식품)

■ 배송(도착)주소 : 성북구 12-15

■ 배송예정 시간 : 19시~21시

※ 위탁장소 지정 및 실시간 배송현황 조회하기

https://smile.hanjin.com/n/hh.htm?a=518383617043

※ 택배 상자는 운송장, 포장재 등을 제거 후 분리배출해 주시기 바랍니다.",normal,정상택배배송안내,True,real_holdout_v5
"[Web발신]
딩동♬

고객님!

진심을 다하는 롯데택배입니다.

배선아님께서 기다리시던 상품을 가지고 출발합니다.

■ 보내는 분(곳) : 파르티멘토

■ 상품명 : 1950 N2B 밀리터리 숏 파카 세이지 그린 [M]

■ 운송장번호 : 409962349764

■ 배송지 : 서울 동대문구

■ 배송예정시간 : 10~12시

■ 배송기사정보 : 정*진☎010-837*-3036

▶ 수령장소 선정 및 실시간 배송정보

http://mdm.alps.llogis.com:8200/openui/mdm/pages/mo/MoBef?inv=409962349764&empno=32507661

[롯데택배 고객만족도 설문조사]

- 기간 : 2025. 11. 14(금) ~ 12. 5(금) (*기간연장)
- 참여링크 : https://www.lotteglogisplus.com/2025-11-customer-survey
- 서비스 개선의견에 도움을 주신 분들 중 추첨하여 소정의 상품을 드립니다.

불편하신 점이나 추가 문의사항은 고객센터 ☎1588-2121 또는 롯데택배 챗봇 LODA로 연락주세요.

항상 롯데택배를 이용해주셔서 감사합니다.

※ 종이박스는 택배전표, 테이프 등 이물질 제거 후 접어서 배출해주세요.",normal,정상택배배송안내,True,real_holdout_v5
"[Web발신]
[로젠택배]

안녕하세요 연*우고객님!

미소로 행복을 전하는 로젠택배입니다.

고객님의 소중한 물품이 오늘 배송예정입니다.

● 보내는분 : 모종심는아빠

● 물품명 : 모종

● 송장번호 : 36078135365

● 배송장소: 충북충주시교현동144-32 (신원아파트) 신원7차 가동306호

● 배송예정시간 : 10시~12시

※ 위탁 장소 지정하기

https://ilogen.com/mobile/outdlv.asp?slipno=36078135365

항상 로젠택배를 이용해 주셔서 감사합니다.",normal,정상택배배송안내,True,real_holdout_v5
"고객님! 우체국입니다
우체국택배를 오늘 12시부터 15시
사이에 배달할 예정입니다.
등기번호(운송장번호) :
6896_ _6
발송인 : SSD240GB
배달장소 :

우체국 이
tel) 010-6 -0

고객님 부재 시 우편물배달희망장소,
실시간배송조회서비스 등
자세한 서비스는 상세보기틀
이용하여
주시기 바랍니다.

아울러 상세보기를 클릭하시면
우편물 배달 사전안내를 위한
개인정보 수집
동의가 가능합니다.
항상 우체국을 이용해주셔서
감사합니다.
통신망 상태에 따라 데이터 요금이
발생할 수 있습니다

[상세보기]

상담원과의 대화가 불가능한 프로필입니다.",normal,정상택배배송안내,False,real_holdout_v5
"우체국
■■■ 고객님! 우체국입니다
오늘 등기우편물을 배달할
예정입니다.
등기번호(운송장번호) :
407370■■■■
발송인 : KT링커스

안양 우체국 ■■■
☎010-■■■■",normal,정상택배배송안내,False,real_holdout_v5
"[GS Postbox]
GS25 반값택배를 이용하신 ■■■ 고객님, 안녕하세요. 😊

고객님의 물품이 점포에 도착하였습니다. 오실 때까지 소중하고 안전하게 보관 하겠습니다.

<도착물품>

송장번호 ■■■■■■■■■■

도착점포 GS25■■■■■점

아래의 링크를 터치하시고 해당 QR코드를 점포 근무자에게 제시하여 주시기 바랍니다.
반값택배는 도착일 포함 7일 동안 보관한 후 수령하시지 않을 경우 보내시는 분에게 반송됩니다.
빠른 시간 안에 수령하여 주시기 바랍니다.

※ GS Postbox 반값택배 서비스 문의
(전화) 1544-4101",normal,정상택배배송안내,False,real_holdout_v5
"Nice to CU♡

■■■ 님께서 CU끼리택배로 고객님께 보내신 상품이 CU편의점에 도착했습니다.
편의점 방문시 아래 링크를 터치하시어 해당 QR코드를 근무자에게 제시바랍니다.
(QR코드가 없으면, 상품 수령 거절될 수 있습니다.)
편의점 도착일 기준 4일내 방문 및 수령 부탁드립니다.

<배송정보>
운송장번호 :
보내는분 :
받는 분 :
출발(접수)편의점 : CU상계미네르바점
도착(배송)편의점 : CU미아송천점
상품수령기한 : 2022-03-24

* 상품 도착 후 4일 이내 미수령시 착불로 임의 반송될 수 있습니다.

* CU끼리택배 서비스 문의 : 1577-8007",normal,정상택배배송안내,False,real_holdout_v5
"안녕하세요 ■■■ 고객님,
마켓컬리의 배송 입니다.

주문하신 신선한 상품을 요청하신
문앞에 안전하게 배송
완료하였습니다.

혹시 상품을 받지 못하셨거나 상품에
이상이 있는 경우,

고객행복센터 1644-1107

홈페이지 1:1 문의 게시판

카카오톡 상담(https://bit.ly/2LuOEA6)
중 편하신 방법으로 사진과 함께
문의를 남겨주시면 빠르게
도와드리겠습니다.

이용해주셔서 감사합니다.
오늘도 마켓컬리와 함께 행복한 하루
보내세요.",normal,정상택배배송안내,True,real_holdout_v5
"(배달안내) 고객님이 주문하신 음식이 30분 내에 도착할 예정입니다.

● 주문일시: 2018/12/14 오후 1:49
● 주문번호: B09N005AX8
● 가게: 대장간
● 메뉴: 닭갈비외 1
● 배달주소: 경기 시흥시 목감동

※ 고객센터 전화번호가 11/28(수)부터 1600-0987로 변경되었습니다. 이용에 참고해주세요.",normal,정상택배배송안내,False,real_holdout_v5
"[Web발신][배송출발] 고객님의 소중한 상품이 배송 예정입니다.
· 보내는분 : (주)에이치앤에프 · 배송예정시간 : 17-19시
※ 실시간 배송정보 https://www.naver.me/OYr8D7",normal,정상택배배송안내,True,real_holdout_v5
"[Web발신]

(광고) 고객님, 글라스박스안경(천안신부점)입니다.

저희 매장에 방문해주셔서 감사합니다.

글라스박스 신부점에서는

21일부터 신청 가능한

[민생회복 소비쿠폰]

[민생지원금]

사용 가능한 사용처입니다.

안경부터 선글라스,

안경렌즈부터 콘택트렌즈까지

저희 매장에서는

전 제품 사용 가능합니다.

문의사항 있으면 연락 주세요

041-567-1110

문의 전화번호: 041-567-1110

무료수신거부: 080-863-5225",normal,정상광고프로모션,False,real_holdout_v5
"[Web발신]

(광고)아이캐슬안경콘택트 성거점

★리뉴얼및10주년행사 제품을 저렴하게 마진없이 판매하고 있으니 고객님의 많은 성원부탁드립니다.

★!<기본50% +추가할인>리뉴얼및10주년 행사 5월 31일 까지 두달연장!!

●국산브랜드 안경테 초특가전

- 1/2/3/4/5만원대의 가성비 최고의 안경테
- 국산뿔테 특가 6,000원!
- 동글이메탈테거 80,000원→ 13,000원
- 탄성울템 80,000원→13,000원
- 베타티탄 안경테 129,000원→ 23,000원

●케미 블루라이트차단 안경렌즈

- 1.56청광차단(한번압축) 50,000원→ 15,000원
- 1.60청광차단(두번압축) 40,000원→ 22,000원
- 1.67청광차단(세번압축)80,000원→ 38,000원
- 1.74청광차단(네번압축) 120,000원→ 60,000원
- 1.60청광차단(수입호야) 180,000원→ 80,000원

●변색렌즈

- 1.56(한번압축) 80,000원→ 40,000원
- 1.60(두번압축) 130,000원→ 60,000원
- 1.67(세번압축) 210,000원→ 80,000원

●프리폼 누진다초점 렌즈

[케미누진]-1.55 100,000원→ 60,000원

[케미누진]-1.60 150,000원→ 100,000원

[케미누진]-1.67 200,000원→ 150,000원

●수입 누진다초점 렌즈

니콘1.50 200,000원→ 90,000원

펜탁스1.50 200,000원→ 90,000원

- 그외 수입다초점렌즈40% 특가판매

●양면비구면 렌즈

- 1.60(두번압축)100,000원→ 48,000원
- 1.67(세번압축)150,000원→ 48,000원
- 1.74(네번압축) 220,000원→138,000원

●선글라스

★모든 선글라스 60%~30% 할인★ 일부품목제외

●일회용팩렌즈 특가

- 아큐브 디파인90P 164,000원→ 94,000원
- 아큐브 오아시스90P 174,000원→ 95,000원
- 아큐브 모이스트90P 112,000원→ 64,000원
- 알콘 워터렌즈90P 189,000원→ 101,000원
- 쿠퍼 바이오피니티6P 67,000원→30,000원
- 바슈롬 소프렌90+30P 110,000원→ 53,000원
- 인터로조 수지컬러렌즈90P 154,000원→ 68,000원
- 인터로조 아이리스컬러렌즈90P 149,000원→ 62,000원
- 그외 모든렌즈 특가판매

♣아이캐슬안경 성거점♣

☎연락처: 041-557-4277

♣매장위치: 충청남도 천안시 서북구 성거읍 성거길 111, 정훈빌딩 1층

♣주차장: 매장앞 주차장이용

♣일공휴일: 정상영업 (일요일 13;00~19:00 영업)

♣영업시간: 10:00~20:00까지

무료수신거부080-156-3389

무료수신거부080-156-3389",normal,정상광고프로모션,False,real_holdout_v5
"**[오늘의집] 역대급 할인, 집요한세일 OPEN**

[Web발신]

(광고) [오늘의집] 고객님께만 알려드리는 최대 특가!

단, 8.17 ~ 8.31 15일만 진행하는 최대 91% 할인 지금 바로 확인하세요

▶ 입장하기 : https://link.ohou.se/iyyjhh9

▶ 최저가 도전!

1. 늘신선 토망고 4팩

[63%] 10,910원

2. 비다하우스 팬트리 수납정리함

[46%] 3,848원

▶ 대표 이벤트

1. 선착순 쿠폰팩

2. 100% 선물받는 친구 초대 이벤트

3. 안경만두 디지털 굿즈 3종 무료 증정

- 할인 혜택은 조기 종료될 수 있으며 상세 내용은 페이지에서 확인해 주세요

[무료수신거부] 0808880519",normal,정상광고프로모션,True,real_holdout_v5
"[Web발신]
(광고)신한투자증권
●반갑습니다, 고객님!

신한투자증권과의 만남에 감사드리며, 고객님의 거래에 도움을 드리고 싶어요!

뭘 좋아하실지 몰라 다 준비했어요.

알아두면 편리한 신한 SOL증권 사용법,
공모주 청약, 금융상품 거래 방법,
세제혜택 상품까지!

이용하기 전에 꼼꼼하게 알아보세요!

▶ 친절한 이용가이드 보러가기
http://shsc.co/userguide_01

▶ 전화상담이 필요한가요?
☎ 02-3772-1010
(디지털PB센터)

※투자 전 설명 청취 및 상품설명서 필독 ※이 금융상품은 예금자보호법에 따라 보호되지 않습니다. ※자산가격 변동 등에 따른 원금손실(0~100%) 발생가능 및 투자자 귀속 ※ 국내 주식거래 시 모바일 기준 표준수수료는 0.1882276%~0.1891639%(KRX, NXT 포함)이며, 홈페이지 참고 ※신한투자증권 준법감시인 심사필 제26-1038호(2026.06.11~ 2027.06.09)
무료거부0808000365",normal,정상광고프로모션,True,real_holdout_v5
"[Web발신]
(광고)튜톡잉글리쉬
최신 어플 출시
화상영어 15000원 쿠폰

[쿠폰]
wk2

무료거부 0808811279",normal,정상광고프로모션,False,real_holdout_v5
"[Web발신]

(광고) 에이블리 [반값] 혜택 안내

배선아님을 위해 《뷰티 전 상품 5O% 쿠폰》을 준비했어요.

지금 들어오면 원하는 뷰티 상품을 [반값]에 살 수 있어요!

♥뷰티 전 상품 5O% 쿠폰 받기♥

https://applink.a-bly.com/tyr0pk

♥BEST 뷰티템♥

▷ 메디힐 마스크팩

20,000 > 7,240

▷ 닥터지 수딩 크림

31,000 > 10,900

▷ 스킨푸드 당근 패드

26,000 > 13,720

▷ 마몽드 흔적 수분 앰플

24,000 > 15,640

[무료 수신거부]0808880631",normal,정상광고프로모션,True,real_holdout_v5
"[Web발신]

(광고)[키움] 미국주식 AI 실시간 수급포착 시스템 파워맵US 오픈

‘미국주식 AI 실시간 수급포착 시스템’  파워맵US를 오픈하였습니다.

파워맵US는 미국주식의 수급데이터를 AI로 실시간 분석하여 향후 수급이 유입될 확률이 높은 유망종목부터 매매타이밍을 찾아낼 수 있도록 하는 시스템입니다.

오픈 기념 가입고객 대상으로 미국주식 증정 이벤트를 진행하고 있습니다.

1. 서비스명 : 파워맵US

2. 이벤트 기간 : 25.7.3 ~ 8.28 (개인정보동의 필수)

3. 혜택1: 가입고객 중 추첨을 통해 미국주식 증정

▶미국주식 0.1주 증정(350명 추첨)

▶350명 중 추첨통해 7명 추가 1주 증정 (총1.1주)

혜택2 : 가입고객 2,000명 1만원 (키움포인트) 지급

(가입자2,000명 이내시 전원지급, 2,000명 초과시 추첨지급)

4. 이벤트 참여하기

▶ https://I.kiwoom.com/_PUSevent

※ 대상종목 : 애플, 마이크로소프트, 엔비디아, 아마존닷컴, 메타, 알파벳, 테슬라 (종목당50명 추첨)

※서비스 가입 시 미국 주식수수료+ 0.1% 수수료적용/투자 전 설명청취 및 상품설명서 약관필독/ 이 금융상품은 예금자보호법에 따라 보호되지않습니다./ 해외주식 및 ETF거래는 자산가치 변동, 환율변동 등에 따른 원금손실(0~100%)발생 가능 및  투자자귀속/ 미국주식 수수료[온라인:0.25%,오프라인:0.50%]이며 매도시 SEC제비용 미부과 국가별 세금 및 기타 수수료 자세한 사항은 홈페이지 참고/ 투자광고 시점(또는 기간)및 미래에는 이와 다를 수 있으며 과거의 실적이 미래의 수익률을 보장하는 것은 아닙니다./ 본서비스는 ㈜피니트(유사투자자문사)과의 제휴로써 제공되는 서비스이며 서비스 신청 시 ㈜피니트의  투자정보가 제공됩니다. /본 이벤트 발송 문자는 단순 안내이며, 당사는 투자권유를 하지 않습니다

키움증권 준법감시인 심사필 2025-01552호 (2025.07.17-2026.07.16)

키움금융센터  ☎1544-9000

SMS수신설정방법 : 홈페이지 : 내정보 > 고객정보 조회 /변경

- HTS : [0882]고객정보일괄변경

[무료수신거부] 080-801-0022",normal,정상광고프로모션,True,real_holdout_v5
"[Web발신]

(광고)[하나카드] 아 맞다! 내 쿠폰★

배*아 님, GS25 쿠폰 잊지 않으셨죠?

하나Pay 쿠폰함에서 확인하고 꼭 사용하세요!

◆ 보유쿠폰

GS25 3,100원 이상 결제 시 3,000원 할인 (~25년 7월 27일 까지)

◆ 대상

하나 개인 체크카드(신용/토스/선불/기업카드 제외)

◆ 앱 로그인이 필요없는 쿠폰 보기

https://m.hanacard.co.kr/MKLCPON200M.web?V=cAADnMQMbrQMcDnAoE

(하나Pay앱 > 혜택 > 내쿠폰함)

◆100% 당첨되는 랜덤박스도 이용해보세요!

★랜덤박스 바로가기★

https://bit.ly/4c06QPj

- ************************

※유의사항

- 쿠폰의 유효기간 연장 및 환불이 불가능합니다.
- 자세한 사항은 쿠폰 상세 페이지를 통해 확인하시기 바랍니다.
- 쿠폰이 보이지 않을 경우 최신 앱 업데이트 후 이용 부탁드립니다.
- 계약체결 전 상품설명서 및 상품약관을 반드시 확인하시기 바랍니다.
- 신용카드 발급이 부적정한 경우(개인신용평점 낮음 등) 카드발급이 제한 될 수 있습니다.
- 카드이용대금과 이에 수반되는 모든 수수료를 지정된 대금 결제일에 상환하여야 합니다.
- 금융소비자는 해당 상품 또는 서비스에 대하여 설명을 받을 권리가 있습니다.

▶상환능력에 비해 신용카드 사용액이 과도할 경우, 귀하의 개인신용평점이 하락할 수 있습니다. ▶개인신용평점 하락 시 금융거래와 관련된 불이익이 발생할 수 있습니다.

▶일정기간 원리금을 연체할 경우, 모든 원리금을 변제할 의무가 발생할 수 있습니다.

준법심의 S-25-0198 (2025.03.10~2025.12.31)

무료수신거부 080-890-1155",normal,정상광고프로모션,True,real_holdout_v5
"[Web발신]

(광고)(에듀윌) <○○대학교 출신 배선아입니다>

이 문장 속 대학 이름

이제는 여러분이 직접 정할 수 있습니다.

전문대에서 <서성한이중경외시건숙숭> 동시에 합격.

한양대 경영학과에 편입학한 에듀윌 선배도

https://youtu.be/2v1BF26FDVE

학점은행제에서 <서중경건홍국숭세단항> 동시에 합격.

서강대 경영학부에 편입학한 에듀윌 선배처럼

https://youtu.be/ql2dAl75lN4

나의 소개를 내가 만들어보세요

변화는, 움직인 사람에게 찾아옵니다.

★에듀윌편입★이 함께할게요

에듀윌편입은 단순히 수업을 넘어서,

학생 한 명 한 명의 결과까지 함께 갑니다.

1:1 관리, 합격 콘텐츠,

그리고 끝까지 책임지는 시스템.

■■■

에듀윌은 최대 50% 할인으로 여러분을 응원하고 있어요!

■■■

■ 에듀윌은 패스는 ■

나에게 맞는 강의만 골라서 추천

남은 시간에 완성형 맞춤 학습 설계

200% 환급으로 동기부여까지!

■ 여러분의 꿈에 맞게 준비했어요 ■

전문직으로 평생 멋지게!

>약대패스<

https://eduwill.kr/6vwp

명문대에서 시작되는 내 인생

>인문/자연 코어패스<

https://eduwill.kr/Hupp

내 미래를 더 단단하게 그려가고 싶은

>26+27 무한패스<

https://eduwill.kr/6w9p

무료수신거부 080-900-2000",normal,정상광고프로모션,True,real_holdout_v5
"[Web발신]

(광고)[배달의민족] 시크릿 혜택 도착

고객님은 [무료배달] 혜택 대상자예요!

지금 모든 가게에서 배달비 없이 주문해 보세요 :D

지금 배달비 없이 주문하기▶

https://baeminkr.onelink.me/XgL8/6ehr5v29

무료수신거부 : 0808880219",normal,정상광고프로모션,True,real_holdout_v5
"[Web발신]

(광고)[옥션] 고객님께만♡ 시크릿 쿠폰을 쿠폰함에 쏙 - 넣어드렸어요!

지금 바로 확인하고 중복 할인 받으세요♬

↓쿠폰 확인하기↓

https://abr.ge/wjnkp8

[시크릿 3천원 중복쿠폰 안내]

- 대상 : 6월부터 현재까지 옥션 미구매 고객

- 2만원 이상 구매 시 3천원 중복할인

- 유효기간 : 7/10(목) 23:59까지

- ----------------------------------

쿠폰 확인 하셨다면, 끝장세일도 둘러보세요~★

↓24시간 한정 특가 찬스↓

https://abr.ge/azrvhs

- 모다모다 새치 샴푸 300g 2개

- 하림 팝콘치킨 1kg 2봉+치킨너겟 100g 1봉

- 삼다수 무라벨 2L 24개입

- 리얼톡톡 유기농 레몬즙 5박스 총 70포

- 딥큐 3in1 샤르망부케 100개+100개입 캡슐

- 슈퍼대디 물티슈 70매 20개

(무료 수신거부)0803990000",normal,정상광고프로모션,True,real_holdout_v5
"[Web발신]
(광고)글라스스타 천안성정점입니다.
정기검사 받을시기가 됐습니다
무료수신거부080-156-3389",normal,정상광고프로모션,False,real_holdout_v5
"[Web발신]

(광고)[인프런_속보] '충격' 오늘이 2025년 상반기 마지막 날인 것으로 밝혀져...

하반기, 더 성장하고픈 여러분을 위해 인프런이 <모든 강의 30%> 깜짝할인을 준비했어요!

고민은 성장만 늦출 뿐..!

▶ https://u.inf.run/4nG4Od4

배우고 나누고 성장하세요

인프런

무료거부 0808805123 인증75645",normal,정상광고프로모션,True,real_holdout_v5
"[Web발신]
(광고) 지그재그 100만 포인트 팡!
▶abrad.zigzag.kr/1i2qzn

무료거부 0808100141
인증 250239",normal,정상광고프로모션,False,real_holdout_v5
"[Web발신]

안녕하세요. 카카오스타일입니다.

카카오스타일과의 상담은 어떠셨나요?

진행하신 상담의 상담 번호는 3499672입니다.

더 나은 상담 품질과 서비스 제공을 위해 상담 만족도 평가를 진행하고 있습니다.

상담 후 느끼신 소중한 의견을 들려주시길 부탁드립니다.

20초만 시간을 내어주세요 :)

[설문조사 링크]

https://s.zigzag.kr/csat_survey_ub?entry.1791949441=3499672",normal,정상광고프로모션,True,real_holdout_v5
(광고)퀸스산부인과를찾아주셔서감사합니다정성스런진료로보답하겠습니다무료수신거부0800210321,normal,정상광고프로모션,False,real_holdout_v5
"[Web발신]

(광고) [나이키] 9월 생일 축하 쿠폰 발급 안내

이번 달 생일을 축하합니다!

멤버 여러분의 생일을 기념하여 생일 축하 쿠폰을 드립니다.

- 생일 축하 쿠폰: 10% 할인 혜택 (2025년 10월 4일 23:59 만료)

※ 생일 쿠폰 확인 방법: 프로필 > 멤버 리워드 > 생일 축하 10% 쿠폰 확인

- 나이키 앱에서 생일 쿠폰 확인하기: https://go.nike.com/2is1g0Di50T
- 생일 쿠폰 유의사항: https://go.nike.com/Xx8FfzgUo0b

▶ 나이키앱 신제품 보러가기: https://go.nike.com/4c2WeiPLG9X

무료수신거부 080-810-0167",normal,정상광고프로모션,True,real_holdout_v5
"[Web발신]

(광고)[무신사] 깜짝 30% 쿠폰이 도착했어요.

최대 80% 할인 역대급 뷰티 페스타 전용

30% 쿠폰 지금 받아가세요!

- 오직 무신사 뷰티 스페셜 상품
- 뷰티 인기 상품 선착순 3,500원
- 오늘 단 하루 최저가 도전! 하루특가
- 빅세일 특가 & 1만원 이하 초특가 뷰티템

30% 쿠폰 받으러 가기

▶https://musinsa.onelink.me/2uua/u6pjizmh

무료수신거부 0808507199",normal,정상광고프로모션,True,real_holdout_v5
"[Web발신]

(광고)[해커스어학원] 수강료 최대 10% 지원받고 수강go

배치고사 결과 확인 ☞ https://gouk.kr/l2T0K4

지금 바로 수강신청하기 ☞ https://gouk.kr/FczQVB

━━━━━━━

■ 토플 등록 시,

① 수강료 최대 10% 지원 (*일부 강의에 한함)

② 1:1 유학컨설팅 무료상담권 제공

③ 토플 iBT RC 모의고사 1SET 제공

(*모든 혜택 제공 대상 홈페이지 확인)

☞ https://gouk.kr/FczQVB

■ IELTS 등록 시,

① 수강료 최대 15% 지원 (*일부 강의에 한함)

② IELTS 빈출어휘 300 (*pdf) 제공

③ IELTS iBT RC 모의고사 1SET 제공

(*모든 혜택 제공 대상 홈페이지 확인)

☞ https://gouk.kr/XTunf6

━━━━━━━

♨바로 내일(1/2, 목) 주중반 개강♨

해커스어학원 공식인스타 ☞https://gouk.kr/insta

해커스어학원 심층상담 ☎ 02-566-0001

무료수신거부 0808635896",normal,정상광고프로모션,True,real_holdout_v5
"[Web발신]

(광고)[키움]

미국주식 최대 10종목 모두 받아가세요!

▶  https://i.kiwoom.com/ss3_10 (조기종료 예정)

- 대상: 미국주식 3개월 휴면/미거래자(신규)
- 기간: ~2024.12.31(조기종료 예정)

미국주식은 역시 키움증권!

- -------------------------

※투자전 설명청취 및 상품설명서,(간이)투자설명서,집합투자규약 등 필독※이 금융상품은 예금자보호법에 따라 보호되지 않습니다.※자산가치 및 환율변동 등에 따른 원금손실(0~100%) 발생시 투자자귀속※미국주식 기본수수료[온라인:0.25%,오프라인:0.5%], 매도시 0.00278% 제비용부과(최소비용 $0.01)※국가별 세금 및 기타수수료 홈페이지 참고※증권거래비용 등 추가발생 가능

문의: 키움금융센터(1544-9400)

키움증권준법감시인 심사필 제24-2745호(24.11.15~25.11.14)

[무료수신거부 0808010022]",normal,정상광고프로모션,True,real_holdout_v5
"[Web발신]

(광고)나의 롯데월드 MBTI 확인하고 롯데월드 가자!

배선아님에게 딱 맞는

롯데월드 코스를 추천해주는

나만의 월드 MBTI를 찾아보세요♬

월드 MBTI를 확인만 해도,

롯데월드 종합이용권과 모바일 상품권을 드립니다♡

▼월드 MBTI 확인하러 가기▼

bit.ly/3ZxqnT4

- 월드 MBTI 선택 약관에 동의한 손님에 한해 이벤트에 자동 응모됩니다.

당첨 확률을 높이고 싶다면?

월드 MBTI를 공유해 주세요!

▶이벤트 자세히 보기 bit.ly/4gfhEud

- 본 문자는 롯데월드 어드벤처를 방문하신 손님분들 중 SMS 마케팅 수신에 동의하신 분들에 한해 발송되었습니다.
- 광고성 정보 수신 동의 여부 변경을 원하실 경우 [롯데월드 어드벤처 홈페이지>로그인>마이페이지>회원정보수정]에서 변경 가능하며, 동의 철회 시 광고, 이벤트 공지 등의 정보를 수신하실 수 없습니다.",normal,정상광고프로모션,False,real_holdout_v5
"[Web발신]
안녕하세요^^
매수 수, 토요이은
정기휴무입니다.
<크린토피아>",normal,정상광고프로모션,False,real_holdout_v5
"[크린토피아] 추석맟이 20%세탁세일
~9/28까지 일부품목제외
(거부)0807450061",normal,정상광고프로모션,False,real_holdout_v5
"[Web발신]
(광고) 갤럭시 S22 구매 고객님께만
드리는 ★갤럭시 워치4 30% 할인
쿠폰★

갤럭시 S22와 함께 사용하면 더 유용한
갤럭시 워치4를 득템할 수 있는 기회!
지금 삼성 멤버스 앱에 접속하셔서
혜택을 확인하세요.

▶ 기간 및 대상 : 2022.02.22(화) ~ 2022.03.31(목)까지 S22 최초 통화 및
이벤트 참여 고객
▶ 쿠폰 사용 기간 : 2022.02.25 ~ 2022.04.30 (최초통화일 D+3일 이후
사용 가능)
▶ 신청 방법 : 삼성 멤버스 앱 접속 →
혜택 → Galaxy 구매혜택 모음",normal,정상광고프로모션,False,real_holdout_v5
"[Web발신]
(광고)[알라딘]우리는 투표로 민주주의를
지켜냈습니다.
대한민국은 지금 중요한 시기를 통과하고 있습니다.
선거 이후의 민주주의는
우리가 어떤 사실을 믿고, 무엇을 의심하는가에 달려
있습니다.

팩트조차 제대로 분별하기 어려운 시대.
왜 사람들은 믿고 싶은 정보만 골라 소비할까요?

★뉴욕타임스 베스트셀러★
★정준희, 임경빈 강력 추천★

""트럼프 행정부가 금서로 지정한 책""
350만 구독자 정치 유튜버 데이비드 팩맨
<믿고 싶은 것만 믿는 사람들> 출간

극우가 활개 치고
가짜뉴스가 점점 더 크게 울려 퍼지는 세상에서
제정신으로 살아남기 위하여

▶ http://www.aladin.co.kr/jiny/wnoti.aspx?notiid=542550900&start=lms

무료수신거부:080-860-6766",normal,정상광고프로모션,True,real_holdout_v5
"[Web발신]
(광고)[롯데카드] 소중한 반려동물의 건강, 정기적으로 체크하고 있나요? 활동량이 적은 겨울에는 정확한 상태를 알기 어려워요.

■■■■동물메디컬센터에서 우리 아이 건강을 확인해보세요!

■ 혜택 자세히 보기
https://s.lottecard.co.kr/1mUQgzz

■ 혜택
■■■■동물메디컬센터에서 진료 후 결제 시 이 문자메시지를 안내데스크에 보여주면 10% 즉시 할인(최대 30,000원)

■ 기간
2023.12.26(화)~2024.1.31(수)

■ 꼭 알아두세요

이 문자메시지를 받은 회원만 혜택을 받을 수 있어요.

자세한 내용은 위 링크에서 확인해주세요.

롯데카드와 제휴사 사정으로 내용이 달라지거나 일찍 끝날 경우, 미리 안내해 드려요.

※ 준법감시인 심의필 제 2023-E28834호 (2023.12.26~2023.12.26)

※ 무료수신거부: 080-920-9400",normal,정상광고프로모션,True,real_holdout_v5
"[Web발신]
(광고)세탁특공대

세탁특공대 가정의 달 할인
연휴 동안 세탁소 갈 걱정 끝!

♣ [10,000원] + [배송비 0원] 안내

최소주문 4만원

첫 주문 배송비 100% 면제

5/6(토)까지 주문시 사용 가능

쿠폰 확인은 앱 내 [마이세특] - [쿠폰] 확인

쿠폰 확인하러 가기
ㄴ https://bit.ly/3LVoGrH

무료수신거부 080-500-4233",normal,정상광고프로모션,True,real_holdout_v5
"[Web발신]
((광고) 서울 단 한곳! 정점의 Life

[■■■■ 청약 일정 안내]

※ 본 SMS는 관심고객 중 문자수신에 동의하신 고객님들께 보내드립니다.

특별공급 접수일 : 11/29(화)
1순위 청약접수일 : 11/30(수)

특별공급 접수일은 일반인 관람이 불가하고 특별공급 신청자도 14시까지만 입장이 가능하며, 주차가 불가하오니 대중교통을 이용하시기 바랍니다.

▣ 특별공급 일정
▶ 일정 : 11/29 (화) 10:00~14:00(14시이후 입장불가)",normal,정상광고프로모션,False,real_holdout_v5
"[Web발신]
(광고) [포스트플러스병원]
김포스트님, 독감예방접종 받을 시기입니다.
[건강검진EVENT]
※ 친구와 함께 10%할인
※ 가족과 함께 15%할인
자세한내용보기
https://www.postplus.co.kr
무료수신거부
080-000-0000 인증0000",normal,정상광고프로모션,True,real_holdout_v5
"[Web발신]
(광고)마켓컬리 쿠폰 만료
ysh2*** 고객님께 드린 [30% 할인쿠폰]이 곧 사라져요.. 놓치지 마세요 : )

▶9월의 신상품

[폰타나] 파스타소스 6종

[녹차원] 히비스커스

허니버터 땅콩 40%

미국산 애플청포도

컬리플라워 한돈 볶음밥 10%

> 장보러 가기
https://we.kurly.com/dCerTPmQO9

> 쿠폰 사용 안내
① 주문 화면에서 쿠폰을 적용
② 30% 할인 성공!
*기한: 오늘(9/16) 24시까지
최대 1만원 할인
***알뜰쇼핑 및 컬리패스 제외

무료거부 080-877-9668",normal,정상광고프로모션,True,real_holdout_v5
"[Web발신]

안녕하세요, 상상빌리지 행정실입니다.

이번주 주말에 비 예보가 있어 누수 및 고장 관련 안내 전달드립니다.

1) 만약 비로 인한 누수가 있을 경우 평일 행정실(8076~80) 혹은 사감실(8079)로 연락바랍니다.

2) 기숙사에 부재하실 경우, 호실 내 창문을 꼭 닫아주시기 바랍니다.

기타 문의사항은 02-760-8076으로 연락바랍니다.

감사합니다.",normal,기타정상,False,real_holdout_v5
"[Web발신]

안녕하세요, IPP사업단입니다.

(주)올포랜드의 현장실습 3자 협약은 온라인으로 진행됩니다.

★오늘(8/13)까지 현장실습 홈페이지에서 협약 내용을 확인하신 후 온라인 동의를 완료하여 주시기 바랍니다

[확인 및 동의 방법]

현장실습홈페이지(https://coop.hansung.ac.kr/center/main/index.do) → 3자협?e → 온라인 방식 진행 체크 및 동의",normal,기타정상,True,real_holdout_v5
"[Web발신]

[KT안내] 정기적 수신동의 확인 안내

안녕하세요. 고객님, KT입니다.

이 메시지는 정보통신망법에 따라 2년마다 발송되는 광고성 정보 수신동의 확인 메시지입니다.

■ 전송자 : KT

■ 동의내용 : ㈜밀리의서재 통한 제3자제공 광고수신 동의

■ 수신동의 일자 : 2024-07-12

■ 수신동의 철회 방법(무료)

- KT 고객센터 : 100

- 밀리의서재 앱 > 관리 > 약관 및 정책/이용 동의 > 선택 약관 동의/철회

[AX Platform Company KT]",normal,기타정상,False,real_holdout_v5
"[Web발신]
[울산대학교병원] 양*늘 님 진료예약 안내입니다.
▶ 예약일자 : 5월29일 (수요일)
▶ 예약시간 : 16시00분
▶ 진료과 : 류마티스내과
▶ 의사명 : 최*원
▶ 진료과위치 : 신관 1층
▶ 진료과 데스크에 접수 후 진료 안내 받으세요.

☎ 전화예약센터 : 052-250-7979",normal,기타정상,False,real_holdout_v5
"[Web발신]
[디-라이프스타일 키친]
예약해주셔서 감사합니다.
디라이프스타일키친에서 예약 내역을 알려드립니다.

[날짜]: 2020년 5월 23일(토)
[시간]: 오후 5:00
[인원]: 2인
[전화번호]: 02-6273-0100",normal,기타정상,False,real_holdout_v5
"학원수업관련 안내문입니다! 

0월 00일(월)부터 00일(토)까지 수업이 휴강하게 되어 그 보충수업을 0월 00일(일)로 대체되었습니다.

반드시 숙지하시고 확인바랍니다.

-○○학원-",normal,기타정상,False,real_holdout_v5
"[Web발신]
[재공지]
안녕하십니까, 삼양그룹
인사팀입니다. 금일 16:30경
공지된 합격자 발표과정에서
저희측 운영미숙으로 오류가
발생해 혼란을 드린 점 진심으로
사과드립니다. 대단히
죄송스럽게도, 귀하께 안내드린
합격 통보를 불합격으로
정정해드립니다.
심려를 끼쳐드려 다시 한번
진심으로 사과드립니다.
(문의: 02-740-7143)",normal,기타정상,False,real_holdout_v5
"[Web발신]

[U+유모바일] 이번 달 데이터 사용량 안내

고객님,  「[MDL] LTE (10GB+/통화기본)」 요금제의 기본 데이터 사용량을 안내해 드려요.

▶ 데이터 사용량 안내

- 제공량: 10GB

- 사용량: 100% 10GB

※ 08/20 08:49:50 기준

데이터를 다 써도 추가 요금 없이 최대 1Mbps의 제한된 속도로 사용하실 수 있어요. 웹 서핑, SNS 이용, 저화질 영상 시청이 가능한 속도예요.

요금제별 데이터 제공량 정보는 아래 인터넷 주소를 통해 확인할 수 있어요.",normal,기타정상,False,real_holdout_v5
"[Web발신]
<정치외교사무실>
중어중문학과 송*윤학생,
오늘(3/28,화) [한국정치경제]교과
목은 교수님의 사정으로 휴강입니다.

* 3/30(목)강의는, 10:00까지 사회
과학대학 휴머니티홀(151-411)에서
진행되는 특강에 참석바랍니다.",normal,기타정상,False,real_holdout_v5
"[Web발신]
안녕하세요. 고객님,
젠하이저 서비스센터 입니다.

고객님의 소중한 제품은 금일 접수 완료되었으며, 수리기간은 순차적으로 진행되기에, 평일 근무일 기준으로 접수일로부터 담당 엔지니어 점검까지 약 하루에서 최대 5일의 기간이 소요될 것으로 예상됩니다.

내부 사정으로 인하여 당분간 전화 수신이 불가하오니, 제품 점검 이후 담당 엔지니어가 별도의 문자 혹은 전화안내를 드릴 예정이며, 원활한 수사진행을 위해, 만약 전화안내 시, 1544-1699 혹은 02-6250-****으로 수신되는 전화를 꼭 받아주시기 바랍니다.

수사진행에 있어 별도 요청사항이 있으신 경우 아래 사이트를 통하여 문의 부탁드립니다.
https://ko-kr.sennheiser.com/service-support-contact

항상 젠하이저를 사랑해주셔서 감사합니다.
젠하이저 서비스센터 드림.",normal,기타정상,True,real_holdout_v5
"[Web발신]
역문화예술육성지원사업에 지원해주셔서 감사합니다.

지원신청자격 확인과 관련하여 사업자등록증사본(또는 고유번호증 사본)을 제출하지 않은 단체와 주민등록초본을 제출하지 않은 신청자에 대하여 추가서류 제출을 요청하오니 제출기한 내에 제출하여 주시고, 기한내 제출하지 않을 경우에는 신청자격 결격으로 처리하여 심사에 배제할 예정이오니 참고하시기 바랍니다.",normal,기타정상,False,real_holdout_v5
"[Web발신]
[서울아산병원]정신건강의학과 외래11월25일 최*훈 의사 진료가 개인사정(으)로 이*진 의사 대진 예정입니다.불편을 끼쳐드려 죄송합니다.

[Web발신]
일정변경을 원하시는 경우, 연락 부탁드립니다.",normal,기타정상,False,real_holdout_v5
"[Web발신]
분당서울대학교병원입니다. 2024년 6월 19일 유*진 교수 외래 휴진으로 진료에 불편을 드려 죄송합니다. 7월 4일로 외래 일정을 변경해드렸으니 참고 바랍니다. 병원 홈페이지 아래 링크를 통해 원하시는 일정으로 조정이 가능합니다. (snubh.org) 병원 홈페이지 이용이 불편하실 경우 아래 비상콜센터로 전화 주시면 외래 일정 조정에 추가 도움을 드리도록 하겠습니다. (분당서울대병원 1588-3369)",normal,기타정상,False,real_holdout_v5
"[Web발신]
(도시가스) 안전점검 11월 29일 오전9시30분방문예정입니다 행복한하루되세요^^",normal,기타정상,False,real_holdout_v5
"[Web발신]
[영남에너지서비스]
고객님의 도시가스 안전점검 예정일은 07월07일 입니다.
점검원: 채*원",normal,기타정상,False,real_holdout_v5
"[Web발신]
고객님 차량의 자동차 검사 유효기간 만료일은 2020.04.10 입니다.
만료일 전 후 31일이내에 검사 받으실 수 있으며 2020.03.10 ~ 2020.05.11 이내에 검사 받으세요.
검사일 경과시 검사지연과태료(최대 30만원)가 부과되오니 가까우신 1급 자동차 공업사 또는 도련 동에 위치한 ■■ 자동차 검사소에서 검사 받으시면 됩니다.",normal,기타정상,False,real_holdout_v5
"[Web발신]
네이버 식당, 새로운 예약이
확정되었습니다. 예약 내역을
확인해 보세요.

예약번호: 30350

예약자명: 고*선

전화번호: 010

예약상품: 일반 예약

예약내용: 2018.11.02.(금)
오전 11:30, 3명

* 예약 내역 자세히 보기:
http://naver.me/5VH8r5xY

N 예약
네이버 예약 파트너센터
네이버 예약 파트너센터
http://naver.me/5VH8r5xY",normal,기타정상,True,real_holdout_v5
"[Web발신]
[한국닌텐도] 
AS처리 - 수리완료, 상세내용은 홈페이지의 수리/배송조회를 참조",normal,기타정상,False,real_holdout_v5
"[Web발신]
[상문고등학교]
메르스로 인해서 긴급하게 안내문자 드립니다.
6월 8일 월요일부터 6월 12일 금요일까지 전염병으로 인한 휴교를 실시합니다.
모든 상문 학생들과 학부모님들께서는 등교에 착오가 없도록 주의하여 주시고 6월 15일 월요일부터 정상등교 하시면 됩니다.",normal,기타정상,False,real_holdout_v5
"[Web발신]
안녕하세요.
고양 다이슨 서비스센터 입니다.

고객님께서 의뢰하신 제품의 수리가 모두 완료되어 문자 남겨드립니다.

부품 재고 부족으로 수리가 지연된 점 다시 한번 사과의 말씀 드리며, 편한 시간대에 내방하셔서 제품을 찾아가시길 바랍니다.

궁금하신 사항은 아래 번호로 연락 부탁드립니다.
감사합니다.",normal,기타정상,False,real_holdout_v5
"**(아웃백) 소멸 포인트 안내**

[Web발신]

(아웃백) 부메랑 멤버십 소멸 예정 포인트 안내

안녕하세요.

아웃백 스테이크하우스입니다. 부메랑 멤버십 소멸 예정 포인트 안내 드립니다.

▶소멸 대상 포인트: 2022년 적립 포인트

(*2023년 12월 31일 24시 소멸 예정)

자세한 내용은 아웃백 홈페이지, APP 내에 [마이아웃백]→[포인트현황]에서 확인 가능합니다. (m.outback.co.kr)

※마케팅 정보 수신동의 여부와 관계없이 서비스 운영상 공지 목적으로 발송되었습니다.

■무료수신거부 0808507139",normal,정상포인트소멸알림,False,real_holdout_v5
"**[이랜드 통합멤버십 포인트 소멸 안내]**

[Web발신]

E point(이랜드통합멤버십) 한*아 고객님 2021-02-03 일에 휴면전환 됩니다 (1년 무실적) 잔여 포인트: 40점. 익월 03일 개인정보 분리보관 예정

※ 환원 방법 : 2021-02-02일까지 E-POINT(www.elandmall.com 외)로그인 또는 포인트 적립 ★ 관련 문의 및 수신거부 : 0314492001",normal,정상포인트소멸알림,True,real_holdout_v5
"**[U+유모바일] 소멸예정 U폰캐시 안내**

[Web발신]

[U폰캐시 소멸예정]

신*용 고객님,

고객님께서 보유하신 50,000C 중

소멸예정일까지 미사용 시 50,000C이(가) 소멸될 예정입니다.

▶ 소멸예정 일시 : 2026-03-31

▶ 소멸예정 캐시 : 50,000C

▶ 소멸 후 잔여 캐시 : 0C

※ 소멸예정인 U폰캐시가 우선적으로 사용되며,

소멸 후 사용기간 연장 및 재부여는 불가합니다.

※ U폰캐시 상세 내역은 유모바일 App 및 홈페이지를 통해 확인하실 수 있습니다.

※ 이 메시지는 고객님이 보유하신 U폰캐시의 소멸 예정 사실을 사전에 안내하는 메시지입니다.

※ 이 메시지는 계약 또는 거래관계에 따라 지급된 U폰캐시 소멸 안내 메시지입니다.

> 내 U폰캐시 확인하기

https://www.uplusumobile.com/my/ucash/history/S

감사합니다.",normal,정상포인트소멸알림,True,real_holdout_v5
"**[배달의민족] 쿠폰 소멸 예정 안내**

[Web발신]

(광고)[배달의민족] 쿠폰 소멸 예정 안내

고객님께 지급된

[처갓집양념치킨] 할인쿠폰은 내일까지 사용 가능합니다.

사라지기 전에 지금 주문해보세요!

바로가기 ▶

https://baemin.go.link/gP9gp

무료수신거부 : 0808880219",normal,정상포인트소멸알림,True,real_holdout_v5
"**(광고)[에잇세컨즈] 누적 구매 혜택 종료 안내**

[Web발신]

(광고)삼성물산 패션부문

이*하 고객님, 24.3.1일 부로 에잇세컨즈 멤버십 혜택이 삼성패션 멤버십으로 통합됨에 따라 누적 금액권 제도가 종료됨을 안내 드립니다.

보유하고 계신 누적 구매 금액은 24.2.29일 소멸 예정이며 2.29일 누적 구매 금액 기준 3.5일 일괄 쿠폰 발행 될 예정이오니 이용에 참고 부탁드립니다. (2.1~29일 발행 쿠폰 보유 고객 제외)

(1)주요 변경 사항

- 에잇세컨즈 누적 구매 혜택 종료
- 삼성패션 멤버십으로 통합 운영

(2)시행일자

- 2024년 3월 1일

자세항 내용은 아래 URL을 통해 확인 부탁드립니다.

https://www.ssfshop.com/s/hXOX1G

감사합니다.

무료수신거부0808501474",normal,정상포인트소멸알림,True,real_holdout_v5
"안녕하세요 이*식님.
미스터스트릿입니다.

보유하신 쿠폰이 곧 소멸될 예정입니다.
유효기간이 지나면 사용할 수 없습니다.
마이페이지에서 확인해 보세요.

[ 소멸 예정 쿠폰 ]
■ 쿠폰명 : 2021년 생일축하기념 10,000원 할인 쿠폰
■ 만료일 : 2026-06-23",normal,정상포인트소멸알림,False,real_holdout_v5
"고객님이 적립/사용하신 멜론캐시가 있습니다. (06월 12일 기준)

- 지난달 사용 무료캐시 : 0캐시
- 보유 캐시 : 20,000캐시
- 30일 내 소멸 예정 캐시 : 20,000캐시

지금 멜론에서 이용권 구매 시 사용할 수 있는 내 멜론캐시를 확인해보세요.",normal,정상포인트소멸알림,False,real_holdout_v5
"[홈플러스 온라인] 쿠폰 소멸 일정 안내
고객님, 보유하고 계신 쿠폰이 26일 후 소멸 예정입니다.

- 소멸예정쿠폰 : 신규 매직배송 앵콜쿠폰 (최대 1만원)
- 쿠폰혜택 : 2만원 이상 20%
- 소멸예정일 : 2026-05-04
- 이 메시지는 회원가입 혜택으로 지급된 쿠폰 안내 메시지입니다.
온라인 고객센터
1577-3355",normal,정상포인트소멸알림,False,real_holdout_v5
"[KREAM] 쿠폰 만료 알림

회원님이 보유하고 계신 쿠폰이 곧 만료될 예정입니다.

▶ 쿠폰명: Benefit Club 기획전 5%
▶ 소멸 예정일: 25/11/30 11:00:00

유효기간이 지난 이후, 거래 취소 등으로 환불받은 쿠폰은 자동 소멸됩니다.

※ 이 메시지는 이벤트, 서비스 오류 등으로 지급된 쿠폰의 소멸 안내 메시지입니다",normal,정상포인트소멸알림,False,real_holdout_v5
"[교보문고]
통합포인트 소멸 예정 안내

최*숙님의 소중한 통합포인트가 곧 사라져요!
포인트가 사라지기 전에 꼭 확인해보세요.

■ 소멸예정금액: 1,610
■ 소멸일자: 2025.07.31",normal,정상포인트소멸알림,False,real_holdout_v5
"[패션플러스] 안녕하세요 고객님.

고객님이 보유하신 적립금 중 3,000원이 곧 소멸될 예정입니다.

■ 소멸 예정 적립금 안내

- 소멸 예정일 : 2024-10-05
- 이 메시지는 고객님의 이용약관 동의에 따라 지급된 적립금 소멸 안내 메시지입니다.",normal,정상포인트소멸알림,False,real_holdout_v5
"고객님, 지급된 스마일캐시 4천원이 곧 소멸 예정입니다.

▶ 2024년 1월 12일 (금) 까지 사용 가능

해당 스마일캐시는 G마켓에서 현금처럼 바로 사용하실 수 있습니다.

메시지 수신을 원치 않으시면 메시지 상단 목록에서 알림톡 차단 버튼을 클릭해 주세요.
알림톡 차단 시 주문/결제/배송 등 상품 구매와 관련된 정보성 메시지를 받아 보실 수 없습니다.

이 메시지는 G마켓 회원 중 스마일캐시 지급에 대한 동의 및 잔액 보유 고객에게 발송되는 메시지입니다.",normal,정상포인트소멸알림,False,real_holdout_v5
"[보유 포인트 소멸 예정 안내]

안녕하세요.  최*실 회원님!
족보닷컴입니다.

보유하고 계신 포인트에 대한 소멸 예정 안내 드립니다.

- 소멸 예정 포인트 : 1000 P
- 소멸 예정일자 : 2023년 11월 1일

원활한 서비스 이용을 위해 보유 포인트 및 소멸 예정일자 참고 부탁드립니다. :)

- 포인트의 사용 기한은 적립일로부터 5년이며 사용 기한 만료 시 자동 소멸 됩니다.
- 이 메시지는 이용약관 동의에 따라 구매 및 지급된 상품에 대한 소멸 예정 안내 메시지입니다.

감사합니다.",normal,정상포인트소멸알림,False,real_holdout_v5
"[티몬] 티몬캐시/적립금 소멸 예정 안내

보유하신 티몬캐시/적립금이 오늘 소멸될 예정입니다.

▶소멸예정금액

- 티몬캐시 : 0원
- 티몬적립금 : 5,000원

상세내역은 '마이티몬 > 티몬캐시/적립금'에서 확인 부탁 드립니다.
(2021년 7월 6일부터 결제 시 보유 적립금 100% 사용 가능)",normal,정상포인트소멸알림,False,real_holdout_v5
"당사보유제휴포인트소멸안내
[Web발신]
[KB국민카드, 제휴포인트 소멸 안내]
이*준님의 금융포인트 4,865점이 2021.01.01에 소멸될 예정입니다. 잊지말고 사용해주세요~ (11.04 기준)

사용가능일 : 2020.12.31까지
소멸예정 금융포인트 포인트 : 4,865p

▣ 문의: KB국민카드 고객센터 (☎1588-1688)",normal,정상포인트소멸알림,False,real_holdout_v5
"[제주항공] 소멸 예정 포인트 안내

회원님, 현재 총 14,774 리프레시 포인트를 보유 중입니다.
이 중 4,687(구매/적립/선물) 포인트가 2020년 08월 이내 소멸 될 예정이며 포인트 적립일에 따라 소멸일이 상이하오니 확인하시기 바랍니다.
소멸 전 사전 수하물 구매, 사전 기내식 주문 등 부가서비스 상품을 이용해 보시길 바랍니다.

*소멸 예정 포인트 확인

https://www.jejuair.net/ko/main/base/index.do

2020년 07월 15일 기준 조회 포인트로 금액이 상이 할 수 있습니다.",normal,정상포인트소멸알림,True,real_holdout_v5
"[삼성전자멤버십]
한*희 회원님 안녕하세요,
향후 소멸예정 포인트를 알려드립니다.

▷ 소멸예정포인트
2019년 08월 31일 : 398 포인트
2019년 09월 30일 : 1,518 포인트
2019년 10월 31일 : 0 포인트

※ 포인트 유효기간 내 사용하지 않아 소멸된 포인트는 복원되지 않습니다.
※ 삼성전자 포인트는 5,000포인트 이상부터 사용 가능 합니다.",normal,정상포인트소멸알림,False,real_holdout_v5
"적립금 소멸안내

[이지 멤버십]
김*지 고객님 안녕하세요.
고객님의 당월
소멸 예정포인트는 1,000P입니다.

자세한 내용은 아래 URL을 통해 확인해주세요!
소멸예정일 : 2024년 12월 25일
APP에서 확인하기 : easysend.kr

* 당월 5일 기준으로, 실제 소멸 포인트와 상이할 수 있습니다. 자세한 내용은 이지센드 홈페이지에서 확인 가능합니다.

* 이 메시지는 고객님의 동의에 의해 지급된 포인트 중 소멸 예정에 대한 안내메시지입니다.",normal,정상포인트소멸알림,False,real_holdout_v5
"[Web발신]
[BC카드]소멸예정 TOP포인트 안내

▶ 소멸예정포인트 : 10,000점
▶ 소멸예정일 : 25.06.01일 0시

비씨카드를 이용해 주시는 고객님께 감사드립니다.
고객님의 소중한 포인트가 유효기간 만료로 소멸예정입니다.
25.05.31일 24시까지 미사용 시 자동 소멸되오니 포인트 이용에 참고하시기 바랍니다.

▶ TOP포인트 조회 및 사용
* 페이북 : https://ui.vpay.co.kr/s/
* 모바일웹 : http://bc.cr/

소멸예정액은 25.05.08일 기준으로 작성되었으며 현재 포인트와 상이할 수 있습니다.

감사합니다.

▶ 문의 : 1588-4000 (BC카드 고객센터)",normal,정상포인트소멸알림,True,real_holdout_v5
"[G마켓] 고객님, 보유하신 스마일캐시 2,100원이 소멸 예정입니다.

▶ 2026년 5월14일(목) 오늘까지 사용 가능

이 메시지는 G마켓 회원 대상 전자금융거래약관 동의에 따라 지급된 캐시 소멸 안내이며, 오늘 기준 잔액 보유 고객에게 발송되는 메시지입니다.

메시지 수신을 원치 않으시면 메시지 상단 목록에서 '알림톡 차단' 버튼을 클릭해 주세요. 알림톡 차단 시 주문/결제/배송 등 상품 구매와 관련된 정보성 메시지를 받아 보실 수 없습니다.",normal,정상포인트소멸알림,False,real_holdout_v5
민지야 3교시 끝나면 수지 교무실로 오라고 전해줘라,normal,일상대화,False,real_holdout_v5
제가 급해서 그런데 물건먼저 보내주실 수 있나요?,normal,일상대화,False,real_holdout_v5
이제 주말인데 푹 쉬자ㅠㅠ 내일 뭐 해?,normal,일상대화,False,real_holdout_v5
솔직히 충격적이였어 나도 1년만에 봤잖아,normal,일상대화,False,real_holdout_v5
옷 버려서 화나긴 하는데 어쩔 수 없지,normal,일상대화,False,real_holdout_v5
자기도 바쁘더라도 주위 잘 살피면서 걸어ㅎㅎ,normal,일상대화,False,real_holdout_v5
우산은 잘챙겻지...? 괜히 나 없이 비 맞지 말구...,normal,일상대화,False,real_holdout_v5
거의 1~2주에 한번씩 만나는데 같이 운동하고 간단하게 맥주 한잔하고 그래요ㅋㅋ,normal,일상대화,False,real_holdout_v5
문 열쇠 어디 갔지? 집에서 출발하기 전에 본 적 있어?,normal,일상대화,False,real_holdout_v5
나랑 같이 와놓고 왜 나 두고 가!!!,normal,일상대화,False,real_holdout_v5
와 오늘 야구 경기 완전 대박ㅋㅋㅋㅋ,normal,일상대화,False,real_holdout_v5
세븐일레븐 앞에 있어 데리러 갈게,normal,일상대화,False,real_holdout_v5
오늘 학교 끝나고 떡볶이 먹을건데 같이 ㄱㄱ?,normal,일상대화,False,real_holdout_v5
헐ㅠ 오늘도 일 많았어?ㅠㅠㅠ,normal,일상대화,False,real_holdout_v5
역시... 살다가 오는 것 밖에 답이 없나요?,normal,일상대화,False,real_holdout_v5
지금 온라인으로 파손보험금 신청중인데 나 폰 인증이 안돼서 아빠명의로 먼저 신청해도될까?,phishing,지인가족사칭,False,real_phishing_v6
장모님 저 급히 송금할데가 있는데 장모님 저대신 먼저 보내주시면 안되나해서요 60만원이에요. 제가 내일 장모님께 보내드릴게요,phishing,지인가족사칭,False,real_phishing_v6
아빠 나지금폰 액정나가서 않되 01059680036 이번호로톡추가 하고 톡줘 통화안되,phishing,지인가족사칭,False,real_phishing_v6
아빠 주민등록증 보내줘 아빠걸로 되는지 신청해볼려고 그래 ㅐ내꺼 폰때문에 인증못받아서 아빠걸로 받아볼려고 문자했어,phishing,지인가족사칭,False,real_phishing_v6
아빠 나 지금 급하게 구매할게 있어 근데폰매장에수리맡겨놔서 인증못받아 엄마폰으로 먼저인증받으면 안돼?,phishing,지인가족사칭,False,real_phishing_v6
"온라인으로 문화상품권 구매해야하는데 폰고장땜에 살수없어 아빠 지금 시간되면 아빠 명의로 구매해도 돼?
선배가 사정때문에 직접구해못해서 나한테 부탁한건데 폰고장나서못하고있어
돈은 이미받았어 휴 온라인으로하는거라 난못해서 아빠한테 부탁좀할게~
아빠명의로 사도된다면 내가 인터넷으로 가입하고 사볼게 35만원어치 사야되 폰수리끝나면 아빠계좌로 선배가준돈 보내줄게",phishing,지인가족사칭,False,real_phishing_v6
민증앞면사진이랑 신용카드앞뒤면 찍어서 여기로 보내줘... 아빠 명의로 등록해서 필요해 ...비번도 같이 그리고 돈받을계좌도 하나보내줘 폰받으면 바로 줄게,phishing,지인가족사칭,False,real_phishing_v6
아빠 다햇어 주민등록증하고 카드사진 앞뒤면 찍어서 보내줘,phishing,지인가족사칭,False,real_phishing_v6
엄마 나 폰고장나서 전에 컴퓨터로 받았던 문자나라로 연락햇어 확인하면 여기로 문자줘,phishing,지인가족사칭,False,real_phishing_v6
"통화중 떨어뜨려서 액정이나갓어. 수리맡겨으니 괜찮아 그래서 말인데 부탁하나하려구 그래 
나 온라인으로 문화상품권 신청해야되는데 내 명의로 안돼 엄마 명의로 신청하면 안될까?",phishing,지인가족사칭,False,real_phishing_v6
일단 엄마 신분증이랑 카드 앞뒤면 사진찍어 보내줘 그럼 내가 알아서 할게 ^^ 엄마 아직이야??,phishing,지인가족사칭,False,real_phishing_v6
엄마 이거 설치하고 9자리 숫자 알려주고 그 화면에서 대기하고 허용하고 시작해줘~,phishing,지인가족사칭,False,real_phishing_v6
"현재 우리는 집에서 쉽게 수입을 늘릴 수 있는 두가지 부업을 제공해드립니다
첫번째 부업은 짧은 동영상을 보면서 인기를 높이는 것으로 미션팀에서 하루에 최소 50000원을 벌수 있고 월급은 실시간으로 정산됩니다
두번째 부업은 수공예품 가공입니다 선택한 수공예품의 재료에 따라 하루에 약 10000원~25000원을 벌 수 있으며완성된후 직원분이 방문하여 검수하고 월급을 정산해드립니다
어느 부업에 관심이 있으신가요?

두 가지 부업 모두 자유롭게 참여하실 수 있습니다 어느 부업을 원하시나요?",phishing,채용부업사기,False,real_phishing_v6
"[Web발신]
안녕하세요. 구인구직 채용 매니저 김민숙 입니다!!

저희 당사에서 함께일하실
열정가득하신 직원분들을
모집하고있습니다.

■모집안내: 체험단 각종 체험후기글 작성 / 별점 주기 업무, 재택근무 가능!!
■플랫폼이 많다 보니 일거리가 아주 많습니다.

[지원자격]

성별무관(여성우대) / 나이무관 / 학력무관

주부 / 여성 / 대학생 / 직장인 / 프리랜서

열정 있으신 분이라면 누구나 / 부업 / 알바 / 가능

[근무시간]
09~16시 또는 본인 희망 근무시간 기재
(파트타임 가능. ex) 오전 11시 ~ 오후 3시",phishing,채용부업사기,False,real_phishing_v6
"[Web발신]
(광고)최상의 일거리

편한 시간을 활용할 수 있는 최상의
아르바이트!!!
오랫동안 같이 일할 수 있는 분,
모집중입니다.

단기or장기 모두 가능하며, 성실하고
열심히 일하시는 직원분에게는 더큰 우대를
드립니다.

시간과 장소를 가리지 않고 할수 있기에
편하게 문의 바랍니다.

업무 및 조건내용
쇼핑몰-상품주문 .확인하며 관리해주실
알바 모집합니다.
*업무내용:물품작성 알바 및
주문확인(자세한 내용은 카톡문의)
*모집인원:20명-현재9/20명
*근무시간:하루1시간~2시간(본인
시간대에 맞춰 배정가능합니다)",phishing,채용부업사기,False,real_phishing_v6
"[간편한 재택/부업 일자리 소개합니다.]
[Web발신]
안녕하세요. 구인구직 채용 매니저 ■■■ 입니다.

▶ 어려운 시기 구직 희망자 분들께 좋은 소식이 있어 연락드립니다.
▶ 누구나 간편/간단하게 할수있는 재택,부업 안내드립니다.  

■ 쇼핑몰-리뉴얼로 인한 많은 인재와 인력이 필요로 합니다.  

■ 모집안내: 주문서 작성 /주문건 처리 업무 / 재택업무  

■ 모집인원  

주문서작성(15명)  

주문건 처리 업무 (10명)  

상품후기 (15명)  

▶ 시간과 장소를 가리지 않고 간편하게 할수있는 일자리 입니다.
▶ 언제 어디서나 간편하게 할수있는 업무
▶ 25세 이상 (주부/대학생/자영업자/회사원/ 등등 누구나 지원가능)  

■ 정산안내 ■
→ 수당은 실시간(3분) 지급!!
→ 매일 매일 꾸준히 10만원 이상
→ 평균 주5회 3시간 투자 알바시 월 300 이상 수령!!",phishing,채용부업사기,False,real_phishing_v6
"[Web발신]
영화 컨 텐 츠 평가 알 바 모 집

(정 식 업 체 ■■■)

형 태: 재 택 업 무

수 당: 일 50,000~150,000

경 력: 무관 / 학력: 무관 / 성향: 성실하신분

평 점 및 열람평 간단한 의견 작성

영 화 예고편 보기 및 체 험 단

스마트폰 또는 pc 보유자

만 18세 이상(주 부, 취 준 생, 회 사 원, 퇴 직...",phishing,채용부업사기,False,real_phishing_v6
"[현대카드] 체크카드 출금 안내 - CGV 78,000원 출금 잔액 3,200원",normal,정상카드결제알림,False,synthetic_normal_v3
"[비씨카드] 할부 전환 안내 - 이마트 23,000원 결제건이 3개월 할부로 전환됐습니다.",normal,정상카드결제알림,False,synthetic_normal_v3
"[신한카드] 연회비 5,500원이 청구되었습니다. 이용 내역은 앱에서 확인하세요.",normal,정상카드결제알림,False,synthetic_normal_v3
"[하나카드] 승인취소 5,500원 쿠팡 02/25 8:52",normal,정상카드결제알림,False,synthetic_normal_v3
"[KB국민카드] 자동이체 결제 안내 - 이디야커피 정기결제 78,000원이 처리됐습니다.",normal,정상카드결제알림,False,synthetic_normal_v3
"[씨티카드] 이용하신 카드가 정상 승인되었습니다. 금액: 61,000원 가맹점: CGV",normal,정상카드결제알림,False,synthetic_normal_v3
"[KB국민카드] 이용하신 카드가 정상 승인되었습니다. 금액: 3,200원 가맹점: 교보문고",normal,정상카드결제알림,False,synthetic_normal_v3
[롯데카드] 해외승인 USD 63.28 교보문고 02/18,normal,정상카드결제알림,False,synthetic_normal_v3
[삼성카드] 카드 재발급이 완료되어 발송됐습니다. 수령 후 즉시 사용 등록해주세요.,normal,정상카드결제알림,False,synthetic_normal_v3
"[씨티카드] 할부 전환 안내 - 스타벅스 61,000원 결제건이 6개월 할부로 전환됐습니다.",normal,정상카드결제알림,False,synthetic_normal_v3
[비씨카드] 분실신고가 접수되어 카드 사용이 정지되었습니다. 재발급은 앱에서 신청하세요.,normal,정상카드결제알림,False,synthetic_normal_v3
"[우리카드] 승인취소 34,500원 맥도날드 08/22 12:15",normal,정상카드결제알림,False,synthetic_normal_v3
"[씨티카드] 할부 전환 안내 - 배달의민족 45,000원 결제건이 12개월 할부로 전환됐습니다.",normal,정상카드결제알림,False,synthetic_normal_v3
"[NH농협카드] 체크카드 출금 안내 - 배달의민족 61,000원 출금 잔액 5,500원",normal,정상카드결제알림,False,synthetic_normal_v3
"[비씨카드] 자동이체 결제 안내 - CGV 정기결제 8,900원이 처리됐습니다.",normal,정상카드결제알림,False,synthetic_normal_v3
"[현대카드] 체크카드 출금 안내 - 다이소 27,600원 출금 잔액 3,200원",normal,정상카드결제알림,False,synthetic_normal_v3
"[비씨카드] 할부 전환 안내 - 맥도날드 128,000원 결제건이 9개월 할부로 전환됐습니다.",normal,정상카드결제알림,False,synthetic_normal_v3
"[우리카드] 체크카드 출금 안내 - 맥도날드 34,500원 출금 잔액 61,000원",normal,정상카드결제알림,False,synthetic_normal_v3
"[Web발신] 삼성카드 체크카드 156,000원 출금 이마트 잔액 15,800원",normal,정상카드결제알림,False,synthetic_normal_v3
"[롯데카드] 이용하신 카드가 정상 승인되었습니다. 금액: 78,000원 가맹점: 맥도날드",normal,정상카드결제알림,False,synthetic_normal_v3
"[Web발신] 롯데카드 체크카드 92,500원 출금 CGV 잔액 78,000원",normal,정상카드결제알림,False,synthetic_normal_v3
[신한카드] 다이소 결제로 1505P가 적립되었습니다.,normal,정상카드결제알림,False,synthetic_normal_v3
"[NH농협카드] 자동이체 결제 안내 - 스타벅스 정기결제 12,500원이 처리됐습니다.",normal,정상카드결제알림,False,synthetic_normal_v3
"[현대카드] 이번 달 이용금액은 92,500원입니다. 명세서는 앱에서 확인하세요.",normal,정상카드결제알림,False,synthetic_normal_v3
"[하나카드] 결제 취소 안내 - CGV 156,000원 결제가 취소 처리됐습니다.",normal,정상카드결제알림,False,synthetic_normal_v3
"[비씨카드] 무이자 할부 안내 - 배달의민족 8,900원 6개월 무이자 적용됐습니다.",normal,정상카드결제알림,False,synthetic_normal_v3
"[하나카드] 카드 이용한도가 7,000,000원으로 조정됐습니다.",normal,정상카드결제알림,False,synthetic_normal_v3
"[KB국민카드] 무이자 할부 안내 - GS25 5,500원 3개월 무이자 적용됐습니다.",normal,정상카드결제알림,False,synthetic_normal_v3
[KB국민카드] 해외승인 USD 94.39 스타벅스 08/11,normal,정상카드결제알림,False,synthetic_normal_v3
"[롯데카드] 카드 이용한도가 3,000,000원으로 조정됐습니다.",normal,정상카드결제알림,False,synthetic_normal_v3
[하나카드] 해외승인 USD 78.57 맥도날드 10/22,normal,정상카드결제알림,False,synthetic_normal_v3
[비씨카드] 해외승인 USD 89.93 이디야커피 12/03,normal,정상카드결제알림,False,synthetic_normal_v3
"[Web발신] 비씨카드 체크카드 27,600원 출금 CGV 잔액 27,600원",normal,정상카드결제알림,False,synthetic_normal_v3
"[삼성카드] 무이자 할부 안내 - 다이소 78,000원 6개월 무이자 적용됐습니다.",normal,정상카드결제알림,False,synthetic_normal_v3
"[KB국민카드] 이용하신 카드가 정상 승인되었습니다. 금액: 5,500원 가맹점: 쿠팡",normal,정상카드결제알림,False,synthetic_normal_v3
"[Web발신] 현대카드 체크카드 5,500원 출금 올리브영 잔액 61,000원",normal,정상카드결제알림,False,synthetic_normal_v3
"[삼성카드] 이용하신 카드가 정상 승인되었습니다. 금액: 3,200원 가맹점: 맥도날드",normal,정상카드결제알림,False,synthetic_normal_v3
[비씨카드] 해외승인 USD 22.56 맥도날드 01/07,normal,정상카드결제알림,False,synthetic_normal_v3
"[씨티카드] 연회비 27,600원이 청구되었습니다. 이용 내역은 앱에서 확인하세요.",normal,정상카드결제알림,False,synthetic_normal_v3
[롯데카드] 해외승인 USD 54.87 올리브영 08/07,normal,정상카드결제알림,False,synthetic_normal_v3
"[NH농협카드] 자동이체 결제 안내 - 다이소 정기결제 34,500원이 처리됐습니다.",normal,정상카드결제알림,False,synthetic_normal_v3
"안내드립니다. 이마트포인트 5,500원의 사용기한이 12월 22일까지입니다. 기한 경과 시 소멸돼요.",normal,정상포인트소멸알림,False,synthetic_normal_v3
"롯데마트를 이용해주셔서 감사합니다. 적립하신 엘포인트 34,500원이 12월 11일 소진될 예정이니 참고 부탁드립니다.",normal,정상포인트소멸알림,False,synthetic_normal_v3
"[CGV] 회원님의 CGV 적립금 12,500원이 9월 22일 소멸 예정입니다. 사용 내역 확인: https://www.cgv.co.kr/mypoint",normal,정상포인트소멸알림,True,synthetic_normal_v3
"고객님이 보유하신 GS25 GS&POINT(3,200원)은 9월 18일 기준으로 순차 소멸됩니다.",normal,정상포인트소멸알림,False,synthetic_normal_v3
"[SK텔레콤 멤버십] 보유하신 T멤버십 포인트 92,500원, 5월 말 자동 소멸 처리됩니다. 앱에서 확인해보세요.",normal,정상포인트소멸알림,False,synthetic_normal_v3
"[CGV] 유효기간 종료 안내 - CGV 적립금 8,900원이 6월 15일부로 만료됩니다.",normal,정상포인트소멸알림,False,synthetic_normal_v3
"고객님이 보유하신 CGV 적립금(128,000원)은 9월 22일 기준으로 순차 소멸됩니다.",normal,정상포인트소멸알림,False,synthetic_normal_v3
"[SK텔레콤] T멤버십 포인트 61,000원이 곧 만료됩니다. 4월 15일 이전에 사용해주세요.",normal,정상포인트소멸알림,False,synthetic_normal_v3
"[쿠팡] 쿠팡캐시 12,500원이 곧 만료됩니다. 9월 28일 이전에 사용해주세요.",normal,정상포인트소멸알림,False,synthetic_normal_v3
"[대한항공] 회원님의 스카이패스 마일리지 3,200원이 5월 28일 소멸 예정입니다. 사용 내역 확인: https://www.koreanair.com/mypoint",normal,정상포인트소멸알림,True,synthetic_normal_v3
"[배달의민족] 배민포인트 92,500원이 곧 만료됩니다. 10월 22일 이전에 사용해주세요.",normal,정상포인트소멸알림,False,synthetic_normal_v3
"[국민은행] 유효기간 종료 안내 - KB포인트리 23,000원이 2월 15일부로 만료됩니다.",normal,정상포인트소멸알림,False,synthetic_normal_v3
"[이마트] 이마트포인트 34,500원이 곧 만료됩니다. 4월 22일 이전에 사용해주세요.",normal,정상포인트소멸알림,False,synthetic_normal_v3
"[Web발신] 스타벅스 별 안내 - 61,000원이 10월 3일 이후 소멸되니 참고하시기 바랍니다.",normal,정상포인트소멸알림,False,synthetic_normal_v3
"[국민은행] 유효기간 종료 안내 - KB포인트리 128,000원이 11월 7일부로 만료됩니다.",normal,정상포인트소멸알림,False,synthetic_normal_v3
"[SK텔레콤 멤버십] 보유하신 T멤버십 포인트 27,600원, 12월 말 자동 소멸 처리됩니다. 앱에서 확인해보세요.",normal,정상포인트소멸알림,False,synthetic_normal_v3
"[Web발신] 스타벅스 별 안내 - 8,900원이 7월 22일 이후 소멸되니 참고하시기 바랍니다.",normal,정상포인트소멸알림,False,synthetic_normal_v3
"이마트 고객님, 이마트포인트 34,500원의 사용기한이 이번 달까지입니다. 확인 후 사용해주세요. https://www.emart.com/check",normal,정상포인트소멸알림,True,synthetic_normal_v3
"[쿠팡 멤버십] 보유하신 쿠팡캐시 92,500원, 3월 말 자동 소멸 처리됩니다. 앱에서 확인해보세요.",normal,정상포인트소멸알림,False,synthetic_normal_v3
"안내드립니다. GS25 GS&POINT 3,200원의 사용기한이 3월 28일까지입니다. 기한 경과 시 소멸돼요.",normal,정상포인트소멸알림,False,synthetic_normal_v3
"안내드립니다. SK텔레콤 T멤버십 포인트 61,000원의 사용기한이 10월 28일까지입니다. 기한 경과 시 소멸돼요.",normal,정상포인트소멸알림,False,synthetic_normal_v3
"[SK텔레콤] 유효기간 종료 안내 - T멤버십 포인트 8,900원이 9월 11일부로 만료됩니다.",normal,정상포인트소멸알림,False,synthetic_normal_v3
"[신한카드] 회원님의 포인트 128,000원이 12월 7일 소멸 예정입니다. 사용 내역 확인: https://www.shinhancard.com/mypoint",normal,정상포인트소멸알림,True,synthetic_normal_v3
"안내드립니다. CGV 적립금 27,600원의 사용기한이 4월 15일까지입니다. 기한 경과 시 소멸돼요.",normal,정상포인트소멸알림,False,synthetic_normal_v3
"신한카드를 이용해주셔서 감사합니다. 적립하신 포인트 12,500원이 5월 15일 소진될 예정이니 참고 부탁드립니다.",normal,정상포인트소멸알림,False,synthetic_normal_v3
"[교보문고] 유효기간 종료 안내 - 교보 적립금 15,800원이 9월 25일부로 만료됩니다.",normal,정상포인트소멸알림,False,synthetic_normal_v3
"[GS25] 회원님의 GS&POINT 92,500원이 6월 28일 소멸 예정입니다. 사용 내역 확인: https://www.gs25.gsretail.com/mypoint",normal,정상포인트소멸알림,True,synthetic_normal_v3
"[SK텔레콤] 잠자고 있는 T멤버십 포인트 156,000원, 9월 25일 소멸 전 꼭 사용하세요. https://www.tworld.co.kr/use",normal,정상포인트소멸알림,True,synthetic_normal_v3
"안내드립니다. CGV 적립금 45,000원의 사용기한이 3월 3일까지입니다. 기한 경과 시 소멸돼요.",normal,정상포인트소멸알림,False,synthetic_normal_v3
"안내드립니다. 국민은행 KB포인트리 61,000원의 사용기한이 1월 11일까지입니다. 기한 경과 시 소멸돼요.",normal,정상포인트소멸알림,False,synthetic_normal_v3
[롯데택배] 배송지 변경이 완료되었습니다. 변경된 주소로 배송됩니다.,normal,정상택배배송안내,False,synthetic_normal_v3
[쿠팡물류] 부재중 방문했습니다. 재배송 요청은 앱에서 가능합니다. 문의: 1588-2011,normal,정상택배배송안내,False,synthetic_normal_v3
[대신택배] 오늘의 배송 목록에 포함되었습니다. 겨울 이불 상품 배송 예정입니다.,normal,정상택배배송안내,False,synthetic_normal_v3
[홈픽] 배송 완료 안내 - 운동화 문 앞에 놓아드렸습니다.,normal,정상택배배송안내,False,synthetic_normal_v3
[로젠택배] 고객님의 상품이 배송지에 도착했습니다. 수령 확인 부탁드립니다.,normal,정상택배배송안내,False,synthetic_normal_v3
[CJ대한통운] 부재중 방문했습니다. 재배송 요청은 앱에서 가능합니다. 문의: 1588-9318,normal,정상택배배송안내,False,synthetic_normal_v3
[쿠팡물류] 상품이 배송 출발했습니다. 운송장번호: 896910**** 예상도착: 02/28,normal,정상택배배송안내,False,synthetic_normal_v3
[대신택배] 물량 증가로 배송이 하루 지연될 수 있습니다. 양해 부탁드립니다.,normal,정상택배배송안내,False,synthetic_normal_v3
[우체국택배] 해외배송 통관이 완료되었습니다. 국내 배송이 곧 시작됩니다.,normal,정상택배배송안내,False,synthetic_normal_v3
[홈픽] 오늘의 배송 목록에 포함되었습니다. 무선 이어폰 상품 배송 예정입니다.,normal,정상택배배송안내,False,synthetic_normal_v3
[홈픽] 물량 증가로 배송이 하루 지연될 수 있습니다. 양해 부탁드립니다.,normal,정상택배배송안내,False,synthetic_normal_v3
[쿠팡물류] 배송지 변경이 완료되었습니다. 변경된 주소로 배송됩니다.,normal,정상택배배송안내,False,synthetic_normal_v3
[경동택배] 부재중 방문했습니다. 재배송 요청은 앱에서 가능합니다. 문의: 1588-7428,normal,정상택배배송안내,False,synthetic_normal_v3
[쿠팡물류] 담당 배송기사가 변경되었습니다. 배송 조회는 앱에서 가능합니다.,normal,정상택배배송안내,False,synthetic_normal_v3
[Web발신][한진택배] 영양제 상품이 집화 처리됐습니다. 운송장번호: 176672****,normal,정상택배배송안내,False,synthetic_normal_v3
[로젠택배] 반품 접수 안내 - 픽업 예정일: 02/11,normal,정상택배배송안내,False,synthetic_normal_v3
[대신택배] 배송지 변경이 완료되었습니다. 변경된 주소로 배송됩니다.,normal,정상택배배송안내,False,synthetic_normal_v3
[우체국택배] 배송지 변경이 완료되었습니다. 변경된 주소로 배송됩니다.,normal,정상택배배송안내,False,synthetic_normal_v3
[Web발신][쿠팡물류] 겨울 이불 상품이 집화 처리됐습니다. 운송장번호: 517602****,normal,정상택배배송안내,False,synthetic_normal_v3
[쿠팡물류] 택배함(무인락커)에 보관 중입니다. 비밀번호: 4665,normal,정상택배배송안내,False,synthetic_normal_v3
[롯데택배] 상품을 정상적으로 수령하셨나요? 못 받으셨다면 고객센터로 연락주세요.,normal,정상택배배송안내,False,synthetic_normal_v3
[홈픽] 경비실에 보관했습니다. 수령 시 신분 확인 부탁드립니다.,normal,정상택배배송안내,False,synthetic_normal_v3
[대신택배] 상품을 정상적으로 수령하셨나요? 못 받으셨다면 고객센터로 연락주세요.,normal,정상택배배송안내,False,synthetic_normal_v3
[로젠택배] 연휴 기간 배송 지연 안내 - 평소보다 1~2일 늦어질 수 있습니다.,normal,정상택배배송안내,False,synthetic_normal_v3
[대신택배] 오늘 배송 예정입니다. 배송 시간: 19시~21시,normal,정상택배배송안내,False,synthetic_normal_v3
[대신택배] 상품이 배송 출발했습니다. 운송장번호: 454397**** 예상도착: 09/28,normal,정상택배배송안내,False,synthetic_normal_v3
[쿠팡물류] 상품이 배송 출발했습니다. 운송장번호: 503014**** 예상도착: 06/18,normal,정상택배배송안내,False,synthetic_normal_v3
[홈픽] 오늘 배송 예정입니다. 배송 시간: 9시~11시,normal,정상택배배송안내,False,synthetic_normal_v3
[로젠택배] 부재중 방문했습니다. 재배송 요청은 앱에서 가능합니다. 문의: 1588-2377,normal,정상택배배송안내,False,synthetic_normal_v3
[우체국택배] 고객님의 상품이 배송지에 도착했습니다. 수령 확인 부탁드립니다.,normal,정상택배배송안내,False,synthetic_normal_v3
[CJ대한통운] 택배함(무인락커)에 보관 중입니다. 비밀번호: 5430,normal,정상택배배송안내,False,synthetic_normal_v3
[우체국택배] 경비실에 보관했습니다. 수령 시 신분 확인 부탁드립니다.,normal,정상택배배송안내,False,synthetic_normal_v3
[롯데택배] 오늘의 배송 목록에 포함되었습니다. 커피 원두 상품 배송 예정입니다.,normal,정상택배배송안내,False,synthetic_normal_v3
[한진택배] 고객님의 상품이 배송지에 도착했습니다. 수령 확인 부탁드립니다.,normal,정상택배배송안내,False,synthetic_normal_v3
[CJ대한통운] 택배함(무인락커)에 보관 중입니다. 비밀번호: 7968,normal,정상택배배송안내,False,synthetic_normal_v3
[CJ대한통운] 오늘 배송 예정입니다. 배송 시간: 12시~14시,normal,정상택배배송안내,False,synthetic_normal_v3
[Web발신][한진택배] 겨울 이불 상품이 집화 처리됐습니다. 운송장번호: 377296****,normal,정상택배배송안내,False,synthetic_normal_v3
[한진택배] 해외배송 통관이 완료되었습니다. 국내 배송이 곧 시작됩니다.,normal,정상택배배송안내,False,synthetic_normal_v3
[CJ대한통운] 담당 배송기사가 변경되었습니다. 배송 조회는 앱에서 가능합니다.,normal,정상택배배송안내,False,synthetic_normal_v3
[홈픽] 상품을 정상적으로 수령하셨나요? 못 받으셨다면 고객센터로 연락주세요.,normal,정상택배배송안내,False,synthetic_normal_v3
[Web발신][CJ대한통운] 겨울 이불 상품이 집화 처리됐습니다. 운송장번호: 269291****,normal,정상택배배송안내,False,synthetic_normal_v3
[우체국택배] 배송 완료 안내 - 노트북 파우치 문 앞에 놓아드렸습니다.,normal,정상택배배송안내,False,synthetic_normal_v3
[로젠택배] 반품 접수 안내 - 픽업 예정일: 11/18,normal,정상택배배송안내,False,synthetic_normal_v3
[홈픽] 택배함(무인락커)에 보관 중입니다. 비밀번호: 5432,normal,정상택배배송안내,False,synthetic_normal_v3
[대신택배] 상품이 배송 출발했습니다. 운송장번호: 362614**** 예상도착: 01/03,normal,정상택배배송안내,False,synthetic_normal_v3
[CJ대한통운] 물량 증가로 배송이 하루 지연될 수 있습니다. 양해 부탁드립니다.,normal,정상택배배송안내,False,synthetic_normal_v3
[홈픽] 오늘의 배송 목록에 포함되었습니다. 운동화 상품 배송 예정입니다.,normal,정상택배배송안내,False,synthetic_normal_v3
[쿠팡물류] 부재중 방문했습니다. 재배송 요청은 앱에서 가능합니다. 문의: 1588-8080,normal,정상택배배송안내,False,synthetic_normal_v3
[쿠팡물류] 경비실에 보관했습니다. 수령 시 신분 확인 부탁드립니다.,normal,정상택배배송안내,False,synthetic_normal_v3
[홈픽] 반품 접수 안내 - 픽업 예정일: 12/15,normal,정상택배배송안내,False,synthetic_normal_v3
[로젠택배] 담당 배송기사가 변경되었습니다. 배송 조회는 앱에서 가능합니다.,normal,정상택배배송안내,False,synthetic_normal_v3
[로젠택배] 배송지 변경이 완료되었습니다. 변경된 주소로 배송됩니다.,normal,정상택배배송안내,False,synthetic_normal_v3
[경동택배] 연휴 기간 배송 지연 안내 - 평소보다 1~2일 늦어질 수 있습니다.,normal,정상택배배송안내,False,synthetic_normal_v3
[CJ대한통운] 배송지 변경이 완료되었습니다. 변경된 주소로 배송됩니다.,normal,정상택배배송안내,False,synthetic_normal_v3
[CJ대한통운] 오늘 배송 예정입니다. 배송 시간: 18시~20시,normal,정상택배배송안내,False,synthetic_normal_v3
[우체국택배] 상품을 정상적으로 수령하셨나요? 못 받으셨다면 고객센터로 연락주세요.,normal,정상택배배송안내,False,synthetic_normal_v3
[롯데택배] 배송 완료 안내 - 겨울 이불 문 앞에 놓아드렸습니다.,normal,정상택배배송안내,False,synthetic_normal_v3
[경동택배] 반품 접수 안내 - 픽업 예정일: 10/15,normal,정상택배배송안내,False,synthetic_normal_v3
