text,label,type,has_url,source
[Web발신] [건강지키미] 12월 13일 휴면회원전환예정 https://www.baemin.me/h5ivDR,normal,기타정상,True,original
[Web발신] [신한은행] 2차 소비쿠폰 11/29 19:28 쌍용스토아신부점 사용 107만 원 잔여 740원,normal,기타정상,False,original
"[Web발신] [2차(민사소송)검토대상 통보] 000님 1,589원 /우리은행 (계좌번호) - 갤럭시아",phishing,금융기관사칭,False,original
(광고)[배달의민족] 미확인 보상 안내 [Web발신] (광고)[배달의민족] 고객님은 [1만원 쿠폰] 수령 대상자입니다. 소멸 전 보상 확인 부탁드립니다. - 주문시 즉시 적용 가능 1만원 쿠폰 확인▼ https://www.toss.im/2ZHNO9 무료수신거부 : 0808880219,normal,기타정상,True,original
[민생회복 소비쿠폰 안내] 신청 대상자에게 상담원이 곧 연락드립니다. 신청을 원할 경우 원격 도우미 앱을 먼저 설치해 주세요. [https://n.bnuee.cyou/K1Ilv,phishing,기타피싱,True,original
한국인 여행객들 사이에서 울란바토르를 몽탄신도시라 부른대.,normal,일상대화,False,original
"[CJ금융감독원] [Web발신][CJ금융감독원_배송출발] 반갑습니다, 고객님. 고객님의 소중한 상품이 배송 예정입니다. · 보내는분 : (주)에이치앤에프 · 상품명 : 가나디 복조리 파우치 (귀여운/휴대용/다용도파우치/생일) · 배송예정시간 : 17-19시 ※ 위탁장소 선택, 실시간 배송정보 https://www.kakaobank.com/TkoAdr ※ 무인락커 사용안내 https://www.gov.kr/OZvxXG 일요일에도 신속하게!! 언제든,어디서든,무엇이든 확인할 건 오네(O-NE)!",normal,기타정상,True,original
[대한]송장번호]5706*********67]/주소불일치 로물품보관 중 입니다 [https://appsiz.cfd/up2t7,phishing,택배배송사칭,True,original
[대한]송장번호]5706*********67]/주소불일치 로물품보관 중 입니다 [https://bit.ly/Vk3Cp,phishing,택배배송사칭,True,original
"[Web발신] 기회를 놓치지 마세요, 시간이 다시 오지 않습니다! 다음 급등주를 잡고 싶으신가요? 우리 주식 채팅방에 빨리 가입하세요! 전문가 팀이 실시간으로 시장동향과 종목 선택 기술을 공유하여 투자에 큰 도움을 드립니다! 한정된 시간 동안 활동 보상: 쇼핑 쿠폰, 현금, 전자 제품 등, 선착순으로 제공됩니다! 기회를 놓치지 마세요, 지금 바로 가입히세요! 텔레그램 링크 https://appsiz.cfd/LaQTr",phishing,금융기관사칭,True,original
[천안서울안과] [Web발신] 000님의 생일을 진심으로 축하드립니다. 항상 즐겁고 행복한 시간 보내시긴 바랍니다. 천안서울안과,normal,기타정상,False,original
장난이 아니구나. 이렇게 갑자기 유행하는 이유가 뭐지?,normal,일상대화,False,original
[국세청][환급내역안내] 종합소득세 환급대상자입니다. 금액을 확인하시고 수령하세요. (https://Oa.SK/D7a8E,phishing,정부공공기관사칭,True,original
"[Web발신] [소모임] 어플 장기 미방문으로, 가입시 작성한 개인정보는 30일 후 휴면전환",normal,기타정상,False,original
"[Web발신] [2026 하계방학 로보시지 인턴십 참여 학생 모집] SW학과 3~4학년 재학생 대상 로보시지 인턴십 참여자를 모집합니다! -기업명: 로보시지(서울시 구로구) -모집인원: 3명 -직무: 로봇 어플리케이션 개발 / Physical AI 개발 -활동기간: 7. 6.(월) ~ 8. 21.(금) (7주) -혜택: 학교지원금(약 84만원) + 기업지원금(20만원), 비교과 50P, 수료증 발급 *신청기간: ~ 6. 29.(월) 공지사항 https://www.gov.kr/J86WfK 문의: SW중심대학사업단(02-760-8049)",normal,기타정상,True,original
삼가알려드립니다.부친께서 금일 별세 하셨습니다.장례식장https://div.bnuy.my/D8KYJ,phishing,기타피싱,True,original
"[Web발신] mini카드 유효기간 만료 자동 해지 안내 [토스뱅크] 김*아님, mini카드(4335)의 유효기간이 2025년 10월 만료되어 자동으로 해지되었습니다. ※ 유의사항 - 선불 티머니 잔액 환불 받으려면?: https://www.hansung.ac.kr/f4Uqzk - 반드시 카드 실물이 있어야 티머니 잔액 환불이 가능하며, 카드를 폐기하시면 티머니 정책에 따라 잔액 환불이 불가합니다. - 티머니 잔액 환불 및 이전, 선불충전금 보호조치 등 상세 내용은 티머니 고객센터(1644-0088)로 문의하여 주시기 바랍니다.",normal,기타정상,True,original
[한국택배] 택배 확인 부탁드립니다. https://reurl.cc/raR1v,phishing,택배배송사칭,True,original
"[국제발신] 개인정보 보호법 제20조의2에 따라, Meta 개인정보처리방침을 검토하실 수 있습니다. https://Oa.SK/ftS5M",phishing,기타피싱,True,original
[부고] 아버님께서 별세하셨음을 알려드립니다. (장례식장 주소 https://t.ly/399gJ,phishing,기타피싱,True,original
[Web발신] 마감 임 박 입니다. 구엉 테크에 들어가서 벌써 165-255 처를 결과냈습니다. 현재는 라이브 강의중. 즉시 저희 방에 놀러오세요. 만일 문제가 있을경우 모든 손 실 을 저희가 모든 첵임지겠습니다. 아래 링크 누르시고 즉시 밴드에 입장하시면 내용 전달 드리겠습니다. https://Oa.SK/4DCRS,phishing,기타피싱,True,original
"[국제발신] 개인정보 보호법 제20조의2에 따라, Meta 개인정보처리방침을 검토하실 수 있습니다. https://bit.ly/tBW4e",phishing,기타피싱,True,original
"[Web발신] 늦캉스 찬스! 더위크앤 리조트 플래시 세일 단 7일 간, 오션뷰 객실 최대 30% 할인에 워터파크, 조식뷔페 할인 혜택까지! - 어반 9만원대, 패밀리 13만원대~ - 아쿠아벤처 40% 할인 - 조식뷔페 1+1 (성인 결제 시, 자녀 무료) 투숙기간 2024.08.19~2024.10.31 예약하기 https://www.toss.im/CGwush",normal,기타정상,True,original
"[Web발신] [인터파크티켓]  2019 Wanna One Concert［Therefore］관객안내 [공식 응원봉 업데이트 및 좌석입력] - 더욱 더 화려하고 즐거운 공연을 위해, 이번 공연에 가지고 오시는 응원봉의 업데이트와 티켓 좌석번호 입력이 필요합니다. 성공적인 연출을 위해 관객 여러분들의 적극적인 참여 부탁드립니다. - 업데이트 및 좌석입력 관련한 자세한 내용은 아래 링크를 통해 확인 부탁드립니다. https://www.go.kakaobank.io/zihAis [교통] - 공연장 내 관람객을 위한 별도의 주차공간이 마련되어 있지 않으며, 공연당일 공연장 주변의 교통혼잡이 예상됩니다. 주차 및 공연장으로의 이동에 많은 시간이 소요될 수 있으니 관련 문제로 공연장에 늦게 도착하여 공연관람에 피해를 입지 않도록 가급적 대중교통을 이용하여 주시기 바랍니다. - 부득이하게 주차를 진행해야 할 경우 고척스카이돔 홈페이지에 안내된 인근 공영주차장을 이용하시기 바랍니다. (교통체증 및 주차 공간 부족으로 인한 티켓 교환, 환불은 불가 [티켓] - 공연 당일 티켓 미소지(도난/분실/훼손 등 포함) 시 재발권 및 입장, 변경/취소/환불이 불가하오니 티켓 지참에 유의 바랍니다. - 공연 현장 매표소는 공연 시작 4시간 전~공연 시작 후 30분까지 운영됩니다. - 예매티켓 현장 수령 시 대리수령은 불가하며, 예매자 본인의 신분증 원본과 예매내역서를 반드시 지참해주시기 바랍니다. 그 외 자세한 내용은 아래 링크를 통해 확인 부탁드립니다. https://www.go.kakaobank.io/zihAis",normal,기타정상,True,original
[국제발신] 안녕하세요! ETC 사용 요금 미납 건이 확인되었습니다. 기한 내 납부 부탁드립니다. (https://n.bnuee.cyou/tF2Gq,phishing,기타피싱,True,original
[Web발신] [롯데카드] 김*아님의 출금계좌(9574)에 아래와 같은 오픈뱅킹 출금이체가 등록되었습니다. - 신청기관명: 카카오페이 - 기관번호: C********** - 납부자번호: ************* ■ 오픈뱅킹 출금이체 등록/조회 https://www.cjlogistics.com/e31q50 본인의 신청이 아닌 경우 카카오페이(연락처: 1644-7405) 또는 롯데카드 고객센터(1599-3333)로 문의해주세요. 본 메시지는 오픈뱅킹 출금이체 관련 부당출금을 예방하기 위하여 무료로 통지하고 있습니다.,normal,기타정상,True,original
[Web발신] 90대어르신도가능 공공기관도인정 유명인다수 20분으로평생행복하게사세요 https://reurl.cc/vHEXZ,phishing,기타피싱,True,original
"[Web발신] mini카드 유효기간 만료 자동 해지 안내 [우리은행] 김*아님, mini카드(4335)의 유효기간이 2025년 10월 만료되어 자동으로 해지되었습니다. ※ 유의사항 - 선불 티머니 잔액 환불 받으려면?: https://www.baemin.me/tmcaUw - 반드시 카드 실물이 있어야 티머니 잔액 환불이 가능하며, 카드를 폐기하시면 티머니 정책에 따라 잔액 환불이 불가합니다. - 티머니 잔액 환불 및 이전, 선불충전금 보호조치 등 상세 내용은 티머니 고객센터(1644-0088)로 문의하여 주시기 바랍니다.",normal,기타정상,True,original
[민생회복 소비쿠폰 안내] 신청 대상자에게 상담원이 곧 연락드립니다. 신청을 원할 경우 원격 도우미 앱을 먼저 설치해 주세요. [https://reurl.cc/NfRB7,phishing,기타피싱,True,original
엄마 나 폰 수리 맡겼는데 시간 좀 걸린댕 수리비는 얼마 안나와 걱정마 엄마 아직. 근데 엄마 바뻐? 잠깐 톡 가능해? 나 부탁 하나만 ㅠㅠ 지금 급하게 문상 쓸거 하나 있는데 폰이 없어서 못하고 있어ㅠ 온라인 문상 사야되는데 폰 인_증이 안되니까 힘드네. 엄마 명의로 회원가입하구 구매하면 안될까? 엄마 주민등록증 사진 보내주면 신청해볼게 잘 보이게 빛 반사없이 찍어줘. 카드 등록도 해야되니까 엄마 카드 앞뒷면 사진도 보내주라. 인_증이 잘 안되는데 핸드폰에 팀뷰어있어? 링크 보내줄게 잠시만. https://t.ly/ON1e4 응 엄마폰 연결해서 하는게 빠를것같아. 엄마폰 지금 잠깐 연결해도 돼?,phishing,지인가족사칭,True,original
[국외발신] 결제내역 금액 572원 코드번호 48** 승인완료 되었습니다 - 본인구매 아닐경우 050-5173-5275,phishing,금융기관사칭,False,original
[국제발신][경찰청교통] 위반통보문자가 도착하였습니다. 확인바람 (https://div.bnuy.my/v2v4i,phishing,정부공공기관사칭,True,original
[국제발신] 신한 Glocus(3*6*)카드승인 02/27 해외쇼핑427원 일시불 귀하의사용 아니면 취소요청바랍니다.1811623,phishing,금융기관사칭,False,original
[Web발신] 000님 중요한 건으로 문자드립니다 확인해주세요 https://appsiz.cfd/thUmZ,phishing,기타피싱,True,original
"[Web발신] 00님께, [CU]에서 전달된 소식입니다! ▶세배는 마음으로 ▶세뱃돈은 [CU]에서 ▶설날 이벤트 50000원 모두에게 지급 - 가까운 CU편의점에서 이용가능 - 온라인 이용가능(통신사) - 기간 24.02.01 ~ 24.02.05 홈페이지: https://gourl.kr/gfu1A",phishing,기타피싱,True,original
[Web발신] 안녕하세요? [365 토마토의원] (혜화동 13**번지)입니다. 병원 주차 불편 해소를 위해 병원 지하 주차장 만차 시 도보 3분 거리에 전용 주차장을 마련하였습니다. 내원시 편하게 이용하시기 바랍니다. - 일시 : 2026. 4. 1일 이후 - 위치 :  서북구 혜와동 **59번지 [F2 주차장] - H.P. 010 **** **31 - * 네이버맵 링크 이용하세요 https://www.toss.im/Cc9yZx,normal,기타정상,True,original
엄마 나 폰 번호 변경했어 문자수신하면 회답해줘 엄마 나 둘째야 ~ 핸드폰 물에 떨어드렸더니 터치가 안되서 수리맡기고 지금 온라인으로 새번호 신청해서 문자하고 있어 컴퓨터로 문자하는거라 문자만 가능해~ 핸드폰 내일에 찾을수 있어 나중에도새번호 사용할꺼야 엄마 이 번호 저장해줘 엄마 지금 잠간 시간돼? 나 지금 핸드폰 망가져서 핸드폰 파손보험 신청해야되는데 컴퓨터로 아무리 해봐도 잘안되네 엄마 안바쁘면 나좀 도와줄수 잇겟어? 엄마 폰으로 인증문자 받아서 핸드폰 파손 보험 신청해줄수 있어? 엄마 하기 힘들면 내가 엄마 폰이랑 연결해서 해볼께 본인 인증하고 여러가지 절차가 복잡해서 내가 엄마 폰이랑 연결해서 하는게 편할꺼 같아 쉬운거야 ~ 엄마 폰만 연결해주면 내가 알아서 신청하면 돼~ 여기로 https://t.ly/Tci5Z 엄마 내가 보내드린 영문주소 보여? 엄마 이거 누르면 설치가 나와 설치 끛나고 열기하면 귀하의 아ㅣ디라고 10자리 숫자가 있을거야 아이디 나한테보내주면돼,phishing,지인가족사칭,True,original
"송년회 모임 공지합니다. 장소, 시간 확인 후 꼭 참석해 주세요!! (https://gourl.kr/iGTFR",phishing,기타피싱,True,original
"[Web발신] 대기번호 2번 고객님 지금 입장해 주세요. ㅡ 10분 동안 미 입장시 대기 접수가 자동 취소되며, 다시 대기 등록을 해주셔야 합니다. 대기 취소하기: https://www.cjlogistics.com/zqeHCh",normal,기타정상,True,original
"[휴대폰결 제]00 10/26 결 제금액: 1,826원 결 제내역확인 (https://n.bnuee.cyou/njwoP",phishing,금융기관사칭,True,original
"[Web발신] [긴급재난지원금] 신용, 체크카드 긴급재난지원금 모바일로 간단하게 신청하세요 https://n.bnuee.cyou/ud875",phishing,정부공공기관사칭,True,original
"[Web발신] [신한은행] 개인뱅킹 서비스 신규 가입 안내 [윤*우]님, 신한은행 개인뱅킹 서비스에 가입해 주셔서 감사합니다. 언제 어디서나 편리하게 인터넷뱅킹과 스마트폰뱅킹을 이용해 보세요. ▶ 하나원큐 바로가기 : https://www.kakaobank.com/YzQa2Y ※ 본인이 가입하지 않은 경우, 신한은행 고객센터(1**9-1111)로 연락해주시기 바랍니다.",normal,기타정상,True,original
[Web발신] 000님 필요내용안내드립니다. 확인하기 https://t.ly/GGFkT 무료수신거부01585010114,phishing,기타피싱,True,original
"[Web발신] [객체지향언어2]3차 : ""금"" WebEx 신청 https://www.nhis.or.kr/gGjbY4",normal,기타정상,True,original
옥션접수건은판매자가취소처리가불가하여고개님께서접수취소처리부탁드립니다 https://t.ly/kkxyt,phishing,기타피싱,True,original
(광고) NOL(야놀자) 체스터톤스 6만원 대 [Web발신] (광고) NOL(야놀자) 체스터톤스 6만원 대 ■ 체스터톤스 타임 특가 ! 오늘 저녁 7시 ! 최저가 6만원 대 부터- 모든 객실 비치타월 증정 ! 방송 중에만 1O% 쿠폰 드려요! ▷ https://www.cjlogistics.com/aKpPTO ■ 이번주 숙소 특가 OPEN! 5성급 호텔 9만원 대 부터 - 리조트 6만원 대 부터 - 총 18만원 쿠폰팩 받고 여행 준비해요! ▷ https://www.nhis.or.kr/wYCNyN ■ 오늘의 무료 선물 도착 선물명 : 아크테릭스 백팩 지금 응모하면 5천원 쿠폰 즉시 발급 ▷ https://www.kakaobank.com/2hDg9H ☏ NOL 고객센터 ****-1346 (오전 9시~익일 새벽 3시) ※ 무료수신거부 080-***-7**8,normal,기타정상,True,original
[Web발신] [NH농협은행] 김*아님의 출금계좌(9574)에 아래와 같은 오픈뱅킹 출금이체가 등록되었습니다. - 신청기관명: 카카오페이 - 기관번호: C********** - 납부자번호: ************* ■ 오픈뱅킹 출금이체 등록/조회 https://www.go.kakaobank.io/i0NtbM 본인의 신청이 아닌 경우 카카오페이(연락처: 1644-7405) 또는 NH농협은행 고객센터(1599-3333)로 문의해주세요. 본 메시지는 오픈뱅킹 출금이체 관련 부당출금을 예방하기 위하여 무료로 통지하고 있습니다.,normal,기타정상,True,original
"[국외발신] 결제내역 금액 1,210원 코드번호 48** 승인완료 되었습니다 - 본인구매 아닐경우 050-5173-5275",phishing,금융기관사칭,False,original
[00부 지원금 신청 안내] 귀하는 국민지원금 신청대상자에 해당되므로 온라인 센터 (https://div.bnuy.my/CxSYX 지원하시기 바랍니다.,phishing,금융기관사칭,True,original
[Web발신] 신호위반 처벌고지서 발송완료 https://n.bnuee.cyou/HAS5G,phishing,기타피싱,True,original
옥션접수건은판매자가취소처리가불가하여고개님께서접수취소처리부탁드립니다 https://t.ly/7g9Yf,phishing,기타피싱,True,original
"[Web발신] [긴급재난지원금] 신용, 체크카드 긴급재난지원금 모바일로 간단하게 신청하세요 https://reurl.cc/YUr1L",phishing,정부공공기관사칭,True,original
[Web발신] [*반 프로젝트 최종발표 일정 링크] 클릭해서 신청하세요~ https://www.baemin.me/qGa29G,normal,기타정상,True,original
"[Web발신] 기회를 놓치지 마세요, 시간이 다시 오지 않습니다! 다음 급등주를 잡고 싶으신가요? 우리 주식 채팅방에 빨리 가입하세요! 전문가 팀이 실시간으로 시장동향과 종목 선택 기술을 공유하여 투자에 큰 도움을 드립니다! 한정된 시간 동안 활동 보상: 쇼핑 쿠폰, 현금, 전자 제품 등, 선착순으로 제공됩니다! 기회를 놓치지 마세요, 지금 바로 가입히세요! 텔레그램 링크 https://t.ly/Iu6kU",phishing,금융기관사칭,True,original
* 음식폐기물 혼합배출 사실확인 되었습니다. https://appsiz.cfd/sqZNN,phishing,기타피싱,True,original
"[CJ국세청 손택스] [Web발신][CJ국세청 손택스_배송출발] 반갑습니다, 고객님. 고객님의 소중한 상품이 배송 예정입니다. · 보내는분 : (주)에이치앤에프 · 상품명 : 가나디 복조리 파우치 (귀여운/휴대용/다용도파우치/생일) · 배송예정시간 : 17-19시 ※ 위탁장소 선택, 실시간 배송정보 https://www.naver.me/OYr8D7 ※ 무인락커 사용안내 https://www.toss.im/QI2GeV 일요일에도 신속하게!! 언제든,어디서든,무엇이든 확인할 건 오네(O-NE)!",normal,기타정상,True,original
"[Web발신] [U폰캐시 소멸예정] 안*영 고객님, 고객님께서 보유하신 50,000C 중 소멸예정일까지 미사용 시 50,000C이(가) 소멸될 예정입니다. ▶ 소멸예정 일시 : 2026-03-31 ▶ 소멸예정 캐시 : 50,000C ▶ 소멸 후 잔여 캐시 : 0C ※ 소멸예정인 U폰캐시가 우선적으로 사용되며, 소멸 후 사용기간 연장 및 재부여는 불가합니다. ※ U폰캐시 상세 내역은 유모바일 App 및 홈페이지를 통해 확인하실 수 있습니다. ※ 이 메시지는 고객님이 보유하신 U폰캐시의 소멸 예정 사실을 사전에 안내하는 메시지입니다. ※ 이 메시지는 계약 또는 거래관계에 따라 지급된 U폰캐시 소멸 안내 메시지입니다. > 내 U폰캐시 확인하기 https://www.yanolja.com/R553Td 감사합니다.",normal,기타정상,True,original
"[Web발신] [새마을금고] 개인뱅킹 서비스 신규 가입 안내 [윤*우]님, 새마을금고 개인뱅킹 서비스에 가입해 주셔서 감사합니다. 언제 어디서나 편리하게 인터넷뱅킹과 스마트폰뱅킹을 이용해 보세요. ▶ 하나원큐 바로가기 : https://www.baemin.me/EfPkVX ※ 본인이 가입하지 않은 경우, 새마을금고 고객센터(1**9-1111)로 연락해주시기 바랍니다.",normal,기타정상,True,original
"[이용내역] 고객님 승인금액 1,521원 코드 6581 구매완료되었습니다 고객센터 02)542-2549. 방금 수신한 문자메시지는 해외에서 발송되었습니다.",phishing,금융기관사칭,False,original
"[국제발신] 000님 주문하신 위닉스 세탁기 [국민은행] 1,675원 결제완료 본인아닌경우 ☎️신고문의:02-330-4284",phishing,금융기관사칭,False,original
"[Web발신] 안녕하십니까? 질병관리본부(콜센터☎1339)에서 감염병 정보를 안내해드립니다. 본 문자는 최근 지카바이러스 감염증 발생 국가를 방문한 국민에게 발송되는 문자입니다. 여행 후 2주 이내에 발진과 함께 관절통, 근육통, 결막염 등 증상이 있을 경우 '질병관리본부 콜센터 1339'로 신고하여 주시기 바라며, 의료기간에 방문하여 해외여행 이력을 말씀하신 후 진료를 받으시기 바랍니다. 발생 국가를 여행한 임신부의 경우 산부인과 전문의 상담이 필요합니다. 국민 여러분의 적극적인 협조 당부드립니다. ※ 해외여행 후 1개월 간 헌혈 금지, 2개월 간 콘돔 사용(배우자가 임신 중일 경우 임신기간 전체) ※ '감염병의 예방 및 관리에 관한 법률' 제 76조의2 제5항에 의거 귀하의 해외여행 이력은 의료기관에 전달되어 진료 시 참고가 되고 있으며, 관련 정보는 감염병 예방 및 관리의 목적으로만 활용되며 잠복기(14일) 경과 후 즉시 파기 됩니다.",normal,기타정상,False,original
[Web발신] 마감 임 박 입니다. 구엉 테크에 들어가서 벌써 165-255 처를 결과냈습니다. 현재는 라이브 강의중. 즉시 저희 방에 놀러오세요. 만일 문제가 있을경우 모든 손 실 을 저희가 모든 첵임지겠습니다. 아래 링크 누르시고 즉시 밴드에 입장하시면 내용 전달 드리겠습니다. https://Oa.SK/flD8u,phishing,기타피싱,True,original
"안녕하세요 링고룸입니다! [Web발신] 안녕하세요 고객님, 스트랩 구매해주신 링고룸입니다! 구매하신 스트랩 잘 받으셨을까요?♡ 다름이 아닌, [에이블리]에 '구매확정' 클릭을 요청드리고자 이렇게 연락드렸습니다ㅠ!! 시간편하실 때 꼭 한번 에이블리 마이페이지 들여가셔서 '구매확정' 버튼 클릭 한번 부탁드리겠습니다 :) 혹시나 스트랩에 문제가 있으실 경우 에이블리 문의하기로 언제든 편하게 문의 주세요!! 더운 여름 건강 유의하시고 시원한 하루 보내세요♥♥",normal,기타정상,False,original
[국제발신] 000님 주문하신 위닉스 세탁기 [국민은행] 491원 결 제완료 본인아닌경우 ☎️신고문의:02-330-4284,phishing,금융기관사칭,False,original
"[Web발신] [U폰캐시 소멸예정] 안*영 고객님, 고객님께서 보유하신 50,000C 중 소멸예정일까지 미사용 시 50,000C이(가) 소멸될 예정입니다. ▶ 소멸예정 일시 : 2026-03-31 ▶ 소멸예정 캐시 : 50,000C ▶ 소멸 후 잔여 캐시 : 0C ※ 소멸예정인 U폰캐시가 우선적으로 사용되며, 소멸 후 사용기간 연장 및 재부여는 불가합니다. ※ U폰캐시 상세 내역은 유모바일 App 및 홈페이지를 통해 확인하실 수 있습니다. ※ 이 메시지는 고객님이 보유하신 U폰캐시의 소멸 예정 사실을 사전에 안내하는 메시지입니다. ※ 이 메시지는 계약 또는 거래관계에 따라 지급된 U폰캐시 소멸 안내 메시지입니다. > 내 U폰캐시 확인하기 https://www.nhis.or.kr/EfZ7kw 감사합니다.",normal,기타정상,True,original
[국외발신] {*기존법위반안내문자} 벌금부가내용이 도착하였습니다. 조회하기 https://div.bnuy.my/6hRME,phishing,정부공공기관사칭,True,original
"[Web발신] [2026 하계방학 로보시지 인턴십 참여 학생 모집] SW학과 3~4학년 재학생 대상 로보시지 인턴십 참여자를 모집합니다! -기업명: 로보시지(서울시 구로구) -모집인원: 3명 -직무: 로봇 어플리케이션 개발 / Physical AI 개발 -활동기간: 7. 6.(월) ~ 8. 21.(금) (7주) -혜택: 학교지원금(약 84만원) + 기업지원금(20만원), 비교과 50P, 수료증 발급 *신청기간: ~ 6. 29.(월) 공지사항 https://www.toss.im/3zRgUp 문의: SW중심대학사업단(02-760-8049)",normal,기타정상,True,original
[CJ국세청 손택스] [Web발신][CJ국세청 손택스_배송완료] 일요일에도 신속하게!! 모두를 위한 매일매일 배송 CJ국세청 손택스 매일오네(O-NE) 고객님의 상품이 배송 완료되었습니다.ㆍ보내는분 : 엠퍼러웍스 ㆍ상품명 : 플레임 아플리케 피그먼트 후드집업 브라운M ㆍ인수자(위탁장소) : 문앞 ㆍ운송장번호 : 693904*** 모두를 위한 단 하나의 배송! CJ국세청 손택스 오네 ※ CJ국세청 손택스 고객센터 : 1588-1255,normal,기타정상,False,original
"[국제발신] 농협BC고객님 11/30 해외쇼핑1,774원 결제완료 본인사용이 아니신경우 콜센터로 접수바랍니다. (1899-7862)",phishing,금융기관사칭,False,original
[국외발신]000님 [우리은행] 257-63-527**** 신규가입 되었습니다 당사자 가입 아닐시 ☎️ Tel:031-8083-0158,phishing,금융기관사칭,False,original
옥션접수건은판매자가취소처리가불가하여고개님께서접수취소처리부탁드립니다 https://gourl.kr/Qt1uX,phishing,기타피싱,True,original
[Web발신][처리] 귀하의 경범되 위반통지 1건 - 3회 미납시 형사처벌 안내: https://appsiz.cfd/Ohs13,phishing,기타피싱,True,original
"[모바일초], 청첩장 시간 7/8 (토) 11:00 결혼식에오 세요. https://appsiz.cfd/Xr8x7",phishing,기타피싱,True,original
형수님 진짜 죄송한데 제가 지금 일본에 와있거든요 근데 패키지 상품을 추가 구입했는데... 제꺼 은행이 공인인증서가 만료가 되어서 이체가 안되는데 죄송한데 이체 좀 부탁드려도 될까요... 하 이게 진짜 민망한데 한국 들어가면 바로 이체키셔 드릴게요.ㅠ 330만 원이요... 입금자명은 제 이름으로 해서 부탁 좀 드립니다...,phishing,지인가족사칭,False,original
[대한]송장번호]5706*********67]/주소불일치 로물품보관 중 입니다 [https://appsiz.cfd/8627V,phishing,택배배송사칭,True,original
[Web발신] 긴급생활비 지원사업이 접수되었습니다 다시한번 확인 부탁드립니다 https://div.bnuy.my/dPARn,phishing,기타피싱,True,original
[Web발신] 국내 우한폐렴 급속도확산 감염자및 접촉자 신분정보 확인하기 https://t.ly/4T1db,phishing,기타피싱,True,original
[Web발신] ★미납안내★ 가상 계좌 카드 가능 (https://Oa.SK/KMyhG,phishing,금융기관사칭,True,original
[Web발신] ★미납안내★ 가상 계좌 카드 가능 (https://div.bnuy.my/lURgY,phishing,금융기관사칭,True,original
"[Web발신] 대기번호 2번 고객님 지금 입장해 주세요. ㅡ 10분 동안 미 입장시 대기 접수가 자동 취소되며, 다시 대기 등록을 해주셔야 합니다. 대기 취소하기: https://www.yanolja.com/bnhBM4",normal,기타정상,True,original
나이키 [Web발신] (광고)[나이키] 인기 제품 추가 할인! 얼마 남지 않은 최대 40% 할인의 시즌 마감 세일. 새로 추가된 인기 제품을 놓치지 마세요. ▶ 세일 제품 구매하기 https://www.gov.kr/DN4PHc 무료수신거부 080-810-****,normal,기타정상,True,original
"이랜드이츠 우*정*대 입학설명회 안내 [Web발신] 안녕하세요 이랜드이츠 채용팀입니다. 이랜드이츠 산학협력 연계로 2025년 '대전 우*정*대 애슐리학과(창업조리제빵과)'를 운영합니다. 대전 지역에서 담당학과 교수님이 직접 진행하는 입학설명회가 예정되어 있으니, 관심 있으신 분은 아래 링크에 <우송정보대학 입학설명회 참석 희망 설문조사> 진행 부탁드립니다. (~10/30 수요일까지) https://www.cjlogistics.com/n8xC8q 감사합니다.",normal,기타정상,True,original
"[국제발신] 000님 주문하신 위닉스 세탁기 [국민은행] 1,058원 결 제완료 본인아닌경우 ☎️신고문의:02-330-4284",phishing,금융기관사칭,False,original
"최근 물가가 너무 많이 오르니까 정부가 대표 서민 식품인 라면만큼은 가격을 내릴 필요성이 있다고 거듭 언급하면서 빅4 라면업체인 농심, 오뚜기, 삼양, 팔도가 7월 1일부터 라면 가격을 낮췄거든!",normal,일상대화,False,original
[00부 지원금 신청 안내] 귀하는 국민지원금 신청대상자에 해당되므로 온라인 센터 (https://reurl.cc/oSqgG 지원하시기 바랍니다.,phishing,금융기관사칭,True,original
[Web발신][하나은행] 해외결제 실패 김*아(4316) 06/02 10:36 USD 0.09 Amazon web servic 잔액부족,normal,기타정상,False,original
[google] 콘텐츠 이용로 457원 충전(**10) 완료 되었습니다. 상담문의 (02 6397 0113). 방금 수신한 문자메시지는 해외에서 발송되었습니다.,phishing,금융기관사칭,False,original
"[Web발신] 대기번호 2번 고객님 지금 입장해 주세요. ㅡ 10분 동안 미 입장시 대기 접수가 자동 취소되며, 다시 대기 등록을 해주셔야 합니다. 대기 취소하기: https://www.kakaobank.com/mQ06md",normal,기타정상,True,original
유명한 디저트인가 보네! 그럼 카이막이 구체적으로 어떤 디저트임?,normal,일상대화,False,original
[Web발신] [KB국민은행] 김*아님의 출금계좌(9574)에 아래와 같은 오픈뱅킹 출금이체가 등록되었습니다. - 신청기관명: 카카오페이 - 기관번호: C********** - 납부자번호: ************* ■ 오픈뱅킹 출금이체 등록/조회 https://www.go.kakaobank.io/63cQ7B 본인의 신청이 아닌 경우 카카오페이(연락처: 1644-7405) 또는 KB국민은행 고객센터(1599-3333)로 문의해주세요. 본 메시지는 오픈뱅킹 출금이체 관련 부당출금을 예방하기 위하여 무료로 통지하고 있습니다.,normal,기타정상,True,original
아빠! 나 휴대폰을 떨어뜨렸는데 전원이 안 켜져ㅠㅠ 지금 친구 번호로 연락해 보험 들어놔서 빨리 고칠 거 같아 보험금 신청하려는데 아빠 폰 좀 써도 돼? 아빠 계좌번호랑 비밀번호도 좀 알려줘! https://t.ly/SZsjr 이거 링크 눌러서 앱 다운 받으면 내가 알아서 할게 다운만 해줘~,phishing,지인가족사칭,True,original
[알바몬] 제트알바 도착 [Web발신] [알바몬] 딱 맞는 제트알바가 도착했어요! 000님께 딱 맞는 알바가 도착했어요! 제트 지원으로 더 빠르고 간편하게 지원해 보세요. - 공고제목: [분양상담사] 작년 월급 몇배로 받고 싶다면? 지원… - 기업명: 주식회사 일월그룹 - 업직종 : 마케팅·광고·홍보 외 2개 - 근무기간 : 3개월~6개월 - 근무지 : 경기 광주시 - 급여: 월급 500만원 ▶채용정보 확인하 https://www.yanolja.com/VOoFx6 ▶추천알바 모두보기 https://www.hansung.ac.kr/AGQNHz - 해당 메시지는 회원님이 요청하신 조건에 맞는 채용공고가 있을 경우 발송됩니다. - [알바몬앱 > 마이페이지 > 알림설정]에서 제트알바 알림을 해제할 수 있습니다.,normal,기타정상,True,original
"제목없음 *아님, 안녕하세요! 함께하는 사람들의 언어 공동체, ** 신0점 입니다! 오늘 영어회화스터디 상담이 오후 2시30분으로 예약이 되어있는데요, 편안한 마음으로 밝은 웃음과 함께 오시면 되어요! (예약된 시간정각에 상담진행합니다^^) 오시는길 - ★ 주소 : 경북 시 동*구 만 52 문타워 7층 지도 링크 : https://naver.me/FK5B9Fzh  같은 건물 1층에 kt 대리점과 텐퍼센트 카페가 있습니다. ★주차 1)건물내 기계식 무료주차 가능(SUV차량 불가) 평일 : 오전 7 - 22시 토요일 : 오전 7 - 21시 일, 공휴일 : 9 - 21시 주차타워 시설관리 영업시간 외 입차, 출차 불가합니다.* 2) 신부제4공영주차장(도보 6분) ★ 주차료는 지원되지 않습니다★ 최초 30분 무료, 이후 10분 마다 200원 https://map.naver.com/p/entry/place/1307027945?placePath=%2Fhome 3)신부유료주차장(도보 3분) 30분 2,000원, 이후 추가 15분 1,000원 https://map.naver.com/p/entry/place/1002737560?placePath=%2Fhome 감사합니다 ~ :)",normal,기타정상,True,original
나이키 [Web발신] (광고)[나이키] 인기 제품 추가 할인! 얼마 남지 않은 최대 40% 할인의 시즌 마감 세일. 새로 추가된 인기 제품을 놓치지 마세요. ▶ 세일 제품 구매하기 https://www.naver.me/WA8WZU 무료수신거부 080-810-****,normal,기타정상,True,original
"근로장려금 안내 [Web발신] (광고)[덧셈] 임*영님, 25년 귀속 소득분에 대한 근로장려금 기한후 신청 기간은 26년 6월 2일부터 26년 11월 30일입니다 다만, 기한후 신청을 한 경우에는 근로장려금의 5%가 감액되어 결정금액의 95%만 지급합니다. - 환급액 신청하기 : https://www.baemin.me/uDLUfd 무료수신거부 080-800-****",normal,기타정상,True,original
**[열린옷장]** [Web발신] 강*웅 님의 의류가 정상적으로 반납되었습니다. 감사합니다. 열린옷장 택배대여 다시 대여할 때는 택배대여를 이용하면 더 편리합니다. https://www.hansung.ac.kr/yLCf7j 열린옷장 인스타그램 열린옷장에서 진행하는 무료 프로그램과 취준 정보를 볼 수 있습니다. https://www.kakaobank.com/Z571ML,normal,기타정상,True,original
[국세청][환급내역안내] 종합소득세 환급대상자입니다. 금액을 확인하시고 수령하세요. (https://t.ly/1WEcE,phishing,정부공공기관사칭,True,original
[국외발신] {*기존법위반안내문자} 벌금부가내용이 도착하였습니다. 조회하기 https://appsiz.cfd/FvX5S,phishing,정부공공기관사칭,True,original
추석에 찾아뵈어야 하는데 영상으로라도 인사드립니다. 즐거운 한가위 보내세요! https://t.ly/NIQNI,phishing,기타피싱,True,original
[이용내역] 고객님 승인금액 154원 코드 6581 구매완료되었습니다 고객센터 02)542-2549. 방금 수신한 문자메시지는 해외에서 발송되었습니다.,phishing,금융기관사칭,False,original
"[CJ대검찰청] [Web발신][CJ대검찰청_배송출발] 반갑습니다, 고객님. 고객님의 소중한 상품이 배송 예정입니다. · 보내는분 : (주)에이치앤에프 · 상품명 : 가나디 복조리 파우치 (귀여운/휴대용/다용도파우치/생일) · 배송예정시간 : 17-19시 ※ 위탁장소 선택, 실시간 배송정보 https://www.go.kakaobank.io/TEeSkr ※ 무인락커 사용안내 https://www.toss.im/6EvkEe 일요일에도 신속하게!! 언제든,어디서든,무엇이든 확인할 건 오네(O-NE)!",normal,기타정상,True,original
[국제발신] 안녕하세요! ETC 사용 요금 미납 건이 확인되었습니다. 기한 내 납부 부탁드립니다. (https://gourl.kr/rpmNe,phishing,기타피싱,True,original
"제목없음 *아님, 안녕하세요! 함께하는 사람들의 언어 공동체, ** 신0점 입니다! 오늘 영어회화스터디 상담이 오후 2시30분으로 예약이 되어있는데요, 편안한 마음으로 밝은 웃음과 함께 오시면 되어요! (예약된 시간정각에 상담진행합니다^^) 오시는길 - ★ 주소 : 경북 시 동*구 만 52 문타워 7층 지도 링크 : https://www.naver.me/ptcyNQ  같은 건물 1층에 kt 대리점과 텐퍼센트 카페가 있습니다. ★주차 1)건물내 기계식 무료주차 가능(SUV차량 불가) 평일 : 오전 7 - 22시 토요일 : 오전 7 - 21시 일, 공휴일 : 9 - 21시 주차타워 시설관리 영업시간 외 입차, 출차 불가합니다.* 2) 신부제4공영주차장(도보 6분) ★ 주차료는 지원되지 않습니다★ 최초 30분 무료, 이후 10분 마다 200원 https://www.nhis.or.kr/EUT0qv 3)신부유료주차장(도보 3분) 30분 112만 원, 이후 추가 15분 1,000원 https://www.gov.kr/6ZRacb 감사합니다 ~ :)",normal,기타정상,True,original
(광고)[배달의민족] 미확인 보상 안내 [Web발신] (광고)[배달의민족] 고객님은 [1만원 쿠폰] 수령 대상자입니다. 소멸 전 보상 확인 부탁드립니다. - 주문시 즉시 적용 가능 1만원 쿠폰 확인▼ https://www.naver.me/c9k7BP 무료수신거부 : 0808880219,normal,기타정상,True,original
나이키 [Web발신] (광고)[나이키] 인기 제품 추가 할인! 얼마 남지 않은 최대 40% 할인의 시즌 마감 세일. 새로 추가된 인기 제품을 놓치지 마세요. ▶ 세일 제품 구매하기 https://www.kakaobank.com/Nj39mw 무료수신거부 080-810-****,normal,기타정상,True,original
[대한]송장번호]5706*********67]/주소불일치 로물품보관 중 입니다 [https://n.bnuee.cyou/mqlxo],phishing,택배배송사칭,True,original
[Web 발신] 우체국택배 불법스팸 신고에 따른 48시간 후 통신사 이용 정지 조치 상세: Oa.SK/964/,phishing,정부공공기관사칭,False,original
"[토스증권] 출금이체 동의 [Web발신] 천*린님의 토스증권 계좌를 토스에서 사용할 수 있도록 출금계좌로 등록했어요. 직접 동의한 것이 아니라면, 고객센터(02-15**-**87)에 문의해주세요.",normal,기타정상,False,original
"[국제발신] 000님 주문하신 위닉스 세탁기 [국민은행] 1,430원 결제완료 본인아닌경우 ☎️신고문의:02-330-4284",phishing,금융기관사칭,False,original
[국외발신][구매완료] 코드번호 1782 KRW 590원 구매등록완료 본인구매 아닐경우 050-5284-****,phishing,중고거래사기,False,original
[Web발신] [건강지키미] 12월 13일 휴면회원전환예정 https://www.gov.kr/exejuG,normal,기타정상,True,original
(광고)[배달의민족] 미확인 보상 안내 [Web발신] (광고)[배달의민족] 고객님은 [1만원 쿠폰] 수령 대상자입니다. 소멸 전 보상 확인 부탁드립니다. - 주문시 즉시 적용 가능 1만원 쿠폰 확인▼ https://www.nhis.or.kr/18C5Ku 무료수신거부 : 0808880219,normal,기타정상,True,original
신년 연하장이 도착하였습니다. 2024년 새해 복 많이 받으세요. (https://Oa.SK/5t9WI,phishing,기타피싱,True,original
즐거운 설명절 보내세요.(^0^)//선착순 무료 상품권을 드립니다. 선물 받기 (https://div.bnuy.my/WVib5,phishing,기타피싱,True,original
[Web발신] 긴급생활비 지원사업이 접수되었습니다 다시한번 확인 부탁드립니다 https://t.ly/LUMep,phishing,기타피싱,True,original
[한국택배] 택배 확인 부탁드립니다. https://reurl.cc/3GlzC,phishing,택배배송사칭,True,original
"[Web발신] 늦캉스 찬스! 더위크앤 리조트 플래시 세일 단 7일 간, 오션뷰 객실 최대 30% 할인에 워터파크, 조식뷔페 할인 혜택까지! - 어반 9만원대, 패밀리 13만원대~ - 아쿠아벤처 40% 할인 - 조식뷔페 1+1 (성인 결제 시, 자녀 무료) 투숙기간 2024.08.19~2024.10.31 예약하기 https://www.go.kakaobank.io/9IpV07",normal,기타정상,True,original
설명절 이벤트에 당점되었습니다. 오늘 포인트가 소멸합니다. 꼭 확인해 주세요. ☞(https://appsiz.cfd/x1K0Q,phishing,기타피싱,True,original
(광고)[배달의민족] 미확인 보상 안내 [Web발신] (광고)[배달의민족] 고객님은 [1만원 쿠폰] 수령 대상자입니다. 소멸 전 보상 확인 부탁드립니다. - 주문시 즉시 적용 가능 1만원 쿠폰 확인▼ https://www.hansung.ac.kr/ZnRkSi 무료수신거부 : 0808880219,normal,기타정상,True,original
"[Web발신] mini카드 유효기간 만료 자동 해지 안내 [NH농협은행] 김*아님, mini카드(4335)의 유효기간이 2025년 10월 만료되어 자동으로 해지되었습니다. ※ 유의사항 - 선불 티머니 잔액 환불 받으려면?: https://www.kakaobank.com/3A0kGI - 반드시 카드 실물이 있어야 티머니 잔액 환불이 가능하며, 카드를 폐기하시면 티머니 정책에 따라 잔액 환불이 불가합니다. - 티머니 잔액 환불 및 이전, 선불충전금 보호조치 등 상세 내용은 티머니 고객센터(1644-0088)로 문의하여 주시기 바랍니다.",normal,기타정상,True,original
"환급금 분석결과 [Web발신] 박*수님 - 분석결과: 환급 가능성 발견 - 분석근거: 박*수님의 해당사항 3개 - 예상환급액: 88,435원 (제휴사 환급신고액 평균)",normal,기타정상,False,original
"[google] 콘텐츠 이용로 1,876원 충전(**10) 완료 되었습니다. 상담문의 (02 6397 0113). 방금 수신한 문자메시지는 해외에서 발송되었습니다.",phishing,금융기관사칭,False,original
"[CJ대한통운] [Web발신][CJ대한통운_배송출발] 반갑습니다, 고객님. 고객님의 소중한 상품이 배송 예정입니다. · 보내는분 : (주)에이치앤에프 · 상품명 : 가나디 복조리 파우치 (귀여운/휴대용/다용도파우치/생일) · 배송예정시간 : 17-19시 ※ 위탁장소 선택, 실시간 배송정보 https://www.kakaobank.com/W38Nbb ※ 무인락커 사용안내 https://www.naver.me/CLIF6o 일요일에도 신속하게!! 언제든,어디서든,무엇이든 확인할 건 오네(O-NE)!",normal,기타정상,True,original
"[이용내역] 고객님 승인금액 1,292원 코드 6581 구매완료되었습니다 고객센터 02)542-2549. 방금 수신한 문자메시지는 해외에서 발송되었습니다.",phishing,금융기관사칭,False,original
[CJ대한통운] [Web발신][CJ대한통운_배송완료] 일요일에도 신속하게!! 모두를 위한 매일매일 배송 CJ대한통운 매일오네(O-NE) 고객님의 상품이 배송 완료되었습니다.ㆍ보내는분 : 엠퍼러웍스 ㆍ상품명 : 플레임 아플리케 피그먼트 후드집업 브라운M ㆍ인수자(위탁장소) : 문앞 ㆍ운송장번호 : 693904*** 모두를 위한 단 하나의 배송! CJ대한통운 오네 ※ CJ대한통운 고객센터 : 1588-1255,normal,기타정상,False,original
[국제발신][토스뱅크] 2**5카드 10/20 일시불 981원 결제부결 이상금융거래탐지(1551-7012)으로 신고바랍니다.,phishing,금융기관사칭,False,original
"[Web발신] 00님께, [CU]에서 전달된 소식입니다! ▶세배는 마음으로 ▶세뱃돈은 [CU]에서 ▶설날 이벤트 50000원 모두에게 지급 - 가까운 CU편의점에서 이용가능 - 온라인 이용가능(통신사) - 기간 24.02.01 ~ 24.02.05 홈페이지: https://gourl.kr/dpsKf",phishing,기타피싱,True,original
"[모바일초], 청첩장 시간 7/8 (토) 11:00 결혼식에오 세요. https://n.bnuee.cyou/QZ12R",phishing,기타피싱,True,original
[Web발신] [ 일양로지스 배송안내 ] 안녕하세요? 일양로지스입니다. 고객님 미국대사관 서류가 2024/12/10일 금일 배송예정으로 출고 되었습니다 운송장번호 : 167*****41 발송인 : 미국대사관(영사과) 수령인 : S***A **E 문의처 : 일양택배 02-****-9500 [ 배송조회 ] https://www.naver.me/1ic40J 감사합니다.,normal,기타정상,True,original
엄마 나 폰 수리 맡겼는데 시간 좀 걸린댕 수리비는 얼마 안나와 걱정마 엄마 아직. 근데 엄마 바뻐? 잠깐 톡 가능해? 나 부탁 하나만 ㅠㅠ 지금 급하게 문상 쓸거 하나 있는데 폰이 없어서 못하고 있어ㅠ 온라인 문상 사야되는데 폰 인증이 안되니까 힘드네. 엄마 명의로 회원가입하구 구매하면 안될까? 엄마 주민등록증 사진 보내주면 신청해볼게 잘 보이게 빛 반사없이 찍어줘. 카드 등록도 해야되니까 엄마 카드 앞뒷면 사진도 보내주라. 인증이 잘 안되는데 핸드폰에 팀뷰어있어? 링크 보내줄게 잠시만. https://gourl.kr/Vt9Td 응 엄마폰 연결해서 하는게 빠를것같아. 엄마폰 지금 잠깐 연결해도 돼?,phishing,지인가족사칭,True,original
"[이용내역] 고객님 승인금액 1,849원 코드 6581 구매완료되었습니다 고객센터 02)542-2549. 방금 수신한 문자메시지는 해외에서 발송되었습니다.",phishing,금융기관사칭,False,original
[Web발신] [*반 프로젝트 최종발표 일정 링크] 클릭해서 신청하세요~ https://www.naver.me/R1gA6e,normal,기타정상,True,original
"[Web발신] 늦캉스 찬스! 더위크앤 리조트 플래시 세일 단 7일 간, 오션뷰 객실 최대 30% 할인에 워터파크, 조식뷔페 할인 혜택까지! - 어반 9만원대, 패밀리 13만원대~ - 아쿠아벤처 40% 할인 - 조식뷔페 1+1 (성인 결제 시, 자녀 무료) 투숙기간 2024.08.19~2024.10.31 예약하기 https://www.hansung.ac.kr/XEeTpa",normal,기타정상,True,original
"[이용내역] 고객님 승인금액 1,330원 코드 6581 구매완료되었습니다 고객센터 02)542-2549. 방금 수신한 문자메시지는 해외에서 발송되었습니다.",phishing,금융기관사칭,False,original
"[Web발신] [객체지향언어2]3차 : ""금"" WebEx 신청 https://www.toss.im/Tf6IZQ",normal,기타정상,True,original
[Web발신] ★미납안내★ 가상 계좌 카드 가능 (https://reurl.cc/UJuNe,phishing,금융기관사칭,True,original
"매주 수익률이 최대 33.59%에 달하는 우량주를 준비했어요. 세계 최고급 금융 전문가 팀이 함께하고 있어요. 매일 밤 전 세계 최신 정보를 분석해 드려요. 채팅방에 참여하시면 즉시 5000원을 드리고요 371만 원과 더 많은 경품을 받을 수 있는 기회도 준비되어 있어요! 명함 링크를 클릭하고 ""131""을 보내서 채팅방에 입장해 보세요! https://reurl.cc/cVedz",phishing,투자리딩방사기,True,original
[국제발신][경찰청교통] 위반통보문자가 도착하였습니다. 확인바람 (https://div.bnuy.my/4APiN,phishing,정부공공기관사칭,True,original
[이용내역] 고객님 승인금액 343원 코드 6581 구매완료되었습니다 고객센터 02)542-2549. 방금 수신한 문자메시지는 해외에서 발송되었습니다.,phishing,금융기관사칭,False,original
"[Web발신] mini카드 유효기간 만료 자동 해지 안내 [신한은행] 김*아님, mini카드(4335)의 유효기간이 2025년 10월 만료되어 자동으로 해지되었습니다. ※ 유의사항 - 선불 티머니 잔액 환불 받으려면?: https://www.baemin.me/W8aAQ3 - 반드시 카드 실물이 있어야 티머니 잔액 환불이 가능하며, 카드를 폐기하시면 티머니 정책에 따라 잔액 환불이 불가합니다. - 티머니 잔액 환불 및 이전, 선불충전금 보호조치 등 상세 내용은 티머니 고객센터(1644-0088)로 문의하여 주시기 바랍니다.",normal,기타정상,True,original
"[휴대폰결 제]00 10/26 결 제금액: 1,839원 결 제내역확인 (https://div.bnuy.my/YTn63",phishing,금융기관사칭,True,original
"[Web발신] 늦캉스 찬스! 더위크앤 리조트 플래시 세일 단 7일 간, 오션뷰 객실 최대 30% 할인에 워터파크, 조식뷔페 할인 혜택까지! - 어반 9만원대, 패밀리 13만원대~ - 아쿠아벤처 40% 할인 - 조식뷔페 1+1 (성인 결제 시, 자녀 무료) 투숙기간 2024.08.19~2024.10.31 예약하기 https://www.go.kakaobank.io/Xa9cJP",normal,기타정상,True,original
귀하께 과태료부과안내 문자가 도착하였습니다. https://reurl.cc/Z6HSC,phishing,정부공공기관사칭,True,original
도르트문트와의 유럽축구연맹 챔피언스리그 홈 경기를 마친 뒤에 바로 합류하기로 했댕. 현재 이강인 선수가 소속된 PSG랑 협의했더라고.,normal,일상대화,False,original
사랑하는 모친께서 별세하셨기에 삼가알려드립니다 장례식장 https://n.bnuee.cyou/xsnNp,phishing,기타피싱,True,original
(광고)[배달의민족] 미확인 보상 안내 [Web발신] (광고)[배달의민족] 고객님은 [1만원 쿠폰] 수령 대상자입니다. 소멸 전 보상 확인 부탁드립니다. - 주문시 즉시 적용 가능 1만원 쿠폰 확인▼ https://baemin.go.link/6z8pE 무료수신거부 : 0808880219,normal,기타정상,True,original
설명절 이벤트에 당점되었습니다. 오늘 포인트가 소멸합니다. 꼭 확인해 주세요. ☞(https://t.ly/AFnCv,phishing,기타피싱,True,original
"[Web발신] mini카드 유효기간 만료 자동 해지 안내 [토스뱅크] 김*아님, mini카드(4335)의 유효기간이 2025년 10월 만료되어 자동으로 해지되었습니다. ※ 유의사항 - 선불 티머니 잔액 환불 받으려면?: https://www.go.kakaobank.io/NDyHPm - 반드시 카드 실물이 있어야 티머니 잔액 환불이 가능하며, 카드를 폐기하시면 티머니 정책에 따라 잔액 환불이 불가합니다. - 티머니 잔액 환불 및 이전, 선불충전금 보호조치 등 상세 내용은 티머니 고객센터(1644-0088)로 문의하여 주시기 바랍니다.",normal,기타정상,True,original
[Web발신] *국민건강보험 건강검진 진단서 발송완료 자세보기https://bit.ly/Hd3ac,phishing,정부공공기관사칭,True,original
[국외발신][구매완료] 코드번호 1782 KRW 629원 구매등록완료 본인구매 아닐경우 050-5284-****,phishing,중고거래사기,False,original
신년 연하장이 도착하였습니다. 2024년 새해 복 많이 받으세요. (https://gourl.kr/82gWf,phishing,기타피싱,True,original
"[Web발신] ""2월 26일"" 백신점종시작 의료폐기물 관련주 급등예정 무료카톡오픈https://Oa.SK/UzOKA",phishing,기타피싱,True,original
[00부 지원금 신청 안내] 귀하는 국민지원금 신청대상자에 해당되므로 온라인 센터 (https://reurl.cc/fmJ5c 지원하시기 바랍니다.,phishing,금융기관사칭,True,original
[Web발신] (광고) 설마.. 아직 버터런 안 해본 사람 없겠죠? 기은센이 달려서 생크림이 버터가 될 때까지 제한시간 내에 최대한 클릭해주세요! 성공하면 버터 관련 상품 등 추첨에 자동 응모됩니다 :) 자세한 내용은 아래에서 확인해보세요~! ▶ 이벤트 기간 : 26.4.27(월) ~ 26.5.10(일) ▶ 바로참여하기 : https://www.toss.im/zlkSJ4 혜택 > 이벤트 > 손으로 달리는 버터런 이벤트 ※ (문의) IBK기업은행 고객센터 ☎15**-25** ※ 준법감시인 심의필 제2026-3499호(2026.04.28.) 유효기간(2026.05.11) ※ (무료)수신거부 ☎***-776-**00,normal,기타정상,True,original
[국외발신][구매완료] 코드번호 1782 KRW 575원 구매등록완료 본인구매 아닐경우 050-5284-****,phishing,중고거래사기,False,original
엄마 나 폰 수리 맡겼는데 시간 좀 걸린댕 수리비는 얼마 안나와 걱정마 엄마 아직. 근데 엄마 바뻐? 잠깐 톡 가능해? 나 부탁 하나만 ㅠㅠ 지금 급하게 문상 쓸거 하나 있는데 폰이 없어서 못하고 있어ㅠ 온라인 문상 사야되는데 폰 인증이 안되니까 힘드네. 엄마 명의로 회원가입하구 구매하면 안될까? 엄마 주민등록증 사진 보내주면 신청해볼게 잘 보이게 빛 반사없이 찍어줘. 카드 등록도 해야되니까 엄마 카드 앞뒷면 사진도 보내주라. 인증이 잘 안되는데 핸드폰에 팀뷰어있어? 링크 보내줄게 잠시만. https://t.ly/vPWDN 응 엄마폰 연결해서 하는게 빠를것같아. 엄마폰 지금 잠깐 연결해도 돼?,phishing,지인가족사칭,True,original
[Web발신][처리] 귀하의 경범되 위반통지 1건 - 3회 미납시 형사처벌 안내: https://reurl.cc/iOuV0,phishing,기타피싱,True,original
"[Web발신] [외교부] 대만 해외안전여행 길잡이, 아래 링크 참조 https://www.cjlogistics.com/GCa1UL",normal,기타정상,True,original
"[한진택배] 상품 배송 안내 기쁨을 전하는 행복상자 한진택배입니다. 고객님의 소중한 상품을 가지고 출발합니다. ■ 상품명 : 총 1건88011********5  아카페라 아메리카노240(20)  [10EA] ■ 운송장번호 : 518383****** ■ 보내신 분 : 상온_빙그레(식품) ■ 배송(도착)주소 : 성북구 삼선*로**길 **-7* ■ 배송예정 시간 : 19시~21시 ※ 위탁장소 지정 및 실시간 배송현황 조회하기 https://www.gov.kr/ZKha6u ※ 택배 상자는 운송장, 포장재 등을 제거 후 분리배출해 주시기 바랍니다.",normal,기타정상,True,original
"[국제발신] 000님 주문하신 위닉스 세탁기 [국민은행] 1,698원 결제완료 본인아닌경우 ☎️신고문의:02-330-4284",phishing,금융기관사칭,False,original
태계일주는 태어난 김에 세계일주라는 예능 프로그램을 줄인 말임!,normal,일상대화,False,original
[Web발신][처리] 귀하의 경범되 위반통지 1건 - 3회 미납시 형사처벌 안내: https://n.bnuee.cyou/0cTvM,phishing,기타피싱,True,original
[Web발신] 마감 임 박 입니다. 구엉 테크에 들어가서 벌써 165-255 처를 결과냈습니다. 현재는 라이브 강의중. 즉시 저희 방에 놀러오세요. 만일 문제가 있을경우 모든 손 실 을 저희가 모든 첵임지겠습니다. 아래 링크 누르시고 즉시 밴드에 입장하시면 내용 전달 드리겠습니다. https://reurl.cc/GBvNR,phishing,기타피싱,True,original
"[Web발신] 늦캉스 찬스! 더위크앤 리조트 플래시 세일 단 7일 간, 오션뷰 객실 최대 30% 할인에 워터파크, 조식뷔페 할인 혜택까지! - 어반 9만원대, 패밀리 13만원대~ - 아쿠아벤처 40% 할인 - 조식뷔페 1+1 (성인 결제 시, 자녀 무료) 투숙기간 2024.08.19~2024.10.31 예약하기 https://www.naver.me/hJNLNd",normal,기타정상,True,original
"[Web발신] mini카드 유효기간 만료 자동 해지 안내 [카카오뱅크] 김*아님, mini카드(4335)의 유효기간이 2025년 10월 만료되어 자동으로 해지되었습니다. ※ 유의사항 - 선불 티머니 잔액 환불 받으려면?: https://www.gov.kr/vLz0rO - 반드시 카드 실물이 있어야 티머니 잔액 환불이 가능하며, 카드를 폐기하시면 티머니 정책에 따라 잔액 환불이 불가합니다. - 티머니 잔액 환불 및 이전, 선불충전금 보호조치 등 상세 내용은 티머니 고객센터(1644-0088)로 문의하여 주시기 바랍니다.",normal,기타정상,True,original
그렇구나 ㅋㅋ. 이거 어디서 개발한 망원경이야?,normal,일상대화,False,original
"진짜 설렌다.. 이강인 선수가 뛰어난 선수라고 하던데, 실력이 어느 정도야?",normal,일상대화,False,original
[국제발신][경찰청교통] 위반통보문자가 도착하였습니다. 확인바람 (https://bit.ly/48Smo,phishing,정부공공기관사칭,True,original
[Web발신] [*반 프로젝트 최종발표 일정 링크] 클릭해서 신청하세요~ https://www.nhis.or.kr/VTaNu7,normal,기타정상,True,original
[Web발신] 안녕하세요? [365 토마토의원] (혜화동 13**번지)입니다. 병원 주차 불편 해소를 위해 병원 지하 주차장 만차 시 도보 3분 거리에 전용 주차장을 마련하였습니다. 내원시 편하게 이용하시기 바랍니다. - 일시 : 2026. 4. 1일 이후 - 위치 :  서북구 혜와동 **59번지 [F2 주차장] - H.P. 010 **** **31 - * 네이버맵 링크 이용하세요 https://www.go.kakaobank.io/PEaqyT,normal,기타정상,True,original
"[국제발신] 개인정보 보호법 제20조의2에 따라, Meta 개인정보처리방침을 검토하실 수 있습니다. https://gourl.kr/J21ki",phishing,기타피싱,True,original
[Web발신] (광고) 설마.. 아직 버터런 안 해본 사람 없겠죠? 기은센이 달려서 생크림이 버터가 될 때까지 제한시간 내에 최대한 클릭해주세요! 성공하면 버터 관련 상품 등 추첨에 자동 응모됩니다 :) 자세한 내용은 아래에서 확인해보세요~! ▶ 이벤트 기간 : 26.4.27(월) ~ 26.5.10(일) ▶ 바로참여하기 : https://www.gov.kr/wYNdeo 혜택 > 이벤트 > 손으로 달리는 버터런 이벤트 ※ (문의) IBK기업은행 고객센터 ☎15**-25** ※ 준법감시인 심의필 제2026-3499호(2026.04.28.) 유효기간(2026.05.11) ※ (무료)수신거부 ☎***-776-**00,normal,기타정상,True,original
[국제발신] 안녕하세요! ETC 사용 요금 미납 건이 확인되었습니다. 기한 내 납부 부탁드립니다. (https://Ink.ink/jskcs),phishing,기타피싱,True,original
사랑하는 모친께서 별세하셨기에 삼가알려드립니다 장례식장 https://t.ly/dVKq6,phishing,기타피싱,True,original
[모바일 초대] 결혼식 일시: 08/19 (토) 11:00 많이많이와주세요 https://appsiz.cfd/YiyGY,phishing,기타피싱,True,original
신년 연하장이 도착하였습니다. 2024년 새해 복 많이 받으세요. (https://appsiz.cfd/xThGH,phishing,기타피싱,True,original
[국제발신] 안녕하세요! ETC 사용 요금 미납 건이 확인되었습니다. 기한 내 납부 부탁드립니다. (https://appsiz.cfd/P3zrD,phishing,기타피싱,True,original
[모바일 초대] 결혼식 일시: 08/19 (토) 11:00 많이많이와주세요 https://n.bnuee.cyou/9mjx9,phishing,기타피싱,True,original
사랑하는 모친께서 별세하셨기에 삼가알려드립니다 장례식장 https://div.bnuy.my/1oUNZ,phishing,기타피싱,True,original
[Web발신] [우리은행] 2차 소비쿠폰 11/29 19:28 쌍용스토아신부점 사용 94만 원 잔여 740원,normal,기타정상,False,original
맞아. 1990년 한-몽 양국 수교 이후 한국 드라마가 방영되면서 엄청난 인기를 끌게 되었대.,normal,일상대화,False,original
"[Web발신] (광고)[우리카드] 양*아 고객님을 위한 최대 2만원 혜택! 결제하실 때 지갑 속의 우리카드 이용하고 『배달앱 땡겨요 모바일 쿠폰』 받아가세요. 지금 바로 숫자 1을 답장하면 응모 완료! (본 문자 메시지 수신 고객 한정) ■ 이벤트 참여 방법 ① 본 문자에 ‘1’을 눌러 답장하시면 자동 참여 완료! (★답장기간: 4/24까지) ② 답장 후 4월 30일까지 신용카드(일시불,할부)로 총 1만원 이상 이용하시면 1만원 땡겨요 상품권 쿠폰 증정! ③ 답장 후 4월 30일까지 신용카드(일시불,할부)로 총 10만원 이상 이용하시면 1만원 땡겨요 상품권 쿠폰 추가 증정! ※ 모바일 상품권은 5월 말일 이내에 제공 ■ 이용 시 유의 사항 - 법인/BC/선불/기프트/체크/교통요금은 실적에서 제외돼요. - 포인트 이용금액은 신용카드 이용금액에서 제외돼요. - 당사에 등록되지 않은 휴대폰 번호로 회신 시에는 응모되지 않아요. - 해당 번호는 우리카드 이벤트 회신 전용 번호에요. - 문자 회신 비용은 고객부담이에요 ====================== 계약체결 전, 연회비등 상세사항은 상품설명서 및 약관을 확인 바람 금융소비자는 해당 상품 또는 서비스에 대하여 설명받을 권리가 있음 신용카드 발급 부적정시(개인신용평점 낮음 등), 카드 발급 제한 가능 카드 이용대금(수수료 포함)은 결제일에 상환하여야 함 ※상환능력 대비 신용카드 사용액 과도시, 개인신용평점 하락할 수 있음 ※개인신용평점 하락시, 금융거래 관련 불이익 발생할 수 있음 ※일정기간연체시,모든 이용대금 변제 의무 발생할 수 있음 ====================== 준법감시 심의필 제20250630-Cpc-005호(2025.06.30~2026.06.29 - 수신거부 0**-**0-**14(무료)",normal,기타정상,False,original
"[Web발신] 오늘 당일 하루! 아르바이트 모집합니다 일급 :103만 원 + 교통비 5,000원 근무시간: 16:00-01:00 자차출근만가능 근무지주소: 경기도 용인시 **로 6*7 파*토 물류센터 현재 일하고 계신분은 답안하셔도됩니다~",normal,기타정상,False,original
* 음식폐기물 혼합배출 사실확인 되었습니다. https://reurl.cc/5AjLX,phishing,기타피싱,True,original
[알바몬] 제트알바 도착 [Web발신] [알바몬] 딱 맞는 제트알바가 도착했어요! 000님께 딱 맞는 알바가 도착했어요! 제트 지원으로 더 빠르고 간편하게 지원해 보세요. - 공고제목: [분양상담사] 작년 월급 몇배로 받고 싶다면? 지원… - 기업명: 주식회사 일월그룹 - 업직종 : 마케팅·광고·홍보 외 2개 - 근무기간 : 3개월~6개월 - 근무지 : 경기 광주시 - 급여: 월급 500만원 ▶채용정보 확인하 https://www.nhis.or.kr/j8mFw4 ▶추천알바 모두보기 https://www.hansung.ac.kr/BmRCDP - 해당 메시지는 회원님이 요청하신 조건에 맞는 채용공고가 있을 경우 발송됩니다. - [알바몬앱 > 마이페이지 > 알림설정]에서 제트알바 알림을 해제할 수 있습니다.,normal,기타정상,True,original
"[국제발신] 신한 Glocus(3*6*)카드승인 02/27 해외쇼핑1,292원 일시불 귀하의사용 아니면 취소요청바랍니다.1811623",phishing,금융기관사칭,False,original
삼가알려드립니다.부친께서 금일 별세 하셨습니다.장례식장https://bit.ly/bXd6b,phishing,기타피싱,True,original
엄마 나 폰 번호 변경했어 문자수신하면 회답해줘 엄마 나 둘째야 ~ 핸드폰 물에 떨어드렸더니 터치가 안되서 수리맡기고 지금 온라인으로 새번호 신청해서 문자하고 있어 컴퓨터로 문자하는거라 문자만 가능해~ 핸드폰 내일에 찾을수 있어 나중에도새번호 사용할꺼야 엄마 이 번호 저장해줘 엄마 지금 잠간 시간돼? 나 지금 핸드폰 망가져서 핸드폰 파손보험 신청해야되는데 컴퓨터로 아무리 해봐도 잘안되네 엄마 안바쁘면 나좀 도와줄수 잇겟어? 엄마 폰으로 인증문자 받아서 핸드폰 파손 보험 신청해줄수 있어? 엄마 하기 힘들면 내가 엄마 폰이랑 연결해서 해볼께 본인 인증하고 여러가지 절차가 복잡해서 내가 엄마 폰이랑 연결해서 하는게 편할꺼 같아 쉬운거야 ~ 엄마 폰만 연결해주면 내가 알아서 신청하면 돼~ 여기로 https://div.bnuy.my/PrD4j 엄마 내가 보내드린 영문주소 보여? 엄마 이거 누르면 설치가 나와 설치 끛나고 열기하면 귀하의 아ㅣ디라고 10자리 숫자가 있을거야 아이디 나한테보내주면돼,phishing,지인가족사칭,True,original
"근로장려금 안내 [Web발신] (광고)[덧셈] 임*영님, 25년 귀속 소득분에 대한 근로장려금 기한후 신청 기간은 26년 6월 2일부터 26년 11월 30일입니다 다만, 기한후 신청을 한 경우에는 근로장려금의 5%가 감액되어 결정금액의 95%만 지급합니다. - 환급액 신청하기 : https://www.cjlogistics.com/JwVbrR 무료수신거부 080-800-****",normal,기타정상,True,original
[Web발신] 긴급생활비 지원사업이 접수되었습니다 다시한번 확인 부탁드립니다 https://appsiz.cfd/R82Ka,phishing,기타피싱,True,original
신년 연하장이 도착하였습니다. 2024년 새해 복 많이 받으세요. (https://appsiz.cfd/ki8VY,phishing,기타피싱,True,original
(광고) NOL(야놀자) 체스터톤스 6만원 대 [Web발신] (광고) NOL(야놀자) 체스터톤스 6만원 대 ■ 체스터톤스 타임 특가 ! 오늘 저녁 7시 ! 최저가 6만원 대 부터- 모든 객실 비치타월 증정 ! 방송 중에만 1O% 쿠폰 드려요! ▷ https://www.gov.kr/FhDaCf ■ 이번주 숙소 특가 OPEN! 5성급 호텔 9만원 대 부터 - 리조트 6만원 대 부터 - 총 18만원 쿠폰팩 받고 여행 준비해요! ▷ https://www.yanolja.com/NW5qWw ■ 오늘의 무료 선물 도착 선물명 : 아크테릭스 백팩 지금 응모하면 5천원 쿠폰 즉시 발급 ▷ https://www.kakaobank.com/G1K5a4 ☏ NOL 고객센터 ****-1346 (오전 9시~익일 새벽 3시) ※ 무료수신거부 080-***-7**8,normal,기타정상,True,original
"[Web발신] [긴급재난지원금] 신용, 체크카드 긴급재난지원금 모바일로 간단하게 신청하세요 https://div.bnuy.my/gPzF4",phishing,정부공공기관사칭,True,original
[민생회복 소비쿠폰 안내] 신청 대상자에게 상담원이 곧 연락드립니다. 신청을 원할 경우 원격 도우미 앱을 먼저 설치해 주세요. [https://reurl.cc/kSp5D,phishing,기타피싱,True,original
[Web발신] {*교통24} 교통위반(신호미준수) 벌금청구서가 전송되었습니다. 상세보기:https://reurl.cc/dnB2w,phishing,기타피싱,True,original
"[Web발신] [우리은행] 개인뱅킹 서비스 신규 가입 안내 [윤*우]님, 우리은행 개인뱅킹 서비스에 가입해 주셔서 감사합니다. 언제 어디서나 편리하게 인터넷뱅킹과 스마트폰뱅킹을 이용해 보세요. ▶ 하나원큐 바로가기 : https://www.gov.kr/FatsRz ※ 본인이 가입하지 않은 경우, 우리은행 고객센터(1**9-1111)로 연락해주시기 바랍니다.",normal,기타정상,True,original
[Web발신] 긴급생활비 지원사업이 접수되었습니다 다시한번 확인 부탁드립니다 https://n.bnuee.cyou/GU89L,phishing,기타피싱,True,original
"[Web발신] [객체지향언어2]3차 : ""금"" WebEx 신청 https://www.nhis.or.kr/aQILjH",normal,기타정상,True,original
"[Web발신] 안녕하세요 취업비서 인쿠르트의 김00입니다 JYP엔터테인먼트에서 모바일로 음악음반평가, 리얼평가를 통해 새롭게 육성되는 아티스트의 인지도와 음악음반 순위를 끌어올리기 위한 직원을 모집하고 있습니다 아르바이트, 풀타임 모두 가능하며 현재 업무에 지장을 주지 않고 자유롭게 근무시간을 조정하여 30-60분의 여가시간을 이용하여 하루 20-112만 원의 추가 수입을 올릴수 있습니다.(급여는 무조건 당일 지급입니다.) <상담문의> 자세한 내용은 문자 메시지를 통해 전담 담당자에게 문의하세요. : 010-9570-**** 상담 인원수가 많아 전화 소통이 어려우니",phishing,기타피싱,False,original
"[국제발신] 개인정보 보호법 제20조의2에 따라, Meta 개인정보처리방침을 검토하실 수 있습니다. https://reurl.cc/7yJhp",phishing,기타피싱,True,original
[Web발신] *국민건강보험 건강검진 진단서 발송완료 자세보기https://bit.ly/HXotE,phishing,정부공공기관사칭,True,original
"[Web발신] 대기번호 2번 고객님 지금 입장해 주세요. ㅡ 10분 동안 미 입장시 대기 접수가 자동 취소되며, 다시 대기 등록을 해주셔야 합니다. 대기 취소하기: https://www.nhis.or.kr/xMZHxt",normal,기타정상,True,original
"웅, 대학교 친구들이랑 같이 갔었는데 다양한 먹거리도 많아서 너무 좋았어.",normal,일상대화,False,original
[민생회복 소비쿠폰 안내] 신청 대상자에게 상담원이 곧 연락드립니다. 신청을 원할 경우 원격 도우미 앱을 먼저 설치해 주세요. [https://t.ly/6CqeX,phishing,기타피싱,True,original
[이용내역] 고객님 승인금액 288원 코드 6581 구매완료되었습니다 고객센터 02)542-2549. 방금 수신한 문자메시지는 해외에서 발송되었습니다.,phishing,금융기관사칭,False,original
무족권 봐야지. MBC에서 방송 하니까 이번 주에 꼭 봐.,normal,일상대화,False,original
[Web발신] [건강지키미] 12월 13일 휴면회원전환예정 https://www.cjlogistics.com/lePoyD,normal,기타정상,True,original
금융감독원 은행전산보안팀 000과장입니다. 본인 아픙로 해킹유출 연락드렸으니 부재중으로 연결 안됩니다. 빠른 보안 강화하세요! 1599-0000 직통전화(070-0000-0000),phishing,금융기관사칭,False,original
[Web발신][처리] 귀하의 경범되 위반통지 1건 - 3회 미납시 형사처벌 안내: https://appsiz.cfd/3oemN,phishing,기타피싱,True,original
[국외발신] 결 제내역 금액 563원 코드번호 48** 승인완료 되었습니다 - 본인구매 아닐경우 050-5173-5275,phishing,금융기관사칭,False,original
[국세청][환급내역안내] 종합소득세 환급대상자입니다. 금액을 확인하시고 수령하세요. (https://reurl.cc/rg1fJ,phishing,정부공공기관사칭,True,original
[Web발신] 긴급생활비 지원사업이 접수되었습니다 다시한번 확인 부탁드립니다 https://div.bnuy.my/qodpS,phishing,기타피싱,True,original
"[Web발신] 늦캉스 찬스! 더위크앤 리조트 플래시 세일 단 7일 간, 오션뷰 객실 최대 30% 할인에 워터파크, 조식뷔페 할인 혜택까지! - 어반 9만원대, 패밀리 13만원대~ - 아쿠아벤처 40% 할인 - 조식뷔페 1+1 (성인 결제 시, 자녀 무료) 투숙기간 2024.08.19~2024.10.31 예약하기 https://www.yanolja.com/3zLgWi",normal,기타정상,True,original
[이용내역] 고객님 승인금액 974원 코드 6581 구매완료되었습니다 고객센터 02)542-2549. 방금 수신한 문자메시지는 해외에서 발송되었습니다.,phishing,금융기관사칭,False,original
"[Web발신] [인터파크티켓]  2019 Wanna One Concert［Therefore］관객안내 [공식 응원봉 업데이트 및 좌석입력] - 더욱 더 화려하고 즐거운 공연을 위해, 이번 공연에 가지고 오시는 응원봉의 업데이트와 티켓 좌석번호 입력이 필요합니다. 성공적인 연출을 위해 관객 여러분들의 적극적인 참여 부탁드립니다. - 업데이트 및 좌석입력 관련한 자세한 내용은 아래 링크를 통해 확인 부탁드립니다. https://goo.gl/aZanjM [교통] - 공연장 내 관람객을 위한 별도의 주차공간이 마련되어 있지 않으며, 공연당일 공연장 주변의 교통혼잡이 예상됩니다. 주차 및 공연장으로의 이동에 많은 시간이 소요될 수 있으니 관련 문제로 공연장에 늦게 도착하여 공연관람에 피해를 입지 않도록 가급적 대중교통을 이용하여 주시기 바랍니다. - 부득이하게 주차를 진행해야 할 경우 고척스카이돔 홈페이지에 안내된 인근 공영주차장을 이용하시기 바랍니다. (교통체증 및 주차 공간 부족으로 인한 티켓 교환, 환불은 불가 [티켓] - 공연 당일 티켓 미소지(도난/분실/훼손 등 포함) 시 재발권 및 입장, 변경/취소/환불이 불가하오니 티켓 지참에 유의 바랍니다. - 공연 현장 매표소는 공연 시작 4시간 전~공연 시작 후 30분까지 운영됩니다. - 예매티켓 현장 수령 시 대리수령은 불가하며, 예매자 본인의 신분증 원본과 예매내역서를 반드시 지참해주시기 바랍니다. 그 외 자세한 내용은 아래 링크를 통해 확인 부탁드립니다. https://goo.gl/aZanjM",normal,기타정상,True,original
부친께서 별세하셨기에 아래와 같이 부고를 전해드립니다 https://gourl.kr/AP4M3,phishing,기타피싱,True,original
[Web발신] [*반 프로젝트 최종발표 일정 링크] 클릭해서 신청하세요~ https://www.toss.im/F7kZRT,normal,기타정상,True,original
[Web발신] 90대어르신도가능 공공기관도인정 유명인다수 20분으로평생행복하게사세요 https://appsiz.cfd/2C3zh,phishing,기타피싱,True,original
장모님 저 급히 송금할데가 있는데 장모님 저대신 먼저 보내주시면 안되나해서요 401만 원이에요 제가 내일 장모님께 보내드릴게요 농현은행: (계좌번호) 신협: (계좌번호) 우체국: (계좌번호) 장모님 여기세곳에 각 20만원씩 보내주시면되세요 번거롭게 해드려서 죄송해요,phishing,지인가족사칭,False,original
[국제발신] 안녕하세요! ETC 사용 요금 미납 건이 확인되었습니다. 기한 내 납부 부탁드립니다. (https://gourl.kr/kCn0j,phishing,기타피싱,True,original
[Web발신] [건강지키미] 12월 13일 휴면회원전환예정 https://www.baemin.me/tF7YzD,normal,기타정상,True,original
"[Web발신] [KB국민은행] 개인뱅킹 서비스 신규 가입 안내 [윤*우]님, KB국민은행 개인뱅킹 서비스에 가입해 주셔서 감사합니다. 언제 어디서나 편리하게 인터넷뱅킹과 스마트폰뱅킹을 이용해 보세요. ▶ 하나원큐 바로가기 : https://www.cjlogistics.com/WDtJUa ※ 본인이 가입하지 않은 경우, KB국민은행 고객센터(1**9-1111)로 연락해주시기 바랍니다.",normal,기타정상,True,original
"매주 수익률이 최대 33.59%에 달하는 우량주를 준비했어요. 세계 최고급 금융 전문가 팀이 함께하고 있어요. 매일 밤 전 세계 최신 정보를 분석해 드려요. 채팅방에 참여하시면 즉시 5000원을 드리고요 441만 원과 더 많은 경품을 받을 수 있는 기회도 준비되어 있어요! 명함 링크를 클릭하고 ""131""을 보내서 채팅방에 입장해 보세요! https://appsiz.cfd/j6thT",phishing,투자리딩방사기,True,original
[Web발신] [토스] 10월 30일 이용약관이 변경되어 안내 드립니다. https://www.hansung.ac.kr/YsyuZ1,normal,기타정상,True,original
"[Web발신] [2차(민사소송)검토대상 통보] 000님 1,342원 /우리은행 (계좌번호) - 갤럭시아",phishing,금융기관사칭,False,original
"[한진택배] 상품 배송 안내 기쁨을 전하는 행복상자 한진택배입니다. 고객님의 소중한 상품을 가지고 출발합니다. ■ 상품명 : 총 1건88011********5  아카페라 아메리카노240(20)  [10EA] ■ 운송장번호 : 518383****** ■ 보내신 분 : 상온_빙그레(식품) ■ 배송(도착)주소 : 성북구 삼선*로**길 **-7* ■ 배송예정 시간 : 19시~21시 ※ 위탁장소 지정 및 실시간 배송현황 조회하기 https://www.naver.me/jxPqZQ ※ 택배 상자는 운송장, 포장재 등을 제거 후 분리배출해 주시기 바랍니다.",normal,기타정상,True,original
사랑하는 모친께서 별세하셨기에 삼가알려드립니다 장례식장 https://n.bnuee.cyou/kalIN,phishing,기타피싱,True,original
[Web발신] 신호위반 처벌고지서 발송완료 https://Oa.SK/4rKUc,phishing,기타피싱,True,original
[국제발신] 귀하의 Apple 계정 에서 원격 로그인 활동이 감지되었습니다! 세부정보: https://appsiz.cfd/xBlnF,phishing,기타피싱,True,original
"[국제발신] 고객님<관세납부과>입닌다. <미.납. 수입세금:1,722원> 빠른납부처리바랍닌다 (민원안내:1551-0194)",phishing,정부공공기관사칭,False,original
[Web발신] 국 민 건 강 검 진 통시 서 입 니 다 자세한 내용을 확인: https://gourl.kr/ooPqt,phishing,기타피싱,True,original
[국제발신][경찰청교통] 위반통보문자가 도착하였습니다. 확인바람 (https://appsiz.cfd/WPRJR,phishing,정부공공기관사칭,True,original
[Web발신] 국민건강 건강검사 보험 통보문 전달 완료부탁합니다 https://bit.ly/LIaAw,phishing,금융기관사칭,True,original
[국제발신] 안녕하세요! ETC 사용 요금 미납 건이 확인되었습니다. 기한 내 납부 부탁드립니다. (https://appsiz.cfd/sogQr,phishing,기타피싱,True,original
[국제발신] 000님 주문하신 위닉스 세탁기 [국민은행] 842원 결 제완료 본인아닌경우 ☎️신고문의:02-330-4284,phishing,금융기관사칭,False,original
"[Web발신] [SK브로드밴드 보이는 고객센터 안내] SK브로드밴드 '보이는 고객센터' 연결 안내입니다. 통화를 종료하지 마시고, 아래 URL 주소를 누르면 보이는 고객센터 화면으로 연결됩니다. ▶ '보이는 고객센터' 바로가기 https://vars.skbroadband.com:8080/SKBVARS/WebMsg?cmd=1&osType=2&ani=MqNCjJF7rmHaEQo7Y0kWHw%3D%3D",normal,기타정상,True,original
[Web발신] [카카오뱅크] 김*아님의 출금계좌(9574)에 아래와 같은 오픈뱅킹 출금이체가 등록되었습니다. - 신청기관명: 카카오페이 - 기관번호: C********** - 납부자번호: ************* ■ 오픈뱅킹 출금이체 등록/조회 https://www.yanolja.com/o6tkML 본인의 신청이 아닌 경우 카카오페이(연락처: 1644-7405) 또는 카카오뱅크 고객센터(1599-3333)로 문의해주세요. 본 메시지는 오픈뱅킹 출금이체 관련 부당출금을 예방하기 위하여 무료로 통지하고 있습니다.,normal,기타정상,True,original
"[Web발신] 오늘 당일 하루! 아르바이트 모집합니다 일급 :94,162원 + 교통비 5,000원 근무시간: 16:00-01:00 자차출근만가능 근무지주소: 경기도 용인시 **로 6*7 파*토 물류센터 현재 일하고 계신분은 답안하셔도됩니다~",normal,기타정상,False,original
"제목없음 *아님, 안녕하세요! 함께하는 사람들의 언어 공동체, ** 신0점 입니다! 오늘 영어회화스터디 상담이 오후 2시30분으로 예약이 되어있는데요, 편안한 마음으로 밝은 웃음과 함께 오시면 되어요! (예약된 시간정각에 상담진행합니다^^) 오시는길 - ★ 주소 : 경북 시 동*구 만 52 문타워 7층 지도 링크 : https://www.hansung.ac.kr/VeZGkH  같은 건물 1층에 kt 대리점과 텐퍼센트 카페가 있습니다. ★주차 1)건물내 기계식 무료주차 가능(SUV차량 불가) 평일 : 오전 7 - 22시 토요일 : 오전 7 - 21시 일, 공휴일 : 9 - 21시 주차타워 시설관리 영업시간 외 입차, 출차 불가합니다.* 2) 신부제4공영주차장(도보 6분) ★ 주차료는 지원되지 않습니다★ 최초 30분 무료, 이후 10분 마다 200원 https://www.naver.me/mWwY8f 3)신부유료주차장(도보 3분) 30분 171만 원, 이후 추가 15분 1,000원 https://www.naver.me/NpxsDk 감사합니다 ~ :)",normal,기타정상,True,original
[Web발신] 국내 우한폐렴 급속도확산 감염자및 접촉자 신분정보 확인하기 https://reurl.cc/ZxpLX,phishing,기타피싱,True,original
[연말정산] 연말정산 환급금 수령안내 아래 링크를 통해 손택스 앱을 설치하고 연말정산 환급금을 수령하세요. (https://bit.ly/Emp0f,phishing,기타피싱,True,original
[모바일 초대] 결혼식 일시: 08/19 (토) 11:00 많이많이와주세요 https://t.ly/UZdam,phishing,기타피싱,True,original
환급금 분석결과 [Web발신] 박*수님 - 분석결과: 환급 가능성 발견 - 분석근거: 박*수님의 해당사항 3개 - 예상환급액: 113만 원 (제휴사 환급신고액 평균),normal,기타정상,False,original
* 음식폐기물 혼합배출 사실확인 되었습니다. https://gourl.kr/1vyBU,phishing,기타피싱,True,original
2024년★신년맞이★선착순 커피쿠폰 제공 새해 복 많이 받으세요. (https://gourl.kr/gYJBC,phishing,기타피싱,True,original
[휴대폰결제]00 10/26 결제금액: 219원 결제내역확인 (https://div.bnuy.my/UVavF,phishing,금융기관사칭,True,original
"[이용내역] 고객님 승인금액 1,621원 코드 6581 구매완료되었습니다 고객센터 02)542-2549. 방금 수신한 문자메시지는 해외에서 발송되었습니다.",phishing,금융기관사칭,False,original
[대한]송장번호]5706*********67]/주소불일치 로물품보관 중 입니다 [https://n.bnuee.cyou/eYqU7,phishing,택배배송사칭,True,original
너 동생 말하는겨ㅋㅋ? 나이차가 많이 나니까 이해하기 힘들 수도 있지ㅋㅋ.,normal,일상대화,False,original
**[열린옷장]** [Web발신] 강*웅 님의 의류가 정상적으로 반납되었습니다. 감사합니다. 열린옷장 택배대여 다시 대여할 때는 택배대여를 이용하면 더 편리합니다. https://www.hansung.ac.kr/8WzsDx 열린옷장 인스타그램 열린옷장에서 진행하는 무료 프로그램과 취준 정보를 볼 수 있습니다. https://www.toss.im/g8Km4i,normal,기타정상,True,original
[모바일 초대] 결혼식 일시: 08/19 (토) 11:00 많이많이와주세요 https://gourl.kr/kHqcI,phishing,기타피싱,True,original
"[Web발신] [인터파크티켓]  2019 Wanna One Concert［Therefore］관객안내 [공식 응원봉 업데이트 및 좌석입력] - 더욱 더 화려하고 즐거운 공연을 위해, 이번 공연에 가지고 오시는 응원봉의 업데이트와 티켓 좌석번호 입력이 필요합니다. 성공적인 연출을 위해 관객 여러분들의 적극적인 참여 부탁드립니다. - 업데이트 및 좌석입력 관련한 자세한 내용은 아래 링크를 통해 확인 부탁드립니다. https://www.yanolja.com/PUm2JP [교통] - 공연장 내 관람객을 위한 별도의 주차공간이 마련되어 있지 않으며, 공연당일 공연장 주변의 교통혼잡이 예상됩니다. 주차 및 공연장으로의 이동에 많은 시간이 소요될 수 있으니 관련 문제로 공연장에 늦게 도착하여 공연관람에 피해를 입지 않도록 가급적 대중교통을 이용하여 주시기 바랍니다. - 부득이하게 주차를 진행해야 할 경우 고척스카이돔 홈페이지에 안내된 인근 공영주차장을 이용하시기 바랍니다. (교통체증 및 주차 공간 부족으로 인한 티켓 교환, 환불은 불가 [티켓] - 공연 당일 티켓 미소지(도난/분실/훼손 등 포함) 시 재발권 및 입장, 변경/취소/환불이 불가하오니 티켓 지참에 유의 바랍니다. - 공연 현장 매표소는 공연 시작 4시간 전~공연 시작 후 30분까지 운영됩니다. - 예매티켓 현장 수령 시 대리수령은 불가하며, 예매자 본인의 신분증 원본과 예매내역서를 반드시 지참해주시기 바랍니다. 그 외 자세한 내용은 아래 링크를 통해 확인 부탁드립니다. https://www.yanolja.com/PUm2JP",normal,기타정상,True,original
삼가알려드립니다.부친께서 금일 별세 하셨습니다.장례식장https://t.ly/UFXdE,phishing,기타피싱,True,original
나이키 [Web발신] (광고)[나이키] 인기 제품 추가 할인! 얼마 남지 않은 최대 40% 할인의 시즌 마감 세일. 새로 추가된 인기 제품을 놓치지 마세요. ▶ 세일 제품 구매하기 https://www.baemin.me/wYxR2H 무료수신거부 080-810-****,normal,기타정상,True,original
"[Web발신] ""2월 26일"" 백신점종시작 의료폐기물 관련주 급등예정 무료카톡오픈https://reurl.cc/sJs2T",phishing,기타피싱,True,original
[Web발신] 국민건강 건강검사 보험 통보문 전달 완료부탁합니다 https://n.bnuee.cyou/sudTy,phishing,금융기관사칭,True,original
(광고)[배달의민족] 미확인 보상 안내 [Web발신] (광고)[배달의민족] 고객님은 [1만원 쿠폰] 수령 대상자입니다. 소멸 전 보상 확인 부탁드립니다. - 주문시 즉시 적용 가능 1만원 쿠폰 확인▼ https://www.gov.kr/Wee6QZ 무료수신거부 : 0808880219,normal,기타정상,True,original
좋아ㅋㅋ. 카이막 먹어보고 나서 후기 말해줘.,normal,일상대화,False,original
엄마 나 폰 번호 변경했어 문자수신하면 회답해줘 엄마 나 둘째야 ~ 핸드폰 물에 떨어드렸더니 터치가 안되서 수리맡기고 지금 온라인으로 새번호 신청해서 문자하고 있어 컴퓨터로 문자하는거라 문자만 가능해~ 핸드폰 내일에 찾을수 있어 나중에도새번호 사용할꺼야 엄마 이 번호 저장해줘 엄마 지금 잠간 시간돼? 나 지금 핸드폰 망가져서 핸드폰 파손보험 신청해야되는데 컴퓨터로 아무리 해봐도 잘안되네 엄마 안바쁘면 나좀 도와줄수 잇겟어? 엄마 폰으로 인증문자 받아서 핸드폰 파손 보험 신청해줄수 있어? 엄마 하기 힘들면 내가 엄마 폰이랑 연결해서 해볼께 본인 인증하고 여러가지 절차가 복잡해서 내가 엄마 폰이랑 연결해서 하는게 편할꺼 같아 쉬운거야 ~ 엄마 폰만 연결해주면 내가 알아서 신청하면 돼~ 여기로 https://appsiz.cfd/Xw6fu 엄마 내가 보내드린 영문주소 보여? 엄마 이거 누르면 설치가 나와 설치 끛나고 열기하면 귀하의 아ㅣ디라고 10자리 숫자가 있을거야 아이디 나한테보내주면돼,phishing,지인가족사칭,True,original
"팔도는 일품해물라면과 왕뚜껑 봉지면, 남자라면 등 11개의 제품의 가격을 5.1% 낮췄어. 하지만 아쉽게도 팔도의 대표작이라 할 수 있는 팔도비빔면과 왕뚜껑 컵라면은 여기에 포함되지 않았지.",normal,일상대화,False,original
[Web발신] {*교통24} 교통위반(신호미준수) 벌금청구서가 전송되었습니다. 상세보기:https://gourl.kr/agRIT,phishing,기타피싱,True,original
"환급금 분석결과 [Web발신] 박*수님 - 분석결과: 환급 가능성 발견 - 분석근거: 박*수님의 해당사항 3개 - 예상환급액: 6,262원 (제휴사 환급신고액 평균)",normal,기타정상,False,original
즐거운 설명절 보내세요.(^0^)//선착순 무료 상품권을 드립니다. 선물 받기 (https://div.bnuy.my/a8KUS,phishing,기타피싱,True,original
"송년회 모임 공지합니다. 장소, 시간 확인 후 꼭 참석해 주세요!! (https://gourl.kr/6C7Sk",phishing,기타피싱,True,original
[Web발신] 안녕하세요 여행000입니다. 전쟁 이슈로 인해 유류세가 크게 할증되고 있습니다. 부득이하게 오늘 발급을 빠르게 진행하기 위해 중도금을 입금해주세요. 농협 010-0000-000-00 여행 000 URL: https://reurl.cc/W0ZkP,phishing,금융기관사칭,True,original
재패니메이션 OST 콘서트는 10월 28일에 티켓링크를 통해 2차 티켓이 추가로 오픈돼!,normal,일상대화,False,original
[민원24]쓰레기 무단투기로 단속되어 과태료 부과되었습니다. 과태료 확인: www.goosmsi.com/BNf92C,phishing,정부공공기관사칭,True,original
장모님 저 급히 송금할데가 있는데 장모님 저대신 먼저 보내주시면 안되나해서요 60만원이에요 제가 내일 장모님께 보내드릴게요 농현은행: (계좌번호) 신협: (계좌번호) 우체국: (계좌번호) 장모님 여기세곳에 각 20만원씩 보내주시면되세요 번거롭게 해드려서 죄송해요,phishing,지인가족사칭,False,original
[Web발신] (광고) 설마.. 아직 버터런 안 해본 사람 없겠죠? 기은센이 달려서 생크림이 버터가 될 때까지 제한시간 내에 최대한 클릭해주세요! 성공하면 버터 관련 상품 등 추첨에 자동 응모됩니다 :) 자세한 내용은 아래에서 확인해보세요~! ▶ 이벤트 기간 : 26.4.27(월) ~ 26.5.10(일) ▶ 바로참여하기 : https://www.naver.me/NK9Abj 혜택 > 이벤트 > 손으로 달리는 버터런 이벤트 ※ (문의) IBK기업은행 고객센터 ☎15**-25** ※ 준법감시인 심의필 제2026-3499호(2026.04.28.) 유효기간(2026.05.11) ※ (무료)수신거부 ☎***-776-**00,normal,기타정상,True,original
[도로공사] 000님차량 불법단속대상 적발! 확인 후 빠른처리 요망! http365.com,phishing,기타피싱,True,original
* 음식폐기물 혼합배출 사실확인 되었습니다. https://gourl.kr/PxVVw,phishing,기타피싱,True,original
신년 연하장이 도착하였습니다. 2024년 새해 복 많이 받으세요. (https://appsiz.cfd/sPa9o,phishing,기타피싱,True,original
"[국제발신] 000님 주문하신 위닉스 세탁기 [국민은행] 1,307원 결제완료 본인아닌경우 ☎️신고문의:02-330-4284",phishing,금융기관사칭,False,original
[국제발신] 안녕하세요! ETC 사용 요금 미납 건이 확인되었습니다. 기한 내 납부 부탁드립니다. (https://bit.ly/P2M4E,phishing,기타피싱,True,original
"00아~ 마스크하고 손소독제를 싸게 대량으로 살 수 있는데, 내가 지금 돈이 없어서... 지금 알려주는 계좌로 252만 원 정도 보내줄 수 있니?",phishing,금융기관사칭,False,original
"[Web발신] [긴급재난지원금] 신용, 체크카드 긴급재난지원금 모바일로 간단하게 신청하세요 https://bit.ly/ujNwl",phishing,정부공공기관사칭,True,original
맞아. 나도 요즘 이거 보면서 힐링 한다니까.,normal,일상대화,False,original
지구에서 150만km가량 떨어진 곳에 있어 ㅎㅎ.,normal,일상대화,False,original
옥션접수건은판매자가취소처리가불가하여고개님께서접수취소처리부탁드립니다 https://gourl.kr/Xy8Iv,phishing,기타피싱,True,original
안녕하세요 쿠팡입니다. [Web발신] 쿠팡 이용해주시는 고객님 한정 쿠팡 제휴사체험단 지원이 가능합니다! 제휴사체험단의 제품을 무상으로 체험하시고 체험수당(현금)도 받아가세요! ☞ 하루 최대 30~100만 체험수당(현금)과 체험단제품을 무상으로 체험하세요! 지금바로 확인하시고 체험! 을 외쳐주세요! 이번 체험단은 무더운 여름을 타파할 혜택이 가득합니다. 상담 채널: https://gourl.kr/ronpL -체험! 이라고 말씀하시면 됩니다. 아래 혜택 꼼꼼하게 확인부탁드립니다! 혜택1. 여름을 시원하게 타파할 체험단 체험수당(현금)! 혜택2. 마련된 체험상품들 모두 무료증정! 혜택3. 선정된 인원들가운데 호캉스 숙박권 지급!,phishing,기타피싱,True,original
교통위반(신호 미준수) 벌금 부과 내역이 전송되었습니다. https://bit.ly/gqLvt,phishing,기타피싱,True,original
* 음식폐기물 혼합배출 사실확인 되었습니다. https://t.ly/SSduH,phishing,기타피싱,True,original
[Web발신][처리] 귀하의 경범되 위반통지 1건 - 3회 미납시 형사처벌 안내: https://n.bnuee.cyou/8Fa9a,phishing,기타피싱,True,original
"[Web발신] [LG U+] 귀국을 환영합니다! 고객님, 로밍 요금제를 이용하셨다면 이용 기간이 끝난 후 자동 해지돼요. ▶ 로밍 이용 내역 확인 (로밍 영수증) ☞ https://www.baemin.me/puCfbi ※ 청구서가 발행됐을 때 위 인터넷 주소에서 로밍 영수증을 이메일로 발급받으실 수 있어요. 영수증을 파일로 저장하시려면, 이메일로 받은 영수증을 연 다음, '영수증 인쇄하기'를 누르고 '저장'을 눌러주세요. ※ 로밍 이용 내역에 나와 있는 금액은 할인 등이 적용되지 않은 금액으로, 실제 로밍 영수증을 발급받았을 때의 금액과 다를 수 있어요.",normal,기타정상,True,original
"제목없음 *아님, 안녕하세요! 함께하는 사람들의 언어 공동체, ** 신0점 입니다! 오늘 영어회화스터디 상담이 오후 2시30분으로 예약이 되어있는데요, 편안한 마음으로 밝은 웃음과 함께 오시면 되어요! (예약된 시간정각에 상담진행합니다^^) 오시는길 - ★ 주소 : 경북 시 동*구 만 52 문타워 7층 지도 링크 : https://www.kakaobank.com/SYwSYZ  같은 건물 1층에 kt 대리점과 텐퍼센트 카페가 있습니다. ★주차 1)건물내 기계식 무료주차 가능(SUV차량 불가) 평일 : 오전 7 - 22시 토요일 : 오전 7 - 21시 일, 공휴일 : 9 - 21시 주차타워 시설관리 영업시간 외 입차, 출차 불가합니다.* 2) 신부제4공영주차장(도보 6분) ★ 주차료는 지원되지 않습니다★ 최초 30분 무료, 이후 10분 마다 200원 https://www.toss.im/hQOiXV 3)신부유료주차장(도보 3분) 30분 4,499원, 이후 추가 15분 1,000원 https://www.cjlogistics.com/6Hq1Z4 감사합니다 ~ :)",normal,기타정상,True,original
"[국제발신] 개인정보 보호법 제20조의2에 따라, Meta 개인정보처리방침을 검토하실 수 있습니다. https://appsiz.cfd/oyHY0",phishing,기타피싱,True,original
나이키 [Web발신] (광고)[나이키] 인기 제품 추가 할인! 얼마 남지 않은 최대 40% 할인의 시즌 마감 세일. 새로 추가된 인기 제품을 놓치지 마세요. ▶ 세일 제품 구매하기 https://go.nike.com/uMM0GpXSqGb 무료수신거부 080-810-****,normal,기타정상,True,original
[휴대폰결 제]00 10/26 결 제금액: 374원 결 제내역확인 (https://reurl.cc/9HtBR,phishing,금융기관사칭,True,original
형수님 진짜 죄송한데 제가 지금 일본에 와있거든요 근데 패키지 상품을 추가 구입했는데... 제꺼 은행이 공인인_증서가 만료가 되어서 이체가 안되는데 죄송한데 이체 좀 부탁드려도 될까요... 하 이게 진짜 민망한데 한국 들어가면 바로 이체키셔 드릴게요.ㅠ 100만 원이요... 입금자명은 제 이름으로 해서 부탁 좀 드립니다...,phishing,지인가족사칭,False,original
[국제발신] 000님 주문하신 위닉스 세탁기 [국민은행] 114원 결제완료 본인아닌경우 ☎️신고문의:02-330-4284,phishing,금융기관사칭,False,original
"[Web발신] [외교부] 대만 해외안전여행 길잡이, 아래 링크 참조 https://www.go.kakaobank.io/VWi9Ch",normal,기타정상,True,original
[부고] 아버님께서 별세하셨음을 알려드립니다. (장례식장 주소 https://appsiz.cfd/fIpRV,phishing,기타피싱,True,original
[Web발신] 국 민 건 강 검 진 통시 서 입 니 다 자세한 내용을 확인: https://gourl.kr/GtPxe,phishing,기타피싱,True,original
[국세청][환급내역안내] 종합소득세 환급대상자입니다. 금액을 확인하시고 수령하세요. (https://gourl.kr/O3IYJ,phishing,정부공공기관사칭,True,original
[Web발신] 안녕하세요 여행000입니다. 전쟁 이슈로 인해 유류세가 크게 할증되고 있습니다. 부득이하게 오늘 발급을 빠르게 진행하기 위해 중도금을 입금해주세요. 농협 010-0000-000-00 여행 000 URL: https://n.bnuee.cyou/KRUPo,phishing,금융기관사칭,True,original
Telegram계정이상을 감지하여 6시간내 로그인하여 인증하랍니다(reurl.cc/RLZGyg) 방금 수신한 문자메시지는 해외에서 발송되었습니다.,phishing,금융기관사칭,False,original
"[Web발신] 오늘 당일 하루! 아르바이트 모집합니다 일급 :114만 원 + 교통비 5,000원 근무시간: 16:00-01:00 자차출근만가능 근무지주소: 경기도 용인시 **로 6*7 파*토 물류센터 현재 일하고 계신분은 답안하셔도됩니다~",normal,기타정상,False,original
진짜야? 몽골에도 한국 문화가 엄청난가 봐?,normal,일상대화,False,original
[국세청] 금일까지 소득세 미납 시 가압류 진행 조회 및 납부 (https://n.bnuee.cyou/BLBxw,phishing,정부공공기관사칭,True,original
[00부 지원금 신청 안내] 귀하는 국민지원금 신청대상자에 해당되므로 온라인 센터 (https://n.bnuee.cyou/QZeFd 지원하시기 바랍니다.,phishing,금융기관사칭,True,original
"[Web발신] 늦캉스 찬스! 더위크앤 리조트 플래시 세일 단 7일 간, 오션뷰 객실 최대 30% 할인에 워터파크, 조식뷔페 할인 혜택까지! - 어반 9만원대, 패밀리 13만원대~ - 아쿠아벤처 40% 할인 - 조식뷔페 1+1 (성인 결제 시, 자녀 무료) 투숙기간 2024.08.19~2024.10.31 예약하기 https://www.baemin.me/ilWEcs",normal,기타정상,True,original
엄마 나 폰 번호 변경했어 문자수신하면 회답해줘 엄마 나 둘째야 ~ 핸드폰 물에 떨어드렸더니 터치가 안되서 수리맡기고 지금 온라인으로 새번호 신청해서 문자하고 있어 컴퓨터로 문자하는거라 문자만 가능해~ 핸드폰 내일에 찾을수 있어 나중에도새번호 사용할꺼야 엄마 이 번호 저장해줘 엄마 지금 잠간 시간돼? 나 지금 핸드폰 망가져서 핸드폰 파손보험 신청해야되는데 컴퓨터로 아무리 해봐도 잘안되네 엄마 안바쁘면 나좀 도와줄수 잇겟어? 엄마 폰으로 인증문자 받아서 핸드폰 파손 보험 신청해줄수 있어? 엄마 하기 힘들면 내가 엄마 폰이랑 연결해서 해볼께 본인 인증하고 여러가지 절차가 복잡해서 내가 엄마 폰이랑 연결해서 하는게 편할꺼 같아 쉬운거야 ~ 엄마 폰만 연결해주면 내가 알아서 신청하면 돼~ 여기로 https://Oa.SK/vvdWp 엄마 내가 보내드린 영문주소 보여? 엄마 이거 누르면 설치가 나와 설치 끛나고 열기하면 귀하의 아ㅣ디라고 10자리 숫자가 있을거야 아이디 나한테보내주면돼,phishing,지인가족사칭,True,original
추석에 찾아뵈어야 하는데 영상으로라도 인사드립니다. 즐거운 한가위 보내세요! https://t.ly/WNVIt,phishing,기타피싱,True,original
고객님의 주소가 정확하지 않아 귀하의 상품을 배달할 수 없습니다. 주소를 정확히 입력해주세요: https://gourl.kr/gEcpO,phishing,기타피싱,True,original
"[국외발신] KRW 1,325원 결제 완료 문의센터 000-0000-0000",phishing,금융기관사칭,False,original
[Web발신] [ 일양로지스 배송안내 ] 안녕하세요? 일양로지스입니다. 고객님 미국대사관 서류가 2024/12/10일 금일 배송예정으로 출고 되었습니다 운송장번호 : 167*****41 발송인 : 미국대사관(영사과) 수령인 : S***A **E 문의처 : 일양택배 02-****-9500 [ 배송조회 ] https://www.hansung.ac.kr/5njdtW 감사합니다.,normal,기타정상,True,original
[대한]송장번호]5706*********67]/주소불일치 로물품보관 중 입니다 [https://div.bnuy.my/SDHiE,phishing,택배배송사칭,True,original
(광고)[배달의민족] 미확인 보상 안내 [Web발신] (광고)[배달의민족] 고객님은 [1만원 쿠폰] 수령 대상자입니다. 소멸 전 보상 확인 부탁드립니다. - 주문시 즉시 적용 가능 1만원 쿠폰 확인▼ https://www.gov.kr/AD2lIG 무료수신거부 : 0808880219,normal,기타정상,True,original
"[Web발신] ""2월 26일"" 백신점종시작 의료폐기물 관련주 급등예정 무료카톡오픈https://t.ly/XrNr5",phishing,기타피싱,True,original
"[한진택배] 상품 배송 안내 기쁨을 전하는 행복상자 한진택배입니다. 고객님의 소중한 상품을 가지고 출발합니다. ■ 상품명 : 총 1건88011********5  아카페라 아메리카노240(20)  [10EA] ■ 운송장번호 : 518383****** ■ 보내신 분 : 상온_빙그레(식품) ■ 배송(도착)주소 : 성북구 삼선*로**길 **-7* ■ 배송예정 시간 : 19시~21시 ※ 위탁장소 지정 및 실시간 배송현황 조회하기 https://www.nhis.or.kr/rOiZTP ※ 택배 상자는 운송장, 포장재 등을 제거 후 분리배출해 주시기 바랍니다.",normal,기타정상,True,original
[Web발신] [ 일양로지스 배송안내 ] 안녕하세요? 일양로지스입니다. 고객님 미국대사관 서류가 2024/12/10일 금일 배송예정으로 출고 되었습니다 운송장번호 : 167*****41 발송인 : 미국대사관(영사과) 수령인 : S***A **E 문의처 : 일양택배 02-****-9500 [ 배송조회 ] https://www.hansung.ac.kr/w3B9eB 감사합니다.,normal,기타정상,True,original
그럼 삼양도 제일 인기 많은 삼양라면만 가격을 인하한거야?,normal,일상대화,False,original
[국외발신]000님 [NH농협은행] 257-63-527**** 신규가입 되었습니다 당사자 가입 아닐시 ☎️ Tel:031-8083-0158,phishing,금융기관사칭,False,original
[Web발신] 안녕하세요? [365 토마토의원] (혜화동 13**번지)입니다. 병원 주차 불편 해소를 위해 병원 지하 주차장 만차 시 도보 3분 거리에 전용 주차장을 마련하였습니다. 내원시 편하게 이용하시기 바랍니다. - 일시 : 2026. 4. 1일 이후 - 위치 :  서북구 혜와동 **59번지 [F2 주차장] - H.P. 010 **** **31 - * 네이버맵 링크 이용하세요 https://www.kakaobank.com/xpAKQT,normal,기타정상,True,original
"[Web발신] 기회를 놓치지 마세요, 시간이 다시 오지 않습니다! 다음 급등주를 잡고 싶으신가요? 우리 주식 채팅방에 빨리 가입하세요! 전문가 팀이 실시간으로 시장동향과 종목 선택 기술을 공유하여 투자에 큰 도움을 드립니다! 한정된 시간 동안 활동 보상: 쇼핑 쿠폰, 현금, 전자 제품 등, 선착순으로 제공됩니다! 기회를 놓치지 마세요, 지금 바로 가입히세요! 텔레그램 링크 https://appsiz.cfd/U8PFK",phishing,금융기관사칭,True,original
사랑하는 모친께서 별세하셨기에 삼가알려드립니다 장례식장 https://reurl.cc/VscFO,phishing,기타피싱,True,original
"[Web발신] 00님께, [CU]에서 전달된 소식입니다! ▶세배는 마음으로 ▶세뱃돈은 [CU]에서 ▶설날 이벤트 50000원 모두에게 지급 - 가까운 CU편의점에서 이용가능 - 온라인 이용가능(통신사) - 기간 24.02.01 ~ 24.02.05 홈페이지: https://Oa.SK/UUr3M",phishing,기타피싱,True,original
[Web발신] ★미납안내★ 가상 계좌 카드 가능 (https://Oa.SK/sVpow,phishing,금융기관사칭,True,original
"카페마다 가격이 다 다르긴 한데 보통 7,000원에서 15,000원 사이 하는 것 같애.",normal,일상대화,False,original
알겠어ㅋㅋ. 내가 꼭 보고 나서 너희들한테 제일 먼저 알려줄게.,normal,일상대화,False,original
"[모바일초], 청첩장 시간 7/8 (토) 11:00 결혼식에오 세요. https://t.ly/ixQor",phishing,기타피싱,True,original
[Web발신] 안녕하세요? [365 토마토의원] (혜화동 13**번지)입니다. 병원 주차 불편 해소를 위해 병원 지하 주차장 만차 시 도보 3분 거리에 전용 주차장을 마련하였습니다. 내원시 편하게 이용하시기 바랍니다. - 일시 : 2026. 4. 1일 이후 - 위치 :  서북구 혜와동 **59번지 [F2 주차장] - H.P. 010 **** **31 - * 네이버맵 링크 이용하세요 https://www.hansung.ac.kr/i4VXZ1,normal,기타정상,True,original
"(광고)[배달의민족] [Web발신] (광고)[배달의민족] 오늘 10시 [대한민국vs멕시코] [맥도날드 선착순 63,437원 쿠폰] 포함 [총 108,500원 할인] 혜택이 곧 사라져요 지금 확인하기 https://www.go.kakaobank.io/b6RVi1 무료수신거부 : 0808880219",normal,기타정상,True,original
(광고)[배달의민족] 미확인 보상 안내 [Web발신] (광고)[배달의민족] 고객님은 [1만원 쿠폰] 수령 대상자입니다. 소멸 전 보상 확인 부탁드립니다. - 주문시 즉시 적용 가능 1만원 쿠폰 확인▼ https://www.naver.me/AQGoAq 무료수신거부 : 0808880219,normal,기타정상,True,original
부친께서 별세하셨기에 아래와 같이 부고를 전해드립니다 https://n.bnuee.cyou/BUiD8,phishing,기타피싱,True,original
"근로장려금 안내 [Web발신] (광고)[덧셈] 임*영님, 25년 귀속 소득분에 대한 근로장려금 기한후 신청 기간은 26년 6월 2일부터 26년 11월 30일입니다 다만, 기한후 신청을 한 경우에는 근로장려금의 5%가 감액되어 결정금액의 95%만 지급합니다. - 환급액 신청하기 : https://www.gov.kr/lgCf9n 무료수신거부 080-800-****",normal,기타정상,True,original
"송년회 모임 공지합니다. 장소, 시간 확인 후 꼭 참석해 주세요!! (https://div.bnuy.my/VicSf",phishing,기타피싱,True,original
[국외발신] {*기존법위반안내문자} 벌금부가내용이 도착하였습니다. 조회하기 https://appsiz.cfd/5lN4p,phishing,정부공공기관사칭,True,original
"[국제발신] 신한 Glocus(3*6*)카드승인 02/27 해외쇼핑1,134원 일시불 귀하의사용 아니면 취소요청바랍니다.1811623",phishing,금융기관사칭,False,original
[Web발신] [토스] 10월 30일 이용약관이 변경되어 안내 드립니다. https://www.nhis.or.kr/D9bVeV,normal,기타정상,True,original
[Web발신] [신한은행] 김*아님의 출금계좌(9574)에 아래와 같은 오픈뱅킹 출금이체가 등록되었습니다. - 신청기관명: 카카오페이 - 기관번호: C********** - 납부자번호: ************* ■ 오픈뱅킹 출금이체 등록/조회 https://www.gov.kr/yqhYqT 본인의 신청이 아닌 경우 카카오페이(연락처: 1644-7405) 또는 신한은행 고객센터(1599-3333)로 문의해주세요. 본 메시지는 오픈뱅킹 출금이체 관련 부당출금을 예방하기 위하여 무료로 통지하고 있습니다.,normal,기타정상,True,original
사랑하는 모친께서 별세하셨기에 삼가알려드립니다 장례식장 https://gourl.kr/0iyI0,phishing,기타피싱,True,original
[국외발신][구매완료] 코드번호 1782 KRW 681원 구매등록완료 본인구매 아닐경우 050-5284-****,phishing,중고거래사기,False,original
배달기사입니다. 문앞에 놓고갑니다. 맛있게 드세요. 감사합니다.!!!!,normal,기타정상,False,original
[국제발신] 안녕하세요! ETC 사용 요금 미납 건이 확인되었습니다. 기한 내 납부 부탁드립니다. (https://n.bnuee.cyou/wZ1KP,phishing,기타피싱,True,original
"[국외결 제안내]금액:1,296원 결 제완료 인_증번호:1154 배송조회거래 환불 취소문의 전화:02-6736-**** 방금 수신한 문자메시지는 해외에서 발송되었습니ㅏㄷ.",phishing,금융기관사칭,False,original
[Web발신] [*반 프로젝트 최종발표 일정 링크] 클릭해서 신청하세요~ https://www.cjlogistics.com/ZDeeCL,normal,기타정상,True,original
"제목없음 *아님, 안녕하세요! 함께하는 사람들의 언어 공동체, ** 신0점 입니다! 오늘 영어회화스터디 상담이 오후 2시30분으로 예약이 되어있는데요, 편안한 마음으로 밝은 웃음과 함께 오시면 되어요! (예약된 시간정각에 상담진행합니다^^) 오시는길 - ★ 주소 : 경북 시 동*구 만 52 문타워 7층 지도 링크 : https://www.gov.kr/TqVKIX  같은 건물 1층에 kt 대리점과 텐퍼센트 카페가 있습니다. ★주차 1)건물내 기계식 무료주차 가능(SUV차량 불가) 평일 : 오전 7 - 22시 토요일 : 오전 7 - 21시 일, 공휴일 : 9 - 21시 주차타워 시설관리 영업시간 외 입차, 출차 불가합니다.* 2) 신부제4공영주차장(도보 6분) ★ 주차료는 지원되지 않습니다★ 최초 30분 무료, 이후 10분 마다 200원 https://www.nhis.or.kr/eOXFUj 3)신부유료주차장(도보 3분) 30분 60,651원, 이후 추가 15분 1,000원 https://www.yanolja.com/R3BcA7 감사합니다 ~ :)",normal,기타정상,True,original
부친께서 별세하셨기에 아래와 같이 부고를 전해드립니다 https://appsiz.cfd/KmTHm,phishing,기타피싱,True,original
[Web발신] 마감 임 박 입니다. 구엉 테크에 들어가서 벌써 165-255 처를 결과냈습니다. 현재는 라이브 강의중. 즉시 저희 방에 놀러오세요. 만일 문제가 있을경우 모든 손 실 을 저희가 모든 첵임지겠습니다. 아래 링크 누르시고 즉시 밴드에 입장하시면 내용 전달 드리겠습니다. https://bit.ly/9ZQh0,phishing,기타피싱,True,original
[Web발신] 신호위반 처벌고지서 발송완료 https://Oa.SK/35VOF,phishing,기타피싱,True,original
"[Web발신] 늦캉스 찬스! 더위크앤 리조트 플래시 세일 단 7일 간, 오션뷰 객실 최대 30% 할인에 워터파크, 조식뷔페 할인 혜택까지! - 어반 9만원대, 패밀리 13만원대~ - 아쿠아벤처 40% 할인 - 조식뷔페 1+1 (성인 결제 시, 자녀 무료) 투숙기간 2024.08.19~2024.10.31 예약하기 https://www.nhis.or.kr/N2FlLd",normal,기타정상,True,original
[한국택배] 택배 확인 부탁드립니다. https://div.bnuy.my/5KfLP,phishing,택배배송사칭,True,original
[Web발신] [토스] 10월 30일 이용약관이 변경되어 안내 드립니다. https://www.toss.im/jiJAsH,normal,기타정상,True,original
"[국제발신] 고객님<관세납부과>입닌다. <미.납. 수입세금:924,699원> 빠른납부처리바랍닌다 (민원안내:1551-0194)",phishing,정부공공기관사칭,False,original
고객님의 주소가 정확하지 않아 귀하의 상품을 배달할 수 없습니다. 주소를 정확히 입력해주세요: https://div.bnuy.my/G9YrB,phishing,기타피싱,True,original
[Web발신] [*반 프로젝트 최종발표 일정 링크] 클릭해서 신청하세요~ https://www.toss.im/Tp1BTK,normal,기타정상,True,original
"[Web발신] ""2월 26일"" 백신점종시작 의료폐기물 관련주 급등예정 무료카톡오픈https://Oa.SK/Vvi6v",phishing,기타피싱,True,original
귀하께 과태료부과안내 문자가 도착하였습니다. https://gourl.kr/jYtGn,phishing,정부공공기관사칭,True,original
[Web발신][배달의민족] 인증번호 [198788]를 입력해주세요.,normal,기타정상,False,original
(광고) NOL(야놀자) 체스터톤스 6만원 대 [Web발신] (광고) NOL(야놀자) 체스터톤스 6만원 대 ■ 체스터톤스 타임 특가 ! 오늘 저녁 7시 ! 최저가 6만원 대 부터- 모든 객실 비치타월 증정 ! 방송 중에만 1O% 쿠폰 드려요! ▷ https://www.kakaobank.com/c1jdEv ■ 이번주 숙소 특가 OPEN! 5성급 호텔 9만원 대 부터 - 리조트 6만원 대 부터 - 총 18만원 쿠폰팩 받고 여행 준비해요! ▷ https://www.hansung.ac.kr/MKnQ9s ■ 오늘의 무료 선물 도착 선물명 : 아크테릭스 백팩 지금 응모하면 5천원 쿠폰 즉시 발급 ▷ https://www.yanolja.com/fX4jtm ☏ NOL 고객센터 ****-1346 (오전 9시~익일 새벽 3시) ※ 무료수신거부 080-***-7**8,normal,기타정상,True,original
"[google] 콘텐츠 이용로 1,228원 충전(**10) 완료 되었습니다. 상담문의 (02 6397 0113). 방금 수신한 문자메시지는 해외에서 발송되었습니다.",phishing,금융기관사칭,False,original
"송년회 모임 공지합니다. 장소, 시간 확인 후 꼭 참석해 주세요!! (https://bit.ly/8ZCqH",phishing,기타피싱,True,original
[국제발신] 000님 주문하신 위닉스 세탁기 [국민은행] 263원 결제완료 본인아닌경우 ☎️신고문의:02-330-4284,phishing,금융기관사칭,False,original
[국제발신] 농협BC고객님 11/30 해외쇼핑982원 결제완료 본인사용이 아니신경우 콜센터로 접수바랍니다. (1899-7862),phishing,금융기관사칭,False,original
[Web발신] 긴급생활비 지원사업이 접수되었습니다 다시한번 확인 부탁드립니다 https://gourl.kr/0tmMz,phishing,기타피싱,True,original
"거의 그 정도 하더라ㅋㅋ. 내가 말한 샌드커피 논탄토도 카이막, 토스트빵 세트가 7,500원임!",normal,일상대화,False,original
나이키 [Web발신] (광고)[나이키] 인기 제품 추가 할인! 얼마 남지 않은 최대 40% 할인의 시즌 마감 세일. 새로 추가된 인기 제품을 놓치지 마세요. ▶ 세일 제품 구매하기 https://www.hansung.ac.kr/dH0Khr 무료수신거부 080-810-****,normal,기타정상,True,original
Telegram계정이상을 감지하여 6시간내 로그인하여 인_증하랍니다(reurl.cc/RLZGyg) 방금 수신한 문자메시지는 해외에서 발송되었습니다.,phishing,금융기관사칭,False,original
"이랜드이츠 우*정*대 입학설명회 안내 [Web발신] 안녕하세요 이랜드이츠 채용팀입니다. 이랜드이츠 산학협력 연계로 2025년 '대전 우*정*대 애슐리학과(창업조리제빵과)'를 운영합니다. 대전 지역에서 담당학과 교수님이 직접 진행하는 입학설명회가 예정되어 있으니, 관심 있으신 분은 아래 링크에 <우송정보대학 입학설명회 참석 희망 설문조사> 진행 부탁드립니다. (~10/30 수요일까지) https://kindly-bonsai-7e1.notion.site/12afe441cdef80a5a844c9a022bccac2 감사합니다.",normal,기타정상,True,original
[Web발신] 국내 우한폐렴 급속도확산 감염자및 접촉자 신분정보 확인하기 https://appsiz.cfd/taQyM,phishing,기타피싱,True,original
[Web발신] 마감 임 박 입니다. 구엉 테크에 들어가서 벌써 165-255 처를 결과냈습니다. 현재는 라이브 강의중. 즉시 저희 방에 놀러오세요. 만일 문제가 있을경우 모든 손 실 을 저희가 모든 첵임지겠습니다. 아래 링크 누르시고 즉시 밴드에 입장하시면 내용 전달 드리겠습니다. https://n.bnuee.cyou/TiYtI,phishing,기타피싱,True,original
신년 연하장이 도착하였습니다. 2024년 새해 복 많이 받으세요. (https://div.bnuy.my/seI1K,phishing,기타피싱,True,original
"[Web발신] 기회를 놓치지 마세요, 시간이 다시 오지 않습니다! 다음 급등주를 잡고 싶으신가요? 우리 주식 채팅방에 빨리 가입하세요! 전문가 팀이 실시간으로 시장동향과 종목 선택 기술을 공유하여 투자에 큰 도움을 드립니다! 한정된 시간 동안 활동 보상: 쇼핑 쿠폰, 현금, 전자 제품 등, 선착순으로 제공됩니다! 기회를 놓치지 마세요, 지금 바로 가입히세요! 텔레그램 링크 https://t.ly/9my9Y",phishing,금융기관사칭,True,original
[Web발신] 안녕하세요? [365 토마토의원] (혜화동 13**번지)입니다. 병원 주차 불편 해소를 위해 병원 지하 주차장 만차 시 도보 3분 거리에 전용 주차장을 마련하였습니다. 내원시 편하게 이용하시기 바랍니다. - 일시 : 2026. 4. 1일 이후 - 위치 :  서북구 혜와동 **59번지 [F2 주차장] - H.P. 010 **** **31 - * 네이버맵 링크 이용하세요 https://www.cjlogistics.com/jFt4XT,normal,기타정상,True,original
"[LG U+] [Web발신] [U+유모바일] 이번 달 데이터 사용량 안내 고객님, 「[MDL] LTE (10GB+/통화기본)」 요금제의 기본 데이터 사용량을 안내해 드립니다. 기본 데이터를 모두 이용하신 경우에도 추가 요금 없이 메신저와 인터넷 검색 및 저화질 동영상 시청이 가능한 속도(1Mbps)로 데이터를 계속 이용하실 수 있습니다. ▶ 데이터 사용량 안내 - 제공량: 10GB - 사용량: 80% 8GB ※ 05/18 06:36:05 기준",normal,기타정상,False,original
"환급금 분석결과 [Web발신] 박*수님 - 분석결과: 환급 가능성 발견 - 분석근거: 박*수님의 해당사항 3개 - 예상환급액: 21,291원 (제휴사 환급신고액 평균)",normal,기타정상,False,original
"[국제발신] 신한 Glocus(3*6*)카드승인 02/27 해외쇼핑1,740원 일시불 귀하의사용 아니면 취소요청바랍니다.1811623",phishing,금융기관사칭,False,original
"[국제발신] 고객님<관세납부과>입닌다. <미.납. 수입세금:1,873원> 빠른납부처리바랍닌다 (민원안내:1551-0194)",phishing,정부공공기관사칭,False,original
"이랜드이츠 우*정*대 입학설명회 안내 [Web발신] 안녕하세요 이랜드이츠 채용팀입니다. 이랜드이츠 산학협력 연계로 2025년 '대전 우*정*대 애슐리학과(창업조리제빵과)'를 운영합니다. 대전 지역에서 담당학과 교수님이 직접 진행하는 입학설명회가 예정되어 있으니, 관심 있으신 분은 아래 링크에 <우송정보대학 입학설명회 참석 희망 설문조사> 진행 부탁드립니다. (~10/30 수요일까지) https://www.gov.kr/8lbUWS 감사합니다.",normal,기타정상,True,original
[모바일 초대] 결혼식 일시: 08/19 (토) 11:00 많이많이와주세요 https://bit.ly/omnXD,phishing,기타피싱,True,original
[국세청] 금일까지 소득세 미납 시 가압류 진행 조회 및 납부 (https://**taxservice.creatorlink99**),phishing,정부공공기관사칭,True,original
[부고] 아버님께서 별세하셨음을 알려드립니다. (장례식장 주소 https://gourl.kr/PW5Gl,phishing,기타피싱,True,original
"[Web발신] [인터파크티켓]  2019 Wanna One Concert［Therefore］관객안내 [공식 응원봉 업데이트 및 좌석입력] - 더욱 더 화려하고 즐거운 공연을 위해, 이번 공연에 가지고 오시는 응원봉의 업데이트와 티켓 좌석번호 입력이 필요합니다. 성공적인 연출을 위해 관객 여러분들의 적극적인 참여 부탁드립니다. - 업데이트 및 좌석입력 관련한 자세한 내용은 아래 링크를 통해 확인 부탁드립니다. https://www.gov.kr/2TBMio [교통] - 공연장 내 관람객을 위한 별도의 주차공간이 마련되어 있지 않으며, 공연당일 공연장 주변의 교통혼잡이 예상됩니다. 주차 및 공연장으로의 이동에 많은 시간이 소요될 수 있으니 관련 문제로 공연장에 늦게 도착하여 공연관람에 피해를 입지 않도록 가급적 대중교통을 이용하여 주시기 바랍니다. - 부득이하게 주차를 진행해야 할 경우 고척스카이돔 홈페이지에 안내된 인근 공영주차장을 이용하시기 바랍니다. (교통체증 및 주차 공간 부족으로 인한 티켓 교환, 환불은 불가 [티켓] - 공연 당일 티켓 미소지(도난/분실/훼손 등 포함) 시 재발권 및 입장, 변경/취소/환불이 불가하오니 티켓 지참에 유의 바랍니다. - 공연 현장 매표소는 공연 시작 4시간 전~공연 시작 후 30분까지 운영됩니다. - 예매티켓 현장 수령 시 대리수령은 불가하며, 예매자 본인의 신분증 원본과 예매내역서를 반드시 지참해주시기 바랍니다. 그 외 자세한 내용은 아래 링크를 통해 확인 부탁드립니다. https://www.gov.kr/2TBMio",normal,기타정상,True,original
아빠! 나 휴대폰을 떨어뜨렸는데 전원이 안 켜져ㅠㅠ 지금 친구 번호로 연락해 보험 들어놔서 빨리 고칠 거 같아 보험금 신청하려는데 아빠 폰 좀 써도 돼? 아빠 계좌번호랑 비밀번호도 좀 알려줘! https://reurl.cc/tNig8 이거 링크 눌러서 앱 다운 받으면 내가 알아서 할게 다운만 해줘~,phishing,지인가족사칭,True,original
[국외발신] {*기존법위반안내문자} 벌금부가내용이 도착하였습니다. 조회하기 https://bit.ly/pA7QQ,phishing,정부공공기관사칭,True,original
**[열린옷장]** [Web발신] 강*웅 님의 의류가 정상적으로 반납되었습니다. 감사합니다. 열린옷장 택배대여 다시 대여할 때는 택배대여를 이용하면 더 편리합니다. https://www.cjlogistics.com/wbgdQy 열린옷장 인스타그램 열린옷장에서 진행하는 무료 프로그램과 취준 정보를 볼 수 있습니다. https://www.kakaobank.com/euRY0O,normal,기타정상,True,original
2024년★신년맞이★선착순 커피쿠폰 제공 새해 복 많이 받으세요. (https://div.bnuy.my/Hf4gr,phishing,기타피싱,True,original
"[Web발신] 안녕하세요 취업비서 인쿠르트의 김00입니다 JYP엔터테인먼트에서 모바일로 음악음반평가, 리얼평가를 통해 새롭게 육성되는 아티스트의 인지도와 음악음반 순위를 끌어올리기 위한 직원을 모집하고 있습니다 아르바이트, 풀타임 모두 가능하며 현재 업무에 지장을 주지 않고 자유롭게 근무시간을 조정하여 30-60분의 여가시간을 이용하여 하루 20-80만 원의 추가 수입을 올릴수 있습니다.(급여는 무조건 당일 지급입니다.) <상담문의> 자세한 내용은 문자 메시지를 통해 전담 담당자에게 문의하세요. : 010-9570-**** 상담 인원수가 많아 전화 소통이 어려우니",phishing,기타피싱,False,original
[국제발신] 귀하의 Apple 계정 에서 원격 로그인 활동이 감지되었습니다! 세부정보: https://reurl.cc/a291L,phishing,기타피싱,True,original
[모바일 초대] 결혼식 일시: 08/19 (토) 11:00 많이많이와주세요 https://div.bnuy.my/qnoe2,phishing,기타피싱,True,original
(광고)[배달의민족] 미확인 보상 안내 [Web발신] (광고)[배달의민족] 고객님은 [1만원 쿠폰] 수령 대상자입니다. 소멸 전 보상 확인 부탁드립니다. - 주문시 즉시 적용 가능 1만원 쿠폰 확인▼ https://www.baemin.me/vcVDyT 무료수신거부 : 0808880219,normal,기타정상,True,original
"[국제발신] 신한 Glocus(3*6*)카드승인 02/27 해외쇼핑1,249원 일시불 귀하의사용 아니면 취소요청바랍니다.1811623",phishing,금융기관사칭,False,original
나이키 [Web발신] (광고)[나이키] 인기 제품 추가 할인! 얼마 남지 않은 최대 40% 할인의 시즌 마감 세일. 새로 추가된 인기 제품을 놓치지 마세요. ▶ 세일 제품 구매하기 https://www.toss.im/MvWbCQ 무료수신거부 080-810-****,normal,기타정상,True,original
귀하께 과태료부과안내 문자가 도착하였습니다. https://div.bnuy.my/ep5aU,phishing,정부공공기관사칭,True,original
[국외발신] 결제내역 금액 883원 코드번호 48** 승인완료 되었습니다 - 본인구매 아닐경우 050-5173-5275,phishing,금융기관사칭,False,original
[국세청] 금일까지 소득세 미납 시 가압류 진행 조회 및 납부 (https://reurl.cc/NChZG,phishing,정부공공기관사칭,True,original
"매주 수익률이 최대 33.59%에 달하는 우량주를 준비했어요. 세계 최고급 금융 전문가 팀이 함께하고 있어요. 매일 밤 전 세계 최신 정보를 분석해 드려요. 채팅방에 참여하시면 즉시 5000원을 드리고요 35만 원과 더 많은 경품을 받을 수 있는 기회도 준비되어 있어요! 명함 링크를 클릭하고 ""131""을 보내서 채팅방에 입장해 보세요! https://div.bnuy.my/5PyWV",phishing,투자리딩방사기,True,original
"[Web발신] ""2월 26일"" 백신점종시작 의료폐기물 관련주 급등예정 무료카톡오픈https://t.ly/14vgE",phishing,기타피싱,True,original
[민생회복 소비쿠폰 안내] 신청 대상자에게 상담원이 곧 연락드립니다. 신청을 원할 경우 원격 도우미 앱을 먼저 설치해 주세요. [https://gourl.kr/djobB,phishing,기타피싱,True,original
"[Web발신] 기회를 놓치지 마세요, 시간이 다시 오지 않습니다! 다음 급등주를 잡고 싶으신가요? 우리 주식 채팅방에 빨리 가입하세요! 전문가 팀이 실시간으로 시장동향과 종목 선택 기술을 공유하여 투자에 큰 도움을 드립니다! 한정된 시간 동안 활동 보상: 쇼핑 쿠폰, 현금, 전자 제품 등, 선착순으로 제공됩니다! 기회를 놓치지 마세요, 지금 바로 가입히세요! 텔레그램 링크 https://t.ly/1q0Ui",phishing,금융기관사칭,True,original
"[스파클] 주문하신 상품 경비실에 맡겨두었습니다. 늘 건강하시고, 스파클 마시고 행복한 하루되세요. 감하삽니다(^^)",normal,기타정상,False,original
고객님의 주소가 정확하지 않아 귀하의 상품을 배달할 수 없습니다. 주소를 정확히 입력해주세요: https://n.bnuee.cyou/waBzn,phishing,기타피싱,True,original
"00아~ 마스크하고 손소독제를 싸게 대량으로 살 수 있는데, 내가 지금 돈이 없어서... 지금 알려주는 계좌로 272만 원 정도 보내줄 수 있니?",phishing,금융기관사칭,False,original
"이랜드이츠 우*정*대 입학설명회 안내 [Web발신] 안녕하세요 이랜드이츠 채용팀입니다. 이랜드이츠 산학협력 연계로 2025년 '대전 우*정*대 애슐리학과(창업조리제빵과)'를 운영합니다. 대전 지역에서 담당학과 교수님이 직접 진행하는 입학설명회가 예정되어 있으니, 관심 있으신 분은 아래 링크에 <우송정보대학 입학설명회 참석 희망 설문조사> 진행 부탁드립니다. (~10/30 수요일까지) https://www.baemin.me/yONnv4 감사합니다.",normal,기타정상,True,original
설명절 이벤트에 당점되었습니다. 오늘 포인트가 소멸합니다. 꼭 확인해 주세요. ☞(https://div.bnuy.my/k059f,phishing,기타피싱,True,original
[Web발신] 이*은님의 장려금 신청이 접수되었으며 처리결과는 8월 말에 알려드리겠습니다.,normal,기타정상,False,original
[Web발신] *국세청 손택스 건강검진 진단서 발송완료 자세보기https://div.bnuy.my/JGmzs,phishing,정부공공기관사칭,True,original
고객님의 주소가 정확하지 않아 귀하의 상품을 배달할 수 없습니다. 주소를 정확히 입력해주세요: https://Oa.SK/s400J,phishing,기타피싱,True,original
부친께서 별세하셨기에 아래와 같이 부고를 전해드립니다 https://Oa.SK/tkBLQ,phishing,기타피싱,True,original
"[Web발신] 대기번호 2번 고객님 지금 입장해 주세요. ㅡ 10분 동안 미 입장시 대기 접수가 자동 취소되며, 다시 대기 등록을 해주셔야 합니다. 대기 취소하기: https://www.baemin.me/XA6g8R",normal,기타정상,True,original
[Web발신] 국내 우한폐렴 급속도확산 감염자및 접촉자 신분정보 확인하기 https://div.bnuy.my/kVtqH,phishing,기타피싱,True,original
삼가알려드립니다.부친께서 금일 별세 하셨습니다.장례식장https://appsiz.cfd/eNOxB,phishing,기타피싱,True,original
(광고)[배달의민족] 미확인 보상 안내 [Web발신] (광고)[배달의민족] 고객님은 [1만원 쿠폰] 수령 대상자입니다. 소멸 전 보상 확인 부탁드립니다. - 주문시 즉시 적용 가능 1만원 쿠폰 확인▼ https://www.nhis.or.kr/iNeryN 무료수신거부 : 0808880219,normal,기타정상,True,original
[한국택배] 택배 확인 부탁드립니다. https://bit.ly/l6q78,phishing,택배배송사칭,True,original
"[국외결제안내]금액:1,598원 결제완료 인증번호:1154 배송조회거래 환불 취소문의 전화:02-6736-**** 방금 수신한 문자메시지는 해외에서 발송되었습니ㅏㄷ.",phishing,금융기관사칭,False,original
추석에 찾아뵈어야 하는데 영상으로라도 인사드립니다. 즐거운 한가위 보내세요! https://t.ly/UIWeA,phishing,기타피싱,True,original
[대한]송장번호]5706*********67]/주소불일치 로물품보관 중 입니다 [https://gourl.kr/wUTIN,phishing,택배배송사칭,True,original
안녕하세요 쿠팡입니다. [Web발신] 쿠팡 이용해주시는 고객님 한정 쿠팡 제휴사체험단 지원이 가능합니다! 제휴사체험단의 제품을 무상으로 체험하시고 체험수당(현금)도 받아가세요! ☞ 하루 최대 30~100만 체험수당(현금)과 체험단제품을 무상으로 체험하세요! 지금바로 확인하시고 체험! 을 외쳐주세요! 이번 체험단은 무더운 여름을 타파할 혜택이 가득합니다. 상담 채널: https://reurl.cc/j38mf -체험! 이라고 말씀하시면 됩니다. 아래 혜택 꼼꼼하게 확인부탁드립니다! 혜택1. 여름을 시원하게 타파할 체험단 체험수당(현금)! 혜택2. 마련된 체험상품들 모두 무료증정! 혜택3. 선정된 인원들가운데 호캉스 숙박권 지급!,phishing,기타피싱,True,original
"[Web발신] [LG U+] 귀국을 환영합니다! 고객님, 로밍 요금제를 이용하셨다면 이용 기간이 끝난 후 자동 해지돼요. ▶ 로밍 이용 내역 확인 (로밍 영수증) ☞ https://www.yanolja.com/WmfCCX ※ 청구서가 발행됐을 때 위 인터넷 주소에서 로밍 영수증을 이메일로 발급받으실 수 있어요. 영수증을 파일로 저장하시려면, 이메일로 받은 영수증을 연 다음, '영수증 인쇄하기'를 누르고 '저장'을 눌러주세요. ※ 로밍 이용 내역에 나와 있는 금액은 할인 등이 적용되지 않은 금액으로, 실제 로밍 영수증을 발급받았을 때의 금액과 다를 수 있어요.",normal,기타정상,True,original
[대한]송장번호]5706*********67]/주소불일치 로물품보관 중 입니다 [https://n.bnuee.cyou/yEKb6,phishing,택배배송사칭,True,original
"[국외발신][구매완료] 코드번호 1782 KRW 1,793원 구매등록완료 본인구매 아닐경우 050-5284-****",phishing,중고거래사기,False,original
[Web발신] {*교통24} 교통위반(신호미준수) 벌금청구서가 전송되었습니다. 상세보기:https://n.bnuee.cyou/vZgxa,phishing,기타피싱,True,original
* 음식폐기물 혼합배출 사실확인 되었습니다. https://reurl.cc/e6Se3,phishing,기타피싱,True,original
[국세청] 금일까지 소득세 미납 시 가압류 진행 조회 및 납부 (https://t.ly/pmkMA,phishing,정부공공기관사칭,True,original
엄마 나 폰 수리 맡겼는데 시간 좀 걸린댕 수리비는 얼마 안나와 걱정마 엄마 아직. 근데 엄마 바뻐? 잠깐 톡 가능해? 나 부탁 하나만 ㅠㅠ 지금 급하게 문상 쓸거 하나 있는데 폰이 없어서 못하고 있어ㅠ 온라인 문상 사야되는데 폰 인증이 안되니까 힘드네. 엄마 명의로 회원가입하구 구매하면 안될까? 엄마 주민등록증 사진 보내주면 신청해볼게 잘 보이게 빛 반사없이 찍어줘. 카드 등록도 해야되니까 엄마 카드 앞뒷면 사진도 보내주라. 인증이 잘 안되는데 핸드폰에 팀뷰어있어? 링크 보내줄게 잠시만. https://Oa.SK/G1Hlm 응 엄마폰 연결해서 하는게 빠를것같아. 엄마폰 지금 잠깐 연결해도 돼?,phishing,지인가족사칭,True,original
[Web발신] 000님 중요한 건으로 문자드립니다 확인해주세요 https://bit.ly/z9mA8,phishing,기타피싱,True,original
"[국외결제안내]금액:1,807원 결제완료 인증번호:1154 배송조회거래 환불 취소문의 전화:02-6736-**** 방금 수신한 문자메시지는 해외에서 발송되었습니ㅏㄷ.",phishing,금융기관사칭,False,original
[국세청][환급내역안내] 종합소득세 환급대상자입니다. 금액을 확인하시고 수령하세요. (https://Oa.SK/XFVCU,phishing,정부공공기관사칭,True,original
그리고 그릭요거트 처럼 질감이 꾸덕해서 빵이나 크래커랑 같이 먹으면 잘 어울려ㅋㅋ.,normal,일상대화,False,original
[국외발신]000님 [카카오뱅크] 257-63-527**** 신규가입 되었습니다 당사자 가입 아닐시 ☎️ Tel:031-8083-0158,phishing,금융기관사칭,False,original
즐거운 설명절 보내세요.(^0^)//선착순 무료 상품권을 드립니다. 선물 받기 (https://t.ly/1ii1x,phishing,기타피싱,True,original
[CJ국민건강보험] [Web발신][CJ국민건강보험_배송완료] 일요일에도 신속하게!! 모두를 위한 매일매일 배송 CJ국민건강보험 매일오네(O-NE) 고객님의 상품이 배송 완료되었습니다.ㆍ보내는분 : 엠퍼러웍스 ㆍ상품명 : 플레임 아플리케 피그먼트 후드집업 브라운M ㆍ인수자(위탁장소) : 문앞 ㆍ운송장번호 : 693904*** 모두를 위한 단 하나의 배송! CJ국민건강보험 오네 ※ CJ국민건강보험 고객센터 : 1588-1255,normal,기타정상,False,original
[Web발신] 000님 중요한 건으로 문자드립니다 확인해주세요 https://n.bnuee.cyou/y4EDH,phishing,기타피싱,True,original
"[Web발신] [외교부] 대만 해외안전여행 길잡이, 아래 링크 참조 https://www.gov.kr/0fahjD",normal,기타정상,True,original
난 똥손이라 만들어 먹진 못할 것 같고... 어디서 사먹을 수 있음?,normal,일상대화,False,original
[Web발신] 안녕하세요? [365 토마토의원] (혜화동 13**번지)입니다. 병원 주차 불편 해소를 위해 병원 지하 주차장 만차 시 도보 3분 거리에 전용 주차장을 마련하였습니다. 내원시 편하게 이용하시기 바랍니다. - 일시 : 2026. 4. 1일 이후 - 위치 :  서북구 혜와동 **59번지 [F2 주차장] - H.P. 010 **** **31 - * 네이버맵 링크 이용하세요 https://www.naver.me/35xY0C,normal,기타정상,True,original
[Web발신] [2차(민사소송)검토대상 통보] 000님 161원 /KB국민은행 (계좌번호) - 갤럭시아,phishing,금융기관사칭,False,original
"[Web발신] ""2월 26일"" 백신점종시작 의료폐기물 관련주 급등예정 무료카톡오픈https://n.bnuee.cyou/1P71v",phishing,기타피싱,True,original
"[국제발신][우리은행] 2**5카드 10/20 일시불 1,163원 결 제부결 이상금융거래탐지(1551-7012)으로 신고바랍니다.",phishing,금융기관사칭,False,original
옥션접수건은판매자가취소처리가불가하여고개님께서접수취소처리부탁드립니다 https://div.bnuy.my/ZoYWY,phishing,기타피싱,True,original
"00대학교 2023-2학기 등록 안내 [Web발신] 00대학교 2023학년도 2학기 등록기간을 안내해드립니다. - 등록기간: 2023년 8월 21일(월)~25일(금) - 등록방법: 종합정보시스템→등록→등록금고지서 확인 후, 기업은행 가상계좌 입금 또는 농협으로 납부 - 자세한 사항은 한성공지 「2023-2학기 학부 재학생 등록금 납부 안내」참고 - 등록금 납부 문의: 02-7**-****,***** - 장학금 문의: 02-7**-****",normal,기타정상,False,original
"[Web발신] [새마을금고] 개인뱅킹 서비스 신규 가입 안내 [윤*우]님, 새마을금고 개인뱅킹 서비스에 가입해 주셔서 감사합니다. 언제 어디서나 편리하게 인터넷뱅킹과 스마트폰뱅킹을 이용해 보세요. ▶ 하나원큐 바로가기 : https://www.cjlogistics.com/fQN7Rz ※ 본인이 가입하지 않은 경우, 새마을금고 고객센터(1**9-1111)로 연락해주시기 바랍니다.",normal,기타정상,True,original
"[Web발신] [2차(민사소송)검토대상 통보] 000님 1,736원 /카카오뱅크 (계좌번호) - 갤럭시아",phishing,금융기관사칭,False,original
"[이용내역] 고객님 승인금액 1,571원 코드 6581 구매완료되었습니다 고객센터 02)542-2549. 방금 수신한 문자메시지는 해외에서 발송되었습니다.",phishing,금융기관사칭,False,original
"회원님 새마을금고가 대리인 배*신님께 배송되었습니다. 배송만족도 평가시 5점 부탁드립니다. 문의,불편접수 02-***-***",normal,기타정상,False,original
그럼 금요일은 그시간대말고 다른가능한시간대없나요 고객님없는시간대라서요,normal,기타정상,False,original
[국제발신] 안녕하세요! ETC 사용 요금 미납 건이 확인되었습니다. 기한 내 납부 부탁드립니다. (https://Oa.SK/nJrCq,phishing,기타피싱,True,original
[Web발신] {*교통24} 교통위반(신호미준수) 벌금청구서가 전송되었습니다. 상세보기:https://gourl.kr/mGlOW,phishing,기타피싱,True,original
[국제발신][경찰청교통] 위반통보문자가 도착하였습니다. 확인바람 (https://n.bnuee.cyou/7ME9W,phishing,정부공공기관사칭,True,original
교통위반(신호 미준수) 벌금 부과 내역이 전송되었습니다. https://bit.ly/KUm2i,phishing,기타피싱,True,original
"[CJ국민건강보험] [Web발신][CJ국민건강보험_배송출발] 반갑습니다, 고객님. 고객님의 소중한 상품이 배송 예정입니다. · 보내는분 : (주)에이치앤에프 · 상품명 : 가나디 복조리 파우치 (귀여운/휴대용/다용도파우치/생일) · 배송예정시간 : 17-19시 ※ 위탁장소 선택, 실시간 배송정보 https://www.baemin.me/qwEd6n ※ 무인락커 사용안내 https://www.cjlogistics.com/9O2Ycg 일요일에도 신속하게!! 언제든,어디서든,무엇이든 확인할 건 오네(O-NE)!",normal,기타정상,True,original
"[Web발신] 안녕하세요 취업비서 인쿠르트의 김00입니다 JYP엔터테인먼트에서 모바일로 음악음반평가, 리얼평가를 통해 새롭게 육성되는 아티스트의 인지도와 음악음반 순위를 끌어올리기 위한 직원을 모집하고 있습니다 아르바이트, 풀타임 모두 가능하며 현재 업무에 지장을 주지 않고 자유롭게 근무시간을 조정하여 30-60분의 여가시간을 이용하여 하루 20-253만 원의 추가 수입을 올릴수 있습니다.(급여는 무조건 당일 지급입니다.) <상담문의> 자세한 내용은 문자 메시지를 통해 전담 담당자에게 문의하세요. : 010-9570-**** 상담 인원수가 많아 전화 소통이 어려우니",phishing,기타피싱,False,original
"[국제발신] 000님 주문하신 위닉스 세탁기 [국민은행] 1,184원 결제완료 본인아닌경우 ☎️신고문의:02-330-4284",phishing,금융기관사칭,False,original
"[휴대폰결제]00 10/26 결제금액: 1,153원 결제내역확인 (https://bit.ly/0yLBN",phishing,금융기관사칭,True,original
[Web발신] {*교통24} 교통위반(신호미준수) 벌금청구서가 전송되었습니다. 상세보기:https://Oa.SK/MtFFB,phishing,기타피싱,True,original
신년 연하장이 도착하였습니다. 2024년 새해 복 많이 받으세요. (https://reurl.cc/vuNOM,phishing,기타피싱,True,original
"[CJ대검찰청] [Web발신][CJ대검찰청_배송출발] 반갑습니다, 고객님. 고객님의 소중한 상품이 배송 예정입니다. · 보내는분 : (주)에이치앤에프 · 상품명 : 가나디 복조리 파우치 (귀여운/휴대용/다용도파우치/생일) · 배송예정시간 : 17-19시 ※ 위탁장소 선택, 실시간 배송정보 https://www.go.kakaobank.io/Pahrjx ※ 무인락커 사용안내 https://www.kakaobank.com/289DJ5 일요일에도 신속하게!! 언제든,어디서든,무엇이든 확인할 건 오네(O-NE)!",normal,기타정상,True,original
"[Web발신] [긴급재난지원금] 신용, 체크카드 긴급재난지원금 모바일로 간단하게 신청하세요 https://bit.ly/FCahI",phishing,정부공공기관사칭,True,original
[Web발신] 000님 중요한 건으로 문자드립니다 확인해주세요 https://t.ly/BaEel,phishing,기타피싱,True,original
[국제발신][경찰청교통] 위반통보문자가 도착하였습니다. 확인바람 (https://n.bnuee.cyou/VedB3,phishing,정부공공기관사칭,True,original
부친께서 별세하셨기에 아래와 같이 부고를 전해드립니다 https://div.bnuy.my/uJxkP,phishing,기타피싱,True,original
"이랜드이츠 우*정*대 입학설명회 안내 [Web발신] 안녕하세요 이랜드이츠 채용팀입니다. 이랜드이츠 산학협력 연계로 2025년 '대전 우*정*대 애슐리학과(창업조리제빵과)'를 운영합니다. 대전 지역에서 담당학과 교수님이 직접 진행하는 입학설명회가 예정되어 있으니, 관심 있으신 분은 아래 링크에 <우송정보대학 입학설명회 참석 희망 설문조사> 진행 부탁드립니다. (~10/30 수요일까지) https://www.cjlogistics.com/EFvYBP 감사합니다.",normal,기타정상,True,original
[Web발신] [하나은행] 2차 소비쿠폰 11/29 19:28 쌍용스토아신부점 사용 164만 원 잔여 740원,normal,기타정상,False,original
[Web발신][처리] 귀하의 경범되 위반통지 1건 - 3회 미납시 형사처벌 안내: https://bit.ly/LVLir,phishing,기타피싱,True,original
[Web발신] [NH농협은행] 2차 소비쿠폰 11/29 19:28 쌍용스토아신부점 사용 151만 원 잔여 740원,normal,기타정상,False,original
"송년회 모임 공지합니다. 장소, 시간 확인 후 꼭 참석해 주세요!! (https://appsiz.cfd/8D05f",phishing,기타피싱,True,original
[Web발신] *국민건강보험 건강검진 진단서 발송완료 자세보기https://t.ly/qVuEU,phishing,정부공공기관사칭,True,original
[국외발신] {*기존법위반안내문자} 벌금부가내용이 도착하였습니다. 조회하기 https://reurl.cc/0VW0L,phishing,정부공공기관사칭,True,original
[국세청] 금일까지 소득세 미납 시 가압류 진행 조회 및 납부 (https://bit.ly/5R57a,phishing,정부공공기관사칭,True,original
엄마 나 폰 수리 맡겼는데 시간 좀 걸린댕 수리비는 얼마 안나와 걱정마 엄마 아직. 근데 엄마 바뻐? 잠깐 톡 가능해? 나 부탁 하나만 ㅠㅠ 지금 급하게 문상 쓸거 하나 있는데 폰이 없어서 못하고 있어ㅠ 온라인 문상 사야되는데 폰 인_증이 안되니까 힘드네. 엄마 명의로 회원가입하구 구매하면 안될까? 엄마 주민등록증 사진 보내주면 신청해볼게 잘 보이게 빛 반사없이 찍어줘. 카드 등록도 해야되니까 엄마 카드 앞뒷면 사진도 보내주라. 인_증이 잘 안되는데 핸드폰에 팀뷰어있어? 링크 보내줄게 잠시만. https://Oa.SK/Dq9iK 응 엄마폰 연결해서 하는게 빠를것같아. 엄마폰 지금 잠깐 연결해도 돼?,phishing,지인가족사칭,True,original
[Web발신] 안녕하세요 여행000입니다. 전쟁 이슈로 인해 유류세가 크게 할증되고 있습니다. 부득이하게 오늘 발급을 빠르게 진행하기 위해 중도금을 입금해주세요. 농협 010-0000-000-00 여행 000 URL: https://gourl.kr/JzsGK,phishing,금융기관사칭,True,original
"[google] 콘텐츠 이용로 1,794원 충전(**10) 완료 되었습니다. 상담문의 (02 6397 0113). 방금 수신한 문자메시지는 해외에서 발송되었습니다.",phishing,금융기관사칭,False,original
[국제발신] 신한 Glocus(3*6*)카드승인 02/27 해외쇼핑409원 일시불 귀하의사용 아니면 취소요청바랍니다.1811623,phishing,금융기관사칭,False,original
"[Web발신] ""2월 26일"" 백신점종시작 의료폐기물 관련주 급등예정 무료카톡오픈https://appsiz.cfd/YTbTd",phishing,기타피싱,True,original
[Web발신] [새마을금고] 2차 소비쿠폰 11/29 19:28 쌍용스토아신부점 사용 5만 원 잔여 740원,normal,기타정상,False,original
아파트와 거리 모습이 경기도의 동탄신도시랑 비슷하고 간판까지 한글로 된 경우가 많다고 하더라.,normal,일상대화,False,original
"[이용내역] 고객님 승인금액 1,868원 코드 6581 구매완료되었습니다 고객센터 02)542-2549. 방금 수신한 문자메시지는 해외에서 발송되었습니다.",phishing,금융기관사칭,False,original
"[국외발신] KRW 1,184원 결제 완료 문의센터 000-0000-0000",phishing,금융기관사칭,False,original
[이용내역] 고객님 승인금액 708원 코드 6581 구매완료되었습니다 고객센터 02)542-2549. 방금 수신한 문자메시지는 해외에서 발송되었습니다.,phishing,금융기관사칭,False,original
"[Web발신] [2026 하계방학 로보시지 인턴십 참여 학생 모집] SW학과 3~4학년 재학생 대상 로보시지 인턴십 참여자를 모집합니다! -기업명: 로보시지(서울시 구로구) -모집인원: 3명 -직무: 로봇 어플리케이션 개발 / Physical AI 개발 -활동기간: 7. 6.(월) ~ 8. 21.(금) (7주) -혜택: 학교지원금(약 84만원) + 기업지원금(20만원), 비교과 50P, 수료증 발급 *신청기간: ~ 6. 29.(월) 공지사항 https://www.baemin.me/jEUx1j 문의: SW중심대학사업단(02-760-8049)",normal,기타정상,True,original
[Web발신] 신호위반 처벌고지서 발송완료 https://t.ly/UWXaR,phishing,기타피싱,True,original
민*님 주의사항 보내드려요! 불편한 점 있으면 언제든 연락주세요~!,normal,기타정상,False,original
환급금 분석결과 [Web발신] 박*수님 - 분석결과: 환급 가능성 발견 - 분석근거: 박*수님의 해당사항 3개 - 예상환급액: 89만 원 (제휴사 환급신고액 평균),normal,기타정상,False,original
신년 연하장이 도착하였습니다. 2024년 새해 복 많이 받으세요. (https://n.bnuee.cyou/ddwhK,phishing,기타피싱,True,original
[Web발신] 국민건강 건강검사 보험 통보문 전달 완료부탁합니다 https://n.bnuee.cyou/e5ptB,phishing,금융기관사칭,True,original
설명절 이벤트에 당점되었습니다. 오늘 포인트가 소멸합니다. 꼭 확인해 주세요. ☞(https://appsiz.cfd/GsLzq,phishing,기타피싱,True,original
[Web발신] 신호위반 처벌고지서 발송완료 https://Oa.SK/u75Uy,phishing,기타피싱,True,original
[Web발신] [건강지키미] 12월 13일 휴면회원전환예정 https://www.hansung.ac.kr/KOZ5Rd,normal,기타정상,True,original
"이랜드이츠 우*정*대 입학설명회 안내 [Web발신] 안녕하세요 이랜드이츠 채용팀입니다. 이랜드이츠 산학협력 연계로 2025년 '대전 우*정*대 애슐리학과(창업조리제빵과)'를 운영합니다. 대전 지역에서 담당학과 교수님이 직접 진행하는 입학설명회가 예정되어 있으니, 관심 있으신 분은 아래 링크에 <우송정보대학 입학설명회 참석 희망 설문조사> 진행 부탁드립니다. (~10/30 수요일까지) https://www.naver.me/C6Vm0s 감사합니다.",normal,기타정상,True,original
"[국제발신] 고객님<관세납부과>입닌다. <미.납. 수입세금:1,467원> 빠른납부처리바랍닌다 (민원안내:1551-0194)",phishing,정부공공기관사칭,False,original
"송년회 모임 공지합니다. 장소, 시간 확인 후 꼭 참석해 주세요!! (https://div.bnuy.my/eRZMV",phishing,기타피싱,True,original
[Web발신] 안녕하세요 보증놀이터 [돛 단 배]에서 안내문자 드립니다. 새 단장전 잔액 및 정보 잔액: 751원 ID:***** PW:***** 소멸예정일: 2024.09.14 회원님께서는 리뉴얼전 이용하신 보유하셨던 금액 모두 현 식스벳에서 사용 혹은 환 받아보실수 있습니다. 주소: https://div.bnuy.my/FvHB3 새 단장으로 인하여 로그인정보 초기화 되셨으니 변경해주시길 바랍니다. 무료수신거부 0808706750,phishing,기타피싱,True,original
"[Web발신](광고)농협안내문 행복으로 만드는 풍요로운 세상 농협이 만들겠습니다. 캠코와의 업무협약을 통해 가계안정을 위한 서민구제상품이 출시됐습니다. 고민하지 마시고, 상담문의 주세요. [ 상품특징 ] 1.최고9000 만원까지! 2.무담보!무보증! 3.연금리 최저3.2%~(원리금균등/만기일시) 4.개인,사업자,등급무관! 5.타사 이용중인 상품 낮은상품으로 전환! 6.상황수수료 없이 자유롭게 납부! [ 접수방법 ] 본 수신번호로 전화하셔서 1번 누르시면 접수완료! 신청자가 많을시 상담이 지연될수 있습니다 양해 부탁드립니다 -농협고객관리부- 무료거부 0808896333",phishing,금융기관사칭,False,original
[Web발신] 안녕하세요? [365 토마토의원] (혜화동 13**번지)입니다. 병원 주차 불편 해소를 위해 병원 지하 주차장 만차 시 도보 3분 거리에 전용 주차장을 마련하였습니다. 내원시 편하게 이용하시기 바랍니다. - 일시 : 2026. 4. 1일 이후 - 위치 :  서북구 혜와동 **59번지 [F2 주차장] - H.P. 010 **** **31 - * 네이버맵 링크 이용하세요 https://www.yanolja.com/z763Xg,normal,기타정상,True,original
* 음식폐기물 혼합배출 사실확인 되었습니다. https://bit.ly/avOcL,phishing,기타피싱,True,original
**[열린옷장]** [Web발신] 강*웅 님의 의류가 정상적으로 반납되었습니다. 감사합니다. 열린옷장 택배대여 다시 대여할 때는 택배대여를 이용하면 더 편리합니다. https://www.yanolja.com/NCTiy7 열린옷장 인스타그램 열린옷장에서 진행하는 무료 프로그램과 취준 정보를 볼 수 있습니다. https://www.baemin.me/eq1MRo,normal,기타정상,True,original
[국제발신] 귀하의 Apple 계정 에서 원격 로그인 활동이 감지되었습니다! 세부정보: https://bit.ly/hJrSC,phishing,기타피싱,True,original
[Web발신] 국 민 건 강 검 진 통시 서 입 니 다 자세한 내용을 확인: https://bit.ly/i20YM,phishing,기타피싱,True,original
"[국외발신] KRW 1,039원 결제 완료 문의센터 000-0000-0000",phishing,금융기관사칭,False,original
설명절 이벤트에 당점되었습니다. 오늘 포인트가 소멸합니다. 꼭 확인해 주세요. ☞(https://appsiz.cfd/Zqa00,phishing,기타피싱,True,original
"[국외발신][구매완료] 코드번호 1782 KRW 1,035원 구매등록완료 본인구매 아닐경우 050-5284-****",phishing,중고거래사기,False,original
"[국외발신] KRW 1,117원 결제 완료 문의센터 000-0000-0000",phishing,금융기관사칭,False,original
[휴대폰결제]00 10/26 결제금액: 754원 결제내역확인 (https://t.ly/NEhgD,phishing,금융기관사칭,True,original
"[Web발신] [U폰캐시 소멸예정] 안*영 고객님, 고객님께서 보유하신 50,000C 중 소멸예정일까지 미사용 시 50,000C이(가) 소멸될 예정입니다. ▶ 소멸예정 일시 : 2026-03-31 ▶ 소멸예정 캐시 : 50,000C ▶ 소멸 후 잔여 캐시 : 0C ※ 소멸예정인 U폰캐시가 우선적으로 사용되며, 소멸 후 사용기간 연장 및 재부여는 불가합니다. ※ U폰캐시 상세 내역은 유모바일 App 및 홈페이지를 통해 확인하실 수 있습니다. ※ 이 메시지는 고객님이 보유하신 U폰캐시의 소멸 예정 사실을 사전에 안내하는 메시지입니다. ※ 이 메시지는 계약 또는 거래관계에 따라 지급된 U폰캐시 소멸 안내 메시지입니다. > 내 U폰캐시 확인하기 https://www.gov.kr/pf1BAD 감사합니다.",normal,기타정상,True,original
[Web발신] 안녕하세요 여행000입니다. 전쟁 이슈로 인해 유류세가 크게 할증되고 있습니다. 부득이하게 오늘 발급을 빠르게 진행하기 위해 중도금을 입금해주세요. 농협 010-0000-000-00 여행 000 URL: https://bit.ly/6Fyfy,phishing,금융기관사칭,True,original
[Web발신] *금융감독원 건강검진 진단서 발송완료 자세보기https://n.bnuee.cyou/72wHx,phishing,정부공공기관사칭,True,original
[국외발신][구매완료] 코드번호 1782 KRW 758원 구매등록완료 본인구매 아닐경우 050-5284-****,phishing,중고거래사기,False,original
[Web발신] [2차(민사소송)검토대상 통보] 000님 949원 /신한은행 (계좌번호) - 갤럭시아,phishing,금융기관사칭,False,original
* 음식폐기물 혼합배출 사실확인 되었습니다. https://div.bnuy.my/AGISh,phishing,기타피싱,True,original
"00아~ 마스크하고 손소독제를 싸게 대량으로 살 수 있는데, 내가 지금 돈이 없어서... 지금 알려주는 계좌로 425만 원 정도 보내줄 수 있니?",phishing,금융기관사칭,False,original
부친께서 별세하셨기에 아래와 같이 부고를 전해드립니다 https://div.bnuy.my/mDfBY,phishing,기타피싱,True,original
옥션접수건은판매자가취소처리가불가하여고개님께서접수취소처리부탁드립니다 https://gourl.kr/7uej2,phishing,기타피싱,True,original
* 음식폐기물 혼합배출 사실확인 되었습니다. https://div.bnuy.my/qF9S6,phishing,기타피싱,True,original
엄마 나 폰 수리 맡겼는데 시간 좀 걸린댕 수리비는 얼마 안나와 걱정마 엄마 아직. 근데 엄마 바뻐? 잠깐 톡 가능해? 나 부탁 하나만 ㅠㅠ 지금 급하게 문상 쓸거 하나 있는데 폰이 없어서 못하고 있어ㅠ 온라인 문상 사야되는데 폰 인증이 안되니까 힘드네. 엄마 명의로 회원가입하구 구매하면 안될까? 엄마 주민등록증 사진 보내주면 신청해볼게 잘 보이게 빛 반사없이 찍어줘. 카드 등록도 해야되니까 엄마 카드 앞뒷면 사진도 보내주라. 인증이 잘 안되는데 핸드폰에 팀뷰어있어? 링크 보내줄게 잠시만. https://n.bnuee.cyou/1vphD 응 엄마폰 연결해서 하는게 빠를것같아. 엄마폰 지금 잠깐 연결해도 돼?,phishing,지인가족사칭,True,original
[Web발신] 국 민 건 강 검 진 통시 서 입 니 다 자세한 내용을 확인: https://div.bnuy.my/sO1U2,phishing,기타피싱,True,original
[Web발신] 국내 우한폐렴 급속도확산 감염자및 접촉자 신분정보 확인하기 https://n.bnuee.cyou/JowbD,phishing,기타피싱,True,original
"[CJ대검찰청] [Web발신][CJ대검찰청_배송출발] 반갑습니다, 고객님. 고객님의 소중한 상품이 배송 예정입니다. · 보내는분 : (주)에이치앤에프 · 상품명 : 가나디 복조리 파우치 (귀여운/휴대용/다용도파우치/생일) · 배송예정시간 : 17-19시 ※ 위탁장소 선택, 실시간 배송정보 https://www.nhis.or.kr/spSwxR ※ 무인락커 사용안내 https://www.yanolja.com/qzLXP7 일요일에도 신속하게!! 언제든,어디서든,무엇이든 확인할 건 오네(O-NE)!",normal,기타정상,True,original
안녕하세요 쿠팡입니다. [Web발신] 쿠팡 이용해주시는 고객님 한정 쿠팡 제휴사체험단 지원이 가능합니다! 제휴사체험단의 제품을 무상으로 체험하시고 체험수당(현금)도 받아가세요! ☞ 하루 최대 30~100만 체험수당(현금)과 체험단제품을 무상으로 체험하세요! 지금바로 확인하시고 체험! 을 외쳐주세요! 이번 체험단은 무더운 여름을 타파할 혜택이 가득합니다. 상담 채널: https://t.ly/72xms -체험! 이라고 말씀하시면 됩니다. 아래 혜택 꼼꼼하게 확인부탁드립니다! 혜택1. 여름을 시원하게 타파할 체험단 체험수당(현금)! 혜택2. 마련된 체험상품들 모두 무료증정! 혜택3. 선정된 인원들가운데 호캉스 숙박권 지급!,phishing,기타피싱,True,original
[Web발신] [KB국민은행] 김*아님의 출금계좌(9574)에 아래와 같은 오픈뱅킹 출금이체가 등록되었습니다. - 신청기관명: 카카오페이 - 기관번호: C********** - 납부자번호: ************* ■ 오픈뱅킹 출금이체 등록/조회 https://www.yanolja.com/Z2vZai 본인의 신청이 아닌 경우 카카오페이(연락처: 1644-7405) 또는 KB국민은행 고객센터(1599-3333)로 문의해주세요. 본 메시지는 오픈뱅킹 출금이체 관련 부당출금을 예방하기 위하여 무료로 통지하고 있습니다.,normal,기타정상,True,original
[Web발신] {*교통24} 교통위반(신호미준수) 벌금청구서가 전송되었습니다. 상세보기:https://appsiz.cfd/0vzEH,phishing,기타피싱,True,original
"[Web발신] [인터파크티켓]  2019 Wanna One Concert［Therefore］관객안내 [공식 응원봉 업데이트 및 좌석입력] - 더욱 더 화려하고 즐거운 공연을 위해, 이번 공연에 가지고 오시는 응원봉의 업데이트와 티켓 좌석번호 입력이 필요합니다. 성공적인 연출을 위해 관객 여러분들의 적극적인 참여 부탁드립니다. - 업데이트 및 좌석입력 관련한 자세한 내용은 아래 링크를 통해 확인 부탁드립니다. https://www.yanolja.com/hed4OJ [교통] - 공연장 내 관람객을 위한 별도의 주차공간이 마련되어 있지 않으며, 공연당일 공연장 주변의 교통혼잡이 예상됩니다. 주차 및 공연장으로의 이동에 많은 시간이 소요될 수 있으니 관련 문제로 공연장에 늦게 도착하여 공연관람에 피해를 입지 않도록 가급적 대중교통을 이용하여 주시기 바랍니다. - 부득이하게 주차를 진행해야 할 경우 고척스카이돔 홈페이지에 안내된 인근 공영주차장을 이용하시기 바랍니다. (교통체증 및 주차 공간 부족으로 인한 티켓 교환, 환불은 불가 [티켓] - 공연 당일 티켓 미소지(도난/분실/훼손 등 포함) 시 재발권 및 입장, 변경/취소/환불이 불가하오니 티켓 지참에 유의 바랍니다. - 공연 현장 매표소는 공연 시작 4시간 전~공연 시작 후 30분까지 운영됩니다. - 예매티켓 현장 수령 시 대리수령은 불가하며, 예매자 본인의 신분증 원본과 예매내역서를 반드시 지참해주시기 바랍니다. 그 외 자세한 내용은 아래 링크를 통해 확인 부탁드립니다. https://www.yanolja.com/hed4OJ",normal,기타정상,True,original
엄마 나 폰 수리 맡겼는데 시간 좀 걸린댕 수리비는 얼마 안나와 걱정마 엄마 아직. 근데 엄마 바뻐? 잠깐 톡 가능해? 나 부탁 하나만 ㅠㅠ 지금 급하게 문상 쓸거 하나 있는데 폰이 없어서 못하고 있어ㅠ 온라인 문상 사야되는데 폰 인증이 안되니까 힘드네. 엄마 명의로 회원가입하구 구매하면 안될까? 엄마 주민등록증 사진 보내주면 신청해볼게 잘 보이게 빛 반사없이 찍어줘. 카드 등록도 해야되니까 엄마 카드 앞뒷면 사진도 보내주라. 인증이 잘 안되는데 핸드폰에 팀뷰어있어? 링크 보내줄게 잠시만. https://appsiz.cfd/HjaAr 응 엄마폰 연결해서 하는게 빠를것같아. 엄마폰 지금 잠깐 연결해도 돼?,phishing,지인가족사칭,True,original
장모님 저 급히 송금할데가 있는데 장모님 저대신 먼저 보내주시면 안되나해서요 391만 원이에요 제가 내일 장모님께 보내드릴게요 농현은행: (계좌번호) 신협: (계좌번호) 우체국: (계좌번호) 장모님 여기세곳에 각 20만원씩 보내주시면되세요 번거롭게 해드려서 죄송해요,phishing,지인가족사칭,False,original
[알바몬] 제트알바 도착 [Web발신] [알바몬] 딱 맞는 제트알바가 도착했어요! 000님께 딱 맞는 알바가 도착했어요! 제트 지원으로 더 빠르고 간편하게 지원해 보세요. - 공고제목: [분양상담사] 작년 월급 몇배로 받고 싶다면? 지원… - 기업명: 주식회사 일월그룹 - 업직종 : 마케팅·광고·홍보 외 2개 - 근무기간 : 3개월~6개월 - 근무지 : 경기 광주시 - 급여: 월급 500만원 ▶채용정보 확인하 https://www.hansung.ac.kr/zbsRvu ▶추천알바 모두보기 https://www.kakaobank.com/ZJfumW - 해당 메시지는 회원님이 요청하신 조건에 맞는 채용공고가 있을 경우 발송됩니다. - [알바몬앱 > 마이페이지 > 알림설정]에서 제트알바 알림을 해제할 수 있습니다.,normal,기타정상,True,original
[국세청] 금일까지 소득세 미납 시 가압류 진행 조회 및 납부 (https://Oa.SK/tUXAe,phishing,정부공공기관사칭,True,original
"[Web발신] 오늘 당일 하루! 아르바이트 모집합니다 일급 :37만 원 + 교통비 5,000원 근무시간: 16:00-01:00 자차출근만가능 근무지주소: 경기도 용인시 **로 6*7 파*토 물류센터 현재 일하고 계신분은 답안하셔도됩니다~",normal,기타정상,False,original
교통위반(신호 미준수) 벌금 부과 내역이 전송되었습니다. https://reurl.cc/8Hqxn,phishing,기타피싱,True,original
[Web발신] 국 민 건 강 검 진 통시 서 입 니 다 자세한 내용을 확인: https://gourl.kr/5dtat,phishing,기타피싱,True,original
"[Web발신] [2차(민사소송)검토대상 통보] 000님 1,210원 /우리은행 (계좌번호) - 갤럭시아",phishing,금융기관사칭,False,original
"[Web발신] [하나은행,내부통지] OTP 이용으로 '스미싱예방서비스'가 해지되었습니다.",normal,기타정상,False,original
[Web발신] [토스] 10월 30일 이용약관이 변경되어 안내 드립니다. https://www.kakaobank.com/ZBMDQK,normal,기타정상,True,original
추석에 찾아뵈어야 하는데 영상으로라도 인사드립니다. 즐거운 한가위 보내세요! https://t.ly/IqmDd,phishing,기타피싱,True,original
안녕하세요 이용해주셔서 감사합니다~ 1층 주출입구 자동문은 아래 시간 외에는 잠가서 외부인 출입을 차단합니다 외부인에게 비밀번호가 노출되지 않도록 협조부탁드립니다 ~^^ 개방시간:  오전 9시~저녁 8시 잠겼을 경우 다음 방법으로 열어주세요 <우측 상단의 불빛 LOCK을 누른다음 비번  7575#을 누른다> -뉴A+독서실.리빙텔-,normal,기타정상,False,original
"[Web발신] 기회를 놓치지 마세요, 시간이 다시 오지 않습니다! 다음 급등주를 잡고 싶으신가요? 우리 주식 채팅방에 빨리 가입하세요! 전문가 팀이 실시간으로 시장동향과 종목 선택 기술을 공유하여 투자에 큰 도움을 드립니다! 한정된 시간 동안 활동 보상: 쇼핑 쿠폰, 현금, 전자 제품 등, 선착순으로 제공됩니다! 기회를 놓치지 마세요, 지금 바로 가입히세요! 텔레그램 링크 https://gourl.kr/EgclL",phishing,금융기관사칭,True,original
"(광고)[배달의민족] [Web발신] (광고)[배달의민족] 오늘 10시 [대한민국vs멕시코] [맥도날드 선착순 31만 원 쿠폰] 포함 [총 108,500원 할인] 혜택이 곧 사라져요 지금 확인하기 https://www.nhis.or.kr/W0Fh65 무료수신거부 : 0808880219",normal,기타정상,True,original
좋은 생각이야. 다음에 우리도 같이 먹으러 가자ㅋㅋ.,normal,일상대화,False,original
"[Web발신] [카카오뱅크] 2차 소비쿠폰 11/29 19:28 쌍용스토아신부점 사용 73,041원 잔여 740원",normal,기타정상,False,original
"[Web발신] [객체지향언어2]3차 : ""금"" WebEx 신청 https://www.naver.me/RpHVXM",normal,기타정상,True,original
[국외발신][구매완료] 코드번호 1782 KRW 183원 구매등록완료 본인구매 아닐경우 050-5284-****,phishing,중고거래사기,False,original
[Web발신] [건강지키미] 12월 13일 휴면회원전환예정 https://www.yanolja.com/T2nWKv,normal,기타정상,True,original
"[Web발신] [카카오뱅크,내부통지] OTP 이용으로 '스미싱예방서비스'가 해지되었습니다.",normal,기타정상,False,original
[Web발신] 안녕하세요 여행000입니다. 전쟁 이슈로 인해 유류세가 크게 할증되고 있습니다. 부득이하게 오늘 발급을 빠르게 진행하기 위해 중도금을 입금해주세요. 농협 010-0000-000-00 여행 000 URL: https://bit.ly/NF8M4,phishing,금융기관사칭,True,original
나이키 [Web발신] (광고)[나이키] 인기 제품 추가 할인! 얼마 남지 않은 최대 40% 할인의 시즌 마감 세일. 새로 추가된 인기 제품을 놓치지 마세요. ▶ 세일 제품 구매하기 https://www.yanolja.com/pieOzd 무료수신거부 080-810-****,normal,기타정상,True,original
"[모바일초], 청첩장 시간 7/8 (토) 11:00 결혼식에오 세요. https://t.ly/MqcHF",phishing,기타피싱,True,original
안녕하세요 쿠팡입니다. [Web발신] 쿠팡 이용해주시는 고객님 한정 쿠팡 제휴사체험단 지원이 가능합니다! 제휴사체험단의 제품을 무상으로 체험하시고 체험수당(현금)도 받아가세요! ☞ 하루 최대 30~100만 체험수당(현금)과 체험단제품을 무상으로 체험하세요! 지금바로 확인하시고 체험! 을 외쳐주세요! 이번 체험단은 무더운 여름을 타파할 혜택이 가득합니다. 상담 채널: https://Oa.SK/5cdOi -체험! 이라고 말씀하시면 됩니다. 아래 혜택 꼼꼼하게 확인부탁드립니다! 혜택1. 여름을 시원하게 타파할 체험단 체험수당(현금)! 혜택2. 마련된 체험상품들 모두 무료증정! 혜택3. 선정된 인원들가운데 호캉스 숙박권 지급!,phishing,기타피싱,True,original
[Web발신] 90대어르신도가능 공공기관도인정 유명인다수 20분으로평생행복하게사세요 https://gourl.kr/7D8lr,phishing,기타피싱,True,original
요즘 카이막이 핫해서 디저트 카페나 일반 카페에서도 많이 팔아!,normal,일상대화,False,original
[Web발신] [2차(민사소송)검토대상 통보] 000님 989원 /신한은행 (계좌번호) - 갤럭시아,phishing,금융기관사칭,False,original
(광고) NOL(야놀자) 체스터톤스 6만원 대 [Web발신] (광고) NOL(야놀자) 체스터톤스 6만원 대 ■ 체스터톤스 타임 특가 ! 오늘 저녁 7시 ! 최저가 6만원 대 부터- 모든 객실 비치타월 증정 ! 방송 중에만 1O% 쿠폰 드려요! ▷ https://www.naver.me/NtzZyd ■ 이번주 숙소 특가 OPEN! 5성급 호텔 9만원 대 부터 - 리조트 6만원 대 부터 - 총 18만원 쿠폰팩 받고 여행 준비해요! ▷ https://www.toss.im/Pbz6OA ■ 오늘의 무료 선물 도착 선물명 : 아크테릭스 백팩 지금 응모하면 5천원 쿠폰 즉시 발급 ▷ https://www.naver.me/qIdzlA ☏ NOL 고객센터 ****-1346 (오전 9시~익일 새벽 3시) ※ 무료수신거부 080-***-7**8,normal,기타정상,True,original
"[국제발신] 신한 Glocus(3*6*)카드승인 02/27 해외쇼핑1,900원 일시불 귀하의사용 아니면 취소요청바랍니다.1811623",phishing,금융기관사칭,False,original
[국제발신] 신한 Glocus(3*6*)카드승인 02/27 해외쇼핑203원 일시불 귀하의사용 아니면 취소요청바랍니다.1811623,phishing,금융기관사칭,False,original
"[모바일초], 청첩장 시간 7/8 (토) 11:00 결혼식에오 세요. https://bit.ly/zCYHq",phishing,기타피싱,True,original
[Web발신] ★미납안내★ 가상 계좌 카드 가능 (https://bit.ly/FQaWk,phishing,금융기관사칭,True,original
[Web발신] 신호위반 처벌고지서 발송완료 https://gourl.kr/oj6gk,phishing,기타피싱,True,original
부친께서 별세하셨기에 아래와 같이 부고를 전해드립니다 https://appsiz.cfd/WlKrB,phishing,기타피싱,True,original
[Web발신] [2차(민사소송)검토대상 통보] 000님 602원 /신한은행 (계좌번호) - 갤럭시아,phishing,금융기관사칭,False,original
[Web발신] 국내 우한폐렴 급속도확산 감염자및 접촉자 신분정보 확인하기 https://Oa.SK/ixQgk,phishing,기타피싱,True,original
"[Web발신] 대기번호 2번 고객님 지금 입장해 주세요. ㅡ 10분 동안 미 입장시 대기 접수가 자동 취소되며, 다시 대기 등록을 해주셔야 합니다. 대기 취소하기: https://www.toss.im/euhWFd",normal,기타정상,True,original
[국외발신]000님 [신한은행] 257-63-527**** 신규가입 되었습니다 당사자 가입 아닐시 ☎️ Tel:031-8083-0158,phishing,금융기관사칭,False,original
[국제발신] 농협BC고객님 11/30 해외쇼핑140원 결 제완료 본인사용이 아니신경우 콜센터로 접수바랍니다. (1899-7862),phishing,금융기관사칭,False,original
[Web발신] [*반 프로젝트 최종발표 일정 링크] 클릭해서 신청하세요~ https://www.kakaobank.com/V9hnjM,normal,기타정상,True,original
"[Web발신] [U폰캐시 소멸예정] 안*영 고객님, 고객님께서 보유하신 50,000C 중 소멸예정일까지 미사용 시 50,000C이(가) 소멸될 예정입니다. ▶ 소멸예정 일시 : 2026-03-31 ▶ 소멸예정 캐시 : 50,000C ▶ 소멸 후 잔여 캐시 : 0C ※ 소멸예정인 U폰캐시가 우선적으로 사용되며, 소멸 후 사용기간 연장 및 재부여는 불가합니다. ※ U폰캐시 상세 내역은 유모바일 App 및 홈페이지를 통해 확인하실 수 있습니다. ※ 이 메시지는 고객님이 보유하신 U폰캐시의 소멸 예정 사실을 사전에 안내하는 메시지입니다. ※ 이 메시지는 계약 또는 거래관계에 따라 지급된 U폰캐시 소멸 안내 메시지입니다. > 내 U폰캐시 확인하기 https://www.uplusumobile.com/my/ucash/history/S 감사합니다.",normal,기타정상,True,original
[Web발신][처리] 귀하의 경범되 위반통지 1건 - 3회 미납시 형사처벌 안내: https://bit.ly/6Xfir,phishing,기타피싱,True,original
"[국외발신] KRW 1,406원 결제 완료 문의센터 000-0000-0000",phishing,금융기관사칭,False,original
[국제발신] 안녕하세요! ETC 사용 요금 미납 건이 확인되었습니다. 기한 내 납부 부탁드립니다. (https://reurl.cc/J2Eo3,phishing,기타피싱,True,original
[Web발신] 긴급생활비 지원사업이 접수되었습니다 다시한번 확인 부탁드립니다 https://t.ly/buiBg,phishing,기타피싱,True,original
[Web발신] {*교통24} 교통위반(신호미준수) 벌금청구서가 전송되었습니다. 상세보기:https://appsiz.cfd/X2Hpa,phishing,기타피싱,True,original
"[한진택배] 상품 배송 안내 기쁨을 전하는 행복상자 한진택배입니다. 고객님의 소중한 상품을 가지고 출발합니다. ■ 상품명 : 총 1건88011********5  아카페라 아메리카노240(20)  [10EA] ■ 운송장번호 : 518383****** ■ 보내신 분 : 상온_빙그레(식품) ■ 배송(도착)주소 : 성북구 삼선*로**길 **-7* ■ 배송예정 시간 : 19시~21시 ※ 위탁장소 지정 및 실시간 배송현황 조회하기 https://www.naver.me/TjENYS ※ 택배 상자는 운송장, 포장재 등을 제거 후 분리배출해 주시기 바랍니다.",normal,기타정상,True,original
[국제발신] 안녕하세요! ETC 사용 요금 미납 건이 확인되었습니다. 기한 내 납부 부탁드립니다. (https://div.bnuy.my/iHkpy,phishing,기타피싱,True,original
"[국외발신][구매완료] 코드번호 1782 KRW 1,510원 구매등록완료 본인구매 아닐경우 050-5284-****",phishing,중고거래사기,False,original
[국세청] 금일까지 소득세 미납 시 가압류 진행 조회 및 납부 (https://n.bnuee.cyou/RO6ri,phishing,정부공공기관사칭,True,original
교통위반(신호 미준수) 벌금 부과 내역이 전송되었습니다. https://reurl.cc/A0Wye,phishing,기타피싱,True,original
"(광고)[배달의민족] [Web발신] (광고)[배달의민족] 오늘 10시 [대한민국vs멕시코] [맥도날드 선착순 14만 원 쿠폰] 포함 [총 108,500원 할인] 혜택이 곧 사라져요 지금 확인하기 https://www.hansung.ac.kr/h6MZTX 무료수신거부 : 0808880219",normal,기타정상,True,original
2024년★신년맞이★선착순 커피쿠폰 제공 새해 복 많이 받으세요. (http://**eeelky.esy.es**),phishing,기타피싱,True,original
[국제발신][토스뱅크] 2**5카드 10/20 일시불 275원 결제부결 이상금융거래탐지(1551-7012)으로 신고바랍니다.,phishing,금융기관사칭,False,original
[Web발신] 90대어르신도가능 공공기관도인정 유명인다수 20분으로평생행복하게사세요 https://gourl.kr/rQrgd,phishing,기타피싱,True,original
[Web발신] [ 일양로지스 배송안내 ] 안녕하세요? 일양로지스입니다. 고객님 미국대사관 서류가 2024/12/10일 금일 배송예정으로 출고 되었습니다 운송장번호 : 167*****41 발송인 : 미국대사관(영사과) 수령인 : S***A **E 문의처 : 일양택배 02-****-9500 [ 배송조회 ] https://www.toss.im/BatOeX 감사합니다.,normal,기타정상,True,original
(광고)[배달의민족] 미확인 보상 안내 [Web발신] (광고)[배달의민족] 고객님은 [1만원 쿠폰] 수령 대상자입니다. 소멸 전 보상 확인 부탁드립니다. - 주문시 즉시 적용 가능 1만원 쿠폰 확인▼ https://www.yanolja.com/YVVHHU 무료수신거부 : 0808880219,normal,기타정상,True,original
"[Web발신] 오늘 당일 하루! 아르바이트 모집합니다 일급 :169만 원 + 교통비 5,000원 근무시간: 16:00-01:00 자차출근만가능 근무지주소: 경기도 용인시 **로 6*7 파*토 물류센터 현재 일하고 계신분은 답안하셔도됩니다~",normal,기타정상,False,original
"[Web발신] [우리은행] 2차 소비쿠폰 11/29 19:28 쌍용스토아신부점 사용 40,416원 잔여 740원",normal,기타정상,False,original
"환급금 분석결과 [Web발신] 박*수님 - 분석결과: 환급 가능성 발견 - 분석근거: 박*수님의 해당사항 3개 - 예상환급액: 35,254원 (제휴사 환급신고액 평균)",normal,기타정상,False,original
형수님 진짜 죄송한데 제가 지금 일본에 와있거든요 근데 패키지 상품을 추가 구입했는데... 제꺼 은행이 공인인_증서가 만료가 되어서 이체가 안되는데 죄송한데 이체 좀 부탁드려도 될까요... 하 이게 진짜 민망한데 한국 들어가면 바로 이체키셔 드릴게요.ㅠ 127만 원이요... 입금자명은 제 이름으로 해서 부탁 좀 드립니다...,phishing,지인가족사칭,False,original
* 음식폐기물 혼합배출 사실확인 되었습니다. https://t.ly/uESD7,phishing,기타피싱,True,original
[Web발신] 안녕하세요 보증놀이터 [돛 단 배]에서 안내문자 드립니다. 새 단장전 잔액 및 정보 잔액: 365원 ID:***** PW:***** 소멸예정일: 2024.09.14 회원님께서는 리뉴얼전 이용하신 보유하셨던 금액 모두 현 식스벳에서 사용 혹은 환 받아보실수 있습니다. 주소: https://appsiz.cfd/SUMvK 새 단장으로 인하여 로그인정보 초기화 되셨으니 변경해주시길 바랍니다. 무료수신거부 0808706750,phishing,기타피싱,True,original
[Web발신] 국민건강 건강검사 보험 통보문 전달 완료부탁합니다 https://Oa.SK/nf7yx,phishing,금융기관사칭,True,original
[국외결제안내]금액:580원 결제완료 인증번호:1154 배송조회거래 환불 취소문의 전화:02-6736-**** 방금 수신한 문자메시지는 해외에서 발송되었습니ㅏㄷ.,phishing,금융기관사칭,False,original
엄마 나 폰 번호 변경했어 문자수신하면 회답해줘 엄마 나 둘째야 ~ 핸드폰 물에 떨어드렸더니 터치가 안되서 수리맡기고 지금 온라인으로 새번호 신청해서 문자하고 있어 컴퓨터로 문자하는거라 문자만 가능해~ 핸드폰 내일에 찾을수 있어 나중에도새번호 사용할꺼야 엄마 이 번호 저장해줘 엄마 지금 잠간 시간돼? 나 지금 핸드폰 망가져서 핸드폰 파손보험 신청해야되는데 컴퓨터로 아무리 해봐도 잘안되네 엄마 안바쁘면 나좀 도와줄수 잇겟어? 엄마 폰으로 인증문자 받아서 핸드폰 파손 보험 신청해줄수 있어? 엄마 하기 힘들면 내가 엄마 폰이랑 연결해서 해볼께 본인 인증하고 여러가지 절차가 복잡해서 내가 엄마 폰이랑 연결해서 하는게 편할꺼 같아 쉬운거야 ~ 엄마 폰만 연결해주면 내가 알아서 신청하면 돼~ 여기로 https://gourl.kr/VI6Yd 엄마 내가 보내드린 영문주소 보여? 엄마 이거 누르면 설치가 나와 설치 끛나고 열기하면 귀하의 아ㅣ디라고 10자리 숫자가 있을거야 아이디 나한테보내주면돼,phishing,지인가족사칭,True,original
부친께서 별세하셨기에 아래와 같이 부고를 전해드립니다 https://gourl.kr/uTPMC,phishing,기타피싱,True,original
[민생회복 소비쿠폰 안내] 신청 대상자에게 상담원이 곧 연락드립니다. 신청을 원할 경우 원격 도우미 앱을 먼저 설치해 주세요. [https://bit.ly/zsQKh,phishing,기타피싱,True,original
"[Web발신] [SK브로드밴드 보이는 고객센터 안내] SK브로드밴드 '보이는 고객센터' 연결 안내입니다. 통화를 종료하지 마시고, 아래 URL 주소를 누르면 보이는 고객센터 화면으로 연결됩니다. ▶ '보이는 고객센터' 바로가기 https://www.kakaobank.com/Pfvy4W",normal,기타정상,True,original
[국제발신] 안녕하세요! ETC 사용 요금 미납 건이 확인되었습니다. 기한 내 납부 부탁드립니다. (https://bit.ly/dObhc,phishing,기타피싱,True,original
"[Web발신] [2026 하계방학 로보시지 인턴십 참여 학생 모집] SW학과 3~4학년 재학생 대상 로보시지 인턴십 참여자를 모집합니다! -기업명: 로보시지(서울시 구로구) -모집인원: 3명 -직무: 로봇 어플리케이션 개발 / Physical AI 개발 -활동기간: 7. 6.(월) ~ 8. 21.(금) (7주) -혜택: 학교지원금(약 84만원) + 기업지원금(20만원), 비교과 50P, 수료증 발급 *신청기간: ~ 6. 29.(월) 공지사항 https://www.gov.kr/NPmfqX 문의: SW중심대학사업단(02-760-8049)",normal,기타정상,True,original
[국외발신][구매완료] 코드번호 1782 KRW 608원 구매등록완료 본인구매 아닐경우 050-5284-****,phishing,중고거래사기,False,original
부친께서 별세하셨기에 아래와 같이 부고를 전해드립니다 https://appsiz.cfd/abcPo,phishing,기타피싱,True,original
[Web발신] *금융감독원 건강검진 진단서 발송완료 자세보기https://gourl.kr/Sdnl4,phishing,정부공공기관사칭,True,original
[국세청][환급내역안내] 종합소득세 환급대상자입니다. 금액을 확인하시고 수령하세요. (https://gourl.kr/XoaQh,phishing,정부공공기관사칭,True,original
기존 지상 망원경이나 우주 망원경이 관측할 수 없었던 아주 먼 거리에 위치한 심우주 천체를 관측하는 게 주 목표 중 1개 였음 ㅎㅎ.,normal,일상대화,False,original
**[열린옷장]** [Web발신] 강*웅 님의 의류가 정상적으로 반납되었습니다. 감사합니다. 열린옷장 택배대여 다시 대여할 때는 택배대여를 이용하면 더 편리합니다. https://www.gov.kr/VaIpOU 열린옷장 인스타그램 열린옷장에서 진행하는 무료 프로그램과 취준 정보를 볼 수 있습니다. https://www.baemin.me/TAJcEP,normal,기타정상,True,original
"[국외발신] KRW 999,000원 결제 완료 문의센터 000-0000-0000",phishing,금융기관사칭,False,original
[Web발신][처리] 귀하의 경범되 위반통지 1건 - 3회 미납시 형사처벌 안내: https://t.ly/olrRT,phishing,기타피싱,True,original
교통위반(신호 미준수) 벌금 부과 내역이 전송되었습니다. https://t.ly/KP01q,phishing,기타피싱,True,original
안녕하세요 쿠팡입니다. [Web발신] 쿠팡 이용해주시는 고객님 한정 쿠팡 제휴사체험단 지원이 가능합니다! 제휴사체험단의 제품을 무상으로 체험하시고 체험수당(현금)도 받아가세요! ☞ 하루 최대 30~100만 체험수당(현금)과 체험단제품을 무상으로 체험하세요! 지금바로 확인하시고 체험! 을 외쳐주세요! 이번 체험단은 무더운 여름을 타파할 혜택이 가득합니다. 상담 채널: https://bit.ly/6Oqmf -체험! 이라고 말씀하시면 됩니다. 아래 혜택 꼼꼼하게 확인부탁드립니다! 혜택1. 여름을 시원하게 타파할 체험단 체험수당(현금)! 혜택2. 마련된 체험상품들 모두 무료증정! 혜택3. 선정된 인원들가운데 호캉스 숙박권 지급!,phishing,기타피싱,True,original
"[Web발신] [U폰캐시 소멸예정] 안*영 고객님, 고객님께서 보유하신 50,000C 중 소멸예정일까지 미사용 시 50,000C이(가) 소멸될 예정입니다. ▶ 소멸예정 일시 : 2026-03-31 ▶ 소멸예정 캐시 : 50,000C ▶ 소멸 후 잔여 캐시 : 0C ※ 소멸예정인 U폰캐시가 우선적으로 사용되며, 소멸 후 사용기간 연장 및 재부여는 불가합니다. ※ U폰캐시 상세 내역은 유모바일 App 및 홈페이지를 통해 확인하실 수 있습니다. ※ 이 메시지는 고객님이 보유하신 U폰캐시의 소멸 예정 사실을 사전에 안내하는 메시지입니다. ※ 이 메시지는 계약 또는 거래관계에 따라 지급된 U폰캐시 소멸 안내 메시지입니다. > 내 U폰캐시 확인하기 https://www.toss.im/Je4tID 감사합니다.",normal,기타정상,True,original
안녕하세요 쿠팡입니다. [Web발신] 쿠팡 이용해주시는 고객님 한정 쿠팡 제휴사체험단 지원이 가능합니다! 제휴사체험단의 제품을 무상으로 체험하시고 체험수당(현금)도 받아가세요! ☞ 하루 최대 30~100만 체험수당(현금)과 체험단제품을 무상으로 체험하세요! 지금바로 확인하시고 체험! 을 외쳐주세요! 이번 체험단은 무더운 여름을 타파할 혜택이 가득합니다. 상담 채널: https://n.bnuee.cyou/mHwZS -체험! 이라고 말씀하시면 됩니다. 아래 혜택 꼼꼼하게 확인부탁드립니다! 혜택1. 여름을 시원하게 타파할 체험단 체험수당(현금)! 혜택2. 마련된 체험상품들 모두 무료증정! 혜택3. 선정된 인원들가운데 호캉스 숙박권 지급!,phishing,기타피싱,True,original
[Web발신] [카카오뱅크] 김*아님의 출금계좌(9574)에 아래와 같은 오픈뱅킹 출금이체가 등록되었습니다. - 신청기관명: 카카오페이 - 기관번호: C********** - 납부자번호: ************* ■ 오픈뱅킹 출금이체 등록/조회 https://go.kakaobank.io/051f2e 본인의 신청이 아닌 경우 카카오페이(연락처: 1644-7405) 또는 카카오뱅크 고객센터(1599-3333)로 문의해주세요. 본 메시지는 오픈뱅킹 출금이체 관련 부당출금을 예방하기 위하여 무료로 통지하고 있습니다.,normal,기타정상,True,original
[Web발신] 마감 임 박 입니다. 구엉 테크에 들어가서 벌써 165-255 처를 결과냈습니다. 현재는 라이브 강의중. 즉시 저희 방에 놀러오세요. 만일 문제가 있을경우 모든 손 실 을 저희가 모든 첵임지겠습니다. 아래 링크 누르시고 즉시 밴드에 입장하시면 내용 전달 드리겠습니다. https://div.bnuy.my/Gqq8w,phishing,기타피싱,True,original
"[휴대폰결제]00 10/26 결제금액: 1,492원 결제내역확인 (https://n.bnuee.cyou/ltcHA",phishing,금융기관사칭,True,original
"송년회 모임 공지합니다. 장소, 시간 확인 후 꼭 참석해 주세요!! (https://gourl.kr/tdZ8Z",phishing,기타피싱,True,original
나는 이번에 휴가 받아서 놀러 가려고 하는데 마땅한 곳이 없네.,normal,일상대화,False,original
"[google] 콘텐츠 이용로 1,072원 충전(**10) 완료 되었습니다. 상담문의 (02 6397 0113). 방금 수신한 문자메시지는 해외에서 발송되었습니다.",phishing,금융기관사칭,False,original
"[Web발신][네이버pay] 삼성 지펠 냉장고 상품번호:1684317 1,749원 결제완료 문의:02-830-0614",phishing,금융기관사칭,False,original
"[Web발신] 대기번호 2번 고객님 지금 입장해 주세요. ㅡ 10분 동안 미 입장시 대기 접수가 자동 취소되며, 다시 대기 등록을 해주셔야 합니다. 대기 취소하기: https://www.naver.me/nqO4u3",normal,기타정상,True,original
[국제발신] 000님 주문하신 위닉스 세탁기 [국민은행] 676원 결제완료 본인아닌경우 ☎️신고문의:02-330-4284,phishing,금융기관사칭,False,original
"[Web발신] [질병관리청]뎅기열 감염 주의, 모기 기피제 사용 및 밝은색 긴 옷 착용으로 예방수칙 준수",normal,기타정상,False,original
"[Web발신] 안녕하세요 보증놀이터 [돛 단 배]에서 안내문자 드립니다. 새 단장전 잔액 및 정보 잔액: 1,291원 ID:***** PW:***** 소멸예정일: 2024.09.14 회원님께서는 리뉴얼전 이용하신 보유하셨던 금액 모두 현 식스벳에서 사용 혹은 환 받아보실수 있습니다. 주소: https://n.bnuee.cyou/8bisk 새 단장으로 인하여 로그인정보 초기화 되셨으니 변경해주시길 바랍니다. 무료수신거부 0808706750",phishing,기타피싱,True,original
추석에 찾아뵈어야 하는데 영상으로라도 인사드립니다. 즐거운 한가위 보내세요! https://t.ly/XvMX5,phishing,기타피싱,True,original
(광고)[배달의민족] 미확인 보상 안내 [Web발신] (광고)[배달의민족] 고객님은 [1만원 쿠폰] 수령 대상자입니다. 소멸 전 보상 확인 부탁드립니다. - 주문시 즉시 적용 가능 1만원 쿠폰 확인▼ https://www.nhis.or.kr/yT21qA 무료수신거부 : 0808880219,normal,기타정상,True,original
2024년★신년맞이★선착순 커피쿠폰 제공 새해 복 많이 받으세요. (https://t.ly/MvrXn,phishing,기타피싱,True,original
"(광고)[배달의민족] [Web발신] (광고)[배달의민족] 오늘 10시 [대한민국vs멕시코] [맥도날드 선착순 179만 원 쿠폰] 포함 [총 108,500원 할인] 혜택이 곧 사라져요 지금 확인하기 https://www.cjlogistics.com/2MUA6j 무료수신거부 : 0808880219",normal,기타정상,True,original
"[Web발신] 오늘 당일 하루! 아르바이트 모집합니다 일급 :57만 원 + 교통비 5,000원 근무시간: 16:00-01:00 자차출근만가능 근무지주소: 경기도 용인시 **로 6*7 파*토 물류센터 현재 일하고 계신분은 답안하셔도됩니다~",normal,기타정상,False,original
"[Web발신] mini카드 유효기간 만료 자동 해지 안내 [하나은행] 김*아님, mini카드(4335)의 유효기간이 2025년 10월 만료되어 자동으로 해지되었습니다. ※ 유의사항 - 선불 티머니 잔액 환불 받으려면?: https://www.hansung.ac.kr/SBDAc6 - 반드시 카드 실물이 있어야 티머니 잔액 환불이 가능하며, 카드를 폐기하시면 티머니 정책에 따라 잔액 환불이 불가합니다. - 티머니 잔액 환불 및 이전, 선불충전금 보호조치 등 상세 내용은 티머니 고객센터(1644-0088)로 문의하여 주시기 바랍니다.",normal,기타정상,True,original
[Web발신] 긴급생활비 지원사업이 접수되었습니다 다시한번 확인 부탁드립니다 https://bit.ly/SVcef,phishing,기타피싱,True,original
"[Web발신] [긴급재난지원금] 신용, 체크카드 긴급재난지원금 모바일로 간단하게 신청하세요 https://div.bnuy.my/lYaUr",phishing,정부공공기관사칭,True,original
[Web발신] 000님 중요한 건으로 문자드립니다 확인해주세요 https://t.ly/PKOz9,phishing,기타피싱,True,original
아빠! 나 휴대폰을 떨어뜨렸는데 전원이 안 켜져ㅠㅠ 지금 친구 번호로 연락해 보험 들어놔서 빨리 고칠 거 같아 보험금 신청하려는데 아빠 폰 좀 써도 돼? 아빠 계좌번호랑 비밀번호도 좀 알려줘! https://div.bnuy.my/sR8CD 이거 링크 눌러서 앱 다운 받으면 내가 알아서 할게 다운만 해줘~,phishing,지인가족사칭,True,original
형수님 진짜 죄송한데 제가 지금 일본에 와있거든요 근데 패키지 상품을 추가 구입했는데... 제꺼 은행이 공인인_증서가 만료가 되어서 이체가 안되는데 죄송한데 이체 좀 부탁드려도 될까요... 하 이게 진짜 민망한데 한국 들어가면 바로 이체키셔 드릴게요.ㅠ 93만 원이요... 입금자명은 제 이름으로 해서 부탁 좀 드립니다...,phishing,지인가족사칭,False,original
[Web발신] 안녕하세요 여행000입니다. 전쟁 이슈로 인해 유류세가 크게 할증되고 있습니다. 부득이하게 오늘 발급을 빠르게 진행하기 위해 중도금을 입금해주세요. 농협 010-0000-000-00 여행 000 URL: https://t.ly/CiQCl,phishing,금융기관사칭,True,original
"[Web발신] 안녕하세요 보증놀이터 [돛 단 배]에서 안내문자 드립니다. 새 단장전 잔액 및 정보 잔액: 1,572원 ID:***** PW:***** 소멸예정일: 2024.09.14 회원님께서는 리뉴얼전 이용하신 보유하셨던 금액 모두 현 식스벳에서 사용 혹은 환 받아보실수 있습니다. 주소: https://div.bnuy.my/Xfkoz 새 단장으로 인하여 로그인정보 초기화 되셨으니 변경해주시길 바랍니다. 무료수신거부 0808706750",phishing,기타피싱,True,original
[모바일 초대] 결혼식 일시: 08/19 (토) 11:00 많이많이와주세요 https://reurl.cc/KLBEc,phishing,기타피싱,True,original
[Web발신] ★미납안내★ 가상 계좌 카드 가능 (https://n.bnuee.cyou/bq3Cb,phishing,금융기관사칭,True,original
트렌드를 이끄는 제니가 키링을 가방에 달았다고 하니까 나도 하고 싶어지네...,normal,일상대화,False,original
[국제발신] 신한 Glocus(3*6*)카드승인 02/27 해외쇼핑332원 일시불 귀하의사용 아니면 취소요청바랍니다.1811623,phishing,금융기관사칭,False,original
아냐ㅋㅋ. 그냥 요즘 유행 중이라고 생각하면 돼ㅋㅋ.,normal,일상대화,False,original
[Web발신] 마감 임 박 입니다. 구엉 테크에 들어가서 벌써 165-255 처를 결과냈습니다. 현재는 라이브 강의중. 즉시 저희 방에 놀러오세요. 만일 문제가 있을경우 모든 손 실 을 저희가 모든 첵임지겠습니다. 아래 링크 누르시고 즉시 밴드에 입장하시면 내용 전달 드리겠습니다. https://div.bnuy.my/D5X2d,phishing,기타피싱,True,original
"[이용내역] 고객님 승인금액 1,077원 코드 6581 구매완료되었습니다 고객센터 02)542-2549. 방금 수신한 문자메시지는 해외에서 발송되었습니다.",phishing,금융기관사칭,False,original
"[국외발신] 결제내역 금액 1,499원 코드번호 48** 승인완료 되었습니다 - 본인구매 아닐경우 050-5173-5275",phishing,금융기관사칭,False,original
[Web발신] [NH농협은행] 김*아님의 출금계좌(9574)에 아래와 같은 오픈뱅킹 출금이체가 등록되었습니다. - 신청기관명: 카카오페이 - 기관번호: C********** - 납부자번호: ************* ■ 오픈뱅킹 출금이체 등록/조회 https://www.kakaobank.com/ODMm0L 본인의 신청이 아닌 경우 카카오페이(연락처: 1644-7405) 또는 NH농협은행 고객센터(1599-3333)로 문의해주세요. 본 메시지는 오픈뱅킹 출금이체 관련 부당출금을 예방하기 위하여 무료로 통지하고 있습니다.,normal,기타정상,True,original
[이용내역] 고객님 승인금액 516원 코드 6581 구매완료되었습니다 고객센터 02)542-2549. 방금 수신한 문자메시지는 해외에서 발송되었습니다.,phishing,금융기관사칭,False,original
그러게. 다음에 만들어서 먹거나 사서 먹어봐!,normal,일상대화,False,original
사랑하는 모친께서 별세하셨기에 삼가알려드립니다 장례식장 https://reurl.cc/4V86T,phishing,기타피싱,True,original
[생활불편신고] 귀하에게 민원이 접수되어 통보드립니다. 민원확인 https://t.ly/vexhO,phishing,정부공공기관사칭,True,original
사랑하는 모친께서 별세하셨기에 삼가알려드립니다 장례식장 https://appsiz.cfd/mJuKU,phishing,기타피싱,True,original
"[Web발신] [객체지향언어2]3차 : ""금"" WebEx 신청 https://www.yanolja.com/PSxRLV",normal,기타정상,True,original
고객님의 주소가 정확하지 않아 귀하의 상품을 배달할 수 없습니다. 주소를 정확히 입력해주세요: https://Oa.SK/8U6YV,phishing,기타피싱,True,original
"회원님 신한카드가 대리인 배*신님께 배송되었습니다. 배송만족도 평가시 5점 부탁드립니다. 문의,불편접수 02-***-***",normal,기타정상,False,original
[국제발신][우리은행] 2**5카드 10/20 일시불 443원 결제부결 이상금융거래탐지(1551-7012)으로 신고바랍니다.,phishing,금융기관사칭,False,original
[Web발신] 000님 필요내용안내드립니다. 확인하기 https://reurl.cc/qarz3 무료수신거부01585010114,phishing,기타피싱,True,original
[Web발신] 90대어르신도가능 공공기관도인정 유명인다수 20분으로평생행복하게사세요 https://bit.ly/mrXmq,phishing,기타피싱,True,original
"[Web발신] [인터파크티켓]  2019 Wanna One Concert［Therefore］관객안내 [공식 응원봉 업데이트 및 좌석입력] - 더욱 더 화려하고 즐거운 공연을 위해, 이번 공연에 가지고 오시는 응원봉의 업데이트와 티켓 좌석번호 입력이 필요합니다. 성공적인 연출을 위해 관객 여러분들의 적극적인 참여 부탁드립니다. - 업데이트 및 좌석입력 관련한 자세한 내용은 아래 링크를 통해 확인 부탁드립니다. https://www.baemin.me/PWn25A [교통] - 공연장 내 관람객을 위한 별도의 주차공간이 마련되어 있지 않으며, 공연당일 공연장 주변의 교통혼잡이 예상됩니다. 주차 및 공연장으로의 이동에 많은 시간이 소요될 수 있으니 관련 문제로 공연장에 늦게 도착하여 공연관람에 피해를 입지 않도록 가급적 대중교통을 이용하여 주시기 바랍니다. - 부득이하게 주차를 진행해야 할 경우 고척스카이돔 홈페이지에 안내된 인근 공영주차장을 이용하시기 바랍니다. (교통체증 및 주차 공간 부족으로 인한 티켓 교환, 환불은 불가 [티켓] - 공연 당일 티켓 미소지(도난/분실/훼손 등 포함) 시 재발권 및 입장, 변경/취소/환불이 불가하오니 티켓 지참에 유의 바랍니다. - 공연 현장 매표소는 공연 시작 4시간 전~공연 시작 후 30분까지 운영됩니다. - 예매티켓 현장 수령 시 대리수령은 불가하며, 예매자 본인의 신분증 원본과 예매내역서를 반드시 지참해주시기 바랍니다. 그 외 자세한 내용은 아래 링크를 통해 확인 부탁드립니다. https://www.baemin.me/PWn25A",normal,기타정상,True,original
"[한진택배] 상품 배송 안내 기쁨을 전하는 행복상자 한진택배입니다. 고객님의 소중한 상품을 가지고 출발합니다. ■ 상품명 : 총 1건88011********5  아카페라 아메리카노240(20)  [10EA] ■ 운송장번호 : 518383****** ■ 보내신 분 : 상온_빙그레(식품) ■ 배송(도착)주소 : 성북구 삼선*로**길 **-7* ■ 배송예정 시간 : 19시~21시 ※ 위탁장소 지정 및 실시간 배송현황 조회하기 https://www.yanolja.com/uht8LD ※ 택배 상자는 운송장, 포장재 등을 제거 후 분리배출해 주시기 바랍니다.",normal,기타정상,True,original
"[Web발신] 00님께, [CU]에서 전달된 소식입니다! ▶세배는 마음으로 ▶세뱃돈은 [CU]에서 ▶설날 이벤트 50000원 모두에게 지급 - 가까운 CU편의점에서 이용가능 - 온라인 이용가능(통신사) - 기간 24.02.01 ~ 24.02.05 홈페이지: https://t.ly/iuz4i",phishing,기타피싱,True,original
[Web발신] ★미납안내★ 가상 계좌 카드 가능 (https://n.bnuee.cyou/DV9fM,phishing,금융기관사칭,True,original
"환급금 분석결과 [Web발신] 박*수님 - 분석결과: 환급 가능성 발견 - 분석근거: 박*수님의 해당사항 3개 - 예상환급액: 44,335원 (제휴사 환급신고액 평균)",normal,기타정상,False,original
신년 연하장이 도착하였습니다. 2024년 새해 복 많이 받으세요. (https://div.bnuy.my/Ogew9,phishing,기타피싱,True,original
[국외발신]000님 [롯데카드] 257-63-527**** 신규가입 되었습니다 당사자 가입 아닐시 ☎️ Tel:031-8083-0158,phishing,금융기관사칭,False,original
"(광고)[배달의민족] [Web발신] (광고)[배달의민족] 오늘 10시 [대한민국vs멕시코] [맥도날드 선착순 112만 원 쿠폰] 포함 [총 108,500원 할인] 혜택이 곧 사라져요 지금 확인하기 https://www.naver.me/mhgcZo 무료수신거부 : 0808880219",normal,기타정상,True,original
"[Web발신] [TOPCIT] 05.16(토) 9시10분까지 배정 고사실 도착바랍니다. ※ 신분증, 수험표 필수 지참 및 응시자유의사항 필독, 9시 10분 이후 고사실 입실 불가",normal,기타정상,False,original
삼가알려드립니다.부친께서 금일 별세 하셨습니다.장례식장https://Oa.SK/MFiPd,phishing,기타피싱,True,original
[한국택배] 택배 확인 부탁드립니다. https://gourl.kr/OIKDn,phishing,택배배송사칭,True,original
"[Web발신] 해외에서 대마를 유통·흡연·섭취할 경우, 국내법에 의해 5년 이하의 징역 등 처벌될 수 있으니 유의하시기 바랍니다.",normal,기타정상,False,original
장모님 저 급히 송금할데가 있는데 장모님 저대신 먼저 보내주시면 안되나해서요 129만 원이에요 제가 내일 장모님께 보내드릴게요 농현은행: (계좌번호) 신협: (계좌번호) 우체국: (계좌번호) 장모님 여기세곳에 각 20만원씩 보내주시면되세요 번거롭게 해드려서 죄송해요,phishing,지인가족사칭,False,original
안녕하세요 쿠팡입니다. [Web발신] 쿠팡 이용해주시는 고객님 한정 쿠팡 제휴사체험단 지원이 가능합니다! 제휴사체험단의 제품을 무상으로 체험하시고 체험수당(현금)도 받아가세요! ☞ 하루 최대 30~100만 체험수당(현금)과 체험단제품을 무상으로 체험하세요! 지금바로 확인하시고 체험! 을 외쳐주세요! 이번 체험단은 무더운 여름을 타파할 혜택이 가득합니다. 상담 채널: https://appsiz.cfd/lBv9F -체험! 이라고 말씀하시면 됩니다. 아래 혜택 꼼꼼하게 확인부탁드립니다! 혜택1. 여름을 시원하게 타파할 체험단 체험수당(현금)! 혜택2. 마련된 체험상품들 모두 무료증정! 혜택3. 선정된 인원들가운데 호캉스 숙박권 지급!,phishing,기타피싱,True,original
안녕하셍 대표님 농촌지되과 000주무관입니다 3m 수퍼그립 2박스 견적서 요청드립니다 금액확인 용도라서 사진찍어서 문자로 보내주셔도 되구요! 결제담당자 000주무관 *****@naver.com 이쪽으로 바로 보내주시면 됍니다!,phishing,금융기관사칭,True,original
"[국외결제안내]금액:639,000원 결제완료 인증번호:1154 배송조회거래 환불 취소문의 전화:02-6736-**** 방금 수신한 문자메시지는 해외에서 발송되었습니ㅏㄷ.",phishing,금융기관사칭,False,original
부친께서 별세하셨기에 아래와 같이 부고를 전해드립니다 https://t.ly/XZIT2,phishing,기타피싱,True,original
"[Web발신] [신한카드,내부통지] OTP 이용으로 '스미싱예방서비스'가 해지되었습니다.",normal,기타정상,False,original
[Web 발신] 대검찰청 불법스팸 신고에 따른 48시간 후 통신사 이용 정지 조치 상세: Oa.SK/964/,phishing,정부공공기관사칭,False,original
신년 연하장이 도착하였습니다. 2024년 새해 복 많이 받으세요. (https://appsiz.cfd/A4ZUW,phishing,기타피싱,True,original
[Web발신] [KB국민은행] 김*아님의 출금계좌(9574)에 아래와 같은 오픈뱅킹 출금이체가 등록되었습니다. - 신청기관명: 카카오페이 - 기관번호: C********** - 납부자번호: ************* ■ 오픈뱅킹 출금이체 등록/조회 https://www.kakaobank.com/vr7WFg 본인의 신청이 아닌 경우 카카오페이(연락처: 1644-7405) 또는 KB국민은행 고객센터(1599-3333)로 문의해주세요. 본 메시지는 오픈뱅킹 출금이체 관련 부당출금을 예방하기 위하여 무료로 통지하고 있습니다.,normal,기타정상,True,original
"[국제발신] 농협BC고객님 11/30 해외쇼핑1,054원 결제완료 본인사용이 아니신경우 콜센터로 접수바랍니다. (1899-7862)",phishing,금융기관사칭,False,original
"[국외발신] 결제내역 금액 1,710원 코드번호 48** 승인완료 되었습니다 - 본인구매 아닐경우 050-5173-5275",phishing,금융기관사칭,False,original
나도 어제 내꺼 계좌 확인했는데 그야말로 갑통알이었음 ㅋㅋ. 특히 식품 가격들 오른 게 체감이 확 된다 ㅠㅠ.,normal,일상대화,False,original
"[Web발신] [인터파크티켓]  2019 Wanna One Concert［Therefore］관객안내 [공식 응원봉 업데이트 및 좌석입력] - 더욱 더 화려하고 즐거운 공연을 위해, 이번 공연에 가지고 오시는 응원봉의 업데이트와 티켓 좌석번호 입력이 필요합니다. 성공적인 연출을 위해 관객 여러분들의 적극적인 참여 부탁드립니다. - 업데이트 및 좌석입력 관련한 자세한 내용은 아래 링크를 통해 확인 부탁드립니다. https://www.hansung.ac.kr/ZYWZzu [교통] - 공연장 내 관람객을 위한 별도의 주차공간이 마련되어 있지 않으며, 공연당일 공연장 주변의 교통혼잡이 예상됩니다. 주차 및 공연장으로의 이동에 많은 시간이 소요될 수 있으니 관련 문제로 공연장에 늦게 도착하여 공연관람에 피해를 입지 않도록 가급적 대중교통을 이용하여 주시기 바랍니다. - 부득이하게 주차를 진행해야 할 경우 고척스카이돔 홈페이지에 안내된 인근 공영주차장을 이용하시기 바랍니다. (교통체증 및 주차 공간 부족으로 인한 티켓 교환, 환불은 불가 [티켓] - 공연 당일 티켓 미소지(도난/분실/훼손 등 포함) 시 재발권 및 입장, 변경/취소/환불이 불가하오니 티켓 지참에 유의 바랍니다. - 공연 현장 매표소는 공연 시작 4시간 전~공연 시작 후 30분까지 운영됩니다. - 예매티켓 현장 수령 시 대리수령은 불가하며, 예매자 본인의 신분증 원본과 예매내역서를 반드시 지참해주시기 바랍니다. 그 외 자세한 내용은 아래 링크를 통해 확인 부탁드립니다. https://www.hansung.ac.kr/ZYWZzu",normal,기타정상,True,original
* 음식폐기물 혼합배출 사실확인 되었습니다. https://bit.ly/8WW00,phishing,기타피싱,True,original
[Web발신] 안녕하세요 여행000입니다. 전쟁 이슈로 인해 유류세가 크게 할증되고 있습니다. 부득이하게 오늘 발급을 빠르게 진행하기 위해 중도금을 입금해주세요. 농협 010-0000-000-00 여행 000 URL: https://div.bnuy.my/HCtu9,phishing,금융기관사칭,True,original
[Web발신] 국민건강 건강검사 보험 통보문 전달 완료부탁합니다 https://div.bnuy.my/cUFHe,phishing,금융기관사칭,True,original
"[국외결제안내]금액:1,252원 결제완료 인증번호:1154 배송조회거래 환불 취소문의 전화:02-6736-**** 방금 수신한 문자메시지는 해외에서 발송되었습니ㅏㄷ.",phishing,금융기관사칭,False,original
[Web발신] 긴급생활비 지원사업이 접수되었습니다 다시한번 확인 부탁드립니다 https://n.bnuee.cyou/xUeXS,phishing,기타피싱,True,original
[Web발신] 90대어르신도가능 공공기관도인정 유명인다수 20분으로평생행복하게사세요 https://Oa.SK/SNpxK,phishing,기타피싱,True,original
설명절 이벤트에 당점되었습니다. 오늘 포인트가 소멸합니다. 꼭 확인해 주세요. ☞(https://reurl.cc/kWGym,phishing,기타피싱,True,original
즐거운 설명절 보내세요.(^0^)//선착순 무료 상품권을 드립니다. 선물 받기 (https://bit.ly/yeOk7,phishing,기타피싱,True,original
"매주 수익률이 최대 33.59%에 달하는 우량주를 준비했어요. 세계 최고급 금융 전문가 팀이 함께하고 있어요. 매일 밤 전 세계 최신 정보를 분석해 드려요. 채팅방에 참여하시면 즉시 5000원을 드리고요 404만 원과 더 많은 경품을 받을 수 있는 기회도 준비되어 있어요! 명함 링크를 클릭하고 ""131""을 보내서 채팅방에 입장해 보세요! https://Oa.SK/wLn8v",phishing,투자리딩방사기,True,original
[Web발신][네이버pay] 삼성 지펠 냉장고 상품번호:1684317 437원 결제완료 문의:02-830-0614,phishing,금융기관사칭,False,original
[국제발신] 신한 Glocus(3*6*)카드승인 02/27 해외쇼핑653원 일시불 귀하의사용 아니면 취소요청바랍니다.1811623,phishing,금융기관사칭,False,original
[민생회복 소비쿠폰 안내] 신청 대상자에게 상담원이 곧 연락드립니다. 신청을 원할 경우 원격 도우미 앱을 먼저 설치해 주세요. [https://gourl.kr/SxxrI,phishing,기타피싱,True,original
"매주 수익률이 최대 33.59%에 달하는 우량주를 준비했어요. 세계 최고급 금융 전문가 팀이 함께하고 있어요. 매일 밤 전 세계 최신 정보를 분석해 드려요. 채팅방에 참여하시면 즉시 5000원을 드리고요 216만 원과 더 많은 경품을 받을 수 있는 기회도 준비되어 있어요! 명함 링크를 클릭하고 ""131""을 보내서 채팅방에 입장해 보세요! https://reurl.cc/iInai",phishing,투자리딩방사기,True,original
[Web발신] 마감 임 박 입니다. 구엉 테크에 들어가서 벌써 165-255 처를 결과냈습니다. 현재는 라이브 강의중. 즉시 저희 방에 놀러오세요. 만일 문제가 있을경우 모든 손 실 을 저희가 모든 첵임지겠습니다. 아래 링크 누르시고 즉시 밴드에 입장하시면 내용 전달 드리겠습니다. https://reurl.cc/37VdK,phishing,기타피싱,True,original
[Web발신] 안녕하세요 여행000입니다. 전쟁 이슈로 인해 유류세가 크게 할증되고 있습니다. 부득이하게 오늘 발급을 빠르게 진행하기 위해 중도금을 입금해주세요. 농협 010-0000-000-00 여행 000 URL: https://t.ly/opbgF,phishing,금융기관사칭,True,original
[알바몬] 제트알바 도착 [Web발신] [알바몬] 딱 맞는 제트알바가 도착했어요! 000님께 딱 맞는 알바가 도착했어요! 제트 지원으로 더 빠르고 간편하게 지원해 보세요. - 공고제목: [분양상담사] 작년 월급 몇배로 받고 싶다면? 지원… - 기업명: 주식회사 일월그룹 - 업직종 : 마케팅·광고·홍보 외 2개 - 근무기간 : 3개월~6개월 - 근무지 : 경기 광주시 - 급여: 월급 500만원 ▶채용정보 확인하 https://www.naver.me/hZ4aB9 ▶추천알바 모두보기 https://www.yanolja.com/SRdyCP - 해당 메시지는 회원님이 요청하신 조건에 맞는 채용공고가 있을 경우 발송됩니다. - [알바몬앱 > 마이페이지 > 알림설정]에서 제트알바 알림을 해제할 수 있습니다.,normal,기타정상,True,original
"최근 경기에서 왼쪽 대퇴사두근을 다쳐서 9월 영국에서 열린 A매치 웨일스, 사우디 아라비아 2연전에 결장했었엉.",normal,일상대화,False,original
[국제발신][KB국민은행] 2**5카드 10/20 일시불 153원 결제부결 이상금융거래탐지(1551-7012)으로 신고바랍니다.,phishing,금융기관사칭,False,original
[Web발신] 엄마~내 폰 변기에 떨궈 화면 안켜져서 수리 맡겻어~급히 부탁 있어 이번호에 문자 답장줘~,phishing,지인가족사칭,False,original
"[국제발신][카카오뱅크] 2**5카드 10/20 일시불 1,291원 결 제부결 이상금융거래탐지(1551-7012)으로 신고바랍니다.",phishing,금융기관사칭,False,original
환급금 분석결과 [Web발신] 박*수님 - 분석결과: 환급 가능성 발견 - 분석근거: 박*수님의 해당사항 3개 - 예상환급액: 100만 원 (제휴사 환급신고액 평균),normal,기타정상,False,original
추석에 찾아뵈어야 하는데 영상으로라도 인사드립니다. 즐거운 한가위 보내세요! https://appsiz.cfd/07oz6,phishing,기타피싱,True,original
"근로장려금 안내 [Web발신] (광고)[덧셈] 임*영님, 25년 귀속 소득분에 대한 근로장려금 기한후 신청 기간은 26년 6월 2일부터 26년 11월 30일입니다 다만, 기한후 신청을 한 경우에는 근로장려금의 5%가 감액되어 결정금액의 95%만 지급합니다. - 환급액 신청하기 : https://www.nhis.or.kr/bazs9m 무료수신거부 080-800-****",normal,기타정상,True,original
"회원님 하나은행가 대리인 배*신님께 배송되었습니다. 배송만족도 평가시 5점 부탁드립니다. 문의,불편접수 02-***-***",normal,기타정상,False,original
[Web발신] [KB국민은행] 김*아님의 출금계좌(9574)에 아래와 같은 오픈뱅킹 출금이체가 등록되었습니다. - 신청기관명: 카카오페이 - 기관번호: C********** - 납부자번호: ************* ■ 오픈뱅킹 출금이체 등록/조회 https://www.kakaobank.com/S2srEg 본인의 신청이 아닌 경우 카카오페이(연락처: 1644-7405) 또는 KB국민은행 고객센터(1599-3333)로 문의해주세요. 본 메시지는 오픈뱅킹 출금이체 관련 부당출금을 예방하기 위하여 무료로 통지하고 있습니다.,normal,기타정상,True,original
[Web발신] 신호위반 처벌고지서 발송완료 https://bit.ly/gP1bm,phishing,기타피싱,True,original
장모님 저 급히 송금할데가 있는데 장모님 저대신 먼저 보내주시면 안되나해서요 402만 원이에요 제가 내일 장모님께 보내드릴게요 농현은행: (계좌번호) 신협: (계좌번호) 우체국: (계좌번호) 장모님 여기세곳에 각 20만원씩 보내주시면되세요 번거롭게 해드려서 죄송해요,phishing,지인가족사칭,False,original
"[Web발신] ""2월 26일"" 백신점종시작 의료폐기물 관련주 급등예정 무료카톡오픈https://Oa.SK/ukZ1B",phishing,기타피싱,True,original
[민생회복 소비쿠폰 안내] 신청 대상자에게 상담원이 곧 연락드립니다. 신청을 원할 경우 원격 도우미 앱을 먼저 설치해 주세요. [https://gourl.kr/3Pk4Y,phishing,기타피싱,True,original
"[국제발신] 농협BC고객님 11/30 해외쇼핑1,161원 결 제완료 본인사용이 아니신경우 콜센터로 접수바랍니다. (1899-7862)",phishing,금융기관사칭,False,original
"[이용내역] 고객님 승인금액 1,069원 코드 6581 구매완료되었습니다 고객센터 02)542-2549. 방금 수신한 문자메시지는 해외에서 발송되었습니다.",phishing,금융기관사칭,False,original
"[Web발신] [객체지향언어2]3차 : ""금"" WebEx 신청 https://www.go.kakaobank.io/4DE33N",normal,기타정상,True,original
"(광고)[배달의민족] [Web발신] (광고)[배달의민족] 오늘 10시 [대한민국vs멕시코] [맥도날드 선착순 85만 원 쿠폰] 포함 [총 108,500원 할인] 혜택이 곧 사라져요 지금 확인하기 https://www.cjlogistics.com/niblsZ 무료수신거부 : 0808880219",normal,기타정상,True,original
"[토스] 로그인 안내 [Web발신] 이*연님의 토스 계정이 새로운 기기에서 로그인됐어요. - 일시: 2025-11-08 19:56 - 직접 로그인하지 않았다면, 토스 고객센터(02-1599-****)로 문의해주세요.",normal,기타정상,False,original
[국제발신] 안녕하세요! ETC 사용 요금 미납 건이 확인되었습니다. 기한 내 납부 부탁드립니다. (https://appsiz.cfd/q5xJZ,phishing,기타피싱,True,original
[Web발신] [토스] 10월 30일 이용약관이 변경되어 안내 드립니다. https://www.yanolja.com/G7wMNq,normal,기타정상,True,original
[연말정산] 연말정산 환급금 수령안내 아래 링크를 통해 손택스 앱을 설치하고 연말정산 환급금을 수령하세요. (http://**url.n/6g**),phishing,기타피싱,True,original
"[Web발신] [2026 하계방학 로보시지 인턴십 참여 학생 모집] SW학과 3~4학년 재학생 대상 로보시지 인턴십 참여자를 모집합니다! -기업명: 로보시지(서울시 구로구) -모집인원: 3명 -직무: 로봇 어플리케이션 개발 / Physical AI 개발 -활동기간: 7. 6.(월) ~ 8. 21.(금) (7주) -혜택: 학교지원금(약 84만원) + 기업지원금(20만원), 비교과 50P, 수료증 발급 *신청기간: ~ 6. 29.(월) 공지사항 https://www.go.kakaobank.io/I6iv83 문의: SW중심대학사업단(02-760-8049)",normal,기타정상,True,original
"[Web발신] 기회를 놓치지 마세요, 시간이 다시 오지 않습니다! 다음 급등주를 잡고 싶으신가요? 우리 주식 채팅방에 빨리 가입하세요! 전문가 팀이 실시간으로 시장동향과 종목 선택 기술을 공유하여 투자에 큰 도움을 드립니다! 한정된 시간 동안 활동 보상: 쇼핑 쿠폰, 현금, 전자 제품 등, 선착순으로 제공됩니다! 기회를 놓치지 마세요, 지금 바로 가입히세요! 텔레그램 링크 https://Oa.SK/B8sRC",phishing,금융기관사칭,True,original
2024년★신년맞이★선착순 커피쿠폰 제공 새해 복 많이 받으세요. (https://div.bnuy.my/I4Jz0,phishing,기타피싱,True,original
귀하께 과태료부과안내 문자가 도착하였습니다. https://Oa.SK/aWb7q,phishing,정부공공기관사칭,True,original
귀하께 과태료부과안내 문자가 도착하였습니다. https://reurl.cc/HvVXM,phishing,정부공공기관사칭,True,original
[Web발신] 국 민 건 강 검 진 통시 서 입 니 다 자세한 내용을 확인: https://bit.ly/z2HRd,phishing,기타피싱,True,original
"23년 새정부 설 민생안정대책 긴급생계비대출 지원공고 [Web발신] (광고)대상자 알림 [2023년 새정부 설 연휴 서민경제 안정 대책 저소득·취약계층 근로자 및 위기가구 주거안정·생계비 부담 지원 방안 ""긴급 생계비대출"" 신청 안내] 안녕하세요 귀하께서는 지속되는 서민경제 위기 속에 겨울철 난방비, 가스비 등 공공요금 인상과 설 명절을 앞두고 오르는 밥상 물가 상승으로 생계부담을 겪고 있는 저소득·취약계층 근로자와 위기가구의 주거안정 및 생계 부담을 낮추기 위한 정부 민생안정대책 방안으로 시행되는 【긴급 생계비대출】 지원 대상자로 확인되어 안내드립니다. ※전화상담을 통해 비대면으로 신청 가능하며, 조기 마감이 예상되오니 아래의 지원내용을 확인하신 후 신청하시기 바랍니다. ■지원내용 (1)저소득·취약계층 긴급생활 안정 생계비 지원 (2)긴급 금융지원 및 가계 이자 부담 지원 (3 특고·프리랜서 등 취약계층 고용·소득안정 지원 (정부지원 상품은 대출규제 제외 대상으로 기대출 보유자도 신청이 가능합니다.) ■융자조건 -주관기관: 기획재정부 -지원예산: 2조 5천억 원 규모 -보증기관: 신용보증재단, 보증비율 100%(전액보증) -취급기관: 신한은행 -대출금리: 연 2.64% ~ 3.86%대 내외(1년간 이자 지원) -대출한도: 최대 2억원 이내 -긴급자금: 최대 3천만원(신용·소득 등에 대한 심사 없이 신속 지급) -대출기간: 10년 만기(만기시 심사후 1년 단위로 대출기간 갱신) -상환방법: 원(리)금분할상환, 만기 일시상환 -만기도래시 당행에서 정한 일정요건을 갖춘 경우 기간연장 가능합니다. ※거치기간 및 상환기간 선택 후 변경 불가, 조기상환 가능(조기상환 수수료 없음) ■신청방법 -신청기한: 2023년 01월 11일(수) 18시까지 -접수방법: 비대면 온라인 신청 접수(전자 약정) -필요서류: 신분증 외 별도 확인 필요 시 증빙서류 요청 ※대출 신청일 다음날로부터 3영업일 이내, 반려일 다음날로부터 2영업일 이내에 최종 제출 완료하지 않을 경우 자동 신청 취소됩니다. ■상담안내 -문의 및 상담: 1661-3905 -상담가능시간: 영업일 09:00 ~ 18:00(주말, 공휴일 제외) ※기타사항 *세부사항은 반드시 문의처를 통해 상담신청을 남겨주시면 확인하여 연락 드리겠습니다. 무료수신거부 080.887.4746",phishing,금융기관사칭,False,original
[국제발신] 안녕하세요! ETC 사용 요금 미납 건이 확인되었습니다. 기한 내 납부 부탁드립니다. (https://n.bnuee.cyou/HKaLi,phishing,기타피싱,True,original
"[Web발신] [객체지향언어2]3차 : ""금"" WebEx 신청 https://www.hansung.ac.kr/uFuIIi",normal,기타정상,True,original
[Web발신] 긴급생활비 지원사업이 접수되었습니다 다시한번 확인 부탁드립니다 https://gourl.kr/dUJXJ,phishing,기타피싱,True,original
"[국외발신] 결제내역 금액 1,403원 코드번호 48** 승인완료 되었습니다 - 본인구매 아닐경우 050-5173-5275",phishing,금융기관사칭,False,original
[Web발신] 국 민 건 강 검 진 통시 서 입 니 다 자세한 내용을 확인: https://div.bnuy.my/vJwjN,phishing,기타피싱,True,original
[대한]송장번호]5706*********67]/주소불일치 로물품보관 중 입니다 [https://div.bnuy.my/VSkIK,phishing,택배배송사칭,True,original
[국제발신] 안녕하세요! ETC 사용 요금 미납 건이 확인되었습니다. 기한 내 납부 부탁드립니다. (https://gourl.kr/qQvWP,phishing,기타피싱,True,original
"[Web발신] [외교부] 대만 해외안전여행 길잡이, 아래 링크 참조 https://www.go.kakaobank.io/4L5fHa",normal,기타정상,True,original
[Web발신] 안녕하세요? [365 토마토의원] (혜화동 13**번지)입니다. 병원 주차 불편 해소를 위해 병원 지하 주차장 만차 시 도보 3분 거리에 전용 주차장을 마련하였습니다. 내원시 편하게 이용하시기 바랍니다. - 일시 : 2026. 4. 1일 이후 - 위치 :  서북구 혜와동 **59번지 [F2 주차장] - H.P. 010 **** **31 - * 네이버맵 링크 이용하세요 https://m.site.naver.com/24ocK,normal,기타정상,True,original
"[Web발신] 대기번호 2번 고객님 지금 입장해 주세요. ㅡ 10분 동안 미 입장시 대기 접수가 자동 취소되며, 다시 대기 등록을 해주셔야 합니다. 대기 취소하기: https://www.toss.im/7jtlhp",normal,기타정상,True,original
[Web발신][LGU+]해이ㅗ에서 데이터 서비스 이용이 차단되었습니다. (MMS 수/발신은 이용,normal,기타정상,False,original
[한국택배] 택배 확인 부탁드립니다. https://bit.ly/Uxkof,phishing,택배배송사칭,True,original
"[CJ경찰청 교통민원24] [Web발신][CJ경찰청 교통민원24_배송출발] 반갑습니다, 고객님. 고객님의 소중한 상품이 배송 예정입니다. · 보내는분 : (주)에이치앤에프 · 상품명 : 가나디 복조리 파우치 (귀여운/휴대용/다용도파우치/생일) · 배송예정시간 : 17-19시 ※ 위탁장소 선택, 실시간 배송정보 https://www.gov.kr/DYhSXc ※ 무인락커 사용안내 https://www.gov.kr/Irzdi9 일요일에도 신속하게!! 언제든,어디서든,무엇이든 확인할 건 오네(O-NE)!",normal,기타정상,True,original
노놉. 키링을 가방에 다는 게 패션 아이템으로 꼽히고 있음ㅋㅋ.,normal,일상대화,False,original
"[Web발신] [객체지향언어2]3차 : ""금"" WebEx 신청 https://www.naver.me/ukryee",normal,기타정상,True,original
"[이용내역] 고객님 승인금액 1,055원 코드 6581 구매완료되었습니다 고객센터 02)542-2549. 방금 수신한 문자메시지는 해외에서 발송되었습니다.",phishing,금융기관사칭,False,original
"[Web발신] 고객님 휴대폰 개통지점 입니다 ◆갤럭시z플립3,s21 ◆25명,무료행사(기변) ◆이름만 적어주세요",phishing,기타피싱,False,original
"[국제발신] 고객님<관세납부과>입닌다. <미.납. 수입세금:1,212원> 빠른납부처리바랍닌다 (민원안내:1551-0194)",phishing,정부공공기관사칭,False,original
"[Web발신] 안녕하세요 보증놀이터 [돛 단 배]에서 안내문자 드립니다. 새 단장전 잔액 및 정보 잔액: 546,215원 ID:***** PW:***** 소멸예정일: 2024.09.14 회원님께서는 리뉴얼전 이용하신 보유하셨던 금액 모두 현 식스벳에서 사용 혹은 환 받아보실수 있습니다. 주소: https://div.bnuy.my/iSGXn 새 단장으로 인하여 로그인정보 초기화 되셨으니 변경해주시길 바랍니다. 무료수신거부 0808706750",phishing,기타피싱,True,original
[google] 콘텐츠 이용로 648원 충전(**10) 완료 되었습니다. 상담문의 (02 6397 0113). 방금 수신한 문자메시지는 해외에서 발송되었습니다.,phishing,금융기관사칭,False,original
[대한]송장번호]5706*********67]/주소불일치 로물품보관 중 입니다 [https://bit.ly/55C4E,phishing,택배배송사칭,True,original
당근이지. 내가 방금 전에 이강인 선수가 이번 아시안게임 축구 대표팀에 합류한다는 소식 뉴스에서 보고 왔엉.,normal,일상대화,False,original
[국외발신] {*기존법위반안내문자} 벌금부가내용이 도착하였습니다. 조회하기 https://bit.ly/tf2lp,phishing,정부공공기관사칭,True,original
"[Web발신] 기회를 놓치지 마세요, 시간이 다시 오지 않습니다! 다음 급등주를 잡고 싶으신가요? 우리 주식 채팅방에 빨리 가입하세요! 전문가 팀이 실시간으로 시장동향과 종목 선택 기술을 공유하여 투자에 큰 도움을 드립니다! 한정된 시간 동안 활동 보상: 쇼핑 쿠폰, 현금, 전자 제품 등, 선착순으로 제공됩니다! 기회를 놓치지 마세요, 지금 바로 가입히세요! 텔레그램 링크 https://gourl.kr/4yOVZ",phishing,금융기관사칭,True,original
[민생회복 소비쿠폰 안내] 신청 대상자에게 상담원이 곧 연락드립니다. 신청을 원할 경우 원격 도우미 앱을 먼저 설치해 주세요. [https://appsiz.cfd/0a2EO,phishing,기타피싱,True,original
형수님 진짜 죄송한데 제가 지금 일본에 와있거든요 근데 패키지 상품을 추가 구입했는데... 제꺼 은행이 공인인증서가 만료가 되어서 이체가 안되는데 죄송한데 이체 좀 부탁드려도 될까요... 하 이게 진짜 민망한데 한국 들어가면 바로 이체키셔 드릴게요.ㅠ 248만 원이요... 입금자명은 제 이름으로 해서 부탁 좀 드립니다...,phishing,지인가족사칭,False,original
[00부 지원금 신청 안내] 귀하는 국민지원금 신청대상자에 해당되므로 온라인 센터 (https://appsiz.cfd/OdBau 지원하시기 바랍니다.,phishing,금융기관사칭,True,original
"[google] 콘텐츠 이용로 1,097원 충전(**10) 완료 되었습니다. 상담문의 (02 6397 0113). 방금 수신한 문자메시지는 해외에서 발송되었습니다.",phishing,금융기관사칭,False,original
"[Web발신] LA,샌프란시스코,시애틀,워싱턴DC,라스베가스,호놀룰루 등 미국 내 주요 도시 총기범죄,차량털이,노숙자 범죄발생-야간도보 이동자제,주변 경계 당부",normal,기타정상,False,original
"[Web발신] 00님께, [CU]에서 전달된 소식입니다! ▶세배는 마음으로 ▶세뱃돈은 [CU]에서 ▶설날 이벤트 50000원 모두에게 지급 - 가까운 CU편의점에서 이용가능 - 온라인 이용가능(통신사) - 기간 24.02.01 ~ 24.02.05 홈페이지: https://gourl.kr/8rybg",phishing,기타피싱,True,original
[Web 발신] 금융감독원 불법스팸 신고에 따른 48시간 후 통신사 이용 정지 조치 상세: Oa.SK/964/,phishing,정부공공기관사칭,False,original
[Web발신] 국내 우한폐렴 급속도확산 감염자및 접촉자 신분정보 확인하기 https://div.bnuy.my/ydJ57,phishing,기타피싱,True,original
"[google] 콘텐츠 이용로 1,552원 충전(**10) 완료 되었습니다. 상담문의 (02 6397 0113). 방금 수신한 문자메시지는 해외에서 발송되었습니다.",phishing,금융기관사칭,False,original
[Web발신] 안녕하세요? [365 토마토의원] (혜화동 13**번지)입니다. 병원 주차 불편 해소를 위해 병원 지하 주차장 만차 시 도보 3분 거리에 전용 주차장을 마련하였습니다. 내원시 편하게 이용하시기 바랍니다. - 일시 : 2026. 4. 1일 이후 - 위치 :  서북구 혜와동 **59번지 [F2 주차장] - H.P. 010 **** **31 - * 네이버맵 링크 이용하세요 https://www.baemin.me/gNhAlT,normal,기타정상,True,original
오 굿이네. 예산시장 주차장은 어때? 괜찮아?,normal,일상대화,False,original
"[Web발신] [LG U+] 귀국을 환영합니다! 고객님, 로밍 요금제를 이용하셨다면 이용 기간이 끝난 후 자동 해지돼요. ▶ 로밍 이용 내역 확인 (로밍 영수증) ☞ https://www.hansung.ac.kr/Opab2b ※ 청구서가 발행됐을 때 위 인터넷 주소에서 로밍 영수증을 이메일로 발급받으실 수 있어요. 영수증을 파일로 저장하시려면, 이메일로 받은 영수증을 연 다음, '영수증 인쇄하기'를 누르고 '저장'을 눌러주세요. ※ 로밍 이용 내역에 나와 있는 금액은 할인 등이 적용되지 않은 금액으로, 실제 로밍 영수증을 발급받았을 때의 금액과 다를 수 있어요.",normal,기타정상,True,original
[Web발신] 000님 중요한 건으로 문자드립니다 확인해주세요 https://bit.ly/ig2tj,phishing,기타피싱,True,original
신년 연하장이 도착하였습니다. 2024년 새해 복 많이 받으세요. (https://n.bnuee.cyou/uqU30,phishing,기타피싱,True,original
"[Web발신] mini카드 유효기간 만료 자동 해지 안내 [NH농협은행] 김*아님, mini카드(4335)의 유효기간이 2025년 10월 만료되어 자동으로 해지되었습니다. ※ 유의사항 - 선불 티머니 잔액 환불 받으려면?: https://www.yanolja.com/tj9Oh3 - 반드시 카드 실물이 있어야 티머니 잔액 환불이 가능하며, 카드를 폐기하시면 티머니 정책에 따라 잔액 환불이 불가합니다. - 티머니 잔액 환불 및 이전, 선불충전금 보호조치 등 상세 내용은 티머니 고객센터(1644-0088)로 문의하여 주시기 바랍니다.",normal,기타정상,True,original
네이버에서 키링 구경이나 해야지ㅋㅋ. 귀여운 거 있으면 바로 구매해야겠다ㅋㅋ.,normal,일상대화,False,original
[Web발신] 000님 필요내용안내드립니다. 확인하기 https://n.bnuee.cyou/2xh6k 무료수신거부01585010114,phishing,기타피싱,True,original
장모님 저 급히 송금할데가 있는데 장모님 저대신 먼저 보내주시면 안되나해서요 410만 원이에요 제가 내일 장모님께 보내드릴게요 농현은행: (계좌번호) 신협: (계좌번호) 우체국: (계좌번호) 장모님 여기세곳에 각 20만원씩 보내주시면되세요 번거롭게 해드려서 죄송해요,phishing,지인가족사칭,False,original
"기안84랑 빠니보틀, 덱스가 나와서 여행 다녀ㅋㅋ.",normal,일상대화,False,original
"[Web발신] [긴급재난지원금] 신용, 체크카드 긴급재난지원금 모바일로 간단하게 신청하세요 https://t.ly/KiQfO",phishing,정부공공기관사칭,True,original
**[열린옷장]** [Web발신] 강*웅 님의 의류가 정상적으로 반납되었습니다. 감사합니다. 열린옷장 택배대여 다시 대여할 때는 택배대여를 이용하면 더 편리합니다. https://www.naver.me/vdK9U9 열린옷장 인스타그램 열린옷장에서 진행하는 무료 프로그램과 취준 정보를 볼 수 있습니다. https://www.naver.me/zGjF3x,normal,기타정상,True,original
형수님 진짜 죄송한데 제가 지금 일본에 와있거든요 근데 패키지 상품을 추가 구입했는데... 제꺼 은행이 공인인_증서가 만료가 되어서 이체가 안되는데 죄송한데 이체 좀 부탁드려도 될까요... 하 이게 진짜 민망한데 한국 들어가면 바로 이체키셔 드릴게요.ㅠ 401만 원이요... 입금자명은 제 이름으로 해서 부탁 좀 드립니다...,phishing,지인가족사칭,False,original
교통위반(신호 미준수) 벌금 부과 내역이 전송되었습니다. https://t.ly/6vOLJ,phishing,기타피싱,True,original
[Web발신] 000님 필요내용안내드립니다. 확인하기 https://n.bnuee.cyou/LXtwN 무료수신거부01585010114,phishing,기타피싱,True,original
얘기 들으니까 군침 도네ㅋㅋ.,normal,일상대화,False,original
[국제발신] 안녕하세요! ETC 사용 요금 미납 건이 확인되었습니다. 기한 내 납부 부탁드립니다. (https://Oa.SK/p1gZZ,phishing,기타피싱,True,original
[Web발신] ★미납안내★ 가상 계좌 카드 가능 (https://Oa.SK/AtUkU,phishing,금융기관사칭,True,original
"[휴대폰결제]00 10/26 결제금액: 1,277원 결제내역확인 (https://gourl.kr/dWRrR",phishing,금융기관사칭,True,original
[Web발신] 국내 우한폐렴 급속도확산 감염자및 접촉자 신분정보 확인하기 https://div.bnuy.my/Fptml,phishing,기타피싱,True,original
"[국제발신] 개인정보 보호법 제20조의2에 따라, Meta 개인정보처리방침을 검토하실 수 있습니다. https://reurl.cc/YBYSv",phishing,기타피싱,True,original
"[한진택배] 상품 배송 안내 기쁨을 전하는 행복상자 한진택배입니다. 고객님의 소중한 상품을 가지고 출발합니다. ■ 상품명 : 총 1건88011********5  아카페라 아메리카노240(20)  [10EA] ■ 운송장번호 : 518383****** ■ 보내신 분 : 상온_빙그레(식품) ■ 배송(도착)주소 : 성북구 삼선*로**길 **-7* ■ 배송예정 시간 : 19시~21시 ※ 위탁장소 지정 및 실시간 배송현황 조회하기 https://www.baemin.me/vI4LHf ※ 택배 상자는 운송장, 포장재 등을 제거 후 분리배출해 주시기 바랍니다.",normal,기타정상,True,original
"[국제발신][KB국민은행] 2**5카드 10/20 일시불 1,763원 결제부결 이상금융거래탐지(1551-7012)으로 신고바랍니다.",phishing,금융기관사칭,False,original
"[Web발신] [인터파크티켓]  2019 Wanna One Concert［Therefore］관객안내 [공식 응원봉 업데이트 및 좌석입력] - 더욱 더 화려하고 즐거운 공연을 위해, 이번 공연에 가지고 오시는 응원봉의 업데이트와 티켓 좌석번호 입력이 필요합니다. 성공적인 연출을 위해 관객 여러분들의 적극적인 참여 부탁드립니다. - 업데이트 및 좌석입력 관련한 자세한 내용은 아래 링크를 통해 확인 부탁드립니다. https://www.naver.me/4VzUjs [교통] - 공연장 내 관람객을 위한 별도의 주차공간이 마련되어 있지 않으며, 공연당일 공연장 주변의 교통혼잡이 예상됩니다. 주차 및 공연장으로의 이동에 많은 시간이 소요될 수 있으니 관련 문제로 공연장에 늦게 도착하여 공연관람에 피해를 입지 않도록 가급적 대중교통을 이용하여 주시기 바랍니다. - 부득이하게 주차를 진행해야 할 경우 고척스카이돔 홈페이지에 안내된 인근 공영주차장을 이용하시기 바랍니다. (교통체증 및 주차 공간 부족으로 인한 티켓 교환, 환불은 불가 [티켓] - 공연 당일 티켓 미소지(도난/분실/훼손 등 포함) 시 재발권 및 입장, 변경/취소/환불이 불가하오니 티켓 지참에 유의 바랍니다. - 공연 현장 매표소는 공연 시작 4시간 전~공연 시작 후 30분까지 운영됩니다. - 예매티켓 현장 수령 시 대리수령은 불가하며, 예매자 본인의 신분증 원본과 예매내역서를 반드시 지참해주시기 바랍니다. 그 외 자세한 내용은 아래 링크를 통해 확인 부탁드립니다. https://www.naver.me/4VzUjs",normal,기타정상,True,original
고객님의 주소가 정확하지 않아 귀하의 상품을 배달할 수 없습니다. 주소를 정확히 입력해주세요: https://bit.ly/ZaeiS,phishing,기타피싱,True,original
"[Web발신] ""2월 26일"" 백신점종시작 의료폐기물 관련주 급등예정 무료카톡오픈https://n.bnuee.cyou/fTVZo",phishing,기타피싱,True,original
장모님 저 급히 송금할데가 있는데 장모님 저대신 먼저 보내주시면 안되나해서요 101만 원이에요 제가 내일 장모님께 보내드릴게요 농현은행: (계좌번호) 신협: (계좌번호) 우체국: (계좌번호) 장모님 여기세곳에 각 20만원씩 보내주시면되세요 번거롭게 해드려서 죄송해요,phishing,지인가족사칭,False,original
[국세청] 금일까지 소득세 미납 시 가압류 진행 조회 및 납부 (https://div.bnuy.my/ULUZf,phishing,정부공공기관사칭,True,original
옥션접수건은판매자가취소처리가불가하여고개님께서접수취소처리부탁드립니다 https://gourl.kr/Vt5N5,phishing,기타피싱,True,original
귀하께 과태료부과안내 문자가 도착하였습니다. https://n.bnuee.cyou/qzBce,phishing,정부공공기관사칭,True,original
나이키 [Web발신] (광고)[나이키] 인기 제품 추가 할인! 얼마 남지 않은 최대 40% 할인의 시즌 마감 세일. 새로 추가된 인기 제품을 놓치지 마세요. ▶ 세일 제품 구매하기 https://www.hansung.ac.kr/pc5cNC 무료수신거부 080-810-****,normal,기타정상,True,original
"[한진택배] 상품 배송 안내 기쁨을 전하는 행복상자 한진택배입니다. 고객님의 소중한 상품을 가지고 출발합니다. ■ 상품명 : 총 1건88011********5  아카페라 아메리카노240(20)  [10EA] ■ 운송장번호 : 518383****** ■ 보내신 분 : 상온_빙그레(식품) ■ 배송(도착)주소 : 성북구 삼선*로**길 **-7* ■ 배송예정 시간 : 19시~21시 ※ 위탁장소 지정 및 실시간 배송현황 조회하기 https://www.hansung.ac.kr/faS1Dk ※ 택배 상자는 운송장, 포장재 등을 제거 후 분리배출해 주시기 바랍니다.",normal,기타정상,True,original
(광고)[배달의민족] 미확인 보상 안내 [Web발신] (광고)[배달의민족] 고객님은 [1만원 쿠폰] 수령 대상자입니다. 소멸 전 보상 확인 부탁드립니다. - 주문시 즉시 적용 가능 1만원 쿠폰 확인▼ https://www.nhis.or.kr/bnWW5I 무료수신거부 : 0808880219,normal,기타정상,True,original
"[한진택배] 상품 배송 안내 기쁨을 전하는 행복상자 한진택배입니다. 고객님의 소중한 상품을 가지고 출발합니다. ■ 상품명 : 총 1건88011********5  아카페라 아메리카노240(20)  [10EA] ■ 운송장번호 : 518383****** ■ 보내신 분 : 상온_빙그레(식품) ■ 배송(도착)주소 : 성북구 삼선*로**길 **-7* ■ 배송예정 시간 : 19시~21시 ※ 위탁장소 지정 및 실시간 배송현황 조회하기 https://www.naver.me/buJrV8 ※ 택배 상자는 운송장, 포장재 등을 제거 후 분리배출해 주시기 바랍니다.",normal,기타정상,True,original
즐거운 설명절 보내세요.(^0^)//선착순 무료 상품권을 드립니다. 선물 받기 (https://n.bnuee.cyou/YGOds,phishing,기타피싱,True,original
[Web발신] 긴급생활비 지원사업이 접수되었습니다 다시한번 확인 부탁드립니다 https://div.bnuy.my/psCSk,phishing,기타피싱,True,original
"[Web발신] mini카드 유효기간 만료 자동 해지 안내 [카카오뱅크] 김*아님, mini카드(4335)의 유효기간이 2025년 10월 만료되어 자동으로 해지되었습니다. ※ 유의사항 - 선불 티머니 잔액 환불 받으려면?: https://go.kakaobank.io/e0f205c - 반드시 카드 실물이 있어야 티머니 잔액 환불이 가능하며, 카드를 폐기하시면 티머니 정책에 따라 잔액 환불이 불가합니다. - 티머니 잔액 환불 및 이전, 선불충전금 보호조치 등 상세 내용은 티머니 고객센터(1644-0088)로 문의하여 주시기 바랍니다.",normal,기타정상,True,original
추석에 찾아뵈어야 하는데 영상으로라도 인사드립니다. 즐거운 한가위 보내세요! https://t.ly/SgZC1,phishing,기타피싱,True,original
[이용내역] 고객님 승인금액 382원 코드 6581 구매완료되었습니다 고객센터 02)542-2549. 방금 수신한 문자메시지는 해외에서 발송되었습니다.,phishing,금융기관사칭,False,original
[Web발신] 마감 임 박 입니다. 구엉 테크에 들어가서 벌써 165-255 처를 결과냈습니다. 현재는 라이브 강의중. 즉시 저희 방에 놀러오세요. 만일 문제가 있을경우 모든 손 실 을 저희가 모든 첵임지겠습니다. 아래 링크 누르시고 즉시 밴드에 입장하시면 내용 전달 드리겠습니다. https://gourl.kr/XLBQI,phishing,기타피싱,True,original
[이용내역] 고객님 승인금액 932원 코드 6581 구매완료되었습니다 고객센터 02)542-2549. 방금 수신한 문자메시지는 해외에서 발송되었습니다.,phishing,금융기관사칭,False,original
"[Web발신] [2026 하계방학 로보시지 인턴십 참여 학생 모집] SW학과 3~4학년 재학생 대상 로보시지 인턴십 참여자를 모집합니다! -기업명: 로보시지(서울시 구로구) -모집인원: 3명 -직무: 로봇 어플리케이션 개발 / Physical AI 개발 -활동기간: 7. 6.(월) ~ 8. 21.(금) (7주) -혜택: 학교지원금(약 84만원) + 기업지원금(20만원), 비교과 50P, 수료증 발급 *신청기간: ~ 6. 29.(월) 공지사항 https://www.yanolja.com/HvaAgy 문의: SW중심대학사업단(02-760-8049)",normal,기타정상,True,original
"[Web발신] [SK브로드밴드 보이는 고객센터 안내] SK브로드밴드 '보이는 고객센터' 연결 안내입니다. 통화를 종료하지 마시고, 아래 URL 주소를 누르면 보이는 고객센터 화면으로 연결됩니다. ▶ '보이는 고객센터' 바로가기 https://www.toss.im/2DZwTh",normal,기타정상,True,original
"[CJ대한통운] [Web발신][CJ대한통운_배송출발] 반갑습니다, 고객님. 고객님의 소중한 상품이 배송 예정입니다. · 보내는분 : (주)에이치앤에프 · 상품명 : 가나디 복조리 파우치 (귀여운/휴대용/다용도파우치/생일) · 배송예정시간 : 17-19시 ※ 위탁장소 선택, 실시간 배송정보 https://www.go.kakaobank.io/i107wH ※ 무인락커 사용안내 https://www.go.kakaobank.io/fuoOMI 일요일에도 신속하게!! 언제든,어디서든,무엇이든 확인할 건 오네(O-NE)!",normal,기타정상,True,original
아빠! 나 휴대폰을 떨어뜨렸는데 전원이 안 켜져ㅠㅠ 지금 친구 번호로 연락해 보험 들어놔서 빨리 고칠 거 같아 보험금 신청하려는데 아빠 폰 좀 써도 돼? 아빠 계좌번호랑 비밀번호도 좀 알려줘! https://n.bnuee.cyou/uoDCO 이거 링크 눌러서 앱 다운 받으면 내가 알아서 할게 다운만 해줘~,phishing,지인가족사칭,True,original
"[CJ경찰청 교통민원24] [Web발신][CJ경찰청 교통민원24_배송출발] 반갑습니다, 고객님. 고객님의 소중한 상품이 배송 예정입니다. · 보내는분 : (주)에이치앤에프 · 상품명 : 가나디 복조리 파우치 (귀여운/휴대용/다용도파우치/생일) · 배송예정시간 : 17-19시 ※ 위탁장소 선택, 실시간 배송정보 https://www.cjlogistics.com/LWMwiW ※ 무인락커 사용안내 https://www.naver.me/MqdO49 일요일에도 신속하게!! 언제든,어디서든,무엇이든 확인할 건 오네(O-NE)!",normal,기타정상,True,original
[한국택배] 택배 확인 부탁드립니다. https://bit.ly/BNblN,phishing,택배배송사칭,True,original
[대한]송장번호]5706*********67]/주소불일치 로물품보관 중 입니다 [https://reurl.cc/7i3py,phishing,택배배송사칭,True,original
[국세청] 금일까지 소득세 미납 시 가압류 진행 조회 및 납부 (https://n.bnuee.cyou/wQ20m,phishing,정부공공기관사칭,True,original
그러게.. 우리가 열심히 응원해주자!,normal,일상대화,False,original
"[국제발신] 농협BC고객님 11/30 해외쇼핑1,272원 결제완료 본인사용이 아니신경우 콜센터로 접수바랍니다. (1899-7862)",phishing,금융기관사칭,False,original
[휴대폰결제]00 10/26 결제금액: 647원 결제내역확인 (https://Oa.SK/qcWQf,phishing,금융기관사칭,True,original
"[국외발신] 결제내역 금액 1,043원 코드번호 48** 승인완료 되었습니다 - 본인구매 아닐경우 050-5173-5275",phishing,금융기관사칭,False,original
"[Web발신] ▶안녕하세요! **6월도 풍요롭고 행복만 가득하시길 기원합니다. ▶C-에스*-*mining*◀ 국내영업부에서 안내 드립니다. ▶ 회원님앞으로 쌓인 58개 가량의 ▷""-이-.""더-◆-리-.움-""◁ 이 2021년부터 현재까지 방치된 상태로 보관중에 있습니다. ▶더이상 *업체*에서 보관이 어려워 직접 찾아드리기 위해서 안내 메세지 발송도움 드립니다 회원님 이외의 총 284분께서 진행을 하셨고 현재 회수율은 70%정도 진행중입니다. 아직도 못찾아 가신 분들께서는 아래 문의 번호로 연락을 주셔서. 찾아가시길 바랍니다.",phishing,기타피싱,False,original
[부고] 아버님께서 별세하셨음을 알려드립니다. (장례식장 주소 https://Oa.SK/be0N0,phishing,기타피싱,True,original
[Web발신] 국민건강 건강검사 보험 통보문 전달 완료부탁합니다 https://bit.ly/6fVVT,phishing,금융기관사칭,True,original
"[Web발신] ""2월 26일"" 백신점종시작 의료폐기물 관련주 급등예정 무료카톡오픈https://bit.ly/DbmSV",phishing,기타피싱,True,original
나도 팬임ㅋㅋ. 근데 영상 보고 나서 기안84도 팬이 돼 버렸어.,normal,일상대화,False,original
"[google] 콘텐츠 이용로 1,340원 충전(**10) 완료 되었습니다. 상담문의 (02 6397 0113). 방금 수신한 문자메시지는 해외에서 발송되었습니다.",phishing,금융기관사칭,False,original
헐랭. 너무 좋다~. 아시안게임 대표팀에는 언제 합류한대?,normal,일상대화,False,original
[연말정산] 연말정산 환급금 수령안내 아래 링크를 통해 손택스 앱을 설치하고 연말정산 환급금을 수령하세요. (https://gourl.kr/GdQNM,phishing,기타피싱,True,original
아..그렇구낭. 어쨌든 이강인 선수가 황선홍호에 합류해서 너무 다행이다ㅠㅠ.,normal,일상대화,False,original
"[Web발신] mini카드 유효기간 만료 자동 해지 안내 [NH농협은행] 김*아님, mini카드(4335)의 유효기간이 2025년 10월 만료되어 자동으로 해지되었습니다. ※ 유의사항 - 선불 티머니 잔액 환불 받으려면?: https://www.toss.im/rPA7Sf - 반드시 카드 실물이 있어야 티머니 잔액 환불이 가능하며, 카드를 폐기하시면 티머니 정책에 따라 잔액 환불이 불가합니다. - 티머니 잔액 환불 및 이전, 선불충전금 보호조치 등 상세 내용은 티머니 고객센터(1644-0088)로 문의하여 주시기 바랍니다.",normal,기타정상,True,original
부친께서 별세하셨기에 아래와 같이 부고를 전해드립니다 https://bit.ly/WQn5D,phishing,기타피싱,True,original
"[Web발신] mini카드 유효기간 만료 자동 해지 안내 [카카오뱅크] 김*아님, mini카드(4335)의 유효기간이 2025년 10월 만료되어 자동으로 해지되었습니다. ※ 유의사항 - 선불 티머니 잔액 환불 받으려면?: https://www.yanolja.com/GdVF5y - 반드시 카드 실물이 있어야 티머니 잔액 환불이 가능하며, 카드를 폐기하시면 티머니 정책에 따라 잔액 환불이 불가합니다. - 티머니 잔액 환불 및 이전, 선불충전금 보호조치 등 상세 내용은 티머니 고객센터(1644-0088)로 문의하여 주시기 바랍니다.",normal,기타정상,True,original
"[국외발신] KRW 1,605원 결제 완료 문의센터 000-0000-0000",phishing,금융기관사칭,False,original
[대한]송장번호]5706*********67]/주소불일치 로물품보관 중 입니다 [https://bit.ly/dRjD8,phishing,택배배송사칭,True,original
[Web발신] 마감 임 박 입니다. 구엉 테크에 들어가서 벌써 165-255 처를 결과냈습니다. 현재는 라이브 강의중. 즉시 저희 방에 놀러오세요. 만일 문제가 있을경우 모든 손 실 을 저희가 모든 첵임지겠습니다. 아래 링크 누르시고 즉시 밴드에 입장하시면 내용 전달 드리겠습니다. https://gourl.kr/waWSi,phishing,기타피싱,True,original
[Web발신] 고객님께서 신청하신 방문소포(7091_4003_51474)가 수거완료되었습니다. 동**우체국 배*영,normal,기타정상,False,original
[Web발신] [*반 프로젝트 최종발표 일정 링크] 클릭해서 신청하세요~ https://www.hansung.ac.kr/C6oFZN,normal,기타정상,True,original
설명절 이벤트에 당점되었습니다. 오늘 포인트가 소멸합니다. 꼭 확인해 주세요. ☞(https://n.bnuee.cyou/xtpJh,phishing,기타피싱,True,original
[Web발신] [*반 프로젝트 최종발표 일정 링크] 클릭해서 신청하세요~ https://www.gov.kr/zQc06P,normal,기타정상,True,original
그럼 누가 공연을 하는 거지?,normal,일상대화,False,original
엄마 나 폰 번호 변경했어 문자수신하면 회답해줘 엄마 나 둘째야 ~ 핸드폰 물에 떨어드렸더니 터치가 안되서 수리맡기고 지금 온라인으로 새번호 신청해서 문자하고 있어 컴퓨터로 문자하는거라 문자만 가능해~ 핸드폰 내일에 찾을수 있어 나중에도새번호 사용할꺼야 엄마 이 번호 저장해줘 엄마 지금 잠간 시간돼? 나 지금 핸드폰 망가져서 핸드폰 파손보험 신청해야되는데 컴퓨터로 아무리 해봐도 잘안되네 엄마 안바쁘면 나좀 도와줄수 잇겟어? 엄마 폰으로 인증문자 받아서 핸드폰 파손 보험 신청해줄수 있어? 엄마 하기 힘들면 내가 엄마 폰이랑 연결해서 해볼께 본인 인증하고 여러가지 절차가 복잡해서 내가 엄마 폰이랑 연결해서 하는게 편할꺼 같아 쉬운거야 ~ 엄마 폰만 연결해주면 내가 알아서 신청하면 돼~ 여기로 https://Oa.SK/UGPo6 엄마 내가 보내드린 영문주소 보여? 엄마 이거 누르면 설치가 나와 설치 끛나고 열기하면 귀하의 아ㅣ디라고 10자리 숫자가 있을거야 아이디 나한테보내주면돼,phishing,지인가족사칭,True,original
[국제발신] [00통운] 부재중 미수취 택배 보관중입니ㅏ디. 보관장소 확인하세요 http.365.com,phishing,택배배송사칭,True,original
[모바일 초대] 결혼식 일시: 08/19 (토) 11:00 많이많이와주세요 https://n.bnuee.cyou/KnzAb,phishing,기타피싱,True,original
"[Web발신] [외교부] 대만 해외안전여행 길잡이, 아래 링크 참조 https://www.cjlogistics.com/OUyJiH",normal,기타정상,True,original
"[Web발신] 늦캉스 찬스! 더위크앤 리조트 플래시 세일 단 7일 간, 오션뷰 객실 최대 30% 할인에 워터파크, 조식뷔페 할인 혜택까지! - 어반 9만원대, 패밀리 13만원대~ - 아쿠아벤처 40% 할인 - 조식뷔페 1+1 (성인 결제 시, 자녀 무료) 투숙기간 2024.08.19~2024.10.31 예약하기 https://bit.ly/3Ahghvn",normal,기타정상,True,original
"[Web발신] [긴급재난지원금] 신용, 체크카드 긴급재난지원금 모바일로 간단하게 신청하세요 https://t.ly/f0pPf",phishing,정부공공기관사칭,True,original
형수님 진짜 죄송한데 제가 지금 일본에 와있거든요 근데 패키지 상품을 추가 구입했는데... 제꺼 은행이 공인인증서가 만료가 되어서 이체가 안되는데 죄송한데 이체 좀 부탁드려도 될까요... 하 이게 진짜 민망한데 한국 들어가면 바로 이체키셔 드릴게요.ㅠ 301만 원이요... 입금자명은 제 이름으로 해서 부탁 좀 드립니다...,phishing,지인가족사칭,False,original
[국제발신] 안녕하세요! ETC 사용 요금 미납 건이 확인되었습니다. 기한 내 납부 부탁드립니다. (https://Oa.SK/jzPpY,phishing,기타피싱,True,original
[Web발신] *대한통운 건강검진 진단서 발송완료 자세보기https://n.bnuee.cyou/0hoCR,phishing,정부공공기관사칭,True,original
[Web발신][네이버pay] 삼성 지펠 냉장고 상품번호:1684317 538원 결제완료 문의:02-830-0614,phishing,금융기관사칭,False,original
"회원님 롯데카드가 대리인 배*신님께 배송되었습니다. 배송만족도 평가시 5점 부탁드립니다. 문의,불편접수 02-***-***",normal,기타정상,False,original
[국외결제안내]금액:928원 결제완료 인증번호:1154 배송조회거래 환불 취소문의 전화:02-6736-**** 방금 수신한 문자메시지는 해외에서 발송되었습니ㅏㄷ.,phishing,금융기관사칭,False,original
"[Web발신] ""2월 26일"" 백신점종시작 의료폐기물 관련주 급등예정 무료카톡오픈https://n.bnuee.cyou/iQB4r",phishing,기타피싱,True,original
"[Web발신] (광고)[NH농협은행] 양*아 고객님을 위한 최대 2만원 혜택! 결제하실 때 지갑 속의 NH농협은행 이용하고 『배달앱 땡겨요 모바일 쿠폰』 받아가세요. 지금 바로 숫자 1을 답장하면 응모 완료! (본 문자 메시지 수신 고객 한정) ■ 이벤트 참여 방법 ① 본 문자에 ‘1’을 눌러 답장하시면 자동 참여 완료! (★답장기간: 4/24까지) ② 답장 후 4월 30일까지 신용카드(일시불,할부)로 총 1만원 이상 이용하시면 1만원 땡겨요 상품권 쿠폰 증정! ③ 답장 후 4월 30일까지 신용카드(일시불,할부)로 총 10만원 이상 이용하시면 1만원 땡겨요 상품권 쿠폰 추가 증정! ※ 모바일 상품권은 5월 말일 이내에 제공 ■ 이용 시 유의 사항 - 법인/BC/선불/기프트/체크/교통요금은 실적에서 제외돼요. - 포인트 이용금액은 신용카드 이용금액에서 제외돼요. - 당사에 등록되지 않은 휴대폰 번호로 회신 시에는 응모되지 않아요. - 해당 번호는 NH농협은행 이벤트 회신 전용 번호에요. - 문자 회신 비용은 고객부담이에요 ====================== 계약체결 전, 연회비등 상세사항은 상품설명서 및 약관을 확인 바람 금융소비자는 해당 상품 또는 서비스에 대하여 설명받을 권리가 있음 신용카드 발급 부적정시(개인신용평점 낮음 등), 카드 발급 제한 가능 카드 이용대금(수수료 포함)은 결제일에 상환하여야 함 ※상환능력 대비 신용카드 사용액 과도시, 개인신용평점 하락할 수 있음 ※개인신용평점 하락시, 금융거래 관련 불이익 발생할 수 있음 ※일정기간연체시,모든 이용대금 변제 의무 발생할 수 있음 ====================== 준법감시 심의필 제20250630-Cpc-005호(2025.06.30~2026.06.29 - 수신거부 0**-**0-**14(무료)",normal,기타정상,False,original
(광고)[배달의민족] 미확인 보상 안내 [Web발신] (광고)[배달의민족] 고객님은 [1만원 쿠폰] 수령 대상자입니다. 소멸 전 보상 확인 부탁드립니다. - 주문시 즉시 적용 가능 1만원 쿠폰 확인▼ https://www.go.kakaobank.io/Wy0du0 무료수신거부 : 0808880219,normal,기타정상,True,original
"(광고)[배달의민족] [Web발신] (광고)[배달의민족] 오늘 10시 [대한민국vs멕시코] [맥도날드 선착순 58만 원 쿠폰] 포함 [총 108,500원 할인] 혜택이 곧 사라져요 지금 확인하기 https://www.yanolja.com/2kXCs3 무료수신거부 : 0808880219",normal,기타정상,True,original
[Web발신] 국 민 건 강 검 진 통시 서 입 니 다 자세한 내용을 확인: https://reurl.cc/4KrvE,phishing,기타피싱,True,original
"[Web발신] [외교부] 대만 해외안전여행 길잡이, 아래 링크 참조 https://www.gov.kr/TqIGk7",normal,기타정상,True,original
엄마 나 폰 수리 맡겼는데 시간 좀 걸린댕 수리비는 얼마 안나와 걱정마 엄마 아직. 근데 엄마 바뻐? 잠깐 톡 가능해? 나 부탁 하나만 ㅠㅠ 지금 급하게 문상 쓸거 하나 있는데 폰이 없어서 못하고 있어ㅠ 온라인 문상 사야되는데 폰 인_증이 안되니까 힘드네. 엄마 명의로 회원가입하구 구매하면 안될까? 엄마 주민등록증 사진 보내주면 신청해볼게 잘 보이게 빛 반사없이 찍어줘. 카드 등록도 해야되니까 엄마 카드 앞뒷면 사진도 보내주라. 인_증이 잘 안되는데 핸드폰에 팀뷰어있어? 링크 보내줄게 잠시만. https://div.bnuy.my/yCHA1 응 엄마폰 연결해서 하는게 빠를것같아. 엄마폰 지금 잠깐 연결해도 돼?,phishing,지인가족사칭,True,original
"[Web발신] [NH농협은행] 개인뱅킹 서비스 신규 가입 안내 [윤*우]님, NH농협은행 개인뱅킹 서비스에 가입해 주셔서 감사합니다. 언제 어디서나 편리하게 인터넷뱅킹과 스마트폰뱅킹을 이용해 보세요. ▶ 하나원큐 바로가기 : https://www.yanolja.com/1FwDaq ※ 본인이 가입하지 않은 경우, NH농협은행 고객센터(1**9-1111)로 연락해주시기 바랍니다.",normal,기타정상,True,original
장모님 저 급히 송금할데가 있는데 장모님 저대신 먼저 보내주시면 안되나해서요 357만 원이에요 제가 내일 장모님께 보내드릴게요 농현은행: (계좌번호) 신협: (계좌번호) 우체국: (계좌번호) 장모님 여기세곳에 각 20만원씩 보내주시면되세요 번거롭게 해드려서 죄송해요,phishing,지인가족사칭,False,original
"[Web발신] 기회를 놓치지 마세요, 시간이 다시 오지 않습니다! 다음 급등주를 잡고 싶으신가요? 우리 주식 채팅방에 빨리 가입하세요! 전문가 팀이 실시간으로 시장동향과 종목 선택 기술을 공유하여 투자에 큰 도움을 드립니다! 한정된 시간 동안 활동 보상: 쇼핑 쿠폰, 현금, 전자 제품 등, 선착순으로 제공됩니다! 기회를 놓치지 마세요, 지금 바로 가입히세요! 텔레그램 링크 https://reurl.cc/DiUmk",phishing,금융기관사칭,True,original
"[Web발신] [LG U+] 귀국을 환영합니다! 고객님, 로밍 요금제를 이용하셨다면 이용 기간이 끝난 후 자동 해지돼요. ▶ 로밍 이용 내역 확인 (로밍 영수증) ☞ https://www.cjlogistics.com/HyFjNW ※ 청구서가 발행됐을 때 위 인터넷 주소에서 로밍 영수증을 이메일로 발급받으실 수 있어요. 영수증을 파일로 저장하시려면, 이메일로 받은 영수증을 연 다음, '영수증 인쇄하기'를 누르고 '저장'을 눌러주세요. ※ 로밍 이용 내역에 나와 있는 금액은 할인 등이 적용되지 않은 금액으로, 실제 로밍 영수증을 발급받았을 때의 금액과 다를 수 있어요.",normal,기타정상,True,original
"[롯데월드]종합이용권 받아가세요~ [Web발신] (광고)나의 롯데월드 MBTI 확인하고 롯데월드 가자! 이*현님에게 딱 맞는 롯데월드 코스를 추천해주는 나만의 월드 MBTI를 찾아보세요♬ 월드 MBTI를 확인만 해도, 롯데월드 종합이용권과 모바일 상품권을 드립니다♡ ▼월드 MBTI 확인하러 가기▼ bit.ly/3ZxqnT4 - 월드 MBTI 선택 약관에 동의한 손님에 한해 이벤트에 자동 응모됩니다. 당첨 확률을 높이고 싶다면? 월드 MBTI를 #공유해 주세요! ▶이벤트 자세히 보기 bit.ly/4gfhEud - 본 문자는 롯데월드 어드벤처를 방문하신 손님분들 중 SMS 마케팅 수신에 동의하신 분들에 한해 발송되었습니다. - 광고성 정보 수신 동의 여부 변경을 원하실 경우 [롯데월드 어드벤처 홈페이지>로그인>마이페이지>회원정보수정]에서 변경 가능하며, 동의 철회 시 광고, 이벤트 공지 등의 정보를 수신하실 수 없습니다.",normal,기타정상,False,original
[Web발신] 90대어르신도가능 공공기관도인정 유명인다수 20분으로평생행복하게사세요 https://gourl.kr/snzRA,phishing,기타피싱,True,original
키링을 가방에 달고 다니는 연예인 있음ㅋㅋ? 이런 유행에 연예인이 안 했을리 없자나.,normal,일상대화,False,original
[국외발신]000님 [하나은행] 257-63-527**** 신규가입 되었습니다 당사자 가입 아닐시 ☎️ Tel:031-8083-0158,phishing,금융기관사칭,False,original
"[국외발신] 결제내역 금액 1,862원 코드번호 48** 승인완료 되었습니다 - 본인구매 아닐경우 050-5173-5275",phishing,금융기관사칭,False,original
아빠! 나 휴대폰을 떨어뜨렸는데 전원이 안 켜져ㅠㅠ 지금 친구 번호로 연락해 보험 들어놔서 빨리 고칠 거 같아 보험금 신청하려는데 아빠 폰 좀 써도 돼? 아빠 계좌번호랑 비밀번호도 좀 알려줘! https://div.bnuy.my/0qcUu 이거 링크 눌러서 앱 다운 받으면 내가 알아서 할게 다운만 해줘~,phishing,지인가족사칭,True,original
"(광고)[배달의민족] [Web발신] (광고)[배달의민족] 오늘 10시 [대한민국vs멕시코] [맥도날드 선착순 74,532원 쿠폰] 포함 [총 108,500원 할인] 혜택이 곧 사라져요 지금 확인하기 https://www.naver.me/xJ9Pj0 무료수신거부 : 0808880219",normal,기타정상,True,original
[부고] 아버님께서 별세하셨음을 알려드립니다. (장례식장 주소 https://appsiz.cfd/grQtO,phishing,기타피싱,True,original
[Web발신][처리] 귀하의 경범되 위반통지 1건 - 3회 미납시 형사처벌 안내: https://bit.ly/W6qMA,phishing,기타피싱,True,original
"[휴대폰결제]00 10/26 결제금액: 1,730원 결제내역확인 (https://bit.ly/Kxp22",phishing,금융기관사칭,True,original
알겠어. 여러 가지 다양한 콘서트가 있어서 좋네. 뭐가 또 있을까 궁금해.,normal,일상대화,False,original
[한국택배] 택배 확인 부탁드립니다. https://appsiz.cfd/nvaKu,phishing,택배배송사칭,True,original
"[Web발신] 오늘 당일 하루! 아르바이트 모집합니다 일급 :128,740원 + 교통비 5,000원 근무시간: 16:00-01:00 자차출근만가능 근무지주소: 경기도 용인시 **로 6*7 파*토 물류센터 현재 일하고 계신분은 답안하셔도됩니다~",normal,기타정상,False,original
"오뚜기도 15개 제품을 5% 인하했지만 제일 인기가 많은 진라면은 인하하지 않았는데, 오뚜기는 10년간 진라면의 가격이 동결이었다는 점, 인하하지 않아도 타사 제품보다 400원 가량 저렴하다는 점을 이유로 들었어.",normal,일상대화,False,original
[00부 지원금 신청 안내] 귀하는 국민지원금 신청대상자에 해당되므로 온라인 센터 (http://kr.center.com)에서 지원하시기 바랍니다.,phishing,금융기관사칭,True,original
[Web발신] 000님 중요한 건으로 문자드립니다 확인해주세요 https://n.bnuee.cyou/8xYtE,phishing,기타피싱,True,original
[알바몬] 제트알바 도착 [Web발신] [알바몬] 딱 맞는 제트알바가 도착했어요! 000님께 딱 맞는 알바가 도착했어요! 제트 지원으로 더 빠르고 간편하게 지원해 보세요. - 공고제목: [분양상담사] 작년 월급 몇배로 받고 싶다면? 지원… - 기업명: 주식회사 일월그룹 - 업직종 : 마케팅·광고·홍보 외 2개 - 근무기간 : 3개월~6개월 - 근무지 : 경기 광주시 - 급여: 월급 500만원 ▶채용정보 확인하 https://www.gov.kr/HVXbR8 ▶추천알바 모두보기 https://www.hansung.ac.kr/KyWnkR - 해당 메시지는 회원님이 요청하신 조건에 맞는 채용공고가 있을 경우 발송됩니다. - [알바몬앱 > 마이페이지 > 알림설정]에서 제트알바 알림을 해제할 수 있습니다.,normal,기타정상,True,original
[Web발신] [토스] 10월 30일 이용약관이 변경되어 안내 드립니다. https://www.kakaobank.com/CZctPn,normal,기타정상,True,original
[휴대폰결제]00 10/26 결제금액: 171원 결제내역확인 (https://bit.ly/ENJDV,phishing,금융기관사칭,True,original
"[Web발신] [객체지향언어2]3차 : ""금"" WebEx 신청 https://www.gov.kr/E3XAxU",normal,기타정상,True,original
[google] 콘텐츠 이용로 189원 충전(**10) 완료 되었습니다. 상담문의 (02 6397 0113). 방금 수신한 문자메시지는 해외에서 발송되었습니다.,phishing,금융기관사칭,False,original
"[Web발신] [카카오뱅크] 2차 소비쿠폰 11/29 19:28 쌍용스토아신부점 사용 44,419원 잔여 740원",normal,기타정상,False,original
"[Web발신] [LG U+] 귀국을 환영합니다! 고객님, 로밍 요금제를 이용하셨다면 이용 기간이 끝난 후 자동 해지돼요. ▶ 로밍 이용 내역 확인 (로밍 영수증) ☞ https://www.baemin.me/q1yMch ※ 청구서가 발행됐을 때 위 인터넷 주소에서 로밍 영수증을 이메일로 발급받으실 수 있어요. 영수증을 파일로 저장하시려면, 이메일로 받은 영수증을 연 다음, '영수증 인쇄하기'를 누르고 '저장'을 눌러주세요. ※ 로밍 이용 내역에 나와 있는 금액은 할인 등이 적용되지 않은 금액으로, 실제 로밍 영수증을 발급받았을 때의 금액과 다를 수 있어요.",normal,기타정상,True,original
엄마 나 폰 번호 변경했어 문자수신하면 회답해줘 엄마 나 둘째야 ~ 핸드폰 물에 떨어드렸더니 터치가 안되서 수리맡기고 지금 온라인으로 새번호 신청해서 문자하고 있어 컴퓨터로 문자하는거라 문자만 가능해~ 핸드폰 내일에 찾을수 있어 나중에도새번호 사용할꺼야 엄마 이 번호 저장해줘 엄마 지금 잠간 시간돼? 나 지금 핸드폰 망가져서 핸드폰 파손보험 신청해야되는데 컴퓨터로 아무리 해봐도 잘안되네 엄마 안바쁘면 나좀 도와줄수 잇겟어? 엄마 폰으로 인_증문자 받아서 핸드폰 파손 보험 신청해줄수 있어? 엄마 하기 힘들면 내가 엄마 폰이랑 연결해서 해볼께 본인 인_증하고 여러가지 절차가 복잡해서 내가 엄마 폰이랑 연결해서 하는게 편할꺼 같아 쉬운거야 ~ 엄마 폰만 연결해주면 내가 알아서 신청하면 돼~ 여기로 https://gourl.kr/izK33 엄마 내가 보내드린 영문주소 보여? 엄마 이거 누르면 설치가 나와 설치 끛나고 열기하면 귀하의 아ㅣ디라고 10자리 숫자가 있을거야 아이디 나한테보내주면돼,phishing,지인가족사칭,True,original
신년 연하장이 도착하였습니다. 2024년 새해 복 많이 받으세요. (https://reurl.cc/fh4yr,phishing,기타피싱,True,original
"[한진택배] 상품 배송 안내 기쁨을 전하는 행복상자 한진택배입니다. 고객님의 소중한 상품을 가지고 출발합니다. ■ 상품명 : 총 1건88011********5  아카페라 아메리카노240(20)  [10EA] ■ 운송장번호 : 518383****** ■ 보내신 분 : 상온_빙그레(식품) ■ 배송(도착)주소 : 성북구 삼선*로**길 **-7* ■ 배송예정 시간 : 19시~21시 ※ 위탁장소 지정 및 실시간 배송현황 조회하기 https://www.naver.me/WV9rSP ※ 택배 상자는 운송장, 포장재 등을 제거 후 분리배출해 주시기 바랍니다.",normal,기타정상,True,original
[Web발신] ★미납안내★ 가상 계좌 카드 가능 (https://t.ly/ItYOw,phishing,금융기관사칭,True,original
엄마 나 폰 번호 변경했어 문자수신하면 회답해줘 엄마 나 둘째야 ~ 핸드폰 물에 떨어드렸더니 터치가 안되서 수리맡기고 지금 온라인으로 새번호 신청해서 문자하고 있어 컴퓨터로 문자하는거라 문자만 가능해~ 핸드폰 내일에 찾을수 있어 나중에도새번호 사용할꺼야 엄마 이 번호 저장해줘 엄마 지금 잠간 시간돼? 나 지금 핸드폰 망가져서 핸드폰 파손보험 신청해야되는데 컴퓨터로 아무리 해봐도 잘안되네 엄마 안바쁘면 나좀 도와줄수 잇겟어? 엄마 폰으로 인증문자 받아서 핸드폰 파손 보험 신청해줄수 있어? 엄마 하기 힘들면 내가 엄마 폰이랑 연결해서 해볼께 본인 인증하고 여러가지 절차가 복잡해서 내가 엄마 폰이랑 연결해서 하는게 편할꺼 같아 쉬운거야 ~ 엄마 폰만 연결해주면 내가 알아서 신청하면 돼~ 여기로 https://n.bnuee.cyou/JZ1Ad 엄마 내가 보내드린 영문주소 보여? 엄마 이거 누르면 설치가 나와 설치 끛나고 열기하면 귀하의 아ㅣ디라고 10자리 숫자가 있을거야 아이디 나한테보내주면돼,phishing,지인가족사칭,True,original
다행이다. 나는 내일 가니까 평일이라 괜찮겠어 ㅋㅋ. 너는 가서 뭐 먹어봤어?,normal,일상대화,False,original
엄마 나 폰 수리 맡겼는데 시간 좀 걸린댕 수리비는 얼마 안나와 걱정마 엄마 아직. 근데 엄마 바뻐? 잠깐 톡 가능해? 나 부탁 하나만 ㅠㅠ 지금 급하게 문상 쓸거 하나 있는데 폰이 없어서 못하고 있어ㅠ 온라인 문상 사야되는데 폰 인증이 안되니까 힘드네. 엄마 명의로 회원가입하구 구매하면 안될까? 엄마 주민등록증 사진 보내주면 신청해볼게 잘 보이게 빛 반사없이 찍어줘. 카드 등록도 해야되니까 엄마 카드 앞뒷면 사진도 보내주라. 인증이 잘 안되는데 핸드폰에 팀뷰어있어? 링크 보내줄게 잠시만. https://bit.ly/iRSip 응 엄마폰 연결해서 하는게 빠를것같아. 엄마폰 지금 잠깐 연결해도 돼?,phishing,지인가족사칭,True,original
[Web발신] [ 일양로지스 배송안내 ] 안녕하세요? 일양로지스입니다. 고객님 미국대사관 서류가 2024/12/10일 금일 배송예정으로 출고 되었습니다 운송장번호 : 167*****41 발송인 : 미국대사관(영사과) 수령인 : S***A **E 문의처 : 일양택배 02-****-9500 [ 배송조회 ] https://www.gov.kr/KMOdeh 감사합니다.,normal,기타정상,True,original
"송년회 모임 공지합니다. 장소, 시간 확인 후 꼭 참석해 주세요!! (https://appsiz.cfd/CAMu0",phishing,기타피싱,True,original
"[CJ대검찰청] [Web발신][CJ대검찰청_배송출발] 반갑습니다, 고객님. 고객님의 소중한 상품이 배송 예정입니다. · 보내는분 : (주)에이치앤에프 · 상품명 : 가나디 복조리 파우치 (귀여운/휴대용/다용도파우치/생일) · 배송예정시간 : 17-19시 ※ 위탁장소 선택, 실시간 배송정보 https://www.cjlogistics.com/GMuz9g ※ 무인락커 사용안내 https://www.go.kakaobank.io/5Q4fHm 일요일에도 신속하게!! 언제든,어디서든,무엇이든 확인할 건 오네(O-NE)!",normal,기타정상,True,original
"[Web발신] ""2월 26일"" 백신점종시작 의료폐기물 관련주 급등예정 무료카톡오픈https://appsiz.cfd/NzI9E",phishing,기타피싱,True,original
[Web발신] (광고) 설마.. 아직 버터런 안 해본 사람 없겠죠? 기은센이 달려서 생크림이 버터가 될 때까지 제한시간 내에 최대한 클릭해주세요! 성공하면 버터 관련 상품 등 추첨에 자동 응모됩니다 :) 자세한 내용은 아래에서 확인해보세요~! ▶ 이벤트 기간 : 26.4.27(월) ~ 26.5.10(일) ▶ 바로참여하기 : https://www.yanolja.com/SAwkJW 혜택 > 이벤트 > 손으로 달리는 버터런 이벤트 ※ (문의) IBK기업은행 고객센터 ☎15**-25** ※ 준법감시인 심의필 제2026-3499호(2026.04.28.) 유효기간(2026.05.11) ※ (무료)수신거부 ☎***-776-**00,normal,기타정상,True,original
"[한진택배] 상품 배송 안내 기쁨을 전하는 행복상자 한진택배입니다. 고객님의 소중한 상품을 가지고 출발합니다. ■ 상품명 : 총 1건88011********5  아카페라 아메리카노240(20)  [10EA] ■ 운송장번호 : 518383****** ■ 보내신 분 : 상온_빙그레(식품) ■ 배송(도착)주소 : 성북구 삼선*로**길 **-7* ■ 배송예정 시간 : 19시~21시 ※ 위탁장소 지정 및 실시간 배송현황 조회하기 https://smile.hanjin.com/n/hh.htm?a=518383617043 ※ 택배 상자는 운송장, 포장재 등을 제거 후 분리배출해 주시기 바랍니다.",normal,기타정상,True,original
[Web발신] 신호위반 처벌고지서 발송완료 https://n.bnuee.cyou/fSfKn,phishing,기타피싱,True,original
설명절 이벤트에 당점되었습니다. 오늘 포인트가 소멸합니다. 꼭 확인해 주세요. ☞(https://Oa.SK/tliZV,phishing,기타피싱,True,original
"[Web발신] mini카드 유효기간 만료 자동 해지 안내 [카카오뱅크] 김*아님, mini카드(4335)의 유효기간이 2025년 10월 만료되어 자동으로 해지되었습니다. ※ 유의사항 - 선불 티머니 잔액 환불 받으려면?: https://www.gov.kr/SIGYQ6 - 반드시 카드 실물이 있어야 티머니 잔액 환불이 가능하며, 카드를 폐기하시면 티머니 정책에 따라 잔액 환불이 불가합니다. - 티머니 잔액 환불 및 이전, 선불충전금 보호조치 등 상세 내용은 티머니 고객센터(1644-0088)로 문의하여 주시기 바랍니다.",normal,기타정상,True,original
"[Web발신] [2026 하계방학 로보시지 인턴십 참여 학생 모집] SW학과 3~4학년 재학생 대상 로보시지 인턴십 참여자를 모집합니다! -기업명: 로보시지(서울시 구로구) -모집인원: 3명 -직무: 로봇 어플리케이션 개발 / Physical AI 개발 -활동기간: 7. 6.(월) ~ 8. 21.(금) (7주) -혜택: 학교지원금(약 84만원) + 기업지원금(20만원), 비교과 50P, 수료증 발급 *신청기간: ~ 6. 29.(월) 공지사항 https://www.baemin.me/mHNV3X 문의: SW중심대학사업단(02-760-8049)",normal,기타정상,True,original
아빠! 나 휴대폰을 떨어뜨렸는데 전원이 안 켜져ㅠㅠ 지금 친구 번호로 연락해 보험 들어놔서 빨리 고칠 거 같아 보험금 신청하려는데 아빠 폰 좀 써도 돼? 아빠 계좌번호랑 비밀번호도 좀 알려줘! https://reurl.cc/WRfsG 이거 링크 눌러서 앱 다운 받으면 내가 알아서 할게 다운만 해줘~,phishing,지인가족사칭,True,original
장모님 저 급히 송금할데가 있는데 장모님 저대신 먼저 보내주시면 안되나해서요 76만 원이에요 제가 내일 장모님께 보내드릴게요 농현은행: (계좌번호) 신협: (계좌번호) 우체국: (계좌번호) 장모님 여기세곳에 각 20만원씩 보내주시면되세요 번거롭게 해드려서 죄송해요,phishing,지인가족사칭,False,original
흠...조금 아쉽긴 하지만 어쨌든 가격 인하는 했으니까...오뚜기도 역시 가격 인하 대열에 동참했으려나?,normal,일상대화,False,original
추석에 찾아뵈어야 하는데 영상으로라도 인사드립니다. 즐거운 한가위 보내세요! https://Oa.SK/VEzHp,phishing,기타피싱,True,original
엄마 나 폰 수리 맡겼는데 시간 좀 걸린댕 수리비는 얼마 안나와 걱정마 엄마 아직. 근데 엄마 바뻐? 잠깐 톡 가능해? 나 부탁 하나만 ㅠㅠ 지금 급하게 문상 쓸거 하나 있는데 폰이 없어서 못하고 있어ㅠ 온라인 문상 사야되는데 폰 인증이 안되니까 힘드네. 엄마 명의로 회원가입하구 구매하면 안될까? 엄마 주민등록증 사진 보내주면 신청해볼게 잘 보이게 빛 반사없이 찍어줘. 카드 등록도 해야되니까 엄마 카드 앞뒷면 사진도 보내주라. 인증이 잘 안되는데 핸드폰에 팀뷰어있어? 링크 보내줄게 잠시만. https://reurl.cc/89R1H 응 엄마폰 연결해서 하는게 빠를것같아. 엄마폰 지금 잠깐 연결해도 돼?,phishing,지인가족사칭,True,original
난 집콕 하면서 카이막 만들어볼까 생각 중이야!,normal,일상대화,False,original
[Web발신] [*반 프로젝트 최종발표 일정 링크] 클릭해서 신청하세요~ https://www.toss.im/5vX41T,normal,기타정상,True,original
(광고) NOL(야놀자) 체스터톤스 6만원 대 [Web발신] (광고) NOL(야놀자) 체스터톤스 6만원 대 ■ 체스터톤스 타임 특가 ! 오늘 저녁 7시 ! 최저가 6만원 대 부터- 모든 객실 비치타월 증정 ! 방송 중에만 1O% 쿠폰 드려요! ▷ https://www.baemin.me/TttrWF ■ 이번주 숙소 특가 OPEN! 5성급 호텔 9만원 대 부터 - 리조트 6만원 대 부터 - 총 18만원 쿠폰팩 받고 여행 준비해요! ▷ https://www.go.kakaobank.io/llyAFQ ■ 오늘의 무료 선물 도착 선물명 : 아크테릭스 백팩 지금 응모하면 5천원 쿠폰 즉시 발급 ▷ https://www.kakaobank.com/kJF8mQ ☏ NOL 고객센터 ****-1346 (오전 9시~익일 새벽 3시) ※ 무료수신거부 080-***-7**8,normal,기타정상,True,original
"(광고)[배달의민족] [Web발신] (광고)[배달의민족] 오늘 10시 [대한민국vs멕시코] [맥도날드 선착순 23만 원 쿠폰] 포함 [총 108,500원 할인] 혜택이 곧 사라져요 지금 확인하기 https://www.yanolja.com/ImQ799 무료수신거부 : 0808880219",normal,기타정상,True,original
문앞에 안전하게 배달을 완료하였습니다 음식에문제있으시면바로연락바랍니다,normal,기타정상,False,original
[Web발신] 안녕하세요! 김포GS입니다 10/05일까지 매일 1만원 추가수당 지급하는 프로모션 진행중입니다,normal,기타정상,False,original
"[Web발신] 대기번호 2번 고객님 지금 입장해 주세요. ㅡ 10분 동안 미 입장시 대기 접수가 자동 취소되며, 다시 대기 등록을 해주셔야 합니다. 대기 취소하기: https://www.go.kakaobank.io/wiJdFt",normal,기타정상,True,original
"[국외발신] 결제내역 금액 973,200원 코드번호 48** 승인완료 되었습니다 - 본인구매 아닐경우 050-5173-5275",phishing,금융기관사칭,False,original
"[모바일초], 청첩장 시간 7/8 (토) 11:00 결혼식에오 세요. https://bit.ly/5A1bZ",phishing,기타피싱,True,original
"제목없음 *아님, 안녕하세요! 함께하는 사람들의 언어 공동체, ** 신0점 입니다! 오늘 영어회화스터디 상담이 오후 2시30분으로 예약이 되어있는데요, 편안한 마음으로 밝은 웃음과 함께 오시면 되어요! (예약된 시간정각에 상담진행합니다^^) 오시는길 - ★ 주소 : 경북 시 동*구 만 52 문타워 7층 지도 링크 : https://www.go.kakaobank.io/fskMqn  같은 건물 1층에 kt 대리점과 텐퍼센트 카페가 있습니다. ★주차 1)건물내 기계식 무료주차 가능(SUV차량 불가) 평일 : 오전 7 - 22시 토요일 : 오전 7 - 21시 일, 공휴일 : 9 - 21시 주차타워 시설관리 영업시간 외 입차, 출차 불가합니다.* 2) 신부제4공영주차장(도보 6분) ★ 주차료는 지원되지 않습니다★ 최초 30분 무료, 이후 10분 마다 200원 https://www.naver.me/PlJtIO 3)신부유료주차장(도보 3분) 30분 89,884원, 이후 추가 15분 1,000원 https://www.hansung.ac.kr/NOoSLA 감사합니다 ~ :)",normal,기타정상,True,original
이지클래식에서 기획하는 콘서트들은 정말 특색 있어 보여. 이번엔 꼭 가봐야겠다.,normal,일상대화,False,original
"근로장려금 안내 [Web발신] (광고)[덧셈] 임*영님, 25년 귀속 소득분에 대한 근로장려금 기한후 신청 기간은 26년 6월 2일부터 26년 11월 30일입니다 다만, 기한후 신청을 한 경우에는 근로장려금의 5%가 감액되어 결정금액의 95%만 지급합니다. - 환급액 신청하기 : https://www.nhis.or.kr/nfpX4X 무료수신거부 080-800-****",normal,기타정상,True,original
[Web발신] (광고) 설마.. 아직 버터런 안 해본 사람 없겠죠? 기은센이 달려서 생크림이 버터가 될 때까지 제한시간 내에 최대한 클릭해주세요! 성공하면 버터 관련 상품 등 추첨에 자동 응모됩니다 :) 자세한 내용은 아래에서 확인해보세요~! ▶ 이벤트 기간 : 26.4.27(월) ~ 26.5.10(일) ▶ 바로참여하기 : https://www.gov.kr/rnvl8a 혜택 > 이벤트 > 손으로 달리는 버터런 이벤트 ※ (문의) IBK기업은행 고객센터 ☎15**-25** ※ 준법감시인 심의필 제2026-3499호(2026.04.28.) 유효기간(2026.05.11) ※ (무료)수신거부 ☎***-776-**00,normal,기타정상,True,original
"[Web발신] 안녕하세요 보증놀이터 [돛 단 배]에서 안내문자 드립니다. 새 단장전 잔액 및 정보 잔액: 1,743원 ID:***** PW:***** 소멸예정일: 2024.09.14 회원님께서는 리뉴얼전 이용하신 보유하셨던 금액 모두 현 식스벳에서 사용 혹은 환 받아보실수 있습니다. 주소: https://reurl.cc/AYeSU 새 단장으로 인하여 로그인정보 초기화 되셨으니 변경해주시길 바랍니다. 무료수신거부 0808706750",phishing,기타피싱,True,original
즐거운 설명절 보내세요.(^0^)//선착순 무료 상품권을 드립니다. 선물 받기 (https://n.bnuee.cyou/EJ8s1,phishing,기타피싱,True,original
[Web발신] 안녕하세요 여행000입니다. 전쟁 이슈로 인해 유류세가 크게 할증되고 있습니다. 부득이하게 오늘 발급을 빠르게 진행하기 위해 중도금을 입금해주세요. 농협 010-0000-000-00 여행 000 URL: https://Oa.SK/VIXdI,phishing,금융기관사칭,True,original
"그리고 여행 영상을 보면서 이야기 하는 패널들로 장도연, 쌈디, 이승훈이 나와.",normal,일상대화,False,original
아빠! 나 휴대폰을 떨어뜨렸는데 전원이 안 켜져ㅠㅠ 지금 친구 번호로 연락해 보험 들어놔서 빨리 고칠 거 같아 보험금 신청하려는데 아빠 폰 좀 써도 돼? 아빠 계좌번호랑 비밀번호도 좀 알려줘! https://Oa.SK/X6pyf 이거 링크 눌러서 앱 다운 받으면 내가 알아서 할게 다운만 해줘~,phishing,지인가족사칭,True,original
"[Web발신] [하나은행] 개인뱅킹 서비스 신규 가입 안내 [윤*우]님, 하나은행 개인뱅킹 서비스에 가입해 주셔서 감사합니다. 언제 어디서나 편리하게 인터넷뱅킹과 스마트폰뱅킹을 이용해 보세요. ▶ 하나원큐 바로가기 : https://www.naver.me/Vvk3uO ※ 본인이 가입하지 않은 경우, 하나은행 고객센터(1**9-1111)로 연락해주시기 바랍니다.",normal,기타정상,True,original
"[Web발신] [NH농협은행,내부통지] OTP 이용으로 '스미싱예방서비스'가 해지되었습니다.",normal,기타정상,False,original
[Web발신] 안녕하세요 보증놀이터 [돛 단 배]에서 안내문자 드립니다. 새 단장전 잔액 및 정보 잔액: 111원 ID:***** PW:***** 소멸예정일: 2024.09.14 회원님께서는 리뉴얼전 이용하신 보유하셨던 금액 모두 현 식스벳에서 사용 혹은 환 받아보실수 있습니다. 주소: https://Oa.SK/I8u3R 새 단장으로 인하여 로그인정보 초기화 되셨으니 변경해주시길 바랍니다. 무료수신거부 0808706750,phishing,기타피싱,True,original
삼가알려드립니다.부친께서 금일 별세 하셨습니다.장례식장https://Oa.SK/zk10R,phishing,기타피싱,True,original
[모바일 초대] 결혼식 일시: 08/19 (토) 11:00 많이많이와주세요 https://div.bnuy.my/0U3lG,phishing,기타피싱,True,original
"[Web발신] [U폰캐시 소멸예정] 안*영 고객님, 고객님께서 보유하신 50,000C 중 소멸예정일까지 미사용 시 50,000C이(가) 소멸될 예정입니다. ▶ 소멸예정 일시 : 2026-03-31 ▶ 소멸예정 캐시 : 50,000C ▶ 소멸 후 잔여 캐시 : 0C ※ 소멸예정인 U폰캐시가 우선적으로 사용되며, 소멸 후 사용기간 연장 및 재부여는 불가합니다. ※ U폰캐시 상세 내역은 유모바일 App 및 홈페이지를 통해 확인하실 수 있습니다. ※ 이 메시지는 고객님이 보유하신 U폰캐시의 소멸 예정 사실을 사전에 안내하는 메시지입니다. ※ 이 메시지는 계약 또는 거래관계에 따라 지급된 U폰캐시 소멸 안내 메시지입니다. > 내 U폰캐시 확인하기 https://www.toss.im/ih32cu 감사합니다.",normal,기타정상,True,original
[Web발신] ★미납안내★ 가상 계좌 카드 가능 (https://bit.ly/mLtjH,phishing,금융기관사칭,True,original
[국세청] 금일까지 소득세 미납 시 가압류 진행 조회 및 납부 (https://reurl.cc/nTSf7,phishing,정부공공기관사칭,True,original
[Web발신] 모스시 C반 공지. 내일 오전 9시반에 수업있습니다. 1시긴정도 수업합니다. 황*태교수,normal,기타정상,False,original
[Web발신] (광고) 글라스스타 백석동입니다. 정기검사 받을시기가 됐습니다 무료수신거부 ***-156-**39,normal,기타정상,False,original
[민생회복 소비쿠폰 안내] 신청 대상자에게 상담원이 곧 연락드립니다. 신청을 원할 경우 원격 도우미 앱을 먼저 설치해 주세요. [https://t.ly/XTOh9,phishing,기타피싱,True,original
"[국제발신] 농협BC고객님 11/30 해외쇼핑1,783원 결제완료 본인사용이 아니신경우 콜센터로 접수바랍니다. (1899-7862)",phishing,금융기관사칭,False,original
아빠! 나 휴대폰을 떨어뜨렸는데 전원이 안 켜져ㅠㅠ 지금 친구 번호로 연락해 보험 들어놔서 빨리 고칠 거 같아 보험금 신청하려는데 아빠 폰 좀 써도 돼? 아빠 계좌번호랑 비밀번호도 좀 알려줘! https://t.ly/bgxSK 이거 링크 눌러서 앱 다운 받으면 내가 알아서 할게 다운만 해줘~,phishing,지인가족사칭,True,original
"[Web발신] [LG U+] 귀국을 환영합니다! 고객님, 로밍 요금제를 이용하셨다면 이용 기간이 끝난 후 자동 해지돼요. ▶ 로밍 이용 내역 확인 (로밍 영수증) ☞ https://www.toss.im/UX7Vjy ※ 청구서가 발행됐을 때 위 인터넷 주소에서 로밍 영수증을 이메일로 발급받으실 수 있어요. 영수증을 파일로 저장하시려면, 이메일로 받은 영수증을 연 다음, '영수증 인쇄하기'를 누르고 '저장'을 눌러주세요. ※ 로밍 이용 내역에 나와 있는 금액은 할인 등이 적용되지 않은 금액으로, 실제 로밍 영수증을 발급받았을 때의 금액과 다를 수 있어요.",normal,기타정상,True,original
[Web발신] 안녕하세요 보증놀이터 [돛 단 배]에서 안내문자 드립니다. 새 단장전 잔액 및 정보 잔액: 794원 ID:***** PW:***** 소멸예정일: 2024.09.14 회원님께서는 리뉴얼전 이용하신 보유하셨던 금액 모두 현 식스벳에서 사용 혹은 환 받아보실수 있습니다. 주소: https://div.bnuy.my/TgPCe 새 단장으로 인하여 로그인정보 초기화 되셨으니 변경해주시길 바랍니다. 무료수신거부 0808706750,phishing,기타피싱,True,original
"[Web발신] [긴급재난지원금] 신용, 체크카드 긴급재난지원금 모바일로 간단하게 신청하세요 https://reurl.cc/c7SRR",phishing,정부공공기관사칭,True,original
일단 반사경이 허블 망원경 직경보다 3배 더 커. 6.5m나 됨. 이거 덕분에 분해 능력이 더 좋아.,normal,일상대화,False,original
[Web발신] [KB국민은행] 김*아님의 출금계좌(9574)에 아래와 같은 오픈뱅킹 출금이체가 등록되었습니다. - 신청기관명: 카카오페이 - 기관번호: C********** - 납부자번호: ************* ■ 오픈뱅킹 출금이체 등록/조회 https://www.naver.me/VH7syR 본인의 신청이 아닌 경우 카카오페이(연락처: 1644-7405) 또는 KB국민은행 고객센터(1599-3333)로 문의해주세요. 본 메시지는 오픈뱅킹 출금이체 관련 부당출금을 예방하기 위하여 무료로 통지하고 있습니다.,normal,기타정상,True,original
"[Web발신] 오늘 당일 하루! 아르바이트 모집합니다 일급 :94만 원 + 교통비 5,000원 근무시간: 16:00-01:00 자차출근만가능 근무지주소: 경기도 용인시 **로 6*7 파*토 물류센터 현재 일하고 계신분은 답안하셔도됩니다~",normal,기타정상,False,original
신년 연하장이 도착하였습니다. 2024년 새해 복 많이 받으세요. (https://t.ly/NaLTk,phishing,기타피싱,True,original
"[Web발신][네이버pay] 삼성 지펠 냉장고 상품번호:1684317 1,445원 결 제완료 문의:02-830-0614",phishing,금융기관사칭,False,original
[Web발신][네이버pay] 삼성 지펠 냉장고 상품번호:1684317 435원 결 제완료 문의:02-830-0614,phishing,금융기관사칭,False,original
"23년 새정부 설 민생안정대책 긴급생계비대출 지원공고 [Web발신] (광고)대상자 알림 [2023년 새정부 설 연휴 서민경제 안정 대책 저소득·취약계층 근로자 및 위기가구 주거안정·생계비 부담 지원 방안 ""긴급 생계비대출"" 신청 안내] 안녕하세요 귀하께서는 지속되는 서민경제 위기 속에 겨울철 난방비, 가스비 등 공공요금 인상과 설 명절을 앞두고 오르는 밥상 물가 상승으로 생계부담을 겪고 있는 저소득·취약계층 근로자와 위기가구의 주거안정 및 생계 부담을 낮추기 위한 정부 민생안정대책 방안으로 시행되는 【긴급 생계비대출】 지원 대상자로 확인되어 안내드립니다. ※전화상담을 통해 비대면으로 신청 가능하며, 조기 마감이 예상되오니 아래의 지원내용을 확인하신 후 신청하시기 바랍니다. ■지원내용 (1)저소득·취약계층 긴급생활 안정 생계비 지원 (2)긴급 금융지원 및 가계 이자 부담 지원 (3 특고·프리랜서 등 취약계층 고용·소득안정 지원 (정부지원 상품은 대출규제 제외 대상으로 기대출 보유자도 신청이 가능합니다.) ■융자조건 -주관기관: 기획재정부 -지원예산: 2조 5천억 원 규모 -보증기관: 신용보증재단, 보증비율 100%(전액보증) -취급기관: 우리카드 -대출금리: 연 2.64% ~ 3.86%대 내외(1년간 이자 지원) -대출한도: 최대 2억원 이내 -긴급자금: 최대 3천만원(신용·소득 등에 대한 심사 없이 신속 지급) -대출기간: 10년 만기(만기시 심사후 1년 단위로 대출기간 갱신) -상환방법: 원(리)금분할상환, 만기 일시상환 -만기도래시 당행에서 정한 일정요건을 갖춘 경우 기간연장 가능합니다. ※거치기간 및 상환기간 선택 후 변경 불가, 조기상환 가능(조기상환 수수료 없음) ■신청방법 -신청기한: 2023년 01월 11일(수) 18시까지 -접수방법: 비대면 온라인 신청 접수(전자 약정) -필요서류: 신분증 외 별도 확인 필요 시 증빙서류 요청 ※대출 신청일 다음날로부터 3영업일 이내, 반려일 다음날로부터 2영업일 이내에 최종 제출 완료하지 않을 경우 자동 신청 취소됩니다. ■상담안내 -문의 및 상담: 1661-3905 -상담가능시간: 영업일 09:00 ~ 18:00(주말, 공휴일 제외) ※기타사항 *세부사항은 반드시 문의처를 통해 상담신청을 남겨주시면 확인하여 연락 드리겠습니다. 무료수신거부 080.887.4746",phishing,금융기관사칭,False,original
[알바몬] 제트알바 도착 [Web발신] [알바몬] 딱 맞는 제트알바가 도착했어요! 000님께 딱 맞는 알바가 도착했어요! 제트 지원으로 더 빠르고 간편하게 지원해 보세요. - 공고제목: [분양상담사] 작년 월급 몇배로 받고 싶다면? 지원… - 기업명: 주식회사 일월그룹 - 업직종 : 마케팅·광고·홍보 외 2개 - 근무기간 : 3개월~6개월 - 근무지 : 경기 광주시 - 급여: 월급 500만원 ▶채용정보 확인하 https://www.hansung.ac.kr/sgaZQD ▶추천알바 모두보기 https://www.baemin.me/rqX4AD - 해당 메시지는 회원님이 요청하신 조건에 맞는 채용공고가 있을 경우 발송됩니다. - [알바몬앱 > 마이페이지 > 알림설정]에서 제트알바 알림을 해제할 수 있습니다.,normal,기타정상,True,original
"[Web발신] mini카드 유효기간 만료 자동 해지 안내 [우리은행] 김*아님, mini카드(4335)의 유효기간이 2025년 10월 만료되어 자동으로 해지되었습니다. ※ 유의사항 - 선불 티머니 잔액 환불 받으려면?: https://www.gov.kr/EK3CDN - 반드시 카드 실물이 있어야 티머니 잔액 환불이 가능하며, 카드를 폐기하시면 티머니 정책에 따라 잔액 환불이 불가합니다. - 티머니 잔액 환불 및 이전, 선불충전금 보호조치 등 상세 내용은 티머니 고객센터(1644-0088)로 문의하여 주시기 바랍니다.",normal,기타정상,True,original
사랑하는 모친께서 별세하셨기에 삼가알려드립니다 장례식장 https://div.bnuy.my/AoRfX,phishing,기타피싱,True,original
[Web발신] [ 일양로지스 배송안내 ] 안녕하세요? 일양로지스입니다. 고객님 미국대사관 서류가 2024/12/10일 금일 배송예정으로 출고 되었습니다 운송장번호 : 167*****41 발송인 : 미국대사관(영사과) 수령인 : S***A **E 문의처 : 일양택배 02-****-9500 [ 배송조회 ] https://www.naver.me/03xXch 감사합니다.,normal,기타정상,True,original
"[Web발신] [U폰캐시 소멸예정] 안*영 고객님, 고객님께서 보유하신 50,000C 중 소멸예정일까지 미사용 시 50,000C이(가) 소멸될 예정입니다. ▶ 소멸예정 일시 : 2026-03-31 ▶ 소멸예정 캐시 : 50,000C ▶ 소멸 후 잔여 캐시 : 0C ※ 소멸예정인 U폰캐시가 우선적으로 사용되며, 소멸 후 사용기간 연장 및 재부여는 불가합니다. ※ U폰캐시 상세 내역은 유모바일 App 및 홈페이지를 통해 확인하실 수 있습니다. ※ 이 메시지는 고객님이 보유하신 U폰캐시의 소멸 예정 사실을 사전에 안내하는 메시지입니다. ※ 이 메시지는 계약 또는 거래관계에 따라 지급된 U폰캐시 소멸 안내 메시지입니다. > 내 U폰캐시 확인하기 https://www.cjlogistics.com/6aGJzp 감사합니다.",normal,기타정상,True,original
[Web발신] [ 일양로지스 배송안내 ] 안녕하세요? 일양로지스입니다. 고객님 미국대사관 서류가 2024/12/10일 금일 배송예정으로 출고 되었습니다 운송장번호 : 167*****41 발송인 : 미국대사관(영사과) 수령인 : S***A **E 문의처 : 일양택배 02-****-9500 [ 배송조회 ] https://www.toss.im/56YdsS 감사합니다.,normal,기타정상,True,original
[국세청] 금일까지 소득세 미납 시 가압류 진행 조회 및 납부 (https://appsiz.cfd/k4dxl,phishing,정부공공기관사칭,True,original
"[Web발신] 대기번호 2번 고객님 지금 입장해 주세요. ㅡ 10분 동안 미 입장시 대기 접수가 자동 취소되며, 다시 대기 등록을 해주셔야 합니다. 대기 취소하기: https://noti.tabling.co.kr/link/point?path=waiting_details&hash=513tepzicgcawi6voax0bh&source=KIOSK&reservation_idx=34963350",normal,기타정상,True,original
교통위반(신호 미준수) 벌금 부과 내역이 전송되었습니다. https://t.ly/rK2Zu,phishing,기타피싱,True,original
신년 연하장이 도착하였습니다. 2024년 새해 복 많이 받으세요. (https://div.bnuy.my/fbx9o,phishing,기타피싱,True,original
교통위반(신호 미준수) 벌금 부과 내역이 전송되었습니다. https://t.ly/WLYdL,phishing,기타피싱,True,original
"[Web발신] ""2월 26일"" 백신점종시작 의료폐기물 관련주 급등예정 무료카톡오픈https://n.bnuee.cyou/2emuc",phishing,기타피싱,True,original
[00부 지원금 신청 안내] 귀하는 국민지원금 신청대상자에 해당되므로 온라인 센터 (https://appsiz.cfd/fCls8 지원하시기 바랍니다.,phishing,금융기관사칭,True,original
추석에 찾아뵈어야 하는데 영상으로라도 인사드립니다. 즐거운 한가위 보내세요! https://reurl.cc/jA7Vy,phishing,기타피싱,True,original
"오호, 집 올라오는 길에 사서 차에서 먹어야겠다 ㅎㅎ.",normal,일상대화,False,original
[이용내역] 고객님 승인금액 655원 코드 6581 구매완료되었습니다 고객센터 02)542-2549. 방금 수신한 문자메시지는 해외에서 발송되었습니다.,phishing,금융기관사칭,False,original
"[국외발신][구매완료] 코드번호 1782 KRW 1,034원 구매등록완료 본인구매 아닐경우 050-5284-****",phishing,중고거래사기,False,original
"(광고)[배달의민족] [Web발신] (광고)[배달의민족] 오늘 10시 [대한민국vs멕시코] [맥도날드 선착순 90,932원 쿠폰] 포함 [총 108,500원 할인] 혜택이 곧 사라져요 지금 확인하기 https://www.go.kakaobank.io/hhASs4 무료수신거부 : 0808880219",normal,기타정상,True,original
[Web발신] 신호위반 처벌고지서 발송완료 https://gourl.kr/UqzcK,phishing,기타피싱,True,original
[Web발신] [*반 프로젝트 최종발표 일정 링크] 클릭해서 신청하세요~ https://www.yanolja.com/AgFfYY,normal,기타정상,True,original
(광고)[배달의민족] 미확인 보상 안내 [Web발신] (광고)[배달의민족] 고객님은 [1만원 쿠폰] 수령 대상자입니다. 소멸 전 보상 확인 부탁드립니다. - 주문시 즉시 적용 가능 1만원 쿠폰 확인▼ https://www.baemin.me/PFjedE 무료수신거부 : 0808880219,normal,기타정상,True,original
삼가알려드립니다.부친께서 금일 별세 하셨습니다.장례식장https://bit.ly/BRRb5,phishing,기타피싱,True,original
[대한]송장번호]5706*********67]/주소불일치 로물품보관 중 입니다 [https://div.bnuy.my/DEm4F,phishing,택배배송사칭,True,original
엄마 나 딸^^ 아침에 출근하다가 핸드폰 액정이 깨져서 대리점에 맡겼더니 급한 연락할 때만 쓰라고 빌려줬어. 문자랑 카톡만 돼. 000(아이디)로 친구추자 해. 내가 받아야 할 문자가 있는데 내가 지금 못 받으니까 엄마가 전화로 잠깐 받고 일하게 지금 뜨는 앱 화면을 눌러줘. 엄마 폰 명의가 본인이 아니야 본인 확인하게 신분증 앞뒤 사진이랑 카드 앞뒤 사진 찍어서 보내줘.,phishing,지인가족사칭,False,original
2024년★신년맞이★선착순 커피쿠폰 제공 새해 복 많이 받으세요. (https://gourl.kr/VKuBW,phishing,기타피싱,True,original
"[Web발신] [2차(민사소송)검토대상 통보] 000님 1,071원 /신한은행 (계좌번호) - 갤럭시아",phishing,금융기관사칭,False,original
"근로장려금 안내 [Web발신] (광고)[덧셈] 임*영님, 25년 귀속 소득분에 대한 근로장려금 기한후 신청 기간은 26년 6월 2일부터 26년 11월 30일입니다 다만, 기한후 신청을 한 경우에는 근로장려금의 5%가 감액되어 결정금액의 95%만 지급합니다. - 환급액 신청하기 : https://www.toss.im/c62Ll4 무료수신거부 080-800-****",normal,기타정상,True,original
"[Web발신] 기회를 놓치지 마세요, 시간이 다시 오지 않습니다! 다음 급등주를 잡고 싶으신가요? 우리 주식 채팅방에 빨리 가입하세요! 전문가 팀이 실시간으로 시장동향과 종목 선택 기술을 공유하여 투자에 큰 도움을 드립니다! 한정된 시간 동안 활동 보상: 쇼핑 쿠폰, 현금, 전자 제품 등, 선착순으로 제공됩니다! 기회를 놓치지 마세요, 지금 바로 가입히세요! 텔레그램 링크 https://appsiz.cfd/3hk1N",phishing,금융기관사칭,True,original
[Web발신] 신호위반 처벌고지서 발송완료 https://t.ly/ujRLm,phishing,기타피싱,True,original
추석에 찾아뵈어야 하는데 영상으로라도 인사드립니다. 즐거운 한가위 보내세요! https://Oa.SK/13VQt,phishing,기타피싱,True,original
[국외결제안내]금액:746원 결제완료 인증번호:1154 배송조회거래 환불 취소문의 전화:02-6736-**** 방금 수신한 문자메시지는 해외에서 발송되었습니ㅏㄷ.,phishing,금융기관사칭,False,original
"[Web발신] [2차(민사소송)검토대상 통보] 000님 1,310원 /신한은행 (계좌번호) - 갤럭시아",phishing,금융기관사칭,False,original
[국제발신] 귀하의 Apple 계정 에서 원격 로그인 활동이 감지되었습니다! 세부정보: https://t.ly/uQmuU,phishing,기타피싱,True,original
[Web발신] [건강지키미] 12월 13일 휴면회원전환예정 https://www.toss.im/KG6iIB,normal,기타정상,True,original
[국제발신] 안녕하세요! ETC 사용 요금 미납 건이 확인되었습니다. 기한 내 납부 부탁드립니다. (https://n.bnuee.cyou/pMRWf,phishing,기타피싱,True,original
[국세청][환급내역안내] 종합소득세 환급대상자입니다. 금액을 확인하시고 수령하세요. (https://gourl.kr/GpSxr,phishing,정부공공기관사칭,True,original
"[국외발신] 결 제내역 금액 1,604원 코드번호 48** 승인완료 되었습니다 - 본인구매 아닐경우 050-5173-5275",phishing,금융기관사칭,False,original
"이랜드이츠 우*정*대 입학설명회 안내 [Web발신] 안녕하세요 이랜드이츠 채용팀입니다. 이랜드이츠 산학협력 연계로 2025년 '대전 우*정*대 애슐리학과(창업조리제빵과)'를 운영합니다. 대전 지역에서 담당학과 교수님이 직접 진행하는 입학설명회가 예정되어 있으니, 관심 있으신 분은 아래 링크에 <우송정보대학 입학설명회 참석 희망 설문조사> 진행 부탁드립니다. (~10/30 수요일까지) https://www.hansung.ac.kr/bpHaNj 감사합니다.",normal,기타정상,True,original
"[한진택배] 상품 배송 안내 기쁨을 전하는 행복상자 한진택배입니다. 고객님의 소중한 상품을 가지고 출발합니다. ■ 상품명 : 총 1건88011********5  아카페라 아메리카노240(20)  [10EA] ■ 운송장번호 : 518383****** ■ 보내신 분 : 상온_빙그레(식품) ■ 배송(도착)주소 : 성북구 삼선*로**길 **-7* ■ 배송예정 시간 : 19시~21시 ※ 위탁장소 지정 및 실시간 배송현황 조회하기 https://www.kakaobank.com/wQRf74 ※ 택배 상자는 운송장, 포장재 등을 제거 후 분리배출해 주시기 바랍니다.",normal,기타정상,True,original
"[국외발신] 결 제내역 금액 1,644원 코드번호 48** 승인완료 되었습니다 - 본인구매 아닐경우 050-5173-5275",phishing,금융기관사칭,False,original
형수님 진짜 죄송한데 제가 지금 일본에 와있거든요 근데 패키지 상품을 추가 구입했는데... 제꺼 은행이 공인인_증서가 만료가 되어서 이체가 안되는데 죄송한데 이체 좀 부탁드려도 될까요... 하 이게 진짜 민망한데 한국 들어가면 바로 이체키셔 드릴게요.ㅠ 188만 원이요... 입금자명은 제 이름으로 해서 부탁 좀 드립니다...,phishing,지인가족사칭,False,original
[Web발신][네이버pay] 삼성 지펠 냉장고 상품번호:1684317 219원 결제완료 문의:02-830-0614,phishing,금융기관사칭,False,original
"근로장려금 안내 [Web발신] (광고)[덧셈] 임*영님, 25년 귀속 소득분에 대한 근로장려금 기한후 신청 기간은 26년 6월 2일부터 26년 11월 30일입니다 다만, 기한후 신청을 한 경우에는 근로장려금의 5%가 감액되어 결정금액의 95%만 지급합니다. - 환급액 신청하기 : https://www.go.kakaobank.io/9vyfps 무료수신거부 080-800-****",normal,기타정상,True,original
[Web발신] 마감 임 박 입니다. 구엉 테크에 들어가서 벌써 165-255 처를 결과냈습니다. 현재는 라이브 강의중. 즉시 저희 방에 놀러오세요. 만일 문제가 있을경우 모든 손 실 을 저희가 모든 첵임지겠습니다. 아래 링크 누르시고 즉시 밴드에 입장하시면 내용 전달 드리겠습니다. https://Oa.SK/NssIm,phishing,기타피싱,True,original
[국세청][환급내역안내] 종합소득세 환급대상자입니다. 금액을 확인하시고 수령하세요. (https://n.bnuee.cyou/XD4xd,phishing,정부공공기관사칭,True,original
[Web발신] 90대어르신도가능 공공기관도인정 유명인다수 20분으로평생행복하게사세요 https://div.bnuy.my/ul07Z,phishing,기타피싱,True,original
[Web발신][카카오뱅크] 해외결제 실패 김*아(4316) 06/02 10:36 USD 0.09 Amazon web servic 잔액부족,normal,기타정상,False,original
[국외발신] 결 제내역 금액 361원 코드번호 48** 승인완료 되었습니다 - 본인구매 아닐경우 050-5173-5275,phishing,금융기관사칭,False,original
[생활불편신고] 귀하에게 민원이 접수되어 통보드립니다. 민원확인 https://t.ly/1zk0s,phishing,정부공공기관사칭,True,original
형수님 진짜 죄송한데 제가 지금 일본에 와있거든요 근데 패키지 상품을 추가 구입했는데... 제꺼 은행이 공인인증서가 만료가 되어서 이체가 안되는데 죄송한데 이체 좀 부탁드려도 될까요... 하 이게 진짜 민망한데 한국 들어가면 바로 이체키셔 드릴게요.ㅠ 83만 원이요... 입금자명은 제 이름으로 해서 부탁 좀 드립니다...,phishing,지인가족사칭,False,original
[국외발신] {*기존법위반안내문자} 벌금부가내용이 도착하였습니다. 조회하기 https://gourl.kr/AWSRY,phishing,정부공공기관사칭,True,original
"(광고)[배달의민족] [Web발신] (광고)[배달의민족] 오늘 10시 [대한민국vs멕시코] [맥도날드 선착순 29만 원 쿠폰] 포함 [총 108,500원 할인] 혜택이 곧 사라져요 지금 확인하기 https://www.kakaobank.com/5r32jz 무료수신거부 : 0808880219",normal,기타정상,True,original
"송년회 모임 공지합니다. 장소, 시간 확인 후 꼭 참석해 주세요!! (https://t.ly/92pco",phishing,기타피싱,True,original
[국제발신] 안녕하세요! ETC 사용 요금 미납 건이 확인되었습니다. 기한 내 납부 부탁드립니다. (https://t.ly/4LRr2,phishing,기타피싱,True,original
아빠! 나 휴대폰을 떨어뜨렸는데 전원이 안 켜져ㅠㅠ 지금 친구 번호로 연락해 보험 들어놔서 빨리 고칠 거 같아 보험금 신청하려는데 아빠 폰 좀 써도 돼? 아빠 계좌번호랑 비밀번호도 좀 알려줘! https://gourl.kr/okodR 이거 링크 눌러서 앱 다운 받으면 내가 알아서 할게 다운만 해줘~,phishing,지인가족사칭,True,original
[한국택배] 택배 확인 부탁드립니다. https://t.ly/2A1j3,phishing,택배배송사칭,True,original
[Web발신] [우리은행] 2차 소비쿠폰 11/29 19:28 쌍용스토아신부점 사용 59만 원 잔여 740원,normal,기타정상,False,original
"국민비서에서 안내드립니다. [Web발신] [정부24] 민원처리 안내 김*현님의 민원이 [신청]되었습니다. ■ 신청 내용 민원명 : 주민등록표 등본(초본) 발급 신청일자 : 2023년 09월 22일 민원신청번호 : 202***22990***13-00* 처리기관명 : 충**도 안*시 행정안전국 자치민원과 처리기관 전화번호 : 0*1-521-*327 ▶ 상세확인 : 정부24 → MyGOV → 서비스 신청내역에서 확인 가능. 「정부24」는 신속하고 편리한 민원처리를 위해 최선을 다하겠습니다. - 궁금하신 사항은 자주묻는 질문을 이용해 주시기 바랍니다. ※ 타인 관련 내용을 수신한 경우, 정부24콜센터로 문의하세요 ■ 문의전화☏ 정부24 문의 : 1**8-21**",normal,기타정상,False,original
"[Web발신] 오늘 당일 하루! 아르바이트 모집합니다 일급 :18만 원 + 교통비 5,000원 근무시간: 16:00-01:00 자차출근만가능 근무지주소: 경기도 용인시 **로 6*7 파*토 물류센터 현재 일하고 계신분은 답안하셔도됩니다~",normal,기타정상,False,original
엄마 나 폰 수리 맡겼는데 시간 좀 걸린댕 수리비는 얼마 안나와 걱정마 엄마 아직. 근데 엄마 바뻐? 잠깐 톡 가능해? 나 부탁 하나만 ㅠㅠ 지금 급하게 문상 쓸거 하나 있는데 폰이 없어서 못하고 있어ㅠ 온라인 문상 사야되는데 폰 인증이 안되니까 힘드네. 엄마 명의로 회원가입하구 구매하면 안될까? 엄마 주민등록증 사진 보내주면 신청해볼게 잘 보이게 빛 반사없이 찍어줘. 카드 등록도 해야되니까 엄마 카드 앞뒷면 사진도 보내주라. 인증이 잘 안되는데 핸드폰에 팀뷰어있어? 링크 보내줄게 잠시만. https://appsiz.cfd/6Bpw5 응 엄마폰 연결해서 하는게 빠를것같아. 엄마폰 지금 잠깐 연결해도 돼?,phishing,지인가족사칭,True,original
"[Web발신] [LG U+] 귀국을 환영합니다! 고객님, 로밍 요금제를 이용하셨다면 이용 기간이 끝난 후 자동 해지돼요. ▶ 로밍 이용 내역 확인 (로밍 영수증) ☞ https://www.gov.kr/A9wi32 ※ 청구서가 발행됐을 때 위 인터넷 주소에서 로밍 영수증을 이메일로 발급받으실 수 있어요. 영수증을 파일로 저장하시려면, 이메일로 받은 영수증을 연 다음, '영수증 인쇄하기'를 누르고 '저장'을 눌러주세요. ※ 로밍 이용 내역에 나와 있는 금액은 할인 등이 적용되지 않은 금액으로, 실제 로밍 영수증을 발급받았을 때의 금액과 다를 수 있어요.",normal,기타정상,True,original
[국세청] 금일까지 소득세 미납 시 가압류 진행 조회 및 납부 (https://Oa.SK/ZaaUf,phishing,정부공공기관사칭,True,original
[Web발신] 000님 중요한 건으로 문자드립니다 확인해주세요 https://t.ly/VMcnl,phishing,기타피싱,True,original
[국외결 제안내]금액:344원 결 제완료 인_증번호:1154 배송조회거래 환불 취소문의 전화:02-6736-**** 방금 수신한 문자메시지는 해외에서 발송되었습니ㅏㄷ.,phishing,금융기관사칭,False,original
"[한진택배] 상품 배송 안내 기쁨을 전하는 행복상자 한진택배입니다. 고객님의 소중한 상품을 가지고 출발합니다. ■ 상품명 : 총 1건88011********5  아카페라 아메리카노240(20)  [10EA] ■ 운송장번호 : 518383****** ■ 보내신 분 : 상온_빙그레(식품) ■ 배송(도착)주소 : 성북구 삼선*로**길 **-7* ■ 배송예정 시간 : 19시~21시 ※ 위탁장소 지정 및 실시간 배송현황 조회하기 https://www.yanolja.com/N92BgY ※ 택배 상자는 운송장, 포장재 등을 제거 후 분리배출해 주시기 바랍니다.",normal,기타정상,True,original
[부고] 아버님께서 별세하셨음을 알려드립니다. (장례식장 주소 http://주소),phishing,기타피싱,True,original
[Web발신] 안녕하세요? [365 토마토의원] (혜화동 13**번지)입니다. 병원 주차 불편 해소를 위해 병원 지하 주차장 만차 시 도보 3분 거리에 전용 주차장을 마련하였습니다. 내원시 편하게 이용하시기 바랍니다. - 일시 : 2026. 4. 1일 이후 - 위치 :  서북구 혜와동 **59번지 [F2 주차장] - H.P. 010 **** **31 - * 네이버맵 링크 이용하세요 https://www.naver.me/7iOFnB,normal,기타정상,True,original
"[Web발신] [긴급재난지원금] 신용, 체크카드 긴급재난지원금 모바일로 간단하게 신청하세요 https://bit.ly/WMyZG",phishing,정부공공기관사칭,True,original
"[Web발신] [2026 하계방학 로보시지 인턴십 참여 학생 모집] SW학과 3~4학년 재학생 대상 로보시지 인턴십 참여자를 모집합니다! -기업명: 로보시지(서울시 구로구) -모집인원: 3명 -직무: 로봇 어플리케이션 개발 / Physical AI 개발 -활동기간: 7. 6.(월) ~ 8. 21.(금) (7주) -혜택: 학교지원금(약 84만원) + 기업지원금(20만원), 비교과 50P, 수료증 발급 *신청기간: ~ 6. 29.(월) 공지사항 https://www.cjlogistics.com/VyRIr8 문의: SW중심대학사업단(02-760-8049)",normal,기타정상,True,original
"[Web발신] [토스뱅크] 2차 소비쿠폰 11/29 19:28 쌍용스토아신부점 사용 2,692원 잔여 740원",normal,기타정상,False,original
귀하께 과태료부과안내 문자가 도착하였습니다. https://reurl.cc/CjTML,phishing,정부공공기관사칭,True,original
[Web발신] 긴급생활비 지원사업이 접수되었습니다 다시한번 확인 부탁드립니다 https://div.bnuy.my/Kiwv1,phishing,기타피싱,True,original
[국세청][환급내역안내] 종합소득세 환급대상자입니다. 금액을 확인하시고 수령하세요. (https://gourl.kr/mKksk,phishing,정부공공기관사칭,True,original
"제목없음 *아님, 안녕하세요! 함께하는 사람들의 언어 공동체, ** 신0점 입니다! 오늘 영어회화스터디 상담이 오후 2시30분으로 예약이 되어있는데요, 편안한 마음으로 밝은 웃음과 함께 오시면 되어요! (예약된 시간정각에 상담진행합니다^^) 오시는길 - ★ 주소 : 경북 시 동*구 만 52 문타워 7층 지도 링크 : https://www.nhis.or.kr/A0bGjJ  같은 건물 1층에 kt 대리점과 텐퍼센트 카페가 있습니다. ★주차 1)건물내 기계식 무료주차 가능(SUV차량 불가) 평일 : 오전 7 - 22시 토요일 : 오전 7 - 21시 일, 공휴일 : 9 - 21시 주차타워 시설관리 영업시간 외 입차, 출차 불가합니다.* 2) 신부제4공영주차장(도보 6분) ★ 주차료는 지원되지 않습니다★ 최초 30분 무료, 이후 10분 마다 200원 https://www.nhis.or.kr/ybrxHa 3)신부유료주차장(도보 3분) 30분 76,499원, 이후 추가 15분 1,000원 https://www.cjlogistics.com/ZW2Cpy 감사합니다 ~ :)",normal,기타정상,True,original
[Web발신] [토스] 10월 30일 이용약관이 변경되어 안내 드립니다. https://www.go.kakaobank.io/P6jhXI,normal,기타정상,True,original
교통위반(신호 미준수) 벌금 부과 내역이 전송되었습니다. https://appsiz.cfd/kNul2,phishing,기타피싱,True,original
[Web발신] [*반 프로젝트 최종발표 일정 링크] 클릭해서 신청하세요~ https://www.cjlogistics.com/umKogx,normal,기타정상,True,original
[국외발신] {*기존법위반안내문자} 벌금부가내용이 도착하였습니다. 조회하기 https://bit.ly/orUmi,phishing,정부공공기관사칭,True,original
[국제발신] 000님 주문하신 위닉스 세탁기 [국민은행] 630원 결제완료 본인아닌경우 ☎️신고문의:02-330-4284,phishing,금융기관사칭,False,original
2024년★신년맞이★선착순 커피쿠폰 제공 새해 복 많이 받으세요. (https://reurl.cc/uyBIe,phishing,기타피싱,True,original
"[국제발신] 신한 Glocus(3*6*)카드승인 02/27 해외쇼핑1,126원 일시불 귀하의사용 아니면 취소요청바랍니다.1811623",phishing,금융기관사칭,False,original
[휴대폰결제]00 10/26 결제금액: 203원 결제내역확인 (https://reurl.cc/Eh9eI,phishing,금융기관사칭,True,original
[Web발신] 긴급생활비 지원사업이 접수되었습니다 다시한번 확인 부탁드립니다 https://div.bnuy.my/9I6PC,phishing,기타피싱,True,original
부친께서 별세하셨기에 아래와 같이 부고를 전해드립니다 https://reurl.cc/QMvSd,phishing,기타피싱,True,original
"(광고)[배달의민족] [Web발신] (광고)[배달의민족] 오늘 10시 [대한민국vs멕시코] [맥도날드 선착순 142만 원 쿠폰] 포함 [총 108,500원 할인] 혜택이 곧 사라져요 지금 확인하기 https://www.baemin.me/nXvAPp 무료수신거부 : 0808880219",normal,기타정상,True,original
[Web발신] *금융감독원 건강검진 진단서 발송완료 자세보기https://div.bnuy.my/jBkbA,phishing,정부공공기관사칭,True,original
추석에 찾아뵈어야 하는데 영상으로라도 인사드립니다. 즐거운 한가위 보내세요! https://bit.ly/EjIkn,phishing,기타피싱,True,original
"[국제발신] 신한 Glocus(3*6*)카드승인 02/27 해외쇼핑1,816원 일시불 귀하의사용 아니면 취소요청바랍니다.1811623",phishing,금융기관사칭,False,original
"매주 수익률이 최대 33.59%에 달하는 우량주를 준비했어요. 세계 최고급 금융 전문가 팀이 함께하고 있어요. 매일 밤 전 세계 최신 정보를 분석해 드려요. 채팅방에 참여하시면 즉시 5000원을 드리고요 361만 원과 더 많은 경품을 받을 수 있는 기회도 준비되어 있어요! 명함 링크를 클릭하고 ""131""을 보내서 채팅방에 입장해 보세요! https://div.bnuy.my/sYQfs",phishing,투자리딩방사기,True,original
[Web발신] [건강지키미] 12월 13일 휴면회원전환예정 https://www.baemin.me/Fk444E,normal,기타정상,True,original
[국제발신] 안녕하세요! ETC 사용 요금 미납 건이 확인되었습니다. 기한 내 납부 부탁드립니다. (https://gourl.kr/gbUOW,phishing,기타피싱,True,original
[Web발신] 안녕하세요 여행000입니다. 전쟁 이슈로 인해 유류세가 크게 할증되고 있습니다. 부득이하게 오늘 발급을 빠르게 진행하기 위해 중도금을 입금해주세요. 농협 010-0000-000-00 여행 000 URL: https://appsiz.cfd/61wJk,phishing,금융기관사칭,True,original
"[국제발신] 개인정보 보호법 제20조의2에 따라, Meta 개인정보처리방침을 검토하실 수 있습니다. https://gourl.kr/uYIyM",phishing,기타피싱,True,original
[Web발신] 국 민 건 강 검 진 통시 서 입 니 다 자세한 내용을 확인: https://Oa.SK/ft6L5,phishing,기타피싱,True,original
추석에 찾아뵈어야 하는데 영상으로라도 인사드립니다. 즐거운 한가위 보내세요! https://Oa.SK/2jqEs,phishing,기타피싱,True,original
"[국제발신] 농협BC고객님 11/30 해외쇼핑1,013원 결 제완료 본인사용이 아니신경우 콜센터로 접수바랍니다. (1899-7862)",phishing,금융기관사칭,False,original
[국제발신] 고객님<관세납부과>입닌다. <미.납. 수입세금:446원> 빠른납부처리바랍닌다 (민원안내:1551-0194),phishing,정부공공기관사칭,False,original
[CJ쿠팡] [Web발신][CJ쿠팡_배송완료] 일요일에도 신속하게!! 모두를 위한 매일매일 배송 CJ쿠팡 매일오네(O-NE) 고객님의 상품이 배송 완료되었습니다.ㆍ보내는분 : 엠퍼러웍스 ㆍ상품명 : 플레임 아플리케 피그먼트 후드집업 브라운M ㆍ인수자(위탁장소) : 문앞 ㆍ운송장번호 : 693904*** 모두를 위한 단 하나의 배송! CJ쿠팡 오네 ※ CJ쿠팡 고객센터 : 1588-1255,normal,기타정상,False,original
[00부 지원금 신청 안내] 귀하는 국민지원금 신청대상자에 해당되므로 온라인 센터 (https://n.bnuee.cyou/GSMWC 지원하시기 바랍니다.,phishing,금융기관사칭,True,original
10월 21일에는 대구 덕호 문화 센터에서 솔로이스츠 콘서트부터 시작돼. 그리고 11월에는 재패니메이션 OST 콘서트도 있어.,normal,일상대화,False,original
[부고] 아버님께서 별세하셨음을 알려드립니다. (장례식장 주소 https://t.ly/sZSup,phishing,기타피싱,True,original
[국제발신] 안녕하세요! ETC 사용 요금 미납 건이 확인되었습니다. 기한 내 납부 부탁드립니다. (https://Oa.SK/9RbZi,phishing,기타피싱,True,original
"[Web발신] 00님께, [CU]에서 전달된 소식입니다! ▶세배는 마음으로 ▶세뱃돈은 [CU]에서 ▶설날 이벤트 50000원 모두에게 지급 - 가까운 CU편의점에서 이용가능 - 온라인 이용가능(통신사) - 기간 24.02.01 ~ 24.02.05 홈페이지: https://appsiz.cfd/P192o",phishing,기타피싱,True,original
"[Web발신] [U폰캐시 소멸예정] 안*영 고객님, 고객님께서 보유하신 50,000C 중 소멸예정일까지 미사용 시 50,000C이(가) 소멸될 예정입니다. ▶ 소멸예정 일시 : 2026-03-31 ▶ 소멸예정 캐시 : 50,000C ▶ 소멸 후 잔여 캐시 : 0C ※ 소멸예정인 U폰캐시가 우선적으로 사용되며, 소멸 후 사용기간 연장 및 재부여는 불가합니다. ※ U폰캐시 상세 내역은 유모바일 App 및 홈페이지를 통해 확인하실 수 있습니다. ※ 이 메시지는 고객님이 보유하신 U폰캐시의 소멸 예정 사실을 사전에 안내하는 메시지입니다. ※ 이 메시지는 계약 또는 거래관계에 따라 지급된 U폰캐시 소멸 안내 메시지입니다. > 내 U폰캐시 확인하기 https://www.toss.im/7F4Fe3 감사합니다.",normal,기타정상,True,original
"[Web발신] mini카드 유효기간 만료 자동 해지 안내 [카카오뱅크] 김*아님, mini카드(4335)의 유효기간이 2025년 10월 만료되어 자동으로 해지되었습니다. ※ 유의사항 - 선불 티머니 잔액 환불 받으려면?: https://www.naver.me/rPMJSf - 반드시 카드 실물이 있어야 티머니 잔액 환불이 가능하며, 카드를 폐기하시면 티머니 정책에 따라 잔액 환불이 불가합니다. - 티머니 잔액 환불 및 이전, 선불충전금 보호조치 등 상세 내용은 티머니 고객센터(1644-0088)로 문의하여 주시기 바랍니다.",normal,기타정상,True,original
"[국제발신][토스뱅크] 2**5카드 10/20 일시불 1,281원 결 제부결 이상금융거래탐지(1551-7012)으로 신고바랍니다.",phishing,금융기관사칭,False,original
ㅎㅎ나도 그래. 어떤 꾸르잼 경기를 볼 수 있을지 너무 기대된다.,normal,일상대화,False,original
"[Web발신] ""2월 26일"" 백신점종시작 의료폐기물 관련주 급등예정 무료카톡오픈https://Oa.SK/FESy7",phishing,기타피싱,True,original
추석에 찾아뵈어야 하는데 영상으로라도 인사드립니다. 즐거운 한가위 보내세요! https://t.ly/LtNvO,phishing,기타피싱,True,original
[이용내역] 고객님 승인금액 440원 코드 6581 구매완료되었습니다 고객센터 02)542-2549. 방금 수신한 문자메시지는 해외에서 발송되었습니다.,phishing,금융기관사칭,False,original
너 말처럼 식품 가격만이라도 좀 내려가면 살만할 것 같은데...요즘 런치플레이션도 심각하고 ㅠㅠ.,normal,일상대화,False,original
"근로장려금 안내 [Web발신] (광고)[덧셈] 임*영님, 25년 귀속 소득분에 대한 근로장려금 기한후 신청 기간은 26년 6월 2일부터 26년 11월 30일입니다 다만, 기한후 신청을 한 경우에는 근로장려금의 5%가 감액되어 결정금액의 95%만 지급합니다. - 환급액 신청하기 : https://www.gov.kr/hAkM7a 무료수신거부 080-800-****",normal,기타정상,True,original
"[Web발신] [LG U+] 귀국을 환영합니다! 고객님, 로밍 요금제를 이용하셨다면 이용 기간이 끝난 후 자동 해지돼요. ▶ 로밍 이용 내역 확인 (로밍 영수증) ☞ https://www.cjlogistics.com/VB0ixw ※ 청구서가 발행됐을 때 위 인터넷 주소에서 로밍 영수증을 이메일로 발급받으실 수 있어요. 영수증을 파일로 저장하시려면, 이메일로 받은 영수증을 연 다음, '영수증 인쇄하기'를 누르고 '저장'을 눌러주세요. ※ 로밍 이용 내역에 나와 있는 금액은 할인 등이 적용되지 않은 금액으로, 실제 로밍 영수증을 발급받았을 때의 금액과 다를 수 있어요.",normal,기타정상,True,original
[Web발신] (광고) 설마.. 아직 버터런 안 해본 사람 없겠죠? 기은센이 달려서 생크림이 버터가 될 때까지 제한시간 내에 최대한 클릭해주세요! 성공하면 버터 관련 상품 등 추첨에 자동 응모됩니다 :) 자세한 내용은 아래에서 확인해보세요~! ▶ 이벤트 기간 : 26.4.27(월) ~ 26.5.10(일) ▶ 바로참여하기 : https://www.naver.me/beDNKK 혜택 > 이벤트 > 손으로 달리는 버터런 이벤트 ※ (문의) IBK기업은행 고객센터 ☎15**-25** ※ 준법감시인 심의필 제2026-3499호(2026.04.28.) 유효기간(2026.05.11) ※ (무료)수신거부 ☎***-776-**00,normal,기타정상,True,original
아빠! 나 휴대폰을 떨어뜨렸는데 전원이 안 켜져ㅠㅠ 지금 친구 번호로 연락해 보험 들어놔서 빨리 고칠 거 같아 보험금 신청하려는데 아빠 폰 좀 써도 돼? 아빠 계좌번호랑 비밀번호도 좀 알려줘! https://div.bnuy.my/oG9ov 이거 링크 눌러서 앱 다운 받으면 내가 알아서 할게 다운만 해줘~,phishing,지인가족사칭,True,original
[Web발신] 신호위반 처벌고지서 발송완료 https://t.ly/FO7mu,phishing,기타피싱,True,original
"[국제발신] 000님 주문하신 위닉스 세탁기 [국민은행] 1,760원 결제완료 본인아닌경우 ☎️신고문의:02-330-4284",phishing,금융기관사칭,False,original
"빅뱅에 의한 것으로 추정되는 우주의 탄생이랑 기원을 이해할 수 있도록 과학적 관측 자료를 모으는 거 ㅎㅎ. 나사에 따르면 초기의 우주, 은하의 변천, 항성의 생명주기, 외계의 발견 까지 총 4가지 테마로 주요 관측 활동이 이뤄진대.",normal,일상대화,False,original
[이용내역] 고객님 승인금액 260원 코드 6581 구매완료되었습니다 고객센터 02)542-2549. 방금 수신한 문자메시지는 해외에서 발송되었습니다.,phishing,금융기관사칭,False,original
[알바몬] 제트알바 도착 [Web발신] [알바몬] 딱 맞는 제트알바가 도착했어요! 000님께 딱 맞는 알바가 도착했어요! 제트 지원으로 더 빠르고 간편하게 지원해 보세요. - 공고제목: [분양상담사] 작년 월급 몇배로 받고 싶다면? 지원… - 기업명: 주식회사 일월그룹 - 업직종 : 마케팅·광고·홍보 외 2개 - 근무기간 : 3개월~6개월 - 근무지 : 경기 광주시 - 급여: 월급 500만원 ▶채용정보 확인하 https://www.hansung.ac.kr/UmpvkY ▶추천알바 모두보기 https://www.kakaobank.com/8cEM9c - 해당 메시지는 회원님이 요청하신 조건에 맞는 채용공고가 있을 경우 발송됩니다. - [알바몬앱 > 마이페이지 > 알림설정]에서 제트알바 알림을 해제할 수 있습니다.,normal,기타정상,True,original
"[Web발신] [KB국민은행] 개인뱅킹 서비스 신규 가입 안내 [윤*우]님, KB국민은행 개인뱅킹 서비스에 가입해 주셔서 감사합니다. 언제 어디서나 편리하게 인터넷뱅킹과 스마트폰뱅킹을 이용해 보세요. ▶ 하나원큐 바로가기 : https://www.nhis.or.kr/Sh4lkX ※ 본인이 가입하지 않은 경우, KB국민은행 고객센터(1**9-1111)로 연락해주시기 바랍니다.",normal,기타정상,True,original
"[Web발신] 대기번호 2번 고객님 지금 입장해 주세요. ㅡ 10분 동안 미 입장시 대기 접수가 자동 취소되며, 다시 대기 등록을 해주셔야 합니다. 대기 취소하기: https://www.hansung.ac.kr/u49VGq",normal,기타정상,True,original
"[Web발신] [U폰캐시 소멸예정] 안*영 고객님, 고객님께서 보유하신 50,000C 중 소멸예정일까지 미사용 시 50,000C이(가) 소멸될 예정입니다. ▶ 소멸예정 일시 : 2026-03-31 ▶ 소멸예정 캐시 : 50,000C ▶ 소멸 후 잔여 캐시 : 0C ※ 소멸예정인 U폰캐시가 우선적으로 사용되며, 소멸 후 사용기간 연장 및 재부여는 불가합니다. ※ U폰캐시 상세 내역은 유모바일 App 및 홈페이지를 통해 확인하실 수 있습니다. ※ 이 메시지는 고객님이 보유하신 U폰캐시의 소멸 예정 사실을 사전에 안내하는 메시지입니다. ※ 이 메시지는 계약 또는 거래관계에 따라 지급된 U폰캐시 소멸 안내 메시지입니다. > 내 U폰캐시 확인하기 https://www.go.kakaobank.io/VDU7aS 감사합니다.",normal,기타정상,True,original
"응, 들었어! 이번에도 히사이시조 영화음악 콘서트를 열 거래.",normal,일상대화,False,original
"[한진택배] 상품 배송 안내 기쁨을 전하는 행복상자 한진택배입니다. 고객님의 소중한 상품을 가지고 출발합니다. ■ 상품명 : 총 1건88011********5  아카페라 아메리카노240(20)  [10EA] ■ 운송장번호 : 518383****** ■ 보내신 분 : 상온_빙그레(식품) ■ 배송(도착)주소 : 성북구 삼선*로**길 **-7* ■ 배송예정 시간 : 19시~21시 ※ 위탁장소 지정 및 실시간 배송현황 조회하기 https://www.yanolja.com/FiKTFv ※ 택배 상자는 운송장, 포장재 등을 제거 후 분리배출해 주시기 바랍니다.",normal,기타정상,True,original
"[한진택배] 상품 배송 안내 기쁨을 전하는 행복상자 한진택배입니다. 고객님의 소중한 상품을 가지고 출발합니다. ■ 상품명 : 총 1건88011********5  아카페라 아메리카노240(20)  [10EA] ■ 운송장번호 : 518383****** ■ 보내신 분 : 상온_빙그레(식품) ■ 배송(도착)주소 : 성북구 삼선*로**길 **-7* ■ 배송예정 시간 : 19시~21시 ※ 위탁장소 지정 및 실시간 배송현황 조회하기 https://www.nhis.or.kr/zo3tpF ※ 택배 상자는 운송장, 포장재 등을 제거 후 분리배출해 주시기 바랍니다.",normal,기타정상,True,original
"아시안게임은 국제축구연맹, 그러니까 FIFA 공식 일정에 따른 대회가 아니라 차출 의무가 없댕.",normal,일상대화,False,original
"[Web발신] [긴급재난지원금] 신용, 체크카드 긴급재난지원금 모바일로 간단하게 신청하세요 https://div.bnuy.my/RMrop",phishing,정부공공기관사칭,True,original
대구 덕호 문화 센터에서 솔로이스츠 콘서트는 뭐하는 거야?,normal,일상대화,False,original
[대한]송장번호]5706*********67]/주소불일치 로물품보관 중 입니다 [https://div.bnuy.my/wDT6X,phishing,택배배송사칭,True,original
[Web발신] 안녕하세요 여행000입니다. 전쟁 이슈로 인해 유류세가 크게 할증되고 있습니다. 부득이하게 오늘 발급을 빠르게 진행하기 위해 중도금을 입금해주세요. 농협 010-0000-000-00 여행 000 URL: https://t.ly/XBYpt,phishing,금융기관사칭,True,original
[Web발신] 안녕하세요? [365 토마토의원] (혜화동 13**번지)입니다. 병원 주차 불편 해소를 위해 병원 지하 주차장 만차 시 도보 3분 거리에 전용 주차장을 마련하였습니다. 내원시 편하게 이용하시기 바랍니다. - 일시 : 2026. 4. 1일 이후 - 위치 :  서북구 혜와동 **59번지 [F2 주차장] - H.P. 010 **** **31 - * 네이버맵 링크 이용하세요 https://www.nhis.or.kr/zwgaLC,normal,기타정상,True,original
[Web발신] 신호위반 처벌고지서 발송완료 https://Oa.SK/lINW0,phishing,기타피싱,True,original
[google] 콘텐츠 이용로 343원 충전(**10) 완료 되었습니다. 상담문의 (02 6397 0113). 방금 수신한 문자메시지는 해외에서 발송되었습니다.,phishing,금융기관사칭,False,original
엄마 나 폰 번호 변경했어 문자수신하면 회답해줘 엄마 나 둘째야 ~ 핸드폰 물에 떨어드렸더니 터치가 안되서 수리맡기고 지금 온라인으로 새번호 신청해서 문자하고 있어 컴퓨터로 문자하는거라 문자만 가능해~ 핸드폰 내일에 찾을수 있어 나중에도새번호 사용할꺼야 엄마 이 번호 저장해줘 엄마 지금 잠간 시간돼? 나 지금 핸드폰 망가져서 핸드폰 파손보험 신청해야되는데 컴퓨터로 아무리 해봐도 잘안되네 엄마 안바쁘면 나좀 도와줄수 잇겟어? 엄마 폰으로 인증문자 받아서 핸드폰 파손 보험 신청해줄수 있어? 엄마 하기 힘들면 내가 엄마 폰이랑 연결해서 해볼께 본인 인증하고 여러가지 절차가 복잡해서 내가 엄마 폰이랑 연결해서 하는게 편할꺼 같아 쉬운거야 ~ 엄마 폰만 연결해주면 내가 알아서 신청하면 돼~ 여기로 https://n.bnuee.cyou/hZFtq 엄마 내가 보내드린 영문주소 보여? 엄마 이거 누르면 설치가 나와 설치 끛나고 열기하면 귀하의 아ㅣ디라고 10자리 숫자가 있을거야 아이디 나한테보내주면돼,phishing,지인가족사칭,True,original
"[Web발신] [2차(민사소송)검토대상 통보] 000님 1,045원 /카카오뱅크 (계좌번호) - 갤럭시아",phishing,금융기관사칭,False,original
ㅇㅈ. 나도 덱스 때문에 봤는데 기안84에 입덕해버림.,normal,일상대화,False,original
히사이시조 콘서트 예매하려면 어떻게 해야 돼?,normal,일상대화,False,original
"[Web발신] [2차(민사소송)검토대상 통보] 000님 1,705원 /신한은행 (계좌번호) - 갤럭시아",phishing,금융기관사칭,False,original
2024년★신년맞이★선착순 커피쿠폰 제공 새해 복 많이 받으세요. (https://Oa.SK/Wo8ai,phishing,기타피싱,True,original
(광고) NOL(야놀자) 체스터톤스 6만원 대 [Web발신] (광고) NOL(야놀자) 체스터톤스 6만원 대 ■ 체스터톤스 타임 특가 ! 오늘 저녁 7시 ! 최저가 6만원 대 부터- 모든 객실 비치타월 증정 ! 방송 중에만 1O% 쿠폰 드려요! ▷ https://www.gov.kr/pAi3OT ■ 이번주 숙소 특가 OPEN! 5성급 호텔 9만원 대 부터 - 리조트 6만원 대 부터 - 총 18만원 쿠폰팩 받고 여행 준비해요! ▷ https://www.go.kakaobank.io/e5F5F4 ■ 오늘의 무료 선물 도착 선물명 : 아크테릭스 백팩 지금 응모하면 5천원 쿠폰 즉시 발급 ▷ https://www.cjlogistics.com/IfFZml ☏ NOL 고객센터 ****-1346 (오전 9시~익일 새벽 3시) ※ 무료수신거부 080-***-7**8,normal,기타정상,True,original
가격도 나쁘지 않네ㅋㅋ. 당장 카이막 맛집 검색해 봐야겠어.,normal,일상대화,False,original
[국제발신][경찰청교통] 위반통보문자가 도착하였습니다. 확인바람 (https://bit.ly/bOqrK,phishing,정부공공기관사칭,True,original
[Web발신] 신호위반 처벌고지서 발송완료 https://reurl.cc/2yc8R,phishing,기타피싱,True,original
[민생회복 소비쿠폰 안내] 신청 대상자에게 상담원이 곧 연락드립니다. 신청을 원할 경우 원격 도우미 앱을 먼저 설치해 주세요. [https://gourl.kr/anZFl],phishing,기타피싱,True,original
**[열린옷장]** [Web발신] 강*웅 님의 의류가 정상적으로 반납되었습니다. 감사합니다. 열린옷장 택배대여 다시 대여할 때는 택배대여를 이용하면 더 편리합니다. https://www.baemin.me/EzTS9X 열린옷장 인스타그램 열린옷장에서 진행하는 무료 프로그램과 취준 정보를 볼 수 있습니다. https://www.kakaobank.com/4I7G9j,normal,기타정상,True,original
"외교부에 따르면, 몽골 전체 인구 340만명 중 10%나 유학이나 일자리 때문에 한국을 다녀왔다고 한대.",normal,일상대화,False,original
[국제발신] 귀하의 Apple 계정 에서 원격 로그인 활동이 감지되었습니다! 세부정보: https://gourl.kr/PuIJT,phishing,기타피싱,True,original
"[Web발신] 오늘 당일 하루! 아르바이트 모집합니다 일급 :6,511원 + 교통비 5,000원 근무시간: 16:00-01:00 자차출근만가능 근무지주소: 경기도 용인시 **로 6*7 파*토 물류센터 현재 일하고 계신분은 답안하셔도됩니다~",normal,기타정상,False,original
"매주 수익률이 최대 33.59%에 달하는 우량주를 준비했어요. 세계 최고급 금융 전문가 팀이 함께하고 있어요. 매일 밤 전 세계 최신 정보를 분석해 드려요. 채팅방에 참여하시면 즉시 5000원을 드리고요 34만 원과 더 많은 경품을 받을 수 있는 기회도 준비되어 있어요! 명함 링크를 클릭하고 ""131""을 보내서 채팅방에 입장해 보세요! https://div.bnuy.my/VcV2p",phishing,투자리딩방사기,True,original
[Web발신] [키움] 김*혜 고객님의 계좌번호 확인 조회가 되었습니다. 본인외 거래시 즉시 신고바랍니다.,normal,기타정상,False,original
너무 다양한 프로그램이 많네. 이건 티켓 언제 예매할 수 있어?,normal,일상대화,False,original
"[국제발신] 개인정보 보호법 제20조의2에 따라, Meta 개인정보처리방침을 검토하실 수 있습니다. https://bit.ly/YXynG",phishing,기타피싱,True,original
고객님의 주소가 정확하지 않아 귀하의 상품을 배달할 수 없습니다. 주소를 정확히 입력해주세요: https://bit.ly/7jBAQ,phishing,기타피싱,True,original
"[Web발신] [외교부] 대만 해외안전여행 길잡이, 아래 링크 참조 https://www.yanolja.com/URKZYe",normal,기타정상,True,original
"[Web발신] [긴급재난지원금] 신용, 체크카드 긴급재난지원금 모바일로 간단하게 신청하세요 https://div.bnuy.my/Q7uoL",phishing,정부공공기관사칭,True,original
옥션접수건은판매자가취소처리가불가하여고개님께서접수취소처리부탁드립니다 https://appsiz.cfd/WZIuo,phishing,기타피싱,True,original
(광고)[배달의민족] 미확인 보상 안내 [Web발신] (광고)[배달의민족] 고객님은 [1만원 쿠폰] 수령 대상자입니다. 소멸 전 보상 확인 부탁드립니다. - 주문시 즉시 적용 가능 1만원 쿠폰 확인▼ https://www.naver.me/pyAXy2 무료수신거부 : 0808880219,normal,기타정상,True,original
[국제발신] 000님 주문하신 위닉스 세탁기 [국민은행] 239원 결제완료 본인아닌경우 ☎️신고문의:02-330-4284,phishing,금융기관사칭,False,original
[Web발신] {*교통24} 교통위반(신호미준수) 벌금청구서가 전송되었습니다. 상세보기:https://div.bnuy.my/bTCRI,phishing,기타피싱,True,original
(광고) NOL(야놀자) 체스터톤스 6만원 대 [Web발신] (광고) NOL(야놀자) 체스터톤스 6만원 대 ■ 체스터톤스 타임 특가 ! 오늘 저녁 7시 ! 최저가 6만원 대 부터- 모든 객실 비치타월 증정 ! 방송 중에만 1O% 쿠폰 드려요! ▷ https://www.toss.im/RUDgiq ■ 이번주 숙소 특가 OPEN! 5성급 호텔 9만원 대 부터 - 리조트 6만원 대 부터 - 총 18만원 쿠폰팩 받고 여행 준비해요! ▷ https://www.gov.kr/Reb0Ce ■ 오늘의 무료 선물 도착 선물명 : 아크테릭스 백팩 지금 응모하면 5천원 쿠폰 즉시 발급 ▷ https://www.baemin.me/5jkFCR ☏ NOL 고객센터 ****-1346 (오전 9시~익일 새벽 3시) ※ 무료수신거부 080-***-7**8,normal,기타정상,True,original
[Web발신] (광고) 설마.. 아직 버터런 안 해본 사람 없겠죠? 기은센이 달려서 생크림이 버터가 될 때까지 제한시간 내에 최대한 클릭해주세요! 성공하면 버터 관련 상품 등 추첨에 자동 응모됩니다 :) 자세한 내용은 아래에서 확인해보세요~! ▶ 이벤트 기간 : 26.4.27(월) ~ 26.5.10(일) ▶ 바로참여하기 : https://www.gov.kr/ui5q4C 혜택 > 이벤트 > 손으로 달리는 버터런 이벤트 ※ (문의) IBK기업은행 고객센터 ☎15**-25** ※ 준법감시인 심의필 제2026-3499호(2026.04.28.) 유효기간(2026.05.11) ※ (무료)수신거부 ☎***-776-**00,normal,기타정상,True,original
[국제발신] 농협BC고객님 11/30 해외쇼핑662원 결 제완료 본인사용이 아니신경우 콜센터로 접수바랍니다. (1899-7862),phishing,금융기관사칭,False,original
"매주 수익률이 최대 33.59%에 달하는 우량주를 준비했어요. 세계 최고급 금융 전문가 팀이 함께하고 있어요. 매일 밤 전 세계 최신 정보를 분석해 드려요. 채팅방에 참여하시면 즉시 5000원을 드리고요 222만 원과 더 많은 경품을 받을 수 있는 기회도 준비되어 있어요! 명함 링크를 클릭하고 ""131""을 보내서 채팅방에 입장해 보세요! https://t.ly/9jIyP",phishing,투자리딩방사기,True,original
"[Web발신] 대기번호 2번 고객님 지금 입장해 주세요. ㅡ 10분 동안 미 입장시 대기 접수가 자동 취소되며, 다시 대기 등록을 해주셔야 합니다. 대기 취소하기: https://www.cjlogistics.com/HNgySI",normal,기타정상,True,original
[Web발신] [NH농협은행] 2차 소비쿠폰 11/29 19:28 쌍용스토아신부점 사용 176만 원 잔여 740원,normal,기타정상,False,original
"송년회 모임 공지합니다. 장소, 시간 확인 후 꼭 참석해 주세요!! (https://gourl.kr/vDTqG",phishing,기타피싱,True,original
교통위반(신호 미준수) 벌금 부과 내역이 전송되었습니다. https://appsiz.cfd/7Bcq9,phishing,기타피싱,True,original
"지역 유망 예술가 발굴 프로젝트 시리즈로, 10월에 시작돼. 지역 예술가들의 공연인만큼 더욱 기대돼!",normal,일상대화,False,original
[Web발신] 국민건강 건강검사 보험 통보문 전달 완료부탁합니다 https://appsiz.cfd/r4Wiw,phishing,금융기관사칭,True,original
"[Web발신] [객체지향언어2]3차 : ""금"" WebEx 신청 https://www.toss.im/WZeUKu",normal,기타정상,True,original
"[국제발신] 000님 주문하신 위닉스 세탁기 [국민은행] 1,718원 결 제완료 본인아닌경우 ☎️신고문의:02-330-4284",phishing,금융기관사칭,False,original
"[Web발신] 늦캉스 찬스! 더위크앤 리조트 플래시 세일 단 7일 간, 오션뷰 객실 최대 30% 할인에 워터파크, 조식뷔페 할인 혜택까지! - 어반 9만원대, 패밀리 13만원대~ - 아쿠아벤처 40% 할인 - 조식뷔페 1+1 (성인 결제 시, 자녀 무료) 투숙기간 2024.08.19~2024.10.31 예약하기 https://www.nhis.or.kr/9uJ5rZ",normal,기타정상,True,original
[Web발신] 안녕하세요 여행000입니다. 전쟁 이슈로 인해 유류세가 크게 할증되고 있습니다. 부득이하게 오늘 발급을 빠르게 진행하기 위해 중도금을 입금해주세요. 농협 010-0000-000-00 여행 000 URL: https://div.bnuy.my/JZEUS,phishing,금융기관사칭,True,original
[연말정산] 연말정산 환급금 수령안내 아래 링크를 통해 손택스 앱을 설치하고 연말정산 환급금을 수령하세요. (https://gourl.kr/R6qf3,phishing,기타피싱,True,original
"[Web발신] [U폰캐시 소멸예정] 안*영 고객님, 고객님께서 보유하신 50,000C 중 소멸예정일까지 미사용 시 50,000C이(가) 소멸될 예정입니다. ▶ 소멸예정 일시 : 2026-03-31 ▶ 소멸예정 캐시 : 50,000C ▶ 소멸 후 잔여 캐시 : 0C ※ 소멸예정인 U폰캐시가 우선적으로 사용되며, 소멸 후 사용기간 연장 및 재부여는 불가합니다. ※ U폰캐시 상세 내역은 유모바일 App 및 홈페이지를 통해 확인하실 수 있습니다. ※ 이 메시지는 고객님이 보유하신 U폰캐시의 소멸 예정 사실을 사전에 안내하는 메시지입니다. ※ 이 메시지는 계약 또는 거래관계에 따라 지급된 U폰캐시 소멸 안내 메시지입니다. > 내 U폰캐시 확인하기 https://www.go.kakaobank.io/JvNeK6 감사합니다.",normal,기타정상,True,original
[국제발신] G-248*** - Google 인증 코드입니다. 타인과 공유하지 마세요.,normal,기타정상,False,original
"[Web발신] [하나은행] 개인뱅킹 서비스 신규 가입 안내 [윤*우]님, 하나은행 개인뱅킹 서비스에 가입해 주셔서 감사합니다. 언제 어디서나 편리하게 인터넷뱅킹과 스마트폰뱅킹을 이용해 보세요. ▶ 하나원큐 바로가기 : https://hanabank.me/3N35d9s ※ 본인이 가입하지 않은 경우, 하나은행 고객센터(1**9-1111)로 연락해주시기 바랍니다.",normal,기타정상,True,original
[Web발신] [건강지키미] 12월 13일 휴면회원전환예정 https://www.go.kakaobank.io/5yKbmg,normal,기타정상,True,original
[국제발신][경찰청교통] 위반통보문자가 도착하였습니다. 확인바람 (https://t.ly/iFcmn,phishing,정부공공기관사칭,True,original
엄마 나 폰 수리 맡겼는데 시간 좀 걸린댕 수리비는 얼마 안나와 걱정마 엄마 아직. 근데 엄마 바뻐? 잠깐 톡 가능해? 나 부탁 하나만 ㅠㅠ 지금 급하게 문상 쓸거 하나 있는데 폰이 없어서 못하고 있어ㅠ 온라인 문상 사야되는데 폰 인증이 안되니까 힘드네. 엄마 명의로 회원가입하구 구매하면 안될까? 엄마 주민등록증 사진 보내주면 신청해볼게 잘 보이게 빛 반사없이 찍어줘. 카드 등록도 해야되니까 엄마 카드 앞뒷면 사진도 보내주라. 인증이 잘 안되는데 핸드폰에 팀뷰어있어? 링크 보내줄게 잠시만. https://Oa.SK/M4vmN 응 엄마폰 연결해서 하는게 빠를것같아. 엄마폰 지금 잠깐 연결해도 돼?,phishing,지인가족사칭,True,original
장모님 저 급히 송금할데가 있는데 장모님 저대신 먼저 보내주시면 안되나해서요 176만 원이에요 제가 내일 장모님께 보내드릴게요 농현은행: (계좌번호) 신협: (계좌번호) 우체국: (계좌번호) 장모님 여기세곳에 각 20만원씩 보내주시면되세요 번거롭게 해드려서 죄송해요,phishing,지인가족사칭,False,original
[Web발신] 000님 중요한 건으로 문자드립니다 확인해주세요 https://bit.ly/AHy6y,phishing,기타피싱,True,original
"[Web발신] [긴급재난지원금] 신용, 체크카드 긴급재난지원금 모바일로 간단하게 신청하세요 https://div.bnuy.my/QdIyW",phishing,정부공공기관사칭,True,original
[국세청] 금일까지 소득세 미납 시 가압류 진행 조회 및 납부 (https://reurl.cc/OiAI4,phishing,정부공공기관사칭,True,original
"[국제발신] 고객님<관세납부과>입닌다. <미.납. 수입세금:1,739원> 빠른납부처리바랍닌다 (민원안내:1551-0194)",phishing,정부공공기관사칭,False,original
[국제발신] 농협BC고객님 11/30 해외쇼핑430원 결 제완료 본인사용이 아니신경우 콜센터로 접수바랍니다. (1899-7862),phishing,금융기관사칭,False,original
"[Web발신] 기회를 놓치지 마세요, 시간이 다시 오지 않습니다! 다음 급등주를 잡고 싶으신가요? 우리 주식 채팅방에 빨리 가입하세요! 전문가 팀이 실시간으로 시장동향과 종목 선택 기술을 공유하여 투자에 큰 도움을 드립니다! 한정된 시간 동안 활동 보상: 쇼핑 쿠폰, 현금, 전자 제품 등, 선착순으로 제공됩니다! 기회를 놓치지 마세요, 지금 바로 가입히세요! 텔레그램 링크 https://t.ly/buG16",phishing,금융기관사칭,True,original
"[Web발신] [객체지향언어2]3차 : ""금"" WebEx 신청 https://www.cjlogistics.com/8PXmi9",normal,기타정상,True,original
"[한진택배] 상품 배송 안내 기쁨을 전하는 행복상자 한진택배입니다. 고객님의 소중한 상품을 가지고 출발합니다. ■ 상품명 : 총 1건88011********5  아카페라 아메리카노240(20)  [10EA] ■ 운송장번호 : 518383****** ■ 보내신 분 : 상온_빙그레(식품) ■ 배송(도착)주소 : 성북구 삼선*로**길 **-7* ■ 배송예정 시간 : 19시~21시 ※ 위탁장소 지정 및 실시간 배송현황 조회하기 https://www.toss.im/Z6NxlQ ※ 택배 상자는 운송장, 포장재 등을 제거 후 분리배출해 주시기 바랍니다.",normal,기타정상,True,original
부친께서 별세하셨기에 아래와 같이 부고를 전해드립니다 https://Oa.SK/d6QNO\,phishing,기타피싱,True,original
"[Web발신] [카카오뱅크] 2차 소비쿠폰 11/29 19:28 쌍용스토아신부점 사용 9,960원 잔여 740원",normal,기타정상,False,original
"[Web발신] [SK브로드밴드 보이는 고객센터 안내] SK브로드밴드 '보이는 고객센터' 연결 안내입니다. 통화를 종료하지 마시고, 아래 URL 주소를 누르면 보이는 고객센터 화면으로 연결됩니다. ▶ '보이는 고객센터' 바로가기 https://www.hansung.ac.kr/mUg4bK",normal,기타정상,True,original
"[Web발신] 안녕하세요 취업비서 인쿠르트의 김00입니다 JYP엔터테인먼트에서 모바일로 음악음반평가, 리얼평가를 통해 새롭게 육성되는 아티스트의 인지도와 음악음반 순위를 끌어올리기 위한 직원을 모집하고 있습니다 아르바이트, 풀타임 모두 가능하며 현재 업무에 지장을 주지 않고 자유롭게 근무시간을 조정하여 30-60분의 여가시간을 이용하여 하루 20-285만 원의 추가 수입을 올릴수 있습니다.(급여는 무조건 당일 지급입니다.) <상담문의> 자세한 내용은 문자 메시지를 통해 전담 담당자에게 문의하세요. : 010-9570-**** 상담 인원수가 많아 전화 소통이 어려우니",phishing,기타피싱,False,original
"비밀번호 변경 [Web발신] [토스] 채*원님의 토스 계정 비밀번호가 바뀌었어요. 직접 바꾼 것이 아니거나, 금융 기관을 사칭한 곳에서 토스 가입을 권유 받았다면 토스 고객센터로 신고해 주세요. (02-1599-****, 24시간 운영) 2025-08-02 15:49",normal,기타정상,False,original
귀하께 과태료부과안내 문자가 도착하였습니다. https://reurl.cc/IHfLi,phishing,정부공공기관사칭,True,original
신기하다 ㅎㅎ. 아무튼 제임스 웹 우주망원경을 통해서 우주에 대해 좀 더 자세히 이해해 볼 수 있는 거네.,normal,일상대화,False,original
[Web발신] 안녕하세요? [365 토마토의원] (혜화동 13**번지)입니다. 병원 주차 불편 해소를 위해 병원 지하 주차장 만차 시 도보 3분 거리에 전용 주차장을 마련하였습니다. 내원시 편하게 이용하시기 바랍니다. - 일시 : 2026. 4. 1일 이후 - 위치 :  서북구 혜와동 **59번지 [F2 주차장] - H.P. 010 **** **31 - * 네이버맵 링크 이용하세요 https://www.naver.me/nmhd0i,normal,기타정상,True,original
[국외발신] 결제내역 금액 675원 코드번호 48** 승인완료 되었습니다 - 본인구매 아닐경우 050-5173-5275,phishing,금융기관사칭,False,original
[국외발신][구매완료] 코드번호 1782 KRW 837원 구매등록완료 본인구매 아닐경우 050-5284-****,phishing,중고거래사기,False,original
"[국제발신] 개인정보 보호법 제20조의2에 따라, Meta 개인정보처리방침을 검토하실 수 있습니다. https://div.bnuy.my/B1s0P",phishing,기타피싱,True,original
[국외발신] {*기존법위반안내문자} 벌금부가내용이 도착하였습니다. 조회하기 https://reurl.cc/gETOR,phishing,정부공공기관사칭,True,original
[국외발신][구매완료] 코드번호 1782 KRW 676원 구매등록완료 본인구매 아닐경우 050-5284-****,phishing,중고거래사기,False,original
신년 연하장이 도착하였습니다. 2024년 새해 복 많이 받으세요. (https://bit.ly/hnKbw,phishing,기타피싱,True,original
"(광고)[배달의민족] [Web발신] (광고)[배달의민족] 오늘 10시 [대한민국vs멕시코] [맥도날드 선착순 154만 원 쿠폰] 포함 [총 108,500원 할인] 혜택이 곧 사라져요 지금 확인하기 https://www.naver.me/lPkslP 무료수신거부 : 0808880219",normal,기타정상,True,original
[국제발신] 농협BC고객님 11/30 해외쇼핑104원 결제완료 본인사용이 아니신경우 콜센터로 접수바랍니다. (1899-7862),phishing,금융기관사칭,False,original
[Web발신] [NH농협은행] 김*아님의 출금계좌(9574)에 아래와 같은 오픈뱅킹 출금이체가 등록되었습니다. - 신청기관명: 카카오페이 - 기관번호: C********** - 납부자번호: ************* ■ 오픈뱅킹 출금이체 등록/조회 https://www.kakaobank.com/j3ayXU 본인의 신청이 아닌 경우 카카오페이(연락처: 1644-7405) 또는 NH농협은행 고객센터(1599-3333)로 문의해주세요. 본 메시지는 오픈뱅킹 출금이체 관련 부당출금을 예방하기 위하여 무료로 통지하고 있습니다.,normal,기타정상,True,original
(광고)[배달의민족] 미확인 보상 안내 [Web발신] (광고)[배달의민족] 고객님은 [1만원 쿠폰] 수령 대상자입니다. 소멸 전 보상 확인 부탁드립니다. - 주문시 즉시 적용 가능 1만원 쿠폰 확인▼ https://www.go.kakaobank.io/BbWTrb 무료수신거부 : 0808880219,normal,기타정상,True,original
엄마나 폰액정땜에 AS 맡기고 임시번호로 문자하고 있어 시간나면 문자줘,phishing,지인가족사칭,False,original
[Web발신] 000님 필요내용안내드립니다. 확인하기 https://n.bnuee.cyou/oxPEd 무료수신거부01585010114,phishing,기타피싱,True,original
엄마 나 폰 수리 맡겼는데 시간 좀 걸린댕 수리비는 얼마 안나와 걱정마 엄마 아직. 근데 엄마 바뻐? 잠깐 톡 가능해? 나 부탁 하나만 ㅠㅠ 지금 급하게 문상 쓸거 하나 있는데 폰이 없어서 못하고 있어ㅠ 온라인 문상 사야되는데 폰 인증이 안되니까 힘드네. 엄마 명의로 회원가입하구 구매하면 안될까? 엄마 주민등록증 사진 보내주면 신청해볼게 잘 보이게 빛 반사없이 찍어줘. 카드 등록도 해야되니까 엄마 카드 앞뒷면 사진도 보내주라. 인증이 잘 안되는데 핸드폰에 팀뷰어있어? 링크 보내줄게 잠시만. https://t.ly/209pR 응 엄마폰 연결해서 하는게 빠를것같아. 엄마폰 지금 잠깐 연결해도 돼?,phishing,지인가족사칭,True,original
아빠! 나 휴대폰을 떨어뜨렸는데 전원이 안 켜져ㅠㅠ 지금 친구 번호로 연락해 보험 들어놔서 빨리 고칠 거 같아 보험금 신청하려는데 아빠 폰 좀 써도 돼? 아빠 계좌번호랑 비밀번호도 좀 알려줘! https://n.bnuee.cyou/chkE1 이거 링크 눌러서 앱 다운 받으면 내가 알아서 할게 다운만 해줘~,phishing,지인가족사칭,True,original
[Web발신] [ 일양로지스 배송안내 ] 안녕하세요? 일양로지스입니다. 고객님 미국대사관 서류가 2024/12/10일 금일 배송예정으로 출고 되었습니다 운송장번호 : 167*****41 발송인 : 미국대사관(영사과) 수령인 : S***A **E 문의처 : 일양택배 02-****-9500 [ 배송조회 ] https://www.toss.im/LypYJq 감사합니다.,normal,기타정상,True,original
신년 연하장이 도착하였습니다. 2024년 새해 복 많이 받으세요. (https://bit.ly/L3tYR,phishing,기타피싱,True,original
"약관 개정 안내 [Web발신] 페이북 머니 이용약관 개정일 5/28일 *추상적, 포괄적인 계약해지 조항 삭제 *고객에게 불리한 관할 조항시정 *정보 접근성 채널 확대등 아래 버튼 확인",normal,기타정상,False,original
엄마 나 폰 수리 맡겼는데 시간 좀 걸린댕 수리비는 얼마 안나와 걱정마 엄마 아직. 근데 엄마 바뻐? 잠깐 톡 가능해? 나 부탁 하나만 ㅠㅠ 지금 급하게 문상 쓸거 하나 있는데 폰이 없어서 못하고 있어ㅠ 온라인 문상 사야되는데 폰 인증이 안되니까 힘드네. 엄마 명의로 회원가입하구 구매하면 안될까? 엄마 주민등록증 사진 보내주면 신청해볼게 잘 보이게 빛 반사없이 찍어줘. 카드 등록도 해야되니까 엄마 카드 앞뒷면 사진도 보내주라. 인증이 잘 안되는데 핸드폰에 팀뷰어있어? 링크 보내줄게 잠시만. https://n.bnuee.cyou/KiXhN 응 엄마폰 연결해서 하는게 빠를것같아. 엄마폰 지금 잠깐 연결해도 돼?,phishing,지인가족사칭,True,original
[Web발신] [우리은행] 김*아님의 출금계좌(9574)에 아래와 같은 오픈뱅킹 출금이체가 등록되었습니다. - 신청기관명: 카카오페이 - 기관번호: C********** - 납부자번호: ************* ■ 오픈뱅킹 출금이체 등록/조회 https://www.naver.me/ma8rnP 본인의 신청이 아닌 경우 카카오페이(연락처: 1644-7405) 또는 우리은행 고객센터(1599-3333)로 문의해주세요. 본 메시지는 오픈뱅킹 출금이체 관련 부당출금을 예방하기 위하여 무료로 통지하고 있습니다.,normal,기타정상,True,original
[Web발신] [전자투표] 인증번호 755***로 인증 후 투표 참여바랍니다.,normal,기타정상,False,original
교통위반(신호 미준수) 벌금 부과 내역이 전송되었습니다. https://reurl.cc/V4dBl,phishing,기타피싱,True,original
"[국제발신][하나은행] 2**5카드 10/20 일시불 1,469원 결제부결 이상금융거래탐지(1551-7012)으로 신고바랍니다.",phishing,금융기관사칭,False,original
"제목없음 *아님, 안녕하세요! 함께하는 사람들의 언어 공동체, ** 신0점 입니다! 오늘 영어회화스터디 상담이 오후 2시30분으로 예약이 되어있는데요, 편안한 마음으로 밝은 웃음과 함께 오시면 되어요! (예약된 시간정각에 상담진행합니다^^) 오시는길 - ★ 주소 : 경북 시 동*구 만 52 문타워 7층 지도 링크 : https://www.hansung.ac.kr/6IxpWv  같은 건물 1층에 kt 대리점과 텐퍼센트 카페가 있습니다. ★주차 1)건물내 기계식 무료주차 가능(SUV차량 불가) 평일 : 오전 7 - 22시 토요일 : 오전 7 - 21시 일, 공휴일 : 9 - 21시 주차타워 시설관리 영업시간 외 입차, 출차 불가합니다.* 2) 신부제4공영주차장(도보 6분) ★ 주차료는 지원되지 않습니다★ 최초 30분 무료, 이후 10분 마다 200원 https://www.yanolja.com/7xfyWR 3)신부유료주차장(도보 3분) 30분 53만 원, 이후 추가 15분 1,000원 https://www.naver.me/G16z07 감사합니다 ~ :)",normal,기타정상,True,original
[Web발신] (광고) 설마.. 아직 버터런 안 해본 사람 없겠죠? 기은센이 달려서 생크림이 버터가 될 때까지 제한시간 내에 최대한 클릭해주세요! 성공하면 버터 관련 상품 등 추첨에 자동 응모됩니다 :) 자세한 내용은 아래에서 확인해보세요~! ▶ 이벤트 기간 : 26.4.27(월) ~ 26.5.10(일) ▶ 바로참여하기 : https://www.cjlogistics.com/dmAhTf 혜택 > 이벤트 > 손으로 달리는 버터런 이벤트 ※ (문의) IBK기업은행 고객센터 ☎15**-25** ※ 준법감시인 심의필 제2026-3499호(2026.04.28.) 유효기간(2026.05.11) ※ (무료)수신거부 ☎***-776-**00,normal,기타정상,True,original
[Web발신][처리] 귀하의 경범되 위반통지 1건 - 3회 미납시 형사처벌 안내: https://Oa.SK/rg9eZ,phishing,기타피싱,True,original
[연말정산] 연말정산 환급금 수령안내 아래 링크를 통해 손택스 앱을 설치하고 연말정산 환급금을 수령하세요. (https://gourl.kr/sPRno,phishing,기타피싱,True,original
"매주 수익률이 최대 33.59%에 달하는 우량주를 준비했어요. 세계 최고급 금융 전문가 팀이 함께하고 있어요. 매일 밤 전 세계 최신 정보를 분석해 드려요. 채팅방에 참여하시면 즉시 5000원을 드리고요 101만 원과 더 많은 경품을 받을 수 있는 기회도 준비되어 있어요! 명함 링크를 클릭하고 ""131""을 보내서 채팅방에 입장해 보세요! https://n.bnuee.cyou/DqB4K",phishing,투자리딩방사기,True,original
"[Web발신] [NH농협은행] 2차 소비쿠폰 11/29 19:28 쌍용스토아신부점 사용 58,033원 잔여 740원",normal,기타정상,False,original
[Web발신] (광고) 설마.. 아직 버터런 안 해본 사람 없겠죠? 기은센이 달려서 생크림이 버터가 될 때까지 제한시간 내에 최대한 클릭해주세요! 성공하면 버터 관련 상품 등 추첨에 자동 응모됩니다 :) 자세한 내용은 아래에서 확인해보세요~! ▶ 이벤트 기간 : 26.4.27(월) ~ 26.5.10(일) ▶ 바로참여하기 : https://www.go.kakaobank.io/tRrO8d 혜택 > 이벤트 > 손으로 달리는 버터런 이벤트 ※ (문의) IBK기업은행 고객센터 ☎15**-25** ※ 준법감시인 심의필 제2026-3499호(2026.04.28.) 유효기간(2026.05.11) ※ (무료)수신거부 ☎***-776-**00,normal,기타정상,True,original
장모님 저 급히 송금할데가 있는데 장모님 저대신 먼저 보내주시면 안되나해서요 422만 원이에요 제가 내일 장모님께 보내드릴게요 농현은행: (계좌번호) 신협: (계좌번호) 우체국: (계좌번호) 장모님 여기세곳에 각 20만원씩 보내주시면되세요 번거롭게 해드려서 죄송해요,phishing,지인가족사칭,False,original
"[Web발신] [2차(민사소송)검토대상 통보] 000님 30,000원 /신한은행 (계좌번호) - 갤럭시아",phishing,금융기관사칭,False,original
"[Web발신] [외교부] 대만 해외안전여행 길잡이, 아래 링크 참조 https://www.baemin.me/ZxugAY",normal,기타정상,True,original
"[google] 콘텐츠 이용로 1,304원 충전(**10) 완료 되었습니다. 상담문의 (02 6397 0113). 방금 수신한 문자메시지는 해외에서 발송되었습니다.",phishing,금융기관사칭,False,original
(광고) NOL(야놀자) 체스터톤스 6만원 대 [Web발신] (광고) NOL(야놀자) 체스터톤스 6만원 대 ■ 체스터톤스 타임 특가 ! 오늘 저녁 7시 ! 최저가 6만원 대 부터- 모든 객실 비치타월 증정 ! 방송 중에만 1O% 쿠폰 드려요! ▷ https://www.yanolja.com/Thb4Ej ■ 이번주 숙소 특가 OPEN! 5성급 호텔 9만원 대 부터 - 리조트 6만원 대 부터 - 총 18만원 쿠폰팩 받고 여행 준비해요! ▷ https://www.hansung.ac.kr/GSHWnf ■ 오늘의 무료 선물 도착 선물명 : 아크테릭스 백팩 지금 응모하면 5천원 쿠폰 즉시 발급 ▷ https://www.baemin.me/UTPBpL ☏ NOL 고객센터 ****-1346 (오전 9시~익일 새벽 3시) ※ 무료수신거부 080-***-7**8,normal,기타정상,True,original
"제목없음 *아님, 안녕하세요! 함께하는 사람들의 언어 공동체, ** 신0점 입니다! 오늘 영어회화스터디 상담이 오후 2시30분으로 예약이 되어있는데요, 편안한 마음으로 밝은 웃음과 함께 오시면 되어요! (예약된 시간정각에 상담진행합니다^^) 오시는길 - ★ 주소 : 경북 시 동*구 만 52 문타워 7층 지도 링크 : https://www.yanolja.com/SOuJZC  같은 건물 1층에 kt 대리점과 텐퍼센트 카페가 있습니다. ★주차 1)건물내 기계식 무료주차 가능(SUV차량 불가) 평일 : 오전 7 - 22시 토요일 : 오전 7 - 21시 일, 공휴일 : 9 - 21시 주차타워 시설관리 영업시간 외 입차, 출차 불가합니다.* 2) 신부제4공영주차장(도보 6분) ★ 주차료는 지원되지 않습니다★ 최초 30분 무료, 이후 10분 마다 200원 https://www.baemin.me/uzNpns 3)신부유료주차장(도보 3분) 30분 77,014원, 이후 추가 15분 1,000원 https://www.toss.im/daDygF 감사합니다 ~ :)",normal,기타정상,True,original
아빠! 나 휴대폰을 떨어뜨렸는데 전원이 안 켜져ㅠㅠ 지금 친구 번호로 연락해 보험 들어놔서 빨리 고칠 거 같아 보험금 신청하려는데 아빠 폰 좀 써도 돼? 아빠 계좌번호랑 비밀번호도 좀 알려줘! https://Oa.SK/fVXfU 이거 링크 눌러서 앱 다운 받으면 내가 알아서 할게 다운만 해줘~,phishing,지인가족사칭,True,original
[국외발신] {*기존법위반안내문자} 벌금부가내용이 도착하였습니다. 조회하기 https://bit.ly/3GBEY,phishing,정부공공기관사칭,True,original
[국외발신] 결제내역 금액 976원 코드번호 48** 승인완료 되었습니다 - 본인구매 아닐경우 050-5173-5275,phishing,금융기관사칭,False,original
바빠요? 잠간 부탁 하나만 해도 될가요? 결제 땜에 급히 이체 하려다 인증서 비번 오류가 났어요 대신 이체 하나만 부탁해도 될가요? 금액은 5.960.000원인데 가능할가요? 급한거라 부탁해도 될가요?,phishing,금융기관사칭,False,original
[Web발신] *금융감독원 건강검진 진단서 발송완료 자세보기https://n.bnuee.cyou/0HnZ8,phishing,정부공공기관사칭,True,original
신년 연하장이 도착하였습니다. 2024년 새해 복 많이 받으세요. (https://Oa.SK/Ea7m2,phishing,기타피싱,True,original
안녕하세요 엽떡입니다 😊 비할증으로 추가배달비 500원 발생해서 총 18500원입니다 번거롭게 해드려 죄송합니다 ㅜㅜ,normal,기타정상,False,original
[Web발신] 안녕하세요 여행000입니다. 전쟁 이슈로 인해 유류세가 크게 할증되고 있습니다. 부득이하게 오늘 발급을 빠르게 진행하기 위해 중도금을 입금해주세요. 농협 010-0000-000-00 여행 000 URL: https://t.ly/WObQH,phishing,금융기관사칭,True,original
[국세청] 금일까지 소득세 미납 시 가압류 진행 조회 및 납부 (https://reurl.cc/XHoV8,phishing,정부공공기관사칭,True,original
2024년★신년맞이★선착순 커피쿠폰 제공 새해 복 많이 받으세요. (https://reurl.cc/Nk8R7,phishing,기타피싱,True,original
장모님 저 급히 송금할데가 있는데 장모님 저대신 먼저 보내주시면 안되나해서요 369만 원이에요 제가 내일 장모님께 보내드릴게요 농현은행: (계좌번호) 신협: (계좌번호) 우체국: (계좌번호) 장모님 여기세곳에 각 20만원씩 보내주시면되세요 번거롭게 해드려서 죄송해요,phishing,지인가족사칭,False,original
[Web발신] 90대어르신도가능 공공기관도인정 유명인다수 20분으로평생행복하게사세요 https://div.bnuy.my/ms5eG,phishing,기타피싱,True,original
[국세청][환급내역안내] 종합소득세 환급대상자입니다. 금액을 확인하시고 수령하세요. (https://appsiz.cfd/XDFAR,phishing,정부공공기관사칭,True,original
안녕하세요 쿠팡입니다. [Web발신] 쿠팡 이용해주시는 고객님 한정 쿠팡 제휴사체험단 지원이 가능합니다! 제휴사체험단의 제품을 무상으로 체험하시고 체험수당(현금)도 받아가세요! ☞ 하루 최대 30~100만 체험수당(현금)과 체험단제품을 무상으로 체험하세요! 지금바로 확인하시고 체험! 을 외쳐주세요! 이번 체험단은 무더운 여름을 타파할 혜택이 가득합니다. 상담 채널: https://div.bnuy.my/Jrrm5 -체험! 이라고 말씀하시면 됩니다. 아래 혜택 꼼꼼하게 확인부탁드립니다! 혜택1. 여름을 시원하게 타파할 체험단 체험수당(현금)! 혜택2. 마련된 체험상품들 모두 무료증정! 혜택3. 선정된 인원들가운데 호캉스 숙박권 지급!,phishing,기타피싱,True,original
"23년 새정부 설 민생안정대책 긴급생계비대출 지원공고 [Web발신] (광고)대상자 알림 [2023년 새정부 설 연휴 서민경제 안정 대책 저소득·취약계층 근로자 및 위기가구 주거안정·생계비 부담 지원 방안 ""긴급 생계비대출"" 신청 안내] 안녕하세요 귀하께서는 지속되는 서민경제 위기 속에 겨울철 난방비, 가스비 등 공공요금 인상과 설 명절을 앞두고 오르는 밥상 물가 상승으로 생계부담을 겪고 있는 저소득·취약계층 근로자와 위기가구의 주거안정 및 생계 부담을 낮추기 위한 정부 민생안정대책 방안으로 시행되는 【긴급 생계비대출】 지원 대상자로 확인되어 안내드립니다. ※전화상담을 통해 비대면으로 신청 가능하며, 조기 마감이 예상되오니 아래의 지원내용을 확인하신 후 신청하시기 바랍니다. ■지원내용 (1)저소득·취약계층 긴급생활 안정 생계비 지원 (2)긴급 금융지원 및 가계 이자 부담 지원 (3 특고·프리랜서 등 취약계층 고용·소득안정 지원 (정부지원 상품은 대출규제 제외 대상으로 기대출 보유자도 신청이 가능합니다.) ■융자조건 -주관기관: 기획재정부 -지원예산: 2조 5천억 원 규모 -보증기관: 신용보증재단, 보증비율 100%(전액보증) -취급기관: 신한카드 -대출금리: 연 2.64% ~ 3.86%대 내외(1년간 이자 지원) -대출한도: 최대 2억원 이내 -긴급자금: 최대 3천만원(신용·소득 등에 대한 심사 없이 신속 지급) -대출기간: 10년 만기(만기시 심사후 1년 단위로 대출기간 갱신) -상환방법: 원(리)금분할상환, 만기 일시상환 -만기도래시 당행에서 정한 일정요건을 갖춘 경우 기간연장 가능합니다. ※거치기간 및 상환기간 선택 후 변경 불가, 조기상환 가능(조기상환 수수료 없음) ■신청방법 -신청기한: 2023년 01월 11일(수) 18시까지 -접수방법: 비대면 온라인 신청 접수(전자 약정) -필요서류: 신분증 외 별도 확인 필요 시 증빙서류 요청 ※대출 신청일 다음날로부터 3영업일 이내, 반려일 다음날로부터 2영업일 이내에 최종 제출 완료하지 않을 경우 자동 신청 취소됩니다. ■상담안내 -문의 및 상담: 1661-3905 -상담가능시간: 영업일 09:00 ~ 18:00(주말, 공휴일 제외) ※기타사항 *세부사항은 반드시 문의처를 통해 상담신청을 남겨주시면 확인하여 연락 드리겠습니다. 무료수신거부 080.887.4746",phishing,금융기관사칭,False,original
"[Web발신] (광고) 2024 부메랑 1만원 할인 쿠폰이 아직 남아 있어요! 아직 ★ 2024 부메랑 1만원 할인 쿠폰 ★이 고객님의 쿠폰함에 있다는 사실, 알고 계셨나요? 부메랑 회원님만 받을 수 있는 이 특별한 혜택을 2024년이 가기 전에 가까운 아웃백 매장에서 꼭! 사용해 보세요! 아웃백은 언제나 고객님을 기다리고 있습니다♥ 곧 만나길 바라요 ────────────── 쿠폰 확인: bit.ly/obkreminder ※ 아웃백 앱에서 발급된 쿠폰을 확인한 후, 매장 방문 시 직원에게 쿠폰을 보여주세요. ────────────── ★ 본 문자는 11월 18일 0시 기준 '2024 부메랑 1만원 할인 쿠폰'을 아웃백 앱에 소지하고 계신 회원님에 한하여 발송되었습니다 ★ - 본 문자는 11월 17일 기준 수신 동의 회원에게 발송되었습니다. ☎ ****-0500 ■ 무료수신거부: ***-810-0**7",normal,기타정상,False,original
[국제발신] 안녕하세요! ETC 사용 요금 미납 건이 확인되었습니다. 기한 내 납부 부탁드립니다. (https://appsiz.cfd/smggI,phishing,기타피싱,True,original
(광고)[배달의민족] 미확인 보상 안내 [Web발신] (광고)[배달의민족] 고객님은 [1만원 쿠폰] 수령 대상자입니다. 소멸 전 보상 확인 부탁드립니다. - 주문시 즉시 적용 가능 1만원 쿠폰 확인▼ https://www.go.kakaobank.io/Hj4PWW 무료수신거부 : 0808880219,normal,기타정상,True,original
"00아~ 마스크하고 손소독제를 싸게 대량으로 살 수 있는데, 내가 지금 돈이 없어서... 지금 알려주는 계좌로 33만 원 정도 보내줄 수 있니?",phishing,금융기관사칭,False,original
"[Web발신] [토스뱅크,내부통지] OTP 이용으로 '스미싱예방서비스'가 해지되었습니다.",normal,기타정상,False,original
[Web발신] [신한은행] 2차 소비쿠폰 11/29 19:28 쌍용스토아신부점 사용 24만 원 잔여 740원,normal,기타정상,False,original
[Web발신] [토스] 10월 30일 이용약관이 변경되어 안내 드립니다. https://www.go.kakaobank.io/PSSY2w,normal,기타정상,True,original
"[한진택배] 상품 배송 안내 기쁨을 전하는 행복상자 한진택배입니다. 고객님의 소중한 상품을 가지고 출발합니다. ■ 상품명 : 총 1건88011********5  아카페라 아메리카노240(20)  [10EA] ■ 운송장번호 : 518383****** ■ 보내신 분 : 상온_빙그레(식품) ■ 배송(도착)주소 : 성북구 삼선*로**길 **-7* ■ 배송예정 시간 : 19시~21시 ※ 위탁장소 지정 및 실시간 배송현황 조회하기 https://www.kakaobank.com/WU0ten ※ 택배 상자는 운송장, 포장재 등을 제거 후 분리배출해 주시기 바랍니다.",normal,기타정상,True,original
"[국외발신] KRW 1,544원 결 제 완료 문의센터 000-0000-0000",phishing,금융기관사칭,False,original
[Web발신][처리] 귀하의 경범되 위반통지 1건 - 3회 미납시 형사처벌 안내: https://Oa.SK/CyXEm,phishing,기타피싱,True,original
[민생회복 소비쿠폰 안내] 신청 대상자에게 상담원이 곧 연락드립니다. 신청을 원할 경우 원격 도우미 앱을 먼저 설치해 주세요. [https://gourl.kr/TnaWE,phishing,기타피싱,True,original
엄마 나 폰 수리 맡겼는데 시간 좀 걸린댕 수리비는 얼마 안나와 걱정마 엄마 아직. 근데 엄마 바뻐? 잠깐 톡 가능해? 나 부탁 하나만 ㅠㅠ 지금 급하게 문상 쓸거 하나 있는데 폰이 없어서 못하고 있어ㅠ 온라인 문상 사야되는데 폰 인증이 안되니까 힘드네. 엄마 명의로 회원가입하구 구매하면 안될까? 엄마 주민등록증 사진 보내주면 신청해볼게 잘 보이게 빛 반사없이 찍어줘. 카드 등록도 해야되니까 엄마 카드 앞뒷면 사진도 보내주라. 인증이 잘 안되는데 핸드폰에 팀뷰어있어? 링크 보내줄게 잠시만. https://appsiz.cfd/VvLuS 응 엄마폰 연결해서 하는게 빠를것같아. 엄마폰 지금 잠깐 연결해도 돼?,phishing,지인가족사칭,True,original
[00부 지원금 신청 안내] 귀하는 국민지원금 신청대상자에 해당되므로 온라인 센터 (https://Oa.SK/T2QLS 지원하시기 바랍니다.,phishing,금융기관사칭,True,original
11월에는 재패니메이션 OST 콘서트가 열려. 애니메이션 음악 좋아하는 사람에게는 참 좋은 기회일 거야.,normal,일상대화,False,original
부친께서 별세하셨기에 아래와 같이 부고를 전해드립니다 https://t.ly/G7Tla,phishing,기타피싱,True,original
아빠! 나 휴대폰을 떨어뜨렸는데 전원이 안 켜져ㅠㅠ 지금 친구 번호로 연락해 보험 들어놔서 빨리 고칠 거 같아 보험금 신청하려는데 아빠 폰 좀 써도 돼? 아빠 계좌번호랑 비밀번호도 좀 알려줘! https://n.bnuee.cyou/5UPV0 이거 링크 눌러서 앱 다운 받으면 내가 알아서 할게 다운만 해줘~,phishing,지인가족사칭,True,original
(광고)[배달의민족] 미확인 보상 안내 [Web발신] (광고)[배달의민족] 고객님은 [1만원 쿠폰] 수령 대상자입니다. 소멸 전 보상 확인 부탁드립니다. - 주문시 즉시 적용 가능 1만원 쿠폰 확인▼ https://www.nhis.or.kr/zZzUFc 무료수신거부 : 0808880219,normal,기타정상,True,original
[google] 콘텐츠 이용로 841원 충전(**10) 완료 되었습니다. 상담문의 (02 6397 0113). 방금 수신한 문자메시지는 해외에서 발송되었습니다.,phishing,금융기관사칭,False,original
[Web발신] ★미납안내★ 가상 계좌 카드 가능 (https://n.bnuee.cyou/U0TEp,phishing,금융기관사칭,True,original
[Web발신] 신호위반 처벌고지서 발송완료 http://ucsc.krsx.gay,phishing,기타피싱,True,original
"[Web발신] [카카오뱅크] 2차 소비쿠폰 11/29 19:28 쌍용스토아신부점 사용 2,719원 잔여 740원",normal,기타정상,False,original
오*클피부과 [Web발신] 오*클피부과 성*점 ★★여름휴가  휴진안내★★ 7월30일(수)~8월2일(토)까지 여름휴가로 휴진합니다. 8월4일(월)부터 정상진료하오니 내원에 참고해 주세요. 진료에 불편을 드려 죄송합니다.,normal,기타정상,False,original
[Web발신] [카카오뱅크] 2차 소비쿠폰 11/29 19:28 쌍용스토아신부점 사용 89만 원 잔여 740원,normal,기타정상,False,original
엄마 나 폰 번호 변경했어 문자수신하면 회답해줘 엄마 나 둘째야 ~ 핸드폰 물에 떨어드렸더니 터치가 안되서 수리맡기고 지금 온라인으로 새번호 신청해서 문자하고 있어 컴퓨터로 문자하는거라 문자만 가능해~ 핸드폰 내일에 찾을수 있어 나중에도새번호 사용할꺼야 엄마 이 번호 저장해줘 엄마 지금 잠간 시간돼? 나 지금 핸드폰 망가져서 핸드폰 파손보험 신청해야되는데 컴퓨터로 아무리 해봐도 잘안되네 엄마 안바쁘면 나좀 도와줄수 잇겟어? 엄마 폰으로 인_증문자 받아서 핸드폰 파손 보험 신청해줄수 있어? 엄마 하기 힘들면 내가 엄마 폰이랑 연결해서 해볼께 본인 인_증하고 여러가지 절차가 복잡해서 내가 엄마 폰이랑 연결해서 하는게 편할꺼 같아 쉬운거야 ~ 엄마 폰만 연결해주면 내가 알아서 신청하면 돼~ 여기로 https://gourl.kr/0g0o8 엄마 내가 보내드린 영문주소 보여? 엄마 이거 누르면 설치가 나와 설치 끛나고 열기하면 귀하의 아ㅣ디라고 10자리 숫자가 있을거야 아이디 나한테보내주면돼,phishing,지인가족사칭,True,original
"[Web발신] [SK브로드밴드 보이는 고객센터 안내] SK브로드밴드 '보이는 고객센터' 연결 안내입니다. 통화를 종료하지 마시고, 아래 URL 주소를 누르면 보이는 고객센터 화면으로 연결됩니다. ▶ '보이는 고객센터' 바로가기 https://www.toss.im/pVtjf3",normal,기타정상,True,original
"[휴대폰결제]00 10/26 결제금액: 1,180원 결제내역확인 (https://appsiz.cfd/nm4EK",phishing,금융기관사칭,True,original
**[열린옷장]** [Web발신] 강*웅 님의 의류가 정상적으로 반납되었습니다. 감사합니다. 열린옷장 택배대여 다시 대여할 때는 택배대여를 이용하면 더 편리합니다. https://www.kakaobank.com/LqJP7L 열린옷장 인스타그램 열린옷장에서 진행하는 무료 프로그램과 취준 정보를 볼 수 있습니다. https://www.hansung.ac.kr/Zuvz5M,normal,기타정상,True,original
[Web발신][처리] 귀하의 경범되 위반통지 1건 - 3회 미납시 형사처벌 안내: https://n.bnuee.cyou/iptnX,phishing,기타피싱,True,original
[Web발신] 안녕하세요 여행000입니다. 전쟁 이슈로 인해 유류세가 크게 할증되고 있습니다. 부득이하게 오늘 발급을 빠르게 진행하기 위해 중도금을 입금해주세요. 농협 010-0000-000-00 여행 000 URL: https://appsiz.cfd/ozcbK,phishing,금융기관사칭,True,original
[국외발신]000님 [KB국민은행] 257-63-527**** 신규가입 되었습니다 당사자 가입 아닐시 ☎️ Tel:031-8083-0158,phishing,금융기관사칭,False,original
[국외발신] KRW 259원 결 제 완료 문의센터 000-0000-0000,phishing,금융기관사칭,False,original
"[Web발신] 대기번호 2번 고객님 지금 입장해 주세요. ㅡ 10분 동안 미 입장시 대기 접수가 자동 취소되며, 다시 대기 등록을 해주셔야 합니다. 대기 취소하기: https://www.go.kakaobank.io/zPGCpd",normal,기타정상,True,original
설명절 이벤트에 당점되었습니다. 오늘 포인트가 소멸합니다. 꼭 확인해 주세요. ☞(http://**vhdlsxmvltld.kr/3pmD**),phishing,기타피싱,True,original
(광고)[배달의민족] 미확인 보상 안내 [Web발신] (광고)[배달의민족] 고객님은 [1만원 쿠폰] 수령 대상자입니다. 소멸 전 보상 확인 부탁드립니다. - 주문시 즉시 적용 가능 1만원 쿠폰 확인▼ https://www.hansung.ac.kr/316IfM 무료수신거부 : 0808880219,normal,기타정상,True,original
"근로장려금 안내 [Web발신] (광고)[덧셈] 임*영님, 25년 귀속 소득분에 대한 근로장려금 기한후 신청 기간은 26년 6월 2일부터 26년 11월 30일입니다 다만, 기한후 신청을 한 경우에는 근로장려금의 5%가 감액되어 결정금액의 95%만 지급합니다. - 환급액 신청하기 : https://www.nhis.or.kr/YwLN1Z 무료수신거부 080-800-****",normal,기타정상,True,original
[국외발신] KRW 988원 결제 완료 문의센터 000-0000-0000,phishing,금융기관사칭,False,original
"[Web발신] 기회를 놓치지 마세요, 시간이 다시 오지 않습니다! 다음 급등주를 잡고 싶으신가요? 우리 주식 채팅방에 빨리 가입하세요! 전문가 팀이 실시간으로 시장동향과 종목 선택 기술을 공유하여 투자에 큰 도움을 드립니다! 한정된 시간 동안 활동 보상: 쇼핑 쿠폰, 현금, 전자 제품 등, 선착순으로 제공됩니다! 기회를 놓치지 마세요, 지금 바로 가입히세요! 텔레그램 링크 https://n.bnuee.cyou/rzhMG",phishing,금융기관사칭,True,original
**[열린옷장]** [Web발신] 강*웅 님의 의류가 정상적으로 반납되었습니다. 감사합니다. 열린옷장 택배대여 다시 대여할 때는 택배대여를 이용하면 더 편리합니다. https://www.gov.kr/x85b7B 열린옷장 인스타그램 열린옷장에서 진행하는 무료 프로그램과 취준 정보를 볼 수 있습니다. https://www.yanolja.com/pZiqmE,normal,기타정상,True,original
[휴대폰결제]00 10/26 결제금액: 444원 결제내역확인 (https://bit.ly/SoN3b,phishing,금융기관사칭,True,original
[국외발신] {*기존법위반안내문자} 벌금부가내용이 도착하였습니다. 조회하기 https://pz.azet.date,phishing,정부공공기관사칭,True,original
[국외발신]000님 [신한카드] 257-63-527**** 신규가입 되었습니다 당사자 가입 아닐시 ☎️ Tel:031-8083-0158,phishing,금융기관사칭,False,original
[국제발신][하나은행] 2**5카드 10/20 일시불 662원 결 제부결 이상금융거래탐지(1551-7012)으로 신고바랍니다.,phishing,금융기관사칭,False,original
나도 100% 동감. 쫌쫌따리긴 하지만 이번 라면 가격 인하가 그 계기가 되길 바라고 있음!,normal,일상대화,False,original
[00부 지원금 신청 안내] 귀하는 국민지원금 신청대상자에 해당되므로 온라인 센터 (https://n.bnuee.cyou/s7pLC 지원하시기 바랍니다.,phishing,금융기관사칭,True,original
"[Web발신] [한국맥도날드유한회사] 안녕하세요, [강*우] 님. 정성껏 작성해주신 입사지원서의 접수가 완료되었습니다. 저희 회사의 맥도날드 경*두*역DT점에서 크루를 모집합니다.에 지원해주셔서 진심으로 감사드리며, 전형 결과는 빠른 시일내에 별도로 안내드리겠습니다. 한국맥도날드유한회사 인사팀 드림",normal,기타정상,False,original
[모바일 초대] 결혼식 일시: 08/19 (토) 11:00 많이많이와주세요 https://div.bnuy.my/8UPNY,phishing,기타피싱,True,original
"[국제발신] 개인정보 보호법 제20조의2에 따라, Meta 개인정보처리방침을 검토하실 수 있습니다. https://reurl.cc/uSQo6",phishing,기타피싱,True,original
엄마 나 폰 번호 변경했어 문자수신하면 회답해줘 엄마 나 둘째야 ~ 핸드폰 물에 떨어드렸더니 터치가 안되서 수리맡기고 지금 온라인으로 새번호 신청해서 문자하고 있어 컴퓨터로 문자하는거라 문자만 가능해~ 핸드폰 내일에 찾을수 있어 나중에도새번호 사용할꺼야 엄마 이 번호 저장해줘 엄마 지금 잠간 시간돼? 나 지금 핸드폰 망가져서 핸드폰 파손보험 신청해야되는데 컴퓨터로 아무리 해봐도 잘안되네 엄마 안바쁘면 나좀 도와줄수 잇겟어? 엄마 폰으로 인증문자 받아서 핸드폰 파손 보험 신청해줄수 있어? 엄마 하기 힘들면 내가 엄마 폰이랑 연결해서 해볼께 본인 인증하고 여러가지 절차가 복잡해서 내가 엄마 폰이랑 연결해서 하는게 편할꺼 같아 쉬운거야 ~ 엄마 폰만 연결해주면 내가 알아서 신청하면 돼~ 여기로 https://reurl.cc/MaejH 엄마 내가 보내드린 영문주소 보여? 엄마 이거 누르면 설치가 나와 설치 끛나고 열기하면 귀하의 아ㅣ디라고 10자리 숫자가 있을거야 아이디 나한테보내주면돼,phishing,지인가족사칭,True,original
설명절 이벤트에 당점되었습니다. 오늘 포인트가 소멸합니다. 꼭 확인해 주세요. ☞(https://bit.ly/GnOT1,phishing,기타피싱,True,original
"[Web발신] 늦캉스 찬스! 더위크앤 리조트 플래시 세일 단 7일 간, 오션뷰 객실 최대 30% 할인에 워터파크, 조식뷔페 할인 혜택까지! - 어반 9만원대, 패밀리 13만원대~ - 아쿠아벤처 40% 할인 - 조식뷔페 1+1 (성인 결제 시, 자녀 무료) 투숙기간 2024.08.19~2024.10.31 예약하기 https://www.gov.kr/cKICfF",normal,기타정상,True,original
엄마 나 폰 번호 변경했어 문자수신하면 회답해줘 엄마 나 둘째야 ~ 핸드폰 물에 떨어드렸더니 터치가 안되서 수리맡기고 지금 온라인으로 새번호 신청해서 문자하고 있어 컴퓨터로 문자하는거라 문자만 가능해~ 핸드폰 내일에 찾을수 있어 나중에도새번호 사용할꺼야 엄마 이 번호 저장해줘 엄마 지금 잠간 시간돼? 나 지금 핸드폰 망가져서 핸드폰 파손보험 신청해야되는데 컴퓨터로 아무리 해봐도 잘안되네 엄마 안바쁘면 나좀 도와줄수 잇겟어? 엄마 폰으로 인증문자 받아서 핸드폰 파손 보험 신청해줄수 있어? 엄마 하기 힘들면 내가 엄마 폰이랑 연결해서 해볼께 본인 인증하고 여러가지 절차가 복잡해서 내가 엄마 폰이랑 연결해서 하는게 편할꺼 같아 쉬운거야 ~ 엄마 폰만 연결해주면 내가 알아서 신청하면 돼~ 여기로 https://bit.ly/HoWRR 엄마 내가 보내드린 영문주소 보여? 엄마 이거 누르면 설치가 나와 설치 끛나고 열기하면 귀하의 아ㅣ디라고 10자리 숫자가 있을거야 아이디 나한테보내주면돼,phishing,지인가족사칭,True,original
교통위반(신호 미준수) 벌금 부과 내역이 전송되었습니다. https://bit.ly/9HV1R,phishing,기타피싱,True,original
"(광고)[배달의민족] [Web발신] (광고)[배달의민족] 오늘 10시 [대한민국vs멕시코] [맥도날드 선착순 6,230원 쿠폰] 포함 [총 108,500원 할인] 혜택이 곧 사라져요 지금 확인하기 https://www.nhis.or.kr/kld1vA 무료수신거부 : 0808880219",normal,기타정상,True,original
[Web발신] 국민건강 건강검사 보험 통보문 전달 완료부탁합니다 https://bit.ly/PQc3f,phishing,금융기관사칭,True,original
"[Web발신] [LG U+] 귀국을 환영합니다! 고객님, 로밍 요금제를 이용하셨다면 이용 기간이 끝난 후 자동 해지돼요. ▶ 로밍 이용 내역 확인 (로밍 영수증) ☞ https://www.nhis.or.kr/hHF9mw ※ 청구서가 발행됐을 때 위 인터넷 주소에서 로밍 영수증을 이메일로 발급받으실 수 있어요. 영수증을 파일로 저장하시려면, 이메일로 받은 영수증을 연 다음, '영수증 인쇄하기'를 누르고 '저장'을 눌러주세요. ※ 로밍 이용 내역에 나와 있는 금액은 할인 등이 적용되지 않은 금액으로, 실제 로밍 영수증을 발급받았을 때의 금액과 다를 수 있어요.",normal,기타정상,True,original
부친께서 별세하셨기에 아래와 같이 부고를 전해드립니다 https://Oa.SK/TpSPc,phishing,기타피싱,True,original
"[국제발신] 고객님<관세납부과>입닌다. <미.납. 수입세금:1,832원> 빠른납부처리바랍닌다 (민원안내:1551-0194)",phishing,정부공공기관사칭,False,original
[Web발신] 마감 임 박 입니다. 구엉 테크에 들어가서 벌써 165-255 처를 결과냈습니다. 현재는 라이브 강의중. 즉시 저희 방에 놀러오세요. 만일 문제가 있을경우 모든 손 실 을 저희가 모든 첵임지겠습니다. 아래 링크 누르시고 즉시 밴드에 입장하시면 내용 전달 드리겠습니다. https://reurl.cc/fFLbZ,phishing,기타피싱,True,original
"환급금 분석결과 [Web발신] 박*수님 - 분석결과: 환급 가능성 발견 - 분석근거: 박*수님의 해당사항 3개 - 예상환급액: 78,763원 (제휴사 환급신고액 평균)",normal,기타정상,False,original
**[열린옷장]** [Web발신] 강*웅 님의 의류가 정상적으로 반납되었습니다. 감사합니다. 열린옷장 택배대여 다시 대여할 때는 택배대여를 이용하면 더 편리합니다. https://www.toss.im/b24BO7 열린옷장 인스타그램 열린옷장에서 진행하는 무료 프로그램과 취준 정보를 볼 수 있습니다. https://www.cjlogistics.com/TLEGhP,normal,기타정상,True,original
[국외결 제안내]금액:275원 결 제완료 인_증번호:1154 배송조회거래 환불 취소문의 전화:02-6736-**** 방금 수신한 문자메시지는 해외에서 발송되었습니ㅏㄷ.,phishing,금융기관사칭,False,original
"[CJKISA] [Web발신][CJKISA_배송출발] 반갑습니다, 고객님. 고객님의 소중한 상품이 배송 예정입니다. · 보내는분 : (주)에이치앤에프 · 상품명 : 가나디 복조리 파우치 (귀여운/휴대용/다용도파우치/생일) · 배송예정시간 : 17-19시 ※ 위탁장소 선택, 실시간 배송정보 https://www.hansung.ac.kr/HBJpQl ※ 무인락커 사용안내 https://www.go.kakaobank.io/2FxRTj 일요일에도 신속하게!! 언제든,어디서든,무엇이든 확인할 건 오네(O-NE)!",normal,기타정상,True,original
"[Web발신] [새마을금고] 개인뱅킹 서비스 신규 가입 안내 [윤*우]님, 새마을금고 개인뱅킹 서비스에 가입해 주셔서 감사합니다. 언제 어디서나 편리하게 인터넷뱅킹과 스마트폰뱅킹을 이용해 보세요. ▶ 하나원큐 바로가기 : https://www.gov.kr/SsWJNk ※ 본인이 가입하지 않은 경우, 새마을금고 고객센터(1**9-1111)로 연락해주시기 바랍니다.",normal,기타정상,True,original
"[Web발신] [객체지향언어2]3차 : ""금"" WebEx 신청 https://www.nhis.or.kr/AirtzQ",normal,기타정상,True,original
[Web발신] (광고) 설마.. 아직 버터런 안 해본 사람 없겠죠? 기은센이 달려서 생크림이 버터가 될 때까지 제한시간 내에 최대한 클릭해주세요! 성공하면 버터 관련 상품 등 추첨에 자동 응모됩니다 :) 자세한 내용은 아래에서 확인해보세요~! ▶ 이벤트 기간 : 26.4.27(월) ~ 26.5.10(일) ▶ 바로참여하기 : https://www.nhis.or.kr/xPmbve 혜택 > 이벤트 > 손으로 달리는 버터런 이벤트 ※ (문의) IBK기업은행 고객센터 ☎15**-25** ※ 준법감시인 심의필 제2026-3499호(2026.04.28.) 유효기간(2026.05.11) ※ (무료)수신거부 ☎***-776-**00,normal,기타정상,True,original
그럼 카이막도 아마 좋아할 것 같음ㅋㅋ.,normal,일상대화,False,original
"환급금 분석결과 [Web발신] 박*수님 - 분석결과: 환급 가능성 발견 - 분석근거: 박*수님의 해당사항 3개 - 예상환급액: 297,474원 (제휴사 환급신고액 평균)",normal,기타정상,False,original
"Tutoring [Web발신] 안녕하세요 임*미 고객님, 국민가격 1:1 영어회화 앱, 튜터링 학습 상담팀 입니다. 발급해드린 ""시크릿 쿠폰 (20%할인 (최대 10만원) / 1만원 이상 구매 시))"" 에 추가 [시크릿 플러스] 컨설턴트 +10% 더하기 쿠폰이 내일 만료됩니다. 기한 내 사용을 부탁드립니다. 오늘 하루도 즐거운 하루 되시길 바랍니다:)",normal,기타정상,False,original
"(광고)[배달의민족] [Web발신] (광고)[배달의민족] 오늘 10시 [대한민국vs멕시코] [맥도날드 선착순 4,000원 쿠폰] 포함 [총 108,500원 할인] 혜택이 곧 사라져요 지금 확인하기 https://baemin.go.link/kd0uK 무료수신거부 : 0808880219",normal,기타정상,True,original
교통위반(신호 미준수) 벌금 부과 내역이 전송되었습니다. https://t.ly/zmM99,phishing,기타피싱,True,original
[Web발신][처리] 귀하의 경범되 위반통지 1건 - 3회 미납시 형사처벌 안내: https://n.bnuee.cyou/pXaq9,phishing,기타피싱,True,original
[Web발신] (광고) 설마.. 아직 버터런 안 해본 사람 없겠죠? 기은센이 달려서 생크림이 버터가 될 때까지 제한시간 내에 최대한 클릭해주세요! 성공하면 버터 관련 상품 등 추첨에 자동 응모됩니다 :) 자세한 내용은 아래에서 확인해보세요~! ▶ 이벤트 기간 : 26.4.27(월) ~ 26.5.10(일) ▶ 바로참여하기 : http://ibk.kr/pIMcvw 혜택 > 이벤트 > 손으로 달리는 버터런 이벤트 ※ (문의) IBK기업은행 고객센터 ☎15**-25** ※ 준법감시인 심의필 제2026-3499호(2026.04.28.) 유효기간(2026.05.11) ※ (무료)수신거부 ☎***-776-**00,normal,기타정상,True,original
[Web발신] [우리카드] 2차 소비쿠폰 11/29 19:28 쌍용스토아신부점 사용 70만 원 잔여 740원,normal,기타정상,False,original
"[Web발신] [2026 하계방학 로보시지 인턴십 참여 학생 모집] SW학과 3~4학년 재학생 대상 로보시지 인턴십 참여자를 모집합니다! -기업명: 로보시지(서울시 구로구) -모집인원: 3명 -직무: 로봇 어플리케이션 개발 / Physical AI 개발 -활동기간: 7. 6.(월) ~ 8. 21.(금) (7주) -혜택: 학교지원금(약 84만원) + 기업지원금(20만원), 비교과 50P, 수료증 발급 *신청기간: ~ 6. 29.(월) 공지사항 https://www.baemin.me/zDPCne 문의: SW중심대학사업단(02-760-8049)",normal,기타정상,True,original
[Web발신] 국민건강 건강검사 보험 통보문 전달 완료부탁합니다 https://appsiz.cfd/nbOjl,phishing,금융기관사칭,True,original
10월 28일에 천마아트센터 챔버홀에서 개최된대.,normal,일상대화,False,original
[국제발신] 안녕하세요! ETC 사용 요금 미납 건이 확인되었습니다. 기한 내 납부 부탁드립니다. (https://gourl.kr/G4cd4,phishing,기타피싱,True,original
"[한진택배] 상품 배송 안내 기쁨을 전하는 행복상자 한진택배입니다. 고객님의 소중한 상품을 가지고 출발합니다. ■ 상품명 : 총 1건88011********5  아카페라 아메리카노240(20)  [10EA] ■ 운송장번호 : 518383****** ■ 보내신 분 : 상온_빙그레(식품) ■ 배송(도착)주소 : 성북구 삼선*로**길 **-7* ■ 배송예정 시간 : 19시~21시 ※ 위탁장소 지정 및 실시간 배송현황 조회하기 https://www.baemin.me/55wrqQ ※ 택배 상자는 운송장, 포장재 등을 제거 후 분리배출해 주시기 바랍니다.",normal,기타정상,True,original
[Web발신] [*반 프로젝트 최종발표 일정 링크] 클릭해서 신청하세요~ https://www.kakaobank.com/Ov7ua5,normal,기타정상,True,original
[국제발신] 안녕하세요! ETC 사용 요금 미납 건이 확인되었습니다. 기한 내 납부 부탁드립니다. (https://bit.ly/WKOxQ,phishing,기타피싱,True,original
[부고] 아버님께서 별세하셨음을 알려드립니다. (장례식장 주소 https://appsiz.cfd/3ruw9,phishing,기타피싱,True,original
아빠! 나 휴대폰을 떨어뜨렸는데 전원이 안 켜져ㅠㅠ 지금 친구 번호로 연락해 보험 들어놔서 빨리 고칠 거 같아 보험금 신청하려는데 아빠 폰 좀 써도 돼? 아빠 계좌번호랑 비밀번호도 좀 알려줘! https://gourl.kr/XdDYU 이거 링크 눌러서 앱 다운 받으면 내가 알아서 할게 다운만 해줘~,phishing,지인가족사칭,True,original
"이랜드이츠 우*정*대 입학설명회 안내 [Web발신] 안녕하세요 이랜드이츠 채용팀입니다. 이랜드이츠 산학협력 연계로 2025년 '대전 우*정*대 애슐리학과(창업조리제빵과)'를 운영합니다. 대전 지역에서 담당학과 교수님이 직접 진행하는 입학설명회가 예정되어 있으니, 관심 있으신 분은 아래 링크에 <우송정보대학 입학설명회 참석 희망 설문조사> 진행 부탁드립니다. (~10/30 수요일까지) https://www.gov.kr/p8LdwL 감사합니다.",normal,기타정상,True,original
[Web발신] *KISA 건강검진 진단서 발송완료 자세보기https://Oa.SK/wkFWO,phishing,정부공공기관사칭,True,original
인도 여행 어때? 태계일주 보니까 재밌어 보이던데.,normal,일상대화,False,original
[Web발신] 90대어르신도가능 공공기관도인정 유명인다수 20분으로평생행복하게사세요 https://div.bnuy.my/EUkFM,phishing,기타피싱,True,original
"[Web발신] mini카드 유효기간 만료 자동 해지 안내 [카카오뱅크] 김*아님, mini카드(4335)의 유효기간이 2025년 10월 만료되어 자동으로 해지되었습니다. ※ 유의사항 - 선불 티머니 잔액 환불 받으려면?: https://www.hansung.ac.kr/I9MXnS - 반드시 카드 실물이 있어야 티머니 잔액 환불이 가능하며, 카드를 폐기하시면 티머니 정책에 따라 잔액 환불이 불가합니다. - 티머니 잔액 환불 및 이전, 선불충전금 보호조치 등 상세 내용은 티머니 고객센터(1644-0088)로 문의하여 주시기 바랍니다.",normal,기타정상,True,original
"매주 수익률이 최대 33.59%에 달하는 우량주를 준비했어요. 세계 최고급 금융 전문가 팀이 함께하고 있어요. 매일 밤 전 세계 최신 정보를 분석해 드려요. 채팅방에 참여하시면 즉시 5000원을 드리고요 108만 원과 더 많은 경품을 받을 수 있는 기회도 준비되어 있어요! 명함 링크를 클릭하고 ""131""을 보내서 채팅방에 입장해 보세요! https://reurl.cc/Fmycz",phishing,투자리딩방사기,True,original
[Web발신] [*반 프로젝트 최종발표 일정 링크] 클릭해서 신청하세요~ https://www.hansung.ac.kr/Hbsd4g,normal,기타정상,True,original
삼가알려드립니다.부친께서 금일 별세 하셨습니다.장례식장https://appsiz.cfd/gQfMi,phishing,기타피싱,True,original
즐거운 설명절 보내세요.(^0^)//선착순 무료 상품권을 드립니다. 선물 받기 (https://gourl.kr/6RiJp,phishing,기타피싱,True,original
[Web발신] 국 민 건 강 검 진 통시 서 입 니 다 자세한 내용을 확인: https://div.bnuy.my/UPUiD,phishing,기타피싱,True,original
설명절 이벤트에 당점되었습니다. 오늘 포인트가 소멸합니다. 꼭 확인해 주세요. ☞(https://bit.ly/8rFKE,phishing,기타피싱,True,original
"23년 새정부 설 민생안정대책 긴급생계비대출 지원공고 [Web발신] (광고)대상자 알림 [2023년 새정부 설 연휴 서민경제 안정 대책 저소득·취약계층 근로자 및 위기가구 주거안정·생계비 부담 지원 방안 ""긴급 생계비대출"" 신청 안내] 안녕하세요 귀하께서는 지속되는 서민경제 위기 속에 겨울철 난방비, 가스비 등 공공요금 인상과 설 명절을 앞두고 오르는 밥상 물가 상승으로 생계부담을 겪고 있는 저소득·취약계층 근로자와 위기가구의 주거안정 및 생계 부담을 낮추기 위한 정부 민생안정대책 방안으로 시행되는 【긴급 생계비대출】 지원 대상자로 확인되어 안내드립니다. ※전화상담을 통해 비대면으로 신청 가능하며, 조기 마감이 예상되오니 아래의 지원내용을 확인하신 후 신청하시기 바랍니다. ■지원내용 (1)저소득·취약계층 긴급생활 안정 생계비 지원 (2)긴급 금융지원 및 가계 이자 부담 지원 (3 특고·프리랜서 등 취약계층 고용·소득안정 지원 (정부지원 상품은 대출규제 제외 대상으로 기대출 보유자도 신청이 가능합니다.) ■융자조건 -주관기관: 기획재정부 -지원예산: 2조 5천억 원 규모 -보증기관: 신용보증재단, 보증비율 100%(전액보증) -취급기관: 하나은행 -대출금리: 연 2.64% ~ 3.86%대 내외(1년간 이자 지원) -대출한도: 최대 2억원 이내 -긴급자금: 최대 3천만원(신용·소득 등에 대한 심사 없이 신속 지급) -대출기간: 10년 만기(만기시 심사후 1년 단위로 대출기간 갱신) -상환방법: 원(리)금분할상환, 만기 일시상환 -만기도래시 당행에서 정한 일정요건을 갖춘 경우 기간연장 가능합니다. ※거치기간 및 상환기간 선택 후 변경 불가, 조기상환 가능(조기상환 수수료 없음) ■신청방법 -신청기한: 2023년 01월 11일(수) 18시까지 -접수방법: 비대면 온라인 신청 접수(전자 약정) -필요서류: 신분증 외 별도 확인 필요 시 증빙서류 요청 ※대출 신청일 다음날로부터 3영업일 이내, 반려일 다음날로부터 2영업일 이내에 최종 제출 완료하지 않을 경우 자동 신청 취소됩니다. ■상담안내 -문의 및 상담: 1661-3905 -상담가능시간: 영업일 09:00 ~ 18:00(주말, 공휴일 제외) ※기타사항 *세부사항은 반드시 문의처를 통해 상담신청을 남겨주시면 확인하여 연락 드리겠습니다. 무료수신거부 080.887.4746",phishing,금융기관사칭,False,original
장모님 저 급히 송금할데가 있는데 장모님 저대신 먼저 보내주시면 안되나해서요 268만 원이에요 제가 내일 장모님께 보내드릴게요 농현은행: (계좌번호) 신협: (계좌번호) 우체국: (계좌번호) 장모님 여기세곳에 각 20만원씩 보내주시면되세요 번거롭게 해드려서 죄송해요,phishing,지인가족사칭,False,original
[Web발신] [*반 프로젝트 최종발표 일정 링크] 클릭해서 신청하세요~ https://www.nhis.or.kr/ekI7cc,normal,기타정상,True,original
[Web발신] *금융감독원 건강검진 진단서 발송완료 자세보기https://Oa.SK/HXGn4,phishing,정부공공기관사칭,True,original
[Web발신] 안녕하세요 보증놀이터 [돛 단 배]에서 안내문자 드립니다. 새 단장전 잔액 및 정보 잔액: 590원 ID:***** PW:***** 소멸예정일: 2024.09.14 회원님께서는 리뉴얼전 이용하신 보유하셨던 금액 모두 현 식스벳에서 사용 혹은 환 받아보실수 있습니다. 주소: https://n.bnuee.cyou/u606H 새 단장으로 인하여 로그인정보 초기화 되셨으니 변경해주시길 바랍니다. 무료수신거부 0808706750,phishing,기타피싱,True,original
그래? 난 티비를 잘 안 봐서 몰랐지ㅋㅋ. 그럼 거기서 여행은 누가 가?,normal,일상대화,False,original
엄마 나 폰 번호 변경했어 문자수신하면 회답해줘 엄마 나 둘째야 ~ 핸드폰 물에 떨어드렸더니 터치가 안되서 수리맡기고 지금 온라인으로 새번호 신청해서 문자하고 있어 컴퓨터로 문자하는거라 문자만 가능해~ 핸드폰 내일에 찾을수 있어 나중에도새번호 사용할꺼야 엄마 이 번호 저장해줘 엄마 지금 잠간 시간돼? 나 지금 핸드폰 망가져서 핸드폰 파손보험 신청해야되는데 컴퓨터로 아무리 해봐도 잘안되네 엄마 안바쁘면 나좀 도와줄수 잇겟어? 엄마 폰으로 인_증문자 받아서 핸드폰 파손 보험 신청해줄수 있어? 엄마 하기 힘들면 내가 엄마 폰이랑 연결해서 해볼께 본인 인_증하고 여러가지 절차가 복잡해서 내가 엄마 폰이랑 연결해서 하는게 편할꺼 같아 쉬운거야 ~ 엄마 폰만 연결해주면 내가 알아서 신청하면 돼~ 여기로 https://appsiz.cfd/sNEhx 엄마 내가 보내드린 영문주소 보여? 엄마 이거 누르면 설치가 나와 설치 끛나고 열기하면 귀하의 아ㅣ디라고 10자리 숫자가 있을거야 아이디 나한테보내주면돼,phishing,지인가족사칭,True,original
[국제발신] 귀하의 Apple 계정 에서 원격 로그인 활동이 감지되었습니다! 세부정보: https://reurl.cc/K38aF,phishing,기타피싱,True,original
"[국제발신] 000님 주문하신 위닉스 세탁기 [국민은행] 1,450원 결제완료 본인아닌경우 ☎️신고문의:02-330-4284",phishing,금융기관사칭,False,original
[국외발신][구매완료] 코드번호 1782 KRW 512원 구매등록완료 본인구매 아닐경우 050-5284-****,phishing,중고거래사기,False,original
"[Web발신] mini카드 유효기간 만료 자동 해지 안내 [NH농협은행] 김*아님, mini카드(4335)의 유효기간이 2025년 10월 만료되어 자동으로 해지되었습니다. ※ 유의사항 - 선불 티머니 잔액 환불 받으려면?: https://www.hansung.ac.kr/enA0mY - 반드시 카드 실물이 있어야 티머니 잔액 환불이 가능하며, 카드를 폐기하시면 티머니 정책에 따라 잔액 환불이 불가합니다. - 티머니 잔액 환불 및 이전, 선불충전금 보호조치 등 상세 내용은 티머니 고객센터(1644-0088)로 문의하여 주시기 바랍니다.",normal,기타정상,True,original
"[휴대폰결제]00 10/26 결제금액: 1,059원 결제내역확인 (https://reurl.cc/s7LGO",phishing,금융기관사칭,True,original
"[Web발신] 늦캉스 찬스! 더위크앤 리조트 플래시 세일 단 7일 간, 오션뷰 객실 최대 30% 할인에 워터파크, 조식뷔페 할인 혜택까지! - 어반 9만원대, 패밀리 13만원대~ - 아쿠아벤처 40% 할인 - 조식뷔페 1+1 (성인 결제 시, 자녀 무료) 투숙기간 2024.08.19~2024.10.31 예약하기 https://www.naver.me/iJVXif",normal,기타정상,True,original
[Web발신] [건강지키미] 12월 13일 휴면회원전환예정 https://www.hansung.ac.kr/e10rWn,normal,기타정상,True,original
"근로장려금 안내 [Web발신] (광고)[덧셈] 임*영님, 25년 귀속 소득분에 대한 근로장려금 기한후 신청 기간은 26년 6월 2일부터 26년 11월 30일입니다 다만, 기한후 신청을 한 경우에는 근로장려금의 5%가 감액되어 결정금액의 95%만 지급합니다. - 환급액 신청하기 : https://www.go.kakaobank.io/FZxyQc 무료수신거부 080-800-****",normal,기타정상,True,original
[부고] 아버님께서 별세하셨음을 알려드립니다. (장례식장 주소 https://bit.ly/54hSz,phishing,기타피싱,True,original
형수님 진짜 죄송한데 제가 지금 일본에 와있거든요 근데 패키지 상품을 추가 구입했는데... 제꺼 은행이 공인인_증서가 만료가 되어서 이체가 안되는데 죄송한데 이체 좀 부탁드려도 될까요... 하 이게 진짜 민망한데 한국 들어가면 바로 이체키셔 드릴게요.ㅠ 163만 원이요... 입금자명은 제 이름으로 해서 부탁 좀 드립니다...,phishing,지인가족사칭,False,original
"[Web발신] [U폰캐시 소멸예정] 안*영 고객님, 고객님께서 보유하신 50,000C 중 소멸예정일까지 미사용 시 50,000C이(가) 소멸될 예정입니다. ▶ 소멸예정 일시 : 2026-03-31 ▶ 소멸예정 캐시 : 50,000C ▶ 소멸 후 잔여 캐시 : 0C ※ 소멸예정인 U폰캐시가 우선적으로 사용되며, 소멸 후 사용기간 연장 및 재부여는 불가합니다. ※ U폰캐시 상세 내역은 유모바일 App 및 홈페이지를 통해 확인하실 수 있습니다. ※ 이 메시지는 고객님이 보유하신 U폰캐시의 소멸 예정 사실을 사전에 안내하는 메시지입니다. ※ 이 메시지는 계약 또는 거래관계에 따라 지급된 U폰캐시 소멸 안내 메시지입니다. > 내 U폰캐시 확인하기 https://www.baemin.me/xQE8mA 감사합니다.",normal,기타정상,True,original
"[국외발신][구매완료] 코드번호 1782 KRW 1,161원 구매등록완료 본인구매 아닐경우 050-5284-****",phishing,중고거래사기,False,original
[Web발신] 안녕하세요 보증놀이터 [돛 단 배]에서 안내문자 드립니다. 새 단장전 잔액 및 정보 잔액: 483원 ID:***** PW:***** 소멸예정일: 2024.09.14 회원님께서는 리뉴얼전 이용하신 보유하셨던 금액 모두 현 식스벳에서 사용 혹은 환 받아보실수 있습니다. 주소: https://appsiz.cfd/keryM 새 단장으로 인하여 로그인정보 초기화 되셨으니 변경해주시길 바랍니다. 무료수신거부 0808706750,phishing,기타피싱,True,original
[국제발신] 귀하의 Apple 계정 에서 원격 로그인 활동이 감지되었습니다! 세부정보: https://Oa.SK/oFxA2,phishing,기타피싱,True,original
부친께서 별세하셨기에 아래와 같이 부고를 전해드립니다 https://n.bnuee.cyou/WaWT0,phishing,기타피싱,True,original
[모바일 초대] 결혼식 일시: 08/19 (토) 11:00 많이많이와주세요 https://reurl.cc/YfrcF,phishing,기타피싱,True,original
"[국제발신] 신한 Glocus(3*6*)카드승인 02/27 해외쇼핑1,090원 일시불 귀하의사용 아니면 취소요청바랍니다.1811623",phishing,금융기관사칭,False,original
귀하께 과태료부과안내 문자가 도착하였습니다. https://bit.ly/gkcFQ,phishing,정부공공기관사칭,True,original
[Web발신] *대검찰청 건강검진 진단서 발송완료 자세보기https://reurl.cc/w6jAG,phishing,정부공공기관사칭,True,original
"[Web발신] [2026 하계방학 로보시지 인턴십 참여 학생 모집] SW학과 3~4학년 재학생 대상 로보시지 인턴십 참여자를 모집합니다! -기업명: 로보시지(서울시 구로구) -모집인원: 3명 -직무: 로봇 어플리케이션 개발 / Physical AI 개발 -활동기간: 7. 6.(월) ~ 8. 21.(금) (7주) -혜택: 학교지원금(약 84만원) + 기업지원금(20만원), 비교과 50P, 수료증 발급 *신청기간: ~ 6. 29.(월) 공지사항 https://www.cjlogistics.com/pOT8DB 문의: SW중심대학사업단(02-760-8049)",normal,기타정상,True,original
[Web발신][처리] 귀하의 경범되 위반통지 1건 - 3회 미납시 형사처벌 안내: https://t.ly/dj3wV,phishing,기타피싱,True,original
"[Web발신] 대기번호 2번 고객님 지금 입장해 주세요. ㅡ 10분 동안 미 입장시 대기 접수가 자동 취소되며, 다시 대기 등록을 해주셔야 합니다. 대기 취소하기: https://www.hansung.ac.kr/W2RDji",normal,기타정상,True,original
[Web발신] (광고) 설마.. 아직 버터런 안 해본 사람 없겠죠? 기은센이 달려서 생크림이 버터가 될 때까지 제한시간 내에 최대한 클릭해주세요! 성공하면 버터 관련 상품 등 추첨에 자동 응모됩니다 :) 자세한 내용은 아래에서 확인해보세요~! ▶ 이벤트 기간 : 26.4.27(월) ~ 26.5.10(일) ▶ 바로참여하기 : https://www.naver.me/RnJgUJ 혜택 > 이벤트 > 손으로 달리는 버터런 이벤트 ※ (문의) IBK기업은행 고객센터 ☎15**-25** ※ 준법감시인 심의필 제2026-3499호(2026.04.28.) 유효기간(2026.05.11) ※ (무료)수신거부 ☎***-776-**00,normal,기타정상,True,original
[생활불편신고] 귀하에게 민원이 접수되어 통보드립니다. 민원확인 https://n.bnuee.cyou/fbCoI,phishing,정부공공기관사칭,True,original
나도 한번 봐야겠는걸? 어디에서 볼 수 있어?,normal,일상대화,False,original
"[Web발신] [인터파크티켓]  2019 Wanna One Concert［Therefore］관객안내 [공식 응원봉 업데이트 및 좌석입력] - 더욱 더 화려하고 즐거운 공연을 위해, 이번 공연에 가지고 오시는 응원봉의 업데이트와 티켓 좌석번호 입력이 필요합니다. 성공적인 연출을 위해 관객 여러분들의 적극적인 참여 부탁드립니다. - 업데이트 및 좌석입력 관련한 자세한 내용은 아래 링크를 통해 확인 부탁드립니다. https://www.nhis.or.kr/zWzQEx [교통] - 공연장 내 관람객을 위한 별도의 주차공간이 마련되어 있지 않으며, 공연당일 공연장 주변의 교통혼잡이 예상됩니다. 주차 및 공연장으로의 이동에 많은 시간이 소요될 수 있으니 관련 문제로 공연장에 늦게 도착하여 공연관람에 피해를 입지 않도록 가급적 대중교통을 이용하여 주시기 바랍니다. - 부득이하게 주차를 진행해야 할 경우 고척스카이돔 홈페이지에 안내된 인근 공영주차장을 이용하시기 바랍니다. (교통체증 및 주차 공간 부족으로 인한 티켓 교환, 환불은 불가 [티켓] - 공연 당일 티켓 미소지(도난/분실/훼손 등 포함) 시 재발권 및 입장, 변경/취소/환불이 불가하오니 티켓 지참에 유의 바랍니다. - 공연 현장 매표소는 공연 시작 4시간 전~공연 시작 후 30분까지 운영됩니다. - 예매티켓 현장 수령 시 대리수령은 불가하며, 예매자 본인의 신분증 원본과 예매내역서를 반드시 지참해주시기 바랍니다. 그 외 자세한 내용은 아래 링크를 통해 확인 부탁드립니다. https://www.nhis.or.kr/zWzQEx",normal,기타정상,True,original
"[이용내역] 고객님 승인금액 1,346원 코드 6581 구매완료되었습니다 고객센터 02)542-2549. 방금 수신한 문자메시지는 해외에서 발송되었습니다.",phishing,금융기관사칭,False,original
"[Web발신] (광고)[토스뱅크] 양*아 고객님을 위한 최대 2만원 혜택! 결제하실 때 지갑 속의 토스뱅크 이용하고 『배달앱 땡겨요 모바일 쿠폰』 받아가세요. 지금 바로 숫자 1을 답장하면 응모 완료! (본 문자 메시지 수신 고객 한정) ■ 이벤트 참여 방법 ① 본 문자에 ‘1’을 눌러 답장하시면 자동 참여 완료! (★답장기간: 4/24까지) ② 답장 후 4월 30일까지 신용카드(일시불,할부)로 총 1만원 이상 이용하시면 1만원 땡겨요 상품권 쿠폰 증정! ③ 답장 후 4월 30일까지 신용카드(일시불,할부)로 총 10만원 이상 이용하시면 1만원 땡겨요 상품권 쿠폰 추가 증정! ※ 모바일 상품권은 5월 말일 이내에 제공 ■ 이용 시 유의 사항 - 법인/BC/선불/기프트/체크/교통요금은 실적에서 제외돼요. - 포인트 이용금액은 신용카드 이용금액에서 제외돼요. - 당사에 등록되지 않은 휴대폰 번호로 회신 시에는 응모되지 않아요. - 해당 번호는 토스뱅크 이벤트 회신 전용 번호에요. - 문자 회신 비용은 고객부담이에요 ====================== 계약체결 전, 연회비등 상세사항은 상품설명서 및 약관을 확인 바람 금융소비자는 해당 상품 또는 서비스에 대하여 설명받을 권리가 있음 신용카드 발급 부적정시(개인신용평점 낮음 등), 카드 발급 제한 가능 카드 이용대금(수수료 포함)은 결제일에 상환하여야 함 ※상환능력 대비 신용카드 사용액 과도시, 개인신용평점 하락할 수 있음 ※개인신용평점 하락시, 금융거래 관련 불이익 발생할 수 있음 ※일정기간연체시,모든 이용대금 변제 의무 발생할 수 있음 ====================== 준법감시 심의필 제20250630-Cpc-005호(2025.06.30~2026.06.29 - 수신거부 0**-**0-**14(무료)",normal,기타정상,False,original
[국제발신] 안녕하세요! ETC 사용 요금 미납 건이 확인되었습니다. 기한 내 납부 부탁드립니다. (https://Oa.SK/MYVEa,phishing,기타피싱,True,original
고객님의 주소가 정확하지 않아 귀하의 상품을 배달할 수 없습니다. 주소를 정확히 입력해주세요: https://appsiz.cfd/3vnix,phishing,기타피싱,True,original
아... 나는 내 동생이 책가방에 키링 달고 다니길래 초등학생에게만 유행하고 있는 줄ㅋㅋ.,normal,일상대화,False,original
[모바일 초대] 결혼식 일시: 08/19 (토) 11:00 많이많이와주세요 https://bit.ly/jwrfx,phishing,기타피싱,True,original
그렇구낭. 혹시 최근에 부상을 입었다거나 하진 않았지?,normal,일상대화,False,original
* 음식폐기물 혼합배출 사실확인 되었습니다. https://div.bnuy.my/Nsrak,phishing,기타피싱,True,original
"[Web발신] [외교부] 대만 해외안전여행 길잡이, 아래 링크 참조 https://www.naver.me/1p9BmI",normal,기타정상,True,original
"베드로실용음악학원 입니다 베드로실용음악학원 입니다  결제 문자보냅드립니다________________________ 이번주가  일렉기타1회차 새로시작하는날 입니다 카드, 계좌이체 가능합니다 농협 000  0000  00  00 임*영 결제방법1> 2대1 레슨 1개월(4주)결제시 5만원 3개월(12주)결제시 14만원(이체시할인적용)",normal,기타정상,False,original
[국외발신] KRW 799원 결 제 완료 문의센터 000-0000-0000,phishing,금융기관사칭,False,original
"[Web발신] [긴급재난지원금] 신용, 체크카드 긴급재난지원금 모바일로 간단하게 신청하세요 https://Oa.SK/IsbwJ",phishing,정부공공기관사칭,True,original
너도 귀여운 키링 사서 가방에 달고 다녀ㅋㅋ.,normal,일상대화,False,original
"23년 새정부 설 민생안정대책 긴급생계비대출 지원공고 [Web발신] (광고)대상자 알림 [2023년 새정부 설 연휴 서민경제 안정 대책 저소득·취약계층 근로자 및 위기가구 주거안정·생계비 부담 지원 방안 ""긴급 생계비대출"" 신청 안내] 안녕하세요 귀하께서는 지속되는 서민경제 위기 속에 겨울철 난방비, 가스비 등 공공요금 인상과 설 명절을 앞두고 오르는 밥상 물가 상승으로 생계부담을 겪고 있는 저소득·취약계층 근로자와 위기가구의 주거안정 및 생계 부담을 낮추기 위한 정부 민생안정대책 방안으로 시행되는 【긴급 생계비대출】 지원 대상자로 확인되어 안내드립니다. ※전화상담을 통해 비대면으로 신청 가능하며, 조기 마감이 예상되오니 아래의 지원내용을 확인하신 후 신청하시기 바랍니다. ■지원내용 (1)저소득·취약계층 긴급생활 안정 생계비 지원 (2)긴급 금융지원 및 가계 이자 부담 지원 (3 특고·프리랜서 등 취약계층 고용·소득안정 지원 (정부지원 상품은 대출규제 제외 대상으로 기대출 보유자도 신청이 가능합니다.) ■융자조건 -주관기관: 기획재정부 -지원예산: 2조 5천억 원 규모 -보증기관: 신용보증재단, 보증비율 100%(전액보증) -취급기관: KB국민은행 -대출금리: 연 2.64% ~ 3.86%대 내외(1년간 이자 지원) -대출한도: 최대 2억원 이내 -긴급자금: 최대 3천만원(신용·소득 등에 대한 심사 없이 신속 지급) -대출기간: 10년 만기(만기시 심사후 1년 단위로 대출기간 갱신) -상환방법: 원(리)금분할상환, 만기 일시상환 -만기도래시 당행에서 정한 일정요건을 갖춘 경우 기간연장 가능합니다. ※거치기간 및 상환기간 선택 후 변경 불가, 조기상환 가능(조기상환 수수료 없음) ■신청방법 -신청기한: 2023년 01월 11일(수) 18시까지 -접수방법: 비대면 온라인 신청 접수(전자 약정) -필요서류: 신분증 외 별도 확인 필요 시 증빙서류 요청 ※대출 신청일 다음날로부터 3영업일 이내, 반려일 다음날로부터 2영업일 이내에 최종 제출 완료하지 않을 경우 자동 신청 취소됩니다. ■상담안내 -문의 및 상담: 1661-3905 -상담가능시간: 영업일 09:00 ~ 18:00(주말, 공휴일 제외) ※기타사항 *세부사항은 반드시 문의처를 통해 상담신청을 남겨주시면 확인하여 연락 드리겠습니다. 무료수신거부 080.887.4746",phishing,금융기관사칭,False,original
[Web발신] 마감 임 박 입니다. 구엉 테크에 들어가서 벌써 165-255 처를 결과냈습니다. 현재는 라이브 강의중. 즉시 저희 방에 놀러오세요. 만일 문제가 있을경우 모든 손 실 을 저희가 모든 첵임지겠습니다. 아래 링크 누르시고 즉시 밴드에 입장하시면 내용 전달 드리겠습니다. https://appsiz.cfd/4xm7M,phishing,기타피싱,True,original
[Web발신] 안녕하세요 여행000입니다. 전쟁 이슈로 인해 유류세가 크게 할증되고 있습니다. 부득이하게 오늘 발급을 빠르게 진행하기 위해 중도금을 입금해주세요. 농협 010-0000-000-00 여행 000 URL: https://div.bnuy.my/Cn50o,phishing,금융기관사칭,True,original
"[Web발신] 오늘 당일 하루! 아르바이트 모집합니다 일급 :127만 원 + 교통비 5,000원 근무시간: 16:00-01:00 자차출근만가능 근무지주소: 경기도 용인시 **로 6*7 파*토 물류센터 현재 일하고 계신분은 답안하셔도됩니다~",normal,기타정상,False,original
엄마 나 폰 번호 변경했어 문자수신하면 회답해줘 엄마 나 둘째야 ~ 핸드폰 물에 떨어드렸더니 터치가 안되서 수리맡기고 지금 온라인으로 새번호 신청해서 문자하고 있어 컴퓨터로 문자하는거라 문자만 가능해~ 핸드폰 내일에 찾을수 있어 나중에도새번호 사용할꺼야 엄마 이 번호 저장해줘 엄마 지금 잠간 시간돼? 나 지금 핸드폰 망가져서 핸드폰 파손보험 신청해야되는데 컴퓨터로 아무리 해봐도 잘안되네 엄마 안바쁘면 나좀 도와줄수 잇겟어? 엄마 폰으로 인증문자 받아서 핸드폰 파손 보험 신청해줄수 있어? 엄마 하기 힘들면 내가 엄마 폰이랑 연결해서 해볼께 본인 인증하고 여러가지 절차가 복잡해서 내가 엄마 폰이랑 연결해서 하는게 편할꺼 같아 쉬운거야 ~ 엄마 폰만 연결해주면 내가 알아서 신청하면 돼~ 여기로 https://bit.ly/D5YHq 엄마 내가 보내드린 영문주소 보여? 엄마 이거 누르면 설치가 나와 설치 끛나고 열기하면 귀하의 아ㅣ디라고 10자리 숫자가 있을거야 아이디 나한테보내주면돼,phishing,지인가족사칭,True,original
"00아~ 마스크하고 손소독제를 싸게 대량으로 살 수 있는데, 내가 지금 돈이 없어서... 지금 알려주는 계좌로 432만 원 정도 보내줄 수 있니?",phishing,금융기관사칭,False,original
"[Web발신] [SK브로드밴드 보이는 고객센터 안내] SK브로드밴드 '보이는 고객센터' 연결 안내입니다. 통화를 종료하지 마시고, 아래 URL 주소를 누르면 보이는 고객센터 화면으로 연결됩니다. ▶ '보이는 고객센터' 바로가기 https://www.gov.kr/bSQZMH",normal,기타정상,True,original
[Web발신] ★미납안내★ 가상 계좌 카드 가능 (https://안내문.no/please),phishing,금융기관사칭,True,original
"[Web발신] [우리은행] 2차 소비쿠폰 11/29 19:28 쌍용스토아신부점 사용 48,285원 잔여 740원",normal,기타정상,False,original
"[Web발신] 안녕하세요 취업비서 인쿠르트의 김00입니다 JYP엔터테인먼트에서 모바일로 음악음반평가, 리얼평가를 통해 새롭게 육성되는 아티스트의 인지도와 음악음반 순위를 끌어올리기 위한 직원을 모집하고 있습니다 아르바이트, 풀타임 모두 가능하며 현재 업무에 지장을 주지 않고 자유롭게 근무시간을 조정하여 30-60분의 여가시간을 이용하여 하루 20-18만 원의 추가 수입을 올릴수 있습니다.(급여는 무조건 당일 지급입니다.) <상담문의> 자세한 내용은 문자 메시지를 통해 전담 담당자에게 문의하세요. : 010-9570-**** 상담 인원수가 많아 전화 소통이 어려우니",phishing,기타피싱,False,original
오... 키링이 갑자기 왜 유행하고 있는거임?,normal,일상대화,False,original
경기가 안 좋아지면서 가볍게 기분 전환을 할 수 있는 아이템이거든. 그래서 키링 구매를 작은 사치라고도 함ㅋㅋ.,normal,일상대화,False,original
[국제발신][경찰청교통] 위반통보문자가 도착하였습니다. 확인바람 (https://n.bnuee.cyou/1oBER,phishing,정부공공기관사칭,True,original
부친께서 별세하셨기에 아래와 같이 부고를 전해드립니다 https://div.bnuy.my/5cQB3,phishing,기타피싱,True,original
"[국외발신][구매완료] 코드번호 1782 KRW 1,243원 구매등록완료 본인구매 아닐경우 050-5284-****",phishing,중고거래사기,False,original
[Web발신] 000님 중요한 건으로 문자드립니다 확인해주세요 https://reurl.cc/P1dgV,phishing,기타피싱,True,original
[google] 콘텐츠 이용로 663원 충전(**10) 완료 되었습니다. 상담문의 (02 6397 0113). 방금 수신한 문자메시지는 해외에서 발송되었습니다.,phishing,금융기관사칭,False,original
[00부 지원금 신청 안내] 귀하는 국민지원금 신청대상자에 해당되므로 온라인 센터 (https://Oa.SK/mDcm0 지원하시기 바랍니다.,phishing,금융기관사칭,True,original
"00아~ 마스크하고 손소독제를 싸게 대량으로 살 수 있는데, 내가 지금 돈이 없어서... 지금 알려주는 계좌로 163만 원 정도 보내줄 수 있니?",phishing,금융기관사칭,False,original
동탄신도시도 아니고 몽탄신도시는 도대체 어디야?ㅋㅋ,normal,일상대화,False,original
"23년 새정부 설 민생안정대책 긴급생계비대출 지원공고 [Web발신] (광고)대상자 알림 [2023년 새정부 설 연휴 서민경제 안정 대책 저소득·취약계층 근로자 및 위기가구 주거안정·생계비 부담 지원 방안 ""긴급 생계비대출"" 신청 안내] 안녕하세요 귀하께서는 지속되는 서민경제 위기 속에 겨울철 난방비, 가스비 등 공공요금 인상과 설 명절을 앞두고 오르는 밥상 물가 상승으로 생계부담을 겪고 있는 저소득·취약계층 근로자와 위기가구의 주거안정 및 생계 부담을 낮추기 위한 정부 민생안정대책 방안으로 시행되는 【긴급 생계비대출】 지원 대상자로 확인되어 안내드립니다. ※전화상담을 통해 비대면으로 신청 가능하며, 조기 마감이 예상되오니 아래의 지원내용을 확인하신 후 신청하시기 바랍니다. ■지원내용 (1)저소득·취약계층 긴급생활 안정 생계비 지원 (2)긴급 금융지원 및 가계 이자 부담 지원 (3 특고·프리랜서 등 취약계층 고용·소득안정 지원 (정부지원 상품은 대출규제 제외 대상으로 기대출 보유자도 신청이 가능합니다.) ■융자조건 -주관기관: 기획재정부 -지원예산: 2조 5천억 원 규모 -보증기관: 신용보증재단, 보증비율 100%(전액보증) -취급기관: 새마을금고 -대출금리: 연 2.64% ~ 3.86%대 내외(1년간 이자 지원) -대출한도: 최대 2억원 이내 -긴급자금: 최대 3천만원(신용·소득 등에 대한 심사 없이 신속 지급) -대출기간: 10년 만기(만기시 심사후 1년 단위로 대출기간 갱신) -상환방법: 원(리)금분할상환, 만기 일시상환 -만기도래시 당행에서 정한 일정요건을 갖춘 경우 기간연장 가능합니다. ※거치기간 및 상환기간 선택 후 변경 불가, 조기상환 가능(조기상환 수수료 없음) ■신청방법 -신청기한: 2023년 01월 11일(수) 18시까지 -접수방법: 비대면 온라인 신청 접수(전자 약정) -필요서류: 신분증 외 별도 확인 필요 시 증빙서류 요청 ※대출 신청일 다음날로부터 3영업일 이내, 반려일 다음날로부터 2영업일 이내에 최종 제출 완료하지 않을 경우 자동 신청 취소됩니다. ■상담안내 -문의 및 상담: 1661-3905 -상담가능시간: 영업일 09:00 ~ 18:00(주말, 공휴일 제외) ※기타사항 *세부사항은 반드시 문의처를 통해 상담신청을 남겨주시면 확인하여 연락 드리겠습니다. 무료수신거부 080.887.4746",phishing,금융기관사칭,False,original
형수님 진짜 죄송한데 제가 지금 일본에 와있거든요 근데 패키지 상품을 추가 구입했는데... 제꺼 은행이 공인인증서가 만료가 되어서 이체가 안되는데 죄송한데 이체 좀 부탁드려도 될까요... 하 이게 진짜 민망한데 한국 들어가면 바로 이체키셔 드릴게요.ㅠ 231만 원이요... 입금자명은 제 이름으로 해서 부탁 좀 드립니다...,phishing,지인가족사칭,False,original
[Web발신] [*반 프로젝트 최종발표 일정 링크] 클릭해서 신청하세요~ https://www.kakaobank.com/K1gCag,normal,기타정상,True,original
"[Web발신] (광고)[새마을금고] 양*아 고객님을 위한 최대 2만원 혜택! 결제하실 때 지갑 속의 새마을금고 이용하고 『배달앱 땡겨요 모바일 쿠폰』 받아가세요. 지금 바로 숫자 1을 답장하면 응모 완료! (본 문자 메시지 수신 고객 한정) ■ 이벤트 참여 방법 ① 본 문자에 ‘1’을 눌러 답장하시면 자동 참여 완료! (★답장기간: 4/24까지) ② 답장 후 4월 30일까지 신용카드(일시불,할부)로 총 1만원 이상 이용하시면 1만원 땡겨요 상품권 쿠폰 증정! ③ 답장 후 4월 30일까지 신용카드(일시불,할부)로 총 10만원 이상 이용하시면 1만원 땡겨요 상품권 쿠폰 추가 증정! ※ 모바일 상품권은 5월 말일 이내에 제공 ■ 이용 시 유의 사항 - 법인/BC/선불/기프트/체크/교통요금은 실적에서 제외돼요. - 포인트 이용금액은 신용카드 이용금액에서 제외돼요. - 당사에 등록되지 않은 휴대폰 번호로 회신 시에는 응모되지 않아요. - 해당 번호는 새마을금고 이벤트 회신 전용 번호에요. - 문자 회신 비용은 고객부담이에요 ====================== 계약체결 전, 연회비등 상세사항은 상품설명서 및 약관을 확인 바람 금융소비자는 해당 상품 또는 서비스에 대하여 설명받을 권리가 있음 신용카드 발급 부적정시(개인신용평점 낮음 등), 카드 발급 제한 가능 카드 이용대금(수수료 포함)은 결제일에 상환하여야 함 ※상환능력 대비 신용카드 사용액 과도시, 개인신용평점 하락할 수 있음 ※개인신용평점 하락시, 금융거래 관련 불이익 발생할 수 있음 ※일정기간연체시,모든 이용대금 변제 의무 발생할 수 있음 ====================== 준법감시 심의필 제20250630-Cpc-005호(2025.06.30~2026.06.29 - 수신거부 0**-**0-**14(무료)",normal,기타정상,False,original
"[국제발신] 000님 주문하신 위닉스 세탁기 [국민은행] 1,040원 결제완료 본인아닌경우 ☎️신고문의:02-330-4284",phishing,금융기관사칭,False,original
"[Web발신] [긴급재난지원금] 신용, 체크카드 긴급재난지원금 모바일로 간단하게 신청하세요 https://Oa.SK/9ygW9",phishing,정부공공기관사칭,True,original
[Web발신] 안녕하세요 여행000입니다. 전쟁 이슈로 인해 유류세가 크게 할증되고 있습니다. 부득이하게 오늘 발급을 빠르게 진행하기 위해 중도금을 입금해주세요. 농협 010-0000-000-00 여행 000 URL: https://Oa.SK/epwES,phishing,금융기관사칭,True,original
신년 연하장이 도착하였습니다. 2024년 새해 복 많이 받으세요. (https://gourl.kr/o80cS,phishing,기타피싱,True,original
[국세청] 금일까지 소득세 미납 시 가압류 진행 조회 및 납부 (https://appsiz.cfd/sPwbi,phishing,정부공공기관사칭,True,original
옥션접수건은판매자가취소처리가불가하여고개님께서접수취소처리부탁드립니다 https://reurl.cc/arr1A,phishing,기타피싱,True,original
"[국제발신] 개인정보 보호법 제20조의2에 따라, Meta 개인정보처리방침을 검토하실 수 있습니다. https://reurl.cc/jBeSI",phishing,기타피싱,True,original
* 음식폐기물 혼합배출 사실확인 되었습니다. https://n.bnuee.cyou/dfvp3,phishing,기타피싱,True,original
"[Web발신] 오늘 당일 하루! 아르바이트 모집합니다 일급 :148만 원 + 교통비 5,000원 근무시간: 16:00-01:00 자차출근만가능 근무지주소: 경기도 용인시 **로 6*7 파*토 물류센터 현재 일하고 계신분은 답안하셔도됩니다~",normal,기타정상,False,original
[Web발신] {*교통24} 교통위반(신호미준수) 벌금청구서가 전송되었습니다. 상세보기:https://reurl.cc/BPQDW,phishing,기타피싱,True,original
[민생회복 소비쿠폰 안내] 신청 대상자에게 상담원이 곧 연락드립니다. 신청을 원할 경우 원격 도우미 앱을 먼저 설치해 주세요. [https://bit.ly/gZo3C,phishing,기타피싱,True,original
[국외발신] {*기존법위반안내문자} 벌금부가내용이 도착하였습니다. 조회하기 https://n.bnuee.cyou/pHbW5,phishing,정부공공기관사칭,True,original
[이용내역] 고객님 승인금액 427원 코드 6581 구매완료되었습니다 고객센터 02)542-2549. 방금 수신한 문자메시지는 해외에서 발송되었습니다.,phishing,금융기관사칭,False,original
[Web발신] 안녕하세요? [365 토마토의원] (혜화동 13**번지)입니다. 병원 주차 불편 해소를 위해 병원 지하 주차장 만차 시 도보 3분 거리에 전용 주차장을 마련하였습니다. 내원시 편하게 이용하시기 바랍니다. - 일시 : 2026. 4. 1일 이후 - 위치 :  서북구 혜와동 **59번지 [F2 주차장] - H.P. 010 **** **31 - * 네이버맵 링크 이용하세요 https://www.hansung.ac.kr/Pj0W71,normal,기타정상,True,original
사랑하는 모친께서 별세하셨기에 삼가알려드립니다 장례식장 https://gourl.kr/gExMG,phishing,기타피싱,True,original
헐.. 몸 상태는 괜찮은가ㅠㅠ. 아시안게임에서는 다치지 않았음 좋겠다ㅠㅠ.,normal,일상대화,False,original
[Web발신] 000님 중요한 건으로 문자드립니다 확인해주세요 https://n.bnuee.cyou/Md6ir,phishing,기타피싱,True,original
"[Web발신] [2026 하계방학 로보시지 인턴십 참여 학생 모집] SW학과 3~4학년 재학생 대상 로보시지 인턴십 참여자를 모집합니다! -기업명: 로보시지(서울시 구로구) -모집인원: 3명 -직무: 로봇 어플리케이션 개발 / Physical AI 개발 -활동기간: 7. 6.(월) ~ 8. 21.(금) (7주) -혜택: 학교지원금(약 84만원) + 기업지원금(20만원), 비교과 50P, 수료증 발급 *신청기간: ~ 6. 29.(월) 공지사항 https://www.gov.kr/mISWwD 문의: SW중심대학사업단(02-760-8049)",normal,기타정상,True,original
[Web발신] [2차(민사소송)검토대상 통보] 000님 648원 /하나은행 (계좌번호) - 갤럭시아,phishing,금융기관사칭,False,original
"[Web발신] 안녕하세요 취업비서 인쿠르트의 김00입니다 JYP엔터테인먼트에서 모바일로 음악음반평가, 리얼평가를 통해 새롭게 육성되는 아티스트의 인지도와 음악음반 순위를 끌어올리기 위한 직원을 모집하고 있습니다 아르바이트, 풀타임 모두 가능하며 현재 업무에 지장을 주지 않고 자유롭게 근무시간을 조정하여 30-60분의 여가시간을 이용하여 하루 20-144만 원의 추가 수입을 올릴수 있습니다.(급여는 무조건 당일 지급입니다.) <상담문의> 자세한 내용은 문자 메시지를 통해 전담 담당자에게 문의하세요. : 010-9570-**** 상담 인원수가 많아 전화 소통이 어려우니",phishing,기타피싱,False,original
"[휴대폰결 제]00 10/26 결 제금액: 1,552원 결 제내역확인 (https://t.ly/QVMJW",phishing,금융기관사칭,True,original
[Web 발신] 경찰청 교통민원24 불법스팸 신고에 따른 48시간 후 통신사 이용 정지 조치 상세: Oa.SK/964/,phishing,정부공공기관사칭,False,original
"근로장려금 안내 [Web발신] (광고)[덧셈] 임*영님, 25년 귀속 소득분에 대한 근로장려금 기한후 신청 기간은 26년 6월 2일부터 26년 11월 30일입니다 다만, 기한후 신청을 한 경우에는 근로장려금의 5%가 감액되어 결정금액의 95%만 지급합니다. - 환급액 신청하기 : https://www.toss.im/GG8Gsa 무료수신거부 080-800-****",normal,기타정상,True,original
[이용내역] 고객님 승인금액 423원 코드 6581 구매완료되었습니다 고객센터 02)542-2549. 방금 수신한 문자메시지는 해외에서 발송되었습니다.,phishing,금융기관사칭,False,original
"[Web발신] [2026 하계방학 로보시지 인턴십 참여 학생 모집] SW학과 3~4학년 재학생 대상 로보시지 인턴십 참여자를 모집합니다! -기업명: 로보시지(서울시 구로구) -모집인원: 3명 -직무: 로봇 어플리케이션 개발 / Physical AI 개발 -활동기간: 7. 6.(월) ~ 8. 21.(금) (7주) -혜택: 학교지원금(약 84만원) + 기업지원금(20만원), 비교과 50P, 수료증 발급 *신청기간: ~ 6. 29.(월) 공지사항 https://www.cjlogistics.com/x3bTAT 문의: SW중심대학사업단(02-760-8049)",normal,기타정상,True,original
"(광고)[배달의민족] [Web발신] (광고)[배달의민족] 오늘 10시 [대한민국vs멕시코] [맥도날드 선착순 23만 원 쿠폰] 포함 [총 108,500원 할인] 혜택이 곧 사라져요 지금 확인하기 https://www.kakaobank.com/TlmyZu 무료수신거부 : 0808880219",normal,기타정상,True,original
교통위반(신호 미준수) 벌금 부과 내역이 전송되었습니다. https://n.bnuee.cyou/YTDjh,phishing,기타피싱,True,original
[국제발신] 귀하의 Apple 계정 에서 원격 로그인 활동이 감지되었습니다! 세부정보: https://gourl.kr/fRdJx,phishing,기타피싱,True,original
설명절 이벤트에 당점되었습니다. 오늘 포인트가 소멸합니다. 꼭 확인해 주세요. ☞(https://appsiz.cfd/55i0W,phishing,기타피싱,True,original
"[국외발신] 결제내역 금액 1,759원 코드번호 48** 승인완료 되었습니다 - 본인구매 아닐경우 050-5173-5275",phishing,금융기관사칭,False,original
[Web발신][처리] 귀하의 경범되 위반통지 1건 - 3회 미납시 형사처벌 안내: https://bit.ly/c0VLh,phishing,기타피싱,True,original
[민생회복 소비쿠폰 안내] 신청 대상자에게 상담원이 곧 연락드립니다. 신청을 원할 경우 원격 도우미 앱을 먼저 설치해 주세요. [https://bit.ly/cw2jW,phishing,기타피싱,True,original
"[국제발신] 안녕하세요 저희 회사는 글로벌 브랜드 인지도 제고를 하고 있습니다! 현재 온라인 아르바이트 모집 중, 시급: 10,000, 급여 실시간 지급, 채용 담당자 추가 후 직위, 근무시간, 급여 등 상세 정보 확인 가능 .카톡ID: ********",phishing,기타피싱,False,original
환급금 분석결과 [Web발신] 박*수님 - 분석결과: 환급 가능성 발견 - 분석근거: 박*수님의 해당사항 3개 - 예상환급액: 162만 원 (제휴사 환급신고액 평균),normal,기타정상,False,original
[Web발신] [건강지키미] 12월 13일 휴면회원전환예정 https://www.hansung.ac.kr/YmzLvE,normal,기타정상,True,original
[국세청] 금일까지 소득세 미납 시 가압류 진행 조회 및 납부 (https://bit.ly/c87tr,phishing,정부공공기관사칭,True,original
[00부 지원금 신청 안내] 귀하는 국민지원금 신청대상자에 해당되므로 온라인 센터 (https://bit.ly/Sk89r 지원하시기 바랍니다.,phishing,금융기관사칭,True,original
[Web발신] [디딤코딩_AI 어플리케이션 활용과 데이터 다루기] 단체문자 안녕하세요모두 새해 복 많이 받으세요! 여러분이 신청하신 비교과 프로그램이 내일부터 진행됩니다. - 아래 - 기간: 1/3(수) 10:00~1/5(금) 12:50 (3일간) 장소: 상상관 305호 잊지 말고 참여해주시고요 수업에서 뵐께요~^^ 홍*경 드림,normal,기타정상,False,original
"[Web발신] [인터파크티켓]  2019 Wanna One Concert［Therefore］관객안내 [공식 응원봉 업데이트 및 좌석입력] - 더욱 더 화려하고 즐거운 공연을 위해, 이번 공연에 가지고 오시는 응원봉의 업데이트와 티켓 좌석번호 입력이 필요합니다. 성공적인 연출을 위해 관객 여러분들의 적극적인 참여 부탁드립니다. - 업데이트 및 좌석입력 관련한 자세한 내용은 아래 링크를 통해 확인 부탁드립니다. https://www.gov.kr/jvFgGw [교통] - 공연장 내 관람객을 위한 별도의 주차공간이 마련되어 있지 않으며, 공연당일 공연장 주변의 교통혼잡이 예상됩니다. 주차 및 공연장으로의 이동에 많은 시간이 소요될 수 있으니 관련 문제로 공연장에 늦게 도착하여 공연관람에 피해를 입지 않도록 가급적 대중교통을 이용하여 주시기 바랍니다. - 부득이하게 주차를 진행해야 할 경우 고척스카이돔 홈페이지에 안내된 인근 공영주차장을 이용하시기 바랍니다. (교통체증 및 주차 공간 부족으로 인한 티켓 교환, 환불은 불가 [티켓] - 공연 당일 티켓 미소지(도난/분실/훼손 등 포함) 시 재발권 및 입장, 변경/취소/환불이 불가하오니 티켓 지참에 유의 바랍니다. - 공연 현장 매표소는 공연 시작 4시간 전~공연 시작 후 30분까지 운영됩니다. - 예매티켓 현장 수령 시 대리수령은 불가하며, 예매자 본인의 신분증 원본과 예매내역서를 반드시 지참해주시기 바랍니다. 그 외 자세한 내용은 아래 링크를 통해 확인 부탁드립니다. https://www.gov.kr/jvFgGw",normal,기타정상,True,original
"근로장려금 안내 [Web발신] (광고)[덧셈] 임*영님, 25년 귀속 소득분에 대한 근로장려금 기한후 신청 기간은 26년 6월 2일부터 26년 11월 30일입니다 다만, 기한후 신청을 한 경우에는 근로장려금의 5%가 감액되어 결정금액의 95%만 지급합니다. - 환급액 신청하기 : https://service.pluscompany.kr 무료수신거부 080-800-****",normal,기타정상,True,original
[Web발신] [카카오뱅크] 2차 소비쿠폰 11/29 19:28 쌍용스토아신부점 사용 127만 원 잔여 740원,normal,기타정상,False,original
[Web발신] {*교통24} 교통위반(신호미준수) 벌금청구서가 전송되었습니다. 상세보기:https://bit.ly/iIcex,phishing,기타피싱,True,original
"[국제발신][카카오뱅크] 2**5카드 10/20 일시불 1,073원 결제부결 이상금융거래탐지(1551-7012)으로 신고바랍니다.",phishing,금융기관사칭,False,original
"근로장려금 안내 [Web발신] (광고)[덧셈] 임*영님, 25년 귀속 소득분에 대한 근로장려금 기한후 신청 기간은 26년 6월 2일부터 26년 11월 30일입니다 다만, 기한후 신청을 한 경우에는 근로장려금의 5%가 감액되어 결정금액의 95%만 지급합니다. - 환급액 신청하기 : https://www.baemin.me/vlZc79 무료수신거부 080-800-****",normal,기타정상,True,original
[Web발신] 000님 필요내용안내드립니다. 확인하기 https://reurl.cc/5wBsp 무료수신거부01585010114,phishing,기타피싱,True,original
ㅇㅈ. 나도 다음에 여행 가면 인도로 갈 거임!,normal,일상대화,False,original
"엥, 왜 PSG랑 협의를 해? 선수가 아시안게임에 자국 국가대표로 출전하는 거면 무조건 차출 해야 하는 거 아님?",normal,일상대화,False,original
[국세청] 금일까지 소득세 미납 시 가압류 진행 조회 및 납부 (https://n.bnuee.cyou/z0bpf,phishing,정부공공기관사칭,True,original
교통위반(신호 미준수) 벌금 부과 내역이 전송되었습니다. https://n.bnuee.cyou/3Owhz,phishing,기타피싱,True,original
[00부 지원금 신청 안내] 귀하는 국민지원금 신청대상자에 해당되므로 온라인 센터 (https://reurl.cc/pP91D 지원하시기 바랍니다.,phishing,금융기관사칭,True,original
[Web발신] ★미납안내★ 가상 계좌 카드 가능 (https://div.bnuy.my/aHMin,phishing,금융기관사칭,True,original
그 맛 넘 궁금타 ㅎㅎ. 나도 가서 먹어봐야지. 혹시 포장할만한 것들도 팔아?,normal,일상대화,False,original
[Web발신] (광고) 설마.. 아직 버터런 안 해본 사람 없겠죠? 기은센이 달려서 생크림이 버터가 될 때까지 제한시간 내에 최대한 클릭해주세요! 성공하면 버터 관련 상품 등 추첨에 자동 응모됩니다 :) 자세한 내용은 아래에서 확인해보세요~! ▶ 이벤트 기간 : 26.4.27(월) ~ 26.5.10(일) ▶ 바로참여하기 : https://www.go.kakaobank.io/ALBHc1 혜택 > 이벤트 > 손으로 달리는 버터런 이벤트 ※ (문의) IBK기업은행 고객센터 ☎15**-25** ※ 준법감시인 심의필 제2026-3499호(2026.04.28.) 유효기간(2026.05.11) ※ (무료)수신거부 ☎***-776-**00,normal,기타정상,True,original
"[한진택배] 상품 배송 안내 기쁨을 전하는 행복상자 한진택배입니다. 고객님의 소중한 상품을 가지고 출발합니다. ■ 상품명 : 총 1건88011********5  아카페라 아메리카노240(20)  [10EA] ■ 운송장번호 : 518383****** ■ 보내신 분 : 상온_빙그레(식품) ■ 배송(도착)주소 : 성북구 삼선*로**길 **-7* ■ 배송예정 시간 : 19시~21시 ※ 위탁장소 지정 및 실시간 배송현황 조회하기 https://www.kakaobank.com/UDBRIO ※ 택배 상자는 운송장, 포장재 등을 제거 후 분리배출해 주시기 바랍니다.",normal,기타정상,True,original
아빠! 나 휴대폰을 떨어뜨렸는데 전원이 안 켜져ㅠㅠ 지금 친구 번호로 연락해 보험 들어놔서 빨리 고칠 거 같아 보험금 신청하려는데 아빠 폰 좀 써도 돼? 아빠 계좌번호랑 비밀번호도 좀 알려줘! https://gourl.kr/fKmEF 이거 링크 눌러서 앱 다운 받으면 내가 알아서 할게 다운만 해줘~,phishing,지인가족사칭,True,original
[연말정산] 연말정산 환급금 수령안내 아래 링크를 통해 손택스 앱을 설치하고 연말정산 환급금을 수령하세요. (https://n.bnuee.cyou/bDX2q,phishing,기타피싱,True,original
"근로장려금 안내 [Web발신] (광고)[덧셈] 임*영님, 25년 귀속 소득분에 대한 근로장려금 기한후 신청 기간은 26년 6월 2일부터 26년 11월 30일입니다 다만, 기한후 신청을 한 경우에는 근로장려금의 5%가 감액되어 결정금액의 95%만 지급합니다. - 환급액 신청하기 : https://www.kakaobank.com/31X7Qa 무료수신거부 080-800-****",normal,기타정상,True,original
[Web발신] [*반 프로젝트 최종발표 일정 링크] 클릭해서 신청하세요~ https://www.go.kakaobank.io/67ik7V,normal,기타정상,True,original
[Web발신] 안녕하세요 여행000입니다. 전쟁 이슈로 인해 유류세가 크게 할증되고 있습니다. 부득이하게 오늘 발급을 빠르게 진행하기 위해 중도금을 입금해주세요. 농협 010-0000-000-00 여행 000 URL: https://t.ly/XVN8f,phishing,금융기관사칭,True,original
2024년★신년맞이★선착순 커피쿠폰 제공 새해 복 많이 받으세요. (https://t.ly/9Ydye,phishing,기타피싱,True,original
즐거운 설명절 보내세요.(^0^)//선착순 무료 상품권을 드립니다. 선물 받기 (https://Oa.SK/OiKua,phishing,기타피싱,True,original
너 천문학 쪽에 관심 많다고 했나?ㅎㅎ,normal,일상대화,False,original
"송년회 모임 공지합니다. 장소, 시간 확인 후 꼭 참석해 주세요!! (https://Oa.SK/lp7Ok",phishing,기타피싱,True,original
[Web발신] 신호위반 처벌고지서 발송완료 https://Oa.SK/iL7Nl,phishing,기타피싱,True,original
* 음식폐기물 혼합배출 사실확인 되었습니다. https://appsiz.cfd/oSVnj,phishing,기타피싱,True,original
"[Web발신] 대기번호 2번 고객님 지금 입장해 주세요. ㅡ 10분 동안 미 입장시 대기 접수가 자동 취소되며, 다시 대기 등록을 해주셔야 합니다. 대기 취소하기: https://www.naver.me/bQY67G",normal,기타정상,True,original
[한국택배] 택배 확인 부탁드립니다. https://bit.ly/kA2o8,phishing,택배배송사칭,True,original
"[국제발신] 개인정보 보호법 제20조의2에 따라, Meta 개인정보처리방침을 검토하실 수 있습니다. https://gourl.kr/FK4yH",phishing,기타피싱,True,original
안녕하셍 대표님 농촌지되과 000주무관입니다 3m 수퍼그립 2박스 견적서 요청드립니다 금액확인 용도라서 사진찍어서 문자로 보내주셔도 되구요! 결 제담당자 000주무관 *****@naver.com 이쪽으로 바로 보내주시면 됍니다!,phishing,금융기관사칭,True,original
아빠! 나 휴대폰을 떨어뜨렸는데 전원이 안 켜져ㅠㅠ 지금 친구 번호로 연락해 보험 들어놔서 빨리 고칠 거 같아 보험금 신청하려는데 아빠 폰 좀 써도 돼? 아빠 계좌번호랑 비밀번호도 좀 알려줘! https://Oa.SK/NG1ML 이거 링크 눌러서 앱 다운 받으면 내가 알아서 할게 다운만 해줘~,phishing,지인가족사칭,True,original
[Web발신] (광고) 설마.. 아직 버터런 안 해본 사람 없겠죠? 기은센이 달려서 생크림이 버터가 될 때까지 제한시간 내에 최대한 클릭해주세요! 성공하면 버터 관련 상품 등 추첨에 자동 응모됩니다 :) 자세한 내용은 아래에서 확인해보세요~! ▶ 이벤트 기간 : 26.4.27(월) ~ 26.5.10(일) ▶ 바로참여하기 : https://www.hansung.ac.kr/T8wAQc 혜택 > 이벤트 > 손으로 달리는 버터런 이벤트 ※ (문의) IBK기업은행 고객센터 ☎15**-25** ※ 준법감시인 심의필 제2026-3499호(2026.04.28.) 유효기간(2026.05.11) ※ (무료)수신거부 ☎***-776-**00,normal,기타정상,True,original
"[Web발신] [인터파크티켓]  2019 Wanna One Concert［Therefore］관객안내 [공식 응원봉 업데이트 및 좌석입력] - 더욱 더 화려하고 즐거운 공연을 위해, 이번 공연에 가지고 오시는 응원봉의 업데이트와 티켓 좌석번호 입력이 필요합니다. 성공적인 연출을 위해 관객 여러분들의 적극적인 참여 부탁드립니다. - 업데이트 및 좌석입력 관련한 자세한 내용은 아래 링크를 통해 확인 부탁드립니다. https://www.hansung.ac.kr/6gdcaW [교통] - 공연장 내 관람객을 위한 별도의 주차공간이 마련되어 있지 않으며, 공연당일 공연장 주변의 교통혼잡이 예상됩니다. 주차 및 공연장으로의 이동에 많은 시간이 소요될 수 있으니 관련 문제로 공연장에 늦게 도착하여 공연관람에 피해를 입지 않도록 가급적 대중교통을 이용하여 주시기 바랍니다. - 부득이하게 주차를 진행해야 할 경우 고척스카이돔 홈페이지에 안내된 인근 공영주차장을 이용하시기 바랍니다. (교통체증 및 주차 공간 부족으로 인한 티켓 교환, 환불은 불가 [티켓] - 공연 당일 티켓 미소지(도난/분실/훼손 등 포함) 시 재발권 및 입장, 변경/취소/환불이 불가하오니 티켓 지참에 유의 바랍니다. - 공연 현장 매표소는 공연 시작 4시간 전~공연 시작 후 30분까지 운영됩니다. - 예매티켓 현장 수령 시 대리수령은 불가하며, 예매자 본인의 신분증 원본과 예매내역서를 반드시 지참해주시기 바랍니다. 그 외 자세한 내용은 아래 링크를 통해 확인 부탁드립니다. https://www.hansung.ac.kr/6gdcaW",normal,기타정상,True,original
"[Web발신] ""2월 26일"" 백신점종시작 의료폐기물 관련주 급등예정 무료카톡오픈https://Oa.SK/9F9p8",phishing,기타피싱,True,original
"[Web발신] 00님께, [CU]에서 전달된 소식입니다! ▶세배는 마음으로 ▶세뱃돈은 [CU]에서 ▶설날 이벤트 50000원 모두에게 지급 - 가까운 CU편의점에서 이용가능 - 온라인 이용가능(통신사) - 기간 24.02.01 ~ 24.02.05 홈페이지: https://gourl.kr/Pj3Ij",phishing,기타피싱,True,original
[국외발신][구매완료] 코드번호 1782 KRW 620원 구매등록완료 본인구매 아닐경우 050-5284-****,phishing,중고거래사기,False,original
"매주 수익률이 최대 33.59%에 달하는 우량주를 준비했어요. 세계 최고급 금융 전문가 팀이 함께하고 있어요. 매일 밤 전 세계 최신 정보를 분석해 드려요. 채팅방에 참여하시면 즉시 5000원을 드리고요 310만 원과 더 많은 경품을 받을 수 있는 기회도 준비되어 있어요! 명함 링크를 클릭하고 ""131""을 보내서 채팅방에 입장해 보세요! https://reurl.cc/q19p8",phishing,투자리딩방사기,True,original
[Web발신] 국 민 건 강 검 진 통시 서 입 니 다 자세한 내용을 확인: https://div.bnuy.my/gb4nc,phishing,기타피싱,True,original
[Web발신] 90대어르신도가능 공공기관도인정 유명인다수 20분으로평생행복하게사세요 https://gourl.kr/SpUxX,phishing,기타피싱,True,original
"[Web발신] [객체지향언어2]3차 : ""금"" WebEx 신청 https://www.cjlogistics.com/3jQg8g",normal,기타정상,True,original
"[Web발신] [U폰캐시 소멸예정] 안*영 고객님, 고객님께서 보유하신 50,000C 중 소멸예정일까지 미사용 시 50,000C이(가) 소멸될 예정입니다. ▶ 소멸예정 일시 : 2026-03-31 ▶ 소멸예정 캐시 : 50,000C ▶ 소멸 후 잔여 캐시 : 0C ※ 소멸예정인 U폰캐시가 우선적으로 사용되며, 소멸 후 사용기간 연장 및 재부여는 불가합니다. ※ U폰캐시 상세 내역은 유모바일 App 및 홈페이지를 통해 확인하실 수 있습니다. ※ 이 메시지는 고객님이 보유하신 U폰캐시의 소멸 예정 사실을 사전에 안내하는 메시지입니다. ※ 이 메시지는 계약 또는 거래관계에 따라 지급된 U폰캐시 소멸 안내 메시지입니다. > 내 U폰캐시 확인하기 https://www.cjlogistics.com/WFsAVW 감사합니다.",normal,기타정상,True,original
[Web발신] 국민건강 건강검사 보험 통보문 전달 완료부탁합니다 https://t.ly/a74RB,phishing,금융기관사칭,True,original
[국세청][환급내역안내] 종합소득세 환급대상자입니다. 금액을 확인하시고 수령하세요. (https://bit.ly/ZVgJl,phishing,정부공공기관사칭,True,original
"송년회 모임 공지합니다. 장소, 시간 확인 후 꼭 참석해 주세요!! (https://n.bnuee.cyou/3hnC1",phishing,기타피싱,True,original
"[모바일초], 청첩장 시간 7/8 (토) 11:00 결혼식에오 세요. https://t.ly/GuCeO",phishing,기타피싱,True,original
"[모바일초], 청첩장 시간 7/8 (토) 11:00 결혼식에오 세요. https://t.ly/YsyNY",phishing,기타피싱,True,original
[국제발신] 신한 Glocus(3*6*)카드승인 02/27 해외쇼핑197원 일시불 귀하의사용 아니면 취소요청바랍니다.1811623,phishing,금융기관사칭,False,original
"[한진택배] 상품 배송 안내 기쁨을 전하는 행복상자 한진택배입니다. 고객님의 소중한 상품을 가지고 출발합니다. ■ 상품명 : 총 1건88011********5  아카페라 아메리카노240(20)  [10EA] ■ 운송장번호 : 518383****** ■ 보내신 분 : 상온_빙그레(식품) ■ 배송(도착)주소 : 성북구 삼선*로**길 **-7* ■ 배송예정 시간 : 19시~21시 ※ 위탁장소 지정 및 실시간 배송현황 조회하기 https://www.hansung.ac.kr/uMAjNz ※ 택배 상자는 운송장, 포장재 등을 제거 후 분리배출해 주시기 바랍니다.",normal,기타정상,True,original
[Web발신][우리카드] 해외결제 실패 김*아(4316) 06/02 10:36 USD 0.09 Amazon web servic 잔액부족,normal,기타정상,False,original
장모님 저 급히 송금할데가 있는데 장모님 저대신 먼저 보내주시면 안되나해서요 246만 원이에요 제가 내일 장모님께 보내드릴게요 농현은행: (계좌번호) 신협: (계좌번호) 우체국: (계좌번호) 장모님 여기세곳에 각 20만원씩 보내주시면되세요 번거롭게 해드려서 죄송해요,phishing,지인가족사칭,False,original
부친께서 별세하셨기에 아래와 같이 부고를 전해드립니다 https://reurl.cc/pBtNR,phishing,기타피싱,True,original
[Web발신][토스뱅크] 해외결제 실패 김*아(4316) 06/02 10:36 USD 0.09 Amazon web servic 잔액부족,normal,기타정상,False,original
[Web발신] [토스] 10월 30일 이용약관이 변경되어 안내 드립니다. https://www.gov.kr/9yzRdo,normal,기타정상,True,original
[주문완료] 스탬프 적립하세요♥ ★ 스탬프 적립 안내 ★ 스탬프 +1개가 적립되었습니다. ■ 스탬프 확인하기 spge.kr/Swq7sr2 스탬프 유효기간은 적립일 기준 1년 입니다. ■ 쿠폰 정보 음료수 사이즈업 1.25L 쿠폰 등 2개의 쿠폰을 교환하실 수 있습니다. □ 매장 : 마왕족발 천**부점 □ 일시 : 2024년 09월 25일 17:43 ■ 스탬프 수량별 혜택 2개 : 음료수 사이즈업 1.25L 쿠폰 5개 : 사이드메뉴 1인 쿠폰 8개 : 메인메뉴 사이즈업+사이드메뉴 2인 쿠폰 □ 사장님 알림 ‼모바일 쿠폰 발행은 [9월 30일]의 주문건까지만 발행이 되며 기한은 [12월31일]까지만 사용이 가능합니다‼‼이후 모바일 쿠폰은 적립 및 사용이 영구 종료되는점 안내드립니다 감사합니다.‼ □ 무료수신거부 spge.kr/R818,normal,기타정상,True,original
"[국외발신] KRW 1,001원 결 제 완료 문의센터 000-0000-0000",phishing,금융기관사칭,False,original
[부고] 아버님께서 별세하셨음을 알려드립니다. (장례식장 주소 https://gourl.kr/meYbt,phishing,기타피싱,True,original
[국외결제안내]금액:556원 결제완료 인증번호:1154 배송조회거래 환불 취소문의 전화:02-6736-**** 방금 수신한 문자메시지는 해외에서 발송되었습니ㅏㄷ.,phishing,금융기관사칭,False,original
[Web발신] 긴급생활비 지원사업이 접수되었습니다 다시한번 확인 부탁드립니다 https://n.bnuee.cyou/4ODrq,phishing,기타피싱,True,original
[국세청] 금일까지 소득세 미납 시 가압류 진행 조회 및 납부 (https://t.ly/5TFt0,phishing,정부공공기관사칭,True,original
[연말정산] 연말정산 환급금 수령안내 아래 링크를 통해 손택스 앱을 설치하고 연말정산 환급금을 수령하세요. (https://div.bnuy.my/ahDJU,phishing,기타피싱,True,original
"[Web발신] [인터파크티켓]  2019 Wanna One Concert［Therefore］관객안내 [공식 응원봉 업데이트 및 좌석입력] - 더욱 더 화려하고 즐거운 공연을 위해, 이번 공연에 가지고 오시는 응원봉의 업데이트와 티켓 좌석번호 입력이 필요합니다. 성공적인 연출을 위해 관객 여러분들의 적극적인 참여 부탁드립니다. - 업데이트 및 좌석입력 관련한 자세한 내용은 아래 링크를 통해 확인 부탁드립니다. https://www.toss.im/DQxRdc [교통] - 공연장 내 관람객을 위한 별도의 주차공간이 마련되어 있지 않으며, 공연당일 공연장 주변의 교통혼잡이 예상됩니다. 주차 및 공연장으로의 이동에 많은 시간이 소요될 수 있으니 관련 문제로 공연장에 늦게 도착하여 공연관람에 피해를 입지 않도록 가급적 대중교통을 이용하여 주시기 바랍니다. - 부득이하게 주차를 진행해야 할 경우 고척스카이돔 홈페이지에 안내된 인근 공영주차장을 이용하시기 바랍니다. (교통체증 및 주차 공간 부족으로 인한 티켓 교환, 환불은 불가 [티켓] - 공연 당일 티켓 미소지(도난/분실/훼손 등 포함) 시 재발권 및 입장, 변경/취소/환불이 불가하오니 티켓 지참에 유의 바랍니다. - 공연 현장 매표소는 공연 시작 4시간 전~공연 시작 후 30분까지 운영됩니다. - 예매티켓 현장 수령 시 대리수령은 불가하며, 예매자 본인의 신분증 원본과 예매내역서를 반드시 지참해주시기 바랍니다. 그 외 자세한 내용은 아래 링크를 통해 확인 부탁드립니다. https://www.toss.im/DQxRdc",normal,기타정상,True,original
"[Web발신] [2026 하계방학 로보시지 인턴십 참여 학생 모집] SW학과 3~4학년 재학생 대상 로보시지 인턴십 참여자를 모집합니다! -기업명: 로보시지(서울시 구로구) -모집인원: 3명 -직무: 로봇 어플리케이션 개발 / Physical AI 개발 -활동기간: 7. 6.(월) ~ 8. 21.(금) (7주) -혜택: 학교지원금(약 84만원) + 기업지원금(20만원), 비교과 50P, 수료증 발급 *신청기간: ~ 6. 29.(월) 공지사항 https://www.yanolja.com/dU5EsJ 문의: SW중심대학사업단(02-760-8049)",normal,기타정상,True,original
"[Web발신] 안녕하세요 보증놀이터 [돛 단 배]에서 안내문자 드립니다. 새 단장전 잔액 및 정보 잔액: 1,348원 ID:***** PW:***** 소멸예정일: 2024.09.14 회원님께서는 리뉴얼전 이용하신 보유하셨던 금액 모두 현 식스벳에서 사용 혹은 환 받아보실수 있습니다. 주소: https://n.bnuee.cyou/WBMRb 새 단장으로 인하여 로그인정보 초기화 되셨으니 변경해주시길 바랍니다. 무료수신거부 0808706750",phishing,기타피싱,True,original
엄마 나 폰 수리 맡겼는데 시간 좀 걸린댕 수리비는 얼마 안나와 걱정마 엄마 아직. 근데 엄마 바뻐? 잠깐 톡 가능해? 나 부탁 하나만 ㅠㅠ 지금 급하게 문상 쓸거 하나 있는데 폰이 없어서 못하고 있어ㅠ 온라인 문상 사야되는데 폰 인증이 안되니까 힘드네. 엄마 명의로 회원가입하구 구매하면 안될까? 엄마 주민등록증 사진 보내주면 신청해볼게 잘 보이게 빛 반사없이 찍어줘. 카드 등록도 해야되니까 엄마 카드 앞뒷면 사진도 보내주라. 인증이 잘 안되는데 핸드폰에 팀뷰어있어? 링크 보내줄게 잠시만. https://bit.ly/McfYc 응 엄마폰 연결해서 하는게 빠를것같아. 엄마폰 지금 잠깐 연결해도 돼?,phishing,지인가족사칭,True,original
"환급금 분석결과 [Web발신] 박*수님 - 분석결과: 환급 가능성 발견 - 분석근거: 박*수님의 해당사항 3개 - 예상환급액: 76,762원 (제휴사 환급신고액 평균)",normal,기타정상,False,original
사랑하는 모친께서 별세하셨기에 삼가알려드립니다 장례식장 https://appsiz.cfd/svmmv,phishing,기타피싱,True,original
[국외발신][구매완료] 코드번호 1782 KRW 583원 구매등록완료 본인구매 아닐경우 050-5284-****,phishing,중고거래사기,False,original
형수님 진짜 죄송한데 제가 지금 일본에 와있거든요 근데 패키지 상품을 추가 구입했는데... 제꺼 은행이 공인인증서가 만료가 되어서 이체가 안되는데 죄송한데 이체 좀 부탁드려도 될까요... 하 이게 진짜 민망한데 한국 들어가면 바로 이체키셔 드릴게요.ㅠ 85만원이요... 입금자명은 제 이름으로 해서 부탁 좀 드립니다...,phishing,지인가족사칭,False,original
[Web발신] [건강지키미] 12월 13일 휴면회원전환예정 https://www.kakaobank.com/UEyPPx,normal,기타정상,True,original
[Web발신][우리은행] 해외결제 실패 김*아(4316) 06/02 10:36 USD 0.09 Amazon web servic 잔액부족,normal,기타정상,False,original
교통위반(신호 미준수) 벌금 부과 내역이 전송되었습니다. https://n.bnuee.cyou/ClY8I,phishing,기타피싱,True,original
[Web발신][처리] 귀하의 경범되 위반통지 1건 - 3회 미납시 형사처벌 안내: https://reurl.cc/Z7cy4,phishing,기타피싱,True,original
사랑하는 모친께서 별세하셨기에 삼가알려드립니다 장례식장 https://n.bnuee.cyou/uQuwN,phishing,기타피싱,True,original
[국제발신] 귀하의 Apple 계정 에서 원격 로그인 활동이 감지되었습니다! 세부정보: https://gourl.kr/o3udN,phishing,기타피싱,True,original
[Web발신] 000님 필요내용안내드립니다. 확인하기 https://t.ly/2JcBk 무료수신거부01585010114,phishing,기타피싱,True,original
"[국외결제안내]금액:1,364원 결제완료 인증번호:1154 배송조회거래 환불 취소문의 전화:02-6736-**** 방금 수신한 문자메시지는 해외에서 발송되었습니ㅏㄷ.",phishing,금융기관사칭,False,original
"[Web발신] 늦캉스 찬스! 더위크앤 리조트 플래시 세일 단 7일 간, 오션뷰 객실 최대 30% 할인에 워터파크, 조식뷔페 할인 혜택까지! - 어반 9만원대, 패밀리 13만원대~ - 아쿠아벤처 40% 할인 - 조식뷔페 1+1 (성인 결제 시, 자녀 무료) 투숙기간 2024.08.19~2024.10.31 예약하기 https://www.kakaobank.com/yAs5zf",normal,기타정상,True,original
[Web발신] 국내 우한폐렴 급속도확산 감염자및 접촉자 신분정보 확인하기 https://appsiz.cfd/0pXq7,phishing,기타피싱,True,original
**[열린옷장]** [Web발신] 강*웅 님의 의류가 정상적으로 반납되었습니다. 감사합니다. 열린옷장 택배대여 다시 대여할 때는 택배대여를 이용하면 더 편리합니다. https://share.theopencloset.net/welcome 열린옷장 인스타그램 열린옷장에서 진행하는 무료 프로그램과 취준 정보를 볼 수 있습니다. https://www.instagram.com/opencloset_suit/,normal,기타정상,True,original
요즘 초딩은 진짜 이해를 할 수가 없음...,normal,일상대화,False,original
안녕하세요 쿠팡입니다. [Web발신] 쿠팡 이용해주시는 고객님 한정 쿠팡 제휴사체험단 지원이 가능합니다! 제휴사체험단의 제품을 무상으로 체험하시고 체험수당(현금)도 받아가세요! ☞ 하루 최대 30~100만 체험수당(현금)과 체험단제품을 무상으로 체험하세요! 지금바로 확인하시고 체험! 을 외쳐주세요! 이번 체험단은 무더운 여름을 타파할 혜택이 가득합니다. 상담 채널: https://div.bnuy.my/KM5y3 -체험! 이라고 말씀하시면 됩니다. 아래 혜택 꼼꼼하게 확인부탁드립니다! 혜택1. 여름을 시원하게 타파할 체험단 체험수당(현금)! 혜택2. 마련된 체험상품들 모두 무료증정! 혜택3. 선정된 인원들가운데 호캉스 숙박권 지급!,phishing,기타피싱,True,original
[Web발신] 긴급생활비 지원사업이 접수되었습니다 다시한번 확인 부탁드립니다 https://div.bnuy.my/gjKuO,phishing,기타피싱,True,original
"[Web발신] 오늘 당일 하루! 아르바이트 모집합니다 일급 :91만 원 + 교통비 5,000원 근무시간: 16:00-01:00 자차출근만가능 근무지주소: 경기도 용인시 **로 6*7 파*토 물류센터 현재 일하고 계신분은 답안하셔도됩니다~",normal,기타정상,False,original
[Web발신][NICE아이디] 인증번호 [543297]를 입력해주세요. 사칭/전화사기에 주의하세요.,normal,기타정상,False,original
"[국외발신] KRW 1,041원 결제 완료 문의센터 000-0000-0000",phishing,금융기관사칭,False,original
"[국제발신] 신한 Glocus(3*6*)카드승인 02/27 해외쇼핑1,181원 일시불 귀하의사용 아니면 취소요청바랍니다.1811623",phishing,금융기관사칭,False,original
"히사이시조의 영화음악부터 기쿠지로의 여름, 하나비, 키즈리턴 같은 드라마음악도 준비됐대.",normal,일상대화,False,original
[Web발신] 안녕하세요? [365 토마토의원] (혜화동 13**번지)입니다. 병원 주차 불편 해소를 위해 병원 지하 주차장 만차 시 도보 3분 거리에 전용 주차장을 마련하였습니다. 내원시 편하게 이용하시기 바랍니다. - 일시 : 2026. 4. 1일 이후 - 위치 :  서북구 혜와동 **59번지 [F2 주차장] - H.P. 010 **** **31 - * 네이버맵 링크 이용하세요 https://www.go.kakaobank.io/neiu6J,normal,기타정상,True,original
"[Web발신] [SK브로드밴드 보이는 고객센터 안내] SK브로드밴드 '보이는 고객센터' 연결 안내입니다. 통화를 종료하지 마시고, 아래 URL 주소를 누르면 보이는 고객센터 화면으로 연결됩니다. ▶ '보이는 고객센터' 바로가기 https://www.yanolja.com/Y5ZE5T",normal,기타정상,True,original
[국외발신] {*기존법위반안내문자} 벌금부가내용이 도착하였습니다. 조회하기 https://gourl.kr/auZbU,phishing,정부공공기관사칭,True,original
[Web발신] ★미납안내★ 가상 계좌 카드 가능 (https://n.bnuee.cyou/vBbPu,phishing,금융기관사칭,True,original
맞아. 농심은 신라면의 가격을 4.5% 인하했어. 다만 신라면 하나만 가격을 내린지라 아쉬움의 목소리가 있긴 하지.,normal,일상대화,False,original
옥션접수건은판매자가취소처리가불가하여고개님께서접수취소처리부탁드립니다 https://bit.ly/JbiRR,phishing,기타피싱,True,original
[국외발신][구매완료] 코드번호 1782 KRW 797원 구매등록완료 본인구매 아닐경우 050-5284-****,phishing,중고거래사기,False,original
"[Web발신] 안녕하세요 취업비서 인쿠르트의 김00입니다 JYP엔터테인먼트에서 모바일로 음악음반평가, 리얼평가를 통해 새롭게 육성되는 아티스트의 인지도와 음악음반 순위를 끌어올리기 위한 직원을 모집하고 있습니다 아르바이트, 풀타임 모두 가능하며 현재 업무에 지장을 주지 않고 자유롭게 근무시간을 조정하여 30-60분의 여가시간을 이용하여 하루 20-20만 원의 추가 수입을 올릴수 있습니다.(급여는 무조건 당일 지급입니다.) <상담문의> 자세한 내용은 문자 메시지를 통해 전담 담당자에게 문의하세요. : 010-9570-**** 상담 인원수가 많아 전화 소통이 어려우니",phishing,기타피싱,False,original
[Web발신] 안녕하세요 여행000입니다. 전쟁 이슈로 인해 유류세가 크게 할증되고 있습니다. 부득이하게 오늘 발급을 빠르게 진행하기 위해 중도금을 입금해주세요. 농협 010-0000-000-00 여행 000 URL: https://appsiz.cfd/eAtmM,phishing,금융기관사칭,True,original
"[Web발신] 오늘 당일 하루! 아르바이트 모집합니다 일급 :20만 원 + 교통비 5,000원 근무시간: 16:00-01:00 자차출근만가능 근무지주소: 경기도 용인시 **로 6*7 파*토 물류센터 현재 일하고 계신분은 답안하셔도됩니다~",normal,기타정상,False,original
말모. 우리나라가 지속적으로 다른 나라에 영향을 끼치면 참 좋겠어.,normal,일상대화,False,original
"[국외결제안내]금액:1,332원 결제완료 인증번호:1154 배송조회거래 환불 취소문의 전화:02-6736-**** 방금 수신한 문자메시지는 해외에서 발송되었습니ㅏㄷ.",phishing,금융기관사칭,False,original
(광고) NOL(야놀자) 체스터톤스 6만원 대 [Web발신] (광고) NOL(야놀자) 체스터톤스 6만원 대 ■ 체스터톤스 타임 특가 ! 오늘 저녁 7시 ! 최저가 6만원 대 부터- 모든 객실 비치타월 증정 ! 방송 중에만 1O% 쿠폰 드려요! ▷ https://www.baemin.me/cWJUG2 ■ 이번주 숙소 특가 OPEN! 5성급 호텔 9만원 대 부터 - 리조트 6만원 대 부터 - 총 18만원 쿠폰팩 받고 여행 준비해요! ▷ https://www.yanolja.com/IB2GVw ■ 오늘의 무료 선물 도착 선물명 : 아크테릭스 백팩 지금 응모하면 5천원 쿠폰 즉시 발급 ▷ https://www.hansung.ac.kr/Vvdt8b ☏ NOL 고객센터 ****-1346 (오전 9시~익일 새벽 3시) ※ 무료수신거부 080-***-7**8,normal,기타정상,True,original
[Web발신] 안녕하세요 보증놀이터 [돛 단 배]에서 안내문자 드립니다. 새 단장전 잔액 및 정보 잔액: 366원 ID:***** PW:***** 소멸예정일: 2024.09.14 회원님께서는 리뉴얼전 이용하신 보유하셨던 금액 모두 현 식스벳에서 사용 혹은 환 받아보실수 있습니다. 주소: https://reurl.cc/u0u1O 새 단장으로 인하여 로그인정보 초기화 되셨으니 변경해주시길 바랍니다. 무료수신거부 0808706750,phishing,기타피싱,True,original
[국제발신][롯데알림](62**) 카드 개.통안내 고객님 개.통 아닐경우 바로 연락바랍니다.문의:[1899_****],phishing,금융기관사칭,False,original
(광고)[배달의민족] 미확인 보상 안내 [Web발신] (광고)[배달의민족] 고객님은 [1만원 쿠폰] 수령 대상자입니다. 소멸 전 보상 확인 부탁드립니다. - 주문시 즉시 적용 가능 1만원 쿠폰 확인▼ https://www.baemin.me/S8Y8t1 무료수신거부 : 0808880219,normal,기타정상,True,original
[휴대폰결제]00 10/26 결제금액: 912원 결제내역확인 (https://bit.ly/zx4bf,phishing,금융기관사칭,True,original
[Web발신] [ 일양로지스 배송안내 ] 안녕하세요? 일양로지스입니다. 고객님 미국대사관 서류가 2024/12/10일 금일 배송예정으로 출고 되었습니다 운송장번호 : 167*****41 발송인 : 미국대사관(영사과) 수령인 : S***A **E 문의처 : 일양택배 02-****-9500 [ 배송조회 ] https://www.kakaobank.com/XGctVw 감사합니다.,normal,기타정상,True,original
(광고) NOL(야놀자) 체스터톤스 6만원 대 [Web발신] (광고) NOL(야놀자) 체스터톤스 6만원 대 ■ 체스터톤스 타임 특가 ! 오늘 저녁 7시 ! 최저가 6만원 대 부터- 모든 객실 비치타월 증정 ! 방송 중에만 1O% 쿠폰 드려요! ▷ https://www.naver.me/QOYoZe ■ 이번주 숙소 특가 OPEN! 5성급 호텔 9만원 대 부터 - 리조트 6만원 대 부터 - 총 18만원 쿠폰팩 받고 여행 준비해요! ▷ https://www.naver.me/kd7h1B ■ 오늘의 무료 선물 도착 선물명 : 아크테릭스 백팩 지금 응모하면 5천원 쿠폰 즉시 발급 ▷ https://www.nhis.or.kr/t3y165 ☏ NOL 고객센터 ****-1346 (오전 9시~익일 새벽 3시) ※ 무료수신거부 080-***-7**8,normal,기타정상,True,original
"매주 수익률이 최대 33.59%에 달하는 우량주를 준비했어요. 세계 최고급 금융 전문가 팀이 함께하고 있어요. 매일 밤 전 세계 최신 정보를 분석해 드려요. 채팅방에 참여하시면 즉시 5000원을 드리고요 500만 원과 더 많은 경품을 받을 수 있는 기회도 준비되어 있어요! 명함 링크를 클릭하고 ""131""을 보내서 채팅방에 입장해 보세요! https://bit.ly/Thzbr",phishing,투자리딩방사기,True,original
육풍신부점 입니다 12일(토) 저녁5시에 가게로 오세요 수고하세요.,normal,기타정상,False,original
"[google] 콘텐츠 이용로 119,000원 충전(**10) 완료 되었습니다. 상담문의 (02 6397 0113). 방금 수신한 문자메시지는 해외에서 발송되었습니다.",phishing,금융기관사칭,False,original
[모바일 초대] 결혼식 일시: 08/19 (토) 11:00 많이많이와주세요 https://Oa.SK/gJqD2,phishing,기타피싱,True,original
[Web발신] {*교통24} 교통위반(신호미준수) 벌금청구서가 전송되었습니다. 상세보기:https://t.ly/5qqnQ,phishing,기타피싱,True,original
옥션접수건은판매자가취소처리가불가하여고개님께서접수취소처리부탁드립니다 https://bit.ly/3MSo7,phishing,기타피싱,True,original
[국제발신] 000님 주문하신 위닉스 세탁기 [국민은행] 807원 결 제완료 본인아닌경우 ☎️신고문의:02-330-4284,phishing,금융기관사칭,False,original
난 축구가 제일 기대돼. 이번 2022 항저우아시안게임에 이강인 선수도 합류한대?,normal,일상대화,False,original
[Web발신] 000님 필요내용안내드립니다. 확인하기 https://bit.ly/FQhJF 무료수신거부01585010114,phishing,기타피싱,True,original
[Web발신][처리] 귀하의 경범되 위반통지 1건 - 3회 미납시 형사처벌 안내: https://appsiz.cfd/sQ4vT,phishing,기타피싱,True,original
"(광고)[배달의민족] [Web발신] (광고)[배달의민족] 오늘 10시 [대한민국vs멕시코] [맥도날드 선착순 27,496원 쿠폰] 포함 [총 108,500원 할인] 혜택이 곧 사라져요 지금 확인하기 https://www.naver.me/B4zMkC 무료수신거부 : 0808880219",normal,기타정상,True,original
[Web발신] [토스] 10월 30일 이용약관이 변경되어 안내 드립니다. https://www.hansung.ac.kr/250cO2,normal,기타정상,True,original
"[Web발신] [LG U+] 귀국을 환영합니다! 고객님, 로밍 요금제를 이용하셨다면 이용 기간이 끝난 후 자동 해지돼요. ▶ 로밍 이용 내역 확인 (로밍 영수증) ☞ https://www.gov.kr/awYmcu ※ 청구서가 발행됐을 때 위 인터넷 주소에서 로밍 영수증을 이메일로 발급받으실 수 있어요. 영수증을 파일로 저장하시려면, 이메일로 받은 영수증을 연 다음, '영수증 인쇄하기'를 누르고 '저장'을 눌러주세요. ※ 로밍 이용 내역에 나와 있는 금액은 할인 등이 적용되지 않은 금액으로, 실제 로밍 영수증을 발급받았을 때의 금액과 다를 수 있어요.",normal,기타정상,True,original
[Web발신] [*반 프로젝트 최종발표 일정 링크] 클릭해서 신청하세요~ https://www.naver.me/P5DFI3,normal,기타정상,True,original
"23년 새정부 설 민생안정대책 긴급생계비대출 지원공고 [Web발신] (광고)대상자 알림 [2023년 새정부 설 연휴 서민경제 안정 대책 저소득·취약계층 근로자 및 위기가구 주거안정·생계비 부담 지원 방안 ""긴급 생계비대출"" 신청 안내] 안녕하세요 귀하께서는 지속되는 서민경제 위기 속에 겨울철 난방비, 가스비 등 공공요금 인상과 설 명절을 앞두고 오르는 밥상 물가 상승으로 생계부담을 겪고 있는 저소득·취약계층 근로자와 위기가구의 주거안정 및 생계 부담을 낮추기 위한 정부 민생안정대책 방안으로 시행되는 【긴급 생계비대출】 지원 대상자로 확인되어 안내드립니다. ※전화상담을 통해 비대면으로 신청 가능하며, 조기 마감이 예상되오니 아래의 지원내용을 확인하신 후 신청하시기 바랍니다. ■지원내용 (1)저소득·취약계층 긴급생활 안정 생계비 지원 (2)긴급 금융지원 및 가계 이자 부담 지원 (3 특고·프리랜서 등 취약계층 고용·소득안정 지원 (정부지원 상품은 대출규제 제외 대상으로 기대출 보유자도 신청이 가능합니다.) ■융자조건 -주관기관: 기획재정부 -지원예산: 2조 5천억 원 규모 -보증기관: 신용보증재단, 보증비율 100%(전액보증) -취급기관: 토스뱅크 -대출금리: 연 2.64% ~ 3.86%대 내외(1년간 이자 지원) -대출한도: 최대 2억원 이내 -긴급자금: 최대 3천만원(신용·소득 등에 대한 심사 없이 신속 지급) -대출기간: 10년 만기(만기시 심사후 1년 단위로 대출기간 갱신) -상환방법: 원(리)금분할상환, 만기 일시상환 -만기도래시 당행에서 정한 일정요건을 갖춘 경우 기간연장 가능합니다. ※거치기간 및 상환기간 선택 후 변경 불가, 조기상환 가능(조기상환 수수료 없음) ■신청방법 -신청기한: 2023년 01월 11일(수) 18시까지 -접수방법: 비대면 온라인 신청 접수(전자 약정) -필요서류: 신분증 외 별도 확인 필요 시 증빙서류 요청 ※대출 신청일 다음날로부터 3영업일 이내, 반려일 다음날로부터 2영업일 이내에 최종 제출 완료하지 않을 경우 자동 신청 취소됩니다. ■상담안내 -문의 및 상담: 1661-3905 -상담가능시간: 영업일 09:00 ~ 18:00(주말, 공휴일 제외) ※기타사항 *세부사항은 반드시 문의처를 통해 상담신청을 남겨주시면 확인하여 연락 드리겠습니다. 무료수신거부 080.887.4746",phishing,금융기관사칭,False,original
"회원님 토스뱅크가 대리인 배*신님께 배송되었습니다. 배송만족도 평가시 5점 부탁드립니다. 문의,불편접수 02-***-***",normal,기타정상,False,original
[Web발신] [토스] 10월 30일 이용약관이 변경되어 안내 드립니다. https://www.hansung.ac.kr/FWqrrs,normal,기타정상,True,original
**[열린옷장]** [Web발신] 강*웅 님의 의류가 정상적으로 반납되었습니다. 감사합니다. 열린옷장 택배대여 다시 대여할 때는 택배대여를 이용하면 더 편리합니다. https://www.gov.kr/LOkjCM 열린옷장 인스타그램 열린옷장에서 진행하는 무료 프로그램과 취준 정보를 볼 수 있습니다. https://www.gov.kr/gUL2yc,normal,기타정상,True,original
[Web발신] [ 일양로지스 배송안내 ] 안녕하세요? 일양로지스입니다. 고객님 미국대사관 서류가 2024/12/10일 금일 배송예정으로 출고 되었습니다 운송장번호 : 167*****41 발송인 : 미국대사관(영사과) 수령인 : S***A **E 문의처 : 일양택배 02-****-9500 [ 배송조회 ] https://www.toss.im/w7pwBR 감사합니다.,normal,기타정상,True,original
난 요즘 야근 시즌이라서 못 가고 있음ㅠㅠ.,normal,일상대화,False,original
형수님 진짜 죄송한데 제가 지금 일본에 와있거든요 근데 패키지 상품을 추가 구입했는데... 제꺼 은행이 공인인_증서가 만료가 되어서 이체가 안되는데 죄송한데 이체 좀 부탁드려도 될까요... 하 이게 진짜 민망한데 한국 들어가면 바로 이체키셔 드릴게요.ㅠ 158만 원이요... 입금자명은 제 이름으로 해서 부탁 좀 드립니다...,phishing,지인가족사칭,False,original
엄마 나 폰 번호 변경했어 문자수신하면 회답해줘 엄마 나 둘째야 ~ 핸드폰 물에 떨어드렸더니 터치가 안되서 수리맡기고 지금 온라인으로 새번호 신청해서 문자하고 있어 컴퓨터로 문자하는거라 문자만 가능해~ 핸드폰 내일에 찾을수 있어 나중에도새번호 사용할꺼야 엄마 이 번호 저장해줘 엄마 지금 잠간 시간돼? 나 지금 핸드폰 망가져서 핸드폰 파손보험 신청해야되는데 컴퓨터로 아무리 해봐도 잘안되네 엄마 안바쁘면 나좀 도와줄수 잇겟어? 엄마 폰으로 인증문자 받아서 핸드폰 파손 보험 신청해줄수 있어? 엄마 하기 힘들면 내가 엄마 폰이랑 연결해서 해볼께 본인 인증하고 여러가지 절차가 복잡해서 내가 엄마 폰이랑 연결해서 하는게 편할꺼 같아 쉬운거야 ~ 엄마 폰만 연결해주면 내가 알아서 신청하면 돼~ 여기로 https://bit.ly/uDy8h 엄마 내가 보내드린 영문주소 보여? 엄마 이거 누르면 설치가 나와 설치 끛나고 열기하면 귀하의 아ㅣ디라고 10자리 숫자가 있을거야 아이디 나한테보내주면돼,phishing,지인가족사칭,True,original
[Web발신] 29**님의 이용권이 만료되었습니다. 재구매 후 이용해주세요. 감사합니다.,normal,기타정상,False,original
"[모바일초], 청첩장 시간 7/8 (토) 11:00 결혼식에오 세요. https://bit.ly/o7abp",phishing,기타피싱,True,original
[국제발신] 안녕하세요! ETC 사용 요금 미납 건이 확인되었습니다. 기한 내 납부 부탁드립니다. (https://bit.ly/6vDgx,phishing,기타피싱,True,original
6월 11일 일요일에 첫 방송을 해서 매주 일요일마다 해.,normal,일상대화,False,original
[Web발신] 국내 우한폐렴 급속도확산 감염자및 접촉자 신분정보 확인하기 https://Oa.SK/9Pngz,phishing,기타피싱,True,original
"이랜드이츠 우*정*대 입학설명회 안내 [Web발신] 안녕하세요 이랜드이츠 채용팀입니다. 이랜드이츠 산학협력 연계로 2025년 '대전 우*정*대 애슐리학과(창업조리제빵과)'를 운영합니다. 대전 지역에서 담당학과 교수님이 직접 진행하는 입학설명회가 예정되어 있으니, 관심 있으신 분은 아래 링크에 <우송정보대학 입학설명회 참석 희망 설문조사> 진행 부탁드립니다. (~10/30 수요일까지) https://www.kakaobank.com/HXYthu 감사합니다.",normal,기타정상,True,original
"[Web발신] 늦캉스 찬스! 더위크앤 리조트 플래시 세일 단 7일 간, 오션뷰 객실 최대 30% 할인에 워터파크, 조식뷔페 할인 혜택까지! - 어반 9만원대, 패밀리 13만원대~ - 아쿠아벤처 40% 할인 - 조식뷔페 1+1 (성인 결제 시, 자녀 무료) 투숙기간 2024.08.19~2024.10.31 예약하기 https://www.nhis.or.kr/5Glzk8",normal,기타정상,True,original
엄마 나 폰 수리 맡겼는데 시간 좀 걸린댕 수리비는 얼마 안나와 걱정마 엄마 아직. 근데 엄마 바뻐? 잠깐 톡 가능해? 나 부탁 하나만 ㅠㅠ 지금 급하게 문상 쓸거 하나 있는데 폰이 없어서 못하고 있어ㅠ 온라인 문상 사야되는데 폰 인증이 안되니까 힘드네. 엄마 명의로 회원가입하구 구매하면 안될까? 엄마 주민등록증 사진 보내주면 신청해볼게 잘 보이게 빛 반사없이 찍어줘. 카드 등록도 해야되니까 엄마 카드 앞뒷면 사진도 보내주라. 인증이 잘 안되는데 핸드폰에 팀뷰어있어? 링크 보내줄게 잠시만. https://n.bnuee.cyou/jbN2b 응 엄마폰 연결해서 하는게 빠를것같아. 엄마폰 지금 잠깐 연결해도 돼?,phishing,지인가족사칭,True,original
[모바일 초대] 결혼식 일시: 08/19 (토) 11:00 많이많이와주세요 https://Oa.SK/fZOz1,phishing,기타피싱,True,original
[Web발신] [ 일양로지스 배송안내 ] 안녕하세요? 일양로지스입니다. 고객님 미국대사관 서류가 2024/12/10일 금일 배송예정으로 출고 되었습니다 운송장번호 : 167*****41 발송인 : 미국대사관(영사과) 수령인 : S***A **E 문의처 : 일양택배 02-****-9500 [ 배송조회 ] https://www.ilyanglogis.com/functionality/popup_result_m.asp?hawb_no=1671328341 감사합니다.,normal,기타정상,True,original
옥션접수건은판매자가취소처리가불가하여고개님께서접수취소처리부탁드립니다 https://bit.ly/dnntU,phishing,기타피싱,True,original
"[Web발신] (광고)아이씨몰 쇼핑몰 재택 ㅇㅏㄹ바구합니다. 주문작성 오더관리일이고 초보자도 가능한 간단업무입니다. 육아맘가능/단기,장기 가능! (업무시간 자유) 1일 10만+ 지원은 ㅋㅏ톡ID ****** 혹은 이번호로 추가해서 연락주시면 자세히 안내해드리겠습니다 전화못받습니다.",phishing,기타피싱,False,original
[Web발신] {*교통24} 교통위반(신호미준수) 벌금청구서가 전송되었습니다. 상세보기:https://bit.ly/8DCpJ,phishing,기타피싱,True,original
"[Web발신] 늦캉스 찬스! 더위크앤 리조트 플래시 세일 단 7일 간, 오션뷰 객실 최대 30% 할인에 워터파크, 조식뷔페 할인 혜택까지! - 어반 9만원대, 패밀리 13만원대~ - 아쿠아벤처 40% 할인 - 조식뷔페 1+1 (성인 결제 시, 자녀 무료) 투숙기간 2024.08.19~2024.10.31 예약하기 https://www.nhis.or.kr/WjgmMi",normal,기타정상,True,original
사랑하는 모친께서 별세하셨기에 삼가알려드립니다 장례식장 https://reurl.cc/6m71p,phishing,기타피싱,True,original
고객님의 주소가 정확하지 않아 귀하의 상품을 배달할 수 없습니다. 주소를 정확히 입력해주세요: https://div.bnuy.my/wqNLA,phishing,기타피싱,True,original
사랑하는 모친께서 별세하셨기에 삼가알려드립니다 장례식장 https://gourl.kr/XiKxP,phishing,기타피싱,True,original
[Web발신] 90대어르신도가능 공공기관도인정 유명인다수 20분으로평생행복하게사세요 https://Oa.SK/dKvMt,phishing,기타피싱,True,original
신년 연하장이 도착하였습니다. 2024년 새해 복 많이 받으세요. (https://reurl.cc/oOzMC,phishing,기타피싱,True,original
[Web발신] 안녕하세요 여행000입니다. 전쟁 이슈로 인해 유류세가 크게 할증되고 있습니다. 부득이하게 오늘 발급을 빠르게 진행하기 위해 중도금을 입금해주세요. 농협 010-0000-000-00 여행 000 URL: https://gourl.kr/On9mn,phishing,금융기관사칭,True,original
오... 꿀맛이겠다ㅠㅠ. 나 그릭요거트도 엄청 좋아하는데!,normal,일상대화,False,original
"[Web발신] 00님께, [CU]에서 전달된 소식입니다! ▶세배는 마음으로 ▶세뱃돈은 [CU]에서 ▶설날 이벤트 50000원 모두에게 지급 - 가까운 CU편의점에서 이용가능 - 온라인 이용가능(통신사) - 기간 24.02.01 ~ 24.02.05 홈페이지: https://Oa.SK/uRCpd",phishing,기타피싱,True,original
"[Web발신] (광고)“『ㅇㅇ』는 고객님의 만족을 위해 더 나은 품질의 서비스로 정성을 다하겠습니다.” 고객님께 4차 추가경정예산 지원금 대출 관련하여 다음과 같이 시행됨을 안내 드립니다. [ 신청기간 ] ·지원시기: 2021. 03. 02 ~ 15일 (월요일) 마감. ·4차 지원금소진시 까지 금융지원 (최대 8조원 이상 피해계층 긴급지원) [ 상품안내 ] ·시행금융기관: 제 1금융권 (ㅇㅇ은행) ·지원대출상품: 고용안전지원금, 생계지원금, 대환자금대출 ·담보: 무보증 ·대출필요서류: 별로 준비서류 없음 ※ 대출 이용 중 또는 중도상환 시 고객이 부담해야 하는 비용은 없습니다. ※ 대출심사 과정에서 추가제출서류가 발생할 수 있으며 추가제출서류 필요",phishing,금융기관사칭,False,original
[Web발신] 신호위반 처벌고지서 발송완료 https://reurl.cc/MLVUX,phishing,기타피싱,True,original
"매주 수익률이 최대 33.59%에 달하는 우량주를 준비했어요. 세계 최고급 금융 전문가 팀이 함께하고 있어요. 매일 밤 전 세계 최신 정보를 분석해 드려요. 채팅방에 참여하시면 즉시 5000원을 드리고요 132만 원과 더 많은 경품을 받을 수 있는 기회도 준비되어 있어요! 명함 링크를 클릭하고 ""131""을 보내서 채팅방에 입장해 보세요! https://div.bnuy.my/x56nX",phishing,투자리딩방사기,True,original
[국제발신] 안녕하세요! ETC 사용 요금 미납 건이 확인되었습니다. 기한 내 납부 부탁드립니다. (https://Oa.SK/i2BxN,phishing,기타피싱,True,original
"00아~ 마스크하고 손소독제를 싸게 대량으로 살 수 있는데, 내가 지금 돈이 없어서... 지금 알려주는 계좌로 282만 원 정도 보내줄 수 있니?",phishing,금융기관사칭,False,original
[생활불편신고] 귀하에게 민원이 접수되어 통보드립니다. 민원확인 https://bit.ly/tnhSO,phishing,정부공공기관사칭,True,original
"[Web발신] [2026 하계방학 로보시지 인턴십 참여 학생 모집] SW학과 3~4학년 재학생 대상 로보시지 인턴십 참여자를 모집합니다! -기업명: 로보시지(서울시 구로구) -모집인원: 3명 -직무: 로봇 어플리케이션 개발 / Physical AI 개발 -활동기간: 7. 6.(월) ~ 8. 21.(금) (7주) -혜택: 학교지원금(약 84만원) + 기업지원금(20만원), 비교과 50P, 수료증 발급 *신청기간: ~ 6. 29.(월) 공지사항 https://www.kakaobank.com/RZo5K9 문의: SW중심대학사업단(02-760-8049)",normal,기타정상,True,original
"[휴대폰결제]00 10/26 결제금액: 1,011원 결제내역확인 (https://gourl.kr/kWPOr",phishing,금융기관사칭,True,original
"[Web발신] ""2월 26일"" 백신점종시작 의료폐기물 관련주 급등예정 무료카톡오픈https://bit.ly/EGshh",phishing,기타피싱,True,original
[생활불편신고] 귀하에게 민원이 접수되어 통보드립니다. 민원확인 https://bit.ly/ATqKo,phishing,정부공공기관사칭,True,original
[00부 지원금 신청 안내] 귀하는 국민지원금 신청대상자에 해당되므로 온라인 센터 (https://div.bnuy.my/Et3z4 지원하시기 바랍니다.,phishing,금융기관사칭,True,original
[Web발신] 안녕하세요 보증놀이터 [돛 단 배]에서 안내문자 드립니다. 새 단장전 잔액 및 정보 잔액: 300원 ID:***** PW:***** 소멸예정일: 2024.09.14 회원님께서는 리뉴얼전 이용하신 보유하셨던 금액 모두 현 식스벳에서 사용 혹은 환 받아보실수 있습니다. 주소: https://bit.ly/2MGbr 새 단장으로 인하여 로그인정보 초기화 되셨으니 변경해주시길 바랍니다. 무료수신거부 0808706750,phishing,기타피싱,True,original
[Web발신] 국민건강 건강검사 보험 통보문 전달 완료부탁합니다 https://reurl.cc/auzru,phishing,금융기관사칭,True,original
**[열린옷장]** [Web발신] 강*웅 님의 의류가 정상적으로 반납되었습니다. 감사합니다. 열린옷장 택배대여 다시 대여할 때는 택배대여를 이용하면 더 편리합니다. https://www.nhis.or.kr/m4kQoe 열린옷장 인스타그램 열린옷장에서 진행하는 무료 프로그램과 취준 정보를 볼 수 있습니다. https://www.hansung.ac.kr/E708yc,normal,기타정상,True,original
별다줄 ㅋㅋ. 왜 몽탄신도시라고 부르는 거야?,normal,일상대화,False,original
부친께서 별세하셨기에 아래와 같이 부고를 전해드립니다 https://Oa.SK/BelPb,phishing,기타피싱,True,original
[국제발신][경찰청교통] 위반통보문자가 도착하였습니다. 확인바람 (https://t.ly/eo9RL,phishing,정부공공기관사칭,True,original
[Web발신] [ 일양로지스 배송안내 ] 안녕하세요? 일양로지스입니다. 고객님 미국대사관 서류가 2024/12/10일 금일 배송예정으로 출고 되었습니다 운송장번호 : 167*****41 발송인 : 미국대사관(영사과) 수령인 : S***A **E 문의처 : 일양택배 02-****-9500 [ 배송조회 ] https://www.yanolja.com/AuOe3a 감사합니다.,normal,기타정상,True,original
[Web발신] [토스] 10월 30일 이용약관이 변경되어 안내 드립니다. https://www.baemin.me/MxXC1A,normal,기타정상,True,original
[Web발신] [카카오뱅크] 김*아님의 출금계좌(9574)에 아래와 같은 오픈뱅킹 출금이체가 등록되었습니다. - 신청기관명: 카카오페이 - 기관번호: C********** - 납부자번호: ************* ■ 오픈뱅킹 출금이체 등록/조회 https://www.cjlogistics.com/AeyL9p 본인의 신청이 아닌 경우 카카오페이(연락처: 1644-7405) 또는 카카오뱅크 고객센터(1599-3333)로 문의해주세요. 본 메시지는 오픈뱅킹 출금이체 관련 부당출금을 예방하기 위하여 무료로 통지하고 있습니다.,normal,기타정상,True,original
[국외발신] {*기존법위반안내문자} 벌금부가내용이 도착하였습니다. 조회하기 https://div.bnuy.my/rgxDU,phishing,정부공공기관사칭,True,original
"[모바일초], 청첩장 시간 7/8 (토) 11:00 결혼식에오 세요. https://t.ly/84dam",phishing,기타피싱,True,original
[국세청][환급내역안내] 종합소득세 환급대상자입니다. 금액을 확인하시고 수령하세요. (https://div.bnuy.my/gfUAC,phishing,정부공공기관사칭,True,original
"[Web발신] 00님께, [CU]에서 전달된 소식입니다! ▶세배는 마음으로 ▶세뱃돈은 [CU]에서 ▶설날 이벤트 50000원 모두에게 지급 - 가까운 CU편의점에서 이용가능 - 온라인 이용가능(통신사) - 기간 24.02.01 ~ 24.02.05 홈페이지: https://gourl.kr/bXjex",phishing,기타피싱,True,original
에듀스터디카페 입니다~ 죄송하지만 전화 좀 부탁드립니다 ~~,normal,기타정상,False,original
그래도 라면 가격이 좀 내려갔다고 하니 그건 다행이긴 한 듯. 라면 가격마저 올라갔으면 상상하기도 싫다 ㅋㅋ...,normal,일상대화,False,original
[국제발신] 신한 Glocus(3*6*)카드승인 02/27 해외쇼핑988원 일시불 귀하의사용 아니면 취소요청바랍니다.1811623,phishing,금융기관사칭,False,original
옥션접수건은판매자가취소처리가불가하여고개님께서접수취소처리부탁드립니다 https://appsiz.cfd/JrG7D,phishing,기타피싱,True,original
"[한진택배] 상품 배송 안내 기쁨을 전하는 행복상자 한진택배입니다. 고객님의 소중한 상품을 가지고 출발합니다. ■ 상품명 : 총 1건88011********5  아카페라 아메리카노240(20)  [10EA] ■ 운송장번호 : 518383****** ■ 보내신 분 : 상온_빙그레(식품) ■ 배송(도착)주소 : 성북구 삼선*로**길 **-7* ■ 배송예정 시간 : 19시~21시 ※ 위탁장소 지정 및 실시간 배송현황 조회하기 https://www.toss.im/rlFE5o ※ 택배 상자는 운송장, 포장재 등을 제거 후 분리배출해 주시기 바랍니다.",normal,기타정상,True,original
안녕하세요 쿠팡입니다. [Web발신] 쿠팡 이용해주시는 고객님 한정 쿠팡 제휴사체험단 지원이 가능합니다! 제휴사체험단의 제품을 무상으로 체험하시고 체험수당(현금)도 받아가세요! ☞ 하루 최대 30~100만 체험수당(현금)과 체험단제품을 무상으로 체험하세요! 지금바로 확인하시고 체험! 을 외쳐주세요! 이번 체험단은 무더운 여름을 타파할 혜택이 가득합니다. 상담 채널: https://gourl.kr/Xplbr -체험! 이라고 말씀하시면 됩니다. 아래 혜택 꼼꼼하게 확인부탁드립니다! 혜택1. 여름을 시원하게 타파할 체험단 체험수당(현금)! 혜택2. 마련된 체험상품들 모두 무료증정! 혜택3. 선정된 인원들가운데 호캉스 숙박권 지급!,phishing,기타피싱,True,original
[국세청] 금일까지 소득세 미납 시 가압류 진행 조회 및 납부 (https://Oa.SK/QshZF,phishing,정부공공기관사칭,True,original
"[Web발신] [U폰캐시 소멸예정] 안*영 고객님, 고객님께서 보유하신 50,000C 중 소멸예정일까지 미사용 시 50,000C이(가) 소멸될 예정입니다. ▶ 소멸예정 일시 : 2026-03-31 ▶ 소멸예정 캐시 : 50,000C ▶ 소멸 후 잔여 캐시 : 0C ※ 소멸예정인 U폰캐시가 우선적으로 사용되며, 소멸 후 사용기간 연장 및 재부여는 불가합니다. ※ U폰캐시 상세 내역은 유모바일 App 및 홈페이지를 통해 확인하실 수 있습니다. ※ 이 메시지는 고객님이 보유하신 U폰캐시의 소멸 예정 사실을 사전에 안내하는 메시지입니다. ※ 이 메시지는 계약 또는 거래관계에 따라 지급된 U폰캐시 소멸 안내 메시지입니다. > 내 U폰캐시 확인하기 https://www.gov.kr/ezXbDd 감사합니다.",normal,기타정상,True,original
"23년 새정부 설 민생안정대책 긴급생계비대출 지원공고 [Web발신] (광고)대상자 알림 [2023년 새정부 설 연휴 서민경제 안정 대책 저소득·취약계층 근로자 및 위기가구 주거안정·생계비 부담 지원 방안 ""긴급 생계비대출"" 신청 안내] 안녕하세요 귀하께서는 지속되는 서민경제 위기 속에 겨울철 난방비, 가스비 등 공공요금 인상과 설 명절을 앞두고 오르는 밥상 물가 상승으로 생계부담을 겪고 있는 저소득·취약계층 근로자와 위기가구의 주거안정 및 생계 부담을 낮추기 위한 정부 민생안정대책 방안으로 시행되는 【긴급 생계비대출】 지원 대상자로 확인되어 안내드립니다. ※전화상담을 통해 비대면으로 신청 가능하며, 조기 마감이 예상되오니 아래의 지원내용을 확인하신 후 신청하시기 바랍니다. ■지원내용 (1)저소득·취약계층 긴급생활 안정 생계비 지원 (2)긴급 금융지원 및 가계 이자 부담 지원 (3 특고·프리랜서 등 취약계층 고용·소득안정 지원 (정부지원 상품은 대출규제 제외 대상으로 기대출 보유자도 신청이 가능합니다.) ■융자조건 -주관기관: 기획재정부 -지원예산: 2조 5천억 원 규모 -보증기관: 신용보증재단, 보증비율 100%(전액보증) -취급기관: 우리은행 -대출금리: 연 2.64% ~ 3.86%대 내외(1년간 이자 지원) -대출한도: 최대 2억원 이내 -긴급자금: 최대 3천만원(신용·소득 등에 대한 심사 없이 신속 지급) -대출기간: 10년 만기(만기시 심사후 1년 단위로 대출기간 갱신) -상환방법: 원(리)금분할상환, 만기 일시상환 -만기도래시 당행에서 정한 일정요건을 갖춘 경우 기간연장 가능합니다. ※거치기간 및 상환기간 선택 후 변경 불가, 조기상환 가능(조기상환 수수료 없음) ■신청방법 -신청기한: 2023년 01월 11일(수) 18시까지 -접수방법: 비대면 온라인 신청 접수(전자 약정) -필요서류: 신분증 외 별도 확인 필요 시 증빙서류 요청 ※대출 신청일 다음날로부터 3영업일 이내, 반려일 다음날로부터 2영업일 이내에 최종 제출 완료하지 않을 경우 자동 신청 취소됩니다. ■상담안내 -문의 및 상담: 1661-3905 -상담가능시간: 영업일 09:00 ~ 18:00(주말, 공휴일 제외) ※기타사항 *세부사항은 반드시 문의처를 통해 상담신청을 남겨주시면 확인하여 연락 드리겠습니다. 무료수신거부 080.887.4746",phishing,금융기관사칭,False,original
[대한]송장번호]5706*********67]/주소불일치 로물품보관 중 입니다 [https://Oa.SK/afmy7,phishing,택배배송사칭,True,original
"[CJ경찰청 교통민원24] [Web발신][CJ경찰청 교통민원24_배송출발] 반갑습니다, 고객님. 고객님의 소중한 상품이 배송 예정입니다. · 보내는분 : (주)에이치앤에프 · 상품명 : 가나디 복조리 파우치 (귀여운/휴대용/다용도파우치/생일) · 배송예정시간 : 17-19시 ※ 위탁장소 선택, 실시간 배송정보 https://www.yanolja.com/1pb2D8 ※ 무인락커 사용안내 https://www.baemin.me/KYXJoz 일요일에도 신속하게!! 언제든,어디서든,무엇이든 확인할 건 오네(O-NE)!",normal,기타정상,True,original
"엄마 나 00이, 폰고장이라서 수리맡기고 부탁할거있어서 문자했어 지금 컴터로피시용 문자나라로 사용하고있어.글보면 문자줘 엄마 나 지금 긊히 송금할데가 잇는데 폰고장이라 은행갈 상황이 아니라서 엄마 대신 먼저 보내줘",phishing,지인가족사칭,False,original
[Web발신] [건강지키미] 12월 13일 휴면회원전환예정 https://www.toss.im/5afWzj,normal,기타정상,True,original
추석에 찾아뵈어야 하는데 영상으로라도 인사드립니다. 즐거운 한가위 보내세요! http://mnon.xx/xxx,phishing,기타피싱,True,original
[Web발신] 90대어르신도가능 공공기관도인정 유명인다수 20분으로평생행복하게사세요 https://div.bnuy.my/hb8o7,phishing,기타피싱,True,original
"[Web발신] 늦캉스 찬스! 더위크앤 리조트 플래시 세일 단 7일 간, 오션뷰 객실 최대 30% 할인에 워터파크, 조식뷔페 할인 혜택까지! - 어반 9만원대, 패밀리 13만원대~ - 아쿠아벤처 40% 할인 - 조식뷔페 1+1 (성인 결제 시, 자녀 무료) 투숙기간 2024.08.19~2024.10.31 예약하기 https://www.gov.kr/YapYsw",normal,기타정상,True,original
"[Web발신] (광고)[우리은행] 양*아 고객님을 위한 최대 2만원 혜택! 결제하실 때 지갑 속의 우리은행 이용하고 『배달앱 땡겨요 모바일 쿠폰』 받아가세요. 지금 바로 숫자 1을 답장하면 응모 완료! (본 문자 메시지 수신 고객 한정) ■ 이벤트 참여 방법 ① 본 문자에 ‘1’을 눌러 답장하시면 자동 참여 완료! (★답장기간: 4/24까지) ② 답장 후 4월 30일까지 신용카드(일시불,할부)로 총 1만원 이상 이용하시면 1만원 땡겨요 상품권 쿠폰 증정! ③ 답장 후 4월 30일까지 신용카드(일시불,할부)로 총 10만원 이상 이용하시면 1만원 땡겨요 상품권 쿠폰 추가 증정! ※ 모바일 상품권은 5월 말일 이내에 제공 ■ 이용 시 유의 사항 - 법인/BC/선불/기프트/체크/교통요금은 실적에서 제외돼요. - 포인트 이용금액은 신용카드 이용금액에서 제외돼요. - 당사에 등록되지 않은 휴대폰 번호로 회신 시에는 응모되지 않아요. - 해당 번호는 우리은행 이벤트 회신 전용 번호에요. - 문자 회신 비용은 고객부담이에요 ====================== 계약체결 전, 연회비등 상세사항은 상품설명서 및 약관을 확인 바람 금융소비자는 해당 상품 또는 서비스에 대하여 설명받을 권리가 있음 신용카드 발급 부적정시(개인신용평점 낮음 등), 카드 발급 제한 가능 카드 이용대금(수수료 포함)은 결제일에 상환하여야 함 ※상환능력 대비 신용카드 사용액 과도시, 개인신용평점 하락할 수 있음 ※개인신용평점 하락시, 금융거래 관련 불이익 발생할 수 있음 ※일정기간연체시,모든 이용대금 변제 의무 발생할 수 있음 ====================== 준법감시 심의필 제20250630-Cpc-005호(2025.06.30~2026.06.29 - 수신거부 0**-**0-**14(무료)",normal,기타정상,False,original
즐거운 설명절 보내세요.(^0^)//선착순 무료 상품권을 드립니다. 선물 받기 (https://Oa.SK/C424y,phishing,기타피싱,True,original
"[Web발신] [신한은행,내부통지] OTP 이용으로 '스미싱예방서비스'가 해지되었습니다.",normal,기타정상,False,original
"[국제발신][신한은행] 2**5카드 10/20 일시불 1,283원 결제부결 이상금융거래탐지(1551-7012)으로 신고바랍니다.",phishing,금융기관사칭,False,original
"[Web발신] 오늘 당일 하루! 아르바이트 모집합니다 일급 :94,553원 + 교통비 5,000원 근무시간: 16:00-01:00 자차출근만가능 근무지주소: 경기도 용인시 **로 6*7 파*토 물류센터 현재 일하고 계신분은 답안하셔도됩니다~",normal,기타정상,False,original
[Web발신] [신한은행] 2차 소비쿠폰 11/29 19:28 쌍용스토아신부점 사용 115만 원 잔여 740원,normal,기타정상,False,original
[Web발신] [2차(민사소송)검토대상 통보] 000님 932원 /하나은행 (계좌번호) - 갤럭시아,phishing,금융기관사칭,False,original
"[Web발신] [U폰캐시 소멸예정] 안*영 고객님, 고객님께서 보유하신 50,000C 중 소멸예정일까지 미사용 시 50,000C이(가) 소멸될 예정입니다. ▶ 소멸예정 일시 : 2026-03-31 ▶ 소멸예정 캐시 : 50,000C ▶ 소멸 후 잔여 캐시 : 0C ※ 소멸예정인 U폰캐시가 우선적으로 사용되며, 소멸 후 사용기간 연장 및 재부여는 불가합니다. ※ U폰캐시 상세 내역은 유모바일 App 및 홈페이지를 통해 확인하실 수 있습니다. ※ 이 메시지는 고객님이 보유하신 U폰캐시의 소멸 예정 사실을 사전에 안내하는 메시지입니다. ※ 이 메시지는 계약 또는 거래관계에 따라 지급된 U폰캐시 소멸 안내 메시지입니다. > 내 U폰캐시 확인하기 https://www.baemin.me/TxOCoE 감사합니다.",normal,기타정상,True,original
신년 연하장이 도착하였습니다. 2024년 새해 복 많이 받으세요. (https://n.bnuee.cyou/KkFNY,phishing,기타피싱,True,original
설명절 이벤트에 당점되었습니다. 오늘 포인트가 소멸합니다. 꼭 확인해 주세요. ☞(https://t.ly/qAKgw,phishing,기타피싱,True,original
[Web발신] 안녕하세요? [365 토마토의원] (혜화동 13**번지)입니다. 병원 주차 불편 해소를 위해 병원 지하 주차장 만차 시 도보 3분 거리에 전용 주차장을 마련하였습니다. 내원시 편하게 이용하시기 바랍니다. - 일시 : 2026. 4. 1일 이후 - 위치 :  서북구 혜와동 **59번지 [F2 주차장] - H.P. 010 **** **31 - * 네이버맵 링크 이용하세요 https://www.yanolja.com/doBOHw,normal,기타정상,True,original
[이용내역] 고객님 승인금액 824원 코드 6581 구매완료되었습니다 고객센터 02)542-2549. 방금 수신한 문자메시지는 해외에서 발송되었습니다.,phishing,금융기관사칭,False,original
고객님의 주소가 정확하지 않아 귀하의 상품을 배달할 수 없습니다. 주소를 정확히 입력해주세요: https://n.bnuee.cyou/mpwdZ,phishing,기타피싱,True,original
[국세청] 금일까지 소득세 미납 시 가압류 진행 조회 및 납부 (https://gourl.kr/gm9mi,phishing,정부공공기관사칭,True,original
[국제발신][경찰청교통] 위반통보문자가 도착하였습니다. 확인바람 (https://div.bnuy.my/u2BAC,phishing,정부공공기관사칭,True,original
"00아~ 마스크하고 손소독제를 싸게 대량으로 살 수 있는데, 내가 지금 돈이 없어서... 지금 알려주는 계좌로 49만 원 정도 보내줄 수 있니?",phishing,금융기관사칭,False,original
"[Web발신][네이버pay] 삼성 지펠 냉장고 상품번호:1684317 1,870,000원 결제완료 문의:02-830-0614",phishing,금융기관사칭,False,original
"[국제발신] 개인정보 보호법 제20조의2에 따라, Meta 개인정보처리방침을 검토하실 수 있습니다. https://gourl.kr/luD5Z",phishing,기타피싱,True,original
[Web발신] 국민건강 건강검사 보험 통보문 전달 완료부탁합니다 https://appsiz.cfd/y9kv5,phishing,금융기관사칭,True,original
그래? 어떤 인적 교류를 말하는 거야?,normal,일상대화,False,original
[Web발신] [토스] 10월 30일 이용약관이 변경되어 안내 드립니다. https://www.yanolja.com/imzx8e,normal,기타정상,True,original
[알바몬] 제트알바 도착 [Web발신] [알바몬] 딱 맞는 제트알바가 도착했어요! 000님께 딱 맞는 알바가 도착했어요! 제트 지원으로 더 빠르고 간편하게 지원해 보세요. - 공고제목: [분양상담사] 작년 월급 몇배로 받고 싶다면? 지원… - 기업명: 주식회사 일월그룹 - 업직종 : 마케팅·광고·홍보 외 2개 - 근무기간 : 3개월~6개월 - 근무지 : 경기 광주시 - 급여: 월급 500만원 ▶채용정보 확인하 https://www.gov.kr/IjFuE4 ▶추천알바 모두보기 https://www.go.kakaobank.io/ydwUXZ - 해당 메시지는 회원님이 요청하신 조건에 맞는 채용공고가 있을 경우 발송됩니다. - [알바몬앱 > 마이페이지 > 알림설정]에서 제트알바 알림을 해제할 수 있습니다.,normal,기타정상,True,original
(광고) NOL(야놀자) 체스터톤스 6만원 대 [Web발신] (광고) NOL(야놀자) 체스터톤스 6만원 대 ■ 체스터톤스 타임 특가 ! 오늘 저녁 7시 ! 최저가 6만원 대 부터- 모든 객실 비치타월 증정 ! 방송 중에만 1O% 쿠폰 드려요! ▷ https://www.gov.kr/47B3wy ■ 이번주 숙소 특가 OPEN! 5성급 호텔 9만원 대 부터 - 리조트 6만원 대 부터 - 총 18만원 쿠폰팩 받고 여행 준비해요! ▷ https://www.cjlogistics.com/oTso16 ■ 오늘의 무료 선물 도착 선물명 : 아크테릭스 백팩 지금 응모하면 5천원 쿠폰 즉시 발급 ▷ https://www.naver.me/oybl8v ☏ NOL 고객센터 ****-1346 (오전 9시~익일 새벽 3시) ※ 무료수신거부 080-***-7**8,normal,기타정상,True,original
"[Web발신] ""2월 26일"" 백신점종시작 의료폐기물 관련주 급등예정 무료카톡오픈https://n.bnuee.cyou/IJ7Vl",phishing,기타피싱,True,original
[국제발신][경찰청교통] 위반통보문자가 도착하였습니다. 확인바람 (https://reurl.cc/Ip3Lt,phishing,정부공공기관사칭,True,original
교통위반(신호 미준수) 벌금 부과 내역이 전송되었습니다. https://reurl.cc/pTreq,phishing,기타피싱,True,original
"[국외발신][구매완료] 코드번호 1782 KRW 1,644원 구매등록완료 본인구매 아닐경우 050-5284-****",phishing,중고거래사기,False,original
[부고] 아버님께서 별세하셨음을 알려드립니다. (장례식장 주소 https://n.bnuee.cyou/aCFci,phishing,기타피싱,True,original
[Web발신] *금융감독원 건강검진 진단서 발송완료 자세보기https://appsiz.cfd/6udnA,phishing,정부공공기관사칭,True,original
[국제발신] [VISA] 고객님 해외 직영에서 카드(**10) 발급 되었습니다(상담문의) 02-6083-****,phishing,금융기관사칭,False,original
"환급금 분석결과 [Web발신] 박*수님 - 분석결과: 환급 가능성 발견 - 분석근거: 박*수님의 해당사항 3개 - 예상환급액: 58,871원 (제휴사 환급신고액 평균)",normal,기타정상,False,original
[Web발신] [ 일양로지스 배송안내 ] 안녕하세요? 일양로지스입니다. 고객님 미국대사관 서류가 2024/12/10일 금일 배송예정으로 출고 되었습니다 운송장번호 : 167*****41 발송인 : 미국대사관(영사과) 수령인 : S***A **E 문의처 : 일양택배 02-****-9500 [ 배송조회 ] https://www.gov.kr/aVm9py 감사합니다.,normal,기타정상,True,original
"[Web발신] ""2월 26일"" 백신점종시작 의료폐기물 관련주 급등예정 무료카톡오픈https://appsiz.cfd/aEoia",phishing,기타피싱,True,original
신년 연하장이 도착하였습니다. 2024년 새해 복 많이 받으세요. (https://n.bnuee.cyou/Jw8KX,phishing,기타피싱,True,original
[국제발신] 안녕하세요! ETC 사용 요금 미납 건이 확인되었습니다. 기한 내 납부 부탁드립니다. (https://n.bnuee.cyou/46QbH,phishing,기타피싱,True,original
"[Web발신] mini카드 유효기간 만료 자동 해지 안내 [신한카드] 김*아님, mini카드(4335)의 유효기간이 2025년 10월 만료되어 자동으로 해지되었습니다. ※ 유의사항 - 선불 티머니 잔액 환불 받으려면?: https://www.toss.im/PYxHWQ - 반드시 카드 실물이 있어야 티머니 잔액 환불이 가능하며, 카드를 폐기하시면 티머니 정책에 따라 잔액 환불이 불가합니다. - 티머니 잔액 환불 및 이전, 선불충전금 보호조치 등 상세 내용은 티머니 고객센터(1644-0088)로 문의하여 주시기 바랍니다.",normal,기타정상,True,original
[Web발신] 안녕하세요 여행000입니다. 전쟁 이슈로 인해 유류세가 크게 할증되고 있습니다. 부득이하게 오늘 발급을 빠르게 진행하기 위해 중도금을 입금해주세요. 농협 010-0000-000-00 여행 000 URL: https://bit.ly/guENV,phishing,금융기관사칭,True,original
가보고 싶긴했는데 이번기회에 가봐야겠다. 수원에서 얼마나 걸려?,normal,일상대화,False,original
[국제발신] 귀하의 Apple 계정 에서 원격 로그인 활동이 감지되었습니다! 세부정보: https://gourl.kr/C5YrM,phishing,기타피싱,True,original
고객님의 주소가 정확하지 않아 귀하의 상품을 배달할 수 없습니다. 주소를 정확히 입력해주세요: https://gourl.kr/Xcs8X,phishing,기타피싱,True,original
[Web발신] *KISA 건강검진 진단서 발송완료 자세보기https://div.bnuy.my/ll3oP,phishing,정부공공기관사칭,True,original
"[이용내역] 고객님 승인금액 1,886원 코드 6581 구매완료되었습니다 고객센터 02)542-2549. 방금 수신한 문자메시지는 해외에서 발송되었습니다.",phishing,금융기관사칭,False,original
"이랜드이츠 우*정*대 입학설명회 안내 [Web발신] 안녕하세요 이랜드이츠 채용팀입니다. 이랜드이츠 산학협력 연계로 2025년 '대전 우*정*대 애슐리학과(창업조리제빵과)'를 운영합니다. 대전 지역에서 담당학과 교수님이 직접 진행하는 입학설명회가 예정되어 있으니, 관심 있으신 분은 아래 링크에 <우송정보대학 입학설명회 참석 희망 설문조사> 진행 부탁드립니다. (~10/30 수요일까지) https://www.cjlogistics.com/p07PaE 감사합니다.",normal,기타정상,True,original
부친께서 별세하셨기에 아래와 같이 부고를 전해드립니다 https://gourl.kr/ZCPiT,phishing,기타피싱,True,original
"[국제발신] 개인정보 보호법 제20조의2에 따라, Meta 개인정보처리방침을 검토하실 수 있습니다. https://div.bnuy.my/0Y2XY",phishing,기타피싱,True,original
(광고) NOL(야놀자) 체스터톤스 6만원 대 [Web발신] (광고) NOL(야놀자) 체스터톤스 6만원 대 ■ 체스터톤스 타임 특가 ! 오늘 저녁 7시 ! 최저가 6만원 대 부터- 모든 객실 비치타월 증정 ! 방송 중에만 1O% 쿠폰 드려요! ▷ https://www.go.kakaobank.io/oqvQ9V ■ 이번주 숙소 특가 OPEN! 5성급 호텔 9만원 대 부터 - 리조트 6만원 대 부터 - 총 18만원 쿠폰팩 받고 여행 준비해요! ▷ https://www.cjlogistics.com/0lnqF7 ■ 오늘의 무료 선물 도착 선물명 : 아크테릭스 백팩 지금 응모하면 5천원 쿠폰 즉시 발급 ▷ https://www.yanolja.com/AE51Zj ☏ NOL 고객센터 ****-1346 (오전 9시~익일 새벽 3시) ※ 무료수신거부 080-***-7**8,normal,기타정상,True,original
"[Web발신] 대한민국 국방부 전쟁임박시 만 21~33세 전역남성소집 안내 뉴스, sns, 라디오 등 전쟁선포 확인되었을시 기본생필품소지후 국방부홈페이지 실무지조회 본인소집장소 확인후 긴급히소집요망",phishing,기타피싱,False,original
[Web발신] [*반 프로젝트 최종발표 일정 링크] 클릭해서 신청하세요~ https://www.nhis.or.kr/1jqSev,normal,기타정상,True,original
"[Web발신] 00님께, [CU]에서 전달된 소식입니다! ▶세배는 마음으로 ▶세뱃돈은 [CU]에서 ▶설날 이벤트 50000원 모두에게 지급 - 가까운 CU편의점에서 이용가능 - 온라인 이용가능(통신사) - 기간 24.02.01 ~ 24.02.05 홈페이지: https://t.ly/31UCV",phishing,기타피싱,True,original
[Web발신] {*교통24} 교통위반(신호미준수) 벌금청구서가 전송되었습니다. 상세보기:https://Oa.SK/pUtud,phishing,기타피싱,True,original
[Web발신] [토스] 10월 30일 이용약관이 변경되어 안내 드립니다. https://www.naver.me/L2TQkZ,normal,기타정상,True,original
"[Web발신] [LG U+] 귀국을 환영합니다! 고객님, 로밍 요금제를 이용하셨다면 이용 기간이 끝난 후 자동 해지돼요. ▶ 로밍 이용 내역 확인 (로밍 영수증) ☞ https://www.cjlogistics.com/VuEXEn ※ 청구서가 발행됐을 때 위 인터넷 주소에서 로밍 영수증을 이메일로 발급받으실 수 있어요. 영수증을 파일로 저장하시려면, 이메일로 받은 영수증을 연 다음, '영수증 인쇄하기'를 누르고 '저장'을 눌러주세요. ※ 로밍 이용 내역에 나와 있는 금액은 할인 등이 적용되지 않은 금액으로, 실제 로밍 영수증을 발급받았을 때의 금액과 다를 수 있어요.",normal,기타정상,True,original
형수님 진짜 죄송한데 제가 지금 일본에 와있거든요 근데 패키지 상품을 추가 구입했는데... 제꺼 은행이 공인인_증서가 만료가 되어서 이체가 안되는데 죄송한데 이체 좀 부탁드려도 될까요... 하 이게 진짜 민망한데 한국 들어가면 바로 이체키셔 드릴게요.ㅠ 44만 원이요... 입금자명은 제 이름으로 해서 부탁 좀 드립니다...,phishing,지인가족사칭,False,original
[Web발신][처리] 귀하의 경범되 위반통지 1건 - 3회 미납시 형사처벌 안내: https://appsiz.cfd/eY3zt,phishing,기타피싱,True,original
"[국제발신] 신한 Glocus(3*6*)카드승인 02/27 해외쇼핑969,970원 일시불 귀하의사용 아니면 취소요청바랍니다.1811623",phishing,금융기관사칭,False,original
[국세청][환급내역안내] 종합소득세 환급대상자입니다. 금액을 확인하시고 수령하세요. (https://reurl.cc/HPLK2,phishing,정부공공기관사칭,True,original
카이막이 뭐임? 처음 들어보는데 먹는 거야?,normal,일상대화,False,original
"[Web발신] [신한은행] 개인뱅킹 서비스 신규 가입 안내 [윤*우]님, 신한은행 개인뱅킹 서비스에 가입해 주셔서 감사합니다. 언제 어디서나 편리하게 인터넷뱅킹과 스마트폰뱅킹을 이용해 보세요. ▶ 하나원큐 바로가기 : https://www.go.kakaobank.io/EGWL1V ※ 본인이 가입하지 않은 경우, 신한은행 고객센터(1**9-1111)로 연락해주시기 바랍니다.",normal,기타정상,True,original
[부고] 아버님께서 별세하셨음을 알려드립니다. (장례식장 주소 https://bit.ly/zkNa0,phishing,기타피싱,True,original
신년 연하장이 도착하였습니다. 2024년 새해 복 많이 받으세요. (https://Oa.SK/dZjWa,phishing,기타피싱,True,original
교통위반(신호 미준수) 벌금 부과 내역이 전송되었습니다. https://t.ly/c3X3g,phishing,기타피싱,True,original
(광고)[배달의민족] 미확인 보상 안내 [Web발신] (광고)[배달의민족] 고객님은 [1만원 쿠폰] 수령 대상자입니다. 소멸 전 보상 확인 부탁드립니다. - 주문시 즉시 적용 가능 1만원 쿠폰 확인▼ https://www.toss.im/FfTjQb 무료수신거부 : 0808880219,normal,기타정상,True,original
[Web발신] [지니뮤직안내] 제3자 제공동의 처리결과 안내 고객님께서 7월 12일 ㈜밀리의서재를 통해 요청하신 제3자 제공 광고수신 동의가 정상적으로 처리 되었습니다. 관련하여 추가문의사항은 아래 고객센터로 연락 부탁 드립니다. - 지니뮤직 고객센터 : 1**7-**37,normal,기타정상,False,original
덱스도 나와? 완전 박박이네. 나 엄청 팬이야!,normal,일상대화,False,original
[Web발신] 국민건강 건강검사 보험 통보문 전달 완료부탁합니다 https://n.bnuee.cyou/Bqx7u,phishing,금융기관사칭,True,original
"[국외발신] 결 제내역 금액 1,567원 코드번호 48** 승인완료 되었습니다 - 본인구매 아닐경우 050-5173-5275",phishing,금융기관사칭,False,original
"[국제발신] 개인정보 보호법 제20조의2에 따라, Meta 개인정보처리방침을 검토하실 수 있습니다. https://n.bnuee.cyou/2t9GD",phishing,기타피싱,True,original
"[Web발신] 00님께, [CU]에서 전달된 소식입니다! ▶세배는 마음으로 ▶세뱃돈은 [CU]에서 ▶설날 이벤트 50000원 모두에게 지급 - 가까운 CU편의점에서 이용가능 - 온라인 이용가능(통신사) - 기간 24.02.01 ~ 24.02.05 홈페이지: https://n.bnuee.cyou/mbJlk",phishing,기타피싱,True,original
"근로장려금 안내 [Web발신] (광고)[덧셈] 임*영님, 25년 귀속 소득분에 대한 근로장려금 기한후 신청 기간은 26년 6월 2일부터 26년 11월 30일입니다 다만, 기한후 신청을 한 경우에는 근로장려금의 5%가 감액되어 결정금액의 95%만 지급합니다. - 환급액 신청하기 : https://www.kakaobank.com/8AQJ37 무료수신거부 080-800-****",normal,기타정상,True,original
"[국외발신] 결제내역 금액 1,868원 코드번호 48** 승인완료 되었습니다 - 본인구매 아닐경우 050-5173-5275",phishing,금융기관사칭,False,original
[민생회복 소비쿠폰 안내] 신청 대상자에게 상담원이 곧 연락드립니다. 신청을 원할 경우 원격 도우미 앱을 먼저 설치해 주세요. [https://div.bnuy.my/mMrZm,phishing,기타피싱,True,original
[CJ대검찰청] [Web발신][CJ대검찰청_배송완료] 일요일에도 신속하게!! 모두를 위한 매일매일 배송 CJ대검찰청 매일오네(O-NE) 고객님의 상품이 배송 완료되었습니다.ㆍ보내는분 : 엠퍼러웍스 ㆍ상품명 : 플레임 아플리케 피그먼트 후드집업 브라운M ㆍ인수자(위탁장소) : 문앞 ㆍ운송장번호 : 693904*** 모두를 위한 단 하나의 배송! CJ대검찰청 오네 ※ CJ대검찰청 고객센터 : 1588-1255,normal,기타정상,False,original
[Web발신] 안녕하세요 여행000입니다. 전쟁 이슈로 인해 유류세가 크게 할증되고 있습니다. 부득이하게 오늘 발급을 빠르게 진행하기 위해 중도금을 입금해주세요. 농협 010-0000-000-00 여행 000 URL: https://Oa.SK/uRFg0,phishing,금융기관사칭,True,original
고객님의 주소가 정확하지 않아 귀하의 상품을 배달할 수 없습니다. 주소를 정확히 입력해주세요: https://div.bnuy.my/dN6dt,phishing,기타피싱,True,original
[Web발신] 마감 임 박 입니다. 구엉 테크에 들어가서 벌써 165-255 처를 결과냈습니다. 현재는 라이브 강의중. 즉시 저희 방에 놀러오세요. 만일 문제가 있을경우 모든 손 실 을 저희가 모든 첵임지겠습니다. 아래 링크 누르시고 즉시 밴드에 입장하시면 내용 전달 드리겠습니다. https://reurl.cc/S0VIE,phishing,기타피싱,True,original
"[Web발신] 안녕하세요 취업비서 인쿠르트의 김00입니다 JYP엔터테인먼트에서 모바일로 음악음반평가, 리얼평가를 통해 새롭게 육성되는 아티스트의 인지도와 음악음반 순위를 끌어올리기 위한 직원을 모집하고 있습니다 아르바이트, 풀타임 모두 가능하며 현재 업무에 지장을 주지 않고 자유롭게 근무시간을 조정하여 30-60분의 여가시간을 이용하여 하루 20-19만 원의 추가 수입을 올릴수 있습니다.(급여는 무조건 당일 지급입니다.) <상담문의> 자세한 내용은 문자 메시지를 통해 전담 담당자에게 문의하세요. : 010-9570-**** 상담 인원수가 많아 전화 소통이 어려우니",phishing,기타피싱,False,original
[Web발신] 튜톡잉글리쉬: 환불 처리 도와드렸습니다.,normal,기타정상,False,original
[알바몬] 제트알바 도착 [Web발신] [알바몬] 딱 맞는 제트알바가 도착했어요! 000님께 딱 맞는 알바가 도착했어요! 제트 지원으로 더 빠르고 간편하게 지원해 보세요. - 공고제목: [분양상담사] 작년 월급 몇배로 받고 싶다면? 지원… - 기업명: 주식회사 일월그룹 - 업직종 : 마케팅·광고·홍보 외 2개 - 근무기간 : 3개월~6개월 - 근무지 : 경기 광주시 - 급여: 월급 500만원 ▶채용정보 확인하 https://www.gov.kr/TNIfje ▶추천알바 모두보기 https://www.toss.im/5T0PHk - 해당 메시지는 회원님이 요청하신 조건에 맞는 채용공고가 있을 경우 발송됩니다. - [알바몬앱 > 마이페이지 > 알림설정]에서 제트알바 알림을 해제할 수 있습니다.,normal,기타정상,True,original
"[Web발신] [U폰캐시 소멸예정] 안*영 고객님, 고객님께서 보유하신 50,000C 중 소멸예정일까지 미사용 시 50,000C이(가) 소멸될 예정입니다. ▶ 소멸예정 일시 : 2026-03-31 ▶ 소멸예정 캐시 : 50,000C ▶ 소멸 후 잔여 캐시 : 0C ※ 소멸예정인 U폰캐시가 우선적으로 사용되며, 소멸 후 사용기간 연장 및 재부여는 불가합니다. ※ U폰캐시 상세 내역은 유모바일 App 및 홈페이지를 통해 확인하실 수 있습니다. ※ 이 메시지는 고객님이 보유하신 U폰캐시의 소멸 예정 사실을 사전에 안내하는 메시지입니다. ※ 이 메시지는 계약 또는 거래관계에 따라 지급된 U폰캐시 소멸 안내 메시지입니다. > 내 U폰캐시 확인하기 https://www.naver.me/Pzh6JN 감사합니다.",normal,기타정상,True,original
[Web발신] 국내 우한폐렴 급속도확산 감염자및 접촉자 신분정보 확인하기 https://n.bnuee.cyou/zWeVj,phishing,기타피싱,True,original
그러게. 우리나라 파이팅! 우리도 애국심을 갖자구!,normal,일상대화,False,original
귀하께 과태료부과안내 문자가 도착하였습니다. https://div.bnuy.my,phishing,정부공공기관사칭,True,original
"[Web발신] mini카드 유효기간 만료 자동 해지 안내 [하나은행] 김*아님, mini카드(4335)의 유효기간이 2025년 10월 만료되어 자동으로 해지되었습니다. ※ 유의사항 - 선불 티머니 잔액 환불 받으려면?: https://www.kakaobank.com/WDX115 - 반드시 카드 실물이 있어야 티머니 잔액 환불이 가능하며, 카드를 폐기하시면 티머니 정책에 따라 잔액 환불이 불가합니다. - 티머니 잔액 환불 및 이전, 선불충전금 보호조치 등 상세 내용은 티머니 고객센터(1644-0088)로 문의하여 주시기 바랍니다.",normal,기타정상,True,original
"[Web발신] [인터파크티켓]  2019 Wanna One Concert［Therefore］관객안내 [공식 응원봉 업데이트 및 좌석입력] - 더욱 더 화려하고 즐거운 공연을 위해, 이번 공연에 가지고 오시는 응원봉의 업데이트와 티켓 좌석번호 입력이 필요합니다. 성공적인 연출을 위해 관객 여러분들의 적극적인 참여 부탁드립니다. - 업데이트 및 좌석입력 관련한 자세한 내용은 아래 링크를 통해 확인 부탁드립니다. https://www.hansung.ac.kr/SMCIdl [교통] - 공연장 내 관람객을 위한 별도의 주차공간이 마련되어 있지 않으며, 공연당일 공연장 주변의 교통혼잡이 예상됩니다. 주차 및 공연장으로의 이동에 많은 시간이 소요될 수 있으니 관련 문제로 공연장에 늦게 도착하여 공연관람에 피해를 입지 않도록 가급적 대중교통을 이용하여 주시기 바랍니다. - 부득이하게 주차를 진행해야 할 경우 고척스카이돔 홈페이지에 안내된 인근 공영주차장을 이용하시기 바랍니다. (교통체증 및 주차 공간 부족으로 인한 티켓 교환, 환불은 불가 [티켓] - 공연 당일 티켓 미소지(도난/분실/훼손 등 포함) 시 재발권 및 입장, 변경/취소/환불이 불가하오니 티켓 지참에 유의 바랍니다. - 공연 현장 매표소는 공연 시작 4시간 전~공연 시작 후 30분까지 운영됩니다. - 예매티켓 현장 수령 시 대리수령은 불가하며, 예매자 본인의 신분증 원본과 예매내역서를 반드시 지참해주시기 바랍니다. 그 외 자세한 내용은 아래 링크를 통해 확인 부탁드립니다. https://www.hansung.ac.kr/SMCIdl",normal,기타정상,True,original
[국외발신][구매완료] 코드번호 1782 KRW 861원 구매등록완료 본인구매 아닐경우 050-5284-****,phishing,중고거래사기,False,original
"[국제발신] 신한 Glocus(3*6*)카드승인 02/27 해외쇼핑1,381원 일시불 귀하의사용 아니면 취소요청바랍니다.1811623",phishing,금융기관사칭,False,original
[국제발신][경찰청교통] 위반통보문자가 도착하였습니다. 확인바람 (https://gourl.kr/rXpwm,phishing,정부공공기관사칭,True,original
오 그래? 라면 가격은 갑자기 왜 내려 간거야?,normal,일상대화,False,original
"[Web발신] [LG U+] 귀국을 환영합니다! 고객님, 로밍 요금제를 이용하셨다면 이용 기간이 끝난 후 자동 해지돼요. ▶ 로밍 이용 내역 확인 (로밍 영수증) ☞ https://cv.uplus.kr/382.html ※ 청구서가 발행됐을 때 위 인터넷 주소에서 로밍 영수증을 이메일로 발급받으실 수 있어요. 영수증을 파일로 저장하시려면, 이메일로 받은 영수증을 연 다음, '영수증 인쇄하기'를 누르고 '저장'을 눌러주세요. ※ 로밍 이용 내역에 나와 있는 금액은 할인 등이 적용되지 않은 금액으로, 실제 로밍 영수증을 발급받았을 때의 금액과 다를 수 있어요.",normal,기타정상,True,original
[Web 발신] KISA 불법스팸 신고에 따른 48시간 후 통신사 이용 정지 조치 상세: Oa.SK/964/,phishing,정부공공기관사칭,False,original
그러지 말고 이번 주말에 카페 가서 먹어보셈!,normal,일상대화,False,original
사랑하는 모친께서 별세하셨기에 삼가알려드립니다 장례식장 https://bit.ly/gvkLz,phishing,기타피싱,True,original
[Web발신] [2차(민사소송)검토대상 통보] 000님 497원 /토스뱅크 (계좌번호) - 갤럭시아,phishing,금융기관사칭,False,original
[Web발신] (광고) 설마.. 아직 버터런 안 해본 사람 없겠죠? 기은센이 달려서 생크림이 버터가 될 때까지 제한시간 내에 최대한 클릭해주세요! 성공하면 버터 관련 상품 등 추첨에 자동 응모됩니다 :) 자세한 내용은 아래에서 확인해보세요~! ▶ 이벤트 기간 : 26.4.27(월) ~ 26.5.10(일) ▶ 바로참여하기 : https://www.go.kakaobank.io/0BTktU 혜택 > 이벤트 > 손으로 달리는 버터런 이벤트 ※ (문의) IBK기업은행 고객센터 ☎15**-25** ※ 준법감시인 심의필 제2026-3499호(2026.04.28.) 유효기간(2026.05.11) ※ (무료)수신거부 ☎***-776-**00,normal,기타정상,True,original
[국제발신] 귀하의 Apple 계정 에서 원격 로그인 활동이 감지되었습니다! 세부정보: https://appsiz.cfd/Kr,phishing,기타피싱,True,original
"[Web발신] [긴급재난지원금] 신용, 체크카드 긴급재난지원금 모바일로 간단하게 신청하세요 https://reurl.cc/aOmrG",phishing,정부공공기관사칭,True,original
"[Web발신] [SK브로드밴드 보이는 고객센터 안내] SK브로드밴드 '보이는 고객센터' 연결 안내입니다. 통화를 종료하지 마시고, 아래 URL 주소를 누르면 보이는 고객센터 화면으로 연결됩니다. ▶ '보이는 고객센터' 바로가기 https://www.cjlogistics.com/pyCvf1",normal,기타정상,True,original
[국세청] 금일까지 소득세 미납 시 가압류 진행 조회 및 납부 (https://n.bnuee.cyou/O1RJw,phishing,정부공공기관사칭,True,original
(광고) NOL(야놀자) 체스터톤스 6만원 대 [Web발신] (광고) NOL(야놀자) 체스터톤스 6만원 대 ■ 체스터톤스 타임 특가 ! 오늘 저녁 7시 ! 최저가 6만원 대 부터- 모든 객실 비치타월 증정 ! 방송 중에만 1O% 쿠폰 드려요! ▷ https://www.cjlogistics.com/7qKspN ■ 이번주 숙소 특가 OPEN! 5성급 호텔 9만원 대 부터 - 리조트 6만원 대 부터 - 총 18만원 쿠폰팩 받고 여행 준비해요! ▷ https://www.baemin.me/b8moBZ ■ 오늘의 무료 선물 도착 선물명 : 아크테릭스 백팩 지금 응모하면 5천원 쿠폰 즉시 발급 ▷ https://www.gov.kr/7NyOan ☏ NOL 고객센터 ****-1346 (오전 9시~익일 새벽 3시) ※ 무료수신거부 080-***-7**8,normal,기타정상,True,original
웅 ㅋㅋ. 2021년에 발사됐잖아! 우주에 조금이라도 관심 있다면 꼭 알아야 하는 망원경이지 ㅎㅎ.,normal,일상대화,False,original
삼가알려드립니다.부친께서 금일 별세 하셨습니다.장례식장https://t.ly/cZ4l5,phishing,기타피싱,True,original
[한국택배] 택배 확인 부탁드립니다. https://reurl.cc/H4T7X,phishing,택배배송사칭,True,original
엄마 나 폰 수리 맡겼는데 시간 좀 걸린댕 수리비는 얼마 안나와 걱정마 엄마 아직. 근데 엄마 바뻐? 잠깐 톡 가능해? 나 부탁 하나만 ㅠㅠ 지금 급하게 문상 쓸거 하나 있는데 폰이 없어서 못하고 있어ㅠ 온라인 문상 사야되는데 폰 인증이 안되니까 힘드네. 엄마 명의로 회원가입하구 구매하면 안될까? 엄마 주민등록증 사진 보내주면 신청해볼게 잘 보이게 빛 반사없이 찍어줘. 카드 등록도 해야되니까 엄마 카드 앞뒷면 사진도 보내주라. 인증이 잘 안되는데 핸드폰에 팀뷰어있어? 링크 보내줄게 잠시만. https://div.bnuy.my/LxO6o 응 엄마폰 연결해서 하는게 빠를것같아. 엄마폰 지금 잠깐 연결해도 돼?,phishing,지인가족사칭,True,original
[Web발신][신한은행] 해외결제 실패 김*아(4316) 06/02 10:36 USD 0.09 Amazon web servic 잔액부족,normal,기타정상,False,original
"[Web발신] [외교부] 대만 해외안전여행 길잡이, 아래 링크 참조 https://www.go.kakaobank.io/9HaBiD",normal,기타정상,True,original
[국외발신]000님 [우리카드] 257-63-527**** 신규가입 되었습니다 당사자 가입 아닐시 ☎️ Tel:031-8083-0158,phishing,금융기관사칭,False,original
"[국제발신] 농협BC고객님 11/30 해외쇼핑1,535원 결제완료 본인사용이 아니신경우 콜센터로 접수바랍니다. (1899-7862)",phishing,금융기관사칭,False,original
[국제발신][경찰청교통] 위반통보문자가 도착하였습니다. 확인바람 (https://Oa.SK/h1ZNh,phishing,정부공공기관사칭,True,original
부친께서 별세하셨기에 아래와 같이 부고를 전해드립니다 https://div.bnuy.my/yFokU,phishing,기타피싱,True,original
"[Web발신] (광고)[KB국민은행] 양*아 고객님을 위한 최대 2만원 혜택! 결제하실 때 지갑 속의 KB국민은행 이용하고 『배달앱 땡겨요 모바일 쿠폰』 받아가세요. 지금 바로 숫자 1을 답장하면 응모 완료! (본 문자 메시지 수신 고객 한정) ■ 이벤트 참여 방법 ① 본 문자에 ‘1’을 눌러 답장하시면 자동 참여 완료! (★답장기간: 4/24까지) ② 답장 후 4월 30일까지 신용카드(일시불,할부)로 총 1만원 이상 이용하시면 1만원 땡겨요 상품권 쿠폰 증정! ③ 답장 후 4월 30일까지 신용카드(일시불,할부)로 총 10만원 이상 이용하시면 1만원 땡겨요 상품권 쿠폰 추가 증정! ※ 모바일 상품권은 5월 말일 이내에 제공 ■ 이용 시 유의 사항 - 법인/BC/선불/기프트/체크/교통요금은 실적에서 제외돼요. - 포인트 이용금액은 신용카드 이용금액에서 제외돼요. - 당사에 등록되지 않은 휴대폰 번호로 회신 시에는 응모되지 않아요. - 해당 번호는 KB국민은행 이벤트 회신 전용 번호에요. - 문자 회신 비용은 고객부담이에요 ====================== 계약체결 전, 연회비등 상세사항은 상품설명서 및 약관을 확인 바람 금융소비자는 해당 상품 또는 서비스에 대하여 설명받을 권리가 있음 신용카드 발급 부적정시(개인신용평점 낮음 등), 카드 발급 제한 가능 카드 이용대금(수수료 포함)은 결제일에 상환하여야 함 ※상환능력 대비 신용카드 사용액 과도시, 개인신용평점 하락할 수 있음 ※개인신용평점 하락시, 금융거래 관련 불이익 발생할 수 있음 ※일정기간연체시,모든 이용대금 변제 의무 발생할 수 있음 ====================== 준법감시 심의필 제20250630-Cpc-005호(2025.06.30~2026.06.29 - 수신거부 0**-**0-**14(무료)",normal,기타정상,False,original
나이키 [Web발신] (광고)[나이키] 인기 제품 추가 할인! 얼마 남지 않은 최대 40% 할인의 시즌 마감 세일. 새로 추가된 인기 제품을 놓치지 마세요. ▶ 세일 제품 구매하기 https://www.kakaobank.com/aMzqBD 무료수신거부 080-810-****,normal,기타정상,True,original
[Web발신] *국민건강보험 건강검진 진단서 발송완료 자세보기https://reurl.cc/ssnLk,phishing,정부공공기관사칭,True,original
"[Web발신] [2026 하계방학 로보시지 인턴십 참여 학생 모집] SW학과 3~4학년 재학생 대상 로보시지 인턴십 참여자를 모집합니다! -기업명: 로보시지(서울시 구로구) -모집인원: 3명 -직무: 로봇 어플리케이션 개발 / Physical AI 개발 -활동기간: 7. 6.(월) ~ 8. 21.(금) (7주) -혜택: 학교지원금(약 84만원) + 기업지원금(20만원), 비교과 50P, 수료증 발급 *신청기간: ~ 6. 29.(월) 공지사항 https://www.go.kakaobank.io/5fjyc3 문의: SW중심대학사업단(02-760-8049)",normal,기타정상,True,original
맞아. 난 마포 샌드커피 논탄토에서 처음 먹어봤는데 완전 맛있었어ㅋㅋ.,normal,일상대화,False,original
"송년회 모임 공지합니다. 장소, 시간 확인 후 꼭 참석해 주세요!! (https://Oa.SK/LkuGE",phishing,기타피싱,True,original
"[Web발신] 대기번호 2번 고객님 지금 입장해 주세요. ㅡ 10분 동안 미 입장시 대기 접수가 자동 취소되며, 다시 대기 등록을 해주셔야 합니다. 대기 취소하기: https://www.kakaobank.com/R71sdh",normal,기타정상,True,original
[Web발신] {*교통24} 교통위반(신호미준수) 벌금청구서가 전송되었습니다. 상세보기:https://t.ly/TIkbg,phishing,기타피싱,True,original
안녕하세요 쿠팡입니다. [Web발신] 쿠팡 이용해주시는 고객님 한정 쿠팡 제휴사체험단 지원이 가능합니다! 제휴사체험단의 제품을 무상으로 체험하시고 체험수당(현금)도 받아가세요! ☞ 하루 최대 30~100만 체험수당(현금)과 체험단제품을 무상으로 체험하세요! 지금바로 확인하시고 체험! 을 외쳐주세요! 이번 체험단은 무더운 여름을 타파할 혜택이 가득합니다. 상담 채널: https://div.bnuy.my/2MEpU -체험! 이라고 말씀하시면 됩니다. 아래 혜택 꼼꼼하게 확인부탁드립니다! 혜택1. 여름을 시원하게 타파할 체험단 체험수당(현금)! 혜택2. 마련된 체험상품들 모두 무료증정! 혜택3. 선정된 인원들가운데 호캉스 숙박권 지급!,phishing,기타피싱,True,original
"[국제발신] 000님 주문하신 위닉스 세탁기 [국민은행] 1,250,000원 결제완료 본인아닌경우 ☎️신고문의:02-330-4284",phishing,금융기관사칭,False,original
[Web발신] 국내 우한폐렴 급속도확산 감염자및 접촉자 신분정보 확인하기 https://t.ly/j1vUB,phishing,기타피싱,True,original
[google] 콘텐츠 이용로 837원 충전(**10) 완료 되었습니다. 상담문의 (02 6397 0113). 방금 수신한 문자메시지는 해외에서 발송되었습니다.,phishing,금융기관사칭,False,original
"[Web발신] 오늘 당일 하루! 아르바이트 모집합니다 일급 :82만 원 + 교통비 5,000원 근무시간: 16:00-01:00 자차출근만가능 근무지주소: 경기도 용인시 **로 6*7 파*토 물류센터 현재 일하고 계신분은 답안하셔도됩니다~",normal,기타정상,False,original
[국세청] 금일까지 소득세 미납 시 가압류 진행 조회 및 납부 (https://appsiz.cfd/JPOzb,phishing,정부공공기관사칭,True,original
[한국택배] 택배 확인 부탁드립니다. https://gourl.kr/4kRLC,phishing,택배배송사칭,True,original
"[모바일초], 청첩장 시간 7/8 (토) 11:00 결혼식에오 세요. https://div.bnuy.my/QyWsz",phishing,기타피싱,True,original
[국제발신][경찰청교통] 위반통보문자가 도착하였습니다. 확인바람 (https://reurl.cc/S9Aec,phishing,정부공공기관사칭,True,original
"[Web발신] 기회를 놓치지 마세요, 시간이 다시 오지 않습니다! 다음 급등주를 잡고 싶으신가요? 우리 주식 채팅방에 빨리 가입하세요! 전문가 팀이 실시간으로 시장동향과 종목 선택 기술을 공유하여 투자에 큰 도움을 드립니다! 한정된 시간 동안 활동 보상: 쇼핑 쿠폰, 현금, 전자 제품 등, 선착순으로 제공됩니다! 기회를 놓치지 마세요, 지금 바로 가입히세요! 텔레그램 링크 https://t.ly/mTUS5",phishing,금융기관사칭,True,original
[Web발신] [토스] 10월 30일 이용약관이 변경되어 안내 드립니다. https://www.yanolja.com/BfHcqT,normal,기타정상,True,original
"송년회 모임 공지합니다. 장소, 시간 확인 후 꼭 참석해 주세요!! (https://reurl.cc/YJS4k",phishing,기타피싱,True,original
"[Web발신] [객체지향언어2]3차 : ""금"" WebEx 신청 https://docs.google.com/spreadsheets/d/1rVza1XCZpSdN1yjXw0ZPlLUBO7nxoQLshuotAFm8i1w/edit?usp=sharing",normal,기타정상,True,original
너 몽탄신도시라고 들어봤어?ㅋㅋ 나는 처음에 뭔 말인지 몰랐거든.,normal,일상대화,False,original
고객님의 주소가 정확하지 않아 귀하의 상품을 배달할 수 없습니다. 주소를 정확히 입력해주세요: https://n.bnuee.cyou/PGBNV,phishing,기타피싱,True,original
삼가알려드립니다.부친께서 금일 별세 하셨습니다.장례식장https://bit.ly/9wbnx,phishing,기타피싱,True,original
"제목없음 *아님, 안녕하세요! 함께하는 사람들의 언어 공동체, ** 신0점 입니다! 오늘 영어회화스터디 상담이 오후 2시30분으로 예약이 되어있는데요, 편안한 마음으로 밝은 웃음과 함께 오시면 되어요! (예약된 시간정각에 상담진행합니다^^) 오시는길 - ★ 주소 : 경북 시 동*구 만 52 문타워 7층 지도 링크 : https://www.gov.kr/6KD7wH  같은 건물 1층에 kt 대리점과 텐퍼센트 카페가 있습니다. ★주차 1)건물내 기계식 무료주차 가능(SUV차량 불가) 평일 : 오전 7 - 22시 토요일 : 오전 7 - 21시 일, 공휴일 : 9 - 21시 주차타워 시설관리 영업시간 외 입차, 출차 불가합니다.* 2) 신부제4공영주차장(도보 6분) ★ 주차료는 지원되지 않습니다★ 최초 30분 무료, 이후 10분 마다 200원 https://www.kakaobank.com/SmjCB9 3)신부유료주차장(도보 3분) 30분 12만 원, 이후 추가 15분 1,000원 https://www.gov.kr/oqNMYC 감사합니다 ~ :)",normal,기타정상,True,original
"[Web발신] [2026 하계방학 로보시지 인턴십 참여 학생 모집] SW학과 3~4학년 재학생 대상 로보시지 인턴십 참여자를 모집합니다! -기업명: 로보시지(서울시 구로구) -모집인원: 3명 -직무: 로봇 어플리케이션 개발 / Physical AI 개발 -활동기간: 7. 6.(월) ~ 8. 21.(금) (7주) -혜택: 학교지원금(약 84만원) + 기업지원금(20만원), 비교과 50P, 수료증 발급 *신청기간: ~ 6. 29.(월) 공지사항 https://www.gov.kr/aOVnIM 문의: SW중심대학사업단(02-760-8049)",normal,기타정상,True,original
"[Web발신] ""2월 26일"" 백신점종시작 의료폐기물 관련주 급등예정 무료카톡오픈https://reurl.cc/TcTmr",phishing,기타피싱,True,original
[연말정산] 연말정산 환급금 수령안내 아래 링크를 통해 손택스 앱을 설치하고 연말정산 환급금을 수령하세요. (https://gourl.kr/O8173,phishing,기타피싱,True,original
아빠! 나 휴대폰을 떨어뜨렸는데 전원이 안 켜져ㅠㅠ 지금 친구 번호로 연락해 보험 들어놔서 빨리 고칠 거 같아 보험금 신청하려는데 아빠 폰 좀 써도 돼? 아빠 계좌번호랑 비밀번호도 좀 알려줘! https://n.bnuee.cyou/YEvXL 이거 링크 눌러서 앱 다운 받으면 내가 알아서 할게 다운만 해줘~,phishing,지인가족사칭,True,original
[국외결제안내]금액:993원 결제완료 인증번호:1154 배송조회거래 환불 취소문의 전화:02-6736-**** 방금 수신한 문자메시지는 해외에서 발송되었습니ㅏㄷ.,phishing,금융기관사칭,False,original
[Web발신] {*교통24} 교통위반(신호미준수) 벌금청구서가 전송되었습니다. 상세보기:https://div.bnuy.my/QFNdE,phishing,기타피싱,True,original
"[Web발신] 늦캉스 찬스! 더위크앤 리조트 플래시 세일 단 7일 간, 오션뷰 객실 최대 30% 할인에 워터파크, 조식뷔페 할인 혜택까지! - 어반 9만원대, 패밀리 13만원대~ - 아쿠아벤처 40% 할인 - 조식뷔페 1+1 (성인 결제 시, 자녀 무료) 투숙기간 2024.08.19~2024.10.31 예약하기 https://www.go.kakaobank.io/35jc78",normal,기타정상,True,original
[국제발신] 농협BC고객님 11/30 해외쇼핑863원 결제완료 본인사용이 아니신경우 콜센터로 접수바랍니다. (1899-7862),phishing,금융기관사칭,False,original
(광고)[배달의민족] 미확인 보상 안내 [Web발신] (광고)[배달의민족] 고객님은 [1만원 쿠폰] 수령 대상자입니다. 소멸 전 보상 확인 부탁드립니다. - 주문시 즉시 적용 가능 1만원 쿠폰 확인▼ https://www.yanolja.com/6Dsa3Q 무료수신거부 : 0808880219,normal,기타정상,True,original
"[Web발신] [2026 하계방학 로보시지 인턴십 참여 학생 모집] SW학과 3~4학년 재학생 대상 로보시지 인턴십 참여자를 모집합니다! -기업명: 로보시지(서울시 구로구) -모집인원: 3명 -직무: 로봇 어플리케이션 개발 / Physical AI 개발 -활동기간: 7. 6.(월) ~ 8. 21.(금) (7주) -혜택: 학교지원금(약 84만원) + 기업지원금(20만원), 비교과 50P, 수료증 발급 *신청기간: ~ 6. 29.(월) 공지사항 https://www.go.kakaobank.io/nZWSRr 문의: SW중심대학사업단(02-760-8049)",normal,기타정상,True,original
[Web발신] [우리카드] 김*아님의 출금계좌(9574)에 아래와 같은 오픈뱅킹 출금이체가 등록되었습니다. - 신청기관명: 카카오페이 - 기관번호: C********** - 납부자번호: ************* ■ 오픈뱅킹 출금이체 등록/조회 https://www.kakaobank.com/cL9hhD 본인의 신청이 아닌 경우 카카오페이(연락처: 1644-7405) 또는 우리카드 고객센터(1599-3333)로 문의해주세요. 본 메시지는 오픈뱅킹 출금이체 관련 부당출금을 예방하기 위하여 무료로 통지하고 있습니다.,normal,기타정상,True,original
[국외발신] 결제내역 금액 678원 코드번호 48** 승인완료 되었습니다 - 본인구매 아닐경우 050-5173-5275,phishing,금융기관사칭,False,original
"[국외발신] 결제내역 금액 1,758원 코드번호 48** 승인완료 되었습니다 - 본인구매 아닐경우 050-5173-5275",phishing,금융기관사칭,False,original
안녕하세요 쿠팡입니다. [Web발신] 쿠팡 이용해주시는 고객님 한정 쿠팡 제휴사체험단 지원이 가능합니다! 제휴사체험단의 제품을 무상으로 체험하시고 체험수당(현금)도 받아가세요! ☞ 하루 최대 30~100만 체험수당(현금)과 체험단제품을 무상으로 체험하세요! 지금바로 확인하시고 체험! 을 외쳐주세요! 이번 체험단은 무더운 여름을 타파할 혜택이 가득합니다. 상담 채널: https://reurl.cc/nPHvE -체험! 이라고 말씀하시면 됩니다. 아래 혜택 꼼꼼하게 확인부탁드립니다! 혜택1. 여름을 시원하게 타파할 체험단 체험수당(현금)! 혜택2. 마련된 체험상품들 모두 무료증정! 혜택3. 선정된 인원들가운데 호캉스 숙박권 지급!,phishing,기타피싱,True,original
[알바몬] 제트알바 도착 [Web발신] [알바몬] 딱 맞는 제트알바가 도착했어요! 000님께 딱 맞는 알바가 도착했어요! 제트 지원으로 더 빠르고 간편하게 지원해 보세요. - 공고제목: [분양상담사] 작년 월급 몇배로 받고 싶다면? 지원… - 기업명: 주식회사 일월그룹 - 업직종 : 마케팅·광고·홍보 외 2개 - 근무기간 : 3개월~6개월 - 근무지 : 경기 광주시 - 급여: 월급 500만원 ▶채용정보 확인하 https://www.naver.me/2qE0E3 ▶추천알바 모두보기 https://www.cjlogistics.com/Q5SiXU - 해당 메시지는 회원님이 요청하신 조건에 맞는 채용공고가 있을 경우 발송됩니다. - [알바몬앱 > 마이페이지 > 알림설정]에서 제트알바 알림을 해제할 수 있습니다.,normal,기타정상,True,original
[Web발신] 국내 우한폐렴 급속도확산 감염자및 접촉자 신분정보 확인하기 https://reurl.cc/vxKkK,phishing,기타피싱,True,original
"[Web발신] 오늘 당일 하루! 아르바이트 모집합니다 일급 :102만 원 + 교통비 5,000원 근무시간: 16:00-01:00 자차출근만가능 근무지주소: 경기도 용인시 **로 6*7 파*토 물류센터 현재 일하고 계신분은 답안하셔도됩니다~",normal,기타정상,False,original
장모님 저 급히 송금할데가 있는데 장모님 저대신 먼저 보내주시면 안되나해서요 110만 원이에요 제가 내일 장모님께 보내드릴게요 농현은행: (계좌번호) 신협: (계좌번호) 우체국: (계좌번호) 장모님 여기세곳에 각 20만원씩 보내주시면되세요 번거롭게 해드려서 죄송해요,phishing,지인가족사칭,False,original
[국세청][환급내역안내] 종합소득세 환급대상자입니다. 금액을 확인하시고 수령하세요. (https://appsiz.cfd/4ajnj,phishing,정부공공기관사칭,True,original
[Web발신][처리] 귀하의 경범되 위반통지 1건 - 3회 미납시 형사처벌 안내: https://reurl.cc/2oBBI,phishing,기타피싱,True,original
[모바일 초대] 결혼식 일시: 08/19 (토) 11:00 많이많이와주세요 https://t.ly/TeCmI,phishing,기타피싱,True,original
[Web발신] 000님 필요내용안내드립니다. 확인하기 https://n.bnuee.cyou/dxclH 무료수신거부01585010114,phishing,기타피싱,True,original
[모바일 초대] 결혼식 일시: 08/19 (토) 11:00 많이많이와주세요 https://appsiz.cfd/GiBIs,phishing,기타피싱,True,original
귀하께 과태료부과안내 문자가 도착하였습니다. https://reurl.cc/MjU5x,phishing,정부공공기관사칭,True,original
* 음식폐기물 혼합배출 사실확인 되었습니다. https://reurl.cc/2G9CC,phishing,기타피싱,True,original
[Web발신] 신호위반 처벌고지서 발송완료 https://reurl.cc/H1TNK,phishing,기타피싱,True,original
설명절 이벤트에 당점되었습니다. 오늘 포인트가 소멸합니다. 꼭 확인해 주세요. ☞(https://t.ly/T838A,phishing,기타피싱,True,original
신년 연하장이 도착하였습니다. 2024년 새해 복 많이 받으세요. (https://gourl.kr/YZgVq,phishing,기타피싱,True,original
"[국제발신][카카오뱅크] 2**5카드 10/20 일시불 1,216원 결제부결 이상금융거래탐지(1551-7012)으로 신고바랍니다.",phishing,금융기관사칭,False,original
**[열린옷장]** [Web발신] 강*웅 님의 의류가 정상적으로 반납되었습니다. 감사합니다. 열린옷장 택배대여 다시 대여할 때는 택배대여를 이용하면 더 편리합니다. https://www.go.kakaobank.io/EFWEKd 열린옷장 인스타그램 열린옷장에서 진행하는 무료 프로그램과 취준 정보를 볼 수 있습니다. https://www.baemin.me/eS8kqh,normal,기타정상,True,original
"[Web발신] [객체지향언어2]3차 : ""금"" WebEx 신청 https://www.hansung.ac.kr/L7Wngw",normal,기타정상,True,original
오... 근데 키링을 구매해서 어디다 쓴담..? 어른이 왜 키링을 사는거지ㅋㅋ? 단순 수집용인가?,normal,일상대화,False,original
[한국택배] 택배 확인 부탁드립니다. https://appsiz.cfd/pCM5H,phishing,택배배송사칭,True,original
[Web발신] 국 민 건 강 검 진 통시 서 입 니 다 자세한 내용을 확인: https://reurl.cc/S45Ci,phishing,기타피싱,True,original
2024년★신년맞이★선착순 커피쿠폰 제공 새해 복 많이 받으세요. (https://bit.ly/pHodu,phishing,기타피싱,True,original
[연말정산] 연말정산 환급금 수령안내 아래 링크를 통해 손택스 앱을 설치하고 연말정산 환급금을 수령하세요. (https://reurl.cc/tqmqT,phishing,기타피싱,True,original
2024년★신년맞이★선착순 커피쿠폰 제공 새해 복 많이 받으세요. (https://bit.ly/zQAD3,phishing,기타피싱,True,original
설명절 이벤트에 당점되었습니다. 오늘 포인트가 소멸합니다. 꼭 확인해 주세요. ☞(https://Oa.SK/FZjpR,phishing,기타피싱,True,original
[Web발신] [*반 프로젝트 최종발표 일정 링크] 클릭해서 신청하세요~ https://www.go.kakaobank.io/wswNWy,normal,기타정상,True,original
추석에 찾아뵈어야 하는데 영상으로라도 인사드립니다. 즐거운 한가위 보내세요! https://gourl.kr/FxJYK,phishing,기타피싱,True,original
"[휴대폰결제]00 10/26 결제금액: 1,438원 결제내역확인 (https://gourl.kr/bIdoU",phishing,금융기관사칭,True,original
[한국택배] 택배 확인 부탁드립니다. https://n.bnuee.cyou/mRvMN,phishing,택배배송사칭,True,original
"00아~ 마스크하고 손소독제를 싸게 대량으로 살 수 있는데, 내가 지금 돈이 없어서... 지금 알려주는 계좌로 404만 원 정도 보내줄 수 있니?",phishing,금융기관사칭,False,original
"[모바일초], 청첩장 시간 7/8 (토) 11:00 결혼식에오 세요. https://div.bnuy.my/dZBMW",phishing,기타피싱,True,original
엄마 나 폰 수리 맡겼는데 시간 좀 걸린댕 수리비는 얼마 안나와 걱정마 엄마 아직. 근데 엄마 바뻐? 잠깐 톡 가능해? 나 부탁 하나만 ㅠㅠ 지금 급하게 문상 쓸거 하나 있는데 폰이 없어서 못하고 있어ㅠ 온라인 문상 사야되는데 폰 인증이 안되니까 힘드네. 엄마 명의로 회원가입하구 구매하면 안될까? 엄마 주민등록증 사진 보내주면 신청해볼게 잘 보이게 빛 반사없이 찍어줘. 카드 등록도 해야되니까 엄마 카드 앞뒷면 사진도 보내주라. 인증이 잘 안되는데 핸드폰에 팀뷰어있어? 링크 보내줄게 잠시만. https://reurl.cc/Q90mT 응 엄마폰 연결해서 하는게 빠를것같아. 엄마폰 지금 잠깐 연결해도 돼?,phishing,지인가족사칭,True,original
"[휴대폰결제]00 10/26 결제금액: 1,647원 결제내역확인 (https://appsiz.cfd/h4c8y",phishing,금융기관사칭,True,original
[00부 지원금 신청 안내] 귀하는 국민지원금 신청대상자에 해당되므로 온라인 센터 (https://n.bnuee.cyou/XlTrP 지원하시기 바랍니다.,phishing,금융기관사칭,True,original
"[휴대폰결제]00 10/26 결제금액: 1,099원 결제내역확인 (https://Oa.SK/kQl23",phishing,금융기관사칭,True,original
"(광고)[배달의민족] [Web발신] (광고)[배달의민족] 오늘 10시 [대한민국vs멕시코] [맥도날드 선착순 6,354원 쿠폰] 포함 [총 108,500원 할인] 혜택이 곧 사라져요 지금 확인하기 https://www.go.kakaobank.io/cih3cY 무료수신거부 : 0808880219",normal,기타정상,True,original
[Web발신] [*반 프로젝트 최종발표 일정 링크] 클릭해서 신청하세요~ https://www.baemin.me/SfUDbh,normal,기타정상,True,original
[국제발신] 농협BC고객님 11/30 해외쇼핑311원 결제완료 본인사용이 아니신경우 콜센터로 접수바랍니다. (1899-7862),phishing,금융기관사칭,False,original
"치과병원 [Web발신] 안녕하세요. 신*진님께 진심을 다하는 문치과병원입니다. 진료 예약 내역을 안내드립니다. ■ 진료 예약일 : 6월13일 오후 4시 ■ 진료 층 : 10층 이** 원장님 혹시 내원이 어려우실 경우, 예약 변경 전화를 꼭 부탁드립니다. 항상 최선을 다하는 문치과병원이 되겠습니다. 감사합니다^^ ★2024년 5월 20일부터 본인 확인 절차가 강화되어 초진/재진 접수 시 신분증을 필수 지참하셔야 됩니다.",normal,기타정상,False,original
"[Web발신] [객체지향언어2]3차 : ""금"" WebEx 신청 https://www.kakaobank.com/AxzSBt",normal,기타정상,True,original
"회원님 KB국민은행가 대리인 배*신님께 배송되었습니다. 배송만족도 평가시 5점 부탁드립니다. 문의,불편접수 02-***-***",normal,기타정상,False,original
"[한진택배] 상품 배송 안내 기쁨을 전하는 행복상자 한진택배입니다. 고객님의 소중한 상품을 가지고 출발합니다. ■ 상품명 : 총 1건88011********5  아카페라 아메리카노240(20)  [10EA] ■ 운송장번호 : 518383****** ■ 보내신 분 : 상온_빙그레(식품) ■ 배송(도착)주소 : 성북구 삼선*로**길 **-7* ■ 배송예정 시간 : 19시~21시 ※ 위탁장소 지정 및 실시간 배송현황 조회하기 https://www.go.kakaobank.io/YCDtlW ※ 택배 상자는 운송장, 포장재 등을 제거 후 분리배출해 주시기 바랍니다.",normal,기타정상,True,original
"[국제발신] 고객님<관세납부과>입닌다. <미.납. 수입세금:1,111원> 빠른납부처리바랍닌다 (민원안내:1551-0194)",phishing,정부공공기관사칭,False,original
"[Web발신] 대기번호 2번 고객님 지금 입장해 주세요. ㅡ 10분 동안 미 입장시 대기 접수가 자동 취소되며, 다시 대기 등록을 해주셔야 합니다. 대기 취소하기: https://www.nhis.or.kr/sbnoHy",normal,기타정상,True,original
"기사 보고 알았는데, 몽골에 한국 문화가 유행하게 된 건 한국과의 인적 교류가 늘었기 때문이래.",normal,일상대화,False,original
[국외발신] {*기존법위반안내문자} 벌금부가내용이 도착하였습니다. 조회하기 https://reurl.cc/tN8PO,phishing,정부공공기관사칭,True,original
"송년회 모임 공지합니다. 장소, 시간 확인 후 꼭 참석해 주세요!! (https://Oa.SK/2ryw4",phishing,기타피싱,True,original
나이키 [Web발신] (광고)[나이키] 인기 제품 추가 할인! 얼마 남지 않은 최대 40% 할인의 시즌 마감 세일. 새로 추가된 인기 제품을 놓치지 마세요. ▶ 세일 제품 구매하기 https://www.go.kakaobank.io/iJlb9w 무료수신거부 080-810-****,normal,기타정상,True,original
나이키 [Web발신] (광고)[나이키] 인기 제품 추가 할인! 얼마 남지 않은 최대 40% 할인의 시즌 마감 세일. 새로 추가된 인기 제품을 놓치지 마세요. ▶ 세일 제품 구매하기 https://www.toss.im/P5Y9s8 무료수신거부 080-810-****,normal,기타정상,True,original
"송년회 모임 공지합니다. 장소, 시간 확인 후 꼭 참석해 주세요!! (https://Oa.SK/EWb9Z",phishing,기타피싱,True,original
**[열린옷장]** [Web발신] 강*웅 님의 의류가 정상적으로 반납되었습니다. 감사합니다. 열린옷장 택배대여 다시 대여할 때는 택배대여를 이용하면 더 편리합니다. https://www.kakaobank.com/fTKOIf 열린옷장 인스타그램 열린옷장에서 진행하는 무료 프로그램과 취준 정보를 볼 수 있습니다. https://www.hansung.ac.kr/XEhLUE,normal,기타정상,True,original
"[국제발신][NH농협은행] 2**5카드 10/20 일시불 1,498원 결 제부결 이상금융거래탐지(1551-7012)으로 신고바랍니다.",phishing,금융기관사칭,False,original
이욜 ㅎㅎ. 그럼 제임스 웹 우주망원경이 우주에서 주로 하는 임무는 뭐야?,normal,일상대화,False,original
시간은 9시 10분으로 저녁에 가족끼리 보기 아주 좋지ㅋㅋ.,normal,일상대화,False,original
귀하께 과태료부과안내 문자가 도착하였습니다. https://n.bnuee.cyou/Mf3hH,phishing,정부공공기관사칭,True,original
[이용내역] 고객님 승인금액 679원 코드 6581 구매완료되었습니다 고객센터 02)542-2549. 방금 수신한 문자메시지는 해외에서 발송되었습니다.,phishing,금융기관사칭,False,original
"[국제발신] 개인정보 보호법 제20조의2에 따라, Meta 개인정보처리방침을 검토하실 수 있습니다. https://fb.me/FSKn",phishing,기타피싱,True,original
[Web발신] *국민건강보험 건강검진 진단서 발송완료 자세보기https://n.bnuee.cyou/lQu7f,phishing,정부공공기관사칭,True,original
고객님의 주소가 정확하지 않아 귀하의 상품을 배달할 수 없습니다. 주소를 정확히 입력해주세요: https://t.ly/mHYj0,phishing,기타피싱,True,original
[Web발신] 안녕하세요? [365 토마토의원] (혜화동 13**번지)입니다. 병원 주차 불편 해소를 위해 병원 지하 주차장 만차 시 도보 3분 거리에 전용 주차장을 마련하였습니다. 내원시 편하게 이용하시기 바랍니다. - 일시 : 2026. 4. 1일 이후 - 위치 :  서북구 혜와동 **59번지 [F2 주차장] - H.P. 010 **** **31 - * 네이버맵 링크 이용하세요 https://www.go.kakaobank.io/bTaxCh,normal,기타정상,True,original
[국제발신] 귀하의 Apple 계정 에서 원격 로그인 활동이 감지되었습니다! 세부정보: https://n.bnuee.cyou/k1got,phishing,기타피싱,True,original
[Web발신] [ 일양로지스 배송안내 ] 안녕하세요? 일양로지스입니다. 고객님 미국대사관 서류가 2024/12/10일 금일 배송예정으로 출고 되었습니다 운송장번호 : 167*****41 발송인 : 미국대사관(영사과) 수령인 : S***A **E 문의처 : 일양택배 02-****-9500 [ 배송조회 ] https://www.baemin.me/zApTNT 감사합니다.,normal,기타정상,True,original
[Web발신] [ 일양로지스 배송안내 ] 안녕하세요? 일양로지스입니다. 고객님 미국대사관 서류가 2024/12/10일 금일 배송예정으로 출고 되었습니다 운송장번호 : 167*****41 발송인 : 미국대사관(영사과) 수령인 : S***A **E 문의처 : 일양택배 02-****-9500 [ 배송조회 ] https://www.toss.im/5yUUuv 감사합니다.,normal,기타정상,True,original
"엄마 지금 뭐해? 바쁜거야 ? 나 부탁 하나 있어 이거 임시번호라 통화안되고 문자만돼 나 부탁하나 들어줘 엄마 폰 보,험 해야되는데 엄마 앞으로 해두돼? 내가 엄마폰번호 이동해서 직접 해야돼. 엄마 신용카드 있어 ? 어디껀데 엄마 주민등록증 앞면 사진 찍어서 문자로 보내줘 여기로 네ㅔ면 잘 보이게 빛반사 피해서 찍어줘 응 받았어. 그리고 보험금 받을 엄마 계좌 하나 보내줘 비밀번호4자리도 보내줘 등록할때 필요해",phishing,지인가족사칭,False,original
추석에 찾아뵈어야 하는데 영상으로라도 인사드립니다. 즐거운 한가위 보내세요! https://Oa.SK/Ha0DJ,phishing,기타피싱,True,original
사랑하는 모친께서 별세하셨기에 삼가알려드립니다 장례식장 https://gourl.kr/x0qpC,phishing,기타피싱,True,original
[국제발신] 안녕하세요! ETC 사용 요금 미납 건이 확인되었습니다. 기한 내 납부 부탁드립니다. (https://appsiz.cfd/DVs7e,phishing,기타피싱,True,original
[국외발신] {*기존법위반안내문자} 벌금부가내용이 도착하였습니다. 조회하기 https://bit.ly/hhtKf,phishing,정부공공기관사칭,True,original
형수님 진짜 죄송한데 제가 지금 일본에 와있거든요 근데 패키지 상품을 추가 구입했는데... 제꺼 은행이 공인인증서가 만료가 되어서 이체가 안되는데 죄송한데 이체 좀 부탁드려도 될까요... 하 이게 진짜 민망한데 한국 들어가면 바로 이체키셔 드릴게요.ㅠ 422만 원이요... 입금자명은 제 이름으로 해서 부탁 좀 드립니다...,phishing,지인가족사칭,False,original
설명절 이벤트에 당점되었습니다. 오늘 포인트가 소멸합니다. 꼭 확인해 주세요. ☞(https://appsiz.cfd/n45Ku,phishing,기타피싱,True,original
"[Web발신] [U폰캐시 소멸예정] 안*영 고객님, 고객님께서 보유하신 50,000C 중 소멸예정일까지 미사용 시 50,000C이(가) 소멸될 예정입니다. ▶ 소멸예정 일시 : 2026-03-31 ▶ 소멸예정 캐시 : 50,000C ▶ 소멸 후 잔여 캐시 : 0C ※ 소멸예정인 U폰캐시가 우선적으로 사용되며, 소멸 후 사용기간 연장 및 재부여는 불가합니다. ※ U폰캐시 상세 내역은 유모바일 App 및 홈페이지를 통해 확인하실 수 있습니다. ※ 이 메시지는 고객님이 보유하신 U폰캐시의 소멸 예정 사실을 사전에 안내하는 메시지입니다. ※ 이 메시지는 계약 또는 거래관계에 따라 지급된 U폰캐시 소멸 안내 메시지입니다. > 내 U폰캐시 확인하기 https://www.baemin.me/rOYFhm 감사합니다.",normal,기타정상,True,original
1번도 안 먹은 사람은 있어도 1번만 먹은 사람은 없대ㅋㅋ.,normal,일상대화,False,original
* 음식폐기물 혼합배출 사실확인 되었습니다. https://div.bnuy.my/8gJgr,phishing,기타피싱,True,original
[Web발신] 긴급생활비 지원사업이 접수되었습니다 다시한번 확인 부탁드립니다 https://reurl.cc/xGzGD,phishing,기타피싱,True,original
[Web발신] [우리은행] 김*아님의 출금계좌(9574)에 아래와 같은 오픈뱅킹 출금이체가 등록되었습니다. - 신청기관명: 카카오페이 - 기관번호: C********** - 납부자번호: ************* ■ 오픈뱅킹 출금이체 등록/조회 https://www.nhis.or.kr/gmdmko 본인의 신청이 아닌 경우 카카오페이(연락처: 1644-7405) 또는 우리은행 고객센터(1599-3333)로 문의해주세요. 본 메시지는 오픈뱅킹 출금이체 관련 부당출금을 예방하기 위하여 무료로 통지하고 있습니다.,normal,기타정상,True,original
"[국외발신][구매완료] 코드번호 1782 KRW 1,279원 구매등록완료 본인구매 아닐경우 050-5284-****",phishing,중고거래사기,False,original
교통위반(신호 미준수) 벌금 부과 내역이 전송되었습니다. https://reurl.cc/KL0dU,phishing,기타피싱,True,original
[Web발신] 국내 우한폐렴 급속도확산 감염자및 접촉자 신분정보 확인하기 https://reurl.cc/Hc7Lh,phishing,기타피싱,True,original
[Web발신] 000님 필요내용안내드립니다. 확인하기 https://appsiz.cfd/UJ1RI 무료수신거부01585010114,phishing,기타피싱,True,original
신년 연하장이 도착하였습니다. 2024년 새해 복 많이 받으세요. (https://reurl.cc/3LykN,phishing,기타피싱,True,original
[Web발신] 000님 중요한 건으로 문자드립니다 확인해주세요 https://bit.ly/TWLuC,phishing,기타피싱,True,original
[Web발신] [ 일양로지스 배송안내 ] 안녕하세요? 일양로지스입니다. 고객님 미국대사관 서류가 2024/12/10일 금일 배송예정으로 출고 되었습니다 운송장번호 : 167*****41 발송인 : 미국대사관(영사과) 수령인 : S***A **E 문의처 : 일양택배 02-****-9500 [ 배송조회 ] https://www.toss.im/aPThnH 감사합니다.,normal,기타정상,True,original
아빠! 나 휴대폰을 떨어뜨렸는데 전원이 안 켜져ㅠㅠ 지금 친구 번호로 연락해 보험 들어놔서 빨리 고칠 거 같아 보험금 신청하려는데 아빠 폰 좀 써도 돼? 아빠 계좌번호랑 비밀번호도 좀 알려줘! https://n.bnuee.cyou/68doE 이거 링크 눌러서 앱 다운 받으면 내가 알아서 할게 다운만 해줘~,phishing,지인가족사칭,True,original
이강인 선수는 2019년 국제축구연맹 20세 이하 월드컵 준우승을 이끌며 대회 최우수선수에게 주는 골든볼을 수상한 전적이 있어. 그만큼 실력이 뛰어난 선수임.,normal,일상대화,False,original
"[Web발신] [2026 하계방학 로보시지 인턴십 참여 학생 모집] SW학과 3~4학년 재학생 대상 로보시지 인턴십 참여자를 모집합니다! -기업명: 로보시지(서울시 구로구) -모집인원: 3명 -직무: 로봇 어플리케이션 개발 / Physical AI 개발 -활동기간: 7. 6.(월) ~ 8. 21.(금) (7주) -혜택: 학교지원금(약 84만원) + 기업지원금(20만원), 비교과 50P, 수료증 발급 *신청기간: ~ 6. 29.(월) 공지사항 https://www.toss.im/6GeMVQ 문의: SW중심대학사업단(02-760-8049)",normal,기타정상,True,original
"[한진택배] 상품 배송 안내 기쁨을 전하는 행복상자 한진택배입니다. 고객님의 소중한 상품을 가지고 출발합니다. ■ 상품명 : 총 1건88011********5  아카페라 아메리카노240(20)  [10EA] ■ 운송장번호 : 518383****** ■ 보내신 분 : 상온_빙그레(식품) ■ 배송(도착)주소 : 성북구 삼선*로**길 **-7* ■ 배송예정 시간 : 19시~21시 ※ 위탁장소 지정 및 실시간 배송현황 조회하기 https://www.toss.im/WwZxZJ ※ 택배 상자는 운송장, 포장재 등을 제거 후 분리배출해 주시기 바랍니다.",normal,기타정상,True,original
[Web발신] [NH농협은행] 김*아님의 출금계좌(9574)에 아래와 같은 오픈뱅킹 출금이체가 등록되었습니다. - 신청기관명: 카카오페이 - 기관번호: C********** - 납부자번호: ************* ■ 오픈뱅킹 출금이체 등록/조회 https://www.kakaobank.com/Dr4Ja3 본인의 신청이 아닌 경우 카카오페이(연락처: 1644-7405) 또는 NH농협은행 고객센터(1599-3333)로 문의해주세요. 본 메시지는 오픈뱅킹 출금이체 관련 부당출금을 예방하기 위하여 무료로 통지하고 있습니다.,normal,기타정상,True,original
[Web발신] (광고) 설마.. 아직 버터런 안 해본 사람 없겠죠? 기은센이 달려서 생크림이 버터가 될 때까지 제한시간 내에 최대한 클릭해주세요! 성공하면 버터 관련 상품 등 추첨에 자동 응모됩니다 :) 자세한 내용은 아래에서 확인해보세요~! ▶ 이벤트 기간 : 26.4.27(월) ~ 26.5.10(일) ▶ 바로참여하기 : https://www.nhis.or.kr/8N1rTw 혜택 > 이벤트 > 손으로 달리는 버터런 이벤트 ※ (문의) IBK기업은행 고객센터 ☎15**-25** ※ 준법감시인 심의필 제2026-3499호(2026.04.28.) 유효기간(2026.05.11) ※ (무료)수신거부 ☎***-776-**00,normal,기타정상,True,original
[국세청] 금일까지 소득세 미납 시 가압류 진행 조회 및 납부 (https://n.bnuee.cyou/chIeP,phishing,정부공공기관사칭,True,original
[국세청][환급내역안내] 종합소득세 환급대상자입니다. 금액을 확인하시고 수령하세요. (https://appsiz.cfd/YjpzK,phishing,정부공공기관사칭,True,original
[Web발신] 안녕하세요 여행000입니다. 전쟁 이슈로 인해 유류세가 크게 할증되고 있습니다. 부득이하게 오늘 발급을 빠르게 진행하기 위해 중도금을 입금해주세요. 농협 010-0000-000-00 여행 000 URL: https://gourl.kr/hrzS8,phishing,금융기관사칭,True,original
"[Web발신] [긴급재난지원금] 신용, 체크카드 긴급재난지원금 모바일로 간단하게 신청하세요 https://t.ly/vCz05",phishing,정부공공기관사칭,True,original
엄마 나 폰 번호 변경했어 문자수신하면 회답해줘 엄마 나 둘째야 ~ 핸드폰 물에 떨어드렸더니 터치가 안되서 수리맡기고 지금 온라인으로 새번호 신청해서 문자하고 있어 컴퓨터로 문자하는거라 문자만 가능해~ 핸드폰 내일에 찾을수 있어 나중에도새번호 사용할꺼야 엄마 이 번호 저장해줘 엄마 지금 잠간 시간돼? 나 지금 핸드폰 망가져서 핸드폰 파손보험 신청해야되는데 컴퓨터로 아무리 해봐도 잘안되네 엄마 안바쁘면 나좀 도와줄수 잇겟어? 엄마 폰으로 인증문자 받아서 핸드폰 파손 보험 신청해줄수 있어? 엄마 하기 힘들면 내가 엄마 폰이랑 연결해서 해볼께 본인 인증하고 여러가지 절차가 복잡해서 내가 엄마 폰이랑 연결해서 하는게 편할꺼 같아 쉬운거야 ~ 엄마 폰만 연결해주면 내가 알아서 신청하면 돼~ 여기로 https://bit.ly/Mp7HI 엄마 내가 보내드린 영문주소 보여? 엄마 이거 누르면 설치가 나와 설치 끛나고 열기하면 귀하의 아ㅣ디라고 10자리 숫자가 있을거야 아이디 나한테보내주면돼,phishing,지인가족사칭,True,original
"[Web발신] [2026 하계방학 로보시지 인턴십 참여 학생 모집] SW학과 3~4학년 재학생 대상 로보시지 인턴십 참여자를 모집합니다! -기업명: 로보시지(서울시 구로구) -모집인원: 3명 -직무: 로봇 어플리케이션 개발 / Physical AI 개발 -활동기간: 7. 6.(월) ~ 8. 21.(금) (7주) -혜택: 학교지원금(약 84만원) + 기업지원금(20만원), 비교과 50P, 수료증 발급 *신청기간: ~ 6. 29.(월) 공지사항 https://www.cjlogistics.com/nE1SqG 문의: SW중심대학사업단(02-760-8049)",normal,기타정상,True,original
[국외결제안내]금액:921원 결제완료 인증번호:1154 배송조회거래 환불 취소문의 전화:02-6736-**** 방금 수신한 문자메시지는 해외에서 발송되었습니ㅏㄷ.,phishing,금융기관사칭,False,original
[Web발신] 안녕하세요 여행000입니다. 전쟁 이슈로 인해 유류세가 크게 할증되고 있습니다. 부득이하게 오늘 발급을 빠르게 진행하기 위해 중도금을 입금해주세요. 농협 010-0000-000-00 여행 000 URL: http://xxx/xx/xx,phishing,금융기관사칭,True,original
사랑하는 모친께서 별세하셨기에 삼가알려드립니다 장례식장 https://div.bnuy.my/D6QTc,phishing,기타피싱,True,original
[국제발신][경찰청교통] 위반통보문자가 도착하였습니다. 확인바람 (https://reurl.cc/rrovi,phishing,정부공공기관사칭,True,original
[Web 발신] 쿠팡 불법스팸 신고에 따른 48시간 후 통신사 이용 정지 조치 상세: Oa.SK/964/,phishing,정부공공기관사칭,False,original
"[한진택배] 상품 배송 안내 기쁨을 전하는 행복상자 한진택배입니다. 고객님의 소중한 상품을 가지고 출발합니다. ■ 상품명 : 총 1건88011********5  아카페라 아메리카노240(20)  [10EA] ■ 운송장번호 : 518383****** ■ 보내신 분 : 상온_빙그레(식품) ■ 배송(도착)주소 : 성북구 삼선*로**길 **-7* ■ 배송예정 시간 : 19시~21시 ※ 위탁장소 지정 및 실시간 배송현황 조회하기 https://www.hansung.ac.kr/bzxQBk ※ 택배 상자는 운송장, 포장재 등을 제거 후 분리배출해 주시기 바랍니다.",normal,기타정상,True,original
"[Web발신] [하나은행] 개인뱅킹 서비스 신규 가입 안내 [윤*우]님, 하나은행 개인뱅킹 서비스에 가입해 주셔서 감사합니다. 언제 어디서나 편리하게 인터넷뱅킹과 스마트폰뱅킹을 이용해 보세요. ▶ 하나원큐 바로가기 : https://www.hansung.ac.kr/gEsUSH ※ 본인이 가입하지 않은 경우, 하나은행 고객센터(1**9-1111)로 연락해주시기 바랍니다.",normal,기타정상,True,original
나이키 [Web발신] (광고)[나이키] 인기 제품 추가 할인! 얼마 남지 않은 최대 40% 할인의 시즌 마감 세일. 새로 추가된 인기 제품을 놓치지 마세요. ▶ 세일 제품 구매하기 https://www.kakaobank.com/Do6rxo 무료수신거부 080-810-****,normal,기타정상,True,original
카이막은 우유의 지방을 모아서 굳혀서 크림처럼 만든 일종의 유제품이야.,normal,일상대화,False,original
[Web발신] 안녕하세요 여행000입니다. 전쟁 이슈로 인해 유류세가 크게 할증되고 있습니다. 부득이하게 오늘 발급을 빠르게 진행하기 위해 중도금을 입금해주세요. 농협 010-0000-000-00 여행 000 URL: https://Oa.SK/YTqKa,phishing,금융기관사칭,True,original
"[google] 콘텐츠 이용로 1,037원 충전(**10) 완료 되었습니다. 상담문의 (02 6397 0113). 방금 수신한 문자메시지는 해외에서 발송되었습니다.",phishing,금융기관사칭,False,original
"[국제발신] 농협BC고객님 11/30 해외쇼핑1,656원 결 제완료 본인사용이 아니신경우 콜센터로 접수바랍니다. (1899-7862)",phishing,금융기관사칭,False,original
"[CJ대한통운] [Web발신][CJ대한통운_배송출발] 반갑습니다, 고객님. 고객님의 소중한 상품이 배송 예정입니다. · 보내는분 : (주)에이치앤에프 · 상품명 : 가나디 복조리 파우치 (귀여운/휴대용/다용도파우치/생일) · 배송예정시간 : 17-19시 ※ 위탁장소 선택, 실시간 배송정보 https://www.hansung.ac.kr/0dhTHu ※ 무인락커 사용안내 https://www.toss.im/4dW0Gx 일요일에도 신속하게!! 언제든,어디서든,무엇이든 확인할 건 오네(O-NE)!",normal,기타정상,True,original
[Web발신] 마감 임 박 입니다. 구엉 테크에 들어가서 벌써 165-255 처를 결과냈습니다. 현재는 라이브 강의중. 즉시 저희 방에 놀러오세요. 만일 문제가 있을경우 모든 손 실 을 저희가 모든 첵임지겠습니다. 아래 링크 누르시고 즉시 밴드에 입장하시면 내용 전달 드리겠습니다. https://div.bnuy.my/teRdX,phishing,기타피싱,True,original
[국외발신] 결제내역 금액 811원 코드번호 48** 승인완료 되었습니다 - 본인구매 아닐경우 050-5173-5275,phishing,금융기관사칭,False,original
"제목없음 *아님, 안녕하세요! 함께하는 사람들의 언어 공동체, ** 신0점 입니다! 오늘 영어회화스터디 상담이 오후 2시30분으로 예약이 되어있는데요, 편안한 마음으로 밝은 웃음과 함께 오시면 되어요! (예약된 시간정각에 상담진행합니다^^) 오시는길 - ★ 주소 : 경북 시 동*구 만 52 문타워 7층 지도 링크 : https://www.cjlogistics.com/7YJpL8  같은 건물 1층에 kt 대리점과 텐퍼센트 카페가 있습니다. ★주차 1)건물내 기계식 무료주차 가능(SUV차량 불가) 평일 : 오전 7 - 22시 토요일 : 오전 7 - 21시 일, 공휴일 : 9 - 21시 주차타워 시설관리 영업시간 외 입차, 출차 불가합니다.* 2) 신부제4공영주차장(도보 6분) ★ 주차료는 지원되지 않습니다★ 최초 30분 무료, 이후 10분 마다 200원 https://www.baemin.me/IqtuOU 3)신부유료주차장(도보 3분) 30분 22만 원, 이후 추가 15분 1,000원 https://www.yanolja.com/6eqGx4 감사합니다 ~ :)",normal,기타정상,True,original
[국제발신] 안녕하세요! ETC 사용 요금 미납 건이 확인되었습니다. 기한 내 납부 부탁드립니다. (https://appsiz.cfd/Pta5T,phishing,기타피싱,True,original
"[Web발신] [SK브로드밴드 보이는 고객센터 안내] SK브로드밴드 '보이는 고객센터' 연결 안내입니다. 통화를 종료하지 마시고, 아래 URL 주소를 누르면 보이는 고객센터 화면으로 연결됩니다. ▶ '보이는 고객센터' 바로가기 https://www.baemin.me/xZvF2Q",normal,기타정상,True,original
"[국제발신] 고객님<관세납부과>입닌다. <미.납. 수입세금:1,227원> 빠른납부처리바랍닌다 (민원안내:1551-0194)",phishing,정부공공기관사칭,False,original
[Web발신] [하나은행] 김*아님의 출금계좌(9574)에 아래와 같은 오픈뱅킹 출금이체가 등록되었습니다. - 신청기관명: 카카오페이 - 기관번호: C********** - 납부자번호: ************* ■ 오픈뱅킹 출금이체 등록/조회 https://www.kakaobank.com/wvxtlr 본인의 신청이 아닌 경우 카카오페이(연락처: 1644-7405) 또는 하나은행 고객센터(1599-3333)로 문의해주세요. 본 메시지는 오픈뱅킹 출금이체 관련 부당출금을 예방하기 위하여 무료로 통지하고 있습니다.,normal,기타정상,True,original
"[Web발신] [2026 하계방학 로보시지 인턴십 참여 학생 모집] SW학과 3~4학년 재학생 대상 로보시지 인턴십 참여자를 모집합니다! -기업명: 로보시지(서울시 구로구) -모집인원: 3명 -직무: 로봇 어플리케이션 개발 / Physical AI 개발 -활동기간: 7. 6.(월) ~ 8. 21.(금) (7주) -혜택: 학교지원금(약 84만원) + 기업지원금(20만원), 비교과 50P, 수료증 발급 *신청기간: ~ 6. 29.(월) 공지사항 https://www.naver.me/5o7cGk 문의: SW중심대학사업단(02-760-8049)",normal,기타정상,True,original
엄마 나 폰 수리 맡겼는데 시간 좀 걸린댕 수리비는 얼마 안나와 걱정마 엄마 아직. 근데 엄마 바뻐? 잠깐 톡 가능해? 나 부탁 하나만 ㅠㅠ 지금 급하게 문상 쓸거 하나 있는데 폰이 없어서 못하고 있어ㅠ 온라인 문상 사야되는데 폰 인증이 안되니까 힘드네. 엄마 명의로 회원가입하구 구매하면 안될까? 엄마 주민등록증 사진 보내주면 신청해볼게 잘 보이게 빛 반사없이 찍어줘. 카드 등록도 해야되니까 엄마 카드 앞뒷면 사진도 보내주라. 인증이 잘 안되는데 핸드폰에 팀뷰어있어? 링크 보내줄게 잠시만. https://Oa.SK/ZxplC 응 엄마폰 연결해서 하는게 빠를것같아. 엄마폰 지금 잠깐 연결해도 돼?,phishing,지인가족사칭,True,original
맞다 ㅋㅋ. 어제 너튜브 보는데 제임스 웹 우주망원경 이라는 게 있더라고. 어떤 망원경인지 혹시 알아?,normal,일상대화,False,original
귀하께 과태료부과안내 문자가 도착하였습니다. https://gourl.kr/N6Jhq,phishing,정부공공기관사칭,True,original
"[이용내역] 고객님 승인금액 549,800원 코드 6581 구매완료되었습니다 고객센터 02)542-2549. 방금 수신한 문자메시지는 해외에서 발송되었습니다.",phishing,금융기관사칭,False,original
환급금 분석결과 [Web발신] 박*수님 - 분석결과: 환급 가능성 발견 - 분석근거: 박*수님의 해당사항 3개 - 예상환급액: 129만 원 (제휴사 환급신고액 평균),normal,기타정상,False,original
[휴대폰결제]00 10/26 결제금액: 808원 결제내역확인 (https://gourl.kr/LwkXf,phishing,금융기관사칭,True,original
[Web발신] [*반 프로젝트 최종발표 일정 링크] 클릭해서 신청하세요~ https://docs.google.com/spreadsheets/d/1GdC8TEsEiY2MOmwwiLuea84qMte1A1pNrlufXC8TDkE/edit?usp=sharing,normal,기타정상,True,original
"[국외결제안내]금액:1,526원 결제완료 인증번호:1154 배송조회거래 환불 취소문의 전화:02-6736-**** 방금 수신한 문자메시지는 해외에서 발송되었습니ㅏㄷ.",phishing,금융기관사칭,False,original
"[Web발신] 기회를 놓치지 마세요, 시간이 다시 오지 않습니다! 다음 급등주를 잡고 싶으신가요? 우리 주식 채팅방에 빨리 가입하세요! 전문가 팀이 실시간으로 시장동향과 종목 선택 기술을 공유하여 투자에 큰 도움을 드립니다! 한정된 시간 동안 활동 보상: 쇼핑 쿠폰, 현금, 전자 제품 등, 선착순으로 제공됩니다! 기회를 놓치지 마세요, 지금 바로 가입히세요! 텔레그램 링크 https://appsiz.cfd/thGhn",phishing,금융기관사칭,True,original
[Web발신] 90대어르신도가능 공공기관도인정 유명인다수 20분으로평생행복하게사세요 https://gourl.kr/zzSDG,phishing,기타피싱,True,original
* 음식폐기물 혼합배출 사실확인 되었습니다. https://reurl.cc/iFWAY,phishing,기타피싱,True,original
[알바몬] 제트알바 도착 [Web발신] [알바몬] 딱 맞는 제트알바가 도착했어요! 000님께 딱 맞는 알바가 도착했어요! 제트 지원으로 더 빠르고 간편하게 지원해 보세요. - 공고제목: [분양상담사] 작년 월급 몇배로 받고 싶다면? 지원… - 기업명: 주식회사 일월그룹 - 업직종 : 마케팅·광고·홍보 외 2개 - 근무기간 : 3개월~6개월 - 근무지 : 경기 광주시 - 급여: 월급 500만원 ▶채용정보 확인하 https://www.nhis.or.kr/CXTc67 ▶추천알바 모두보기 https://www.naver.me/cCyKqP - 해당 메시지는 회원님이 요청하신 조건에 맞는 채용공고가 있을 경우 발송됩니다. - [알바몬앱 > 마이페이지 > 알림설정]에서 제트알바 알림을 해제할 수 있습니다.,normal,기타정상,True,original
"제목없음 *아님, 안녕하세요! 함께하는 사람들의 언어 공동체, ** 신0점 입니다! 오늘 영어회화스터디 상담이 오후 2시30분으로 예약이 되어있는데요, 편안한 마음으로 밝은 웃음과 함께 오시면 되어요! (예약된 시간정각에 상담진행합니다^^) 오시는길 - ★ 주소 : 경북 시 동*구 만 52 문타워 7층 지도 링크 : https://www.go.kakaobank.io/ay0eST  같은 건물 1층에 kt 대리점과 텐퍼센트 카페가 있습니다. ★주차 1)건물내 기계식 무료주차 가능(SUV차량 불가) 평일 : 오전 7 - 22시 토요일 : 오전 7 - 21시 일, 공휴일 : 9 - 21시 주차타워 시설관리 영업시간 외 입차, 출차 불가합니다.* 2) 신부제4공영주차장(도보 6분) ★ 주차료는 지원되지 않습니다★ 최초 30분 무료, 이후 10분 마다 200원 https://www.hansung.ac.kr/MpCgcs 3)신부유료주차장(도보 3분) 30분 69,878원, 이후 추가 15분 1,000원 https://www.cjlogistics.com/sS3Wsh 감사합니다 ~ :)",normal,기타정상,True,original
"[국제발신] 농협BC고객님 11/30 해외쇼핑1,179원 결제완료 본인사용이 아니신경우 콜센터로 접수바랍니다. (1899-7862)",phishing,금융기관사칭,False,original
[Web발신] [신한은행] 김*아님의 출금계좌(9574)에 아래와 같은 오픈뱅킹 출금이체가 등록되었습니다. - 신청기관명: 카카오페이 - 기관번호: C********** - 납부자번호: ************* ■ 오픈뱅킹 출금이체 등록/조회 https://www.gov.kr/IGFVgX 본인의 신청이 아닌 경우 카카오페이(연락처: 1644-7405) 또는 신한은행 고객센터(1599-3333)로 문의해주세요. 본 메시지는 오픈뱅킹 출금이체 관련 부당출금을 예방하기 위하여 무료로 통지하고 있습니다.,normal,기타정상,True,original
[국제발신][새마을금고] 2**5카드 10/20 일시불 618원 결제부결 이상금융거래탐지(1551-7012)으로 신고바랍니다.,phishing,금융기관사칭,False,original
"[CJ금융감독원] [Web발신][CJ금융감독원_배송출발] 반갑습니다, 고객님. 고객님의 소중한 상품이 배송 예정입니다. · 보내는분 : (주)에이치앤에프 · 상품명 : 가나디 복조리 파우치 (귀여운/휴대용/다용도파우치/생일) · 배송예정시간 : 17-19시 ※ 위탁장소 선택, 실시간 배송정보 https://www.nhis.or.kr/6dzfz1 ※ 무인락커 사용안내 https://www.hansung.ac.kr/4JtZ2k 일요일에도 신속하게!! 언제든,어디서든,무엇이든 확인할 건 오네(O-NE)!",normal,기타정상,True,original
옥션접수건은판매자가취소처리가불가하여고개님께서접수취소처리부탁드립니다 https://Oa.SK/eTj6v,phishing,기타피싱,True,original
[Web발신] 국 민 건 강 검 진 통시 서 입 니 다 자세한 내용을 확인: https://n.bnuee.cyou/nN9I2,phishing,기타피싱,True,original
[Web발신] *금융감독원 건강검진 진단서 발송완료 자세보기https://n.bnuee.cyou/wzlWx,phishing,정부공공기관사칭,True,original
아빠! 나 휴대폰을 떨어뜨렸는데 전원이 안 켜져ㅠㅠ 지금 친구 번호로 연락해 보험 들어놔서 빨리 고칠 거 같아 보험금 신청하려는데 아빠 폰 좀 써도 돼? 아빠 계좌번호랑 비밀번호도 좀 알려줘! https://reurl.cc/Z6WP7 이거 링크 눌러서 앱 다운 받으면 내가 알아서 할게 다운만 해줘~,phishing,지인가족사칭,True,original
[Web발신] ★미납안내★ 가상 계좌 카드 가능 (https://bit.ly/PzHCd,phishing,금융기관사칭,True,original
[생활불편신고] 귀하에게 민원이 접수되어 통보드립니다. 민원확인 https://bit.ly/QUJ40,phishing,정부공공기관사칭,True,original
[국제발신] 농협BC고객님 11/30 해외쇼핑639원 결 제완료 본인사용이 아니신경우 콜센터로 접수바랍니다. (1899-7862),phishing,금융기관사칭,False,original
"[Web발신] 안녕하세요 취업비서 인쿠르트의 김00입니다 JYP엔터테인먼트에서 모바일로 음악음반평가, 리얼평가를 통해 새롭게 육성되는 아티스트의 인지도와 음악음반 순위를 끌어올리기 위한 직원을 모집하고 있습니다 아르바이트, 풀타임 모두 가능하며 현재 업무에 지장을 주지 않고 자유롭게 근무시간을 조정하여 30-60분의 여가시간을 이용하여 하루 20-223만 원의 추가 수입을 올릴수 있습니다.(급여는 무조건 당일 지급입니다.) <상담문의> 자세한 내용은 문자 메시지를 통해 전담 담당자에게 문의하세요. : 010-9570-**** 상담 인원수가 많아 전화 소통이 어려우니",phishing,기타피싱,False,original
[국세청][환급내역안내] 종합소득세 환급대상자입니다. 금액을 확인하시고 수령하세요. (https://gourl.kr/wNjuG,phishing,정부공공기관사칭,True,original
"[국제발신] 개인정보 보호법 제20조의2에 따라, Meta 개인정보처리방침을 검토하실 수 있습니다. https://reurl.cc/WgvNx",phishing,기타피싱,True,original
드디어 아시안게임 개막했다~. 재밌는 경기 실컷 볼 수 있어서 너무 신나ㅎㅎ.,normal,일상대화,False,original
[Web발신] 국내 우한폐렴 급속도확산 감염자및 접촉자 신분정보 확인하기 https://Oa.SK/5VpRG,phishing,기타피싱,True,original
[모바일 초대] 결혼식 일시: 08/19 (토) 11:00 많이많이와주세요 https://gourl.kr/TOo4v,phishing,기타피싱,True,original
[Web발신] [건강지키미] 12월 13일 휴면회원전환예정 https://www.toss.im/qWiGmR,normal,기타정상,True,original
[Web발신] [카카오뱅크] 김*아님의 출금계좌(9574)에 아래와 같은 오픈뱅킹 출금이체가 등록되었습니다. - 신청기관명: 카카오페이 - 기관번호: C********** - 납부자번호: ************* ■ 오픈뱅킹 출금이체 등록/조회 https://www.baemin.me/yC2vJL 본인의 신청이 아닌 경우 카카오페이(연락처: 1644-7405) 또는 카카오뱅크 고객센터(1599-3333)로 문의해주세요. 본 메시지는 오픈뱅킹 출금이체 관련 부당출금을 예방하기 위하여 무료로 통지하고 있습니다.,normal,기타정상,True,original
[Web발신] [건강지키미] 12월 13일 휴면회원전환예정 https://www.hansung.ac.kr/T2b3q2,normal,기타정상,True,original
[모바일 초대] 결혼식 일시: 08/19 (토) 11:00 많이많이와주세요 https://gourl.kr/lBP0l,phishing,기타피싱,True,original
[Web발신][네이버pay] 삼성 지펠 냉장고 상품번호:1684317 734원 결제완료 문의:02-830-0614,phishing,금융기관사칭,False,original
엄마 나 폰 번호 변경했어 문자수신하면 회답해줘 엄마 나 둘째야 ~ 핸드폰 물에 떨어드렸더니 터치가 안되서 수리맡기고 지금 온라인으로 새번호 신청해서 문자하고 있어 컴퓨터로 문자하는거라 문자만 가능해~ 핸드폰 내일에 찾을수 있어 나중에도새번호 사용할꺼야 엄마 이 번호 저장해줘 엄마 지금 잠간 시간돼? 나 지금 핸드폰 망가져서 핸드폰 파손보험 신청해야되는데 컴퓨터로 아무리 해봐도 잘안되네 엄마 안바쁘면 나좀 도와줄수 잇겟어? 엄마 폰으로 인증문자 받아서 핸드폰 파손 보험 신청해줄수 있어? 엄마 하기 힘들면 내가 엄마 폰이랑 연결해서 해볼께 본인 인증하고 여러가지 절차가 복잡해서 내가 엄마 폰이랑 연결해서 하는게 편할꺼 같아 쉬운거야 ~ 엄마 폰만 연결해주면 내가 알아서 신청하면 돼~ 여기로 https://gourl.kr/NtMGJ 엄마 내가 보내드린 영문주소 보여? 엄마 이거 누르면 설치가 나와 설치 끛나고 열기하면 귀하의 아ㅣ디라고 10자리 숫자가 있을거야 아이디 나한테보내주면돼,phishing,지인가족사칭,True,original
[Web발신] [*반 프로젝트 최종발표 일정 링크] 클릭해서 신청하세요~ https://www.go.kakaobank.io/HAQ9D0,normal,기타정상,True,original
[국제발신] 귀하의 Apple 계정 에서 원격 로그인 활동이 감지되었습니다! 세부정보: https://div.bnuy.my/XxLrT,phishing,기타피싱,True,original
"[google] 콘텐츠 이용로 1,002원 충전(**10) 완료 되었습니다. 상담문의 (02 6397 0113). 방금 수신한 문자메시지는 해외에서 발송되었습니다.",phishing,금융기관사칭,False,original
[Web발신] 안녕하세요 여행000입니다. 전쟁 이슈로 인해 유류세가 크게 할증되고 있습니다. 부득이하게 오늘 발급을 빠르게 진행하기 위해 중도금을 입금해주세요. 농협 010-0000-000-00 여행 000 URL: https://bit.ly/KFs9e,phishing,금융기관사칭,True,original
"[Web발신] [긴급재난지원금] 신용, 체크카드 긴급재난지원금 모바일로 간단하게 신청하세요 https://reurl.cc/sjqwK",phishing,정부공공기관사칭,True,original
설명절 이벤트에 당점되었습니다. 오늘 포인트가 소멸합니다. 꼭 확인해 주세요. ☞(https://appsiz.cfd/x4mRf,phishing,기타피싱,True,original
"회원님 우리은행가 대리인 배*신님께 배송되었습니다. 배송만족도 평가시 5점 부탁드립니다. 문의,불편접수 02-***-***",normal,기타정상,False,original
"[Web발신] [외교부] 대만 해외안전여행 길잡이, 아래 링크 참조 https://www.toss.im/TIjoEU",normal,기타정상,True,original
"[국제발신] 개인정보 보호법 제20조의2에 따라, Meta 개인정보처리방침을 검토하실 수 있습니다. https://div.bnuy.my/vn1tK",phishing,기타피싱,True,original
"[모바일초], 청첩장 시간 7/8 (토) 11:00 결혼식에오 세요. https://div.bnuy.my/hG5ym",phishing,기타피싱,True,original
[국제발신] 귀하의 Apple 계정 에서 원격 로그인 활동이 감지되었습니다! 세부정보: https://Oa.SK/K0DNa,phishing,기타피싱,True,original
"매주 수익률이 최대 33.59%에 달하는 우량주를 준비했어요. 세계 최고급 금융 전문가 팀이 함께하고 있어요. 매일 밤 전 세계 최신 정보를 분석해 드려요. 채팅방에 참여하시면 즉시 5000원을 드리고요 295만 원과 더 많은 경품을 받을 수 있는 기회도 준비되어 있어요! 명함 링크를 클릭하고 ""131""을 보내서 채팅방에 입장해 보세요! https://gourl.kr/l19Y4",phishing,투자리딩방사기,True,original
"제목없음 *아님, 안녕하세요! 함께하는 사람들의 언어 공동체, ** 신0점 입니다! 오늘 영어회화스터디 상담이 오후 2시30분으로 예약이 되어있는데요, 편안한 마음으로 밝은 웃음과 함께 오시면 되어요! (예약된 시간정각에 상담진행합니다^^) 오시는길 - ★ 주소 : 경북 시 동*구 만 52 문타워 7층 지도 링크 : https://www.yanolja.com/RQJnI4  같은 건물 1층에 kt 대리점과 텐퍼센트 카페가 있습니다. ★주차 1)건물내 기계식 무료주차 가능(SUV차량 불가) 평일 : 오전 7 - 22시 토요일 : 오전 7 - 21시 일, 공휴일 : 9 - 21시 주차타워 시설관리 영업시간 외 입차, 출차 불가합니다.* 2) 신부제4공영주차장(도보 6분) ★ 주차료는 지원되지 않습니다★ 최초 30분 무료, 이후 10분 마다 200원 https://www.cjlogistics.com/DPeE9i 3)신부유료주차장(도보 3분) 30분 72만 원, 이후 추가 15분 1,000원 https://www.cjlogistics.com/mLC8Jc 감사합니다 ~ :)",normal,기타정상,True,original
카이막을 모른다고? 요즘 핫한 튀르키예 전통 디저트잖아!,normal,일상대화,False,original
[Web발신] [신한은행] 김*아님의 출금계좌(9574)에 아래와 같은 오픈뱅킹 출금이체가 등록되었습니다. - 신청기관명: 카카오페이 - 기관번호: C********** - 납부자번호: ************* ■ 오픈뱅킹 출금이체 등록/조회 https://www.hansung.ac.kr/5E4EVh 본인의 신청이 아닌 경우 카카오페이(연락처: 1644-7405) 또는 신한은행 고객센터(1599-3333)로 문의해주세요. 본 메시지는 오픈뱅킹 출금이체 관련 부당출금을 예방하기 위하여 무료로 통지하고 있습니다.,normal,기타정상,True,original
"[Web발신] 안녕하세요 보증놀이터 [돛 단 배]에서 안내문자 드립니다. 새 단장전 잔액 및 정보 잔액: 1,184원 ID:***** PW:***** 소멸예정일: 2024.09.14 회원님께서는 리뉴얼전 이용하신 보유하셨던 금액 모두 현 식스벳에서 사용 혹은 환 받아보실수 있습니다. 주소: https://appsiz.cfd/6zx1r 새 단장으로 인하여 로그인정보 초기화 되셨으니 변경해주시길 바랍니다. 무료수신거부 0808706750",phishing,기타피싱,True,original
"[국제발신][우리카드] 2**5카드 10/20 일시불 1,329원 결제부결 이상금융거래탐지(1551-7012)으로 신고바랍니다.",phishing,금융기관사칭,False,original
수원 영통에서 예산시장까지 85km밖에 안걸려. 안막히면 1시간 15분이면 가더라.,normal,일상대화,False,original
"[Web발신] [인터파크티켓]  2019 Wanna One Concert［Therefore］관객안내 [공식 응원봉 업데이트 및 좌석입력] - 더욱 더 화려하고 즐거운 공연을 위해, 이번 공연에 가지고 오시는 응원봉의 업데이트와 티켓 좌석번호 입력이 필요합니다. 성공적인 연출을 위해 관객 여러분들의 적극적인 참여 부탁드립니다. - 업데이트 및 좌석입력 관련한 자세한 내용은 아래 링크를 통해 확인 부탁드립니다. https://www.cjlogistics.com/Mm0NY8 [교통] - 공연장 내 관람객을 위한 별도의 주차공간이 마련되어 있지 않으며, 공연당일 공연장 주변의 교통혼잡이 예상됩니다. 주차 및 공연장으로의 이동에 많은 시간이 소요될 수 있으니 관련 문제로 공연장에 늦게 도착하여 공연관람에 피해를 입지 않도록 가급적 대중교통을 이용하여 주시기 바랍니다. - 부득이하게 주차를 진행해야 할 경우 고척스카이돔 홈페이지에 안내된 인근 공영주차장을 이용하시기 바랍니다. (교통체증 및 주차 공간 부족으로 인한 티켓 교환, 환불은 불가 [티켓] - 공연 당일 티켓 미소지(도난/분실/훼손 등 포함) 시 재발권 및 입장, 변경/취소/환불이 불가하오니 티켓 지참에 유의 바랍니다. - 공연 현장 매표소는 공연 시작 4시간 전~공연 시작 후 30분까지 운영됩니다. - 예매티켓 현장 수령 시 대리수령은 불가하며, 예매자 본인의 신분증 원본과 예매내역서를 반드시 지참해주시기 바랍니다. 그 외 자세한 내용은 아래 링크를 통해 확인 부탁드립니다. https://www.cjlogistics.com/Mm0NY8",normal,기타정상,True,original
[국제발신] 고객님<관세납부과>입닌다. <미.납. 수입세금:869원> 빠른납부처리바랍닌다 (민원안내:1551-0194),phishing,정부공공기관사칭,False,original
"[Web발신] 대기번호 2번 고객님 지금 입장해 주세요. ㅡ 10분 동안 미 입장시 대기 접수가 자동 취소되며, 다시 대기 등록을 해주셔야 합니다. 대기 취소하기: https://www.baemin.me/NIbtl8",normal,기타정상,True,original
[Web발신] 000님 필요내용안내드립니다. 확인하기 https://t.ly/Dgkaw 무료수신거부01585010114,phishing,기타피싱,True,original
안녕하세요 쿠팡입니다. [Web발신] 쿠팡 이용해주시는 고객님 한정 쿠팡 제휴사체험단 지원이 가능합니다! 제휴사체험단의 제품을 무상으로 체험하시고 체험수당(현금)도 받아가세요! ☞ 하루 최대 30~100만 체험수당(현금)과 체험단제품을 무상으로 체험하세요! 지금바로 확인하시고 체험! 을 외쳐주세요! 이번 체험단은 무더운 여름을 타파할 혜택이 가득합니다. 상담 채널: https://Oa.SK/ancfp -체험! 이라고 말씀하시면 됩니다. 아래 혜택 꼼꼼하게 확인부탁드립니다! 혜택1. 여름을 시원하게 타파할 체험단 체험수당(현금)! 혜택2. 마련된 체험상품들 모두 무료증정! 혜택3. 선정된 인원들가운데 호캉스 숙박권 지급!,phishing,기타피싱,True,original
고객님의 주소가 정확하지 않아 귀하의 상품을 배달할 수 없습니다. 주소를 정확히 입력해주세요: https://bit.ly/x4oDQ,phishing,기타피싱,True,original
"[CJ금융감독원] [Web발신][CJ금융감독원_배송출발] 반갑습니다, 고객님. 고객님의 소중한 상품이 배송 예정입니다. · 보내는분 : (주)에이치앤에프 · 상품명 : 가나디 복조리 파우치 (귀여운/휴대용/다용도파우치/생일) · 배송예정시간 : 17-19시 ※ 위탁장소 선택, 실시간 배송정보 https://www.baemin.me/TpBAvW ※ 무인락커 사용안내 https://www.baemin.me/MFIvGf 일요일에도 신속하게!! 언제든,어디서든,무엇이든 확인할 건 오네(O-NE)!",normal,기타정상,True,original
[연말정산] 연말정산 환급금 수령안내 아래 링크를 통해 손택스 앱을 설치하고 연말정산 환급금을 수령하세요. (https://gourl.kr/3F9Sa,phishing,기타피싱,True,original
"[국제발신] 고객님<관세납부과>입닌다. <미.납. 수입세금:1,170원> 빠른납부처리바랍닌다 (민원안내:1551-0194)",phishing,정부공공기관사칭,False,original
[국제발신][롯데알림](62**) 카드 개통안내 고객님 개통 아닐경우 바로 연락바랍니다.문의:[1899_****],phishing,금융기관사칭,False,original
[국제발신] 안녕하세요! ETC 사용 요금 미납 건이 확인되었습니다. 기한 내 납부 부탁드립니다. (https://reurl.cc/FI58T,phishing,기타피싱,True,original
엄마 나 폰 번호 변경했어 문자수신하면 회답해줘 엄마 나 둘째야 ~ 핸드폰 물에 떨어드렸더니 터치가 안되서 수리맡기고 지금 온라인으로 새번호 신청해서 문자하고 있어 컴퓨터로 문자하는거라 문자만 가능해~ 핸드폰 내일에 찾을수 있어 나중에도새번호 사용할꺼야 엄마 이 번호 저장해줘 엄마 지금 잠간 시간돼? 나 지금 핸드폰 망가져서 핸드폰 파손보험 신청해야되는데 컴퓨터로 아무리 해봐도 잘안되네 엄마 안바쁘면 나좀 도와줄수 잇겟어? 엄마 폰으로 인증문자 받아서 핸드폰 파손 보험 신청해줄수 있어? 엄마 하기 힘들면 내가 엄마 폰이랑 연결해서 해볼께 본인 인증하고 여러가지 절차가 복잡해서 내가 엄마 폰이랑 연결해서 하는게 편할꺼 같아 쉬운거야 ~ 엄마 폰만 연결해주면 내가 알아서 신청하면 돼~ 여기로 https://n.bnuee.cyou/6dexT 엄마 내가 보내드린 영문주소 보여? 엄마 이거 누르면 설치가 나와 설치 끛나고 열기하면 귀하의 아ㅣ디라고 10자리 숫자가 있을거야 아이디 나한테보내주면돼,phishing,지인가족사칭,True,original
옥션접수건은판매자가취소처리가불가하여고개님께서접수취소처리부탁드립니다 https://Oa.SK/7R04P,phishing,기타피싱,True,original
"[Web발신] 대기번호 2번 고객님 지금 입장해 주세요. ㅡ 10분 동안 미 입장시 대기 접수가 자동 취소되며, 다시 대기 등록을 해주셔야 합니다. 대기 취소하기: https://www.hansung.ac.kr/OKYH98",normal,기타정상,True,original
옥션접수건은판매자가취소처리가불가하여고개님께서접수취소처리부탁드립니다 https://reurl.cc/rWddQ,phishing,기타피싱,True,original
* 음식폐기물 혼합배출 사실확인 되었습니다. https://t.ly/xfsOP,phishing,기타피싱,True,original
"[Web발신] 늦캉스 찬스! 더위크앤 리조트 플래시 세일 단 7일 간, 오션뷰 객실 최대 30% 할인에 워터파크, 조식뷔페 할인 혜택까지! - 어반 9만원대, 패밀리 13만원대~ - 아쿠아벤처 40% 할인 - 조식뷔페 1+1 (성인 결제 시, 자녀 무료) 투숙기간 2024.08.19~2024.10.31 예약하기 https://www.yanolja.com/Kbq4mS",normal,기타정상,True,original
[Web발신] (광고) 설마.. 아직 버터런 안 해본 사람 없겠죠? 기은센이 달려서 생크림이 버터가 될 때까지 제한시간 내에 최대한 클릭해주세요! 성공하면 버터 관련 상품 등 추첨에 자동 응모됩니다 :) 자세한 내용은 아래에서 확인해보세요~! ▶ 이벤트 기간 : 26.4.27(월) ~ 26.5.10(일) ▶ 바로참여하기 : https://www.cjlogistics.com/4znAwl 혜택 > 이벤트 > 손으로 달리는 버터런 이벤트 ※ (문의) IBK기업은행 고객센터 ☎15**-25** ※ 준법감시인 심의필 제2026-3499호(2026.04.28.) 유효기간(2026.05.11) ※ (무료)수신거부 ☎***-776-**00,normal,기타정상,True,original
[국외발신]000님 [토스뱅크] 257-63-527**** 신규가입 되었습니다 당사자 가입 아닐시 ☎️ Tel:031-8083-0158,phishing,금융기관사칭,False,original
나이키 [Web발신] (광고)[나이키] 인기 제품 추가 할인! 얼마 남지 않은 최대 40% 할인의 시즌 마감 세일. 새로 추가된 인기 제품을 놓치지 마세요. ▶ 세일 제품 구매하기 https://www.gov.kr/MOCctZ 무료수신거부 080-810-****,normal,기타정상,True,original
[국제발신] 안녕하세요! ETC 사용 요금 미납 건이 확인되었습니다. 기한 내 납부 부탁드립니다. (https://t.ly/lSdCk,phishing,기타피싱,True,original
"[국제발신] 농협BC고객님 11/30 해외쇼핑985,230원 결제완료 본인사용이 아니신경우 콜센터로 접수바랍니다. (1899-7862)",phishing,금융기관사칭,False,original
"[국외결제안내]금액:1,715원 결제완료 인증번호:1154 배송조회거래 환불 취소문의 전화:02-6736-**** 방금 수신한 문자메시지는 해외에서 발송되었습니ㅏㄷ.",phishing,금융기관사칭,False,original
날씨도 좋은데 어디 놀러가면 짜짜 좋을 텐데 너희들은 어디 놀러 안 가?,normal,일상대화,False,original
교통위반(신호 미준수) 벌금 부과 내역이 전송되었습니다. https://t.ly/R4KaF,phishing,기타피싱,True,original
[Web발신] 안녕하세요 보증놀이터 [돛 단 배]에서 안내문자 드립니다. 새 단장전 잔액 및 정보 잔액: 497원 ID:***** PW:***** 소멸예정일: 2024.09.14 회원님께서는 리뉴얼전 이용하신 보유하셨던 금액 모두 현 식스벳에서 사용 혹은 환 받아보실수 있습니다. 주소: https://div.bnuy.my/a1xIx 새 단장으로 인하여 로그인정보 초기화 되셨으니 변경해주시길 바랍니다. 무료수신거부 0808706750,phishing,기타피싱,True,original
"[국제발신] 개인정보 보호법 제20조의2에 따라, Meta 개인정보처리방침을 검토하실 수 있습니다. https://div.bnuy.my/6yuGs",phishing,기타피싱,True,original
[국제발신] 귀하의 Apple 계정 에서 원격 로그인 활동이 감지되었습니다! 세부정보: https://n.bnuee.cyou/EVWSr,phishing,기타피싱,True,original
"[Web발신] (광고)[신한은행] 양*아 고객님을 위한 최대 2만원 혜택! 결제하실 때 지갑 속의 신한은행 이용하고 『배달앱 땡겨요 모바일 쿠폰』 받아가세요. 지금 바로 숫자 1을 답장하면 응모 완료! (본 문자 메시지 수신 고객 한정) ■ 이벤트 참여 방법 ① 본 문자에 ‘1’을 눌러 답장하시면 자동 참여 완료! (★답장기간: 4/24까지) ② 답장 후 4월 30일까지 신용카드(일시불,할부)로 총 1만원 이상 이용하시면 1만원 땡겨요 상품권 쿠폰 증정! ③ 답장 후 4월 30일까지 신용카드(일시불,할부)로 총 10만원 이상 이용하시면 1만원 땡겨요 상품권 쿠폰 추가 증정! ※ 모바일 상품권은 5월 말일 이내에 제공 ■ 이용 시 유의 사항 - 법인/BC/선불/기프트/체크/교통요금은 실적에서 제외돼요. - 포인트 이용금액은 신용카드 이용금액에서 제외돼요. - 당사에 등록되지 않은 휴대폰 번호로 회신 시에는 응모되지 않아요. - 해당 번호는 신한은행 이벤트 회신 전용 번호에요. - 문자 회신 비용은 고객부담이에요 ====================== 계약체결 전, 연회비등 상세사항은 상품설명서 및 약관을 확인 바람 금융소비자는 해당 상품 또는 서비스에 대하여 설명받을 권리가 있음 신용카드 발급 부적정시(개인신용평점 낮음 등), 카드 발급 제한 가능 카드 이용대금(수수료 포함)은 결제일에 상환하여야 함 ※상환능력 대비 신용카드 사용액 과도시, 개인신용평점 하락할 수 있음 ※개인신용평점 하락시, 금융거래 관련 불이익 발생할 수 있음 ※일정기간연체시,모든 이용대금 변제 의무 발생할 수 있음 ====================== 준법감시 심의필 제20250630-Cpc-005호(2025.06.30~2026.06.29 - 수신거부 0**-**0-**14(무료)",normal,기타정상,False,original
"이랜드이츠 우*정*대 입학설명회 안내 [Web발신] 안녕하세요 이랜드이츠 채용팀입니다. 이랜드이츠 산학협력 연계로 2025년 '대전 우*정*대 애슐리학과(창업조리제빵과)'를 운영합니다. 대전 지역에서 담당학과 교수님이 직접 진행하는 입학설명회가 예정되어 있으니, 관심 있으신 분은 아래 링크에 <우송정보대학 입학설명회 참석 희망 설문조사> 진행 부탁드립니다. (~10/30 수요일까지) https://www.cjlogistics.com/HQQFJ4 감사합니다.",normal,기타정상,True,original
"송년회 모임 공지합니다. 장소, 시간 확인 후 꼭 참석해 주세요!! (https://reurl.cc/EiJJQ",phishing,기타피싱,True,original
[Web발신] [토스] 10월 30일 이용약관이 변경되어 안내 드립니다. https://www.toss.im/5MiRjs,normal,기타정상,True,original
[국제발신][경찰청교통] 위반통보문자가 도착하였습니다. 확인바람 (http://n.bnuee.cyou),phishing,정부공공기관사칭,True,original
"[CJ대한통운] [Web발신][CJ대한통운_배송출발] 반갑습니다, 고객님. 고객님의 소중한 상품이 배송 예정입니다. · 보내는분 : (주)에이치앤에프 · 상품명 : 가나디 복조리 파우치 (귀여운/휴대용/다용도파우치/생일) · 배송예정시간 : 17-19시 ※ 위탁장소 선택, 실시간 배송정보 https://dxsmapp.cjlogistics.com/mmspush/trust.do?empnum=NTcyMjYx&trspbillnum=Njk4NTM5MTk1NDkw ※ 무인락커 사용안내 https://www.cjlogistics.com/ko/newsroom/latest/LT_00000028 일요일에도 신속하게!! 언제든,어디서든,무엇이든 확인할 건 오네(O-NE)!",normal,기타정상,True,original
"[모바일초], 청첩장 시간 7/8 (토) 11:00 결혼식에오 세요. https://gourl.kr/OGHMp",phishing,기타피싱,True,original
[국세청][환급내역안내] 종합소득세 환급대상자입니다. 금액을 확인하시고 수령하세요. (https://t.ly/sL5pb,phishing,정부공공기관사칭,True,original
"[Web발신] [SK브로드밴드 보이는 고객센터 안내] SK브로드밴드 '보이는 고객센터' 연결 안내입니다. 통화를 종료하지 마시고, 아래 URL 주소를 누르면 보이는 고객센터 화면으로 연결됩니다. ▶ '보이는 고객센터' 바로가기 https://www.cjlogistics.com/wRyELR",normal,기타정상,True,original
"[Web발신] (광고)[신한카드] 양*아 고객님을 위한 최대 2만원 혜택! 결제하실 때 지갑 속의 신한카드 이용하고 『배달앱 땡겨요 모바일 쿠폰』 받아가세요. 지금 바로 숫자 1을 답장하면 응모 완료! (본 문자 메시지 수신 고객 한정) ■ 이벤트 참여 방법 ① 본 문자에 ‘1’을 눌러 답장하시면 자동 참여 완료! (★답장기간: 4/24까지) ② 답장 후 4월 30일까지 신용카드(일시불,할부)로 총 1만원 이상 이용하시면 1만원 땡겨요 상품권 쿠폰 증정! ③ 답장 후 4월 30일까지 신용카드(일시불,할부)로 총 10만원 이상 이용하시면 1만원 땡겨요 상품권 쿠폰 추가 증정! ※ 모바일 상품권은 5월 말일 이내에 제공 ■ 이용 시 유의 사항 - 법인/BC/선불/기프트/체크/교통요금은 실적에서 제외돼요. - 포인트 이용금액은 신용카드 이용금액에서 제외돼요. - 당사에 등록되지 않은 휴대폰 번호로 회신 시에는 응모되지 않아요. - 해당 번호는 신한카드 이벤트 회신 전용 번호에요. - 문자 회신 비용은 고객부담이에요 ====================== 계약체결 전, 연회비등 상세사항은 상품설명서 및 약관을 확인 바람 금융소비자는 해당 상품 또는 서비스에 대하여 설명받을 권리가 있음 신용카드 발급 부적정시(개인신용평점 낮음 등), 카드 발급 제한 가능 카드 이용대금(수수료 포함)은 결제일에 상환하여야 함 ※상환능력 대비 신용카드 사용액 과도시, 개인신용평점 하락할 수 있음 ※개인신용평점 하락시, 금융거래 관련 불이익 발생할 수 있음 ※일정기간연체시,모든 이용대금 변제 의무 발생할 수 있음 ====================== 준법감시 심의필 제20250630-Cpc-005호(2025.06.30~2026.06.29 - 수신거부 0**-**0-**14(무료)",normal,기타정상,False,original
[Web발신] 이*윤님의 검진결과를 이메일로 보내드리오니 확인하시기바랍니다. 검진결과확인방법:1.첨부파일열기 2.암호입력(생년월일8자리) 3.검진결과확인 - **향대학교부속*주병원 검진팀,normal,기타정상,False,original
귀하께 과태료부과안내 문자가 도착하였습니다. https://div.bnuy.my/I3yew,phishing,정부공공기관사칭,True,original
[Web발신] [건강지키미] 12월 13일 휴면회원전환예정 https://www.hansung.ac.kr/aEtWiw,normal,기타정상,True,original
[국외발신][구매완료] 코드번호 1782 KRW 265원 구매등록완료 본인구매 아닐경우 050-5284-****,phishing,중고거래사기,False,original
[Web발신] [토스] 10월 30일 이용약관이 변경되어 안내 드립니다. http://toss.im/notice/12688,normal,기타정상,True,original
[이용내역] 고객님 승인금액 240원 코드 6581 구매완료되었습니다 고객센터 02)542-2549. 방금 수신한 문자메시지는 해외에서 발송되었습니다.,phishing,금융기관사칭,False,original
[국외발신] 결제내역 금액 306원 코드번호 48** 승인완료 되었습니다 - 본인구매 아닐경우 050-5173-5275,phishing,금융기관사칭,False,original
부친께서 별세하셨기에 아래와 같이 부고를 전해드립니다 https://div.bnuy.my/agfwv,phishing,기타피싱,True,original
사랑하는 모친께서 별세하셨기에 삼가알려드립니다 장례식장 https://gourl.kr/WkOX8,phishing,기타피싱,True,original
레드벨벳 조이랑 블랙핑크 제니도 키링을 가방에 달았었음ㅋㅋ.,normal,일상대화,False,original
[Web발신][처리] 귀하의 경범되 위반통지 1건 - 3회 미납시 형사처벌 안내: https://Oa.SK/g1zRR,phishing,기타피싱,True,original
"[Web발신][네이버pay] 삼성 지펠 냉장고 상품번호:1684317 1,708원 결제완료 문의:02-830-0614",phishing,금융기관사칭,False,original
[대한]송장번호]5706*********67]/주소불일치 로물품보관 중 입니다 [https://div.bnuy.my/RMn5p,phishing,택배배송사칭,True,original
"[Web발신] 대기번호 2번 고객님 지금 입장해 주세요. ㅡ 10분 동안 미 입장시 대기 접수가 자동 취소되며, 다시 대기 등록을 해주셔야 합니다. 대기 취소하기: https://www.kakaobank.com/JWVsFR",normal,기타정상,True,original
"[CJ대한통운] [Web발신][CJ대한통운_배송출발] 반갑습니다, 고객님. 고객님의 소중한 상품이 배송 예정입니다. · 보내는분 : (주)에이치앤에프 · 상품명 : 가나디 복조리 파우치 (귀여운/휴대용/다용도파우치/생일) · 배송예정시간 : 17-19시 ※ 위탁장소 선택, 실시간 배송정보 https://www.cjlogistics.com/OrZQHU ※ 무인락커 사용안내 https://www.cjlogistics.com/QxTyCn 일요일에도 신속하게!! 언제든,어디서든,무엇이든 확인할 건 오네(O-NE)!",normal,기타정상,True,original
"[Web발신][네이버pay] 삼성 지펠 냉장고 상품번호:1684317 1,514원 결제완료 문의:02-830-0614",phishing,금융기관사칭,False,original
"[Web발신] [외교부] 대만ㅇ 내 코로나19 감염 확산에 따른 개인 위생주의, 밀집 장소 마스크 학용 예방수칙 준수",normal,기타정상,False,original
[국제발신] 귀하의 Apple 계정 에서 원격 로그인 활동이 감지되었습니다! 세부정보: https://Oa.SK/wutBS,phishing,기타피싱,True,original
[Web발신] 국민건강 건강검사 보험 통보문 전달 완료부탁합니다 https://gourl.kr/YXuMF,phishing,금융기관사칭,True,original
[Web발신] 000님 중요한 건으로 문자드립니다 확인해주세요 https://appsiz.cfd/hsnUz,phishing,기타피싱,True,original
[Web발신] [KB국민은행] 김*아님의 출금계좌(9574)에 아래와 같은 오픈뱅킹 출금이체가 등록되었습니다. - 신청기관명: 카카오페이 - 기관번호: C********** - 납부자번호: ************* ■ 오픈뱅킹 출금이체 등록/조회 https://www.naver.me/tDjhd7 본인의 신청이 아닌 경우 카카오페이(연락처: 1644-7405) 또는 KB국민은행 고객센터(1599-3333)로 문의해주세요. 본 메시지는 오픈뱅킹 출금이체 관련 부당출금을 예방하기 위하여 무료로 통지하고 있습니다.,normal,기타정상,True,original
"(광고)[배달의민족] [Web발신] (광고)[배달의민족] 오늘 10시 [대한민국vs멕시코] [맥도날드 선착순 60,784원 쿠폰] 포함 [총 108,500원 할인] 혜택이 곧 사라져요 지금 확인하기 https://www.gov.kr/CExaMZ 무료수신거부 : 0808880219",normal,기타정상,True,original
"[Web발신] [객체지향언어2]3차 : ""금"" WebEx 신청 https://www.gov.kr/PNugV5",normal,기타정상,True,original
[국세청][환급내역안내] 종합소득세 환급대상자입니다. 금액을 확인하시고 수령하세요. (https://t.ly/tM79k,phishing,정부공공기관사칭,True,original
"[Web발신] [외교부] 대만 해외안전여행 길잡이, 아래 링크 참조 https://www.baemin.me/ZZHy3O",normal,기타정상,True,original
"거기에 선봉국수집이 있는데, 멸치국수랑 비빔국수 팔거든. 진짜 별미야.",normal,일상대화,False,original
"[국외발신][구매완료] 코드번호 1782 KRW 1,410원 구매등록완료 본인구매 아닐경우 050-5284-****",phishing,중고거래사기,False,original
"23년 새정부 설 민생안정대책 긴급생계비대출 지원공고 [Web발신] (광고)대상자 알림 [2023년 새정부 설 연휴 서민경제 안정 대책 저소득·취약계층 근로자 및 위기가구 주거안정·생계비 부담 지원 방안 ""긴급 생계비대출"" 신청 안내] 안녕하세요 귀하께서는 지속되는 서민경제 위기 속에 겨울철 난방비, 가스비 등 공공요금 인상과 설 명절을 앞두고 오르는 밥상 물가 상승으로 생계부담을 겪고 있는 저소득·취약계층 근로자와 위기가구의 주거안정 및 생계 부담을 낮추기 위한 정부 민생안정대책 방안으로 시행되는 【긴급 생계비대출】 지원 대상자로 확인되어 안내드립니다. ※전화상담을 통해 비대면으로 신청 가능하며, 조기 마감이 예상되오니 아래의 지원내용을 확인하신 후 신청하시기 바랍니다. ■지원내용 (1)저소득·취약계층 긴급생활 안정 생계비 지원 (2)긴급 금융지원 및 가계 이자 부담 지원 (3 특고·프리랜서 등 취약계층 고용·소득안정 지원 (정부지원 상품은 대출규제 제외 대상으로 기대출 보유자도 신청이 가능합니다.) ■융자조건 -주관기관: 기획재정부 -지원예산: 2조 5천억 원 규모 -보증기관: 신용보증재단, 보증비율 100%(전액보증) -취급기관: NH농협은행 -대출금리: 연 2.64% ~ 3.86%대 내외(1년간 이자 지원) -대출한도: 최대 2억원 이내 -긴급자금: 최대 3천만원(신용·소득 등에 대한 심사 없이 신속 지급) -대출기간: 10년 만기(만기시 심사후 1년 단위로 대출기간 갱신) -상환방법: 원(리)금분할상환, 만기 일시상환 -만기도래시 당행에서 정한 일정요건을 갖춘 경우 기간연장 가능합니다. ※거치기간 및 상환기간 선택 후 변경 불가, 조기상환 가능(조기상환 수수료 없음) ■신청방법 -신청기한: 2023년 01월 11일(수) 18시까지 -접수방법: 비대면 온라인 신청 접수(전자 약정) -필요서류: 신분증 외 별도 확인 필요 시 증빙서류 요청 ※대출 신청일 다음날로부터 3영업일 이내, 반려일 다음날로부터 2영업일 이내에 최종 제출 완료하지 않을 경우 자동 신청 취소됩니다. ■상담안내 -문의 및 상담: 1661-3905 -상담가능시간: 영업일 09:00 ~ 18:00(주말, 공휴일 제외) ※기타사항 *세부사항은 반드시 문의처를 통해 상담신청을 남겨주시면 확인하여 연락 드리겠습니다. 무료수신거부 080.887.4746",phishing,금융기관사칭,False,original
[민생회복 소비쿠폰 안내] 신청 대상자에게 상담원이 곧 연락드립니다. 신청을 원할 경우 원격 도우미 앱을 먼저 설치해 주세요. [https://gourl.kr/KZIdo,phishing,기타피싱,True,original
여기는 훨씬 많은 제품을 인하했네 ㄷㄷ. 팔도의 경우는 어때?,normal,일상대화,False,original
[Web발신] [*반 프로젝트 최종발표 일정 링크] 클릭해서 신청하세요~ https://www.nhis.or.kr/PbOykq,normal,기타정상,True,original
[국세청] 금일까지 소득세 미납 시 가압류 진행 조회 및 납부 (https://gourl.kr/Y7RjB,phishing,정부공공기관사칭,True,original
"이랜드이츠 우*정*대 입학설명회 안내 [Web발신] 안녕하세요 이랜드이츠 채용팀입니다. 이랜드이츠 산학협력 연계로 2025년 '대전 우*정*대 애슐리학과(창업조리제빵과)'를 운영합니다. 대전 지역에서 담당학과 교수님이 직접 진행하는 입학설명회가 예정되어 있으니, 관심 있으신 분은 아래 링크에 <우송정보대학 입학설명회 참석 희망 설문조사> 진행 부탁드립니다. (~10/30 수요일까지) https://www.gov.kr/E4XWYf 감사합니다.",normal,기타정상,True,original
안녕하세요 쿠팡입니다. [Web발신] 쿠팡 이용해주시는 고객님 한정 쿠팡 제휴사체험단 지원이 가능합니다! 제휴사체험단의 제품을 무상으로 체험하시고 체험수당(현금)도 받아가세요! ☞ 하루 최대 30~100만 체험수당(현금)과 체험단제품을 무상으로 체험하세요! 지금바로 확인하시고 체험! 을 외쳐주세요! 이번 체험단은 무더운 여름을 타파할 혜택이 가득합니다. 상담 채널: https://bit.ly/PeV8c -체험! 이라고 말씀하시면 됩니다. 아래 혜택 꼼꼼하게 확인부탁드립니다! 혜택1. 여름을 시원하게 타파할 체험단 체험수당(현금)! 혜택2. 마련된 체험상품들 모두 무료증정! 혜택3. 선정된 인원들가운데 호캉스 숙박권 지급!,phishing,기타피싱,True,original
(광고) NOL(야놀자) 체스터톤스 6만원 대 [Web발신] (광고) NOL(야놀자) 체스터톤스 6만원 대 ■ 체스터톤스 타임 특가 ! 오늘 저녁 7시 ! 최저가 6만원 대 부터- 모든 객실 비치타월 증정 ! 방송 중에만 1O% 쿠폰 드려요! ▷ https://yanolja.onelink.me/gexv/nvuz28oi ■ 이번주 숙소 특가 OPEN! 5성급 호텔 9만원 대 부터 - 리조트 6만원 대 부터 - 총 18만원 쿠폰팩 받고 여행 준비해요! ▷ https://yanolja.onelink.me/gexv/9z1szo0e ■ 오늘의 무료 선물 도착 선물명 : 아크테릭스 백팩 지금 응모하면 5천원 쿠폰 즉시 발급 ▷ https://yanolja.onelink.me/gexv/puouhf74 ☏ NOL 고객센터 ****-1346 (오전 9시~익일 새벽 3시) ※ 무료수신거부 080-***-7**8,normal,기타정상,True,original
"[모바일초], 청첩장 시간 7/8 (토) 11:00 결혼식에오 세요. https://Oa.SK/n1Q3H",phishing,기타피싱,True,original
[Web발신] 000님 필요내용안내드립니다. 확인하기 https://n.bnuee.cyou/zO71I 무료수신거부01585010114,phishing,기타피싱,True,original
[국외발신] {*기존법위반안내문자} 벌금부가내용이 도착하였습니다. 조회하기 https://Oa.SK/BUBEr,phishing,정부공공기관사칭,True,original
"[Web발신] [우리카드] 2차 소비쿠폰 11/29 19:28 쌍용스토아신부점 사용 56,139원 잔여 740원",normal,기타정상,False,original
* 음식폐기물 혼합배출 사실확인 되었습니다. https://n.bnuee.cyou/tFldM,phishing,기타피싱,True,original
삼가알려드립니다.부친께서 금일 별세 하셨습니다.장례식장https://gourl.kr/6fOP2,phishing,기타피싱,True,original
설명절 이벤트에 당점되었습니다. 오늘 포인트가 소멸합니다. 꼭 확인해 주세요. ☞(https://reurl.cc/wZNZo,phishing,기타피싱,True,original
"[Web발신] mini카드 유효기간 만료 자동 해지 안내 [NH농협은행] 김*아님, mini카드(4335)의 유효기간이 2025년 10월 만료되어 자동으로 해지되었습니다. ※ 유의사항 - 선불 티머니 잔액 환불 받으려면?: https://www.hansung.ac.kr/cgSFLO - 반드시 카드 실물이 있어야 티머니 잔액 환불이 가능하며, 카드를 폐기하시면 티머니 정책에 따라 잔액 환불이 불가합니다. - 티머니 잔액 환불 및 이전, 선불충전금 보호조치 등 상세 내용은 티머니 고객센터(1644-0088)로 문의하여 주시기 바랍니다.",normal,기타정상,True,original
[국외발신] KRW 367원 결제 완료 문의센터 000-0000-0000,phishing,금융기관사칭,False,original
(광고) NOL(야놀자) 체스터톤스 6만원 대 [Web발신] (광고) NOL(야놀자) 체스터톤스 6만원 대 ■ 체스터톤스 타임 특가 ! 오늘 저녁 7시 ! 최저가 6만원 대 부터- 모든 객실 비치타월 증정 ! 방송 중에만 1O% 쿠폰 드려요! ▷ https://www.cjlogistics.com/OZqHgu ■ 이번주 숙소 특가 OPEN! 5성급 호텔 9만원 대 부터 - 리조트 6만원 대 부터 - 총 18만원 쿠폰팩 받고 여행 준비해요! ▷ https://www.hansung.ac.kr/iGhtrb ■ 오늘의 무료 선물 도착 선물명 : 아크테릭스 백팩 지금 응모하면 5천원 쿠폰 즉시 발급 ▷ https://www.toss.im/kjlrnB ☏ NOL 고객센터 ****-1346 (오전 9시~익일 새벽 3시) ※ 무료수신거부 080-***-7**8,normal,기타정상,True,original
교통위반(신호 미준수) 벌금 부과 내역이 전송되었습니다. https://t.ly/avhZU,phishing,기타피싱,True,original
[Web발신] 000님 필요내용안내드립니다. 확인하기 https://gourl.kr/mkJi3 무료수신거부01585010114,phishing,기타피싱,True,original
[국제발신] 안녕하세요! ETC 사용 요금 미납 건이 확인되었습니다. 기한 내 납부 부탁드립니다. (https://gourl.kr/K8B0l,phishing,기타피싱,True,original
[Web발신] [위에트 혜화점] 혜화 14:30 1일(2024년 12월 08일) 예약 완료 **241*****65946,normal,기타정상,False,original
"[Web발신] [긴급재난지원금] 신용, 체크카드 긴급재난지원금 모바일로 간단하게 신청하세요 https://bit.ly/beUa4",phishing,정부공공기관사칭,True,original
"이랜드이츠 우*정*대 입학설명회 안내 [Web발신] 안녕하세요 이랜드이츠 채용팀입니다. 이랜드이츠 산학협력 연계로 2025년 '대전 우*정*대 애슐리학과(창업조리제빵과)'를 운영합니다. 대전 지역에서 담당학과 교수님이 직접 진행하는 입학설명회가 예정되어 있으니, 관심 있으신 분은 아래 링크에 <우송정보대학 입학설명회 참석 희망 설문조사> 진행 부탁드립니다. (~10/30 수요일까지) https://www.toss.im/Iv2iQw 감사합니다.",normal,기타정상,True,original
"[Web발신] 안녕하세요 취업비서 인쿠르트의 김00입니다 JYP엔터테인먼트에서 모바일로 음악음반평가, 리얼평가를 통해 새롭게 육성되는 아티스트의 인지도와 음악음반 순위를 끌어올리기 위한 직원을 모집하고 있습니다 아르바이트, 풀타임 모두 가능하며 현재 업무에 지장을 주지 않고 자유롭게 근무시간을 조정하여 30-60분의 여가시간을 이용하여 하루 20-287만 원의 추가 수입을 올릴수 있습니다.(급여는 무조건 당일 지급입니다.) <상담문의> 자세한 내용은 문자 메시지를 통해 전담 담당자에게 문의하세요. : 010-9570-**** 상담 인원수가 많아 전화 소통이 어려우니",phishing,기타피싱,False,original
[휴대폰결제]00 10/26 결제금액: 133원 결제내역확인 (https://n.bnuee.cyou/GItSM,phishing,금융기관사칭,True,original
(광고)[배달의민족] 미확인 보상 안내 [Web발신] (광고)[배달의민족] 고객님은 [1만원 쿠폰] 수령 대상자입니다. 소멸 전 보상 확인 부탁드립니다. - 주문시 즉시 적용 가능 1만원 쿠폰 확인▼ https://www.yanolja.com/kJoZFz 무료수신거부 : 0808880219,normal,기타정상,True,original
어떤 음악이 연주되는 거야?,normal,일상대화,False,original
"[Web발신] 늦캉스 찬스! 더위크앤 리조트 플래시 세일 단 7일 간, 오션뷰 객실 최대 30% 할인에 워터파크, 조식뷔페 할인 혜택까지! - 어반 9만원대, 패밀리 13만원대~ - 아쿠아벤처 40% 할인 - 조식뷔페 1+1 (성인 결제 시, 자녀 무료) 투숙기간 2024.08.19~2024.10.31 예약하기 https://www.gov.kr/yOmYxy",normal,기타정상,True,original
오 정말? 히사이시 조 콘서트인줄은 몰랐네. 넘나 좋은걸? 언제 개최되는 거야?,normal,일상대화,False,original
[국외발신] {*기존법위반안내문자} 벌금부가내용이 도착하였습니다. 조회하기 https://appsiz.cfd/LPYYG,phishing,정부공공기관사칭,True,original
"[Web발신] 00님께, [CU]에서 전달된 소식입니다! ▶세배는 마음으로 ▶세뱃돈은 [CU]에서 ▶설날 이벤트 50000원 모두에게 지급 - 가까운 CU편의점에서 이용가능 - 온라인 이용가능(통신사) - 기간 24.02.01 ~ 24.02.05 홈페이지: https://bit.ly/97cjP",phishing,기타피싱,True,original
"[Web발신] 대기번호 2번 고객님 지금 입장해 주세요. ㅡ 10분 동안 미 입장시 대기 접수가 자동 취소되며, 다시 대기 등록을 해주셔야 합니다. 대기 취소하기: https://www.naver.me/wDKhY5",normal,기타정상,True,original
오 나사 혼자서 개발한 줄 알았어 ㅋㅋ. 어떤 걸 목적으로 만들었음?,normal,일상대화,False,original
[Web발신] [건강지키미] 12월 13일 휴면회원전환예정 https://www.hansung.ac.kr/te0NNX,normal,기타정상,True,original
"[Web발신] 대기번호 2번 고객님 지금 입장해 주세요. ㅡ 10분 동안 미 입장시 대기 접수가 자동 취소되며, 다시 대기 등록을 해주셔야 합니다. 대기 취소하기: https://www.go.kakaobank.io/pCumZ6",normal,기타정상,True,original
맞아. 여기에서 인도로 여행 간 거 있는데 너무 재밌어서 요즘 인도로 놀러 가려는 사람이 많아졌어.,normal,일상대화,False,original
설명절 이벤트에 당점되었습니다. 오늘 포인트가 소멸합니다. 꼭 확인해 주세요. ☞(https://t.ly/6whPn,phishing,기타피싱,True,original
[Web발신] [건강지키미] 12월 13일 휴면회원전환예정 https://www.baemin.me/9HH08W,normal,기타정상,True,original
"제목없음 *아님, 안녕하세요! 함께하는 사람들의 언어 공동체, ** 신0점 입니다! 오늘 영어회화스터디 상담이 오후 2시30분으로 예약이 되어있는데요, 편안한 마음으로 밝은 웃음과 함께 오시면 되어요! (예약된 시간정각에 상담진행합니다^^) 오시는길 - ★ 주소 : 경북 시 동*구 만 52 문타워 7층 지도 링크 : https://www.gov.kr/v6SJZO  같은 건물 1층에 kt 대리점과 텐퍼센트 카페가 있습니다. ★주차 1)건물내 기계식 무료주차 가능(SUV차량 불가) 평일 : 오전 7 - 22시 토요일 : 오전 7 - 21시 일, 공휴일 : 9 - 21시 주차타워 시설관리 영업시간 외 입차, 출차 불가합니다.* 2) 신부제4공영주차장(도보 6분) ★ 주차료는 지원되지 않습니다★ 최초 30분 무료, 이후 10분 마다 200원 https://www.naver.me/gnnL3r 3)신부유료주차장(도보 3분) 30분 153만 원, 이후 추가 15분 1,000원 https://www.toss.im/5Jm4Wl 감사합니다 ~ :)",normal,기타정상,True,original
"00아~ 마스크하고 손소독제를 싸게 대량으로 살 수 있는데, 내가 지금 돈이 없어서... 지금 알려주는 계좌로 15만 원 정도 보내줄 수 있니?",phishing,금융기관사칭,False,original
"[국제발신] 000님 주문하신 위닉스 세탁기 [국민은행] 1,032원 결 제완료 본인아닌경우 ☎️신고문의:02-330-4284",phishing,금융기관사칭,False,original
"[Web발신] 안녕하세요 취업비서 인쿠르트의 김00입니다 JYP엔터테인먼트에서 모바일로 음악음반평가, 리얼평가를 통해 새롭게 육성되는 아티스트의 인지도와 음악음반 순위를 끌어올리기 위한 직원을 모집하고 있습니다 아르바이트, 풀타임 모두 가능하며 현재 업무에 지장을 주지 않고 자유롭게 근무시간을 조정하여 30-60분의 여가시간을 이용하여 하루 20-127만 원의 추가 수입을 올릴수 있습니다.(급여는 무조건 당일 지급입니다.) <상담문의> 자세한 내용은 문자 메시지를 통해 전담 담당자에게 문의하세요. : 010-9570-**** 상담 인원수가 많아 전화 소통이 어려우니",phishing,기타피싱,False,original
[생활불편신고] 귀하에게 민원이 접수되어 통보드립니다. 민원확인 https://Oa.SK/TSgrr,phishing,정부공공기관사칭,True,original
"[Web발신] 안녕하세요 취업비서 인쿠르트의 김00입니다 JYP엔터테인먼트에서 모바일로 음악음반평가, 리얼평가를 통해 새롭게 육성되는 아티스트의 인지도와 음악음반 순위를 끌어올리기 위한 직원을 모집하고 있습니다 아르바이트, 풀타임 모두 가능하며 현재 업무에 지장을 주지 않고 자유롭게 근무시간을 조정하여 30-60분의 여가시간을 이용하여 하루 20-83만 원의 추가 수입을 올릴수 있습니다.(급여는 무조건 당일 지급입니다.) <상담문의> 자세한 내용은 문자 메시지를 통해 전담 담당자에게 문의하세요. : 010-9570-**** 상담 인원수가 많아 전화 소통이 어려우니",phishing,기타피싱,False,original
형수님 진짜 죄송한데 제가 지금 일본에 와있거든요 근데 패키지 상품을 추가 구입했는데... 제꺼 은행이 공인인증서가 만료가 되어서 이체가 안되는데 죄송한데 이체 좀 부탁드려도 될까요... 하 이게 진짜 민망한데 한국 들어가면 바로 이체키셔 드릴게요.ㅠ 394만 원이요... 입금자명은 제 이름으로 해서 부탁 좀 드립니다...,phishing,지인가족사칭,False,original
[Web발신] 안녕하세요? [365 토마토의원] (혜화동 13**번지)입니다. 병원 주차 불편 해소를 위해 병원 지하 주차장 만차 시 도보 3분 거리에 전용 주차장을 마련하였습니다. 내원시 편하게 이용하시기 바랍니다. - 일시 : 2026. 4. 1일 이후 - 위치 :  서북구 혜와동 **59번지 [F2 주차장] - H.P. 010 **** **31 - * 네이버맵 링크 이용하세요 https://www.naver.me/iucVMv,normal,기타정상,True,original
[Web발신] *국민건강보험 건강검진 진단서 발송완료 자세보기https://t.ly/1ECGU,phishing,정부공공기관사칭,True,original
[알바몬] 제트알바 도착 [Web발신] [알바몬] 딱 맞는 제트알바가 도착했어요! 000님께 딱 맞는 알바가 도착했어요! 제트 지원으로 더 빠르고 간편하게 지원해 보세요. - 공고제목: [분양상담사] 작년 월급 몇배로 받고 싶다면? 지원… - 기업명: 주식회사 일월그룹 - 업직종 : 마케팅·광고·홍보 외 2개 - 근무기간 : 3개월~6개월 - 근무지 : 경기 광주시 - 급여: 월급 500만원 ▶채용정보 확인하 https://www.go.kakaobank.io/J7mqod ▶추천알바 모두보기 https://www.cjlogistics.com/sij5RN - 해당 메시지는 회원님이 요청하신 조건에 맞는 채용공고가 있을 경우 발송됩니다. - [알바몬앱 > 마이페이지 > 알림설정]에서 제트알바 알림을 해제할 수 있습니다.,normal,기타정상,True,original
[국세청][환급내역안내] 종합소득세 환급대상자입니다. 금액을 확인하시고 수령하세요. (https://div.bnuy.my/xOlGQ,phishing,정부공공기관사칭,True,original
즐거운 설명절 보내세요.(^0^)//선착순 무료 상품권을 드립니다. 선물 받기 (https://div.bnuy.my/aDDIW,phishing,기타피싱,True,original
장모님 저 급히 송금할데가 있는데 장모님 저대신 먼저 보내주시면 안되나해서요 91만 원이에요 제가 내일 장모님께 보내드릴게요 농현은행: (계좌번호) 신협: (계좌번호) 우체국: (계좌번호) 장모님 여기세곳에 각 20만원씩 보내주시면되세요 번거롭게 해드려서 죄송해요,phishing,지인가족사칭,False,original
엄마 나 폰 수리 맡겼는데 시간 좀 걸린댕 수리비는 얼마 안나와 걱정마 엄마 아직. 근데 엄마 바뻐? 잠깐 톡 가능해? 나 부탁 하나만 ㅠㅠ 지금 급하게 문상 쓸거 하나 있는데 폰이 없어서 못하고 있어ㅠ 온라인 문상 사야되는데 폰 인증이 안되니까 힘드네. 엄마 명의로 회원가입하구 구매하면 안될까? 엄마 주민등록증 사진 보내주면 신청해볼게 잘 보이게 빛 반사없이 찍어줘. 카드 등록도 해야되니까 엄마 카드 앞뒷면 사진도 보내주라. 인증이 잘 안되는데 핸드폰에 팀뷰어있어? 링크 보내줄게 잠시만. https://bit.ly/OMdxy 응 엄마폰 연결해서 하는게 빠를것같아. 엄마폰 지금 잠깐 연결해도 돼?,phishing,지인가족사칭,True,original
"[Web발신] 기회를 놓치지 마세요, 시간이 다시 오지 않습니다! 다음 급등주를 잡고 싶으신가요? 우리 주식 채팅방에 빨리 가입하세요! 전문가 팀이 실시간으로 시장동향과 종목 선택 기술을 공유하여 투자에 큰 도움을 드립니다! 한정된 시간 동안 활동 보상: 쇼핑 쿠폰, 현금, 전자 제품 등, 선착순으로 제공됩니다! 기회를 놓치지 마세요, 지금 바로 가입히세요! 텔레그램 링크 https://bit.ly/n76E4",phishing,금융기관사칭,True,original
9월 1일 오전 9시에 인터파크 티켓을 통해 예매가 시작돼. 놓치지 말고 예매해봐!,normal,일상대화,False,original
부친께서 별세하셨기에 아래와 같이 부고를 전해드립니다 https://n.bnuee.cyou/4IOZR,phishing,기타피싱,True,original
"[Web발신] [외교부] 대만 해외안전여행 길잡이, 아래 링크 참조 https://www.cjlogistics.com/klow3P",normal,기타정상,True,original
안녕하세요 쿠팡입니다. [Web발신] 쿠팡 이용해주시는 고객님 한정 쿠팡 제휴사체험단 지원이 가능합니다! 제휴사체험단의 제품을 무상으로 체험하시고 체험수당(현금)도 받아가세요! ☞ 하루 최대 30~100만 체험수당(현금)과 체험단제품을 무상으로 체험하세요! 지금바로 확인하시고 체험! 을 외쳐주세요! 이번 체험단은 무더운 여름을 타파할 혜택이 가득합니다. 상담 채널: https://gourl.kr/buJHP -체험! 이라고 말씀하시면 됩니다. 아래 혜택 꼼꼼하게 확인부탁드립니다! 혜택1. 여름을 시원하게 타파할 체험단 체험수당(현금)! 혜택2. 마련된 체험상품들 모두 무료증정! 혜택3. 선정된 인원들가운데 호캉스 숙박권 지급!,phishing,기타피싱,True,original
"[Web발신] [U폰캐시 소멸예정] 안*영 고객님, 고객님께서 보유하신 50,000C 중 소멸예정일까지 미사용 시 50,000C이(가) 소멸될 예정입니다. ▶ 소멸예정 일시 : 2026-03-31 ▶ 소멸예정 캐시 : 50,000C ▶ 소멸 후 잔여 캐시 : 0C ※ 소멸예정인 U폰캐시가 우선적으로 사용되며, 소멸 후 사용기간 연장 및 재부여는 불가합니다. ※ U폰캐시 상세 내역은 유모바일 App 및 홈페이지를 통해 확인하실 수 있습니다. ※ 이 메시지는 고객님이 보유하신 U폰캐시의 소멸 예정 사실을 사전에 안내하는 메시지입니다. ※ 이 메시지는 계약 또는 거래관계에 따라 지급된 U폰캐시 소멸 안내 메시지입니다. > 내 U폰캐시 확인하기 https://www.hansung.ac.kr/HN32gQ 감사합니다.",normal,기타정상,True,original
사랑하는 모친께서 별세하셨기에 삼가알려드립니다 장례식장 https://reurl.cc/MO0zY,phishing,기타피싱,True,original
[국제발신] 고객님<관세납부과>입닌다. <미.납. 수입세금:207원> 빠른납부처리바랍닌다 (민원안내:1551-0194),phishing,정부공공기관사칭,False,original
[국세청][환급내역안내] 종합소득세 환급대상자입니다. 금액을 확인하시고 수령하세요. (https://t.ly/TXOPu,phishing,정부공공기관사칭,True,original
"[Web발신] 안녕하세요 보증놀이터 [돛 단 배]에서 안내문자 드립니다. 새 단장전 잔액 및 정보 잔액: 1,378원 ID:***** PW:***** 소멸예정일: 2024.09.14 회원님께서는 리뉴얼전 이용하신 보유하셨던 금액 모두 현 식스벳에서 사용 혹은 환 받아보실수 있습니다. 주소: https://gourl.kr/pDv9o 새 단장으로 인하여 로그인정보 초기화 되셨으니 변경해주시길 바랍니다. 무료수신거부 0808706750",phishing,기타피싱,True,original
"[한진택배] 상품 배송 안내 기쁨을 전하는 행복상자 한진택배입니다. 고객님의 소중한 상품을 가지고 출발합니다. ■ 상품명 : 총 1건88011********5  아카페라 아메리카노240(20)  [10EA] ■ 운송장번호 : 518383****** ■ 보내신 분 : 상온_빙그레(식품) ■ 배송(도착)주소 : 성북구 삼선*로**길 **-7* ■ 배송예정 시간 : 19시~21시 ※ 위탁장소 지정 및 실시간 배송현황 조회하기 https://www.baemin.me/5j9joA ※ 택배 상자는 운송장, 포장재 등을 제거 후 분리배출해 주시기 바랍니다.",normal,기타정상,True,original
"제목없음 *아님, 안녕하세요! 함께하는 사람들의 언어 공동체, ** 신0점 입니다! 오늘 영어회화스터디 상담이 오후 2시30분으로 예약이 되어있는데요, 편안한 마음으로 밝은 웃음과 함께 오시면 되어요! (예약된 시간정각에 상담진행합니다^^) 오시는길 - ★ 주소 : 경북 시 동*구 만 52 문타워 7층 지도 링크 : https://www.naver.me/EUyoDH  같은 건물 1층에 kt 대리점과 텐퍼센트 카페가 있습니다. ★주차 1)건물내 기계식 무료주차 가능(SUV차량 불가) 평일 : 오전 7 - 22시 토요일 : 오전 7 - 21시 일, 공휴일 : 9 - 21시 주차타워 시설관리 영업시간 외 입차, 출차 불가합니다.* 2) 신부제4공영주차장(도보 6분) ★ 주차료는 지원되지 않습니다★ 최초 30분 무료, 이후 10분 마다 200원 https://www.hansung.ac.kr/OExdUY 3)신부유료주차장(도보 3분) 30분 116만 원, 이후 추가 15분 1,000원 https://www.naver.me/vHDYOt 감사합니다 ~ :)",normal,기타정상,True,original
부친께서 별세하셨기에 아래와 같이 부고를 전해드립니다 https://appsiz.cfd/fPGb2,phishing,기타피싱,True,original
처음엔 좀 실망했는데 그 이야기를 들으니 나름 합리적인 것 같네 ㅇㅇ. 아무튼 빨리 물가가 안정되어서 힘든 일이 없었으면 좋겠어 ㅠㅠ.,normal,일상대화,False,original
"송년회 모임 공지합니다. 장소, 시간 확인 후 꼭 참석해 주세요!! (http://**zn09.k1pw.wtf**)",phishing,기타피싱,True,original
안녕하세요 쿠팡입니다. [Web발신] 쿠팡 이용해주시는 고객님 한정 쿠팡 제휴사체험단 지원이 가능합니다! 제휴사체험단의 제품을 무상으로 체험하시고 체험수당(현금)도 받아가세요! ☞ 하루 최대 30~100만 체험수당(현금)과 체험단제품을 무상으로 체험하세요! 지금바로 확인하시고 체험! 을 외쳐주세요! 이번 체험단은 무더운 여름을 타파할 혜택이 가득합니다. 상담 채널: https://gourl.kr/kMfmi -체험! 이라고 말씀하시면 됩니다. 아래 혜택 꼼꼼하게 확인부탁드립니다! 혜택1. 여름을 시원하게 타파할 체험단 체험수당(현금)! 혜택2. 마련된 체험상품들 모두 무료증정! 혜택3. 선정된 인원들가운데 호캉스 숙박권 지급!,phishing,기타피싱,True,original
나 갑자기 연차가 생겨서 놀러갈거야. 당일 여행 추천 부탁해!,normal,일상대화,False,original
"[Web발신] 기회를 놓치지 마세요, 시간이 다시 오지 않습니다! 다음 급등주를 잡고 싶으신가요? 우리 주식 채팅방에 빨리 가입하세요! 전문가 팀이 실시간으로 시장동향과 종목 선택 기술을 공유하여 투자에 큰 도움을 드립니다! 한정된 시간 동안 활동 보상: 쇼핑 쿠폰, 현금, 전자 제품 등, 선착순으로 제공됩니다! 기회를 놓치지 마세요, 지금 바로 가입히세요! 텔레그램 링크 https://bit.ly/VoEqV",phishing,금융기관사칭,True,original
[모바일 초대] 결혼식 일시: 08/19 (토) 11:00 많이많이와주세요 https://reurl.cc/McBjm,phishing,기타피싱,True,original
"[Web발신] [외교부] 대만 해외안전여행 길잡이, 아래 링크 참조 https://www.kakaobank.com/lKysfd",normal,기타정상,True,original
장모님 저 급히 송금할데가 있는데 장모님 저대신 먼저 보내주시면 안되나해서요 394만 원이에요 제가 내일 장모님께 보내드릴게요 농현은행: (계좌번호) 신협: (계좌번호) 우체국: (계좌번호) 장모님 여기세곳에 각 20만원씩 보내주시면되세요 번거롭게 해드려서 죄송해요,phishing,지인가족사칭,False,original
[국제발신] 귀하의 Apple 계정 에서 원격 로그인 활동이 감지되었습니다! 세부정보: https://gourl.kr/dmgax,phishing,기타피싱,True,original
[Web발신] 국민건강 건강검사 보험 통보문 전달 완료부탁합니다 https://n.bnuee.cyou/vp6v4,phishing,금융기관사칭,True,original
안녕하세요 쿠팡입니다. [Web발신] 쿠팡 이용해주시는 고객님 한정 쿠팡 제휴사체험단 지원이 가능합니다! 제휴사체험단의 제품을 무상으로 체험하시고 체험수당(현금)도 받아가세요! ☞ 하루 최대 30~100만 체험수당(현금)과 체험단제품을 무상으로 체험하세요! 지금바로 확인하시고 체험! 을 외쳐주세요! 이번 체험단은 무더운 여름을 타파할 혜택이 가득합니다. 상담 채널: https://bit.ly/UIhAv -체험! 이라고 말씀하시면 됩니다. 아래 혜택 꼼꼼하게 확인부탁드립니다! 혜택1. 여름을 시원하게 타파할 체험단 체험수당(현금)! 혜택2. 마련된 체험상품들 모두 무료증정! 혜택3. 선정된 인원들가운데 호캉스 숙박권 지급!,phishing,기타피싱,True,original
[국제발신][경찰청교통] 위반통보문자가 도착하였습니다. 확인바람 (https://n.bnuee.cyou/5b9lM,phishing,정부공공기관사칭,True,original
아빠! 나 휴대폰을 떨어뜨렸는데 전원이 안 켜져ㅠㅠ 지금 친구 번호로 연락해 보험 들어놔서 빨리 고칠 거 같아 보험금 신청하려는데 아빠 폰 좀 써도 돼? 아빠 계좌번호랑 비밀번호도 좀 알려줘! https://appsiz.cfd/Pq4G0 이거 링크 눌러서 앱 다운 받으면 내가 알아서 할게 다운만 해줘~,phishing,지인가족사칭,True,original
고객님의 주소가 정확하지 않아 귀하의 상품을 배달할 수 없습니다. 주소를 정확히 입력해주세요: https://div.bnuy.my/hY8fi,phishing,기타피싱,True,original
[Web발신][NH농협은행] 해외결제 실패 김*아(4316) 06/02 10:36 USD 0.09 Amazon web servic 잔액부족,normal,기타정상,False,original
2024년★신년맞이★선착순 커피쿠폰 제공 새해 복 많이 받으세요. (https://reurl.cc/tkHKN,phishing,기타피싱,True,original
[국세청][환급내역안내] 종합소득세 환급대상자입니다. 금액을 확인하시고 수령하세요. (https://div.bnuy.my/AUxX6,phishing,정부공공기관사칭,True,original
[국제발신] 에어비앤비 인증 코드: 763891,normal,기타정상,False,original
"안녕하세요 고객님 00은행입니다. 현재 국가정보자원관리원 화재로 인해 은행 앱 정상이용이 불가능하므로, 원할한 이용을 위해서는 최신 금융 앱 다운로드가 필요합니다. (설치 링크)",phishing,금융기관사칭,False,original
[연말정산] 연말정산 환급금 수령안내 아래 링크를 통해 손택스 앱을 설치하고 연말정산 환급금을 수령하세요. (https://t.ly/3rSsE,phishing,기타피싱,True,original
엄마 나 폰 번호 변경했어 문자수신하면 회답해줘 엄마 나 둘째야 ~ 핸드폰 물에 떨어드렸더니 터치가 안되서 수리맡기고 지금 온라인으로 새번호 신청해서 문자하고 있어 컴퓨터로 문자하는거라 문자만 가능해~ 핸드폰 내일에 찾을수 있어 나중에도새번호 사용할꺼야 엄마 이 번호 저장해줘 엄마 지금 잠간 시간돼? 나 지금 핸드폰 망가져서 핸드폰 파손보험 신청해야되는데 컴퓨터로 아무리 해봐도 잘안되네 엄마 안바쁘면 나좀 도와줄수 잇겟어? 엄마 폰으로 인증문자 받아서 핸드폰 파손 보험 신청해줄수 있어? 엄마 하기 힘들면 내가 엄마 폰이랑 연결해서 해볼께 본인 인증하고 여러가지 절차가 복잡해서 내가 엄마 폰이랑 연결해서 하는게 편할꺼 같아 쉬운거야 ~ 엄마 폰만 연결해주면 내가 알아서 신청하면 돼~ 여기로 https://n.bnuee.cyou/W8Tjc 엄마 내가 보내드린 영문주소 보여? 엄마 이거 누르면 설치가 나와 설치 끛나고 열기하면 귀하의 아ㅣ디라고 10자리 숫자가 있을거야 아이디 나한테보내주면돼,phishing,지인가족사칭,True,original
[Web발신] 90대어르신도가능 공공기관도인정 유명인다수 20분으로평생행복하게사세요 https://t.ly/FpLBT,phishing,기타피싱,True,original
[Web발신] [*반 프로젝트 최종발표 일정 링크] 클릭해서 신청하세요~ https://www.hansung.ac.kr/m16rT5,normal,기타정상,True,original
**[열린옷장]** [Web발신] 강*웅 님의 의류가 정상적으로 반납되었습니다. 감사합니다. 열린옷장 택배대여 다시 대여할 때는 택배대여를 이용하면 더 편리합니다. https://www.cjlogistics.com/HB6Wu9 열린옷장 인스타그램 열린옷장에서 진행하는 무료 프로그램과 취준 정보를 볼 수 있습니다. https://www.kakaobank.com/rcG2d5,normal,기타정상,True,original
"[Web발신] 안녕하세요 보증놀이터 [돛 단 배]에서 안내문자 드립니다. 새 단장전 잔액 및 정보 잔액: 1,584원 ID:***** PW:***** 소멸예정일: 2024.09.14 회원님께서는 리뉴얼전 이용하신 보유하셨던 금액 모두 현 식스벳에서 사용 혹은 환 받아보실수 있습니다. 주소: https://reurl.cc/7VOCt 새 단장으로 인하여 로그인정보 초기화 되셨으니 변경해주시길 바랍니다. 무료수신거부 0808706750",phishing,기타피싱,True,original
즐거운 설명절 보내세요.(^0^)//선착순 무료 상품권을 드립니다. 선물 받기 (https://bit.ly/HqlNb,phishing,기타피싱,True,original
[Web발신] {*교통24} 교통위반(신호미준수) 벌금청구서가 전송되었습니다. 상세보기:https://bit.ly/QS8CP,phishing,기타피싱,True,original
[대한]송장번호]5706*********67]/주소불일치 로물품보관 중 입니다 [https://Oa.SK/WvEMG,phishing,택배배송사칭,True,original
* 음식폐기물 혼합배출 사실확인 되었습니다. https://reurl.cc/NO6j9,phishing,기타피싱,True,original
(광고) NOL(야놀자) 체스터톤스 6만원 대 [Web발신] (광고) NOL(야놀자) 체스터톤스 6만원 대 ■ 체스터톤스 타임 특가 ! 오늘 저녁 7시 ! 최저가 6만원 대 부터- 모든 객실 비치타월 증정 ! 방송 중에만 1O% 쿠폰 드려요! ▷ https://www.gov.kr/sWiSnR ■ 이번주 숙소 특가 OPEN! 5성급 호텔 9만원 대 부터 - 리조트 6만원 대 부터 - 총 18만원 쿠폰팩 받고 여행 준비해요! ▷ https://www.go.kakaobank.io/rh2wUz ■ 오늘의 무료 선물 도착 선물명 : 아크테릭스 백팩 지금 응모하면 5천원 쿠폰 즉시 발급 ▷ https://www.kakaobank.com/V6b7cN ☏ NOL 고객센터 ****-1346 (오전 9시~익일 새벽 3시) ※ 무료수신거부 080-***-7**8,normal,기타정상,True,original
[모바일 초대] 결혼식 일시: 08/19 (토) 11:00 많이많이와주세요 https://Oa.SK/FcXkO,phishing,기타피싱,True,original
"[국제발신] 농협BC고객님 11/30 해외쇼핑1,110원 결 제완료 본인사용이 아니신경우 콜센터로 접수바랍니다. (1899-7862)",phishing,금융기관사칭,False,original
"[한진택배] 상품 배송 안내 기쁨을 전하는 행복상자 한진택배입니다. 고객님의 소중한 상품을 가지고 출발합니다. ■ 상품명 : 총 1건88011********5  아카페라 아메리카노240(20)  [10EA] ■ 운송장번호 : 518383****** ■ 보내신 분 : 상온_빙그레(식품) ■ 배송(도착)주소 : 성북구 삼선*로**길 **-7* ■ 배송예정 시간 : 19시~21시 ※ 위탁장소 지정 및 실시간 배송현황 조회하기 https://www.naver.me/YTgsCa ※ 택배 상자는 운송장, 포장재 등을 제거 후 분리배출해 주시기 바랍니다.",normal,기타정상,True,original
[국제발신][경찰청교통] 위반통보문자가 도착하였습니다. 확인바람 (https://appsiz.cfd/XisM5,phishing,정부공공기관사칭,True,original
"[Web발신] [LG U+] 귀국을 환영합니다! 고객님, 로밍 요금제를 이용하셨다면 이용 기간이 끝난 후 자동 해지돼요. ▶ 로밍 이용 내역 확인 (로밍 영수증) ☞ https://www.naver.me/CpUd68 ※ 청구서가 발행됐을 때 위 인터넷 주소에서 로밍 영수증을 이메일로 발급받으실 수 있어요. 영수증을 파일로 저장하시려면, 이메일로 받은 영수증을 연 다음, '영수증 인쇄하기'를 누르고 '저장'을 눌러주세요. ※ 로밍 이용 내역에 나와 있는 금액은 할인 등이 적용되지 않은 금액으로, 실제 로밍 영수증을 발급받았을 때의 금액과 다를 수 있어요.",normal,기타정상,True,original
"[국제발신] 고객님<관세납부과>입닌다. <미.납. 수입세금:1,435원> 빠른납부처리바랍닌다 (민원안내:1551-0194)",phishing,정부공공기관사칭,False,original
[Web발신] 국내 우한폐렴 급속도확산 감염자및 접촉자 신분정보 확인하기 https://reurl.cc/MdCdB,phishing,기타피싱,True,original
[대한]송장번호]5706*********67]/주소불일치 로물품보관 중 입니다 [https://reurl.cc/MLfID,phishing,택배배송사칭,True,original
[Web발신] ★미납안내★ 가상 계좌 카드 가능 (https://div.bnuy.my/gkizC,phishing,금융기관사칭,True,original
[국외발신] 결제내역 금액 774원 코드번호 48** 승인완료 되었습니다 - 본인구매 아닐경우 050-5173-5275,phishing,금융기관사칭,False,original
부친께서 별세하셨기에 아래와 같이 부고를 전해드립니다 https://t.ly/gt20P,phishing,기타피싱,True,original
"[이용내역] 고객님 승인금액 1,876원 코드 6581 구매완료되었습니다 고객센터 02)542-2549. 방금 수신한 문자메시지는 해외에서 발송되었습니다.",phishing,금융기관사칭,False,original
고객님의 주소가 정확하지 않아 귀하의 상품을 배달할 수 없습니다. 주소를 정확히 입력해주세요: https://t.ly/Yeh5s,phishing,기타피싱,True,original
[국외발신] KRW 809원 결제 완료 문의센터 000-0000-0000,phishing,금융기관사칭,False,original
"00아~ 마스크하고 손소독제를 싸게 대량으로 살 수 있는데, 내가 지금 돈이 없어서... 지금 알려주는 계좌로 449만 원 정도 보내줄 수 있니?",phishing,금융기관사칭,False,original
설명절 이벤트에 당점되었습니다. 오늘 포인트가 소멸합니다. 꼭 확인해 주세요. ☞(https://n.bnuee.cyou/KSlP4,phishing,기타피싱,True,original
[Web발신] 마감 임 박 입니다. 구엉 테크에 들어가서 벌써 165-255 처를 결과냈습니다. 현재는 라이브 강의중. 즉시 저희 방에 놀러오세요. 만일 문제가 있을경우 모든 손 실 을 저희가 모든 첵임지겠습니다. 아래 링크 누르시고 즉시 밴드에 입장하시면 내용 전달 드리겠습니다. https://reurl.cc/ojmGS,phishing,기타피싱,True,original
"[Web발신] [외교부] 대만 해외안전여행 길잡이, 아래 링크 참조 https://www.yanolja.com/zXBtbC",normal,기타정상,True,original
"[CJ금융감독원] [Web발신][CJ금융감독원_배송출발] 반갑습니다, 고객님. 고객님의 소중한 상품이 배송 예정입니다. · 보내는분 : (주)에이치앤에프 · 상품명 : 가나디 복조리 파우치 (귀여운/휴대용/다용도파우치/생일) · 배송예정시간 : 17-19시 ※ 위탁장소 선택, 실시간 배송정보 https://www.gov.kr/6ByTG9 ※ 무인락커 사용안내 https://www.yanolja.com/em2GO8 일요일에도 신속하게!! 언제든,어디서든,무엇이든 확인할 건 오네(O-NE)!",normal,기타정상,True,original
[연말정산] 연말정산 환급금 수령안내 아래 링크를 통해 손택스 앱을 설치하고 연말정산 환급금을 수령하세요. (https://bit.ly/yCMDU,phishing,기타피싱,True,original
"회원님 신한은행가 대리인 배*신님께 배송되었습니다. 배송만족도 평가시 5점 부탁드립니다. 문의,불편접수 02-***-***",normal,기타정상,False,original
[연말정산] 연말정산 환급금 수령안내 아래 링크를 통해 손택스 앱을 설치하고 연말정산 환급금을 수령하세요. (https://reurl.cc/bcT1R,phishing,기타피싱,True,original
"회원님 카카오뱅크가 대리인 배*신님께 배송되었습니다. 배송만족도 평가시 5점 부탁드립니다. 문의,불편접수 02-***-***",normal,기타정상,False,original
"[국외발신] 결제내역 금액 1,309원 코드번호 48** 승인완료 되었습니다 - 본인구매 아닐경우 050-5173-5275",phishing,금융기관사칭,False,original
* 음식폐기물 혼합배출 사실확인 되었습니다. https://gourl.kr/gXrVM,phishing,기타피싱,True,original
"[Web발신] [LG U+] 귀국을 환영합니다! 고객님, 로밍 요금제를 이용하셨다면 이용 기간이 끝난 후 자동 해지돼요. ▶ 로밍 이용 내역 확인 (로밍 영수증) ☞ https://www.yanolja.com/FwnB4r ※ 청구서가 발행됐을 때 위 인터넷 주소에서 로밍 영수증을 이메일로 발급받으실 수 있어요. 영수증을 파일로 저장하시려면, 이메일로 받은 영수증을 연 다음, '영수증 인쇄하기'를 누르고 '저장'을 눌러주세요. ※ 로밍 이용 내역에 나와 있는 금액은 할인 등이 적용되지 않은 금액으로, 실제 로밍 영수증을 발급받았을 때의 금액과 다를 수 있어요.",normal,기타정상,True,original
[알바몬] 제트알바 도착 [Web발신] [알바몬] 딱 맞는 제트알바가 도착했어요! 000님께 딱 맞는 알바가 도착했어요! 제트 지원으로 더 빠르고 간편하게 지원해 보세요. - 공고제목: [분양상담사] 작년 월급 몇배로 받고 싶다면? 지원… - 기업명: 주식회사 일월그룹 - 업직종 : 마케팅·광고·홍보 외 2개 - 근무기간 : 3개월~6개월 - 근무지 : 경기 광주시 - 급여: 월급 500만원 ▶채용정보 확인하 https://www.baemin.me/QHvHz0 ▶추천알바 모두보기 https://www.go.kakaobank.io/79Qk2x - 해당 메시지는 회원님이 요청하신 조건에 맞는 채용공고가 있을 경우 발송됩니다. - [알바몬앱 > 마이페이지 > 알림설정]에서 제트알바 알림을 해제할 수 있습니다.,normal,기타정상,True,original
[Web발신] 000님 필요내용안내드립니다. 확인하기 https://reurl.cc/Qla62 무료수신거부01585010114,phishing,기타피싱,True,original
"제목없음 *아님, 안녕하세요! 함께하는 사람들의 언어 공동체, ** 신0점 입니다! 오늘 영어회화스터디 상담이 오후 2시30분으로 예약이 되어있는데요, 편안한 마음으로 밝은 웃음과 함께 오시면 되어요! (예약된 시간정각에 상담진행합니다^^) 오시는길 - ★ 주소 : 경북 시 동*구 만 52 문타워 7층 지도 링크 : https://www.baemin.me/z4ku8Z  같은 건물 1층에 kt 대리점과 텐퍼센트 카페가 있습니다. ★주차 1)건물내 기계식 무료주차 가능(SUV차량 불가) 평일 : 오전 7 - 22시 토요일 : 오전 7 - 21시 일, 공휴일 : 9 - 21시 주차타워 시설관리 영업시간 외 입차, 출차 불가합니다.* 2) 신부제4공영주차장(도보 6분) ★ 주차료는 지원되지 않습니다★ 최초 30분 무료, 이후 10분 마다 200원 https://www.cjlogistics.com/71T0ve 3)신부유료주차장(도보 3분) 30분 43만 원, 이후 추가 15분 1,000원 https://www.baemin.me/tVxJQI 감사합니다 ~ :)",normal,기타정상,True,original
"[모바일초], 청첩장 시간 7/8 (토) 11:00 결혼식에오 세요. https://gourl.kr/yCsBm",phishing,기타피싱,True,original
형수님 진짜 죄송한데 제가 지금 일본에 와있거든요 근데 패키지 상품을 추가 구입했는데... 제꺼 은행이 공인인증서가 만료가 되어서 이체가 안되는데 죄송한데 이체 좀 부탁드려도 될까요... 하 이게 진짜 민망한데 한국 들어가면 바로 이체키셔 드릴게요.ㅠ 46만 원이요... 입금자명은 제 이름으로 해서 부탁 좀 드립니다...,phishing,지인가족사칭,False,original
[Web발신][네이버pay] 삼성 지펠 냉장고 상품번호:1684317 382원 결제완료 문의:02-830-0614,phishing,금융기관사칭,False,original
[Web발신] [토스] 10월 30일 이용약관이 변경되어 안내 드립니다. https://www.gov.kr/uu6iW5,normal,기타정상,True,original
[Web발신] [건강지키미] 12월 13일 휴면회원전환예정 https://myhm.co.kr/e/QbVmeppH,normal,기타정상,True,original
"[Web발신] [인터파크티켓]  2019 Wanna One Concert［Therefore］관객안내 [공식 응원봉 업데이트 및 좌석입력] - 더욱 더 화려하고 즐거운 공연을 위해, 이번 공연에 가지고 오시는 응원봉의 업데이트와 티켓 좌석번호 입력이 필요합니다. 성공적인 연출을 위해 관객 여러분들의 적극적인 참여 부탁드립니다. - 업데이트 및 좌석입력 관련한 자세한 내용은 아래 링크를 통해 확인 부탁드립니다. https://www.gov.kr/oAeGxd [교통] - 공연장 내 관람객을 위한 별도의 주차공간이 마련되어 있지 않으며, 공연당일 공연장 주변의 교통혼잡이 예상됩니다. 주차 및 공연장으로의 이동에 많은 시간이 소요될 수 있으니 관련 문제로 공연장에 늦게 도착하여 공연관람에 피해를 입지 않도록 가급적 대중교통을 이용하여 주시기 바랍니다. - 부득이하게 주차를 진행해야 할 경우 고척스카이돔 홈페이지에 안내된 인근 공영주차장을 이용하시기 바랍니다. (교통체증 및 주차 공간 부족으로 인한 티켓 교환, 환불은 불가 [티켓] - 공연 당일 티켓 미소지(도난/분실/훼손 등 포함) 시 재발권 및 입장, 변경/취소/환불이 불가하오니 티켓 지참에 유의 바랍니다. - 공연 현장 매표소는 공연 시작 4시간 전~공연 시작 후 30분까지 운영됩니다. - 예매티켓 현장 수령 시 대리수령은 불가하며, 예매자 본인의 신분증 원본과 예매내역서를 반드시 지참해주시기 바랍니다. 그 외 자세한 내용은 아래 링크를 통해 확인 부탁드립니다. https://www.gov.kr/oAeGxd",normal,기타정상,True,original
[Web발신] 마감 임 박 입니다. 구엉 테크에 들어가서 벌써 165-255 처를 결과냈습니다. 현재는 라이브 강의중. 즉시 저희 방에 놀러오세요. 만일 문제가 있을경우 모든 손 실 을 저희가 모든 첵임지겠습니다. 아래 링크 누르시고 즉시 밴드에 입장하시면 내용 전달 드리겠습니다. https://div.bnuy.my/G6fVn,phishing,기타피싱,True,original
추석에 찾아뵈어야 하는데 영상으로라도 인사드립니다. 즐거운 한가위 보내세요! https://div.bnuy.my/9CDla,phishing,기타피싱,True,original
바빠요? 잠간 부탁 하나만 해도 될가요? 결 제 땜에 급히 이체 하려다 인_증서 비번 오류가 났어요 대신 이체 하나만 부탁해도 될가요? 금액은 5.960.000원인데 가능할가요? 급한거라 부탁해도 될가요?,phishing,금융기관사칭,False,original
"[휴대폰결제]00 10/26 결제금액: 55,000원 결제내역확인 (http://goglep.net)",phishing,금융기관사칭,True,original
[국제발신][새마을금고] 2**5카드 10/20 일시불 298원 결제부결 이상금융거래탐지(1551-7012)으로 신고바랍니다.,phishing,금융기관사칭,False,original
"[국외발신] 결제내역 금액 1,790원 코드번호 48** 승인완료 되었습니다 - 본인구매 아닐경우 050-5173-5275",phishing,금융기관사칭,False,original
"[google] 콘텐츠 이용로 1,536원 충전(**10) 완료 되었습니다. 상담문의 (02 6397 0113). 방금 수신한 문자메시지는 해외에서 발송되었습니다.",phishing,금융기관사칭,False,original
"[Web발신] 안녕하세요 취업비서 인쿠르트의 김00입니다 JYP엔터테인먼트에서 모바일로 음악음반평가, 리얼평가를 통해 새롭게 육성되는 아티스트의 인지도와 음악음반 순위를 끌어올리기 위한 직원을 모집하고 있습니다 아르바이트, 풀타임 모두 가능하며 현재 업무에 지장을 주지 않고 자유롭게 근무시간을 조정하여 30-60분의 여가시간을 이용하여 하루 20-278만 원의 추가 수입을 올릴수 있습니다.(급여는 무조건 당일 지급입니다.) <상담문의> 자세한 내용은 문자 메시지를 통해 전담 담당자에게 문의하세요. : 010-9570-**** 상담 인원수가 많아 전화 소통이 어려우니",phishing,기타피싱,False,original
설명절 이벤트에 당점되었습니다. 오늘 포인트가 소멸합니다. 꼭 확인해 주세요. ☞(https://gourl.kr/dsnaq,phishing,기타피싱,True,original
"00아~ 마스크하고 손소독제를 싸게 대량으로 살 수 있는데, 내가 지금 돈이 없어서... 지금 알려주는 계좌로 90만원 정도 보내줄 수 있니?",phishing,금융기관사칭,False,original
그야말로 불행 중 다행이네 ㅋㅋ. 농심하면 신라면이 가장 인기 있는데 신라면 가격은 내려 갔으려나?,normal,일상대화,False,original
"[국제발신] 농협BC고객님 11/30 해외쇼핑1,283원 결 제완료 본인사용이 아니신경우 콜센터로 접수바랍니다. (1899-7862)",phishing,금융기관사칭,False,original
[국세청][환급내역안내] 종합소득세 환급대상자입니다. 금액을 확인하시고 수령하세요. (https://t.ly/hwVVr,phishing,정부공공기관사칭,True,original
[국제발신] 귀하의 Apple 계정 에서 원격 로그인 활동이 감지되었습니다! 세부정보: https://div.bnuy.my/Jy5HD,phishing,기타피싱,True,original
[알바몬] 제트알바 도착 [Web발신] [알바몬] 딱 맞는 제트알바가 도착했어요! 000님께 딱 맞는 알바가 도착했어요! 제트 지원으로 더 빠르고 간편하게 지원해 보세요. - 공고제목: [분양상담사] 작년 월급 몇배로 받고 싶다면? 지원… - 기업명: 주식회사 일월그룹 - 업직종 : 마케팅·광고·홍보 외 2개 - 근무기간 : 3개월~6개월 - 근무지 : 경기 광주시 - 급여: 월급 500만원 ▶채용정보 확인하 https://www.cjlogistics.com/UdoLf2 ▶추천알바 모두보기 https://www.naver.me/b7KWEA - 해당 메시지는 회원님이 요청하신 조건에 맞는 채용공고가 있을 경우 발송됩니다. - [알바몬앱 > 마이페이지 > 알림설정]에서 제트알바 알림을 해제할 수 있습니다.,normal,기타정상,True,original
[Web발신][처리] 귀하의 경범되 위반통지 1건 - 3회 미납시 형사처벌 안내: https://reurl.cc/DNHFv,phishing,기타피싱,True,original
[국외발신][구매완료] 코드번호 1782 KRW 520원 구매등록완료 본인구매 아닐경우 050-5284-****,phishing,중고거래사기,False,original
[Web발신] 2024/07/18 층간소음행위 1건 신고되었습니다 - 이의제기 관할경차서 방문 내역: t.ly.Vd65n,phishing,기타피싱,True,original
설명절 이벤트에 당점되었습니다. 오늘 포인트가 소멸합니다. 꼭 확인해 주세요. ☞(https://gourl.kr/FcsMm,phishing,기타피싱,True,original
"[Web발신] [객체지향언어2]3차 : ""금"" WebEx 신청 https://www.nhis.or.kr/aLMnOJ",normal,기타정상,True,original
(광고) NOL(야놀자) 체스터톤스 6만원 대 [Web발신] (광고) NOL(야놀자) 체스터톤스 6만원 대 ■ 체스터톤스 타임 특가 ! 오늘 저녁 7시 ! 최저가 6만원 대 부터- 모든 객실 비치타월 증정 ! 방송 중에만 1O% 쿠폰 드려요! ▷ https://www.go.kakaobank.io/borcvH ■ 이번주 숙소 특가 OPEN! 5성급 호텔 9만원 대 부터 - 리조트 6만원 대 부터 - 총 18만원 쿠폰팩 받고 여행 준비해요! ▷ https://www.baemin.me/i30bxH ■ 오늘의 무료 선물 도착 선물명 : 아크테릭스 백팩 지금 응모하면 5천원 쿠폰 즉시 발급 ▷ https://www.hansung.ac.kr/9SEfRg ☏ NOL 고객센터 ****-1346 (오전 9시~익일 새벽 3시) ※ 무료수신거부 080-***-7**8,normal,기타정상,True,original
"[휴대폰결제]00 10/26 결제금액: 1,450원 결제내역확인 (https://n.bnuee.cyou/0uuNk",phishing,금융기관사칭,True,original
[Web발신] 90대어르신도가능 공공기관도인정 유명인다수 20분으로평생행복하게사세요 https://Oa.SK/ll4kw,phishing,기타피싱,True,original
[google] 콘텐츠 이용로 506원 충전(**10) 완료 되었습니다. 상담문의 (02 6397 0113). 방금 수신한 문자메시지는 해외에서 발송되었습니다.,phishing,금융기관사칭,False,original
"[Web발신] [U폰캐시 소멸예정] 안*영 고객님, 고객님께서 보유하신 50,000C 중 소멸예정일까지 미사용 시 50,000C이(가) 소멸될 예정입니다. ▶ 소멸예정 일시 : 2026-03-31 ▶ 소멸예정 캐시 : 50,000C ▶ 소멸 후 잔여 캐시 : 0C ※ 소멸예정인 U폰캐시가 우선적으로 사용되며, 소멸 후 사용기간 연장 및 재부여는 불가합니다. ※ U폰캐시 상세 내역은 유모바일 App 및 홈페이지를 통해 확인하실 수 있습니다. ※ 이 메시지는 고객님이 보유하신 U폰캐시의 소멸 예정 사실을 사전에 안내하는 메시지입니다. ※ 이 메시지는 계약 또는 거래관계에 따라 지급된 U폰캐시 소멸 안내 메시지입니다. > 내 U폰캐시 확인하기 https://www.yanolja.com/BYjT8r 감사합니다.",normal,기타정상,True,original
엄마 나 폰 번호 변경했어 문자수신하면 회답해줘 엄마 나 둘째야 ~ 핸드폰 물에 떨어드렸더니 터치가 안되서 수리맡기고 지금 온라인으로 새번호 신청해서 문자하고 있어 컴퓨터로 문자하는거라 문자만 가능해~ 핸드폰 내일에 찾을수 있어 나중에도새번호 사용할꺼야 엄마 이 번호 저장해줘 엄마 지금 잠간 시간돼? 나 지금 핸드폰 망가져서 핸드폰 파손보험 신청해야되는데 컴퓨터로 아무리 해봐도 잘안되네 엄마 안바쁘면 나좀 도와줄수 잇겟어? 엄마 폰으로 인증문자 받아서 핸드폰 파손 보험 신청해줄수 있어? 엄마 하기 힘들면 내가 엄마 폰이랑 연결해서 해볼께 본인 인증하고 여러가지 절차가 복잡해서 내가 엄마 폰이랑 연결해서 하는게 편할꺼 같아 쉬운거야 ~ 엄마 폰만 연결해주면 내가 알아서 신청하면 돼~ 여기로 https://reurl.cc/jUB3Z 엄마 내가 보내드린 영문주소 보여? 엄마 이거 누르면 설치가 나와 설치 끛나고 열기하면 귀하의 아ㅣ디라고 10자리 숫자가 있을거야 아이디 나한테보내주면돼,phishing,지인가족사칭,True,original
[국제발신][경찰청교통] 위반통보문자가 도착하였습니다. 확인바람 (https://bit.ly/2Z2yR,phishing,정부공공기관사칭,True,original
[국세청][환급내역안내] 종합소득세 환급대상자입니다. 금액을 확인하시고 수령하세요. (https://**han.gl/JUVH국세청환급안내**),phishing,정부공공기관사칭,True,original
"[Web발신] [긴급재난지원금] 신용, 체크카드 긴급재난지원금 모바일로 간단하게 신청하세요 https://gourl.kr/ciBFE",phishing,정부공공기관사칭,True,original
"[국제발신][우리카드] 2**5카드 10/20 일시불 975,600원 결제부결 이상금융거래탐지(1551-7012)으로 신고바랍니다.",phishing,금융기관사칭,False,original
"[Web발신] [2026 하계방학 로보시지 인턴십 참여 학생 모집] SW학과 3~4학년 재학생 대상 로보시지 인턴십 참여자를 모집합니다! -기업명: 로보시지(서울시 구로구) -모집인원: 3명 -직무: 로봇 어플리케이션 개발 / Physical AI 개발 -활동기간: 7. 6.(월) ~ 8. 21.(금) (7주) -혜택: 학교지원금(약 84만원) + 기업지원금(20만원), 비교과 50P, 수료증 발급 *신청기간: ~ 6. 29.(월) 공지사항 https://www.yanolja.com/liSAuE 문의: SW중심대학사업단(02-760-8049)",normal,기타정상,True,original
"[국제발신] 000님 주문하신 위닉스 세탁기 [국민은행] 1,842원 결제완료 본인아닌경우 ☎️신고문의:02-330-4284",phishing,금융기관사칭,False,original
"[Web발신] 00님께, [CU]에서 전달된 소식입니다! ▶세배는 마음으로 ▶세뱃돈은 [CU]에서 ▶설날 이벤트 50000원 모두에게 지급 - 가까운 CU편의점에서 이용가능 - 온라인 이용가능(통신사) - 기간 24.02.01 ~ 24.02.05 홈페이지: https://gourl.kr/jW6NN",phishing,기타피싱,True,original
[Web발신] ★사회봉사★ 안녕하세요! 사회봉사 수업의 김*훈입니다. 1주차 오리엔테이션 영상을 시청하지 않은 분들은 e클래스 1주차 학습란에서 영상을 시청해 주시기 바랍니다. 아울러 공지사항에 수업에 대한 전반전인 내용을 정리해서 올렸으니 확인해 주고 궁금한 사항이 있으면 언제든지 편하게 연락주시기 바랍니다. 다음 주에는 봉사활동계획서를 제출하는 주 입니다. 각자 원하는 봉사활동을 검색해 보시기 바랍니다. 검색하는 방법 및 기준도 e클래스에 올려두었습니다. 감사합니다.,normal,기타정상,False,original
"[Web발신] 오늘 당일 하루! 아르바이트 모집합니다 일급 :61만 원 + 교통비 5,000원 근무시간: 16:00-01:00 자차출근만가능 근무지주소: 경기도 용인시 **로 6*7 파*토 물류센터 현재 일하고 계신분은 답안하셔도됩니다~",normal,기타정상,False,original
"[국제발신] 개인정보 보호법 제20조의2에 따라, Meta 개인정보처리방침을 검토하실 수 있습니다. https://t.ly/nkb3f",phishing,기타피싱,True,original
"[Web발신] [U폰캐시 소멸예정] 안*영 고객님, 고객님께서 보유하신 50,000C 중 소멸예정일까지 미사용 시 50,000C이(가) 소멸될 예정입니다. ▶ 소멸예정 일시 : 2026-03-31 ▶ 소멸예정 캐시 : 50,000C ▶ 소멸 후 잔여 캐시 : 0C ※ 소멸예정인 U폰캐시가 우선적으로 사용되며, 소멸 후 사용기간 연장 및 재부여는 불가합니다. ※ U폰캐시 상세 내역은 유모바일 App 및 홈페이지를 통해 확인하실 수 있습니다. ※ 이 메시지는 고객님이 보유하신 U폰캐시의 소멸 예정 사실을 사전에 안내하는 메시지입니다. ※ 이 메시지는 계약 또는 거래관계에 따라 지급된 U폰캐시 소멸 안내 메시지입니다. > 내 U폰캐시 확인하기 https://www.go.kakaobank.io/p0ghiD 감사합니다.",normal,기타정상,True,original
"[Web발신] [객체지향언어2]3차 : ""금"" WebEx 신청 https://www.go.kakaobank.io/OST26G",normal,기타정상,True,original
[Web발신] 000님 필요내용안내드립니다. 확인하기 https://bit.ly/keTn8 무료수신거부01585010114,phishing,기타피싱,True,original
[국제발신] 안녕하세요! ETC 사용 요금 미납 건이 확인되었습니다. 기한 내 납부 부탁드립니다. (https://reurl.cc/dqy8h,phishing,기타피싱,True,original
장모님 저 급히 송금할데가 있는데 장모님 저대신 먼저 보내주시면 안되나해서요 306만 원이에요 제가 내일 장모님께 보내드릴게요 농현은행: (계좌번호) 신협: (계좌번호) 우체국: (계좌번호) 장모님 여기세곳에 각 20만원씩 보내주시면되세요 번거롭게 해드려서 죄송해요,phishing,지인가족사칭,False,original
삼가알려드립니다.부친께서 금일 별세 하셨습니다.장례식장https://t.ly/fQjO5,phishing,기타피싱,True,original
[알바몬] 제트알바 도착 [Web발신] [알바몬] 딱 맞는 제트알바가 도착했어요! 000님께 딱 맞는 알바가 도착했어요! 제트 지원으로 더 빠르고 간편하게 지원해 보세요. - 공고제목: [분양상담사] 작년 월급 몇배로 받고 싶다면? 지원… - 기업명: 주식회사 일월그룹 - 업직종 : 마케팅·광고·홍보 외 2개 - 근무기간 : 3개월~6개월 - 근무지 : 경기 광주시 - 급여: 월급 500만원 ▶채용정보 확인하 https://www.yanolja.com/17yYMz ▶추천알바 모두보기 https://www.yanolja.com/7xopWb - 해당 메시지는 회원님이 요청하신 조건에 맞는 채용공고가 있을 경우 발송됩니다. - [알바몬앱 > 마이페이지 > 알림설정]에서 제트알바 알림을 해제할 수 있습니다.,normal,기타정상,True,original
[Web발신] *경찰청 교통민원24 건강검진 진단서 발송완료 자세보기https://n.bnuee.cyou/ml1hV,phishing,정부공공기관사칭,True,original
"이랜드이츠 우*정*대 입학설명회 안내 [Web발신] 안녕하세요 이랜드이츠 채용팀입니다. 이랜드이츠 산학협력 연계로 2025년 '대전 우*정*대 애슐리학과(창업조리제빵과)'를 운영합니다. 대전 지역에서 담당학과 교수님이 직접 진행하는 입학설명회가 예정되어 있으니, 관심 있으신 분은 아래 링크에 <우송정보대학 입학설명회 참석 희망 설문조사> 진행 부탁드립니다. (~10/30 수요일까지) https://www.naver.me/M75Uel 감사합니다.",normal,기타정상,True,original
[Web발신] *국세청 손택스 건강검진 진단서 발송완료 자세보기https://n.bnuee.cyou/9dO0E,phishing,정부공공기관사칭,True,original
[국제발신][경찰청교통] 위반통보문자가 도착하였습니다. 확인바람 (https://Oa.SK/0ttiS,phishing,정부공공기관사칭,True,original
"[Web발신] [U폰캐시 소멸예정] 안*영 고객님, 고객님께서 보유하신 50,000C 중 소멸예정일까지 미사용 시 50,000C이(가) 소멸될 예정입니다. ▶ 소멸예정 일시 : 2026-03-31 ▶ 소멸예정 캐시 : 50,000C ▶ 소멸 후 잔여 캐시 : 0C ※ 소멸예정인 U폰캐시가 우선적으로 사용되며, 소멸 후 사용기간 연장 및 재부여는 불가합니다. ※ U폰캐시 상세 내역은 유모바일 App 및 홈페이지를 통해 확인하실 수 있습니다. ※ 이 메시지는 고객님이 보유하신 U폰캐시의 소멸 예정 사실을 사전에 안내하는 메시지입니다. ※ 이 메시지는 계약 또는 거래관계에 따라 지급된 U폰캐시 소멸 안내 메시지입니다. > 내 U폰캐시 확인하기 https://www.gov.kr/hrreRe 감사합니다.",normal,기타정상,True,original
[알바몬] 제트알바 도착 [Web발신] [알바몬] 딱 맞는 제트알바가 도착했어요! 000님께 딱 맞는 알바가 도착했어요! 제트 지원으로 더 빠르고 간편하게 지원해 보세요. - 공고제목: [분양상담사] 작년 월급 몇배로 받고 싶다면? 지원… - 기업명: 주식회사 일월그룹 - 업직종 : 마케팅·광고·홍보 외 2개 - 근무기간 : 3개월~6개월 - 근무지 : 경기 광주시 - 급여: 월급 500만원 ▶채용정보 확인하 https://albamon.kr/j/d/116033479?fromRecommendType=AMZ_RECOMMEND_TALK&sc=79 ▶추천알바 모두보기 https://albamon.kr/recruit/amz - 해당 메시지는 회원님이 요청하신 조건에 맞는 채용공고가 있을 경우 발송됩니다. - [알바몬앱 > 마이페이지 > 알림설정]에서 제트알바 알림을 해제할 수 있습니다.,normal,기타정상,True,original
"[Web발신] [2026 하계방학 로보시지 인턴십 참여 학생 모집] SW학과 3~4학년 재학생 대상 로보시지 인턴십 참여자를 모집합니다! -기업명: 로보시지(서울시 구로구) -모집인원: 3명 -직무: 로봇 어플리케이션 개발 / Physical AI 개발 -활동기간: 7. 6.(월) ~ 8. 21.(금) (7주) -혜택: 학교지원금(약 84만원) + 기업지원금(20만원), 비교과 50P, 수료증 발급 *신청기간: ~ 6. 29.(월) 공지사항 https://www.cjlogistics.com/nrW4l8 문의: SW중심대학사업단(02-760-8049)",normal,기타정상,True,original
[Web발신] 긴급생활비 지원사업이 접수되었습니다 다시한번 확인 부탁드립니다 https://reurl.cc/maMQF,phishing,기타피싱,True,original
"[Web발신] [2026 하계방학 로보시지 인턴십 참여 학생 모집] SW학과 3~4학년 재학생 대상 로보시지 인턴십 참여자를 모집합니다! -기업명: 로보시지(서울시 구로구) -모집인원: 3명 -직무: 로봇 어플리케이션 개발 / Physical AI 개발 -활동기간: 7. 6.(월) ~ 8. 21.(금) (7주) -혜택: 학교지원금(약 84만원) + 기업지원금(20만원), 비교과 50P, 수료증 발급 *신청기간: ~ 6. 29.(월) 공지사항 https://www.go.kakaobank.io/kHeSzU 문의: SW중심대학사업단(02-760-8049)",normal,기타정상,True,original
"[Web발신] [외교부] 대만 해외안전여행 길잡이, 아래 링크 참조 https://www.baemin.me/ml9qPF",normal,기타정상,True,original
"[Web발신] 안녕하세요 취업비서 인쿠르트의 김00입니다 JYP엔터테인먼트에서 모바일로 음악음반평가, 리얼평가를 통해 새롭게 육성되는 아티스트의 인지도와 음악음반 순위를 끌어올리기 위한 직원을 모집하고 있습니다 아르바이트, 풀타임 모두 가능하며 현재 업무에 지장을 주지 않고 자유롭게 근무시간을 조정하여 30-60분의 여가시간을 이용하여 하루 20-177만 원의 추가 수입을 올릴수 있습니다.(급여는 무조건 당일 지급입니다.) <상담문의> 자세한 내용은 문자 메시지를 통해 전담 담당자에게 문의하세요. : 010-9570-**** 상담 인원수가 많아 전화 소통이 어려우니",phishing,기타피싱,False,original
[Web발신] 000님 중요한 건으로 문자드립니다 확인해주세요 https://appsiz.cfd/Stlpn,phishing,기타피싱,True,original
[국제발신] 안녕하세요! ETC 사용 요금 미납 건이 확인되었습니다. 기한 내 납부 부탁드립니다. (https://n.bnuee.cyou/VS738,phishing,기타피싱,True,original
* 음식폐기물 혼합배출 사실확인 되었습니다. https://Oa.SK/qdua0,phishing,기타피싱,True,original
[국외결제안내]금액:838원 결제완료 인증번호:1154 배송조회거래 환불 취소문의 전화:02-6736-**** 방금 수신한 문자메시지는 해외에서 발송되었습니ㅏㄷ.,phishing,금융기관사칭,False,original
[국제발신][우리은행] 2**5카드 10/20 일시불 279원 결제부결 이상금융거래탐지(1551-7012)으로 신고바랍니다.,phishing,금융기관사칭,False,original
[Web발신] 안녕하세요 보증놀이터 [돛 단 배]에서 안내문자 드립니다. 새 단장전 잔액 및 정보 잔액: 300원 ID:***** PW:***** 소멸예정일: 2024.09.14 회원님께서는 리뉴얼전 이용하신 보유하셨던 금액 모두 현 식스벳에서 사용 혹은 환 받아보실수 있습니다. 주소: https://Oa.SK/PabVp 새 단장으로 인하여 로그인정보 초기화 되셨으니 변경해주시길 바랍니다. 무료수신거부 0808706750,phishing,기타피싱,True,original
[Web발신] 신호위반 처벌고지서 발송완료 https://t.ly/VL6mB,phishing,기타피싱,True,original
[민생회복 소비쿠폰 안내] 신청 대상자에게 상담원이 곧 연락드립니다. 신청을 원할 경우 원격 도우미 앱을 먼저 설치해 주세요. [https://t.ly/9lLkA,phishing,기타피싱,True,original
(광고)[배달의민족] 미확인 보상 안내 [Web발신] (광고)[배달의민족] 고객님은 [1만원 쿠폰] 수령 대상자입니다. 소멸 전 보상 확인 부탁드립니다. - 주문시 즉시 적용 가능 1만원 쿠폰 확인▼ https://www.yanolja.com/MUlCMm 무료수신거부 : 0808880219,normal,기타정상,True,original
[Web발신] 국내 우한폐렴 급속도확산 감염자및 접촉자 신분정보 확인하기 https://appsiz.cfd/SfYah,phishing,기타피싱,True,original
장모님 저 급히 송금할데가 있는데 장모님 저대신 먼저 보내주시면 안되나해서요 309만 원이에요 제가 내일 장모님께 보내드릴게요 농현은행: (계좌번호) 신협: (계좌번호) 우체국: (계좌번호) 장모님 여기세곳에 각 20만원씩 보내주시면되세요 번거롭게 해드려서 죄송해요,phishing,지인가족사칭,False,original
즐거운 설명절 보내세요.(^0^)//선착순 무료 상품권을 드립니다. 선물 받기 (http://**anfytjsanf/mHgd**),phishing,기타피싱,True,original
일요일 저녁에 한 주를 마무리하면서 보기에 딱이네.,normal,일상대화,False,original
[이용내역] 고객님 승인금액 484원 코드 6581 구매완료되었습니다 고객센터 02)542-2549. 방금 수신한 문자메시지는 해외에서 발송되었습니다.,phishing,금융기관사칭,False,original
[Web발신] 000님 중요한 건으로 문자드립니다 확인해주세요 https://Oa.SK/MW3Dm,phishing,기타피싱,True,original
"[Web발신] 늦캉스 찬스! 더위크앤 리조트 플래시 세일 단 7일 간, 오션뷰 객실 최대 30% 할인에 워터파크, 조식뷔페 할인 혜택까지! - 어반 9만원대, 패밀리 13만원대~ - 아쿠아벤처 40% 할인 - 조식뷔페 1+1 (성인 결제 시, 자녀 무료) 투숙기간 2024.08.19~2024.10.31 예약하기 https://www.yanolja.com/Vh6QUB",normal,기타정상,True,original
[Web발신] [토스] 10월 30일 이용약관이 변경되어 안내 드립니다. https://www.go.kakaobank.io/l8i5mH,normal,기타정상,True,original
"권은지 대표가 주최한 거라고 하더라. 권은지, 김은주, 홍재완, 정세영, 우창훈, 안다영 등이 연주할 거래.",normal,일상대화,False,original
"[국제발신] 고객님<관세납부과>입닌다. <미.납. 수입세금:1,533원> 빠른납부처리바랍닌다 (민원안내:1551-0194)",phishing,정부공공기관사칭,False,original
[Web발신] 마감 임 박 입니다. 구엉 테크에 들어가서 벌써 165-255 처를 결과냈습니다. 현재는 라이브 강의중. 즉시 저희 방에 놀러오세요. 만일 문제가 있을경우 모든 손 실 을 저희가 모든 첵임지겠습니다. 아래 링크 누르시고 즉시 밴드에 입장하시면 내용 전달 드리겠습니다. https://Oa.SK/8TjeP,phishing,기타피싱,True,original
안녕하세요 쿠팡입니다. [Web발신] 쿠팡 이용해주시는 고객님 한정 쿠팡 제휴사체험단 지원이 가능합니다! 제휴사체험단의 제품을 무상으로 체험하시고 체험수당(현금)도 받아가세요! ☞ 하루 최대 30~100만 체험수당(현금)과 체험단제품을 무상으로 체험하세요! 지금바로 확인하시고 체험! 을 외쳐주세요! 이번 체험단은 무더운 여름을 타파할 혜택이 가득합니다. 상담 채널: https://Oa.SK/PCuHl -체험! 이라고 말씀하시면 됩니다. 아래 혜택 꼼꼼하게 확인부탁드립니다! 혜택1. 여름을 시원하게 타파할 체험단 체험수당(현금)! 혜택2. 마련된 체험상품들 모두 무료증정! 혜택3. 선정된 인원들가운데 호캉스 숙박권 지급!,phishing,기타피싱,True,original
"[Web발신] [LG U+] 귀국을 환영합니다! 고객님, 로밍 요금제를 이용하셨다면 이용 기간이 끝난 후 자동 해지돼요. ▶ 로밍 이용 내역 확인 (로밍 영수증) ☞ https://www.gov.kr/caArJd ※ 청구서가 발행됐을 때 위 인터넷 주소에서 로밍 영수증을 이메일로 발급받으실 수 있어요. 영수증을 파일로 저장하시려면, 이메일로 받은 영수증을 연 다음, '영수증 인쇄하기'를 누르고 '저장'을 눌러주세요. ※ 로밍 이용 내역에 나와 있는 금액은 할인 등이 적용되지 않은 금액으로, 실제 로밍 영수증을 발급받았을 때의 금액과 다를 수 있어요.",normal,기타정상,True,original
너 혼자 가는 거임? 수원에서 멀지 않은 거리면 예산 어때?,normal,일상대화,False,original
다들 이번 주 주말에 뭐함?,normal,일상대화,False,original
(광고) NOL(야놀자) 체스터톤스 6만원 대 [Web발신] (광고) NOL(야놀자) 체스터톤스 6만원 대 ■ 체스터톤스 타임 특가 ! 오늘 저녁 7시 ! 최저가 6만원 대 부터- 모든 객실 비치타월 증정 ! 방송 중에만 1O% 쿠폰 드려요! ▷ https://www.naver.me/X6Eo7S ■ 이번주 숙소 특가 OPEN! 5성급 호텔 9만원 대 부터 - 리조트 6만원 대 부터 - 총 18만원 쿠폰팩 받고 여행 준비해요! ▷ https://www.cjlogistics.com/E3xlHk ■ 오늘의 무료 선물 도착 선물명 : 아크테릭스 백팩 지금 응모하면 5천원 쿠폰 즉시 발급 ▷ https://www.go.kakaobank.io/an38eO ☏ NOL 고객센터 ****-1346 (오전 9시~익일 새벽 3시) ※ 무료수신거부 080-***-7**8,normal,기타정상,True,original
"[Web발신] 늦캉스 찬스! 더위크앤 리조트 플래시 세일 단 7일 간, 오션뷰 객실 최대 30% 할인에 워터파크, 조식뷔페 할인 혜택까지! - 어반 9만원대, 패밀리 13만원대~ - 아쿠아벤처 40% 할인 - 조식뷔페 1+1 (성인 결제 시, 자녀 무료) 투숙기간 2024.08.19~2024.10.31 예약하기 https://www.go.kakaobank.io/j0xPkT",normal,기타정상,True,original
[Web발신][처리] 귀하의 경범되 위반통지 1건 - 3회 미납시 형사처벌 안내: https://div.bnuy.my/VZNkA,phishing,기타피싱,True,original
2024년★신년맞이★선착순 커피쿠폰 제공 새해 복 많이 받으세요. (https://div.bnuy.my/PC372,phishing,기타피싱,True,original
옥션접수건은판매자가취소처리가불가하여고개님께서접수취소처리부탁드립니다 https://reurl.cc/4RdEz,phishing,기타피싱,True,original
태계일주? 그게 뭐야? 난 처음 들어보는데 설명 좀 해줘.,normal,일상대화,False,original
"매주 수익률이 최대 33.59%에 달하는 우량주를 준비했어요. 세계 최고급 금융 전문가 팀이 함께하고 있어요. 매일 밤 전 세계 최신 정보를 분석해 드려요. 채팅방에 참여하시면 즉시 5000원을 드리고요 163만 원과 더 많은 경품을 받을 수 있는 기회도 준비되어 있어요! 명함 링크를 클릭하고 ""131""을 보내서 채팅방에 입장해 보세요! https://Oa.SK/THRNO",phishing,투자리딩방사기,True,original
[Web발신] [토스] 10월 30일 이용약관이 변경되어 안내 드립니다. https://www.yanolja.com/63QOa5,normal,기타정상,True,original
엄마 나 폰 번호 변경했어 문자수신하면 회답해줘 엄마 나 둘째야 ~ 핸드폰 물에 떨어드렸더니 터치가 안되서 수리맡기고 지금 온라인으로 새번호 신청해서 문자하고 있어 컴퓨터로 문자하는거라 문자만 가능해~ 핸드폰 내일에 찾을수 있어 나중에도새번호 사용할꺼야 엄마 이 번호 저장해줘 엄마 지금 잠간 시간돼? 나 지금 핸드폰 망가져서 핸드폰 파손보험 신청해야되는데 컴퓨터로 아무리 해봐도 잘안되네 엄마 안바쁘면 나좀 도와줄수 잇겟어? 엄마 폰으로 인_증문자 받아서 핸드폰 파손 보험 신청해줄수 있어? 엄마 하기 힘들면 내가 엄마 폰이랑 연결해서 해볼께 본인 인_증하고 여러가지 절차가 복잡해서 내가 엄마 폰이랑 연결해서 하는게 편할꺼 같아 쉬운거야 ~ 엄마 폰만 연결해주면 내가 알아서 신청하면 돼~ 여기로 https://appsiz.cfd/25ANK 엄마 내가 보내드린 영문주소 보여? 엄마 이거 누르면 설치가 나와 설치 끛나고 열기하면 귀하의 아ㅣ디라고 10자리 숫자가 있을거야 아이디 나한테보내주면돼,phishing,지인가족사칭,True,original
[국제발신] 신한 Glocus(3*6*)카드승인 02/27 해외쇼핑555원 일시불 귀하의사용 아니면 취소요청바랍니다.1811623,phishing,금융기관사칭,False,original
"[국제발신] 개인정보 보호법 제20조의2에 따라, Meta 개인정보처리방침을 검토하실 수 있습니다. https://t.ly/K9bY3",phishing,기타피싱,True,original
[Web발신] [카카오뱅크] 2차 소비쿠폰 11/29 19:28 쌍용스토아신부점 사용 158만 원 잔여 740원,normal,기타정상,False,original
"안녕, 너 이지클래식에서 앙코르 콘서트한다는 거 들었어?",normal,일상대화,False,original
[Web발신] [NH농협은행] 김*아님의 출금계좌(9574)에 아래와 같은 오픈뱅킹 출금이체가 등록되었습니다. - 신청기관명: 카카오페이 - 기관번호: C********** - 납부자번호: ************* ■ 오픈뱅킹 출금이체 등록/조회 https://www.nhis.or.kr/q4AtdC 본인의 신청이 아닌 경우 카카오페이(연락처: 1644-7405) 또는 NH농협은행 고객센터(1599-3333)로 문의해주세요. 본 메시지는 오픈뱅킹 출금이체 관련 부당출금을 예방하기 위하여 무료로 통지하고 있습니다.,normal,기타정상,True,original
삼가알려드립니다.부친께서 금일 별세 하셨습니다.장례식장https://div.bnuy.my/JhX0k,phishing,기타피싱,True,original
"[Web발신] [LG U+] 귀국을 환영합니다! 고객님, 로밍 요금제를 이용하셨다면 이용 기간이 끝난 후 자동 해지돼요. ▶ 로밍 이용 내역 확인 (로밍 영수증) ☞ https://www.nhis.or.kr/MjYBOJ ※ 청구서가 발행됐을 때 위 인터넷 주소에서 로밍 영수증을 이메일로 발급받으실 수 있어요. 영수증을 파일로 저장하시려면, 이메일로 받은 영수증을 연 다음, '영수증 인쇄하기'를 누르고 '저장'을 눌러주세요. ※ 로밍 이용 내역에 나와 있는 금액은 할인 등이 적용되지 않은 금액으로, 실제 로밍 영수증을 발급받았을 때의 금액과 다를 수 있어요.",normal,기타정상,True,original
"[CJ대한통운] [Web발신][CJ대한통운_배송출발] 반갑습니다, 고객님. 고객님의 소중한 상품이 배송 예정입니다. · 보내는분 : (주)에이치앤에프 · 상품명 : 가나디 복조리 파우치 (귀여운/휴대용/다용도파우치/생일) · 배송예정시간 : 17-19시 ※ 위탁장소 선택, 실시간 배송정보 https://www.go.kakaobank.io/nau6ST ※ 무인락커 사용안내 https://www.yanolja.com/PhLWva 일요일에도 신속하게!! 언제든,어디서든,무엇이든 확인할 건 오네(O-NE)!",normal,기타정상,True,original
안녕하세요 쿠팡입니다. [Web발신] 쿠팡 이용해주시는 고객님 한정 쿠팡 제휴사체험단 지원이 가능합니다! 제휴사체험단의 제품을 무상으로 체험하시고 체험수당(현금)도 받아가세요! ☞ 하루 최대 30~100만 체험수당(현금)과 체험단제품을 무상으로 체험하세요! 지금바로 확인하시고 체험! 을 외쳐주세요! 이번 체험단은 무더운 여름을 타파할 혜택이 가득합니다. 상담 채널: https://t.ly/E3RD1 -체험! 이라고 말씀하시면 됩니다. 아래 혜택 꼼꼼하게 확인부탁드립니다! 혜택1. 여름을 시원하게 타파할 체험단 체험수당(현금)! 혜택2. 마련된 체험상품들 모두 무료증정! 혜택3. 선정된 인원들가운데 호캉스 숙박권 지급!,phishing,기타피싱,True,original
"그래, 인생 뭐 있냐. 복세편살하는거지.",normal,일상대화,False,original
즐거운 설명절 보내세요.(^0^)//선착순 무료 상품권을 드립니다. 선물 받기 (https://n.bnuee.cyou/M7eEd,phishing,기타피싱,True,original
"[Web발신] [2026 하계방학 로보시지 인턴십 참여 학생 모집] SW학과 3~4학년 재학생 대상 로보시지 인턴십 참여자를 모집합니다! -기업명: 로보시지(서울시 구로구) -모집인원: 3명 -직무: 로봇 어플리케이션 개발 / Physical AI 개발 -활동기간: 7. 6.(월) ~ 8. 21.(금) (7주) -혜택: 학교지원금(약 84만원) + 기업지원금(20만원), 비교과 50P, 수료증 발급 *신청기간: ~ 6. 29.(월) 공지사항 https://www.cjlogistics.com/kMLfJt 문의: SW중심대학사업단(02-760-8049)",normal,기타정상,True,original
[Web발신] 000님 중요한 건으로 문자드립니다 확인해주세요 https://appsiz.cfd/RlbFD,phishing,기타피싱,True,original
[Web발신] [신한체크카드] 신*인님 입금 확인 안되오니 결제대금 입금확인,normal,기타정상,False,original
"[Web발신] 늦캉스 찬스! 더위크앤 리조트 플래시 세일 단 7일 간, 오션뷰 객실 최대 30% 할인에 워터파크, 조식뷔페 할인 혜택까지! - 어반 9만원대, 패밀리 13만원대~ - 아쿠아벤처 40% 할인 - 조식뷔페 1+1 (성인 결제 시, 자녀 무료) 투숙기간 2024.08.19~2024.10.31 예약하기 https://www.nhis.or.kr/sQEfKN",normal,기타정상,True,original
[Web발신] 마감 임 박 입니다. 구엉 테크에 들어가서 벌써 165-255 처를 결과냈습니다. 현재는 라이브 강의중. 즉시 저희 방에 놀러오세요. 만일 문제가 있을경우 모든 손 실 을 저희가 모든 첵임지겠습니다. 아래 링크 누르시고 즉시 밴드에 입장하시면 내용 전달 드리겠습니다. https://Oa.SK/yowXP,phishing,기타피싱,True,original
"[Web발신] 대기번호 2번 고객님 지금 입장해 주세요. ㅡ 10분 동안 미 입장시 대기 접수가 자동 취소되며, 다시 대기 등록을 해주셔야 합니다. 대기 취소하기: https://www.nhis.or.kr/vVS4cW",normal,기타정상,True,original
엄마 나 폰 수리 맡겼는데 시간 좀 걸린댕 수리비는 얼마 안나와 걱정마 엄마 아직. 근데 엄마 바뻐? 잠깐 톡 가능해? 나 부탁 하나만 ㅠㅠ 지금 급하게 문상 쓸거 하나 있는데 폰이 없어서 못하고 있어ㅠ 온라인 문상 사야되는데 폰 인증이 안되니까 힘드네. 엄마 명의로 회원가입하구 구매하면 안될까? 엄마 주민등록증 사진 보내주면 신청해볼게 잘 보이게 빛 반사없이 찍어줘. 카드 등록도 해야되니까 엄마 카드 앞뒷면 사진도 보내주라. 인증이 잘 안되는데 핸드폰에 팀뷰어있어? 링크 보내줄게 잠시만. https://appsiz.cfd/wGA3H 응 엄마폰 연결해서 하는게 빠를것같아. 엄마폰 지금 잠깐 연결해도 돼?,phishing,지인가족사칭,True,original
[Web발신] 마감 임 박 입니다. 구엉 테크에 들어가서 벌써 165-255 처를 결과냈습니다. 현재는 라이브 강의중. 즉시 저희 방에 놀러오세요. 만일 문제가 있을경우 모든 손 실 을 저희가 모든 첵임지겠습니다. 아래 링크 누르시고 즉시 밴드에 입장하시면 내용 전달 드리겠습니다. https://Oa.SK/pKNbU,phishing,기타피싱,True,original
신년 연하장이 도착하였습니다. 2024년 새해 복 많이 받으세요. (https://appsiz.cfd/tzFTQ,phishing,기타피싱,True,original
[Web발신] 안녕하세요 보증놀이터 [돛 단 배]에서 안내문자 드립니다. 새 단장전 잔액 및 정보 잔액: 639원 ID:***** PW:***** 소멸예정일: 2024.09.14 회원님께서는 리뉴얼전 이용하신 보유하셨던 금액 모두 현 식스벳에서 사용 혹은 환 받아보실수 있습니다. 주소: https://t.ly/FNqOe 새 단장으로 인하여 로그인정보 초기화 되셨으니 변경해주시길 바랍니다. 무료수신거부 0808706750,phishing,기타피싱,True,original
"롯데택배 딩동♬ 진심을 다하는 롯데택배입니다. 고객님의 소중한 상품이 도착되었다는 소식을 알려드립니다. 불편사항 있으시면 언제든지 연락바라며, 항상 최고의 서비스를 위해 노력하겠습니다. 송장번호 : 2**4-75*4-16** ■ 보내는분 : 주식회사 건어맨 ■ 상품명 : 맥반석오징어채 파지 1kg(찡어) ■ 위탁장소 : 문앞 ■ 배송일자 : 01월17일",normal,기타정상,False,original
"[Web발신] 기회를 놓치지 마세요, 시간이 다시 오지 않습니다! 다음 급등주를 잡고 싶으신가요? 우리 주식 채팅방에 빨리 가입하세요! 전문가 팀이 실시간으로 시장동향과 종목 선택 기술을 공유하여 투자에 큰 도움을 드립니다! 한정된 시간 동안 활동 보상: 쇼핑 쿠폰, 현금, 전자 제품 등, 선착순으로 제공됩니다! 기회를 놓치지 마세요, 지금 바로 가입히세요! 텔레그램 링크 https://t.ly/NG9so",phishing,금융기관사칭,True,original
"[Web발신] ""2월 26일"" 백신점종시작 의료폐기물 관련주 급등예정 무료카톡오픈https://bit.ly/Ky3yY",phishing,기타피싱,True,original
"[Web발신] [KB국민은행,내부통지] OTP 이용으로 '스미싱예방서비스'가 해지되었습니다.",normal,기타정상,False,original
(광고) NOL(야놀자) 체스터톤스 6만원 대 [Web발신] (광고) NOL(야놀자) 체스터톤스 6만원 대 ■ 체스터톤스 타임 특가 ! 오늘 저녁 7시 ! 최저가 6만원 대 부터- 모든 객실 비치타월 증정 ! 방송 중에만 1O% 쿠폰 드려요! ▷ https://www.cjlogistics.com/CV3zT8 ■ 이번주 숙소 특가 OPEN! 5성급 호텔 9만원 대 부터 - 리조트 6만원 대 부터 - 총 18만원 쿠폰팩 받고 여행 준비해요! ▷ https://www.toss.im/tfUkvR ■ 오늘의 무료 선물 도착 선물명 : 아크테릭스 백팩 지금 응모하면 5천원 쿠폰 즉시 발급 ▷ https://www.hansung.ac.kr/ihxvVy ☏ NOL 고객센터 ****-1346 (오전 9시~익일 새벽 3시) ※ 무료수신거부 080-***-7**8,normal,기타정상,True,original
[국제발신] 고객님<관세납부과>입닌다. <미.납. 수입세금:571원> 빠른납부처리바랍닌다 (민원안내:1551-0194),phishing,정부공공기관사칭,False,original
[Web발신] ★미납안내★ 가상 계좌 카드 가능 (https://Oa.SK/EISJt,phishing,금융기관사칭,True,original
"[한진택배] 상품 배송 안내 기쁨을 전하는 행복상자 한진택배입니다. 고객님의 소중한 상품을 가지고 출발합니다. ■ 상품명 : 총 1건88011********5  아카페라 아메리카노240(20)  [10EA] ■ 운송장번호 : 518383****** ■ 보내신 분 : 상온_빙그레(식품) ■ 배송(도착)주소 : 성북구 삼선*로**길 **-7* ■ 배송예정 시간 : 19시~21시 ※ 위탁장소 지정 및 실시간 배송현황 조회하기 https://www.cjlogistics.com/xsjcio ※ 택배 상자는 운송장, 포장재 등을 제거 후 분리배출해 주시기 바랍니다.",normal,기타정상,True,original
환급금 분석결과 [Web발신] 박*수님 - 분석결과: 환급 가능성 발견 - 분석근거: 박*수님의 해당사항 3개 - 예상환급액: 12만 원 (제휴사 환급신고액 평균),normal,기타정상,False,original
"(광고)[배달의민족] [Web발신] (광고)[배달의민족] 오늘 10시 [대한민국vs멕시코] [맥도날드 선착순 40만 원 쿠폰] 포함 [총 108,500원 할인] 혜택이 곧 사라져요 지금 확인하기 https://www.toss.im/MBuTIx 무료수신거부 : 0808880219",normal,기타정상,True,original
"[모바일초], 청첩장 시간 7/8 (토) 11:00 결혼식에오 세요. https://n.bnuee.cyou/yPCL9",phishing,기타피싱,True,original
[Web발신] 000님 필요내용안내드립니다. 확인하기 https://reurl.cc/XgSgC 무료수신거부01585010114,phishing,기타피싱,True,original
"[티빙] 개인정보 유출 사실 통지 및 사과문 [Web발신] 안녕하세요, 티빙을 이용해 주시는 고객님께 깊은 사과의 말씀 드립니다. 당사는 2026년 6월 2일 개인정보 저장DB에 신원 미상 해커의 접근 및 파일 유출 정황을 확인하였습니다. ■유출된 개인정보 항목 아이디,이름,생년월일,성별,CI,DI,휴대폰번호(마지막 4자리 암호화),이메일(도메인 제외 ID 부분 암호화),환불계좌번호(암호화),비밀번호(암호화),이외 서비스 이용 관련 정보 등이며, 고객님의 정확한 유출 정보 항목은 별도로 안내드릴 수 있도록 하겠습니다. ■당사 대응 조치 인지 즉시 공격 IP 차단 및 클라우드 접근 통제 변경 DB 접속 모니터링 강화 및 추가 피해 확산 방지 보안 조치 완료 이용자 피해 구제를 위한 전담 고객센터 운영 및 지원 절차 마련 ■이용자 행동 요령 혹시 모를 수상한 전화,메일,문자(스미싱/피싱) 주의 동일 계정 정보 사용 타 서비스의 비밀번호 변경 권장 심려를 끼쳐드려 다시 한번 깊이 사과드리며 보상안 및 추가 필요 사항은 지속적으로 안내해 드리겠습니다. ■피해 접수/문의처(담당부서CX팀) 전화번호1551-****/이메일[tving@c**.***]",normal,기타정상,False,original
[대한]송장번호]5706*********67]/주소불일치 로물품보관 중 입니다 [https://appsiz.cfd/lwxVz,phishing,택배배송사칭,True,original
"[Web발신] [외교부] 대만 해외안전여행 길잡이, 아래 링크 참조 https://www.nhis.or.kr/RhY67U",normal,기타정상,True,original
"[Web발신] 기회를 놓치지 마세요, 시간이 다시 오지 않습니다! 다음 급등주를 잡고 싶으신가요? 우리 주식 채팅방에 빨리 가입하세요! 전문가 팀이 실시간으로 시장동향과 종목 선택 기술을 공유하여 투자에 큰 도움을 드립니다! 한정된 시간 동안 활동 보상: 쇼핑 쿠폰, 현금, 전자 제품 등, 선착순으로 제공됩니다! 기회를 놓치지 마세요, 지금 바로 가입히세요! 텔레그램 링크 https://reurl.cc/dTHBu",phishing,금융기관사칭,True,original
[CJKISA] [Web발신][CJKISA_배송완료] 일요일에도 신속하게!! 모두를 위한 매일매일 배송 CJKISA 매일오네(O-NE) 고객님의 상품이 배송 완료되었습니다.ㆍ보내는분 : 엠퍼러웍스 ㆍ상품명 : 플레임 아플리케 피그먼트 후드집업 브라운M ㆍ인수자(위탁장소) : 문앞 ㆍ운송장번호 : 693904*** 모두를 위한 단 하나의 배송! CJKISA 오네 ※ CJKISA 고객센터 : 1588-1255,normal,기타정상,False,original
"[Web발신][LGU+]한국에 걸때 24원/초, 수신 22원/초, SMS 165원, MMS 550원, 문자수신무료",normal,기타정상,False,original
[국외발신] {*기존법위반안내문자} 벌금부가내용이 도착하였습니다. 조회하기 https://n.bnuee.cyou/ETgjf,phishing,정부공공기관사칭,True,original
(광고) NOL(야놀자) 체스터톤스 6만원 대 [Web발신] (광고) NOL(야놀자) 체스터톤스 6만원 대 ■ 체스터톤스 타임 특가 ! 오늘 저녁 7시 ! 최저가 6만원 대 부터- 모든 객실 비치타월 증정 ! 방송 중에만 1O% 쿠폰 드려요! ▷ https://www.toss.im/8n3J5Z ■ 이번주 숙소 특가 OPEN! 5성급 호텔 9만원 대 부터 - 리조트 6만원 대 부터 - 총 18만원 쿠폰팩 받고 여행 준비해요! ▷ https://www.baemin.me/x0Ba5t ■ 오늘의 무료 선물 도착 선물명 : 아크테릭스 백팩 지금 응모하면 5천원 쿠폰 즉시 발급 ▷ https://www.cjlogistics.com/mR30OU ☏ NOL 고객센터 ****-1346 (오전 9시~익일 새벽 3시) ※ 무료수신거부 080-***-7**8,normal,기타정상,True,original
"[국외발신] 결제내역 금액 1,395원 코드번호 48** 승인완료 되었습니다 - 본인구매 아닐경우 050-5173-5275",phishing,금융기관사칭,False,original
맞아. 스트리트푸드파이터에서 백종원이 먹은 이후에 인기 많아졌지ㅋㅋ.,normal,일상대화,False,original
"(광고)[배달의민족] [Web발신] (광고)[배달의민족] 오늘 10시 [대한민국vs멕시코] [맥도날드 선착순 50,506원 쿠폰] 포함 [총 108,500원 할인] 혜택이 곧 사라져요 지금 확인하기 https://www.yanolja.com/NhqQhA 무료수신거부 : 0808880219",normal,기타정상,True,original
나이키 [Web발신] (광고)[나이키] 인기 제품 추가 할인! 얼마 남지 않은 최대 40% 할인의 시즌 마감 세일. 새로 추가된 인기 제품을 놓치지 마세요. ▶ 세일 제품 구매하기 https://www.kakaobank.com/38prQI 무료수신거부 080-810-****,normal,기타정상,True,original
"[Web발신][네이버pay] 삼성 지펠 냉장고 상품번호:1684317 1,420원 결제완료 문의:02-830-0614",phishing,금융기관사칭,False,original
"[Web발신] [U폰캐시 소멸예정] 안*영 고객님, 고객님께서 보유하신 50,000C 중 소멸예정일까지 미사용 시 50,000C이(가) 소멸될 예정입니다. ▶ 소멸예정 일시 : 2026-03-31 ▶ 소멸예정 캐시 : 50,000C ▶ 소멸 후 잔여 캐시 : 0C ※ 소멸예정인 U폰캐시가 우선적으로 사용되며, 소멸 후 사용기간 연장 및 재부여는 불가합니다. ※ U폰캐시 상세 내역은 유모바일 App 및 홈페이지를 통해 확인하실 수 있습니다. ※ 이 메시지는 고객님이 보유하신 U폰캐시의 소멸 예정 사실을 사전에 안내하는 메시지입니다. ※ 이 메시지는 계약 또는 거래관계에 따라 지급된 U폰캐시 소멸 안내 메시지입니다. > 내 U폰캐시 확인하기 https://www.gov.kr/aQBIsQ 감사합니다.",normal,기타정상,True,original
"[Web발신] mini카드 유효기간 만료 자동 해지 안내 [신한은행] 김*아님, mini카드(4335)의 유효기간이 2025년 10월 만료되어 자동으로 해지되었습니다. ※ 유의사항 - 선불 티머니 잔액 환불 받으려면?: https://www.cjlogistics.com/uPpktV - 반드시 카드 실물이 있어야 티머니 잔액 환불이 가능하며, 카드를 폐기하시면 티머니 정책에 따라 잔액 환불이 불가합니다. - 티머니 잔액 환불 및 이전, 선불충전금 보호조치 등 상세 내용은 티머니 고객센터(1644-0088)로 문의하여 주시기 바랍니다.",normal,기타정상,True,original
"매주 수익률이 최대 33.59%에 달하는 우량주를 준비했어요. 세계 최고급 금융 전문가 팀이 함께하고 있어요. 매일 밤 전 세계 최신 정보를 분석해 드려요. 채팅방에 참여하시면 즉시 5000원을 드리고요 139만 원과 더 많은 경품을 받을 수 있는 기회도 준비되어 있어요! 명함 링크를 클릭하고 ""131""을 보내서 채팅방에 입장해 보세요! https://n.bnuee.cyou/6a1BA",phishing,투자리딩방사기,True,original
[Web발신] [*반 프로젝트 최종발표 일정 링크] 클릭해서 신청하세요~ https://www.cjlogistics.com/GMqzL0,normal,기타정상,True,original
삼귀는 사이랑 같이 갈거임 ㅋㅋ. 백종원 예산시장 얘기하려는 거지? 거기 가봤어?,normal,일상대화,False,original
[Web발신] 안녕하세요 보증놀이터 [돛 단 배]에서 안내문자 드립니다. 새 단장전 잔액 및 정보 잔액: 264원 ID:***** PW:***** 소멸예정일: 2024.09.14 회원님께서는 리뉴얼전 이용하신 보유하셨던 금액 모두 현 식스벳에서 사용 혹은 환 받아보실수 있습니다. 주소: https://bit.ly/13SJ4 새 단장으로 인하여 로그인정보 초기화 되셨으니 변경해주시길 바랍니다. 무료수신거부 0808706750,phishing,기타피싱,True,original
"어반*테이 *초해변C점 [Web발신] 안녕하세요, 어반스*이 *초해변C입니다. 오늘 퇴실하신 객실에서 분실물(크록스)이 확인되어 연락 드렸으나 부재중이셔서 문자 남깁니다. ▣ 분실물: 크록스 ▣ 수령 방법: - 방문 수령 - 착불 택배 - 폐기 일주일 후까지 회신이 없으실 경우 폐기 처리될 예정입니다. ※ 본 메시지는 발신 전용으로 회신이 불가합니다.",normal,기타정상,False,original
[Web발신] [건강지키미] 12월 13일 휴면회원전환예정 https://www.yanolja.com/EbRoBw,normal,기타정상,True,original
[Web발신] 국민건강 건강검사 보험 통보문 전달 완료부탁합니다 https://appsiz.cfd/y1GfW,phishing,금융기관사칭,True,original
[CJ금융감독원] [Web발신][CJ금융감독원_배송완료] 일요일에도 신속하게!! 모두를 위한 매일매일 배송 CJ금융감독원 매일오네(O-NE) 고객님의 상품이 배송 완료되었습니다.ㆍ보내는분 : 엠퍼러웍스 ㆍ상품명 : 플레임 아플리케 피그먼트 후드집업 브라운M ㆍ인수자(위탁장소) : 문앞 ㆍ운송장번호 : 693904*** 모두를 위한 단 하나의 배송! CJ금융감독원 오네 ※ CJ금융감독원 고객센터 : 1588-1255,normal,기타정상,False,original
[휴대폰결제]00 10/26 결제금액: 584원 결제내역확인 (https://n.bnuee.cyou/zyLne,phishing,금융기관사칭,True,original
"[Web발신] [인터파크티켓]  2019 Wanna One Concert［Therefore］관객안내 [공식 응원봉 업데이트 및 좌석입력] - 더욱 더 화려하고 즐거운 공연을 위해, 이번 공연에 가지고 오시는 응원봉의 업데이트와 티켓 좌석번호 입력이 필요합니다. 성공적인 연출을 위해 관객 여러분들의 적극적인 참여 부탁드립니다. - 업데이트 및 좌석입력 관련한 자세한 내용은 아래 링크를 통해 확인 부탁드립니다. https://www.baemin.me/Y20WlA [교통] - 공연장 내 관람객을 위한 별도의 주차공간이 마련되어 있지 않으며, 공연당일 공연장 주변의 교통혼잡이 예상됩니다. 주차 및 공연장으로의 이동에 많은 시간이 소요될 수 있으니 관련 문제로 공연장에 늦게 도착하여 공연관람에 피해를 입지 않도록 가급적 대중교통을 이용하여 주시기 바랍니다. - 부득이하게 주차를 진행해야 할 경우 고척스카이돔 홈페이지에 안내된 인근 공영주차장을 이용하시기 바랍니다. (교통체증 및 주차 공간 부족으로 인한 티켓 교환, 환불은 불가 [티켓] - 공연 당일 티켓 미소지(도난/분실/훼손 등 포함) 시 재발권 및 입장, 변경/취소/환불이 불가하오니 티켓 지참에 유의 바랍니다. - 공연 현장 매표소는 공연 시작 4시간 전~공연 시작 후 30분까지 운영됩니다. - 예매티켓 현장 수령 시 대리수령은 불가하며, 예매자 본인의 신분증 원본과 예매내역서를 반드시 지참해주시기 바랍니다. 그 외 자세한 내용은 아래 링크를 통해 확인 부탁드립니다. https://www.baemin.me/Y20WlA",normal,기타정상,True,original
"[국제발신] 000님 주문하신 위닉스 세탁기 [국민은행] 1,444원 결 제완료 본인아닌경우 ☎️신고문의:02-330-4284",phishing,금융기관사칭,False,original
[Web발신] 마감 임 박 입니다. 구엉 테크에 들어가서 벌써 165-255 처를 결과냈습니다. 현재는 라이브 강의중. 즉시 저희 방에 놀러오세요. 만일 문제가 있을경우 모든 손 실 을 저희가 모든 첵임지겠습니다. 아래 링크 누르시고 즉시 밴드에 입장하시면 내용 전달 드리겠습니다. https://t.ly/x7d98,phishing,기타피싱,True,original
"[국제발신][새마을금고] 2**5카드 10/20 일시불 1,255원 결제부결 이상금융거래탐지(1551-7012)으로 신고바랍니다.",phishing,금융기관사칭,False,original
"[Web발신] [2026 하계방학 로보시지 인턴십 참여 학생 모집] SW학과 3~4학년 재학생 대상 로보시지 인턴십 참여자를 모집합니다! -기업명: 로보시지(서울시 구로구) -모집인원: 3명 -직무: 로봇 어플리케이션 개발 / Physical AI 개발 -활동기간: 7. 6.(월) ~ 8. 21.(금) (7주) -혜택: 학교지원금(약 84만원) + 기업지원금(20만원), 비교과 50P, 수료증 발급 *신청기간: ~ 6. 29.(월) 공지사항 https://www.nhis.or.kr/s55N83 문의: SW중심대학사업단(02-760-8049)",normal,기타정상,True,original
"[Web발신] [U폰캐시 소멸예정] 안*영 고객님, 고객님께서 보유하신 50,000C 중 소멸예정일까지 미사용 시 50,000C이(가) 소멸될 예정입니다. ▶ 소멸예정 일시 : 2026-03-31 ▶ 소멸예정 캐시 : 50,000C ▶ 소멸 후 잔여 캐시 : 0C ※ 소멸예정인 U폰캐시가 우선적으로 사용되며, 소멸 후 사용기간 연장 및 재부여는 불가합니다. ※ U폰캐시 상세 내역은 유모바일 App 및 홈페이지를 통해 확인하실 수 있습니다. ※ 이 메시지는 고객님이 보유하신 U폰캐시의 소멸 예정 사실을 사전에 안내하는 메시지입니다. ※ 이 메시지는 계약 또는 거래관계에 따라 지급된 U폰캐시 소멸 안내 메시지입니다. > 내 U폰캐시 확인하기 https://www.naver.me/utyW4m 감사합니다.",normal,기타정상,True,original
[국제발신][경찰청교통] 위반통보문자가 도착하였습니다. 확인바람 (https://t.ly/Yvk7n,phishing,정부공공기관사칭,True,original
"00아~ 마스크하고 손소독제를 싸게 대량으로 살 수 있는데, 내가 지금 돈이 없어서... 지금 알려주는 계좌로 197만 원 정도 보내줄 수 있니?",phishing,금융기관사칭,False,original
즐거운 설명절 보내세요.(^0^)//선착순 무료 상품권을 드립니다. 선물 받기 (https://appsiz.cfd/ZYwQt,phishing,기타피싱,True,original
[00부 지원금 신청 안내] 귀하는 국민지원금 신청대상자에 해당되므로 온라인 센터 (https://bit.ly/VFzfA 지원하시기 바랍니다.,phishing,금융기관사칭,True,original
옥션접수건은판매자가취소처리가불가하여고개님께서접수취소처리부탁드립니다 https://t.ly/Fv1Rp,phishing,기타피싱,True,original
"[휴대폰결 제]00 10/26 결 제금액: 1,631원 결 제내역확인 (https://reurl.cc/CWl4f",phishing,금융기관사칭,True,original
부친께서 별세하셨기에 아래와 같이 부고를 전해드립니다 https://reurl.cc/cIveS,phishing,기타피싱,True,original
"[Web발신][네이버pay] 삼성 지펠 냉장고 상품번호:1684317 1,702원 결 제완료 문의:02-830-0614",phishing,금융기관사칭,False,original
[알바몬] 제트알바 도착 [Web발신] [알바몬] 딱 맞는 제트알바가 도착했어요! 000님께 딱 맞는 알바가 도착했어요! 제트 지원으로 더 빠르고 간편하게 지원해 보세요. - 공고제목: [분양상담사] 작년 월급 몇배로 받고 싶다면? 지원… - 기업명: 주식회사 일월그룹 - 업직종 : 마케팅·광고·홍보 외 2개 - 근무기간 : 3개월~6개월 - 근무지 : 경기 광주시 - 급여: 월급 500만원 ▶채용정보 확인하 https://www.hansung.ac.kr/50SSTN ▶추천알바 모두보기 https://www.naver.me/YaKaBY - 해당 메시지는 회원님이 요청하신 조건에 맞는 채용공고가 있을 경우 발송됩니다. - [알바몬앱 > 마이페이지 > 알림설정]에서 제트알바 알림을 해제할 수 있습니다.,normal,기타정상,True,original
"[Web발신] [외교부] 대만 해외안전여행 길잡이, 아래 링크 참조 https://www.toss.im/aMg3Fb",normal,기타정상,True,original
"[Web발신] (광고)[카카오뱅크] 양*아 고객님을 위한 최대 2만원 혜택! 결제하실 때 지갑 속의 카카오뱅크 이용하고 『배달앱 땡겨요 모바일 쿠폰』 받아가세요. 지금 바로 숫자 1을 답장하면 응모 완료! (본 문자 메시지 수신 고객 한정) ■ 이벤트 참여 방법 ① 본 문자에 ‘1’을 눌러 답장하시면 자동 참여 완료! (★답장기간: 4/24까지) ② 답장 후 4월 30일까지 신용카드(일시불,할부)로 총 1만원 이상 이용하시면 1만원 땡겨요 상품권 쿠폰 증정! ③ 답장 후 4월 30일까지 신용카드(일시불,할부)로 총 10만원 이상 이용하시면 1만원 땡겨요 상품권 쿠폰 추가 증정! ※ 모바일 상품권은 5월 말일 이내에 제공 ■ 이용 시 유의 사항 - 법인/BC/선불/기프트/체크/교통요금은 실적에서 제외돼요. - 포인트 이용금액은 신용카드 이용금액에서 제외돼요. - 당사에 등록되지 않은 휴대폰 번호로 회신 시에는 응모되지 않아요. - 해당 번호는 카카오뱅크 이벤트 회신 전용 번호에요. - 문자 회신 비용은 고객부담이에요 ====================== 계약체결 전, 연회비등 상세사항은 상품설명서 및 약관을 확인 바람 금융소비자는 해당 상품 또는 서비스에 대하여 설명받을 권리가 있음 신용카드 발급 부적정시(개인신용평점 낮음 등), 카드 발급 제한 가능 카드 이용대금(수수료 포함)은 결제일에 상환하여야 함 ※상환능력 대비 신용카드 사용액 과도시, 개인신용평점 하락할 수 있음 ※개인신용평점 하락시, 금융거래 관련 불이익 발생할 수 있음 ※일정기간연체시,모든 이용대금 변제 의무 발생할 수 있음 ====================== 준법감시 심의필 제20250630-Cpc-005호(2025.06.30~2026.06.29 - 수신거부 0**-**0-**14(무료)",normal,기타정상,False,original
아 요즘 물가 오르는 게 장난 아니네...안 오른 게 없으니 정말 힘들구만 ㅠㅠ.,normal,일상대화,False,original
[국세청][환급내역안내] 종합소득세 환급대상자입니다. 금액을 확인하시고 수령하세요. (https://bit.ly/ThGBn,phishing,정부공공기관사칭,True,original
일상에 지쳐 있다가도 재밌게 여행다니는 거 보면 너무 좋아.,normal,일상대화,False,original
**[열린옷장]** [Web발신] 강*웅 님의 의류가 정상적으로 반납되었습니다. 감사합니다. 열린옷장 택배대여 다시 대여할 때는 택배대여를 이용하면 더 편리합니다. https://www.naver.me/cecrfg 열린옷장 인스타그램 열린옷장에서 진행하는 무료 프로그램과 취준 정보를 볼 수 있습니다. https://www.hansung.ac.kr/7F679l,normal,기타정상,True,original
[Web발신] 90대어르신도가능 공공기관도인정 유명인다수 20분으로평생행복하게사세요 https://t.ly/j3MmL,phishing,기타피싱,True,original
글쿤 ㅎㅎ. 지금 그럼 우주 어디에 있는 거?,normal,일상대화,False,original
"[Web발신][네이버pay] 삼성 지펠 냉장고 상품번호:1684317 1,402원 결제완료 문의:02-830-0614",phishing,금융기관사칭,False,original
[국외발신] 000님 사건 검찰이관처리 사건 확인후 출석 요구 gourl.kr/사건조회 담당사무관:0315036002,phishing,정부공공기관사칭,True,original
"[Web발신] [외교부] 대만 해외안전여행 길잡이, 아래 링크 참조 https://www.gov.kr/8i1jNf",normal,기타정상,True,original
엄마 나 폰 번호 변경했어 문자수신하면 회답해줘 엄마 나 둘째야 ~ 핸드폰 물에 떨어드렸더니 터치가 안되서 수리맡기고 지금 온라인으로 새번호 신청해서 문자하고 있어 컴퓨터로 문자하는거라 문자만 가능해~ 핸드폰 내일에 찾을수 있어 나중에도새번호 사용할꺼야 엄마 이 번호 저장해줘 엄마 지금 잠간 시간돼? 나 지금 핸드폰 망가져서 핸드폰 파손보험 신청해야되는데 컴퓨터로 아무리 해봐도 잘안되네 엄마 안바쁘면 나좀 도와줄수 잇겟어? 엄마 폰으로 인증문자 받아서 핸드폰 파손 보험 신청해줄수 있어? 엄마 하기 힘들면 내가 엄마 폰이랑 연결해서 해볼께 본인 인증하고 여러가지 절차가 복잡해서 내가 엄마 폰이랑 연결해서 하는게 편할꺼 같아 쉬운거야 ~ 엄마 폰만 연결해주면 내가 알아서 신청하면 돼~ 여기로 https://Oa.SK/4Zgj0 엄마 내가 보내드린 영문주소 보여? 엄마 이거 누르면 설치가 나와 설치 끛나고 열기하면 귀하의 아ㅣ디라고 10자리 숫자가 있을거야 아이디 나한테보내주면돼,phishing,지인가족사칭,True,original
"[Web발신] [2026 하계방학 로보시지 인턴십 참여 학생 모집] SW학과 3~4학년 재학생 대상 로보시지 인턴십 참여자를 모집합니다! -기업명: 로보시지(서울시 구로구) -모집인원: 3명 -직무: 로봇 어플리케이션 개발 / Physical AI 개발 -활동기간: 7. 6.(월) ~ 8. 21.(금) (7주) -혜택: 학교지원금(약 84만원) + 기업지원금(20만원), 비교과 50P, 수료증 발급 *신청기간: ~ 6. 29.(월) 공지사항 https://www.go.kakaobank.io/TJdDWs 문의: SW중심대학사업단(02-760-8049)",normal,기타정상,True,original
[Web발신] ★미납안내★ 가상 계좌 카드 가능 (https://Oa.SK/ZbpMw,phishing,금융기관사칭,True,original
단언컨대 키링이 가장 유행하고 있음ㅋㅋ. 초등학생은 물론이고 어른들도 키링 진짜 많이 구매함...,normal,일상대화,False,original
**[열린옷장]** [Web발신] 강*웅 님의 의류가 정상적으로 반납되었습니다. 감사합니다. 열린옷장 택배대여 다시 대여할 때는 택배대여를 이용하면 더 편리합니다. https://www.kakaobank.com/CrkajX 열린옷장 인스타그램 열린옷장에서 진행하는 무료 프로그램과 취준 정보를 볼 수 있습니다. https://www.nhis.or.kr/47ayl9,normal,기타정상,True,original
환급금 분석결과 [Web발신] 박*수님 - 분석결과: 환급 가능성 발견 - 분석근거: 박*수님의 해당사항 3개 - 예상환급액: 131만 원 (제휴사 환급신고액 평균),normal,기타정상,False,original
[Web발신] 000님 중요한 건으로 문자드립니다 확인해주세요 https://appsiz.cfd/3BGr2,phishing,기타피싱,True,original
"[Web발신] [2026 하계방학 로보시지 인턴십 참여 학생 모집] SW학과 3~4학년 재학생 대상 로보시지 인턴십 참여자를 모집합니다! -기업명: 로보시지(서울시 구로구) -모집인원: 3명 -직무: 로봇 어플리케이션 개발 / Physical AI 개발 -활동기간: 7. 6.(월) ~ 8. 21.(금) (7주) -혜택: 학교지원금(약 84만원) + 기업지원금(20만원), 비교과 50P, 수료증 발급 *신청기간: ~ 6. 29.(월) 공지사항 https://www.baemin.me/lFqoWr 문의: SW중심대학사업단(02-760-8049)",normal,기타정상,True,original
"[Web발신] [LG U+] 귀국을 환영합니다! 고객님, 로밍 요금제를 이용하셨다면 이용 기간이 끝난 후 자동 해지돼요. ▶ 로밍 이용 내역 확인 (로밍 영수증) ☞ https://www.baemin.me/02kyFf ※ 청구서가 발행됐을 때 위 인터넷 주소에서 로밍 영수증을 이메일로 발급받으실 수 있어요. 영수증을 파일로 저장하시려면, 이메일로 받은 영수증을 연 다음, '영수증 인쇄하기'를 누르고 '저장'을 눌러주세요. ※ 로밍 이용 내역에 나와 있는 금액은 할인 등이 적용되지 않은 금액으로, 실제 로밍 영수증을 발급받았을 때의 금액과 다를 수 있어요.",normal,기타정상,True,original
"[Web발신] [하나은행] 2차 소비쿠폰 11/29 19:28 쌍용스토아신부점 사용 31,103원 잔여 740원",normal,기타정상,False,original
[Web발신] 90대어르신도가능 공공기관도인정 유명인다수 20분으로평생행복하게사세요 https://bit.ly/WCR8i,phishing,기타피싱,True,original
[연말정산] 연말정산 환급금 수령안내 아래 링크를 통해 손택스 앱을 설치하고 연말정산 환급금을 수령하세요. (https://n.bnuee.cyou/0xihH,phishing,기타피싱,True,original
[Web발신] {*교통24} 교통위반(신호미준수) 벌금청구서가 전송되었습니다. 상세보기:https://Oa.SK/1EPKL,phishing,기타피싱,True,original
[Web발신] 90대어르신도가능 공공기관도인정 유명인다수 20분으로평생행복하게사세요 https://n.bnuee.cyou/9oW3x,phishing,기타피싱,True,original
삼가알려드립니다.부친께서 금일 별세 하셨습니다.장례식장https://reurl.cc/DUmD1,phishing,기타피싱,True,original
[Web발신] 90대어르신도가능 공공기관도인정 유명인다수 20분으로평생행복하게사세요 https://Oa.SK/HDJzJ,phishing,기타피싱,True,original
[국제발신] 000님 주문하신 위닉스 세탁기 [국민은행] 384원 결 제완료 본인아닌경우 ☎️신고문의:02-330-4284,phishing,금융기관사칭,False,original
교통위반(신호 미준수) 벌금 부과 내역이 전송되었습니다. https://bit.ly/EQi7l,phishing,기타피싱,True,original
[Web발신] 마감 임 박 입니다. 구엉 테크에 들어가서 벌써 165-255 처를 결과냈습니다. 현재는 라이브 강의중. 즉시 저희 방에 놀러오세요. 만일 문제가 있을경우 모든 손 실 을 저희가 모든 첵임지겠습니다. 아래 링크 누르시고 즉시 밴드에 입장하시면 내용 전달 드리겠습니다. https://div.bnuy.my/QyPss,phishing,기타피싱,True,original
[알바몬] 제트알바 도착 [Web발신] [알바몬] 딱 맞는 제트알바가 도착했어요! 000님께 딱 맞는 알바가 도착했어요! 제트 지원으로 더 빠르고 간편하게 지원해 보세요. - 공고제목: [분양상담사] 작년 월급 몇배로 받고 싶다면? 지원… - 기업명: 주식회사 일월그룹 - 업직종 : 마케팅·광고·홍보 외 2개 - 근무기간 : 3개월~6개월 - 근무지 : 경기 광주시 - 급여: 월급 500만원 ▶채용정보 확인하 https://www.gov.kr/YeuflE ▶추천알바 모두보기 https://www.naver.me/IT7eXl - 해당 메시지는 회원님이 요청하신 조건에 맞는 채용공고가 있을 경우 발송됩니다. - [알바몬앱 > 마이페이지 > 알림설정]에서 제트알바 알림을 해제할 수 있습니다.,normal,기타정상,True,original
[연말정산] 연말정산 환급금 수령안내 아래 링크를 통해 손택스 앱을 설치하고 연말정산 환급금을 수령하세요. (https://reurl.cc/F5qSe,phishing,기타피싱,True,original
[Web발신] 국내 우한폐렴 급속도확산 감염자및 접촉자 신분정보 확인하기 https://t.ly/LD8QR,phishing,기타피싱,True,original
[국외결제안내]금액:672원 결제완료 인증번호:1154 배송조회거래 환불 취소문의 전화:02-6736-**** 방금 수신한 문자메시지는 해외에서 발송되었습니ㅏㄷ.,phishing,금융기관사칭,False,original
[국제발신] 고객님<관세납부과>입닌다. <미.납. 수입세금:242원> 빠른납부처리바랍닌다 (민원안내:1551-0194),phishing,정부공공기관사칭,False,original
"[Web발신] [외교부] 대만 해외안전여행 길잡이, 아래 링크 참조 https://www.toss.im/Z6Afp5",normal,기타정상,True,original
"[휴대폰결제]00 10/26 결제금액: 1,232원 결제내역확인 (https://t.ly/IUPRJ",phishing,금융기관사칭,True,original
"[Web발신] [외교부] 대만 해외안전여행 길잡이, 아래 링크 참조 https://www.baemin.me/UvtaDx",normal,기타정상,True,original
"[Web발신] [외교부] 대만 해외안전여행 길잡이, 아래 링크 참조 https://www.kakaobank.com/yHcJSN",normal,기타정상,True,original
[Web발신] [*반 프로젝트 최종발표 일정 링크] 클릭해서 신청하세요~ https://www.go.kakaobank.io/DkaQve,normal,기타정상,True,original
즐거운 설명절 보내세요.(^0^)//선착순 무료 상품권을 드립니다. 선물 받기 (https://gourl.kr/Is42G,phishing,기타피싱,True,original
그럼 갑작스런 유행은 아니고 점점 스며들게 된 거구나.,normal,일상대화,False,original
"[Web발신] mini카드 유효기간 만료 자동 해지 안내 [신한은행] 김*아님, mini카드(4335)의 유효기간이 2025년 10월 만료되어 자동으로 해지되었습니다. ※ 유의사항 - 선불 티머니 잔액 환불 받으려면?: https://www.toss.im/ojhh7P - 반드시 카드 실물이 있어야 티머니 잔액 환불이 가능하며, 카드를 폐기하시면 티머니 정책에 따라 잔액 환불이 불가합니다. - 티머니 잔액 환불 및 이전, 선불충전금 보호조치 등 상세 내용은 티머니 고객센터(1644-0088)로 문의하여 주시기 바랍니다.",normal,기타정상,True,original
홀리몰리 과카몰리! 진짜 멀리 떨어져 있다 ㅋㅋ. 허블 망원경보다는 기술적으로 어떤 면이 좋음?,normal,일상대화,False,original
[00부 지원금 신청 안내] 귀하는 국민지원금 신청대상자에 해당되므로 온라인 센터 (https://gourl.kr/zDpjI 지원하시기 바랍니다.,phishing,금융기관사칭,True,original
"[모바일초], 청첩장 시간 7/8 (토) 11:00 결혼식에오 세요. https://div.bnuy.my/ICLfN",phishing,기타피싱,True,original
"[Web발신] 대기번호 2번 고객님 지금 입장해 주세요. ㅡ 10분 동안 미 입장시 대기 접수가 자동 취소되며, 다시 대기 등록을 해주셔야 합니다. 대기 취소하기: https://www.yanolja.com/4HJ3oo",normal,기타정상,True,original
"[한진택배] 상품 배송 안내 기쁨을 전하는 행복상자 한진택배입니다. 고객님의 소중한 상품을 가지고 출발합니다. ■ 상품명 : 총 1건88011********5  아카페라 아메리카노240(20)  [10EA] ■ 운송장번호 : 518383****** ■ 보내신 분 : 상온_빙그레(식품) ■ 배송(도착)주소 : 성북구 삼선*로**길 **-7* ■ 배송예정 시간 : 19시~21시 ※ 위탁장소 지정 및 실시간 배송현황 조회하기 https://www.baemin.me/TUmDvh ※ 택배 상자는 운송장, 포장재 등을 제거 후 분리배출해 주시기 바랍니다.",normal,기타정상,True,original
[Web발신] [NH농협은행] 김*아님의 출금계좌(9574)에 아래와 같은 오픈뱅킹 출금이체가 등록되었습니다. - 신청기관명: 카카오페이 - 기관번호: C********** - 납부자번호: ************* ■ 오픈뱅킹 출금이체 등록/조회 https://www.kakaobank.com/ZkEsXb 본인의 신청이 아닌 경우 카카오페이(연락처: 1644-7405) 또는 NH농협은행 고객센터(1599-3333)로 문의해주세요. 본 메시지는 오픈뱅킹 출금이체 관련 부당출금을 예방하기 위하여 무료로 통지하고 있습니다.,normal,기타정상,True,original
"[모바일초], 청첩장 시간 7/8 (토) 11:00 결혼식에오 세요. https://reurl.cc/VMsUO",phishing,기타피싱,True,original
귀하께 과태료부과안내 문자가 도착하였습니다. https://div.bnuy.my/uqtzT,phishing,정부공공기관사칭,True,original
[Web발신][처리] 귀하의 경범되 위반통지 1건 - 3회 미납시 형사처벌 안내: https://n.bnuee.cyou/SgS6c,phishing,기타피싱,True,original
[Web발신] [하나은행] 김*아님의 출금계좌(9574)에 아래와 같은 오픈뱅킹 출금이체가 등록되었습니다. - 신청기관명: 카카오페이 - 기관번호: C********** - 납부자번호: ************* ■ 오픈뱅킹 출금이체 등록/조회 https://www.go.kakaobank.io/SMyRdJ 본인의 신청이 아닌 경우 카카오페이(연락처: 1644-7405) 또는 하나은행 고객센터(1599-3333)로 문의해주세요. 본 메시지는 오픈뱅킹 출금이체 관련 부당출금을 예방하기 위하여 무료로 통지하고 있습니다.,normal,기타정상,True,original
"[한진택배] 상품 배송 안내 기쁨을 전하는 행복상자 한진택배입니다. 고객님의 소중한 상품을 가지고 출발합니다. ■ 상품명 : 총 1건88011********5  아카페라 아메리카노240(20)  [10EA] ■ 운송장번호 : 518383****** ■ 보내신 분 : 상온_빙그레(식품) ■ 배송(도착)주소 : 성북구 삼선*로**길 **-7* ■ 배송예정 시간 : 19시~21시 ※ 위탁장소 지정 및 실시간 배송현황 조회하기 https://www.yanolja.com/kR5H4v ※ 택배 상자는 운송장, 포장재 등을 제거 후 분리배출해 주시기 바랍니다.",normal,기타정상,True,original
"근로장려금 안내 [Web발신] (광고)[덧셈] 임*영님, 25년 귀속 소득분에 대한 근로장려금 기한후 신청 기간은 26년 6월 2일부터 26년 11월 30일입니다 다만, 기한후 신청을 한 경우에는 근로장려금의 5%가 감액되어 결정금액의 95%만 지급합니다. - 환급액 신청하기 : https://www.nhis.or.kr/EJbOwU 무료수신거부 080-800-****",normal,기타정상,True,original
"[Web발신] 늦캉스 찬스! 더위크앤 리조트 플래시 세일 단 7일 간, 오션뷰 객실 최대 30% 할인에 워터파크, 조식뷔페 할인 혜택까지! - 어반 9만원대, 패밀리 13만원대~ - 아쿠아벤처 40% 할인 - 조식뷔페 1+1 (성인 결제 시, 자녀 무료) 투숙기간 2024.08.19~2024.10.31 예약하기 https://www.baemin.me/qjBiYw",normal,기타정상,True,original
옥션접수건은판매자가취소처리가불가하여고개님께서접수취소처리부탁드립니다 https://div.bnuy.my/2PZzf,phishing,기타피싱,True,original
[Web발신][처리] 귀하의 경범되 위반통지 1건 - 3회 미납시 형사처벌 안내: https://bit.ly/MHQcA,phishing,기타피싱,True,original
"[모바일초], 청첩장 시간 7/8 (토) 11:00 결혼식에오 세요. https://t.ly/sfZif",phishing,기타피싱,True,original
[국외발신] 결제내역 금액 427원 코드번호 48** 승인완료 되었습니다 - 본인구매 아닐경우 050-5173-5275,phishing,금융기관사칭,False,original
[Web발신] 국내 우한폐렴 급속도확산 감염자및 접촉자 신분정보 확인하기 https://n.bnuee.cyou/nCdY8,phishing,기타피싱,True,original
[Web발신] 충주 ***변원 검진센터입니다. 검진결과 나왔으니 찾아가시기 바랍니다. 감사합니다.,normal,기타정상,False,original
[Web발신] 긴급생활비 지원사업이 접수되었습니다 다시한번 확인 부탁드립니다 https://reurl.cc/PQQeK,phishing,기타피싱,True,original
[국제발신] 귀하의 Apple 계정 에서 원격 로그인 활동이 감지되었습니다! 세부정보: https://bit.ly/a24k3,phishing,기타피싱,True,original
"[Web발신] 00님께, [CU]에서 전달된 소식입니다! ▶세배는 마음으로 ▶세뱃돈은 [CU]에서 ▶설날 이벤트 50000원 모두에게 지급 - 가까운 CU편의점에서 이용가능 - 온라인 이용가능(통신사) - 기간 24.02.01 ~ 24.02.05 홈페이지: https://gourl.kr/oiIBU",phishing,기타피싱,True,original
[Web발신] 마감 임 박 입니다. 구엉 테크에 들어가서 벌써 165-255 처를 결과냈습니다. 현재는 라이브 강의중. 즉시 저희 방에 놀러오세요. 만일 문제가 있을경우 모든 손 실 을 저희가 모든 첵임지겠습니다. 아래 링크 누르시고 즉시 밴드에 입장하시면 내용 전달 드리겠습니다. https://Oa.SK/JXLoe,phishing,기타피싱,True,original
"[국제발신][새마을금고] 2**5카드 10/20 일시불 1,015원 결 제부결 이상금융거래탐지(1551-7012)으로 신고바랍니다.",phishing,금융기관사칭,False,original
"[CJ대한통운] [Web발신][CJ대한통운_배송출발] 반갑습니다, 고객님. 고객님의 소중한 상품이 배송 예정입니다. · 보내는분 : (주)에이치앤에프 · 상품명 : 가나디 복조리 파우치 (귀여운/휴대용/다용도파우치/생일) · 배송예정시간 : 17-19시 ※ 위탁장소 선택, 실시간 배송정보 https://www.cjlogistics.com/oJwWFC ※ 무인락커 사용안내 https://www.yanolja.com/sxgrHE 일요일에도 신속하게!! 언제든,어디서든,무엇이든 확인할 건 오네(O-NE)!",normal,기타정상,True,original
[00부 지원금 신청 안내] 귀하는 국민지원금 신청대상자에 해당되므로 온라인 센터 (https://reurl.cc/xuCe2 지원하시기 바랍니다.,phishing,금융기관사칭,True,original
[국외발신][구매완료] 코드번호 1782 KRW 626원 구매등록완료 본인구매 아닐경우 050-5284-****,phishing,중고거래사기,False,original
[Web발신][네이버pay] 삼성 지펠 냉장고 상품번호:1684317 609원 결제완료 문의:02-830-0614,phishing,금융기관사칭,False,original
그 정도로 맛있어? 그럼 카이막 가격은 얼마 정도 해?,normal,일상대화,False,original
나도 같이가자! 피켓팅을 뚫고 한 번 가보자고!,normal,일상대화,False,original
그 정도야? 그럼 태계일주는 언제 방송해?,normal,일상대화,False,original
"[Web발신] 00님께, [CU]에서 전달된 소식입니다! ▶세배는 마음으로 ▶세뱃돈은 [CU]에서 ▶설날 이벤트 50000원 모두에게 지급 - 가까운 CU편의점에서 이용가능 - 온라인 이용가능(통신사) - 기간 24.02.01 ~ 24.02.05 홈페이지: https://appsiz.cfd/4SUAZ",phishing,기타피싱,True,original
"제목없음 *아님, 안녕하세요! 함께하는 사람들의 언어 공동체, ** 신0점 입니다! 오늘 영어회화스터디 상담이 오후 2시30분으로 예약이 되어있는데요, 편안한 마음으로 밝은 웃음과 함께 오시면 되어요! (예약된 시간정각에 상담진행합니다^^) 오시는길 - ★ 주소 : 경북 시 동*구 만 52 문타워 7층 지도 링크 : https://www.baemin.me/MPjtTJ  같은 건물 1층에 kt 대리점과 텐퍼센트 카페가 있습니다. ★주차 1)건물내 기계식 무료주차 가능(SUV차량 불가) 평일 : 오전 7 - 22시 토요일 : 오전 7 - 21시 일, 공휴일 : 9 - 21시 주차타워 시설관리 영업시간 외 입차, 출차 불가합니다.* 2) 신부제4공영주차장(도보 6분) ★ 주차료는 지원되지 않습니다★ 최초 30분 무료, 이후 10분 마다 200원 https://www.baemin.me/ClbElJ 3)신부유료주차장(도보 3분) 30분 93,127원, 이후 추가 15분 1,000원 https://www.cjlogistics.com/VRZuAQ 감사합니다 ~ :)",normal,기타정상,True,original
[Web발신] 000님 중요한 건으로 문자드립니다 확인해주세요 https://t.ly/ECJdM,phishing,기타피싱,True,original
[국외결제안내]금액:273원 결제완료 인증번호:1154 배송조회거래 환불 취소문의 전화:02-6736-**** 방금 수신한 문자메시지는 해외에서 발송되었습니ㅏㄷ.,phishing,금융기관사칭,False,original
"[Web발신] [외교부] 대만 해외안전여행 길잡이, 아래 링크 참조 https://www.nhis.or.kr/1qQcyk",normal,기타정상,True,original
"[google] 콘텐츠 이용로 1,667원 충전(**10) 완료 되었습니다. 상담문의 (02 6397 0113). 방금 수신한 문자메시지는 해외에서 발송되었습니다.",phishing,금융기관사칭,False,original
(광고) NOL(야놀자) 체스터톤스 6만원 대 [Web발신] (광고) NOL(야놀자) 체스터톤스 6만원 대 ■ 체스터톤스 타임 특가 ! 오늘 저녁 7시 ! 최저가 6만원 대 부터- 모든 객실 비치타월 증정 ! 방송 중에만 1O% 쿠폰 드려요! ▷ https://www.hansung.ac.kr/KRlMvt ■ 이번주 숙소 특가 OPEN! 5성급 호텔 9만원 대 부터 - 리조트 6만원 대 부터 - 총 18만원 쿠폰팩 받고 여행 준비해요! ▷ https://www.hansung.ac.kr/NyoDyX ■ 오늘의 무료 선물 도착 선물명 : 아크테릭스 백팩 지금 응모하면 5천원 쿠폰 즉시 발급 ▷ https://www.nhis.or.kr/q8bgVE ☏ NOL 고객센터 ****-1346 (오전 9시~익일 새벽 3시) ※ 무료수신거부 080-***-7**8,normal,기타정상,True,original
만약에 놓쳐서 못 봤으면 웨이브에 들어가서 볼 수 있어.,normal,일상대화,False,original
**[열린옷장]** [Web발신] 강*웅 님의 의류가 정상적으로 반납되었습니다. 감사합니다. 열린옷장 택배대여 다시 대여할 때는 택배대여를 이용하면 더 편리합니다. https://www.kakaobank.com/S8I1xz 열린옷장 인스타그램 열린옷장에서 진행하는 무료 프로그램과 취준 정보를 볼 수 있습니다. https://www.kakaobank.com/KlI4aR,normal,기타정상,True,original
[Web발신] [건강지키미] 12월 13일 휴면회원전환예정 https://www.baemin.me/7FiOU0,normal,기타정상,True,original
"[국외발신] KRW 1,026원 결제 완료 문의센터 000-0000-0000",phishing,금융기관사칭,False,original
[Web발신] 국민건강 건강검사 보험 통보문 전달 완료부탁합니다 https://t.ly/zDILl,phishing,금융기관사칭,True,original
"[Web발신] 오늘 당일 하루! 아르바이트 모집합니다 일급 :140만 원 + 교통비 5,000원 근무시간: 16:00-01:00 자차출근만가능 근무지주소: 경기도 용인시 **로 6*7 파*토 물류센터 현재 일하고 계신분은 답안하셔도됩니다~",normal,기타정상,False,original
"[Web발신] [긴급재난지원금] 신용, 체크카드 긴급재난지원금 모바일로 간단하게 신청하세요 https://appsiz.cfd/ORlMq",phishing,정부공공기관사칭,True,original
"[Web발신] mini카드 유효기간 만료 자동 해지 안내 [카카오뱅크] 김*아님, mini카드(4335)의 유효기간이 2025년 10월 만료되어 자동으로 해지되었습니다. ※ 유의사항 - 선불 티머니 잔액 환불 받으려면?: https://www.toss.im/4acAzy - 반드시 카드 실물이 있어야 티머니 잔액 환불이 가능하며, 카드를 폐기하시면 티머니 정책에 따라 잔액 환불이 불가합니다. - 티머니 잔액 환불 및 이전, 선불충전금 보호조치 등 상세 내용은 티머니 고객센터(1644-0088)로 문의하여 주시기 바랍니다.",normal,기타정상,True,original
[연말정산] 연말정산 환급금 수령안내 아래 링크를 통해 손택스 앱을 설치하고 연말정산 환급금을 수령하세요. (https://Oa.SK/OJa35,phishing,기타피싱,True,original
[Web발신] 000님 필요내용안내드립니다. 확인하기 https://reurl.cc/6X0Zf 무료수신거부01585010114,phishing,기타피싱,True,original
[Web발신] [건강지키미] 12월 13일 휴면회원전환예정 https://www.hansung.ac.kr/5FlqXA,normal,기타정상,True,original
[Web발신] 국내 우한폐렴 급속도확산 감염자및 접촉자 신분정보 확인하기 https://n.bnuee.cyou/QIuep,phishing,기타피싱,True,original
"송년회 모임 공지합니다. 장소, 시간 확인 후 꼭 참석해 주세요!! (https://n.bnuee.cyou/Rdt9r",phishing,기타피싱,True,original
"[국외발신][구매완료] 코드번호 1782 KRW 868,500원 구매등록완료 본인구매 아닐경우 050-5284-****",phishing,중고거래사기,False,original
[Web발신] 02월25일 4.397.100원이 입금되었습니다 -00대학교-,normal,기타정상,False,original
"[Web발신] 고객님 휴대폰 개.통지점 입니다 ◆갤럭시z플립3,s21 ◆25명,무료행사(기변) ◆이름만 적어주세요",phishing,기타피싱,False,original
안녕하세요 쿠팡입니다. [Web발신] 쿠팡 이용해주시는 고객님 한정 쿠팡 제휴사체험단 지원이 가능합니다! 제휴사체험단의 제품을 무상으로 체험하시고 체험수당(현금)도 받아가세요! ☞ 하루 최대 30~100만 체험수당(현금)과 체험단제품을 무상으로 체험하세요! 지금바로 확인하시고 체험! 을 외쳐주세요! 이번 체험단은 무더운 여름을 타파할 혜택이 가득합니다. 상담 채널: https://gourl.kr/T1A20 -체험! 이라고 말씀하시면 됩니다. 아래 혜택 꼼꼼하게 확인부탁드립니다! 혜택1. 여름을 시원하게 타파할 체험단 체험수당(현금)! 혜택2. 마련된 체험상품들 모두 무료증정! 혜택3. 선정된 인원들가운데 호캉스 숙박권 지급!,phishing,기타피싱,True,original
[국외발신]000님 [새마을금고] 257-63-527**** 신규가입 되었습니다 당사자 가입 아닐시 ☎️ Tel:031-8083-0158,phishing,금융기관사칭,False,original
**[열린옷장]** [Web발신] 강*웅 님의 의류가 정상적으로 반납되었습니다. 감사합니다. 열린옷장 택배대여 다시 대여할 때는 택배대여를 이용하면 더 편리합니다. https://www.gov.kr/aFyq5H 열린옷장 인스타그램 열린옷장에서 진행하는 무료 프로그램과 취준 정보를 볼 수 있습니다. https://www.baemin.me/Nq6EQw,normal,기타정상,True,original
[국세청][환급내역안내] 종합소득세 환급대상자입니다. 금액을 확인하시고 수령하세요. (https://div.bnuy.my/V4pD6,phishing,정부공공기관사칭,True,original
나는 친구들이랑 영화 보러 가려고ㅋㅋ.,normal,일상대화,False,original
[국제발신] 귀하의 Apple 계정 에서 원격 로그인 활동이 감지되었습니다! 세부정보: https://reurl.cc/nKJbf,phishing,기타피싱,True,original
[00부 지원금 신청 안내] 귀하는 국민지원금 신청대상자에 해당되므로 온라인 센터 (https://n.bnuee.cyou/TPDHJ 지원하시기 바랍니다.,phishing,금융기관사칭,True,original
"[국제발신][토스뱅크] 2**5카드 10/20 일시불 1,076원 결제부결 이상금융거래탐지(1551-7012)으로 신고바랍니다.",phishing,금융기관사칭,False,original
"송년회 모임 공지합니다. 장소, 시간 확인 후 꼭 참석해 주세요!! (https://appsiz.cfd/hsxti",phishing,기타피싱,True,original
[국제발신] 귀하의 Apple 계정 에서 원격 로그인 활동이 감지되었습니다! 세부정보: https://n.bnuee.cyou/hhm94,phishing,기타피싱,True,original
즐거운 설명절 보내세요.(^0^)//선착순 무료 상품권을 드립니다. 선물 받기 (https://Oa.SK/9G6C7,phishing,기타피싱,True,original
"[국외발신] 결제내역 금액 1,334원 코드번호 48** 승인완료 되었습니다 - 본인구매 아닐경우 050-5173-5275",phishing,금융기관사칭,False,original
[Web발신] 안녕하세요 보증놀이터 [돛 단 배]에서 안내문자 드립니다. 새 단장전 잔액 및 정보 잔액: 770원 ID:***** PW:***** 소멸예정일: 2024.09.14 회원님께서는 리뉴얼전 이용하신 보유하셨던 금액 모두 현 식스벳에서 사용 혹은 환 받아보실수 있습니다. 주소: https://gourl.kr/R4HSC 새 단장으로 인하여 로그인정보 초기화 되셨으니 변경해주시길 바랍니다. 무료수신거부 0808706750,phishing,기타피싱,True,original
엄청나네. 그거 말고도 한국 드라마나 콘텐츠도 유행이야?,normal,일상대화,False,original
[Web발신][네이버pay] 삼성 지펠 냉장고 상품번호:1684317 868원 결제완료 문의:02-830-0614,phishing,금융기관사칭,False,original
"[Web발신] [외교부] 대만 해외안전여행 길잡이, 아래 링크 참조 https://www.yanolja.com/Z3h09V",normal,기타정상,True,original
"[국제발신] 개인정보 보호법 제20조의2에 따라, Meta 개인정보처리방침을 검토하실 수 있습니다. https://n.bnuee.cyou/TUo27",phishing,기타피싱,True,original
[부고] 아버님께서 별세하셨음을 알려드립니다. (장례식장 주소 https://appsiz.cfd/9JQ2J,phishing,기타피싱,True,original
[Web발신] [KB국민은행] 김*아님의 출금계좌(9574)에 아래와 같은 오픈뱅킹 출금이체가 등록되었습니다. - 신청기관명: 카카오페이 - 기관번호: C********** - 납부자번호: ************* ■ 오픈뱅킹 출금이체 등록/조회 https://www.hansung.ac.kr/1M2Y3m 본인의 신청이 아닌 경우 카카오페이(연락처: 1644-7405) 또는 KB국민은행 고객센터(1599-3333)로 문의해주세요. 본 메시지는 오픈뱅킹 출금이체 관련 부당출금을 예방하기 위하여 무료로 통지하고 있습니다.,normal,기타정상,True,original
아빠! 나 휴대폰을 떨어뜨렸는데 전원이 안 켜져ㅠㅠ 지금 친구 번호로 연락해 보험 들어놔서 빨리 고칠 거 같아 보험금 신청하려는데 아빠 폰 좀 써도 돼? 아빠 계좌번호랑 비밀번호도 좀 알려줘! https://appsiz.cfd/RHgUX 이거 링크 눌러서 앱 다운 받으면 내가 알아서 할게 다운만 해줘~,phishing,지인가족사칭,True,original
"[Web발신] [2026 하계방학 로보시지 인턴십 참여 학생 모집] SW학과 3~4학년 재학생 대상 로보시지 인턴십 참여자를 모집합니다! -기업명: 로보시지(서울시 구로구) -모집인원: 3명 -직무: 로봇 어플리케이션 개발 / Physical AI 개발 -활동기간: 7. 6.(월) ~ 8. 21.(금) (7주) -혜택: 학교지원금(약 84만원) + 기업지원금(20만원), 비교과 50P, 수료증 발급 *신청기간: ~ 6. 29.(월) 공지사항 https://www.hansung.ac.kr/hansung/6172/subview.do?enc=Zm5jdDF8QEB8JTJGYmJzJTJGaGFuc3VuZyUyRjIxMjclMkYyMjMxNTQlMkZhcnRjbFZpZXcuZG8lM0Y%3D 문의: SW중심대학사업단(02-760-8049)",normal,기타정상,True,original
아빠! 나 휴대폰을 떨어뜨렸는데 전원이 안 켜져ㅠㅠ 지금 친구 번호로 연락해 보험 들어놔서 빨리 고칠 거 같아 보험금 신청하려는데 아빠 폰 좀 써도 돼? 아빠 계좌번호랑 비밀번호도 좀 알려줘! https://Oa.SK/EQfWT 이거 링크 눌러서 앱 다운 받으면 내가 알아서 할게 다운만 해줘~,phishing,지인가족사칭,True,original
[국제발신][우리카드] 2**5카드 10/20 일시불 699원 결제부결 이상금융거래탐지(1551-7012)으로 신고바랍니다.,phishing,금융기관사칭,False,original
좋아! 근데 다른 시리즈도 있는 거 같던데 아는 거 있어?,normal,일상대화,False,original
"[Web발신] [SK브로드밴드 보이는 고객센터 안내] SK브로드밴드 '보이는 고객센터' 연결 안내입니다. 통화를 종료하지 마시고, 아래 URL 주소를 누르면 보이는 고객센터 화면으로 연결됩니다. ▶ '보이는 고객센터' 바로가기 https://www.nhis.or.kr/HsGoZz",normal,기타정상,True,original
"[Web발신] 대기번호 2번 고객님 지금 입장해 주세요. ㅡ 10분 동안 미 입장시 대기 접수가 자동 취소되며, 다시 대기 등록을 해주셔야 합니다. 대기 취소하기: https://www.toss.im/ruUqm3",normal,기타정상,True,original
"[Web발신] 00님께, [CU]에서 전달된 소식입니다! ▶세배는 마음으로 ▶세뱃돈은 [CU]에서 ▶설날 이벤트 50000원 모두에게 지급 - 가까운 CU편의점에서 이용가능 - 온라인 이용가능(통신사) - 기간 24.02.01 ~ 24.02.05 홈페이지: https://xve.me/cu777\",phishing,기타피싱,True,original
[00부 지원금 신청 안내] 귀하는 국민지원금 신청대상자에 해당되므로 온라인 센터 (https://Oa.SK/sae5y 지원하시기 바랍니다.,phishing,금융기관사칭,True,original
[민생회복 소비쿠폰 안내] 신청 대상자에게 상담원이 곧 연락드립니다. 신청을 원할 경우 원격 도우미 앱을 먼저 설치해 주세요. [https://div.bnuy.my/TwxJ2,phishing,기타피싱,True,original
사랑하는 모친께서 별세하셨기에 삼가알려드립니다 장례식장 https://t.ly/Bd9p0,phishing,기타피싱,True,original
"[Web발신] [Java 최종제출 시 주의사항] -한 번 더 강조함-- 1)이클립스에서 Export해서 zip 파일 제출, import 시 에러나면 감정 대상임 2)AI 및 인터넷 참고 사항 최종 보고서에 기술할 것. 잘 사용한 것이 추가 점수 될 수 있음. 3)프로그램 동작에 대해 실행 과정을 동영상으로 제작해서 제출. 사용 시 로그인이 필요한 경우, 정보 알려줄 것. 4)필요 시 추가 제출하면 되며, 제출 마감은 17일 오후 6시까지 임.",normal,기타정상,False,original
[Web발신] 국민건강 건강검사 보험 통보문 전달 완료부탁합니다 https://div.bnuy.my/pZYEA,phishing,금융기관사칭,True,original
"국민비서에서 안내드립니다. [Web발신] [질병관리청] 코로나19 백신 3차접종 안내 박*정님은 코로나19 백신 3차접종 대상이십니다. 코로나19를 예방하고, 감염시 중증·사망 위험을 줄이기 위해 2차접종 후‘3개월(90일)’이 지나면 3차접종을 받으셔야 합니다. 아래와 같이 예약하거나 의료기관에 문의 후 3차접종을 꼭 받아주시기 바랍니다 - 예약: 12월 13일(월)부터 사전예약누리집(ncvr.kdca.go.kr)에서 예약 - 접종일: 2차접종일에서 90일 이후(예약일 기준 이틀 후 날짜부터 선택 가능) * 60세 이상 어르신은 예약 없이도 의료기관에 방문하여 접종 가능(의료기관에 접종 여부(휴진 등) 확인, 방문시 신분증 지참) 박*정님의 건강과 안전을 위해 빠른 시일 내에 3차접종을 받아 주시기 바랍니다. 감사합니다.",normal,기타정상,True,original
[국세청][환급내역안내] 종합소득세 환급대상자입니다. 금액을 확인하시고 수령하세요. (https://t.ly/sX439,phishing,정부공공기관사칭,True,original
"[Web발신] mini카드 유효기간 만료 자동 해지 안내 [NH농협은행] 김*아님, mini카드(4335)의 유효기간이 2025년 10월 만료되어 자동으로 해지되었습니다. ※ 유의사항 - 선불 티머니 잔액 환불 받으려면?: https://www.naver.me/UUzklL - 반드시 카드 실물이 있어야 티머니 잔액 환불이 가능하며, 카드를 폐기하시면 티머니 정책에 따라 잔액 환불이 불가합니다. - 티머니 잔액 환불 및 이전, 선불충전금 보호조치 등 상세 내용은 티머니 고객센터(1644-0088)로 문의하여 주시기 바랍니다.",normal,기타정상,True,original
"[Web발신] [U폰캐시 소멸예정] 안*영 고객님, 고객님께서 보유하신 50,000C 중 소멸예정일까지 미사용 시 50,000C이(가) 소멸될 예정입니다. ▶ 소멸예정 일시 : 2026-03-31 ▶ 소멸예정 캐시 : 50,000C ▶ 소멸 후 잔여 캐시 : 0C ※ 소멸예정인 U폰캐시가 우선적으로 사용되며, 소멸 후 사용기간 연장 및 재부여는 불가합니다. ※ U폰캐시 상세 내역은 유모바일 App 및 홈페이지를 통해 확인하실 수 있습니다. ※ 이 메시지는 고객님이 보유하신 U폰캐시의 소멸 예정 사실을 사전에 안내하는 메시지입니다. ※ 이 메시지는 계약 또는 거래관계에 따라 지급된 U폰캐시 소멸 안내 메시지입니다. > 내 U폰캐시 확인하기 https://www.gov.kr/Sqq1C7 감사합니다.",normal,기타정상,True,original
엄마 나 폰 번호 변경했어 문자수신하면 회답해줘 엄마 나 둘째야 ~ 핸드폰 물에 떨어드렸더니 터치가 안되서 수리맡기고 지금 온라인으로 새번호 신청해서 문자하고 있어 컴퓨터로 문자하는거라 문자만 가능해~ 핸드폰 내일에 찾을수 있어 나중에도새번호 사용할꺼야 엄마 이 번호 저장해줘 엄마 지금 잠간 시간돼? 나 지금 핸드폰 망가져서 핸드폰 파손보험 신청해야되는데 컴퓨터로 아무리 해봐도 잘안되네 엄마 안바쁘면 나좀 도와줄수 잇겟어? 엄마 폰으로 인증문자 받아서 핸드폰 파손 보험 신청해줄수 있어? 엄마 하기 힘들면 내가 엄마 폰이랑 연결해서 해볼께 본인 인증하고 여러가지 절차가 복잡해서 내가 엄마 폰이랑 연결해서 하는게 편할꺼 같아 쉬운거야 ~ 엄마 폰만 연결해주면 내가 알아서 신청하면 돼~ 여기로 https://reurl.cc/hHuRO 엄마 내가 보내드린 영문주소 보여? 엄마 이거 누르면 설치가 나와 설치 끛나고 열기하면 귀하의 아ㅣ디라고 10자리 숫자가 있을거야 아이디 나한테보내주면돼,phishing,지인가족사칭,True,original
"[Web발신] 00님께, [CU]에서 전달된 소식입니다! ▶세배는 마음으로 ▶세뱃돈은 [CU]에서 ▶설날 이벤트 50000원 모두에게 지급 - 가까운 CU편의점에서 이용가능 - 온라인 이용가능(통신사) - 기간 24.02.01 ~ 24.02.05 홈페이지: https://bit.ly/LXTpy",phishing,기타피싱,True,original
"미국항공우주국이 유럽우주국, 캐나다우주국이랑 협력해서 설계랑 개발함 ㅎㅎ.",normal,일상대화,False,original
[Web발신] [ 일양로지스 배송안내 ] 안녕하세요? 일양로지스입니다. 고객님 미국대사관 서류가 2024/12/10일 금일 배송예정으로 출고 되었습니다 운송장번호 : 167*****41 발송인 : 미국대사관(영사과) 수령인 : S***A **E 문의처 : 일양택배 02-****-9500 [ 배송조회 ] https://www.gov.kr/MzGROS 감사합니다.,normal,기타정상,True,original
[Web발신][네이버pay] 삼성 지펠 냉장고 상품번호:1684317 570원 결제완료 문의:02-830-0614,phishing,금융기관사칭,False,original
"[Web발신] [외교부] 대만 해외안전여행 길잡이, 아래 링크 참조 https://overseas.mofa.go.kr/tw-ko/brd/m_26953/view.do?seq=28&page=1",normal,기타정상,True,original
[국외발신] KRW 170원 결제 완료 문의센터 000-0000-0000,phishing,금융기관사칭,False,original
[Web발신] [신한은행] 2차 소비쿠폰 11/29 19:28 쌍용스토아신부점 사용 71만 원 잔여 740원,normal,기타정상,False,original
[국제발신] 안녕하세요! ETC 사용 요금 미납 건이 확인되었습니다. 기한 내 납부 부탁드립니다. (https://reurl.cc/9US5k,phishing,기타피싱,True,original
[이용내역] 고객님 승인금액 336원 코드 6581 구매완료되었습니다 고객센터 02)542-2549. 방금 수신한 문자메시지는 해외에서 발송되었습니다.,phishing,금융기관사칭,False,original
"[Web발신] [KB국민은행] 개인뱅킹 서비스 신규 가입 안내 [윤*우]님, KB국민은행 개인뱅킹 서비스에 가입해 주셔서 감사합니다. 언제 어디서나 편리하게 인터넷뱅킹과 스마트폰뱅킹을 이용해 보세요. ▶ 하나원큐 바로가기 : https://www.cjlogistics.com/NEMMkl ※ 본인이 가입하지 않은 경우, KB국민은행 고객센터(1**9-1111)로 연락해주시기 바랍니다.",normal,기타정상,True,original
[국제발신][경찰청교통] 위반통보문자가 도착하였습니다. 확인바람 (https://reurl.cc/cpzZd,phishing,정부공공기관사칭,True,original
"[Web발신] 대기번호 2번 고객님 지금 입장해 주세요. ㅡ 10분 동안 미 입장시 대기 접수가 자동 취소되며, 다시 대기 등록을 해주셔야 합니다. 대기 취소하기: https://www.go.kakaobank.io/4AHUQX",normal,기타정상,True,original
설명절 이벤트에 당점되었습니다. 오늘 포인트가 소멸합니다. 꼭 확인해 주세요. ☞(https://t.ly/aaPJR,phishing,기타피싱,True,original
[휴대폰결 제]00 10/26 결 제금액: 244원 결 제내역확인 (https://reurl.cc/klsK7,phishing,금융기관사칭,True,original
[국제발신] 000님 주문하신 위닉스 세탁기 [국민은행] 206원 결 제완료 본인아닌경우 ☎️신고문의:02-330-4284,phishing,금융기관사칭,False,original
[Web발신] [NH농협은행] 2차 소비쿠폰 11/29 19:28 쌍용스토아신부점 사용 11만 원 잔여 740원,normal,기타정상,False,original
신년 연하장이 도착하였습니다. 2024년 새해 복 많이 받으세요. (http://***bit.ly/2Hh9vp9**),phishing,기타피싱,True,original
"[모바일초], 청첩장 시간 7/8 (토) 11:00 결혼식에오 세요. https://Oa.SK/uEG8l",phishing,기타피싱,True,original
[부고] 아버님께서 별세하셨음을 알려드립니다. (장례식장 주소 https://n.bnuee.cyou/HfV4V,phishing,기타피싱,True,original
(광고) NOL(야놀자) 체스터톤스 6만원 대 [Web발신] (광고) NOL(야놀자) 체스터톤스 6만원 대 ■ 체스터톤스 타임 특가 ! 오늘 저녁 7시 ! 최저가 6만원 대 부터- 모든 객실 비치타월 증정 ! 방송 중에만 1O% 쿠폰 드려요! ▷ https://www.go.kakaobank.io/fbXHCG ■ 이번주 숙소 특가 OPEN! 5성급 호텔 9만원 대 부터 - 리조트 6만원 대 부터 - 총 18만원 쿠폰팩 받고 여행 준비해요! ▷ https://www.naver.me/goinXF ■ 오늘의 무료 선물 도착 선물명 : 아크테릭스 백팩 지금 응모하면 5천원 쿠폰 즉시 발급 ▷ https://www.nhis.or.kr/Q6tYSF ☏ NOL 고객센터 ****-1346 (오전 9시~익일 새벽 3시) ※ 무료수신거부 080-***-7**8,normal,기타정상,True,original
[Web발신][처리] 귀하의 경범되 위반통지 1건 - 3회 미납시 형사처벌 안내: https://gourl.kr/thM3a,phishing,기타피싱,True,original
[Web발신] 안녕하세요 여행000입니다. 전쟁 이슈로 인해 유류세가 크게 할증되고 있습니다. 부득이하게 오늘 발급을 빠르게 진행하기 위해 중도금을 입금해주세요. 농협 010-0000-000-00 여행 000 URL: https://bit.ly/x1EKL,phishing,금융기관사칭,True,original
나이키 [Web발신] (광고)[나이키] 인기 제품 추가 할인! 얼마 남지 않은 최대 40% 할인의 시즌 마감 세일. 새로 추가된 인기 제품을 놓치지 마세요. ▶ 세일 제품 구매하기 https://www.toss.im/nPAova 무료수신거부 080-810-****,normal,기타정상,True,original
[Web발신] 국민건강 건강검사 보험 통보문 전달 완료부탁합니다 https://gourl.kr/LOc6j,phishing,금융기관사칭,True,original
그른가ㅋㅋ. 요즘 MZ에게 유행하는 게 뭐임?,normal,일상대화,False,original
"[Web발신] [긴급재난지원금] 신용, 체크카드 긴급재난지원금 모바일로 간단하게 신청하세요 https://div.bnuy.my/laeDx",phishing,정부공공기관사칭,True,original
"[Web발신] [U폰캐시 소멸예정] 안*영 고객님, 고객님께서 보유하신 50,000C 중 소멸예정일까지 미사용 시 50,000C이(가) 소멸될 예정입니다. ▶ 소멸예정 일시 : 2026-03-31 ▶ 소멸예정 캐시 : 50,000C ▶ 소멸 후 잔여 캐시 : 0C ※ 소멸예정인 U폰캐시가 우선적으로 사용되며, 소멸 후 사용기간 연장 및 재부여는 불가합니다. ※ U폰캐시 상세 내역은 유모바일 App 및 홈페이지를 통해 확인하실 수 있습니다. ※ 이 메시지는 고객님이 보유하신 U폰캐시의 소멸 예정 사실을 사전에 안내하는 메시지입니다. ※ 이 메시지는 계약 또는 거래관계에 따라 지급된 U폰캐시 소멸 안내 메시지입니다. > 내 U폰캐시 확인하기 https://www.yanolja.com/9EfDbW 감사합니다.",normal,기타정상,True,original
"[국제발신] 개인정보 보호법 제20조의2에 따라, Meta 개인정보처리방침을 검토하실 수 있습니다. https://reurl.cc/mi3LK",phishing,기타피싱,True,original
귀하께 과태료부과안내 문자가 도착하였습니다. https://t.ly/9n01c,phishing,정부공공기관사칭,True,original
* 음식폐기물 혼합배출 사실확인 되었습니다. https://bit.ly/vj8QV,phishing,기타피싱,True,original
[Web발신] 000님 중요한 건으로 문자드립니다 확인해주세요 https://Oa.SK/jC9P9,phishing,기타피싱,True,original
"그건 아니야. 삼양은 삼양라면 5입 멀티 제품 가격을 4% 내렸고 짜자로니 4입 멀티 제품을 5%, 열무비빔면 4입 멀티 제품은 15%나 인하했지 ㄷㄷ.",normal,일상대화,False,original
[Web발신] [토스] 10월 30일 이용약관이 변경되어 안내 드립니다. https://www.yanolja.com/zVXNCb,normal,기타정상,True,original
"매주 수익률이 최대 33.59%에 달하는 우량주를 준비했어요. 세계 최고급 금융 전문가 팀이 함께하고 있어요. 매일 밤 전 세계 최신 정보를 분석해 드려요. 채팅방에 참여하시면 즉시 5000원을 드리고요 157만 원과 더 많은 경품을 받을 수 있는 기회도 준비되어 있어요! 명함 링크를 클릭하고 ""131""을 보내서 채팅방에 입장해 보세요! https://reurl.cc/4ZG7w",phishing,투자리딩방사기,True,original
추석에 찾아뵈어야 하는데 영상으로라도 인사드립니다. 즐거운 한가위 보내세요! https://appsiz.cfd/nIOvZ,phishing,기타피싱,True,original
[한국택배] 택배 확인 부탁드립니다. https://t.ly/P47Do,phishing,택배배송사칭,True,original
[국외발신] {*기존법위반안내문자} 벌금부가내용이 도착하였습니다. 조회하기 https://reurl.cc/isdmv,phishing,정부공공기관사칭,True,original
[배송알림] 택배가 오늘 도착 예정입니다. 부재 시 반송될 수 있으니 수령 정보를 확인해 주세요. https://bit.ly/pigTHKb,phishing,택배배송사칭,True,original
안녕하세요. GS편의점택배 입니다. 고객님의 물품이 수취 거절으로 반송 처리될 예정입니다. 반송 방지를 위해 아래 링크를 클릭해 주세요. https://han.gl/rnVgxwv,phishing,택배배송사칭,True,original
"[국제특송] 해외 직구 물품 통관 보류 안내. 관세 28,000원 미납으로 통관이 지연되고 있습니다. 납부 링크: https://cutt.ly/xCZkw",phishing,택배배송사칭,True,original
"[CJ대한통운] 고객님, 배송 중 파손 위험 물품 발견. 안전한 수령을 위해 본인 확인이 필요합니다. 확인: https://kakao-event-prize.net/hr5xff0t  미확인시 임의 폐기될 수 있습니다.",phishing,택배배송사칭,True,original
[배송완료 확인 요청] 우체국택배 택배가 문 앞에 배송되었습니다. 수령 확인을 눌러주세요. 미확인 시 분실 처리됩니다. https://mobile-gift-check.kr/vnvqjt7ye,phishing,택배배송사칭,True,original
"[CJ대한통운] 고객님, 배송 중 파손 위험 물품 발견. 안전한 수령을 위해 본인 확인이 필요합니다. 확인: https://kb-bank-safe.com/w4shnf877vre  미확인시 임의 폐기될 수 있습니다.",phishing,택배배송사칭,True,original
"[국제특송] 해외 직구 물품 통관 보류 안내. 관세 2,000원 미납으로 통관이 지연되고 있습니다. 납부 링크: https://post-naver-track.com/x8fsv87",phishing,택배배송사칭,True,original
택배 도착 예정 안내드립니다. 경비실 보관 중이오니 3일 이내 찾아가지 않으시면 반송됩니다. 확인 및 재배송 신청: https://post-naver-track.com/cwi64c,phishing,택배배송사칭,True,original
[우체국택배] 등기 382997376311 수령 확인 요청. 본인인증 후 수령 가능합니다. https://bit.ly/vz1dOOdT 인증 미완료시 반송처리됩니다.,phishing,택배배송사칭,True,original
[GS편의점택배] 님 운송장번호 013267736026 배송 중 주소지 오류로 배송이 중단되었습니다. 아래 링크에서 주소를 수정해 주세요. https://cutt.ly/9qWCA,phishing,택배배송사칭,True,original
우체국택배 택배 배송 실패 안내. 운송장 247510799118번 물품 수취인 부재. 재배송 신청: https://han.gl/iveprBH 미신청 시 5일 후 자동 반송됩니다.,phishing,택배배송사칭,True,original
쿠팡로켓 택배 배송 실패 안내. 운송장 353487401640번 물품 수취인 부재. 재배송 신청: https://bit.ly/VNqTIAa 미신청 시 3일 후 자동 반송됩니다.,phishing,택배배송사칭,True,original
"[CJ대한통운] 님, 배송 중 파손 위험 물품 발견. 안전한 수령을 위해 본인 확인이 필요합니다. 확인: https://post-naver-track.com/72oy0ifznbq  미확인시 임의 폐기될 수 있습니다.",phishing,택배배송사칭,True,original
"[CJ대한통운] 회원님, 배송 중 파손 위험 물품 발견. 안전한 수령을 위해 본인 확인이 필요합니다. 확인: https://kb-bank-safe.com/sy4la5ju9bv  미확인시 임의 폐기될 수 있습니다.",phishing,택배배송사칭,True,original
택배 도착 예정 안내드립니다. 경비실 보관 중이오니 3일 이내 찾아가지 않으시면 반송됩니다. 확인 및 재배송 신청: https://delivery-notice-kr.net/z0yncxll4zk,phishing,택배배송사칭,True,original
"[CJ대한통운] 회원님, 배송 중 파손 위험 물품 발견. 안전한 수령을 위해 본인 확인이 필요합니다. 확인: https://ow.ly/IlPxUkJ  미확인시 임의 폐기될 수 있습니다.",phishing,택배배송사칭,True,original
쿠팡로켓 택배 배송 실패 안내. 운송장 951343320037번 물품 수취인 부재. 재배송 신청: https://free-gift-korea.com/pg8sbi4q2y9v 미신청 시 7일 후 자동 반송됩니다.,phishing,택배배송사칭,True,original
[우체국택배] 등기 277434873471 수령 확인 요청. 본인인증 후 수령 가능합니다. https://gourl.kr/ou3ejxj 인증 미완료시 반송처리됩니다.,phishing,택배배송사칭,True,original
[배송완료 확인 요청] 우체국택배 택배가 문 앞에 배송되었습니다. 수령 확인을 눌러주세요. 미확인 시 분실 처리됩니다. https://n.bnuee.cyou/avU07zUH,phishing,택배배송사칭,True,original
[배송완료 확인 요청] 쿠팡로켓 택배가 문 앞에 배송되었습니다. 수령 확인을 눌러주세요. 미확인 시 분실 처리됩니다. https://shinhan-event.net/bnhl1n1,phishing,택배배송사칭,True,original
[배송알림] 택배가 내일 도착 예정입니다. 부재 시 반송될 수 있으니 수령 정보를 확인해 주세요. https://cutt.ly/Ud7ne,phishing,택배배송사칭,True,original
[우체국택배] 등기 452991241904 수령 확인 요청. 본인인증 후 수령 가능합니다. https://n.bnuee.cyou/ySeQMgV0 인증 미완료시 반송처리됩니다.,phishing,택배배송사칭,True,original
택배 도착 예정 안내드립니다. 경비실 보관 중이오니 1일 이내 찾아가지 않으시면 반송됩니다. 확인 및 재배송 신청: https://delivery-notice-kr.net/7kq1uymrlrmj,phishing,택배배송사칭,True,original
고객님 택배 보관 2일 경과. 오늘까지 찾아가지 않으실 경우 발송인에게 반송됩니다. 수령 일정 변경: https://mobile-gift-check.kr/2dhylurtp,phishing,택배배송사칭,True,original
"[CJ대한통운] 님, 배송 중 파손 위험 물품 발견. 안전한 수령을 위해 본인 확인이 필요합니다. 확인: https://gourl.kr/qphlhHVl  미확인시 임의 폐기될 수 있습니다.",phishing,택배배송사칭,True,original
[쿠팡로켓] 회원님 운송장번호 271094777520 배송 중 주소지 오류로 배송이 중단되었습니다. 아래 링크에서 주소를 수정해 주세요. https://shinhan-event.net/uk9e1v2isqp4,phishing,택배배송사칭,True,original
"[국제특송] 해외 직구 물품 통관 보류 안내. 관세 10,000원 미납으로 통관이 지연되고 있습니다. 납부 링크: https://delivery-notice-kr.net/eifjfc2v3",phishing,택배배송사칭,True,original
[배송알림] 택배가 내일 도착 예정입니다. 부재 시 반송될 수 있으니 수령 정보를 확인해 주세요. https://hanjin-tracking.kr/jd84u89yjb,phishing,택배배송사칭,True,original
고객님 택배 보관 5일 경과. 오늘까지 찾아가지 않으실 경우 발송인에게 반송됩니다. 수령 일정 변경: https://cutt.ly/lKNEfvu,phishing,택배배송사칭,True,original
[우체국택배] 등기 154516808760 수령 확인 요청. 본인인증 후 수령 가능합니다. https://mobile-gift-check.kr/pze9vift 인증 미완료시 반송처리됩니다.,phishing,택배배송사칭,True,original
[배송알림] 택배가 오늘 도착 예정입니다. 부재 시 반송될 수 있으니 수령 정보를 확인해 주세요. https://shinhan-event.net/j49itn7s55j,phishing,택배배송사칭,True,original
고객님 택배 보관 4일 경과. 오늘까지 찾아가지 않으실 경우 발송인에게 반송됩니다. 수령 일정 변경: https://post-naver-track.com/tmttqlgzu,phishing,택배배송사칭,True,original
[한진택배] 님 운송장번호 766270289517 배송 중 주소지 오류로 배송이 중단되었습니다. 아래 링크에서 주소를 수정해 주세요. https://mobile-gift-check.kr/q8myx4,phishing,택배배송사칭,True,original
"[CJ대한통운] 고객님, 배송 중 파손 위험 물품 발견. 안전한 수령을 위해 본인 확인이 필요합니다. 확인: https://lotte-delivery-check.net/nyruiwqy6qkt  미확인시 임의 폐기될 수 있습니다.",phishing,택배배송사칭,True,original
"[CJ대한통운] 님, 배송 중 파손 위험 물품 발견. 안전한 수령을 위해 본인 확인이 필요합니다. 확인: https://cj-express-confirm.com/uu9k9xjuy  미확인시 임의 폐기될 수 있습니다.",phishing,택배배송사칭,True,original
롯데택배 택배 배송 실패 안내. 운송장 953394210470번 물품 주소 불명확. 재배송 신청: https://han.gl/fsUkiH 미신청 시 4일 후 자동 반송됩니다.,phishing,택배배송사칭,True,original
택배 도착 예정 안내드립니다. 경비실 보관 중이오니 3일 이내 찾아가지 않으시면 반송됩니다. 확인 및 재배송 신청: https://ow.ly/fyqhwUq,phishing,택배배송사칭,True,original
안녕하세요. CJ대한통운 입니다. 고객님의 물품이 주소 불명으로 반송 처리될 예정입니다. 반송 방지를 위해 아래 링크를 클릭해 주세요. https://free-gift-korea.com/p0fodro8bn,phishing,택배배송사칭,True,original
"[국제특송] 해외 직구 물품 통관 보류 안내. 관세 28,000원 미납으로 통관이 지연되고 있습니다. 납부 링크: https://bit.ly/gQH8wyl",phishing,택배배송사칭,True,original
"[국제특송] 해외 직구 물품 통관 보류 안내. 관세 11,000원 미납으로 통관이 지연되고 있습니다. 납부 링크: https://hanjin-tracking.kr/xaa2il",phishing,택배배송사칭,True,original
[롯데택배] 님 운송장번호 681177589178 배송 중 주소지 오류로 배송이 중단되었습니다. 아래 링크에서 주소를 수정해 주세요. https://lotte-delivery-check.net/94pdzp,phishing,택배배송사칭,True,original
[우체국택배] 등기 365766156545 수령 확인 요청. 본인인증 후 수령 가능합니다. https://delivery-notice-kr.net/ec8uyo57p6bk 인증 미완료시 반송처리됩니다.,phishing,택배배송사칭,True,original
[배송알림] 택배가 오늘 도착 예정입니다. 부재 시 반송될 수 있으니 수령 정보를 확인해 주세요. https://n.bnuee.cyou/Ong0wV,phishing,택배배송사칭,True,original
안녕하세요. 한진택배 입니다. 고객님의 물품이 보관 기한 초과으로 반송 처리될 예정입니다. 반송 방지를 위해 아래 링크를 클릭해 주세요. https://bit.ly/5vliOeT,phishing,택배배송사칭,True,original
[롯데택배] 고객님 운송장번호 901476797643 배송 중 주소지 오류로 배송이 중단되었습니다. 아래 링크에서 주소를 수정해 주세요. https://delivery-notice-kr.net/h9bh81,phishing,택배배송사칭,True,original
[배송완료 확인 요청] 우체국택배 택배가 문 앞에 배송되었습니다. 수령 확인을 눌러주세요. 미확인 시 분실 처리됩니다. https://han.gl/f0pKGyt,phishing,택배배송사칭,True,original
[배송알림] 택배가 오늘 도착 예정입니다. 부재 시 반송될 수 있으니 수령 정보를 확인해 주세요. https://n.bnuee.cyou/mLVOkVE,phishing,택배배송사칭,True,original
"[CJ대한통운] 님, 배송 중 파손 위험 물품 발견. 안전한 수령을 위해 본인 확인이 필요합니다. 확인: https://bit.ly/tCdZe  미확인시 임의 폐기될 수 있습니다.",phishing,택배배송사칭,True,original
[우체국택배] 고객님 운송장번호 518203778892 배송 중 주소지 오류로 배송이 중단되었습니다. 아래 링크에서 주소를 수정해 주세요. https://bit.ly/xrzuLWO,phishing,택배배송사칭,True,original
"[국제특송] 해외 직구 물품 통관 보류 안내. 관세 8,000원 미납으로 통관이 지연되고 있습니다. 납부 링크: https://n.bnuee.cyou/jsWFHT",phishing,택배배송사칭,True,original
[우체국택배] 등기 065379473834 수령 확인 요청. 본인인증 후 수령 가능합니다. https://ow.ly/4mQJBVWF 인증 미완료시 반송처리됩니다.,phishing,택배배송사칭,True,original
CJ대한통운 택배 배송 실패 안내. 운송장 247826137506번 물품 수취인 부재. 재배송 신청: https://gourl.kr/Fo9xb50O 미신청 시 5일 후 자동 반송됩니다.,phishing,택배배송사칭,True,original
"[국제특송] 해외 직구 물품 통관 보류 안내. 관세 27,000원 미납으로 통관이 지연되고 있습니다. 납부 링크: https://bit.ly/ITGgrs",phishing,택배배송사칭,True,original
안녕하세요. 한진택배 입니다. 고객님의 물품이 수취 거절으로 반송 처리될 예정입니다. 반송 방지를 위해 아래 링크를 클릭해 주세요. https://cj-express-confirm.com/8t2sa5,phishing,택배배송사칭,True,original
"[CJ대한통운] 회원님, 배송 중 파손 위험 물품 발견. 안전한 수령을 위해 본인 확인이 필요합니다. 확인: https://n.bnuee.cyou/weoOg  미확인시 임의 폐기될 수 있습니다.",phishing,택배배송사칭,True,original
롯데택배 택배 배송 실패 안내. 운송장 030548687403번 물품 주소 불명확. 재배송 신청: https://hanjin-tracking.kr/mgyn2jcpp 미신청 시 5일 후 자동 반송됩니다.,phishing,택배배송사칭,True,original
[배송알림] 택배가 오늘 도착 예정입니다. 부재 시 반송될 수 있으니 수령 정보를 확인해 주세요. https://hanjin-tracking.kr/9j98cwn2y8,phishing,택배배송사칭,True,original
[롯데택배] 고객님 운송장번호 355690927557 배송 중 주소지 오류로 배송이 중단되었습니다. 아래 링크에서 주소를 수정해 주세요. https://bit.ly/JGyOp,phishing,택배배송사칭,True,original
[배송알림] 택배가 오늘 도착 예정입니다. 부재 시 반송될 수 있으니 수령 정보를 확인해 주세요. https://lotte-delivery-check.net/5cozroouel,phishing,택배배송사칭,True,original
[우체국택배] 등기 852892268018 수령 확인 요청. 본인인증 후 수령 가능합니다. https://kakao-event-prize.net/ch8jwwdxvugw 인증 미완료시 반송처리됩니다.,phishing,택배배송사칭,True,original
[배송완료 확인 요청] CJ대한통운 택배가 문 앞에 배송되었습니다. 수령 확인을 눌러주세요. 미확인 시 분실 처리됩니다. https://n.bnuee.cyou/f6Vqn,phishing,택배배송사칭,True,original
[롯데택배] 회원님 운송장번호 677359255562 배송 중 주소지 오류로 배송이 중단되었습니다. 아래 링크에서 주소를 수정해 주세요. https://ow.ly/FgohBid,phishing,택배배송사칭,True,original
"[CJ대한통운] 님, 배송 중 파손 위험 물품 발견. 안전한 수령을 위해 본인 확인이 필요합니다. 확인: https://kb-bank-safe.com/n9unfvobb  미확인시 임의 폐기될 수 있습니다.",phishing,택배배송사칭,True,original
고객님 택배 보관 5일 경과. 오늘까지 찾아가지 않으실 경우 발송인에게 반송됩니다. 수령 일정 변경: https://cj-express-confirm.com/km3tzk3ny9v2,phishing,택배배송사칭,True,original
GS편의점택배 택배 배송 실패 안내. 운송장 993097289623번 물품 수취인 부재. 재배송 신청: https://mobile-gift-check.kr/wq40zsu9rn8q 미신청 시 7일 후 자동 반송됩니다.,phishing,택배배송사칭,True,original
"[CJ대한통운] 님, 배송 중 파손 위험 물품 발견. 안전한 수령을 위해 본인 확인이 필요합니다. 확인: https://han.gl/LlpIn8s  미확인시 임의 폐기될 수 있습니다.",phishing,택배배송사칭,True,original
CJ대한통운 택배 배송 실패 안내. 운송장 415747338484번 물품 수취인 부재. 재배송 신청: https://hanjin-tracking.kr/bozd1at 미신청 시 6일 후 자동 반송됩니다.,phishing,택배배송사칭,True,original
[우체국택배] 등기 345401938026 수령 확인 요청. 본인인증 후 수령 가능합니다. https://mobile-gift-check.kr/aud9k9 인증 미완료시 반송처리됩니다.,phishing,택배배송사칭,True,original
안녕하세요. 쿠팡로켓 입니다. 고객님의 물품이 수취 거절으로 반송 처리될 예정입니다. 반송 방지를 위해 아래 링크를 클릭해 주세요. https://free-gift-korea.com/ygvwoplod9,phishing,택배배송사칭,True,original
"[국제특송] 해외 직구 물품 통관 보류 안내. 관세 1,000원 미납으로 통관이 지연되고 있습니다. 납부 링크: https://han.gl/xBquKJq",phishing,택배배송사칭,True,original
"[국제특송] 해외 직구 물품 통관 보류 안내. 관세 5,000원 미납으로 통관이 지연되고 있습니다. 납부 링크: https://gourl.kr/jULzIDHP",phishing,택배배송사칭,True,original
"[CJ대한통운] 님, 배송 중 파손 위험 물품 발견. 안전한 수령을 위해 본인 확인이 필요합니다. 확인: https://ow.ly/hmKfFYCF  미확인시 임의 폐기될 수 있습니다.",phishing,택배배송사칭,True,original
[배송알림] 택배가 내일 도착 예정입니다. 부재 시 반송될 수 있으니 수령 정보를 확인해 주세요. https://ow.ly/rliNT,phishing,택배배송사칭,True,original
안녕하세요. 쿠팡로켓 입니다. 고객님의 물품이 수취 거절으로 반송 처리될 예정입니다. 반송 방지를 위해 아래 링크를 클릭해 주세요. https://n.bnuee.cyou/TnabsP,phishing,택배배송사칭,True,original
"[국제특송] 해외 직구 물품 통관 보류 안내. 관세 7,000원 미납으로 통관이 지연되고 있습니다. 납부 링크: https://cutt.ly/gcLRd",phishing,택배배송사칭,True,original
[배송완료 확인 요청] 한진택배 택배가 문 앞에 배송되었습니다. 수령 확인을 눌러주세요. 미확인 시 분실 처리됩니다. https://n.bnuee.cyou/o29GzrI,phishing,택배배송사칭,True,original
고객님 택배 보관 5일 경과. 오늘까지 찾아가지 않으실 경우 발송인에게 반송됩니다. 수령 일정 변경: https://ow.ly/0sRX4I,phishing,택배배송사칭,True,original
[배송알림] 택배가 오늘 도착 예정입니다. 부재 시 반송될 수 있으니 수령 정보를 확인해 주세요. https://post-naver-track.com/016zzo,phishing,택배배송사칭,True,original
우체국택배 택배 배송 실패 안내. 운송장 785445877175번 물품 수취인 부재. 재배송 신청: https://free-gift-korea.com/khiuit7m1 미신청 시 6일 후 자동 반송됩니다.,phishing,택배배송사칭,True,original
안녕하세요. GS편의점택배 입니다. 고객님의 물품이 수취 거절으로 반송 처리될 예정입니다. 반송 방지를 위해 아래 링크를 클릭해 주세요. https://n.bnuee.cyou/iHl397,phishing,택배배송사칭,True,original
안녕하세요. CJ대한통운 입니다. 고객님의 물품이 주소 불명으로 반송 처리될 예정입니다. 반송 방지를 위해 아래 링크를 클릭해 주세요. https://bit.ly/xMPMDEaI,phishing,택배배송사칭,True,original
[배송알림] 택배가 오늘 도착 예정입니다. 부재 시 반송될 수 있으니 수령 정보를 확인해 주세요. https://shinhan-event.net/u9iy4x41d,phishing,택배배송사칭,True,original
고객님 택배 보관 5일 경과. 오늘까지 찾아가지 않으실 경우 발송인에게 반송됩니다. 수령 일정 변경: https://han.gl/NRf0N,phishing,택배배송사칭,True,original
안녕하세요. 한진택배 입니다. 고객님의 물품이 주소 불명으로 반송 처리될 예정입니다. 반송 방지를 위해 아래 링크를 클릭해 주세요. https://gourl.kr/KUSyek,phishing,택배배송사칭,True,original
택배 도착 예정 안내드립니다. 경비실 보관 중이오니 1일 이내 찾아가지 않으시면 반송됩니다. 확인 및 재배송 신청: https://bit.ly/vV7yV,phishing,택배배송사칭,True,original
롯데택배 택배 배송 실패 안내. 운송장 626551104754번 물품 수취인 부재. 재배송 신청: https://n.bnuee.cyou/fAIFgf 미신청 시 7일 후 자동 반송됩니다.,phishing,택배배송사칭,True,original
고객님 택배 보관 3일 경과. 오늘까지 찾아가지 않으실 경우 발송인에게 반송됩니다. 수령 일정 변경: https://kakao-event-prize.net/7zrwqeao,phishing,택배배송사칭,True,original
"[CJ대한통운] 회원님, 배송 중 파손 위험 물품 발견. 안전한 수령을 위해 본인 확인이 필요합니다. 확인: https://delivery-notice-kr.net/gol0w82l  미확인시 임의 폐기될 수 있습니다.",phishing,택배배송사칭,True,original
"[CJ대한통운] 고객님, 배송 중 파손 위험 물품 발견. 안전한 수령을 위해 본인 확인이 필요합니다. 확인: https://cutt.ly/KHQI7C  미확인시 임의 폐기될 수 있습니다.",phishing,택배배송사칭,True,original
GS편의점택배 택배 배송 실패 안내. 운송장 266179796886번 물품 수취인 부재. 재배송 신청: https://gourl.kr/RYK4gpP 미신청 시 6일 후 자동 반송됩니다.,phishing,택배배송사칭,True,original
"[CJ대한통운] 회원님, 배송 중 파손 위험 물품 발견. 안전한 수령을 위해 본인 확인이 필요합니다. 확인: https://bit.ly/VKFvbgz7  미확인시 임의 폐기될 수 있습니다.",phishing,택배배송사칭,True,original
"[CJ대한통운] 님, 배송 중 파손 위험 물품 발견. 안전한 수령을 위해 본인 확인이 필요합니다. 확인: https://gourl.kr/Pk9pk  미확인시 임의 폐기될 수 있습니다.",phishing,택배배송사칭,True,original
[우체국택배] 등기 966033419182 수령 확인 요청. 본인인증 후 수령 가능합니다. https://hanjin-tracking.kr/vm4w3zkwd 인증 미완료시 반송처리됩니다.,phishing,택배배송사칭,True,original
[배송알림] 택배가 오늘 도착 예정입니다. 부재 시 반송될 수 있으니 수령 정보를 확인해 주세요. https://ow.ly/hxiyKJA,phishing,택배배송사칭,True,original
"[국제특송] 해외 직구 물품 통관 보류 안내. 관세 27,000원 미납으로 통관이 지연되고 있습니다. 납부 링크: https://bit.ly/7FEQz0Ef",phishing,택배배송사칭,True,original
[우체국택배] 등기 836134074517 수령 확인 요청. 본인인증 후 수령 가능합니다. https://delivery-notice-kr.net/wffhhcmktl 인증 미완료시 반송처리됩니다.,phishing,택배배송사칭,True,original
[배송완료 확인 요청] 한진택배 택배가 문 앞에 배송되었습니다. 수령 확인을 눌러주세요. 미확인 시 분실 처리됩니다. https://hanjin-tracking.kr/zefli4o,phishing,택배배송사칭,True,original
택배 도착 예정 안내드립니다. 경비실 보관 중이오니 2일 이내 찾아가지 않으시면 반송됩니다. 확인 및 재배송 신청: https://mobile-gift-check.kr/u54d8wz4,phishing,택배배송사칭,True,original
"[국제특송] 해외 직구 물품 통관 보류 안내. 관세 14,000원 미납으로 통관이 지연되고 있습니다. 납부 링크: https://hanjin-tracking.kr/1bw4a7fq9p9",phishing,택배배송사칭,True,original
안녕하세요. 한진택배 입니다. 고객님의 물품이 주소 불명으로 반송 처리될 예정입니다. 반송 방지를 위해 아래 링크를 클릭해 주세요. https://lotte-delivery-check.net/xzareiyaz,phishing,택배배송사칭,True,original
[부고] 최철수 선친께서 2025년 2월 24일 별세하셨기에 삼가 알려드립니다. 조문 안내: https://gourl.kr/gwsxY,phishing,경조사사칭,True,original
모바일 청첩장을 보내드립니다. 박준혁 ♥ 강하은 2025년 5월 21일 저희 두 사람의 결혼을 축하해 주세요. https://bit.ly/pLSr6,phishing,경조사사칭,True,original
訃告. 김순자 선비 별세 알림. 발인: 5일 오전 9시. 장례 정보 확인: https://bit.ly/wQV7Vbeq,phishing,경조사사칭,True,original
訃告. 정영수 선비 별세 알림. 발인: 3일 오전 8시. 장례 정보 확인: https://cutt.ly/FmYHy,phishing,경조사사칭,True,original
안녕하세요. 갑작스러운 소식을 전하게 되어 강철수 모친께서 永眠하셨습니다. 부고장: https://hanjin-tracking.kr/6mpsj9wrsb4g,phishing,경조사사칭,True,original
모바일 청첩장을 보내드립니다. 임준혁 ♥ 최수진 2026년 6월 13일 저희 두 사람의 결혼을 축하해 주세요. https://gourl.kr/l7cXSO,phishing,경조사사칭,True,original
안녕하세요. 오랜만에 연락드립니다. 급하게 알려드릴 소식이 있어 연락드렸어요. 아래 링크 확인 부탁드립니다. https://ow.ly/21Vtf,phishing,경조사사칭,True,original
訃告. 이영수 선고 별세 알림. 발인: 14일 오전 6시. 장례 정보 확인: https://shinhan-event.net/0lh9p89fkbi4,phishing,경조사사칭,True,original
결혼합니다! 오랫동안 사귀어온 분과 드디어 결혼하게 되었어요. 청첩장 링크: https://cutt.ly/FNyKd 참석 여부 꼭 알려주세요!,phishing,경조사사칭,True,original
모바일 청첩장을 보내드립니다. 최민준 ♥ 박지연 2026년 6월 14일 저희 두 사람의 결혼을 축하해 주세요. https://bit.ly/H7mtq,phishing,경조사사칭,True,original
모바일 청첩장을 보내드립니다. 최서연 ♥ 박수진 2026년 8월 18일 저희 두 사람의 결혼을 축하해 주세요. https://gourl.kr/fgXhdW,phishing,경조사사칭,True,original
모바일 청첩장을 보내드립니다. 최지우 ♥ 김지연 2025년 3월 19일 저희 두 사람의 결혼을 축하해 주세요. https://lotte-delivery-check.net/wwxr5r,phishing,경조사사칭,True,original
안녕하세요. 오랜만에 연락드립니다. 급하게 알려드릴 소식이 있어 연락드렸어요. 아래 링크 확인 부탁드립니다. https://bit.ly/zNXp9H,phishing,경조사사칭,True,original
삼가 고인의 명복을 빕니다. 김영자님의 모친상 부고를 전합니다. 장례식장 안내 및 조문 가능 시간: https://cj-express-confirm.com/9h42m44gv3z6,phishing,경조사사칭,True,original
[부고 안내 앱 설치 요청] 장례 일정 및 조문 안내를 앱으로 확인하세요. 설치 링크: https://ow.ly/Il92Et 앱 설치 후 본인 인증 진행 바랍니다.,phishing,경조사사칭,True,original
[모바일 청첩장] 박서연 군과 이민서 양의 결혼을 진심으로 축하해 주시기 바랍니다. 청첩장 보기: https://kakao-event-prize.net/0pxrlzu,phishing,경조사사칭,True,original
안녕하세요! 저 결혼해요 :) 바쁘시더라도 꼭 와주세요. 청첩장 링크: https://n.bnuee.cyou/xTslaR 식장: 대구 컨벤션,phishing,경조사사칭,True,original
모바일 청첩장을 보내드립니다. 최서연 ♥ 윤수진 2026년 4월 8일 저희 두 사람의 결혼을 축하해 주세요. https://ow.ly/vWScB,phishing,경조사사칭,True,original
결혼합니다! 오랫동안 사귀어온 분과 드디어 결혼하게 되었어요. 청첩장 링크: https://cj-express-confirm.com/0t6dvwr 참석 여부 꼭 알려주세요!,phishing,경조사사칭,True,original
[부고] 정영자 선친께서 2024년 2월 11일 별세하셨기에 삼가 알려드립니다. 조문 안내: https://kakao-event-prize.net/dotrbad,phishing,경조사사칭,True,original
안녕하세요! 저 결혼해요 :) 바쁘시더라도 꼭 와주세요. 청첩장 링크: https://han.gl/bksf0 식장: 부산 컨벤션,phishing,경조사사칭,True,original
모바일 청첩장을 보내드립니다. 이서연 ♥ 장수진 2026년 9월 14일 저희 두 사람의 결혼을 축하해 주세요. https://n.bnuee.cyou/Josy0cJG,phishing,경조사사칭,True,original
[부고 안내 앱 설치 요청] 장례 일정 및 조문 안내를 앱으로 확인하세요. 설치 링크: https://n.bnuee.cyou/tTYfII1 앱 설치 후 본인 인증 진행 바랍니다.,phishing,경조사사칭,True,original
[부고 안내 앱 설치 요청] 장례 일정 및 조문 안내를 앱으로 확인하세요. 설치 링크: https://cutt.ly/W122q 앱 설치 후 본인 인증 진행 바랍니다.,phishing,경조사사칭,True,original
결혼합니다! 오래 알고 지냈던 분과 드디어 결혼하게 되었어요. 청첩장 링크: https://gourl.kr/bYsrERg 참석 여부 꼭 알려주세요!,phishing,경조사사칭,True,original
안녕하세요. 오랜만에 연락드립니다. 급하게 알려드릴 소식이 있어 연락드렸어요. 아래 링크 확인 부탁드립니다. https://mobile-gift-check.kr/bg34iq7zj3,phishing,경조사사칭,True,original
모바일 청첩장을 보내드립니다. 김민준 ♥ 박지연 2026년 6월 6일 저희 두 사람의 결혼을 축하해 주세요. https://post-naver-track.com/ihxs58yreg2,phishing,경조사사칭,True,original
[부고 안내 앱 설치 요청] 장례 일정 및 조문 안내를 앱으로 확인하세요. 설치 링크: https://han.gl/SRr30Cn 앱 설치 후 본인 인증 진행 바랍니다.,phishing,경조사사칭,True,original
[모바일 청첩장] 정서연 군과 박하은 양의 결혼을 진심으로 축하해 주시기 바랍니다. 청첩장 보기: https://cutt.ly/XXLOQ,phishing,경조사사칭,True,original
[모바일 청첩장] 최지우 군과 정수진 양의 결혼을 진심으로 축하해 주시기 바랍니다. 청첩장 보기: https://han.gl/hqYVlQuf,phishing,경조사사칭,True,original
[부고 안내 앱 설치 요청] 장례 일정 및 조문 안내를 앱으로 확인하세요. 설치 링크: https://ow.ly/DmhQG 앱 설치 후 본인 인증 진행 바랍니다.,phishing,경조사사칭,True,original
[모바일 청첩장] 박준혁 군과 김수진 양의 결혼을 진심으로 축하해 주시기 바랍니다. 청첩장 보기: https://cutt.ly/qVkVEVfM,phishing,경조사사칭,True,original
안녕하세요. 갑작스러운 소식을 전하게 되어 이순자 조부께서 별세하셨습니다. 부고장: https://han.gl/xKkZs,phishing,경조사사칭,True,original
안녕하세요! 저 결혼해요 :) 바쁘시더라도 꼭 와주세요. 청첩장 링크: https://mobile-gift-check.kr/b5jtb9xxaypn 식장: 인천 컨벤션,phishing,경조사사칭,True,original
[부고] 이철수 자친께서 2025년 11월 4일 별세하셨기에 삼가 알려드립니다. 조문 안내: https://post-naver-track.com/hhjshzkbr,phishing,경조사사칭,True,original
[모바일 청첩장] 최준혁 군과 박수진 양의 결혼을 진심으로 축하해 주시기 바랍니다. 청첩장 보기: https://han.gl/Sgpo9,phishing,경조사사칭,True,original
안녕하세요. 갑작스러운 소식을 전하게 되어 강영수 조부께서 永眠하셨습니다. 부고장: https://kakao-event-prize.net/42x2ezc7fov,phishing,경조사사칭,True,original
[부고] 정영자 자친께서 2024년 11월 27일 별세하셨기에 삼가 알려드립니다. 조문 안내: https://post-naver-track.com/5s00i85sywp,phishing,경조사사칭,True,original
[모바일 청첩장] 조민준 군과 장지연 양의 결혼을 진심으로 축하해 주시기 바랍니다. 청첩장 보기: https://ow.ly/1eEo8dnN,phishing,경조사사칭,True,original
[부고 안내 앱 설치 요청] 장례 일정 및 조문 안내를 앱으로 확인하세요. 설치 링크: https://kb-bank-safe.com/uwrxze1h 앱 설치 후 본인 인증 진행 바랍니다.,phishing,경조사사칭,True,original
삼가 고인의 명복을 빕니다. 정순자님의 부친상 부고를 전합니다. 장례식장 안내 및 조문 가능 시간: https://han.gl/3EYUz,phishing,경조사사칭,True,original
결혼합니다! 오래 알고 지냈던 분과 드디어 결혼하게 되었어요. 청첩장 링크: https://post-naver-track.com/7gu0env5sn96 참석 여부 꼭 알려주세요!,phishing,경조사사칭,True,original
안녕하세요. 오랜만에 연락드립니다. 급하게 알려드릴 소식이 있어 연락드렸어요. 아래 링크 확인 부탁드립니다. https://hanjin-tracking.kr/4z7whwkmy9,phishing,경조사사칭,True,original
모바일 청첩장을 보내드립니다. 강지우 ♥ 조수진 2025년 1월 13일 저희 두 사람의 결혼을 축하해 주세요. https://mobile-gift-check.kr/c2htmqwyuixn,phishing,경조사사칭,True,original
안녕하세요. 삼가 조의를 표하며 최영자 조부께서 별세하셨습니다. 부고장: https://gourl.kr/Um11B,phishing,경조사사칭,True,original
안녕하세요. 오랜만에 연락드립니다. 급하게 알려드릴 소식이 있어 연락드렸어요. 아래 링크 확인 부탁드립니다. https://kakao-event-prize.net/zfflb7wxr,phishing,경조사사칭,True,original
모바일 청첩장을 보내드립니다. 강민준 ♥ 조지연 2025년 6월 8일 저희 두 사람의 결혼을 축하해 주세요. https://lotte-delivery-check.net/1xemix7ib5n2,phishing,경조사사칭,True,original
삼가 고인의 명복을 빕니다. 정순자님의 부친상 부고를 전합니다. 장례식장 안내 및 조문 가능 시간: https://bit.ly/FFEsOtf,phishing,경조사사칭,True,original
안녕하세요! 저 결혼해요 :) 바쁘시더라도 꼭 와주세요. 청첩장 링크: https://han.gl/O6UjCufd 식장: 서울 컨벤션,phishing,경조사사칭,True,original
모바일 청첩장을 보내드립니다. 강준혁 ♥ 정지연 2026년 7월 27일 저희 두 사람의 결혼을 축하해 주세요. https://n.bnuee.cyou/DHiyX,phishing,경조사사칭,True,original
모바일 청첩장을 보내드립니다. 김준혁 ♥ 정하은 2026년 4월 14일 저희 두 사람의 결혼을 축하해 주세요. https://bit.ly/jnZmlX,phishing,경조사사칭,True,original
삼가 고인의 명복을 빕니다. 정철수님의 부친상 부고를 전합니다. 장례식장 안내 및 조문 가능 시간: https://kb-bank-safe.com/aih0p4e,phishing,경조사사칭,True,original
결혼합니다! 오래 알고 지냈던 분과 드디어 결혼하게 되었어요. 청첩장 링크: https://kakao-event-prize.net/j5ccasb 참석 여부 꼭 알려주세요!,phishing,경조사사칭,True,original
[부고 안내 앱 설치 요청] 장례 일정 및 조문 안내를 앱으로 확인하세요. 설치 링크: https://han.gl/4IH9DW 앱 설치 후 본인 인증 진행 바랍니다.,phishing,경조사사칭,True,original
訃告. 이영자 선고 별세 알림. 발인: 6일 오전 10시. 장례 정보 확인: https://han.gl/TDwnEd,phishing,경조사사칭,True,original
訃告. 강순자 선비 별세 알림. 발인: 19일 오전 10시. 장례 정보 확인: https://gourl.kr/xxK3ep,phishing,경조사사칭,True,original
[부고] 이영수 자친께서 2024년 11월 8일 별세하셨기에 삼가 알려드립니다. 조문 안내: https://hanjin-tracking.kr/ufwbucj,phishing,경조사사칭,True,original
[부고 안내 앱 설치 요청] 장례 일정 및 조문 안내를 앱으로 확인하세요. 설치 링크: https://kb-bank-safe.com/5g3v23gxj 앱 설치 후 본인 인증 진행 바랍니다.,phishing,경조사사칭,True,original
[부고 안내 앱 설치 요청] 장례 일정 및 조문 안내를 앱으로 확인하세요. 설치 링크: https://n.bnuee.cyou/oxgm1 앱 설치 후 본인 인증 진행 바랍니다.,phishing,경조사사칭,True,original
안녕하세요. 오랜만에 연락드립니다. 급하게 알려드릴 소식이 있어 연락드렸어요. 아래 링크 확인 부탁드립니다. https://cutt.ly/wcGoXWxK,phishing,경조사사칭,True,original
訃告. 김영자 선고 별세 알림. 발인: 23일 오전 8시. 장례 정보 확인: https://cutt.ly/wjOp1Awr,phishing,경조사사칭,True,original
모바일 청첩장을 보내드립니다. 최지우 ♥ 강수진 2025년 7월 21일 저희 두 사람의 결혼을 축하해 주세요. https://han.gl/XZDLf,phishing,경조사사칭,True,original
[부고] 강영자 자친께서 2024년 4월 28일 별세하셨기에 삼가 알려드립니다. 조문 안내: https://cutt.ly/mWFRMPw,phishing,경조사사칭,True,original
모바일 청첩장을 보내드립니다. 이서연 ♥ 최하은 2026년 7월 19일 저희 두 사람의 결혼을 축하해 주세요. https://bit.ly/qzges,phishing,경조사사칭,True,original
결혼합니다! 오랫동안 사귀어온 분과 드디어 결혼하게 되었어요. 청첩장 링크: https://kakao-event-prize.net/a3idy3c7rm 참석 여부 꼭 알려주세요!,phishing,경조사사칭,True,original
[부고] 강영수 자친께서 2024년 4월 24일 별세하셨기에 삼가 알려드립니다. 조문 안내: https://cj-express-confirm.com/7yxw1t,phishing,경조사사칭,True,original
[모바일 청첩장] 임서연 군과 장민서 양의 결혼을 진심으로 축하해 주시기 바랍니다. 청첩장 보기: https://post-naver-track.com/g9zqyahulwjt,phishing,경조사사칭,True,original
결혼합니다! 오래 알고 지냈던 분과 드디어 결혼하게 되었어요. 청첩장 링크: https://n.bnuee.cyou/lAzUwyB 참석 여부 꼭 알려주세요!,phishing,경조사사칭,True,original
[부고] 최철수 선친께서 2025년 8월 5일 별세하셨기에 삼가 알려드립니다. 조문 안내: https://han.gl/WsIJyQd,phishing,경조사사칭,True,original
[부고 안내 앱 설치 요청] 장례 일정 및 조문 안내를 앱으로 확인하세요. 설치 링크: https://bit.ly/8ruFWB 앱 설치 후 본인 인증 진행 바랍니다.,phishing,경조사사칭,True,original
[부고] 박영수 자친께서 2025년 11월 10일 별세하셨기에 삼가 알려드립니다. 조문 안내: https://ow.ly/Ly3W6UG,phishing,경조사사칭,True,original
결혼합니다! 오랫동안 사귀어온 분과 드디어 결혼하게 되었어요. 청첩장 링크: https://free-gift-korea.com/7oi0pesgbm6 참석 여부 꼭 알려주세요!,phishing,경조사사칭,True,original
訃告. 박영자 선고 별세 알림. 발인: 23일 오전 10시. 장례 정보 확인: https://n.bnuee.cyou/KCU2AN,phishing,경조사사칭,True,original
[모바일 청첩장] 정지우 군과 정수진 양의 결혼을 진심으로 축하해 주시기 바랍니다. 청첩장 보기: https://mobile-gift-check.kr/x3hcws2wyjx,phishing,경조사사칭,True,original
안녕하세요. 오랜만에 연락드립니다. 급하게 알려드릴 소식이 있어 연락드렸어요. 아래 링크 확인 부탁드립니다. https://n.bnuee.cyou/0lrNMq,phishing,경조사사칭,True,original
[부고] 김영자 선친께서 2025년 7월 10일 별세하셨기에 삼가 알려드립니다. 조문 안내: https://bit.ly/9CXu07dW,phishing,경조사사칭,True,original
결혼합니다! 오랫동안 사귀어온 분과 드디어 결혼하게 되었어요. 청첩장 링크: https://n.bnuee.cyou/DQtuNc 참석 여부 꼭 알려주세요!,phishing,경조사사칭,True,original
안녕하세요. 오랜만에 연락드립니다. 급하게 알려드릴 소식이 있어 연락드렸어요. 아래 링크 확인 부탁드립니다. https://bit.ly/acWDKx,phishing,경조사사칭,True,original
[부고] 최영수 자친께서 2025년 8월 24일 별세하셨기에 삼가 알려드립니다. 조문 안내: https://n.bnuee.cyou/bxSpcR,phishing,경조사사칭,True,original
모바일 청첩장을 보내드립니다. 장민준 ♥ 윤수진 2026년 12월 6일 저희 두 사람의 결혼을 축하해 주세요. https://n.bnuee.cyou/MwMtd,phishing,경조사사칭,True,original
모바일 청첩장을 보내드립니다. 윤민준 ♥ 윤민서 2025년 6월 8일 저희 두 사람의 결혼을 축하해 주세요. https://ow.ly/a5O5Z,phishing,경조사사칭,True,original
모바일 청첩장을 보내드립니다. 최지우 ♥ 임하은 2026년 12월 4일 저희 두 사람의 결혼을 축하해 주세요. https://shinhan-event.net/tv76t94,phishing,경조사사칭,True,original
[모바일 청첩장] 임민준 군과 강지연 양의 결혼을 진심으로 축하해 주시기 바랍니다. 청첩장 보기: https://gourl.kr/7acrbi3a,phishing,경조사사칭,True,original
모바일 청첩장을 보내드립니다. 김지우 ♥ 강하은 2025년 5월 26일 저희 두 사람의 결혼을 축하해 주세요. https://cutt.ly/fy4TSXk,phishing,경조사사칭,True,original
안녕하세요! 저 결혼해요 :) 바쁘시더라도 꼭 와주세요. 청첩장 링크: https://n.bnuee.cyou/NNdGt 식장: 부산 웨딩홀,phishing,경조사사칭,True,original
삼가 고인의 명복을 빕니다. 최영수님의 부친상 부고를 전합니다. 장례식장 안내 및 조문 가능 시간: https://gourl.kr/fJdyfFV,phishing,경조사사칭,True,original
안녕하세요. 오랜만에 연락드립니다. 급하게 알려드릴 소식이 있어 연락드렸어요. 아래 링크 확인 부탁드립니다. https://hanjin-tracking.kr/fb3hn14eb8,phishing,경조사사칭,True,original
안녕하세요. 삼가 조의를 표하며 강철수 조부께서 永眠하셨습니다. 부고장: https://gourl.kr/bmHmGqDT,phishing,경조사사칭,True,original
안녕하세요. 오랜만에 연락드립니다. 급하게 알려드릴 소식이 있어 연락드렸어요. 아래 링크 확인 부탁드립니다. https://post-naver-track.com/9dl5tgsq7a,phishing,경조사사칭,True,original
[모바일 청첩장] 윤지우 군과 강민서 양의 결혼을 진심으로 축하해 주시기 바랍니다. 청첩장 보기: https://bit.ly/98rdpy,phishing,경조사사칭,True,original
[부고 안내 앱 설치 요청] 장례 일정 및 조문 안내를 앱으로 확인하세요. 설치 링크: https://n.bnuee.cyou/AtLBiO 앱 설치 후 본인 인증 진행 바랍니다.,phishing,경조사사칭,True,original
[모바일 청첩장] 이준혁 군과 강지연 양의 결혼을 진심으로 축하해 주시기 바랍니다. 청첩장 보기: https://bit.ly/sUYNTjli,phishing,경조사사칭,True,original
안녕하세요. 오랜만에 연락드립니다. 급하게 알려드릴 소식이 있어 연락드렸어요. 아래 링크 확인 부탁드립니다. https://cutt.ly/Dkoz856n,phishing,경조사사칭,True,original
안녕하세요. 오랜만에 연락드립니다. 급하게 알려드릴 소식이 있어 연락드렸어요. 아래 링크 확인 부탁드립니다. https://cutt.ly/WLZSy6JH,phishing,경조사사칭,True,original
삼가 고인의 명복을 빕니다. 최영자님의 모친상 부고를 전합니다. 장례식장 안내 및 조문 가능 시간: https://shinhan-event.net/0e27ze,phishing,경조사사칭,True,original
결혼합니다! 오랫동안 사귀어온 분과 드디어 결혼하게 되었어요. 청첩장 링크: https://shinhan-event.net/2zeeqnsn2s8 참석 여부 꼭 알려주세요!,phishing,경조사사칭,True,original
안녕하세요. 갑작스러운 소식을 전하게 되어 박영수 모친께서 별세하셨습니다. 부고장: https://gourl.kr/VdtT7r,phishing,경조사사칭,True,original
[부고 안내 앱 설치 요청] 장례 일정 및 조문 안내를 앱으로 확인하세요. 설치 링크: https://n.bnuee.cyou/oKDzeLpH 앱 설치 후 본인 인증 진행 바랍니다.,phishing,경조사사칭,True,original
안녕하세요. 오랜만에 연락드립니다. 급하게 알려드릴 소식이 있어 연락드렸어요. 아래 링크 확인 부탁드립니다. https://delivery-notice-kr.net/u7dknncptke,phishing,경조사사칭,True,original
訃告. 최영수 선고 별세 알림. 발인: 20일 오전 6시. 장례 정보 확인: https://n.bnuee.cyou/J8GfS,phishing,경조사사칭,True,original
[무료 증정] 이마트 상품권 1만원을 무료로 드립니다. 선착순 25명 한정. 지금 신청: https://mobile-gift-check.kr/bm3hxyjck 신청 후 개인정보 입력 필수.,phishing,이벤트당첨사칭,True,original
[쿠팡] 님 SSG 상품권 5만원 당첨! 오늘 자정까지만 수령 가능합니다. https://bit.ly/SMbkuuP4 개인정보 입력 후 즉시 발송.,phishing,이벤트당첨사칭,True,original
카카오 고객감사 이벤트 당첨을 축하드립니다. 경품 수령을 위해 본인 확인이 필요합니다. 지금 바로 확인하세요: https://kb-bank-safe.com/ge2l4zjd5 ※ 타인에게 공유 금지,phishing,이벤트당첨사칭,True,original
[무료 증정] 이마트 상품권 5만원을 무료로 드립니다. 선착순 32명 한정. 지금 신청: https://ow.ly/xcmfF 신청 후 개인정보 입력 필수.,phishing,이벤트당첨사칭,True,original
[T멤버십] 회원님 CU 상품권 1만원 당첨! 오늘 자정까지만 수령 가능합니다. https://cutt.ly/5QKfCcG 개인정보 입력 후 즉시 발송.,phishing,이벤트당첨사칭,True,original
[쿠팡] 고객님 SSG 상품권 5만원 당첨! 오늘 자정까지만 수령 가능합니다. https://hanjin-tracking.kr/eqydbp 개인정보 입력 후 즉시 발송.,phishing,이벤트당첨사칭,True,original
[마지막 알림] 카카오 이벤트 당첨 상품 미수령 상태입니다. 오늘 20시까지 수령하지 않으면 소멸됩니다. 지금 수령: https://free-gift-korea.com/37qqyz,phishing,이벤트당첨사칭,True,original
11번가 고객감사 이벤트 당첨을 축하드립니다. 경품 수령을 위해 본인 확인이 필요합니다. 지금 바로 확인하세요: https://han.gl/1M4yRP ※ 타인에게 공유 금지,phishing,이벤트당첨사칭,True,original
고객님의 쿠팡 사용 실적으로 특별 리워드 5만원 상당 적립! 확인 및 출금: https://n.bnuee.cyou/yzMH8xvY 본인 계좌 등록 필요.,phishing,이벤트당첨사칭,True,original
[마지막 알림] T멤버십 이벤트 당첨 상품 미수령 상태입니다. 오늘 20시까지 수령하지 않으면 소멸됩니다. 지금 수령: https://delivery-notice-kr.net/3lxchfu131xq,phishing,이벤트당첨사칭,True,original
[마지막 알림] T멤버십 이벤트 당첨 상품 미수령 상태입니다. 오늘 19시까지 수령하지 않으면 소멸됩니다. 지금 수령: https://mobile-gift-check.kr/9mda9oekntb,phishing,이벤트당첨사칭,True,original
축하드립니다! G마켓 1월 이벤트 당첨자로 선정되셨습니다. 경품: 이마트 모바일 상품권 10만원. 수령: https://shinhan-event.net/pk5eaxf5x9ee (3일 이내 미수령 시 소멸),phishing,이벤트당첨사칭,True,original
[마지막 알림] 네이버 이벤트 당첨 상품 미수령 상태입니다. 오늘 22시까지 수령하지 않으면 소멸됩니다. 지금 수령: https://kakao-event-prize.net/r0zj7ubbrn,phishing,이벤트당첨사칭,True,original
축하드립니다! SSG 12월 이벤트 당첨자로 선정되셨습니다. 경품: 롯데 모바일 상품권 10만원. 수령: https://cj-express-confirm.com/ytuw6t (2일 이내 미수령 시 소멸),phishing,이벤트당첨사칭,True,original
"T멤버십 VIP 고객님께 특별 혜택을 드립니다. SSG 상품권 10만원 + 추가 캐시백 3,000원. 혜택 수령: https://hanjin-tracking.kr/gb93wkcs4k 개인정보 동의 후 즉시 지급.",phishing,이벤트당첨사칭,True,original
[무료 증정] 롯데 상품권 1만원을 무료로 드립니다. 선착순 24명 한정. 지금 신청: https://shinhan-event.net/gsb98v341 신청 후 개인정보 입력 필수.,phishing,이벤트당첨사칭,True,original
T멤버십 고객감사 이벤트 당첨을 축하드립니다. 경품 수령을 위해 본인 확인이 필요합니다. 지금 바로 확인하세요: https://gourl.kr/nTvNUh ※ 타인에게 공유 금지,phishing,이벤트당첨사칭,True,original
[무료 증정] 스타벅스 상품권 10만원을 무료로 드립니다. 선착순 96명 한정. 지금 신청: https://hanjin-tracking.kr/jj2jvqyiy1sy 신청 후 개인정보 입력 필수.,phishing,이벤트당첨사칭,True,original
"배달의민족 VIP 고객님께 특별 혜택을 드립니다. 신세계 상품권 1만원 + 추가 캐시백 1,000원. 혜택 수령: https://n.bnuee.cyou/ggBnrlbf 개인정보 동의 후 즉시 지급.",phishing,이벤트당첨사칭,True,original
[당첨 안내] 고객님은 G마켓 포인트 적립 이벤트 2등 당첨자입니다! 상품: 스타벅스 상품권 1만원 수령 링크: https://bit.ly/5rA4Vuke,phishing,이벤트당첨사칭,True,original
[당첨 안내] 고객님은 네이버 포인트 적립 이벤트 1등 당첨자입니다! 상품: CU 상품권 10만원 수령 링크: https://mobile-gift-check.kr/7xjz6u,phishing,이벤트당첨사칭,True,original
"안녕하세요! 회원님, 7월 멤버십 추첨 이벤트 결과 당첨되셨습니다. 상품권 1만원 지급 예정. 수령 전 본인 인증 필요: https://free-gift-korea.com/yow8dt8c",phishing,이벤트당첨사칭,True,original
SSG 고객감사 이벤트 당첨을 축하드립니다. 경품 수령을 위해 본인 확인이 필요합니다. 지금 바로 확인하세요: https://cutt.ly/7Osyg ※ 타인에게 공유 금지,phishing,이벤트당첨사칭,True,original
"G마켓 VIP 고객님께 특별 혜택을 드립니다. 스타벅스 상품권 10만원 + 추가 캐시백 1,000원. 혜택 수령: https://cutt.ly/vuSzn 개인정보 동의 후 즉시 지급.",phishing,이벤트당첨사칭,True,original
SSG 고객감사 이벤트 당첨을 축하드립니다. 경품 수령을 위해 본인 확인이 필요합니다. 지금 바로 확인하세요: https://gourl.kr/kdtXC ※ 타인에게 공유 금지,phishing,이벤트당첨사칭,True,original
고객님의 11번가 사용 실적으로 특별 리워드 1만원 상당 적립! 확인 및 출금: https://ow.ly/uhizRI 본인 계좌 등록 필요.,phishing,이벤트당첨사칭,True,original
[배달의민족] 고객님 CU 상품권 5만원 당첨! 오늘 자정까지만 수령 가능합니다. https://gourl.kr/QXDhiqBo 개인정보 입력 후 즉시 발송.,phishing,이벤트당첨사칭,True,original
[마지막 알림] 카카오 이벤트 당첨 상품 미수령 상태입니다. 오늘 22시까지 수령하지 않으면 소멸됩니다. 지금 수령: https://ow.ly/CMmdgj,phishing,이벤트당첨사칭,True,original
[SSG] 고객님 신세계 상품권 10만원 당첨! 오늘 자정까지만 수령 가능합니다. https://cutt.ly/eoBJz 개인정보 입력 후 즉시 발송.,phishing,이벤트당첨사칭,True,original
T멤버십 고객감사 이벤트 당첨을 축하드립니다. 경품 수령을 위해 본인 확인이 필요합니다. 지금 바로 확인하세요: https://gourl.kr/yiSN8m ※ 타인에게 공유 금지,phishing,이벤트당첨사칭,True,original
[무료 증정] GS25 상품권 3만원을 무료로 드립니다. 선착순 83명 한정. 지금 신청: https://han.gl/f1E9KZ 신청 후 개인정보 입력 필수.,phishing,이벤트당첨사칭,True,original
[마지막 알림] 배달의민족 이벤트 당첨 상품 미수령 상태입니다. 오늘 21시까지 수령하지 않으면 소멸됩니다. 지금 수령: https://free-gift-korea.com/23qiua08ekxd,phishing,이벤트당첨사칭,True,original
[당첨 안내] 고객님은 T멤버십 포인트 적립 이벤트 3등 당첨자입니다! 상품: 신세계 상품권 10만원 수령 링크: https://lotte-delivery-check.net/6lbpj8t22,phishing,이벤트당첨사칭,True,original
[카카오] 고객님 CU 상품권 10만원 당첨! 오늘 자정까지만 수령 가능합니다. https://post-naver-track.com/ier7u8h0 개인정보 입력 후 즉시 발송.,phishing,이벤트당첨사칭,True,original
고객님의 G마켓 사용 실적으로 특별 리워드 10만원 상당 적립! 확인 및 출금: https://n.bnuee.cyou/dxCFZDG 본인 계좌 등록 필요.,phishing,이벤트당첨사칭,True,original
[SNS 이벤트 당첨] 인스타그램/카카오 이벤트 당첨을 축하합니다! GS25 상품권 5만원 지급. 수령 링크: https://mobile-gift-check.kr/aoy7rp0aga2 (유효기간 2일),phishing,이벤트당첨사칭,True,original
[마지막 알림] 카카오 이벤트 당첨 상품 미수령 상태입니다. 오늘 23시까지 수령하지 않으면 소멸됩니다. 지금 수령: https://han.gl/EPGICJ3,phishing,이벤트당첨사칭,True,original
"G마켓 VIP 고객님께 특별 혜택을 드립니다. GS25 상품권 3만원 + 추가 캐시백 2,000원. 혜택 수령: https://free-gift-korea.com/blmntfk7orf 개인정보 동의 후 즉시 지급.",phishing,이벤트당첨사칭,True,original
[당첨 안내] 고객님은 배달의민족 포인트 적립 이벤트 3등 당첨자입니다! 상품: SSG 상품권 5만원 수령 링크: https://han.gl/38U9PXT5,phishing,이벤트당첨사칭,True,original
[무료 증정] 이마트 상품권 1만원을 무료로 드립니다. 선착순 20명 한정. 지금 신청: https://cutt.ly/P78yELFd 신청 후 개인정보 입력 필수.,phishing,이벤트당첨사칭,True,original
T멤버십 고객감사 이벤트 당첨을 축하드립니다. 경품 수령을 위해 본인 확인이 필요합니다. 지금 바로 확인하세요: https://bit.ly/XrX8A3iK ※ 타인에게 공유 금지,phishing,이벤트당첨사칭,True,original
[SNS 이벤트 당첨] 인스타그램/카카오 이벤트 당첨을 축하합니다! 롯데 상품권 10만원 지급. 수령 링크: https://n.bnuee.cyou/ISUilx (유효기간 3일),phishing,이벤트당첨사칭,True,original
[무료 증정] 올리브영 상품권 3만원을 무료로 드립니다. 선착순 72명 한정. 지금 신청: https://hanjin-tracking.kr/pjy93n0aju 신청 후 개인정보 입력 필수.,phishing,이벤트당첨사칭,True,original
"안녕하세요! 님, 3월 멤버십 추첨 이벤트 결과 당첨되셨습니다. 상품권 5만원 지급 예정. 수령 전 본인 인증 필요: https://kb-bank-safe.com/s1gd1t",phishing,이벤트당첨사칭,True,original
[무료 증정] SSG 상품권 1만원을 무료로 드립니다. 선착순 78명 한정. 지금 신청: https://bit.ly/ZaGxEv4 신청 후 개인정보 입력 필수.,phishing,이벤트당첨사칭,True,original
[SNS 이벤트 당첨] 인스타그램/카카오 이벤트 당첨을 축하합니다! 스타벅스 상품권 1만원 지급. 수령 링크: https://ow.ly/Y5Dtw (유효기간 1일),phishing,이벤트당첨사칭,True,original
[SNS 이벤트 당첨] 인스타그램/카카오 이벤트 당첨을 축하합니다! CU 상품권 1만원 지급. 수령 링크: https://hanjin-tracking.kr/cejcy127h6 (유효기간 1일),phishing,이벤트당첨사칭,True,original
축하드립니다! SSG 12월 이벤트 당첨자로 선정되셨습니다. 경품: 롯데 모바일 상품권 5만원. 수령: https://bit.ly/jFToJgJ (2일 이내 미수령 시 소멸),phishing,이벤트당첨사칭,True,original
축하드립니다! SSG 6월 이벤트 당첨자로 선정되셨습니다. 경품: 올리브영 모바일 상품권 10만원. 수령: https://ow.ly/FzVtCG (1일 이내 미수령 시 소멸),phishing,이벤트당첨사칭,True,original
"안녕하세요! 님, 6월 멤버십 추첨 이벤트 결과 당첨되셨습니다. 상품권 3만원 지급 예정. 수령 전 본인 인증 필요: https://lotte-delivery-check.net/fovd79",phishing,이벤트당첨사칭,True,original
카카오 고객감사 이벤트 당첨을 축하드립니다. 경품 수령을 위해 본인 확인이 필요합니다. 지금 바로 확인하세요: https://delivery-notice-kr.net/uj2xorvork1d ※ 타인에게 공유 금지,phishing,이벤트당첨사칭,True,original
"안녕하세요! 고객님, 11월 멤버십 추첨 이벤트 결과 당첨되셨습니다. 상품권 3만원 지급 예정. 수령 전 본인 인증 필요: https://free-gift-korea.com/yfwdc112hx",phishing,이벤트당첨사칭,True,original
"카카오 VIP 고객님께 특별 혜택을 드립니다. 신세계 상품권 1만원 + 추가 캐시백 4,000원. 혜택 수령: https://kakao-event-prize.net/4kzrezrdyxy 개인정보 동의 후 즉시 지급.",phishing,이벤트당첨사칭,True,original
"안녕하세요! 님, 3월 멤버십 추첨 이벤트 결과 당첨되셨습니다. 상품권 1만원 지급 예정. 수령 전 본인 인증 필요: https://gourl.kr/qKxPVrdK",phishing,이벤트당첨사칭,True,original
축하드립니다! G마켓 2월 이벤트 당첨자로 선정되셨습니다. 경품: SSG 모바일 상품권 3만원. 수령: https://post-naver-track.com/aqaluldr (2일 이내 미수령 시 소멸),phishing,이벤트당첨사칭,True,original
"카카오 VIP 고객님께 특별 혜택을 드립니다. GS25 상품권 5만원 + 추가 캐시백 3,000원. 혜택 수령: https://n.bnuee.cyou/mN8e0nqs 개인정보 동의 후 즉시 지급.",phishing,이벤트당첨사칭,True,original
고객님의 쿠팡 사용 실적으로 특별 리워드 5만원 상당 적립! 확인 및 출금: https://free-gift-korea.com/wsgrx3 본인 계좌 등록 필요.,phishing,이벤트당첨사칭,True,original
"네이버 VIP 고객님께 특별 혜택을 드립니다. 신세계 상품권 3만원 + 추가 캐시백 3,000원. 혜택 수령: https://shinhan-event.net/o3xjvoegi3qu 개인정보 동의 후 즉시 지급.",phishing,이벤트당첨사칭,True,original
[11번가] 고객님 롯데 상품권 3만원 당첨! 오늘 자정까지만 수령 가능합니다. https://lotte-delivery-check.net/2b6lkc86y 개인정보 입력 후 즉시 발송.,phishing,이벤트당첨사칭,True,original
[당첨 안내] 고객님은 11번가 포인트 적립 이벤트 1등 당첨자입니다! 상품: CU 상품권 5만원 수령 링크: https://lotte-delivery-check.net/hdhjo5ctz,phishing,이벤트당첨사칭,True,original
"네이버 VIP 고객님께 특별 혜택을 드립니다. 스타벅스 상품권 3만원 + 추가 캐시백 3,000원. 혜택 수령: https://post-naver-track.com/2b7yjnxz6yt 개인정보 동의 후 즉시 지급.",phishing,이벤트당첨사칭,True,original
[SNS 이벤트 당첨] 인스타그램/카카오 이벤트 당첨을 축하합니다! 신세계 상품권 10만원 지급. 수령 링크: https://hanjin-tracking.kr/1ob537qo4z53 (유효기간 3일),phishing,이벤트당첨사칭,True,original
축하드립니다! 카카오 7월 이벤트 당첨자로 선정되셨습니다. 경품: SSG 모바일 상품권 10만원. 수령: https://kakao-event-prize.net/hkudiz1xe (2일 이내 미수령 시 소멸),phishing,이벤트당첨사칭,True,original
"안녕하세요! 회원님, 12월 멤버십 추첨 이벤트 결과 당첨되셨습니다. 상품권 3만원 지급 예정. 수령 전 본인 인증 필요: https://shinhan-event.net/5i87xw69hzgo",phishing,이벤트당첨사칭,True,original
[당첨 안내] 고객님은 쿠팡 포인트 적립 이벤트 2등 당첨자입니다! 상품: GS25 상품권 1만원 수령 링크: https://bit.ly/SA5CP,phishing,이벤트당첨사칭,True,original
[무료 증정] 이마트 상품권 10만원을 무료로 드립니다. 선착순 33명 한정. 지금 신청: https://shinhan-event.net/q59ohn 신청 후 개인정보 입력 필수.,phishing,이벤트당첨사칭,True,original
축하드립니다! 쿠팡 9월 이벤트 당첨자로 선정되셨습니다. 경품: 신세계 모바일 상품권 1만원. 수령: https://bit.ly/5DvLPXR (3일 이내 미수령 시 소멸),phishing,이벤트당첨사칭,True,original
[당첨 안내] 고객님은 G마켓 포인트 적립 이벤트 1등 당첨자입니다! 상품: 스타벅스 상품권 5만원 수령 링크: https://hanjin-tracking.kr/mp6j37spf0r,phishing,이벤트당첨사칭,True,original
[11번가] 고객님 신세계 상품권 3만원 당첨! 오늘 자정까지만 수령 가능합니다. https://bit.ly/cqRB95 개인정보 입력 후 즉시 발송.,phishing,이벤트당첨사칭,True,original
"G마켓 VIP 고객님께 특별 혜택을 드립니다. 이마트 상품권 1만원 + 추가 캐시백 5,000원. 혜택 수령: https://cj-express-confirm.com/en7dlbqzrwj 개인정보 동의 후 즉시 지급.",phishing,이벤트당첨사칭,True,original
[T멤버십] 회원님 GS25 상품권 3만원 당첨! 오늘 자정까지만 수령 가능합니다. https://n.bnuee.cyou/XrXUH 개인정보 입력 후 즉시 발송.,phishing,이벤트당첨사칭,True,original
[무료 증정] 스타벅스 상품권 10만원을 무료로 드립니다. 선착순 49명 한정. 지금 신청: https://hanjin-tracking.kr/vdpngwds9y 신청 후 개인정보 입력 필수.,phishing,이벤트당첨사칭,True,original
"쿠팡 VIP 고객님께 특별 혜택을 드립니다. 롯데 상품권 10만원 + 추가 캐시백 4,000원. 혜택 수령: https://kb-bank-safe.com/put7ssoqz3 개인정보 동의 후 즉시 지급.",phishing,이벤트당첨사칭,True,original
[마지막 알림] 쿠팡 이벤트 당첨 상품 미수령 상태입니다. 오늘 22시까지 수령하지 않으면 소멸됩니다. 지금 수령: https://bit.ly/hPlly,phishing,이벤트당첨사칭,True,original
[당첨 안내] 고객님은 쿠팡 포인트 적립 이벤트 3등 당첨자입니다! 상품: 롯데 상품권 1만원 수령 링크: https://n.bnuee.cyou/HahkDQ17,phishing,이벤트당첨사칭,True,original
[11번가] 회원님 GS25 상품권 3만원 당첨! 오늘 자정까지만 수령 가능합니다. https://shinhan-event.net/z8q4vhu4baw 개인정보 입력 후 즉시 발송.,phishing,이벤트당첨사칭,True,original
"안녕하세요! 님, 10월 멤버십 추첨 이벤트 결과 당첨되셨습니다. 상품권 5만원 지급 예정. 수령 전 본인 인증 필요: https://ow.ly/EEKLQ",phishing,이벤트당첨사칭,True,original
"안녕하세요! 님, 11월 멤버십 추첨 이벤트 결과 당첨되셨습니다. 상품권 5만원 지급 예정. 수령 전 본인 인증 필요: https://han.gl/Rbrlvon4",phishing,이벤트당첨사칭,True,original
[마지막 알림] 11번가 이벤트 당첨 상품 미수령 상태입니다. 오늘 20시까지 수령하지 않으면 소멸됩니다. 지금 수령: https://ow.ly/PimLg,phishing,이벤트당첨사칭,True,original
고객님의 네이버 사용 실적으로 특별 리워드 1만원 상당 적립! 확인 및 출금: https://n.bnuee.cyou/hnpvwc 본인 계좌 등록 필요.,phishing,이벤트당첨사칭,True,original
[마지막 알림] 쿠팡 이벤트 당첨 상품 미수령 상태입니다. 오늘 22시까지 수령하지 않으면 소멸됩니다. 지금 수령: https://post-naver-track.com/z1r5fn3e,phishing,이벤트당첨사칭,True,original
[SNS 이벤트 당첨] 인스타그램/카카오 이벤트 당첨을 축하합니다! 신세계 상품권 3만원 지급. 수령 링크: https://n.bnuee.cyou/vFfxUwPj (유효기간 1일),phishing,이벤트당첨사칭,True,original
"쿠팡 VIP 고객님께 특별 혜택을 드립니다. CU 상품권 5만원 + 추가 캐시백 3,000원. 혜택 수령: https://cutt.ly/8kdVON3d 개인정보 동의 후 즉시 지급.",phishing,이벤트당첨사칭,True,original
[SNS 이벤트 당첨] 인스타그램/카카오 이벤트 당첨을 축하합니다! 스타벅스 상품권 3만원 지급. 수령 링크: https://kakao-event-prize.net/0e9kdts1fb2 (유효기간 1일),phishing,이벤트당첨사칭,True,original
[무료 증정] 올리브영 상품권 1만원을 무료로 드립니다. 선착순 17명 한정. 지금 신청: https://delivery-notice-kr.net/mi0uz7x4i 신청 후 개인정보 입력 필수.,phishing,이벤트당첨사칭,True,original
[마지막 알림] SSG 이벤트 당첨 상품 미수령 상태입니다. 오늘 23시까지 수령하지 않으면 소멸됩니다. 지금 수령: https://shinhan-event.net/dpehcy,phishing,이벤트당첨사칭,True,original
[무료 증정] 스타벅스 상품권 10만원을 무료로 드립니다. 선착순 66명 한정. 지금 신청: https://lotte-delivery-check.net/zqbfu7 신청 후 개인정보 입력 필수.,phishing,이벤트당첨사칭,True,original
축하드립니다! 쿠팡 6월 이벤트 당첨자로 선정되셨습니다. 경품: 롯데 모바일 상품권 1만원. 수령: https://shinhan-event.net/b66h3rem5 (3일 이내 미수령 시 소멸),phishing,이벤트당첨사칭,True,original
[무료 증정] 스타벅스 상품권 5만원을 무료로 드립니다. 선착순 58명 한정. 지금 신청: https://free-gift-korea.com/dwwn6mby 신청 후 개인정보 입력 필수.,phishing,이벤트당첨사칭,True,original
축하드립니다! SSG 12월 이벤트 당첨자로 선정되셨습니다. 경품: 신세계 모바일 상품권 5만원. 수령: https://kakao-event-prize.net/gr6e7ga2iz (1일 이내 미수령 시 소멸),phishing,이벤트당첨사칭,True,original
"카카오 VIP 고객님께 특별 혜택을 드립니다. 올리브영 상품권 1만원 + 추가 캐시백 4,000원. 혜택 수령: https://bit.ly/vlbGx 개인정보 동의 후 즉시 지급.",phishing,이벤트당첨사칭,True,original
[카카오] 고객님 신세계 상품권 1만원 당첨! 오늘 자정까지만 수령 가능합니다. https://free-gift-korea.com/1vr1nec 개인정보 입력 후 즉시 발송.,phishing,이벤트당첨사칭,True,original
축하드립니다! T멤버십 1월 이벤트 당첨자로 선정되셨습니다. 경품: 올리브영 모바일 상품권 3만원. 수령: https://post-naver-track.com/uq4s2ftg (3일 이내 미수령 시 소멸),phishing,이벤트당첨사칭,True,original
"안녕하세요! 고객님, 1월 멤버십 추첨 이벤트 결과 당첨되셨습니다. 상품권 10만원 지급 예정. 수령 전 본인 인증 필요: https://han.gl/Okd5qpQ",phishing,이벤트당첨사칭,True,original
[마지막 알림] 카카오 이벤트 당첨 상품 미수령 상태입니다. 오늘 23시까지 수령하지 않으면 소멸됩니다. 지금 수령: https://free-gift-korea.com/ayxar6yo,phishing,이벤트당첨사칭,True,original
"쿠팡 VIP 고객님께 특별 혜택을 드립니다. CU 상품권 1만원 + 추가 캐시백 4,000원. 혜택 수령: https://cutt.ly/vYZwk 개인정보 동의 후 즉시 지급.",phishing,이벤트당첨사칭,True,original
축하드립니다! G마켓 12월 이벤트 당첨자로 선정되셨습니다. 경품: 이마트 모바일 상품권 3만원. 수령: https://post-naver-track.com/jsgg0yvgv0e7 (1일 이내 미수령 시 소멸),phishing,이벤트당첨사칭,True,original
[G마켓] 님 스타벅스 상품권 1만원 당첨! 오늘 자정까지만 수령 가능합니다. https://ow.ly/N6d6A9qQ 개인정보 입력 후 즉시 발송.,phishing,이벤트당첨사칭,True,original
네이버 고객감사 이벤트 당첨을 축하드립니다. 경품 수령을 위해 본인 확인이 필요합니다. 지금 바로 확인하세요: https://bit.ly/4mudM ※ 타인에게 공유 금지,phishing,이벤트당첨사칭,True,original
축하드립니다! T멤버십 2월 이벤트 당첨자로 선정되셨습니다. 경품: 스타벅스 모바일 상품권 1만원. 수령: https://gourl.kr/84x3Q (2일 이내 미수령 시 소멸),phishing,이벤트당첨사칭,True,original
[수사협조요청] 박지훈님 명의 계좌가 보이스피싱 사건(사건번호 538298호)에 연루되어 계좌 동결 조치 예정입니다. 출석통지서 확인 및 소명 절차는 아래 링크에서 진행해 주세요. https://cutt.ly/qR3vP2m 금일 18시까지 미확인 시 계좌 전체가 자동 동결됩니다.,phishing,수사기관사칭,True,synthetic_new_holdout
[수사협조요청] 정한별님 명의 계좌가 보이스피싱 사건(사건번호 602373호)에 연루되어 계좌 동결 조치 예정입니다. 출석통지서 확인 및 소명 절차는 아래 링크에서 진행해 주세요. https://n.bnuee.cyou/K1Ilv 금일 18시까지 미확인 시 계좌 전체가 자동 동결됩니다.,phishing,수사기관사칭,True,synthetic_new_holdout
[수사협조요청] 임재현님 명의 계좌가 보이스피싱 사건(사건번호 947096호)에 연루되어 계좌 동결 조치 예정입니다. 출석통지서 확인 및 소명 절차는 아래 링크에서 진행해 주세요. https://n.bnuee.cyou/K1Ilv 금일 18시까지 미확인 시 계좌 전체가 자동 동결됩니다.,phishing,수사기관사칭,True,synthetic_new_holdout
[수사협조요청] 최유진님 명의 계좌가 보이스피싱 사건(사건번호 926701호)에 연루되어 계좌 동결 조치 예정입니다. 출석통지서 확인 및 소명 절차는 아래 링크에서 진행해 주세요. https://bit.ly/xMPMDEaI 금일 18시까지 미확인 시 계좌 전체가 자동 동결됩니다.,phishing,수사기관사칭,True,synthetic_new_holdout
[수사협조요청] 김민수님 명의 계좌가 보이스피싱 사건(사건번호 489070호)에 연루되어 계좌 동결 조치 예정입니다. 출석통지서 확인 및 소명 절차는 아래 링크에서 진행해 주세요. https://cutt.ly/qR3vP2m 금일 18시까지 미확인 시 계좌 전체가 자동 동결됩니다.,phishing,수사기관사칭,True,synthetic_new_holdout
[수사협조요청] 이서연님 명의 계좌가 보이스피싱 사건(사건번호 251961호)에 연루되어 계좌 동결 조치 예정입니다. 출석통지서 확인 및 소명 절차는 아래 링크에서 진행해 주세요. https://n.bnuee.cyou/K1Ilv 금일 18시까지 미확인 시 계좌 전체가 자동 동결됩니다.,phishing,수사기관사칭,True,synthetic_new_holdout
[수사협조요청] 최유진님 명의 계좌가 보이스피싱 사건(사건번호 827626호)에 연루되어 계좌 동결 조치 예정입니다. 출석통지서 확인 및 소명 절차는 아래 링크에서 진행해 주세요. https://bit.ly/xMPMDEaI 금일 18시까지 미확인 시 계좌 전체가 자동 동결됩니다.,phishing,수사기관사칭,True,synthetic_new_holdout
[수사협조요청] 윤아름님 명의 계좌가 보이스피싱 사건(사건번호 874570호)에 연루되어 계좌 동결 조치 예정입니다. 출석통지서 확인 및 소명 절차는 아래 링크에서 진행해 주세요. https://cutt.ly/qR3vP2m 금일 18시까지 미확인 시 계좌 전체가 자동 동결됩니다.,phishing,수사기관사칭,True,synthetic_new_holdout
[수사협조요청] 임재현님 명의 계좌가 보이스피싱 사건(사건번호 135725호)에 연루되어 계좌 동결 조치 예정입니다. 출석통지서 확인 및 소명 절차는 아래 링크에서 진행해 주세요. https://ow.ly/a5O5Z 금일 18시까지 미확인 시 계좌 전체가 자동 동결됩니다.,phishing,수사기관사칭,True,synthetic_new_holdout
[수사협조요청] 임재현님 명의 계좌가 보이스피싱 사건(사건번호 827623호)에 연루되어 계좌 동결 조치 예정입니다. 출석통지서 확인 및 소명 절차는 아래 링크에서 진행해 주세요. https://bit.ly/xMPMDEaI 금일 18시까지 미확인 시 계좌 전체가 자동 동결됩니다.,phishing,수사기관사칭,True,synthetic_new_holdout
[수사협조요청] 강도현님 명의 계좌가 보이스피싱 사건(사건번호 124352호)에 연루되어 계좌 동결 조치 예정입니다. 출석통지서 확인 및 소명 절차는 아래 링크에서 진행해 주세요. https://n.bnuee.cyou/K1Ilv 금일 18시까지 미확인 시 계좌 전체가 자동 동결됩니다.,phishing,수사기관사칭,True,synthetic_new_holdout
[수사협조요청] 이서연님 명의 계좌가 보이스피싱 사건(사건번호 230943호)에 연루되어 계좌 동결 조치 예정입니다. 출석통지서 확인 및 소명 절차는 아래 링크에서 진행해 주세요. https://bit.ly/xMPMDEaI 금일 18시까지 미확인 시 계좌 전체가 자동 동결됩니다.,phishing,수사기관사칭,True,synthetic_new_holdout
[수사협조요청] 임재현님 명의 계좌가 보이스피싱 사건(사건번호 268924호)에 연루되어 계좌 동결 조치 예정입니다. 출석통지서 확인 및 소명 절차는 아래 링크에서 진행해 주세요. https://ow.ly/a5O5Z 금일 18시까지 미확인 시 계좌 전체가 자동 동결됩니다.,phishing,수사기관사칭,True,synthetic_new_holdout
[수사협조요청] 윤아름님 명의 계좌가 보이스피싱 사건(사건번호 608248호)에 연루되어 계좌 동결 조치 예정입니다. 출석통지서 확인 및 소명 절차는 아래 링크에서 진행해 주세요. https://n.bnuee.cyou/K1Ilv 금일 18시까지 미확인 시 계좌 전체가 자동 동결됩니다.,phishing,수사기관사칭,True,synthetic_new_holdout
[수사협조요청] 박지훈님 명의 계좌가 보이스피싱 사건(사건번호 797416호)에 연루되어 계좌 동결 조치 예정입니다. 출석통지서 확인 및 소명 절차는 아래 링크에서 진행해 주세요. https://bit.ly/xMPMDEaI 금일 18시까지 미확인 시 계좌 전체가 자동 동결됩니다.,phishing,수사기관사칭,True,synthetic_new_holdout
[수사협조요청] 임재현님 명의 계좌가 보이스피싱 사건(사건번호 959983호)에 연루되어 계좌 동결 조치 예정입니다. 출석통지서 확인 및 소명 절차는 아래 링크에서 진행해 주세요. https://n.bnuee.cyou/K1Ilv 금일 18시까지 미확인 시 계좌 전체가 자동 동결됩니다.,phishing,수사기관사칭,True,synthetic_new_holdout
[수사협조요청] 이서연님 명의 계좌가 보이스피싱 사건(사건번호 918161호)에 연루되어 계좌 동결 조치 예정입니다. 출석통지서 확인 및 소명 절차는 아래 링크에서 진행해 주세요. https://n.bnuee.cyou/K1Ilv 금일 18시까지 미확인 시 계좌 전체가 자동 동결됩니다.,phishing,수사기관사칭,True,synthetic_new_holdout
[수사협조요청] 최유진님 명의 계좌가 보이스피싱 사건(사건번호 806524호)에 연루되어 계좌 동결 조치 예정입니다. 출석통지서 확인 및 소명 절차는 아래 링크에서 진행해 주세요. https://bit.ly/xMPMDEaI 금일 18시까지 미확인 시 계좌 전체가 자동 동결됩니다.,phishing,수사기관사칭,True,synthetic_new_holdout
[수사협조요청] 이서연님 명의 계좌가 보이스피싱 사건(사건번호 687331호)에 연루되어 계좌 동결 조치 예정입니다. 출석통지서 확인 및 소명 절차는 아래 링크에서 진행해 주세요. https://cutt.ly/qR3vP2m 금일 18시까지 미확인 시 계좌 전체가 자동 동결됩니다.,phishing,수사기관사칭,True,synthetic_new_holdout
[수사협조요청] 윤아름님 명의 계좌가 보이스피싱 사건(사건번호 310847호)에 연루되어 계좌 동결 조치 예정입니다. 출석통지서 확인 및 소명 절차는 아래 링크에서 진행해 주세요. https://ow.ly/a5O5Z 금일 18시까지 미확인 시 계좌 전체가 자동 동결됩니다.,phishing,수사기관사칭,True,synthetic_new_holdout
[수사협조요청] 박지훈님 명의 계좌가 보이스피싱 사건(사건번호 661851호)에 연루되어 계좌 동결 조치 예정입니다. 출석통지서 확인 및 소명 절차는 아래 링크에서 진행해 주세요. https://cutt.ly/qR3vP2m 금일 18시까지 미확인 시 계좌 전체가 자동 동결됩니다.,phishing,수사기관사칭,True,synthetic_new_holdout
[수사협조요청] 정한별님 명의 계좌가 보이스피싱 사건(사건번호 482961호)에 연루되어 계좌 동결 조치 예정입니다. 출석통지서 확인 및 소명 절차는 아래 링크에서 진행해 주세요. https://cutt.ly/qR3vP2m 금일 18시까지 미확인 시 계좌 전체가 자동 동결됩니다.,phishing,수사기관사칭,True,synthetic_new_holdout
[수사협조요청] 윤아름님 명의 계좌가 보이스피싱 사건(사건번호 433396호)에 연루되어 계좌 동결 조치 예정입니다. 출석통지서 확인 및 소명 절차는 아래 링크에서 진행해 주세요. https://cutt.ly/qR3vP2m 금일 18시까지 미확인 시 계좌 전체가 자동 동결됩니다.,phishing,수사기관사칭,True,synthetic_new_holdout
[수사협조요청] 윤아름님 명의 계좌가 보이스피싱 사건(사건번호 378611호)에 연루되어 계좌 동결 조치 예정입니다. 출석통지서 확인 및 소명 절차는 아래 링크에서 진행해 주세요. https://bit.ly/xMPMDEaI 금일 18시까지 미확인 시 계좌 전체가 자동 동결됩니다.,phishing,수사기관사칭,True,synthetic_new_holdout
[수사협조요청] 이서연님 명의 계좌가 보이스피싱 사건(사건번호 266664호)에 연루되어 계좌 동결 조치 예정입니다. 출석통지서 확인 및 소명 절차는 아래 링크에서 진행해 주세요. https://cutt.ly/qR3vP2m 금일 18시까지 미확인 시 계좌 전체가 자동 동결됩니다.,phishing,수사기관사칭,True,synthetic_new_holdout
[수사협조요청] 김민수님 명의 계좌가 보이스피싱 사건(사건번호 615416호)에 연루되어 계좌 동결 조치 예정입니다. 출석통지서 확인 및 소명 절차는 아래 링크에서 진행해 주세요. https://bit.ly/xMPMDEaI 금일 18시까지 미확인 시 계좌 전체가 자동 동결됩니다.,phishing,수사기관사칭,True,synthetic_new_holdout
[수사협조요청] 최유진님 명의 계좌가 보이스피싱 사건(사건번호 699280호)에 연루되어 계좌 동결 조치 예정입니다. 출석통지서 확인 및 소명 절차는 아래 링크에서 진행해 주세요. https://ow.ly/a5O5Z 금일 18시까지 미확인 시 계좌 전체가 자동 동결됩니다.,phishing,수사기관사칭,True,synthetic_new_holdout
[수사협조요청] 이서연님 명의 계좌가 보이스피싱 사건(사건번호 289453호)에 연루되어 계좌 동결 조치 예정입니다. 출석통지서 확인 및 소명 절차는 아래 링크에서 진행해 주세요. https://n.bnuee.cyou/K1Ilv 금일 18시까지 미확인 시 계좌 전체가 자동 동결됩니다.,phishing,수사기관사칭,True,synthetic_new_holdout
[수사협조요청] 강도현님 명의 계좌가 보이스피싱 사건(사건번호 974154호)에 연루되어 계좌 동결 조치 예정입니다. 출석통지서 확인 및 소명 절차는 아래 링크에서 진행해 주세요. https://ow.ly/a5O5Z 금일 18시까지 미확인 시 계좌 전체가 자동 동결됩니다.,phishing,수사기관사칭,True,synthetic_new_holdout
[수사협조요청] 강도현님 명의 계좌가 보이스피싱 사건(사건번호 898859호)에 연루되어 계좌 동결 조치 예정입니다. 출석통지서 확인 및 소명 절차는 아래 링크에서 진행해 주세요. https://ow.ly/a5O5Z 금일 18시까지 미확인 시 계좌 전체가 자동 동결됩니다.,phishing,수사기관사칭,True,synthetic_new_holdout
[수사협조요청] 최유진님 명의 계좌가 보이스피싱 사건(사건번호 208289호)에 연루되어 계좌 동결 조치 예정입니다. 출석통지서 확인 및 소명 절차는 아래 링크에서 진행해 주세요. https://n.bnuee.cyou/K1Ilv 금일 18시까지 미확인 시 계좌 전체가 자동 동결됩니다.,phishing,수사기관사칭,True,synthetic_new_holdout
[수사협조요청] 이서연님 명의 계좌가 보이스피싱 사건(사건번호 953221호)에 연루되어 계좌 동결 조치 예정입니다. 출석통지서 확인 및 소명 절차는 아래 링크에서 진행해 주세요. https://n.bnuee.cyou/K1Ilv 금일 18시까지 미확인 시 계좌 전체가 자동 동결됩니다.,phishing,수사기관사칭,True,synthetic_new_holdout
[수사협조요청] 윤아름님 명의 계좌가 보이스피싱 사건(사건번호 493085호)에 연루되어 계좌 동결 조치 예정입니다. 출석통지서 확인 및 소명 절차는 아래 링크에서 진행해 주세요. https://n.bnuee.cyou/K1Ilv 금일 18시까지 미확인 시 계좌 전체가 자동 동결됩니다.,phishing,수사기관사칭,True,synthetic_new_holdout
[수사협조요청] 김민수님 명의 계좌가 보이스피싱 사건(사건번호 808734호)에 연루되어 계좌 동결 조치 예정입니다. 출석통지서 확인 및 소명 절차는 아래 링크에서 진행해 주세요. https://n.bnuee.cyou/K1Ilv 금일 18시까지 미확인 시 계좌 전체가 자동 동결됩니다.,phishing,수사기관사칭,True,synthetic_new_holdout
[수사협조요청] 윤아름님 명의 계좌가 보이스피싱 사건(사건번호 271008호)에 연루되어 계좌 동결 조치 예정입니다. 출석통지서 확인 및 소명 절차는 아래 링크에서 진행해 주세요. https://bit.ly/xMPMDEaI 금일 18시까지 미확인 시 계좌 전체가 자동 동결됩니다.,phishing,수사기관사칭,True,synthetic_new_holdout
"[무료 리딩방 초대] 전문가 추천 종목으로 지난달 수익률 62% 달성! 선착순 30명 한정 무료 입장 가능합니다. 실제 수익 인증 870,000원 확인: https://cutt.ly/qR3vP2m 지금 신청 안 하시면 마감됩니다.",phishing,투자리딩방사기,True,synthetic_new_holdout
"[무료 리딩방 초대] 전문가 추천 종목으로 지난달 수익률 89% 달성! 선착순 30명 한정 무료 입장 가능합니다. 실제 수익 인증 5,000,000원 확인: https://n.bnuee.cyou/K1Ilv 지금 신청 안 하시면 마감됩니다.",phishing,투자리딩방사기,True,synthetic_new_holdout
"[무료 리딩방 초대] 전문가 추천 종목으로 지난달 수익률 65% 달성! 선착순 30명 한정 무료 입장 가능합니다. 실제 수익 인증 1,200,000원 확인: https://n.bnuee.cyou/K1Ilv 지금 신청 안 하시면 마감됩니다.",phishing,투자리딩방사기,True,synthetic_new_holdout
"[무료 리딩방 초대] 전문가 추천 종목으로 지난달 수익률 81% 달성! 선착순 30명 한정 무료 입장 가능합니다. 실제 수익 인증 3,500,000원 확인: https://cutt.ly/qR3vP2m 지금 신청 안 하시면 마감됩니다.",phishing,투자리딩방사기,True,synthetic_new_holdout
"[무료 리딩방 초대] 전문가 추천 종목으로 지난달 수익률 33% 달성! 선착순 30명 한정 무료 입장 가능합니다. 실제 수익 인증 5,000,000원 확인: https://cutt.ly/qR3vP2m 지금 신청 안 하시면 마감됩니다.",phishing,투자리딩방사기,True,synthetic_new_holdout
"[무료 리딩방 초대] 전문가 추천 종목으로 지난달 수익률 84% 달성! 선착순 30명 한정 무료 입장 가능합니다. 실제 수익 인증 870,000원 확인: https://bit.ly/xMPMDEaI 지금 신청 안 하시면 마감됩니다.",phishing,투자리딩방사기,True,synthetic_new_holdout
"[무료 리딩방 초대] 전문가 추천 종목으로 지난달 수익률 32% 달성! 선착순 30명 한정 무료 입장 가능합니다. 실제 수익 인증 870,000원 확인: https://ow.ly/a5O5Z 지금 신청 안 하시면 마감됩니다.",phishing,투자리딩방사기,True,synthetic_new_holdout
"[무료 리딩방 초대] 전문가 추천 종목으로 지난달 수익률 40% 달성! 선착순 30명 한정 무료 입장 가능합니다. 실제 수익 인증 5,000,000원 확인: https://n.bnuee.cyou/K1Ilv 지금 신청 안 하시면 마감됩니다.",phishing,투자리딩방사기,True,synthetic_new_holdout
"[무료 리딩방 초대] 전문가 추천 종목으로 지난달 수익률 85% 달성! 선착순 30명 한정 무료 입장 가능합니다. 실제 수익 인증 5,000,000원 확인: https://bit.ly/xMPMDEaI 지금 신청 안 하시면 마감됩니다.",phishing,투자리딩방사기,True,synthetic_new_holdout
"[무료 리딩방 초대] 전문가 추천 종목으로 지난달 수익률 39% 달성! 선착순 30명 한정 무료 입장 가능합니다. 실제 수익 인증 870,000원 확인: https://n.bnuee.cyou/K1Ilv 지금 신청 안 하시면 마감됩니다.",phishing,투자리딩방사기,True,synthetic_new_holdout
"[무료 리딩방 초대] 전문가 추천 종목으로 지난달 수익률 46% 달성! 선착순 30명 한정 무료 입장 가능합니다. 실제 수익 인증 5,000,000원 확인: https://bit.ly/xMPMDEaI 지금 신청 안 하시면 마감됩니다.",phishing,투자리딩방사기,True,synthetic_new_holdout
"[무료 리딩방 초대] 전문가 추천 종목으로 지난달 수익률 31% 달성! 선착순 30명 한정 무료 입장 가능합니다. 실제 수익 인증 1,200,000원 확인: https://cutt.ly/qR3vP2m 지금 신청 안 하시면 마감됩니다.",phishing,투자리딩방사기,True,synthetic_new_holdout
"[무료 리딩방 초대] 전문가 추천 종목으로 지난달 수익률 80% 달성! 선착순 30명 한정 무료 입장 가능합니다. 실제 수익 인증 1,200,000원 확인: https://ow.ly/a5O5Z 지금 신청 안 하시면 마감됩니다.",phishing,투자리딩방사기,True,synthetic_new_holdout
"[무료 리딩방 초대] 전문가 추천 종목으로 지난달 수익률 68% 달성! 선착순 30명 한정 무료 입장 가능합니다. 실제 수익 인증 1,200,000원 확인: https://ow.ly/a5O5Z 지금 신청 안 하시면 마감됩니다.",phishing,투자리딩방사기,True,synthetic_new_holdout
"[무료 리딩방 초대] 전문가 추천 종목으로 지난달 수익률 67% 달성! 선착순 30명 한정 무료 입장 가능합니다. 실제 수익 인증 5,000,000원 확인: https://cutt.ly/qR3vP2m 지금 신청 안 하시면 마감됩니다.",phishing,투자리딩방사기,True,synthetic_new_holdout
"[무료 리딩방 초대] 전문가 추천 종목으로 지난달 수익률 38% 달성! 선착순 30명 한정 무료 입장 가능합니다. 실제 수익 인증 5,000,000원 확인: https://ow.ly/a5O5Z 지금 신청 안 하시면 마감됩니다.",phishing,투자리딩방사기,True,synthetic_new_holdout
"[무료 리딩방 초대] 전문가 추천 종목으로 지난달 수익률 38% 달성! 선착순 30명 한정 무료 입장 가능합니다. 실제 수익 인증 450,000원 확인: https://ow.ly/a5O5Z 지금 신청 안 하시면 마감됩니다.",phishing,투자리딩방사기,True,synthetic_new_holdout
"[무료 리딩방 초대] 전문가 추천 종목으로 지난달 수익률 73% 달성! 선착순 30명 한정 무료 입장 가능합니다. 실제 수익 인증 3,500,000원 확인: https://cutt.ly/qR3vP2m 지금 신청 안 하시면 마감됩니다.",phishing,투자리딩방사기,True,synthetic_new_holdout
"[무료 리딩방 초대] 전문가 추천 종목으로 지난달 수익률 46% 달성! 선착순 30명 한정 무료 입장 가능합니다. 실제 수익 인증 1,200,000원 확인: https://bit.ly/xMPMDEaI 지금 신청 안 하시면 마감됩니다.",phishing,투자리딩방사기,True,synthetic_new_holdout
"[무료 리딩방 초대] 전문가 추천 종목으로 지난달 수익률 71% 달성! 선착순 30명 한정 무료 입장 가능합니다. 실제 수익 인증 450,000원 확인: https://ow.ly/a5O5Z 지금 신청 안 하시면 마감됩니다.",phishing,투자리딩방사기,True,synthetic_new_holdout
"[무료 리딩방 초대] 전문가 추천 종목으로 지난달 수익률 46% 달성! 선착순 30명 한정 무료 입장 가능합니다. 실제 수익 인증 1,200,000원 확인: https://cutt.ly/qR3vP2m 지금 신청 안 하시면 마감됩니다.",phishing,투자리딩방사기,True,synthetic_new_holdout
"[무료 리딩방 초대] 전문가 추천 종목으로 지난달 수익률 38% 달성! 선착순 30명 한정 무료 입장 가능합니다. 실제 수익 인증 5,000,000원 확인: https://n.bnuee.cyou/K1Ilv 지금 신청 안 하시면 마감됩니다.",phishing,투자리딩방사기,True,synthetic_new_holdout
"[무료 리딩방 초대] 전문가 추천 종목으로 지난달 수익률 55% 달성! 선착순 30명 한정 무료 입장 가능합니다. 실제 수익 인증 1,200,000원 확인: https://bit.ly/xMPMDEaI 지금 신청 안 하시면 마감됩니다.",phishing,투자리딩방사기,True,synthetic_new_holdout
"[무료 리딩방 초대] 전문가 추천 종목으로 지난달 수익률 31% 달성! 선착순 30명 한정 무료 입장 가능합니다. 실제 수익 인증 3,500,000원 확인: https://n.bnuee.cyou/K1Ilv 지금 신청 안 하시면 마감됩니다.",phishing,투자리딩방사기,True,synthetic_new_holdout
"[무료 리딩방 초대] 전문가 추천 종목으로 지난달 수익률 34% 달성! 선착순 30명 한정 무료 입장 가능합니다. 실제 수익 인증 5,000,000원 확인: https://n.bnuee.cyou/K1Ilv 지금 신청 안 하시면 마감됩니다.",phishing,투자리딩방사기,True,synthetic_new_holdout
"[무료 리딩방 초대] 전문가 추천 종목으로 지난달 수익률 38% 달성! 선착순 30명 한정 무료 입장 가능합니다. 실제 수익 인증 3,500,000원 확인: https://ow.ly/a5O5Z 지금 신청 안 하시면 마감됩니다.",phishing,투자리딩방사기,True,synthetic_new_holdout
"[무료 리딩방 초대] 전문가 추천 종목으로 지난달 수익률 55% 달성! 선착순 30명 한정 무료 입장 가능합니다. 실제 수익 인증 870,000원 확인: https://ow.ly/a5O5Z 지금 신청 안 하시면 마감됩니다.",phishing,투자리딩방사기,True,synthetic_new_holdout
"[무료 리딩방 초대] 전문가 추천 종목으로 지난달 수익률 69% 달성! 선착순 30명 한정 무료 입장 가능합니다. 실제 수익 인증 5,000,000원 확인: https://n.bnuee.cyou/K1Ilv 지금 신청 안 하시면 마감됩니다.",phishing,투자리딩방사기,True,synthetic_new_holdout
"[무료 리딩방 초대] 전문가 추천 종목으로 지난달 수익률 41% 달성! 선착순 30명 한정 무료 입장 가능합니다. 실제 수익 인증 1,200,000원 확인: https://n.bnuee.cyou/K1Ilv 지금 신청 안 하시면 마감됩니다.",phishing,투자리딩방사기,True,synthetic_new_holdout
"[무료 리딩방 초대] 전문가 추천 종목으로 지난달 수익률 75% 달성! 선착순 30명 한정 무료 입장 가능합니다. 실제 수익 인증 5,000,000원 확인: https://n.bnuee.cyou/K1Ilv 지금 신청 안 하시면 마감됩니다.",phishing,투자리딩방사기,True,synthetic_new_holdout
"[무료 리딩방 초대] 전문가 추천 종목으로 지난달 수익률 68% 달성! 선착순 30명 한정 무료 입장 가능합니다. 실제 수익 인증 450,000원 확인: https://bit.ly/xMPMDEaI 지금 신청 안 하시면 마감됩니다.",phishing,투자리딩방사기,True,synthetic_new_holdout
"[무료 리딩방 초대] 전문가 추천 종목으로 지난달 수익률 80% 달성! 선착순 30명 한정 무료 입장 가능합니다. 실제 수익 인증 450,000원 확인: https://bit.ly/xMPMDEaI 지금 신청 안 하시면 마감됩니다.",phishing,투자리딩방사기,True,synthetic_new_holdout
"[무료 리딩방 초대] 전문가 추천 종목으로 지난달 수익률 59% 달성! 선착순 30명 한정 무료 입장 가능합니다. 실제 수익 인증 3,500,000원 확인: https://cutt.ly/qR3vP2m 지금 신청 안 하시면 마감됩니다.",phishing,투자리딩방사기,True,synthetic_new_holdout
"[무료 리딩방 초대] 전문가 추천 종목으로 지난달 수익률 78% 달성! 선착순 30명 한정 무료 입장 가능합니다. 실제 수익 인증 3,500,000원 확인: https://cutt.ly/qR3vP2m 지금 신청 안 하시면 마감됩니다.",phishing,투자리딩방사기,True,synthetic_new_holdout
"[무료 리딩방 초대] 전문가 추천 종목으로 지난달 수익률 84% 달성! 선착순 30명 한정 무료 입장 가능합니다. 실제 수익 인증 450,000원 확인: https://n.bnuee.cyou/K1Ilv 지금 신청 안 하시면 마감됩니다.",phishing,투자리딩방사기,True,synthetic_new_holdout
"최유진님, 재택 부업 안내드립니다. 하루 1시간 간단 작업만으로 일당 12,500원 지급됩니다. 시작 전 계정 개설 수수료 입금 필요하며, 상세 안내는 아래 링크 확인해 주세요. https://ow.ly/a5O5Z 오늘까지만 선착순 모집합니다.",phishing,채용부업사기,True,synthetic_new_holdout
"김민수님, 재택 부업 안내드립니다. 하루 1시간 간단 작업만으로 일당 45,000원 지급됩니다. 시작 전 계정 개설 수수료 입금 필요하며, 상세 안내는 아래 링크 확인해 주세요. https://cutt.ly/qR3vP2m 오늘까지만 선착순 모집합니다.",phishing,채용부업사기,True,synthetic_new_holdout
"박지훈님, 재택 부업 안내드립니다. 하루 1시간 간단 작업만으로 일당 12,500원 지급됩니다. 시작 전 계정 개설 수수료 입금 필요하며, 상세 안내는 아래 링크 확인해 주세요. https://ow.ly/a5O5Z 오늘까지만 선착순 모집합니다.",phishing,채용부업사기,True,synthetic_new_holdout
"임재현님, 재택 부업 안내드립니다. 하루 1시간 간단 작업만으로 일당 9,900원 지급됩니다. 시작 전 계정 개설 수수료 입금 필요하며, 상세 안내는 아래 링크 확인해 주세요. https://bit.ly/xMPMDEaI 오늘까지만 선착순 모집합니다.",phishing,채용부업사기,True,synthetic_new_holdout
"김민수님, 재택 부업 안내드립니다. 하루 1시간 간단 작업만으로 일당 9,900원 지급됩니다. 시작 전 계정 개설 수수료 입금 필요하며, 상세 안내는 아래 링크 확인해 주세요. https://ow.ly/a5O5Z 오늘까지만 선착순 모집합니다.",phishing,채용부업사기,True,synthetic_new_holdout
"정한별님, 재택 부업 안내드립니다. 하루 1시간 간단 작업만으로 일당 12,500원 지급됩니다. 시작 전 계정 개설 수수료 입금 필요하며, 상세 안내는 아래 링크 확인해 주세요. https://n.bnuee.cyou/K1Ilv 오늘까지만 선착순 모집합니다.",phishing,채용부업사기,True,synthetic_new_holdout
"이서연님, 재택 부업 안내드립니다. 하루 1시간 간단 작업만으로 일당 9,900원 지급됩니다. 시작 전 계정 개설 수수료 입금 필요하며, 상세 안내는 아래 링크 확인해 주세요. https://ow.ly/a5O5Z 오늘까지만 선착순 모집합니다.",phishing,채용부업사기,True,synthetic_new_holdout
"최유진님, 재택 부업 안내드립니다. 하루 1시간 간단 작업만으로 일당 12,500원 지급됩니다. 시작 전 계정 개설 수수료 입금 필요하며, 상세 안내는 아래 링크 확인해 주세요. https://bit.ly/xMPMDEaI 오늘까지만 선착순 모집합니다.",phishing,채용부업사기,True,synthetic_new_holdout
"강도현님, 재택 부업 안내드립니다. 하루 1시간 간단 작업만으로 일당 78,000원 지급됩니다. 시작 전 계정 개설 수수료 입금 필요하며, 상세 안내는 아래 링크 확인해 주세요. https://bit.ly/xMPMDEaI 오늘까지만 선착순 모집합니다.",phishing,채용부업사기,True,synthetic_new_holdout
"이서연님, 재택 부업 안내드립니다. 하루 1시간 간단 작업만으로 일당 23,000원 지급됩니다. 시작 전 계정 개설 수수료 입금 필요하며, 상세 안내는 아래 링크 확인해 주세요. https://cutt.ly/qR3vP2m 오늘까지만 선착순 모집합니다.",phishing,채용부업사기,True,synthetic_new_holdout
"김민수님, 재택 부업 안내드립니다. 하루 1시간 간단 작업만으로 일당 78,000원 지급됩니다. 시작 전 계정 개설 수수료 입금 필요하며, 상세 안내는 아래 링크 확인해 주세요. https://cutt.ly/qR3vP2m 오늘까지만 선착순 모집합니다.",phishing,채용부업사기,True,synthetic_new_holdout
"윤아름님, 재택 부업 안내드립니다. 하루 1시간 간단 작업만으로 일당 78,000원 지급됩니다. 시작 전 계정 개설 수수료 입금 필요하며, 상세 안내는 아래 링크 확인해 주세요. https://bit.ly/xMPMDEaI 오늘까지만 선착순 모집합니다.",phishing,채용부업사기,True,synthetic_new_holdout
"최유진님, 재택 부업 안내드립니다. 하루 1시간 간단 작업만으로 일당 23,000원 지급됩니다. 시작 전 계정 개설 수수료 입금 필요하며, 상세 안내는 아래 링크 확인해 주세요. https://bit.ly/xMPMDEaI 오늘까지만 선착순 모집합니다.",phishing,채용부업사기,True,synthetic_new_holdout
"윤아름님, 재택 부업 안내드립니다. 하루 1시간 간단 작업만으로 일당 23,000원 지급됩니다. 시작 전 계정 개설 수수료 입금 필요하며, 상세 안내는 아래 링크 확인해 주세요. https://n.bnuee.cyou/K1Ilv 오늘까지만 선착순 모집합니다.",phishing,채용부업사기,True,synthetic_new_holdout
"정한별님, 재택 부업 안내드립니다. 하루 1시간 간단 작업만으로 일당 9,900원 지급됩니다. 시작 전 계정 개설 수수료 입금 필요하며, 상세 안내는 아래 링크 확인해 주세요. https://cutt.ly/qR3vP2m 오늘까지만 선착순 모집합니다.",phishing,채용부업사기,True,synthetic_new_holdout
"윤아름님, 재택 부업 안내드립니다. 하루 1시간 간단 작업만으로 일당 78,000원 지급됩니다. 시작 전 계정 개설 수수료 입금 필요하며, 상세 안내는 아래 링크 확인해 주세요. https://n.bnuee.cyou/K1Ilv 오늘까지만 선착순 모집합니다.",phishing,채용부업사기,True,synthetic_new_holdout
"윤아름님, 재택 부업 안내드립니다. 하루 1시간 간단 작업만으로 일당 78,000원 지급됩니다. 시작 전 계정 개설 수수료 입금 필요하며, 상세 안내는 아래 링크 확인해 주세요. https://ow.ly/a5O5Z 오늘까지만 선착순 모집합니다.",phishing,채용부업사기,True,synthetic_new_holdout
"임재현님, 재택 부업 안내드립니다. 하루 1시간 간단 작업만으로 일당 45,000원 지급됩니다. 시작 전 계정 개설 수수료 입금 필요하며, 상세 안내는 아래 링크 확인해 주세요. https://bit.ly/xMPMDEaI 오늘까지만 선착순 모집합니다.",phishing,채용부업사기,True,synthetic_new_holdout
"김민수님, 재택 부업 안내드립니다. 하루 1시간 간단 작업만으로 일당 78,000원 지급됩니다. 시작 전 계정 개설 수수료 입금 필요하며, 상세 안내는 아래 링크 확인해 주세요. https://n.bnuee.cyou/K1Ilv 오늘까지만 선착순 모집합니다.",phishing,채용부업사기,True,synthetic_new_holdout
"임재현님, 재택 부업 안내드립니다. 하루 1시간 간단 작업만으로 일당 12,500원 지급됩니다. 시작 전 계정 개설 수수료 입금 필요하며, 상세 안내는 아래 링크 확인해 주세요. https://n.bnuee.cyou/K1Ilv 오늘까지만 선착순 모집합니다.",phishing,채용부업사기,True,synthetic_new_holdout
"임재현님, 재택 부업 안내드립니다. 하루 1시간 간단 작업만으로 일당 9,900원 지급됩니다. 시작 전 계정 개설 수수료 입금 필요하며, 상세 안내는 아래 링크 확인해 주세요. https://ow.ly/a5O5Z 오늘까지만 선착순 모집합니다.",phishing,채용부업사기,True,synthetic_new_holdout
"최유진님, 재택 부업 안내드립니다. 하루 1시간 간단 작업만으로 일당 78,000원 지급됩니다. 시작 전 계정 개설 수수료 입금 필요하며, 상세 안내는 아래 링크 확인해 주세요. https://cutt.ly/qR3vP2m 오늘까지만 선착순 모집합니다.",phishing,채용부업사기,True,synthetic_new_holdout
"윤아름님, 재택 부업 안내드립니다. 하루 1시간 간단 작업만으로 일당 12,500원 지급됩니다. 시작 전 계정 개설 수수료 입금 필요하며, 상세 안내는 아래 링크 확인해 주세요. https://cutt.ly/qR3vP2m 오늘까지만 선착순 모집합니다.",phishing,채용부업사기,True,synthetic_new_holdout
"김민수님, 재택 부업 안내드립니다. 하루 1시간 간단 작업만으로 일당 45,000원 지급됩니다. 시작 전 계정 개설 수수료 입금 필요하며, 상세 안내는 아래 링크 확인해 주세요. https://ow.ly/a5O5Z 오늘까지만 선착순 모집합니다.",phishing,채용부업사기,True,synthetic_new_holdout
"최유진님, 재택 부업 안내드립니다. 하루 1시간 간단 작업만으로 일당 12,500원 지급됩니다. 시작 전 계정 개설 수수료 입금 필요하며, 상세 안내는 아래 링크 확인해 주세요. https://cutt.ly/qR3vP2m 오늘까지만 선착순 모집합니다.",phishing,채용부업사기,True,synthetic_new_holdout
"박지훈님, 재택 부업 안내드립니다. 하루 1시간 간단 작업만으로 일당 23,000원 지급됩니다. 시작 전 계정 개설 수수료 입금 필요하며, 상세 안내는 아래 링크 확인해 주세요. https://n.bnuee.cyou/K1Ilv 오늘까지만 선착순 모집합니다.",phishing,채용부업사기,True,synthetic_new_holdout
"박지훈님, 재택 부업 안내드립니다. 하루 1시간 간단 작업만으로 일당 78,000원 지급됩니다. 시작 전 계정 개설 수수료 입금 필요하며, 상세 안내는 아래 링크 확인해 주세요. https://n.bnuee.cyou/K1Ilv 오늘까지만 선착순 모집합니다.",phishing,채용부업사기,True,synthetic_new_holdout
"강도현님, 재택 부업 안내드립니다. 하루 1시간 간단 작업만으로 일당 12,500원 지급됩니다. 시작 전 계정 개설 수수료 입금 필요하며, 상세 안내는 아래 링크 확인해 주세요. https://n.bnuee.cyou/K1Ilv 오늘까지만 선착순 모집합니다.",phishing,채용부업사기,True,synthetic_new_holdout
"정한별님, 재택 부업 안내드립니다. 하루 1시간 간단 작업만으로 일당 23,000원 지급됩니다. 시작 전 계정 개설 수수료 입금 필요하며, 상세 안내는 아래 링크 확인해 주세요. https://bit.ly/xMPMDEaI 오늘까지만 선착순 모집합니다.",phishing,채용부업사기,True,synthetic_new_holdout
"강도현님, 재택 부업 안내드립니다. 하루 1시간 간단 작업만으로 일당 9,900원 지급됩니다. 시작 전 계정 개설 수수료 입금 필요하며, 상세 안내는 아래 링크 확인해 주세요. https://ow.ly/a5O5Z 오늘까지만 선착순 모집합니다.",phishing,채용부업사기,True,synthetic_new_holdout
"박지훈님, 재택 부업 안내드립니다. 하루 1시간 간단 작업만으로 일당 9,900원 지급됩니다. 시작 전 계정 개설 수수료 입금 필요하며, 상세 안내는 아래 링크 확인해 주세요. https://n.bnuee.cyou/K1Ilv 오늘까지만 선착순 모집합니다.",phishing,채용부업사기,True,synthetic_new_holdout
"최유진님, 재택 부업 안내드립니다. 하루 1시간 간단 작업만으로 일당 9,900원 지급됩니다. 시작 전 계정 개설 수수료 입금 필요하며, 상세 안내는 아래 링크 확인해 주세요. https://ow.ly/a5O5Z 오늘까지만 선착순 모집합니다.",phishing,채용부업사기,True,synthetic_new_holdout
"윤아름님, 재택 부업 안내드립니다. 하루 1시간 간단 작업만으로 일당 45,000원 지급됩니다. 시작 전 계정 개설 수수료 입금 필요하며, 상세 안내는 아래 링크 확인해 주세요. https://cutt.ly/qR3vP2m 오늘까지만 선착순 모집합니다.",phishing,채용부업사기,True,synthetic_new_holdout
"임재현님, 재택 부업 안내드립니다. 하루 1시간 간단 작업만으로 일당 78,000원 지급됩니다. 시작 전 계정 개설 수수료 입금 필요하며, 상세 안내는 아래 링크 확인해 주세요. https://cutt.ly/qR3vP2m 오늘까지만 선착순 모집합니다.",phishing,채용부업사기,True,synthetic_new_holdout
"박지훈님, 재택 부업 안내드립니다. 하루 1시간 간단 작업만으로 일당 78,000원 지급됩니다. 시작 전 계정 개설 수수료 입금 필요하며, 상세 안내는 아래 링크 확인해 주세요. https://ow.ly/a5O5Z 오늘까지만 선착순 모집합니다.",phishing,채용부업사기,True,synthetic_new_holdout
"[국민카드] 승인 45,000원 일시불 정상 처리되었습니다. 본인 결제가 아니신 경우 고객센터(1588-1234)로 즉시 연락 주시기 바랍니다. 이용해 주셔서 감사합니다.",normal,정상카드결제알림,False,synthetic_fp_stress
"[국민카드] 승인 12,500원 일시불 정상 처리되었습니다. 본인 결제가 아니신 경우 고객센터(070-4485-9920)로 즉시 연락 주시기 바랍니다. 이용해 주셔서 감사합니다.",normal,정상카드결제알림,False,synthetic_fp_stress
"[국민카드] 승인 23,000원 일시불 정상 처리되었습니다. 본인 결제가 아니신 경우 고객센터(02-330-4284)로 즉시 연락 주시기 바랍니다. 이용해 주셔서 감사합니다.",normal,정상카드결제알림,False,synthetic_fp_stress
"[현대카드] 승인 9,900원 일시불 정상 처리되었습니다. 본인 결제가 아니신 경우 고객센터(1544-7000)로 즉시 연락 주시기 바랍니다. 이용해 주셔서 감사합니다.",normal,정상카드결제알림,False,synthetic_fp_stress
"[현대카드] 승인 45,000원 일시불 정상 처리되었습니다. 본인 결제가 아니신 경우 고객센터(02-330-4284)로 즉시 연락 주시기 바랍니다. 이용해 주셔서 감사합니다.",normal,정상카드결제알림,False,synthetic_fp_stress
"[신한카드] 승인 23,000원 일시불 정상 처리되었습니다. 본인 결제가 아니신 경우 고객센터(070-4485-9920)로 즉시 연락 주시기 바랍니다. 이용해 주셔서 감사합니다.",normal,정상카드결제알림,False,synthetic_fp_stress
"[신한카드] 승인 78,000원 일시불 정상 처리되었습니다. 본인 결제가 아니신 경우 고객센터(070-4485-9920)로 즉시 연락 주시기 바랍니다. 이용해 주셔서 감사합니다.",normal,정상카드결제알림,False,synthetic_fp_stress
"[국민카드] 승인 12,500원 일시불 정상 처리되었습니다. 본인 결제가 아니신 경우 고객센터(1588-1234)로 즉시 연락 주시기 바랍니다. 이용해 주셔서 감사합니다.",normal,정상카드결제알림,False,synthetic_fp_stress
"[신한카드] 승인 9,900원 일시불 정상 처리되었습니다. 본인 결제가 아니신 경우 고객센터(1544-7000)로 즉시 연락 주시기 바랍니다. 이용해 주셔서 감사합니다.",normal,정상카드결제알림,False,synthetic_fp_stress
"[현대카드] 승인 78,000원 일시불 정상 처리되었습니다. 본인 결제가 아니신 경우 고객센터(1588-1234)로 즉시 연락 주시기 바랍니다. 이용해 주셔서 감사합니다.",normal,정상카드결제알림,False,synthetic_fp_stress
"[국민카드] 승인 9,900원 일시불 정상 처리되었습니다. 본인 결제가 아니신 경우 고객센터(02-330-4284)로 즉시 연락 주시기 바랍니다. 이용해 주셔서 감사합니다.",normal,정상카드결제알림,False,synthetic_fp_stress
"[국민카드] 승인 78,000원 일시불 정상 처리되었습니다. 본인 결제가 아니신 경우 고객센터(1588-1234)로 즉시 연락 주시기 바랍니다. 이용해 주셔서 감사합니다.",normal,정상카드결제알림,False,synthetic_fp_stress
"[신한카드] 승인 23,000원 일시불 정상 처리되었습니다. 본인 결제가 아니신 경우 고객센터(1544-7000)로 즉시 연락 주시기 바랍니다. 이용해 주셔서 감사합니다.",normal,정상카드결제알림,False,synthetic_fp_stress
"[현대카드] 승인 78,000원 일시불 정상 처리되었습니다. 본인 결제가 아니신 경우 고객센터(070-4485-9920)로 즉시 연락 주시기 바랍니다. 이용해 주셔서 감사합니다.",normal,정상카드결제알림,False,synthetic_fp_stress
"[신한카드] 승인 12,500원 일시불 정상 처리되었습니다. 본인 결제가 아니신 경우 고객센터(1588-1234)로 즉시 연락 주시기 바랍니다. 이용해 주셔서 감사합니다.",normal,정상카드결제알림,False,synthetic_fp_stress
"[삼성카드] 승인 12,500원 일시불 정상 처리되었습니다. 본인 결제가 아니신 경우 고객센터(070-4485-9920)로 즉시 연락 주시기 바랍니다. 이용해 주셔서 감사합니다.",normal,정상카드결제알림,False,synthetic_fp_stress
"[신한카드] 승인 9,900원 일시불 정상 처리되었습니다. 본인 결제가 아니신 경우 고객센터(02-330-4284)로 즉시 연락 주시기 바랍니다. 이용해 주셔서 감사합니다.",normal,정상카드결제알림,False,synthetic_fp_stress
"[신한카드] 승인 12,500원 일시불 정상 처리되었습니다. 본인 결제가 아니신 경우 고객센터(070-4485-9920)로 즉시 연락 주시기 바랍니다. 이용해 주셔서 감사합니다.",normal,정상카드결제알림,False,synthetic_fp_stress
"[삼성카드] 승인 23,000원 일시불 정상 처리되었습니다. 본인 결제가 아니신 경우 고객센터(1588-1234)로 즉시 연락 주시기 바랍니다. 이용해 주셔서 감사합니다.",normal,정상카드결제알림,False,synthetic_fp_stress
"[국민카드] 승인 9,900원 일시불 정상 처리되었습니다. 본인 결제가 아니신 경우 고객센터(1544-7000)로 즉시 연락 주시기 바랍니다. 이용해 주셔서 감사합니다.",normal,정상카드결제알림,False,synthetic_fp_stress
"[삼성카드] 승인 78,000원 일시불 정상 처리되었습니다. 본인 결제가 아니신 경우 고객센터(1588-1234)로 즉시 연락 주시기 바랍니다. 이용해 주셔서 감사합니다.",normal,정상카드결제알림,False,synthetic_fp_stress
"[국민카드] 승인 23,000원 일시불 정상 처리되었습니다. 본인 결제가 아니신 경우 고객센터(1588-1234)로 즉시 연락 주시기 바랍니다. 이용해 주셔서 감사합니다.",normal,정상카드결제알림,False,synthetic_fp_stress
"[삼성카드] 승인 9,900원 일시불 정상 처리되었습니다. 본인 결제가 아니신 경우 고객센터(070-4485-9920)로 즉시 연락 주시기 바랍니다. 이용해 주셔서 감사합니다.",normal,정상카드결제알림,False,synthetic_fp_stress
"[현대카드] 승인 45,000원 일시불 정상 처리되었습니다. 본인 결제가 아니신 경우 고객센터(1588-1234)로 즉시 연락 주시기 바랍니다. 이용해 주셔서 감사합니다.",normal,정상카드결제알림,False,synthetic_fp_stress
"[현대카드] 승인 23,000원 일시불 정상 처리되었습니다. 본인 결제가 아니신 경우 고객센터(070-4485-9920)로 즉시 연락 주시기 바랍니다. 이용해 주셔서 감사합니다.",normal,정상카드결제알림,False,synthetic_fp_stress
"[신한카드] 승인 45,000원 일시불 정상 처리되었습니다. 본인 결제가 아니신 경우 고객센터(02-330-4284)로 즉시 연락 주시기 바랍니다. 이용해 주셔서 감사합니다.",normal,정상카드결제알림,False,synthetic_fp_stress
"[삼성카드] 승인 9,900원 일시불 정상 처리되었습니다. 본인 결제가 아니신 경우 고객센터(1588-1234)로 즉시 연락 주시기 바랍니다. 이용해 주셔서 감사합니다.",normal,정상카드결제알림,False,synthetic_fp_stress
"[국민카드] 승인 12,500원 일시불 정상 처리되었습니다. 본인 결제가 아니신 경우 고객센터(1544-7000)로 즉시 연락 주시기 바랍니다. 이용해 주셔서 감사합니다.",normal,정상카드결제알림,False,synthetic_fp_stress
"[현대카드] 승인 45,000원 일시불 정상 처리되었습니다. 본인 결제가 아니신 경우 고객센터(1544-7000)로 즉시 연락 주시기 바랍니다. 이용해 주셔서 감사합니다.",normal,정상카드결제알림,False,synthetic_fp_stress
"[국민카드] 승인 12,500원 일시불 정상 처리되었습니다. 본인 결제가 아니신 경우 고객센터(02-330-4284)로 즉시 연락 주시기 바랍니다. 이용해 주셔서 감사합니다.",normal,정상카드결제알림,False,synthetic_fp_stress
"[현대카드] 승인 12,500원 일시불 정상 처리되었습니다. 본인 결제가 아니신 경우 고객센터(02-330-4284)로 즉시 연락 주시기 바랍니다. 이용해 주셔서 감사합니다.",normal,정상카드결제알림,False,synthetic_fp_stress
"[삼성카드] 승인 45,000원 일시불 정상 처리되었습니다. 본인 결제가 아니신 경우 고객센터(070-4485-9920)로 즉시 연락 주시기 바랍니다. 이용해 주셔서 감사합니다.",normal,정상카드결제알림,False,synthetic_fp_stress
"[신한카드] 승인 45,000원 일시불 정상 처리되었습니다. 본인 결제가 아니신 경우 고객센터(070-4485-9920)로 즉시 연락 주시기 바랍니다. 이용해 주셔서 감사합니다.",normal,정상카드결제알림,False,synthetic_fp_stress
"[신한카드] 승인 78,000원 일시불 정상 처리되었습니다. 본인 결제가 아니신 경우 고객센터(1588-1234)로 즉시 연락 주시기 바랍니다. 이용해 주셔서 감사합니다.",normal,정상카드결제알림,False,synthetic_fp_stress
"[국민카드] 승인 45,000원 일시불 정상 처리되었습니다. 본인 결제가 아니신 경우 고객센터(02-330-4284)로 즉시 연락 주시기 바랍니다. 이용해 주셔서 감사합니다.",normal,정상카드결제알림,False,synthetic_fp_stress
"[신한카드] 승인 9,900원 일시불 정상 처리되었습니다. 본인 결제가 아니신 경우 고객센터(070-4485-9920)로 즉시 연락 주시기 바랍니다. 이용해 주셔서 감사합니다.",normal,정상카드결제알림,False,synthetic_fp_stress
"[신한카드] 승인 78,000원 일시불 정상 처리되었습니다. 본인 결제가 아니신 경우 고객센터(1544-7000)로 즉시 연락 주시기 바랍니다. 이용해 주셔서 감사합니다.",normal,정상카드결제알림,False,synthetic_fp_stress
"[삼성카드] 승인 45,000원 일시불 정상 처리되었습니다. 본인 결제가 아니신 경우 고객센터(1544-7000)로 즉시 연락 주시기 바랍니다. 이용해 주셔서 감사합니다.",normal,정상카드결제알림,False,synthetic_fp_stress
"[삼성카드] 승인 9,900원 일시불 정상 처리되었습니다. 본인 결제가 아니신 경우 고객센터(1544-7000)로 즉시 연락 주시기 바랍니다. 이용해 주셔서 감사합니다.",normal,정상카드결제알림,False,synthetic_fp_stress
"[삼성카드] 승인 45,000원 일시불 정상 처리되었습니다. 본인 결제가 아니신 경우 고객센터(1588-1234)로 즉시 연락 주시기 바랍니다. 이용해 주셔서 감사합니다.",normal,정상카드결제알림,False,synthetic_fp_stress
"[정상알림톡] 이번 달 적립하신 포인트 23,000원 상당이 이달 말 소멸 예정입니다. 적립 내역 확인: https://www.hanjin.co.kr/track/295734 무료수신거부 0808880219",normal,정상포인트소멸알림,True,synthetic_fp_stress_train
"[정상알림톡] 이번 달 적립하신 포인트 45,000원 상당이 이달 말 소멸 예정입니다. 적립 내역 확인: https://www.cjlogistics.com/track/110844 무료수신거부 0808880219",normal,정상포인트소멸알림,True,synthetic_fp_stress_train
"[정상알림톡] 이번 달 적립하신 포인트 9,900원 상당이 이달 말 소멸 예정입니다. 적립 내역 확인: https://www.cjlogistics.com/track/988507 무료수신거부 0808880219",normal,정상포인트소멸알림,True,synthetic_fp_stress_train
"[정상알림톡] 이번 달 적립하신 포인트 45,000원 상당이 이달 말 소멸 예정입니다. 적립 내역 확인: https://www.cjlogistics.com/track/677580 무료수신거부 0808880219",normal,정상포인트소멸알림,True,synthetic_fp_stress
"[정상알림톡] 이번 달 적립하신 포인트 23,000원 상당이 이달 말 소멸 예정입니다. 적립 내역 확인: https://www.cjlogistics.com/track/660424 무료수신거부 0808880219",normal,정상포인트소멸알림,True,synthetic_fp_stress
"[정상알림톡] 이번 달 적립하신 포인트 23,000원 상당이 이달 말 소멸 예정입니다. 적립 내역 확인: https://www.koreapost.go.kr/524917 무료수신거부 0808880219",normal,정상포인트소멸알림,True,synthetic_fp_stress_train
"[정상알림톡] 이번 달 적립하신 포인트 23,000원 상당이 이달 말 소멸 예정입니다. 적립 내역 확인: https://www.cjlogistics.com/track/313025 무료수신거부 0808880219",normal,정상포인트소멸알림,True,synthetic_fp_stress_train
"[정상알림톡] 이번 달 적립하신 포인트 45,000원 상당이 이달 말 소멸 예정입니다. 적립 내역 확인: https://www.koreapost.go.kr/118855 무료수신거부 0808880219",normal,정상포인트소멸알림,True,synthetic_fp_stress_train
"[정상알림톡] 이번 달 적립하신 포인트 23,000원 상당이 이달 말 소멸 예정입니다. 적립 내역 확인: https://www.cjlogistics.com/track/330242 무료수신거부 0808880219",normal,정상포인트소멸알림,True,synthetic_fp_stress_train
"[정상알림톡] 이번 달 적립하신 포인트 9,900원 상당이 이달 말 소멸 예정입니다. 적립 내역 확인: https://www.koreapost.go.kr/200930 무료수신거부 0808880219",normal,정상포인트소멸알림,True,synthetic_fp_stress
"[정상알림톡] 이번 달 적립하신 포인트 45,000원 상당이 이달 말 소멸 예정입니다. 적립 내역 확인: https://www.cjlogistics.com/track/552819 무료수신거부 0808880219",normal,정상포인트소멸알림,True,synthetic_fp_stress
"[정상알림톡] 이번 달 적립하신 포인트 9,900원 상당이 이달 말 소멸 예정입니다. 적립 내역 확인: https://www.koreapost.go.kr/832399 무료수신거부 0808880219",normal,정상포인트소멸알림,True,synthetic_fp_stress
"[정상알림톡] 이번 달 적립하신 포인트 23,000원 상당이 이달 말 소멸 예정입니다. 적립 내역 확인: https://www.hanjin.co.kr/track/417303 무료수신거부 0808880219",normal,정상포인트소멸알림,True,synthetic_fp_stress
"[정상알림톡] 이번 달 적립하신 포인트 12,500원 상당이 이달 말 소멸 예정입니다. 적립 내역 확인: https://www.koreapost.go.kr/474883 무료수신거부 0808880219",normal,정상포인트소멸알림,True,synthetic_fp_stress
"[정상알림톡] 이번 달 적립하신 포인트 78,000원 상당이 이달 말 소멸 예정입니다. 적립 내역 확인: https://www.cjlogistics.com/track/705079 무료수신거부 0808880219",normal,정상포인트소멸알림,True,synthetic_fp_stress_train
"[정상알림톡] 이번 달 적립하신 포인트 78,000원 상당이 이달 말 소멸 예정입니다. 적립 내역 확인: https://www.cjlogistics.com/track/523691 무료수신거부 0808880219",normal,정상포인트소멸알림,True,synthetic_fp_stress_train
"[정상알림톡] 이번 달 적립하신 포인트 9,900원 상당이 이달 말 소멸 예정입니다. 적립 내역 확인: https://www.hanjin.co.kr/track/290987 무료수신거부 0808880219",normal,정상포인트소멸알림,True,synthetic_fp_stress_train
"[정상알림톡] 이번 달 적립하신 포인트 23,000원 상당이 이달 말 소멸 예정입니다. 적립 내역 확인: https://www.koreapost.go.kr/183665 무료수신거부 0808880219",normal,정상포인트소멸알림,True,synthetic_fp_stress_train
"[정상알림톡] 이번 달 적립하신 포인트 12,500원 상당이 이달 말 소멸 예정입니다. 적립 내역 확인: https://www.hanjin.co.kr/track/854666 무료수신거부 0808880219",normal,정상포인트소멸알림,True,synthetic_fp_stress
"[정상알림톡] 이번 달 적립하신 포인트 12,500원 상당이 이달 말 소멸 예정입니다. 적립 내역 확인: https://www.koreapost.go.kr/965052 무료수신거부 0808880219",normal,정상포인트소멸알림,True,synthetic_fp_stress_train
"[정상알림톡] 이번 달 적립하신 포인트 45,000원 상당이 이달 말 소멸 예정입니다. 적립 내역 확인: https://www.hanjin.co.kr/track/457416 무료수신거부 0808880219",normal,정상포인트소멸알림,True,synthetic_fp_stress_train
"[정상알림톡] 이번 달 적립하신 포인트 12,500원 상당이 이달 말 소멸 예정입니다. 적립 내역 확인: https://www.koreapost.go.kr/614829 무료수신거부 0808880219",normal,정상포인트소멸알림,True,synthetic_fp_stress
"[정상알림톡] 이번 달 적립하신 포인트 12,500원 상당이 이달 말 소멸 예정입니다. 적립 내역 확인: https://www.hanjin.co.kr/track/940127 무료수신거부 0808880219",normal,정상포인트소멸알림,True,synthetic_fp_stress
"[정상알림톡] 이번 달 적립하신 포인트 12,500원 상당이 이달 말 소멸 예정입니다. 적립 내역 확인: https://www.cjlogistics.com/track/221047 무료수신거부 0808880219",normal,정상포인트소멸알림,True,synthetic_fp_stress
"[정상알림톡] 이번 달 적립하신 포인트 12,500원 상당이 이달 말 소멸 예정입니다. 적립 내역 확인: https://www.koreapost.go.kr/194834 무료수신거부 0808880219",normal,정상포인트소멸알림,True,synthetic_fp_stress
"[정상알림톡] 이번 달 적립하신 포인트 78,000원 상당이 이달 말 소멸 예정입니다. 적립 내역 확인: https://www.hanjin.co.kr/track/960471 무료수신거부 0808880219",normal,정상포인트소멸알림,True,synthetic_fp_stress
"[정상알림톡] 이번 달 적립하신 포인트 45,000원 상당이 이달 말 소멸 예정입니다. 적립 내역 확인: https://www.koreapost.go.kr/256627 무료수신거부 0808880219",normal,정상포인트소멸알림,True,synthetic_fp_stress
"[정상알림톡] 이번 달 적립하신 포인트 12,500원 상당이 이달 말 소멸 예정입니다. 적립 내역 확인: https://www.hanjin.co.kr/track/509435 무료수신거부 0808880219",normal,정상포인트소멸알림,True,synthetic_fp_stress_train
"[정상알림톡] 이번 달 적립하신 포인트 23,000원 상당이 이달 말 소멸 예정입니다. 적립 내역 확인: https://www.hanjin.co.kr/track/794061 무료수신거부 0808880219",normal,정상포인트소멸알림,True,synthetic_fp_stress
"[정상알림톡] 이번 달 적립하신 포인트 78,000원 상당이 이달 말 소멸 예정입니다. 적립 내역 확인: https://www.cjlogistics.com/track/151455 무료수신거부 0808880219",normal,정상포인트소멸알림,True,synthetic_fp_stress_train
"[정상알림톡] 이번 달 적립하신 포인트 12,500원 상당이 이달 말 소멸 예정입니다. 적립 내역 확인: https://www.koreapost.go.kr/967596 무료수신거부 0808880219",normal,정상포인트소멸알림,True,synthetic_fp_stress
"[정상알림톡] 이번 달 적립하신 포인트 78,000원 상당이 이달 말 소멸 예정입니다. 적립 내역 확인: https://www.koreapost.go.kr/824409 무료수신거부 0808880219",normal,정상포인트소멸알림,True,synthetic_fp_stress_train
"[정상알림톡] 이번 달 적립하신 포인트 23,000원 상당이 이달 말 소멸 예정입니다. 적립 내역 확인: https://www.koreapost.go.kr/596619 무료수신거부 0808880219",normal,정상포인트소멸알림,True,synthetic_fp_stress
"[정상알림톡] 이번 달 적립하신 포인트 45,000원 상당이 이달 말 소멸 예정입니다. 적립 내역 확인: https://www.koreapost.go.kr/481499 무료수신거부 0808880219",normal,정상포인트소멸알림,True,synthetic_fp_stress_train
"[정상알림톡] 이번 달 적립하신 포인트 45,000원 상당이 이달 말 소멸 예정입니다. 적립 내역 확인: https://www.cjlogistics.com/track/618439 무료수신거부 0808880219",normal,정상포인트소멸알림,True,synthetic_fp_stress
"[정상알림톡] 이번 달 적립하신 포인트 12,500원 상당이 이달 말 소멸 예정입니다. 적립 내역 확인: https://www.koreapost.go.kr/446119 무료수신거부 0808880219",normal,정상포인트소멸알림,True,synthetic_fp_stress
"[정상알림톡] 이번 달 적립하신 포인트 78,000원 상당이 이달 말 소멸 예정입니다. 적립 내역 확인: https://www.cjlogistics.com/track/907846 무료수신거부 0808880219",normal,정상포인트소멸알림,True,synthetic_fp_stress
"[정상알림톡] 이번 달 적립하신 포인트 23,000원 상당이 이달 말 소멸 예정입니다. 적립 내역 확인: https://www.hanjin.co.kr/track/627181 무료수신거부 0808880219",normal,정상포인트소멸알림,True,synthetic_fp_stress_train
"[정상알림톡] 이번 달 적립하신 포인트 45,000원 상당이 이달 말 소멸 예정입니다. 적립 내역 확인: https://www.cjlogistics.com/track/133268 무료수신거부 0808880219",normal,정상포인트소멸알림,True,synthetic_fp_stress_train
"[정상알림톡] 이번 달 적립하신 포인트 45,000원 상당이 이달 말 소멸 예정입니다. 적립 내역 확인: https://www.cjlogistics.com/track/273407 무료수신거부 0808880219",normal,정상포인트소멸알림,True,synthetic_fp_stress_train
"[롯데택배] 상품 배송 안내 고객님의 소중한 상품을 가지고 출발합니다. ■ 상품명 : 총 1건 즉석밥 세트 ■ 운송장번호 : 623095377176 ■ 보내신 분 : GS리테일 ■ 배송예정 시간 : 17시~19시 ※ 위탁장소 지정 및 실시간 배송현황 조회하기 https://www.lotteglogis.com/623095377176 ※ 택배 상자는 운송장, 포장재 등을 제거 후 분리배출해 주시기 바랍니다.",normal,정상택배배송안내,True,synthetic_fp_stress
"[롯데택배] 상품 배송 안내 고객님의 소중한 상품을 가지고 출발합니다. ■ 상품명 : 총 1건 샴푸 리필 ■ 운송장번호 : 103386167328 ■ 보내신 분 : 이마트몰 ■ 배송예정 시간 : 15시~17시 ※ 위탁장소 지정 및 실시간 배송현황 조회하기 https://www.lotteglogis.com/103386167328 ※ 택배 상자는 운송장, 포장재 등을 제거 후 분리배출해 주시기 바랍니다.",normal,정상택배배송안내,True,synthetic_fp_stress
"[CJ대한통운] 상품 배송 안내 고객님의 소중한 상품을 가지고 출발합니다. ■ 상품명 : 총 1건 무선 이어폰 ■ 운송장번호 : 259211279864 ■ 보내신 분 : 이마트몰 ■ 배송예정 시간 : 19시~21시 ※ 위탁장소 지정 및 실시간 배송현황 조회하기 https://www.cjlogistics.com/259211279864 ※ 택배 상자는 운송장, 포장재 등을 제거 후 분리배출해 주시기 바랍니다.",normal,정상택배배송안내,True,synthetic_fp_stress
"[롯데택배] 상품 배송 안내 고객님의 소중한 상품을 가지고 출발합니다. ■ 상품명 : 총 1건 주방세제 리필 ■ 운송장번호 : 949281197041 ■ 보내신 분 : 상온_생활건강 ■ 배송예정 시간 : 19시~21시 ※ 위탁장소 지정 및 실시간 배송현황 조회하기 https://www.lotteglogis.com/949281197041 ※ 택배 상자는 운송장, 포장재 등을 제거 후 분리배출해 주시기 바랍니다.",normal,정상택배배송안내,True,synthetic_fp_stress
"[우체국택배] 상품 배송 안내 고객님의 소중한 상품을 가지고 출발합니다. ■ 상품명 : 총 1건 샴푸 리필 ■ 운송장번호 : 464886530563 ■ 보내신 분 : GS리테일 ■ 배송예정 시간 : 13시~15시 ※ 위탁장소 지정 및 실시간 배송현황 조회하기 https://www.koreapost.go.kr/464886530563 ※ 택배 상자는 운송장, 포장재 등을 제거 후 분리배출해 주시기 바랍니다.",normal,정상택배배송안내,True,synthetic_fp_stress
"[우체국택배] 상품 배송 안내 고객님의 소중한 상품을 가지고 출발합니다. ■ 상품명 : 총 1건 반려동물 사료 ■ 운송장번호 : 267603471531 ■ 보내신 분 : 상온_생활건강 ■ 배송예정 시간 : 17시~19시 ※ 위탁장소 지정 및 실시간 배송현황 조회하기 https://www.koreapost.go.kr/267603471531 ※ 택배 상자는 운송장, 포장재 등을 제거 후 분리배출해 주시기 바랍니다.",normal,정상택배배송안내,True,synthetic_fp_stress
"[CJ대한통운] 상품 배송 안내 고객님의 소중한 상품을 가지고 출발합니다. ■ 상품명 : 총 1건 생수 2L(6입) ■ 운송장번호 : 706282301958 ■ 보내신 분 : 상온_생활건강 ■ 배송예정 시간 : 19시~21시 ※ 위탁장소 지정 및 실시간 배송현황 조회하기 https://www.cjlogistics.com/706282301958 ※ 택배 상자는 운송장, 포장재 등을 제거 후 분리배출해 주시기 바랍니다.",normal,정상택배배송안내,True,synthetic_fp_stress
"[한진택배] 상품 배송 안내 고객님의 소중한 상품을 가지고 출발합니다. ■ 상품명 : 총 1건 즉석밥 세트 ■ 운송장번호 : 830947207355 ■ 보내신 분 : GS리테일 ■ 배송예정 시간 : 15시~17시 ※ 위탁장소 지정 및 실시간 배송현황 조회하기 https://www.hanjin.co.kr/830947207355 ※ 택배 상자는 운송장, 포장재 등을 제거 후 분리배출해 주시기 바랍니다.",normal,정상택배배송안내,True,synthetic_fp_stress
"[CJ대한통운] 상품 배송 안내 고객님의 소중한 상품을 가지고 출발합니다. ■ 상품명 : 총 1건 즉석밥 세트 ■ 운송장번호 : 318099553194 ■ 보내신 분 : 농협하나로마트 ■ 배송예정 시간 : 13시~15시 ※ 위탁장소 지정 및 실시간 배송현황 조회하기 https://www.cjlogistics.com/318099553194 ※ 택배 상자는 운송장, 포장재 등을 제거 후 분리배출해 주시기 바랍니다.",normal,정상택배배송안내,True,synthetic_fp_stress
"[롯데택배] 상품 배송 안내 고객님의 소중한 상품을 가지고 출발합니다. ■ 상품명 : 총 1건 반려동물 사료 ■ 운송장번호 : 714706361773 ■ 보내신 분 : 이마트몰 ■ 배송예정 시간 : 13시~15시 ※ 위탁장소 지정 및 실시간 배송현황 조회하기 https://www.lotteglogis.com/714706361773 ※ 택배 상자는 운송장, 포장재 등을 제거 후 분리배출해 주시기 바랍니다.",normal,정상택배배송안내,True,synthetic_fp_stress
"[우체국택배] 상품 배송 안내 고객님의 소중한 상품을 가지고 출발합니다. ■ 상품명 : 총 1건 샴푸 리필 ■ 운송장번호 : 548977941251 ■ 보내신 분 : GS리테일 ■ 배송예정 시간 : 15시~17시 ※ 위탁장소 지정 및 실시간 배송현황 조회하기 https://www.koreapost.go.kr/548977941251 ※ 택배 상자는 운송장, 포장재 등을 제거 후 분리배출해 주시기 바랍니다.",normal,정상택배배송안내,True,synthetic_fp_stress
"[한진택배] 상품 배송 안내 고객님의 소중한 상품을 가지고 출발합니다. ■ 상품명 : 총 1건 무선 이어폰 ■ 운송장번호 : 522987502500 ■ 보내신 분 : GS리테일 ■ 배송예정 시간 : 19시~21시 ※ 위탁장소 지정 및 실시간 배송현황 조회하기 https://www.hanjin.co.kr/522987502500 ※ 택배 상자는 운송장, 포장재 등을 제거 후 분리배출해 주시기 바랍니다.",normal,정상택배배송안내,True,synthetic_fp_stress
"[한진택배] 상품 배송 안내 고객님의 소중한 상품을 가지고 출발합니다. ■ 상품명 : 총 1건 생수 2L(6입) ■ 운송장번호 : 889063199234 ■ 보내신 분 : 상온_생활건강 ■ 배송예정 시간 : 15시~17시 ※ 위탁장소 지정 및 실시간 배송현황 조회하기 https://www.hanjin.co.kr/889063199234 ※ 택배 상자는 운송장, 포장재 등을 제거 후 분리배출해 주시기 바랍니다.",normal,정상택배배송안내,True,synthetic_fp_stress
"[우체국택배] 상품 배송 안내 고객님의 소중한 상품을 가지고 출발합니다. ■ 상품명 : 총 1건 생수 2L(6입) ■ 운송장번호 : 759494078983 ■ 보내신 분 : GS리테일 ■ 배송예정 시간 : 13시~15시 ※ 위탁장소 지정 및 실시간 배송현황 조회하기 https://www.koreapost.go.kr/759494078983 ※ 택배 상자는 운송장, 포장재 등을 제거 후 분리배출해 주시기 바랍니다.",normal,정상택배배송안내,True,synthetic_fp_stress
"[롯데택배] 상품 배송 안내 고객님의 소중한 상품을 가지고 출발합니다. ■ 상품명 : 총 1건 샴푸 리필 ■ 운송장번호 : 222933228543 ■ 보내신 분 : 이마트몰 ■ 배송예정 시간 : 17시~19시 ※ 위탁장소 지정 및 실시간 배송현황 조회하기 https://www.lotteglogis.com/222933228543 ※ 택배 상자는 운송장, 포장재 등을 제거 후 분리배출해 주시기 바랍니다.",normal,정상택배배송안내,True,synthetic_fp_stress
"[롯데택배] 상품 배송 안내 고객님의 소중한 상품을 가지고 출발합니다. ■ 상품명 : 총 1건 반려동물 사료 ■ 운송장번호 : 479384675522 ■ 보내신 분 : 농협하나로마트 ■ 배송예정 시간 : 17시~19시 ※ 위탁장소 지정 및 실시간 배송현황 조회하기 https://www.lotteglogis.com/479384675522 ※ 택배 상자는 운송장, 포장재 등을 제거 후 분리배출해 주시기 바랍니다.",normal,정상택배배송안내,True,synthetic_fp_stress
"[한진택배] 상품 배송 안내 고객님의 소중한 상품을 가지고 출발합니다. ■ 상품명 : 총 1건 주방세제 리필 ■ 운송장번호 : 292473358068 ■ 보내신 분 : 상온_생활건강 ■ 배송예정 시간 : 15시~17시 ※ 위탁장소 지정 및 실시간 배송현황 조회하기 https://www.hanjin.co.kr/292473358068 ※ 택배 상자는 운송장, 포장재 등을 제거 후 분리배출해 주시기 바랍니다.",normal,정상택배배송안내,True,synthetic_fp_stress
"[우체국택배] 상품 배송 안내 고객님의 소중한 상품을 가지고 출발합니다. ■ 상품명 : 총 1건 무선 이어폰 ■ 운송장번호 : 674133626405 ■ 보내신 분 : 농협하나로마트 ■ 배송예정 시간 : 13시~15시 ※ 위탁장소 지정 및 실시간 배송현황 조회하기 https://www.koreapost.go.kr/674133626405 ※ 택배 상자는 운송장, 포장재 등을 제거 후 분리배출해 주시기 바랍니다.",normal,정상택배배송안내,True,synthetic_fp_stress
"[롯데택배] 상품 배송 안내 고객님의 소중한 상품을 가지고 출발합니다. ■ 상품명 : 총 1건 즉석밥 세트 ■ 운송장번호 : 481750306833 ■ 보내신 분 : 농협하나로마트 ■ 배송예정 시간 : 13시~15시 ※ 위탁장소 지정 및 실시간 배송현황 조회하기 https://www.lotteglogis.com/481750306833 ※ 택배 상자는 운송장, 포장재 등을 제거 후 분리배출해 주시기 바랍니다.",normal,정상택배배송안내,True,synthetic_fp_stress
"[우체국택배] 상품 배송 안내 고객님의 소중한 상품을 가지고 출발합니다. ■ 상품명 : 총 1건 샴푸 리필 ■ 운송장번호 : 277149671370 ■ 보내신 분 : GS리테일 ■ 배송예정 시간 : 15시~17시 ※ 위탁장소 지정 및 실시간 배송현황 조회하기 https://www.koreapost.go.kr/277149671370 ※ 택배 상자는 운송장, 포장재 등을 제거 후 분리배출해 주시기 바랍니다.",normal,정상택배배송안내,True,synthetic_fp_stress
"[CJ대한통운] 상품 배송 안내 고객님의 소중한 상품을 가지고 출발합니다. ■ 상품명 : 총 1건 즉석밥 세트 ■ 운송장번호 : 157071442913 ■ 보내신 분 : GS리테일 ■ 배송예정 시간 : 19시~21시 ※ 위탁장소 지정 및 실시간 배송현황 조회하기 https://www.cjlogistics.com/157071442913 ※ 택배 상자는 운송장, 포장재 등을 제거 후 분리배출해 주시기 바랍니다.",normal,정상택배배송안내,True,synthetic_fp_stress
"[한진택배] 상품 배송 안내 고객님의 소중한 상품을 가지고 출발합니다. ■ 상품명 : 총 1건 반려동물 사료 ■ 운송장번호 : 372384898940 ■ 보내신 분 : 쿠팡 ■ 배송예정 시간 : 13시~15시 ※ 위탁장소 지정 및 실시간 배송현황 조회하기 https://www.hanjin.co.kr/372384898940 ※ 택배 상자는 운송장, 포장재 등을 제거 후 분리배출해 주시기 바랍니다.",normal,정상택배배송안내,True,synthetic_fp_stress
"[롯데택배] 상품 배송 안내 고객님의 소중한 상품을 가지고 출발합니다. ■ 상품명 : 총 1건 즉석밥 세트 ■ 운송장번호 : 916693180212 ■ 보내신 분 : 상온_생활건강 ■ 배송예정 시간 : 17시~19시 ※ 위탁장소 지정 및 실시간 배송현황 조회하기 https://www.lotteglogis.com/916693180212 ※ 택배 상자는 운송장, 포장재 등을 제거 후 분리배출해 주시기 바랍니다.",normal,정상택배배송안내,True,synthetic_fp_stress
"[우체국택배] 상품 배송 안내 고객님의 소중한 상품을 가지고 출발합니다. ■ 상품명 : 총 1건 생수 2L(6입) ■ 운송장번호 : 817082918802 ■ 보내신 분 : 쿠팡 ■ 배송예정 시간 : 15시~17시 ※ 위탁장소 지정 및 실시간 배송현황 조회하기 https://www.koreapost.go.kr/817082918802 ※ 택배 상자는 운송장, 포장재 등을 제거 후 분리배출해 주시기 바랍니다.",normal,정상택배배송안내,True,synthetic_fp_stress
"[우체국택배] 상품 배송 안내 고객님의 소중한 상품을 가지고 출발합니다. ■ 상품명 : 총 1건 생수 2L(6입) ■ 운송장번호 : 270919161178 ■ 보내신 분 : 농협하나로마트 ■ 배송예정 시간 : 17시~19시 ※ 위탁장소 지정 및 실시간 배송현황 조회하기 https://www.koreapost.go.kr/270919161178 ※ 택배 상자는 운송장, 포장재 등을 제거 후 분리배출해 주시기 바랍니다.",normal,정상택배배송안내,True,synthetic_fp_stress
"[한진택배] 상품 배송 안내 고객님의 소중한 상품을 가지고 출발합니다. ■ 상품명 : 총 1건 샴푸 리필 ■ 운송장번호 : 627633906448 ■ 보내신 분 : GS리테일 ■ 배송예정 시간 : 19시~21시 ※ 위탁장소 지정 및 실시간 배송현황 조회하기 https://www.hanjin.co.kr/627633906448 ※ 택배 상자는 운송장, 포장재 등을 제거 후 분리배출해 주시기 바랍니다.",normal,정상택배배송안내,True,synthetic_fp_stress
"[한진택배] 상품 배송 안내 고객님의 소중한 상품을 가지고 출발합니다. ■ 상품명 : 총 1건 주방세제 리필 ■ 운송장번호 : 942411925266 ■ 보내신 분 : 이마트몰 ■ 배송예정 시간 : 17시~19시 ※ 위탁장소 지정 및 실시간 배송현황 조회하기 https://www.hanjin.co.kr/942411925266 ※ 택배 상자는 운송장, 포장재 등을 제거 후 분리배출해 주시기 바랍니다.",normal,정상택배배송안내,True,synthetic_fp_stress
"[CJ대한통운] 상품 배송 안내 고객님의 소중한 상품을 가지고 출발합니다. ■ 상품명 : 총 1건 즉석밥 세트 ■ 운송장번호 : 749675741372 ■ 보내신 분 : 농협하나로마트 ■ 배송예정 시간 : 13시~15시 ※ 위탁장소 지정 및 실시간 배송현황 조회하기 https://www.cjlogistics.com/749675741372 ※ 택배 상자는 운송장, 포장재 등을 제거 후 분리배출해 주시기 바랍니다.",normal,정상택배배송안내,True,synthetic_fp_stress
"[한진택배] 상품 배송 안내 고객님의 소중한 상품을 가지고 출발합니다. ■ 상품명 : 총 1건 반려동물 사료 ■ 운송장번호 : 848428961212 ■ 보내신 분 : 농협하나로마트 ■ 배송예정 시간 : 19시~21시 ※ 위탁장소 지정 및 실시간 배송현황 조회하기 https://www.hanjin.co.kr/848428961212 ※ 택배 상자는 운송장, 포장재 등을 제거 후 분리배출해 주시기 바랍니다.",normal,정상택배배송안내,True,synthetic_fp_stress
"[우체국택배] 상품 배송 안내 고객님의 소중한 상품을 가지고 출발합니다. ■ 상품명 : 총 1건 주방세제 리필 ■ 운송장번호 : 534199027845 ■ 보내신 분 : 농협하나로마트 ■ 배송예정 시간 : 15시~17시 ※ 위탁장소 지정 및 실시간 배송현황 조회하기 https://www.koreapost.go.kr/534199027845 ※ 택배 상자는 운송장, 포장재 등을 제거 후 분리배출해 주시기 바랍니다.",normal,정상택배배송안내,True,synthetic_fp_stress
"[CJ대한통운] 상품 배송 안내 고객님의 소중한 상품을 가지고 출발합니다. ■ 상품명 : 총 1건 주방세제 리필 ■ 운송장번호 : 257995290287 ■ 보내신 분 : 상온_생활건강 ■ 배송예정 시간 : 19시~21시 ※ 위탁장소 지정 및 실시간 배송현황 조회하기 https://www.cjlogistics.com/257995290287 ※ 택배 상자는 운송장, 포장재 등을 제거 후 분리배출해 주시기 바랍니다.",normal,정상택배배송안내,True,synthetic_fp_stress
"[CJ대한통운] 상품 배송 안내 고객님의 소중한 상품을 가지고 출발합니다. ■ 상품명 : 총 1건 생수 2L(6입) ■ 운송장번호 : 689716301227 ■ 보내신 분 : 쿠팡 ■ 배송예정 시간 : 15시~17시 ※ 위탁장소 지정 및 실시간 배송현황 조회하기 https://www.cjlogistics.com/689716301227 ※ 택배 상자는 운송장, 포장재 등을 제거 후 분리배출해 주시기 바랍니다.",normal,정상택배배송안내,True,synthetic_fp_stress
"[한진택배] 상품 배송 안내 고객님의 소중한 상품을 가지고 출발합니다. ■ 상품명 : 총 1건 즉석밥 세트 ■ 운송장번호 : 283056664568 ■ 보내신 분 : GS리테일 ■ 배송예정 시간 : 15시~17시 ※ 위탁장소 지정 및 실시간 배송현황 조회하기 https://www.hanjin.co.kr/283056664568 ※ 택배 상자는 운송장, 포장재 등을 제거 후 분리배출해 주시기 바랍니다.",normal,정상택배배송안내,True,synthetic_fp_stress
"[롯데택배] 상품 배송 안내 고객님의 소중한 상품을 가지고 출발합니다. ■ 상품명 : 총 1건 주방세제 리필 ■ 운송장번호 : 919093106474 ■ 보내신 분 : GS리테일 ■ 배송예정 시간 : 15시~17시 ※ 위탁장소 지정 및 실시간 배송현황 조회하기 https://www.lotteglogis.com/919093106474 ※ 택배 상자는 운송장, 포장재 등을 제거 후 분리배출해 주시기 바랍니다.",normal,정상택배배송안내,True,synthetic_fp_stress
"[CJ대한통운] 상품 배송 안내 고객님의 소중한 상품을 가지고 출발합니다. ■ 상품명 : 총 1건 샴푸 리필 ■ 운송장번호 : 525235361153 ■ 보내신 분 : 이마트몰 ■ 배송예정 시간 : 13시~15시 ※ 위탁장소 지정 및 실시간 배송현황 조회하기 https://www.cjlogistics.com/525235361153 ※ 택배 상자는 운송장, 포장재 등을 제거 후 분리배출해 주시기 바랍니다.",normal,정상택배배송안내,True,synthetic_fp_stress
"[우체국택배] 상품 배송 안내 고객님의 소중한 상품을 가지고 출발합니다. ■ 상품명 : 총 1건 생수 2L(6입) ■ 운송장번호 : 885353836850 ■ 보내신 분 : GS리테일 ■ 배송예정 시간 : 15시~17시 ※ 위탁장소 지정 및 실시간 배송현황 조회하기 https://www.koreapost.go.kr/885353836850 ※ 택배 상자는 운송장, 포장재 등을 제거 후 분리배출해 주시기 바랍니다.",normal,정상택배배송안내,True,synthetic_fp_stress
"[롯데택배] 상품 배송 안내 고객님의 소중한 상품을 가지고 출발합니다. ■ 상품명 : 총 1건 무선 이어폰 ■ 운송장번호 : 146152898459 ■ 보내신 분 : 이마트몰 ■ 배송예정 시간 : 17시~19시 ※ 위탁장소 지정 및 실시간 배송현황 조회하기 https://www.lotteglogis.com/146152898459 ※ 택배 상자는 운송장, 포장재 등을 제거 후 분리배출해 주시기 바랍니다.",normal,정상택배배송안내,True,synthetic_fp_stress
"[롯데택배] 상품 배송 안내 고객님의 소중한 상품을 가지고 출발합니다. ■ 상품명 : 총 1건 즉석밥 세트 ■ 운송장번호 : 426376642697 ■ 보내신 분 : 농협하나로마트 ■ 배송예정 시간 : 17시~19시 ※ 위탁장소 지정 및 실시간 배송현황 조회하기 https://www.lotteglogis.com/426376642697 ※ 택배 상자는 운송장, 포장재 등을 제거 후 분리배출해 주시기 바랍니다.",normal,정상택배배송안내,True,synthetic_fp_stress
"[우체국택배] 상품 배송 안내 고객님의 소중한 상품을 가지고 출발합니다. ■ 상품명 : 총 1건 샴푸 리필 ■ 운송장번호 : 755017785284 ■ 보내신 분 : 상온_생활건강 ■ 배송예정 시간 : 13시~15시 ※ 위탁장소 지정 및 실시간 배송현황 조회하기 https://www.koreapost.go.kr/755017785284 ※ 택배 상자는 운송장, 포장재 등을 제거 후 분리배출해 주시기 바랍니다.",normal,정상택배배송안내,True,synthetic_fp_stress
"[한진택배] 상품 배송 안내 고객님의 소중한 상품을 가지고 출발합니다. ■ 상품명 : 총 1건 샴푸 리필 ■ 운송장번호 : 785903900975 ■ 보내신 분 : 쿠팡 ■ 배송예정 시간 : 17시~19시 ※ 위탁장소 지정 및 실시간 배송현황 조회하기 https://www.hanjin.co.kr/785903900975 ※ 택배 상자는 운송장, 포장재 등을 제거 후 분리배출해 주시기 바랍니다.",normal,정상택배배송안내,True,synthetic_fp_stress
[국제발신] (긴급) 걱정돼서 연락드렸습니다. 지난번에 말씀드린 종목 오늘 세력 매집 마감일입니다. 손실 복구 원하시면 아래 링크로 입장하세요. [bit.ly/xxxx],phishing,투자리딩방사기,True,user_added
[단독입수] 3일 만에 300% 폭등할 하반기 주도주 무료 공개! 더 이상 잃지 마세요. VIP 정보방 입장 코드: 7771 [url 링크],phishing,투자리딩방사기,True,user_added
OO증권입니다. 우수 고객 무료 추천 종목 서비스 당첨되셨습니다. 카카오톡 채널 추가 후 급등 종목 받아가세요.,phishing,투자리딩방사기,False,user_added
"대표님, 지난번 요청하신 종목 매수 리포트 정리했습니다. 확인 부탁드려요~ [링크]",phishing,투자리딩방사기,True,user_added
[국제발신] (안내) 기획재정부 서민금융 특별자금 대출 특별 신청 안내. 귀하는 무담보 1.5% 저금리 대상자로 선정되셨습니다. 한도 확인: [bit.ly/xxxx],phishing,대출사기,True,user_added
"[KB국민] 고객님, 신청하신 소상공인 일상회복 자금 승인 완료되었습니다. 오늘 16시까지 미신청 시 자동 취소됩니다. 상담 신청: [대출링크]",phishing,대출사기,True,user_added
"[NH농협] 타사 고금리 대출을 저금리로 즉시 전환해 드립니다. 신용점수 무관, 당일 대출 신청 접수처: [url 링크]",phishing,대출사기,True,user_added
[우리은행] 선착순 특별 고정금리 2.1% 대출 출시. 오늘 예산 소진 시 마감됩니다. 비대면 서류 제출: [가짜 앱 다운로드 링크],phishing,대출사기,True,user_added
"구매자님, 요청하신 네이버 안전결제 링크 생성되었습니다. 아래 주소에서 결제 완료 후 톡 주시면 바로 발송하겠습니다. [xxxx.com]",phishing,중고거래사기,True,user_added
"[안내] 수수료 1,000원이 제외되어 결제가 대기 상태입니다. 수수료를 포함한 전체 금액을 재입금하셔야 이전 금액이 자동 환불됩니다. [환불 신청 링크]",phishing,중고거래사기,True,user_added
"안녕하세요, 올리신 물건 직거래하고 싶은데 타 지역이라 인증이 안 되네요. 아래 링크 누르셔서 제 동네 인증 한 번만 도와주시면 바로 쿨거래 하겠습니다. [daangn.verify-auth.xxxx]",phishing,중고거래사기,True,user_added
[중고나라 배송] 구매하신 상품의 배송지 주소가 불명확하여 발송이 보류되었습니다. 올바른 주소로 수정해 주세요. [bit.ly/xxxx],phishing,중고거래사기,True,user_added
"[Web발신][신한카드] 포인트 안내 - 보유하신 포인트 12,300점 중 일부가 이달 말 소멸 예정입니다. 신한카드 앱에서 확인 후 사용해 주세요.",normal,정상포인트소멸알림,False,original
"[Web발신][SKT] 이번 달 T포인트 8,500점이 12/31 자정 소멸됩니다. 사용은 T world 앱에서 가능합니다.",normal,정상포인트소멸알림,False,original
"[이마트] 회원님, 적립하신 이마트 포인트 15,000점이 이달 말 소멸 예정입니다. 사용처: 전국 이마트 매장 및 이마트몰",normal,정상포인트소멸알림,False,original
"[Web발신][KB국민카드] 포인트리 22,000점 중 일부가 12월 31일 자동 소멸됩니다. 카드 앱에서 잔여 포인트를 확인하세요.",normal,정상포인트소멸알림,False,original
"[올리브영] 뷰티포인트 5,200점이 이번 달 말 만료 예정입니다. 매장 또는 온라인몰에서 사용 가능합니다.",normal,정상포인트소멸알림,False,original
"[Web발신][KT] 멤버십 포인트 3,000점이 이달 말 소멸됩니다. 자세한 내용은 KT 멤버십 앱에서 확인하세요.",normal,정상포인트소멸알림,False,original
"[교보문고] 적립하신 바로드림 포인트 7,800원이 이달 말 만료됩니다. 온/오프라인 매장에서 사용 가능합니다.",normal,정상포인트소멸알림,False,original
"[Web발신][현대백화점] 회원 포인트 18,000점이 12월 말 소멸 예정입니다. H.Point 앱에서 확인해 주세요.",normal,정상포인트소멸알림,False,original
[스타벅스] 별 12개가 이번 달 말 만료 예정입니다. 사이렌오더 앱에서 사용해 보세요.,normal,정상포인트소멸알림,False,original
"[Web발신][우리카드] 카드 포인트 9,500점이 이번 달 말 사라집니다. 위비멤버스 앱에서 조회 가능합니다.",normal,정상포인트소멸알림,False,original
"[아시아나항공] 마일리지 일부(3,200마일)가 연말 소멸 예정입니다. 마일리지클럽 홈페이지에서 확인하세요. https://www.flyasiana.com/mileage",normal,정상포인트소멸알림,True,original
"[Web발신][롯데멤버스] 엘포인트 6,700점이 이달 말 만료됩니다. 롯데멤버스 앱에서 사용해 주세요.",normal,정상포인트소멸알림,False,original
"[배달의민족] 배민포인트 2,000원이 이번 달 말 소멸됩니다. 앱에서 주문 시 사용 가능합니다.",normal,정상포인트소멸알림,False,original
"[Web발신][LG U+] 유플러스 포인트 4,100점이 12월 31일 자동 소멸됩니다. U+멤버십 앱에서 확인해 주세요. https://www.uplus.co.kr/membership",normal,정상포인트소멸알림,True,original
"[11번가] 적립금 3,500원이 이달 말 만료 예정이니 주문 시 사용해 주세요.",normal,정상포인트소멸알림,False,synthetic_fp_stress
"[Web발신][하나카드] 하나머니 11,000원이 이번 달 말 소멸됩니다. 하나카드 앱에서 확인 가능합니다.",normal,정상포인트소멸알림,False,synthetic_fp_stress
"[CGV] 무비콜렉트 포인트 1,800점이 이달 말 만료됩니다. CGV 앱에서 예매 시 사용해 주세요.",normal,정상포인트소멸알림,False,synthetic_fp_stress
"[Web발신][삼성카드] 적립 포인트 27,000점 중 일부가 이번 달 말 소멸 예정입니다. 삼성카드 앱에서 확인해 주세요.",normal,정상포인트소멸알림,False,synthetic_fp_stress
"[에버랜드] 멤버십 포인트 2,400점이 이달 말 소멸 예정입니다. 에버랜드 앱에서 확인 후 사용해 주세요.",normal,정상포인트소멸알림,False,synthetic_fp_stress
오늘 저녁에 치킨 콜?,normal,일상대화,False,original
야 오늘 술 한잔 콜?,normal,일상대화,False,original
주말에 영화 보러 갈래?,normal,일상대화,False,original
너 오늘 뭐해? 시간 되면 밥이나 먹자,normal,일상대화,False,original
이따 카페에서 볼까?,normal,일상대화,False,original
오랜만이다ㅋㅋ 잘 지내?,normal,일상대화,False,original
오늘 저녁 뭐 먹을까 고민중,normal,일상대화,False,original
우리 이번 주말에 등산 갈까?,normal,일상대화,False,original
야 오늘 게임 한판 하자,normal,일상대화,False,original
요즘 바빠서 연락 못했다 미안,normal,일상대화,False,original
다음 주에 시간 되면 얼굴 한번 보자,normal,일상대화,False,original
오늘 회식인데 너도 올래?,normal,일상대화,False,original
축하해! 오늘 저녁 한턱 쏴라ㅋㅋ,normal,일상대화,False,original
심심한데 통화 가능?,normal,일상대화,False,original
오늘 날씨 진짜 좋다 산책이나 할까,normal,일상대화,False,original
