text_fingerprint,text,label,type,source,proposed_type,review_status,reviewer,review_note
548e485bfdcafd221a48c1200afd9ef10757b6f29dd00591473fc6da9f9aa16c,[민생회복 소비쿠폰 안내] 신청 대상자에게 상담원이 곧 연락드립니다. 신청을 원할 경우 원격 도우미 앱을 먼저 설치해 주세요. [https://n.bnuee.cyou/K1Ilv,phishing,기타피싱,original,,PENDING,,
61ccd047a6d5f78a71f945165a65d40f04f8c92424d699d6319c5af94682c7fb,[대한]송장번호]5706*********67]/주소불일치 로물품보관 중 입니다 [https://appsiz.cfd/up2t7,phishing,기타피싱,original,,PENDING,,
61ccd047a6d5f78a71f945165a65d40f04f8c92424d699d6319c5af94682c7fb,[대한]송장번호]5706*********67]/주소불일치 로물품보관 중 입니다 [https://bit.ly/Vk3Cp,phishing,기타피싱,original,,PENDING,,
6e3832f8300e8b81a6519c542e89e405da7e6711a258d9863dea0769fc571153,삼가알려드립니다.부친께서 금일 별세 하셨습니다.장례식장https://div.bnuy.my/D8KYJ,phishing,기타피싱,original,,PENDING,,
6b8530a4a30f74cb07d8a9ab79175e7c7afc544d6d1592be218f4bcf620a6fa9,[한국택배] 택배 확인 부탁드립니다. https://reurl.cc/raR1v,phishing,기타피싱,original,,PENDING,,
91fda0dd98c106982336793ce09dda251f00e166fc5831707122cd5b6b6446eb,"[국제발신] 개인정보 보호법 제20조의2에 따라, Meta 개인정보처리방침을 검토하실 수 있습니다. https://Oa.SK/ftS5M",phishing,기타피싱,original,,PENDING,,
b30fcac2bd7b1c92afad68c693c7a786a4d4a9a22533ca9ace6aa5ada28c5b44,[부고] 아버님께서 별세하셨음을 알려드립니다. (장례식장 주소 https://t.ly/399gJ,phishing,기타피싱,original,,PENDING,,
dccd338f65a224e53bdcebddcfb764429ba4c928900b61298cc08fc2d63439f8,[Web발신] 마감 임 박 입니다. 구엉 테크에 들어가서 벌써 165-255 처를 결과냈습니다. 현재는 라이브 강의중. 즉시 저희 방에 놀러오세요. 만일 문제가 있을경우 모든 손 실 을 저희가 모든 첵임지겠습니다. 아래 링크 누르시고 즉시 밴드에 입장하시면 내용 전달 드리겠습니다. https://Oa.SK/4DCRS,phishing,기타피싱,original,,PENDING,,
91fda0dd98c106982336793ce09dda251f00e166fc5831707122cd5b6b6446eb,"[국제발신] 개인정보 보호법 제20조의2에 따라, Meta 개인정보처리방침을 검토하실 수 있습니다. https://bit.ly/tBW4e",phishing,기타피싱,original,,PENDING,,
2ea8346732eddecebb3d5b0af2dadfe19eac847d63d1a54616e3c9780c0d0a9b,[국제발신] 안녕하세요! ETC 사용 요금 미납 건이 확인되었습니다. 기한 내 납부 부탁드립니다. (https://n.bnuee.cyou/tF2Gq,phishing,기타피싱,original,,PENDING,,
56ec01a8920ca12fa6afb869214d09f51433f13591b59c9f227b814df2047846,[Web발신] 90대어르신도가능 공공기관도인정 유명인다수 20분으로평생행복하게사세요 https://reurl.cc/vHEXZ,phishing,기타피싱,original,,PENDING,,
548e485bfdcafd221a48c1200afd9ef10757b6f29dd00591473fc6da9f9aa16c,[민생회복 소비쿠폰 안내] 신청 대상자에게 상담원이 곧 연락드립니다. 신청을 원할 경우 원격 도우미 앱을 먼저 설치해 주세요. [https://reurl.cc/NfRB7,phishing,기타피싱,original,,PENDING,,
db048dd893aa9e801ccb48204b85e7376337220151a7c489523b40b90d470490,[Web발신] 000님 중요한 건으로 문자드립니다 확인해주세요 https://appsiz.cfd/thUmZ,phishing,기타피싱,original,,PENDING,,
32ebfadcc9ae33421da8f8246b2309ec4be9846cd569d9ed45df0407b714acc0,"[Web발신] 00님께, [CU]에서 전달된 소식입니다! ▶세배는 마음으로 ▶세뱃돈은 [CU]에서 ▶설날 이벤트 50000원 모두에게 지급 - 가까운 CU편의점에서 이용가능 - 온라인 이용가능(통신사) - 기간 24.02.01 ~ 24.02.05 홈페이지: https://gourl.kr/gfu1A",phishing,기타피싱,original,,PENDING,,
5357c9b1ab69168a7e4b658494a14f0146ba11cbba76172bb8c031404f5e8edd,"송년회 모임 공지합니다. 장소, 시간 확인 후 꼭 참석해 주세요!! (https://gourl.kr/iGTFR",phishing,기타피싱,original,,PENDING,,
9397997bc5d97edb5de9a4c887e8d0a260eac8df3f9b2bdbdac52ec775e6b51c,[Web발신] 000님 필요내용안내드립니다. 확인하기 https://t.ly/GGFkT 무료수신거부01585010114,phishing,기타피싱,original,,PENDING,,
1b4632392cc594cbd7f73cedfdb7cfe61384a76a8937ec34c9709142d490f8e9,옥션접수건은판매자가취소처리가불가하여고개님께서접수취소처리부탁드립니다 https://t.ly/kkxyt,phishing,기타피싱,original,,PENDING,,
638d116d425486fdd6c6d02756dbc9f8c32288aa05c6129adbcd6ef8ee8e127c,[Web발신] 신호위반 처벌고지서 발송완료 https://n.bnuee.cyou/HAS5G,phishing,기타피싱,original,,PENDING,,
1b4632392cc594cbd7f73cedfdb7cfe61384a76a8937ec34c9709142d490f8e9,옥션접수건은판매자가취소처리가불가하여고개님께서접수취소처리부탁드립니다 https://t.ly/7g9Yf,phishing,기타피싱,original,,PENDING,,
9ca4452fdfd46764ceb01d8118bc8e12f8ded6195c97aace09d63c06b2b8521d,* 음식폐기물 혼합배출 사실확인 되었습니다. https://appsiz.cfd/sqZNN,phishing,기타피싱,original,,PENDING,,
dccd338f65a224e53bdcebddcfb764429ba4c928900b61298cc08fc2d63439f8,[Web발신] 마감 임 박 입니다. 구엉 테크에 들어가서 벌써 165-255 처를 결과냈습니다. 현재는 라이브 강의중. 즉시 저희 방에 놀러오세요. 만일 문제가 있을경우 모든 손 실 을 저희가 모든 첵임지겠습니다. 아래 링크 누르시고 즉시 밴드에 입장하시면 내용 전달 드리겠습니다. https://Oa.SK/flD8u,phishing,기타피싱,original,,PENDING,,
1b4632392cc594cbd7f73cedfdb7cfe61384a76a8937ec34c9709142d490f8e9,옥션접수건은판매자가취소처리가불가하여고개님께서접수취소처리부탁드립니다 https://gourl.kr/Qt1uX,phishing,기타피싱,original,,PENDING,,
d032c79c99bf3ca9213f7263f47f32cfd8526e911d5a849518b237e4517ad7ba,[Web발신][처리] 귀하의 경범되 위반통지 1건 - 3회 미납시 형사처벌 안내: https://appsiz.cfd/Ohs13,phishing,기타피싱,original,,PENDING,,
f23eb0d0413c75d0f1b5bcc95a12777bb2f0d432a9389fa8e7251ce6f2d29ccf,"[모바일초], 청첩장 시간 7/8 (토) 11:00 결혼식에오 세요. https://appsiz.cfd/Xr8x7",phishing,기타피싱,original,,PENDING,,
61ccd047a6d5f78a71f945165a65d40f04f8c92424d699d6319c5af94682c7fb,[대한]송장번호]5706*********67]/주소불일치 로물품보관 중 입니다 [https://appsiz.cfd/8627V,phishing,기타피싱,original,,PENDING,,
f1ed0107d7276167b29a9aaf1372646c6762967790f5c41445f0b89ee8d31c10,[Web발신] 긴급생활비 지원사업이 접수되었습니다 다시한번 확인 부탁드립니다 https://div.bnuy.my/dPARn,phishing,기타피싱,original,,PENDING,,
eb8f6d7e5925e119738ba91c9b0ed18f2ecb8d9b2a3a3bff7ae366435b3681d4,[Web발신] 국내 우한폐렴 급속도확산 감염자및 접촉자 신분정보 확인하기 https://t.ly/4T1db,phishing,기타피싱,original,,PENDING,,
30e8097bdc1813eae34b105c20b4c92722a0d09cc0f212e1ac91fd32bb5e3831,추석에 찾아뵈어야 하는데 영상으로라도 인사드립니다. 즐거운 한가위 보내세요! https://t.ly/NIQNI,phishing,기타피싱,original,,PENDING,,
2ea8346732eddecebb3d5b0af2dadfe19eac847d63d1a54616e3c9780c0d0a9b,[국제발신] 안녕하세요! ETC 사용 요금 미납 건이 확인되었습니다. 기한 내 납부 부탁드립니다. (https://gourl.kr/rpmNe,phishing,기타피싱,original,,PENDING,,
61ccd047a6d5f78a71f945165a65d40f04f8c92424d699d6319c5af94682c7fb,[대한]송장번호]5706*********67]/주소불일치 로물품보관 중 입니다 [https://n.bnuee.cyou/mqlxo],phishing,기타피싱,original,,PENDING,,
0ac682d241a4d1354d7236185262f4046582be584c495781d549c50b706fdd6f,신년 연하장이 도착하였습니다. 2024년 새해 복 많이 받으세요. (https://Oa.SK/5t9WI,phishing,기타피싱,original,,PENDING,,
d8b87294730c72da113cdba5e9248674805c582c7940070e42f29e85b64c1333,즐거운 설명절 보내세요.(^0^)//선착순 무료 상품권을 드립니다. 선물 받기 (https://div.bnuy.my/WVib5,phishing,기타피싱,original,,PENDING,,
f1ed0107d7276167b29a9aaf1372646c6762967790f5c41445f0b89ee8d31c10,[Web발신] 긴급생활비 지원사업이 접수되었습니다 다시한번 확인 부탁드립니다 https://t.ly/LUMep,phishing,기타피싱,original,,PENDING,,
6b8530a4a30f74cb07d8a9ab79175e7c7afc544d6d1592be218f4bcf620a6fa9,[한국택배] 택배 확인 부탁드립니다. https://reurl.cc/3GlzC,phishing,기타피싱,original,,PENDING,,
7811e8068f90f834422688ef168fcd72669d9a938fa26e6e90e13ea82386cb22,설명절 이벤트에 당점되었습니다. 오늘 포인트가 소멸합니다. 꼭 확인해 주세요. ☞(https://appsiz.cfd/x1K0Q,phishing,기타피싱,original,,PENDING,,
32ebfadcc9ae33421da8f8246b2309ec4be9846cd569d9ed45df0407b714acc0,"[Web발신] 00님께, [CU]에서 전달된 소식입니다! ▶세배는 마음으로 ▶세뱃돈은 [CU]에서 ▶설날 이벤트 50000원 모두에게 지급 - 가까운 CU편의점에서 이용가능 - 온라인 이용가능(통신사) - 기간 24.02.01 ~ 24.02.05 홈페이지: https://gourl.kr/dpsKf",phishing,기타피싱,original,,PENDING,,
f23eb0d0413c75d0f1b5bcc95a12777bb2f0d432a9389fa8e7251ce6f2d29ccf,"[모바일초], 청첩장 시간 7/8 (토) 11:00 결혼식에오 세요. https://n.bnuee.cyou/QZ12R",phishing,기타피싱,original,,PENDING,,
89a3aa09779e79164ca091cc601492e2a04c3b3df48b4f946621c7840b05a458,사랑하는 모친께서 별세하셨기에 삼가알려드립니다 장례식장 https://n.bnuee.cyou/xsnNp,phishing,기타피싱,original,,PENDING,,
7811e8068f90f834422688ef168fcd72669d9a938fa26e6e90e13ea82386cb22,설명절 이벤트에 당점되었습니다. 오늘 포인트가 소멸합니다. 꼭 확인해 주세요. ☞(https://t.ly/AFnCv,phishing,기타피싱,original,,PENDING,,
0ac682d241a4d1354d7236185262f4046582be584c495781d549c50b706fdd6f,신년 연하장이 도착하였습니다. 2024년 새해 복 많이 받으세요. (https://gourl.kr/82gWf,phishing,기타피싱,original,,PENDING,,
a81efa689e5bab91577bbfd3c0ae3e32a941d3c8c7b18566cc15e6abf4479070,"[Web발신] ""2월 26일"" 백신점종시작 의료폐기물 관련주 급등예정 무료카톡오픈https://Oa.SK/UzOKA",phishing,기타피싱,original,,PENDING,,
d032c79c99bf3ca9213f7263f47f32cfd8526e911d5a849518b237e4517ad7ba,[Web발신][처리] 귀하의 경범되 위반통지 1건 - 3회 미납시 형사처벌 안내: https://reurl.cc/iOuV0,phishing,기타피싱,original,,PENDING,,
d032c79c99bf3ca9213f7263f47f32cfd8526e911d5a849518b237e4517ad7ba,[Web발신][처리] 귀하의 경범되 위반통지 1건 - 3회 미납시 형사처벌 안내: https://n.bnuee.cyou/0cTvM,phishing,기타피싱,original,,PENDING,,
dccd338f65a224e53bdcebddcfb764429ba4c928900b61298cc08fc2d63439f8,[Web발신] 마감 임 박 입니다. 구엉 테크에 들어가서 벌써 165-255 처를 결과냈습니다. 현재는 라이브 강의중. 즉시 저희 방에 놀러오세요. 만일 문제가 있을경우 모든 손 실 을 저희가 모든 첵임지겠습니다. 아래 링크 누르시고 즉시 밴드에 입장하시면 내용 전달 드리겠습니다. https://reurl.cc/GBvNR,phishing,기타피싱,original,,PENDING,,
91fda0dd98c106982336793ce09dda251f00e166fc5831707122cd5b6b6446eb,"[국제발신] 개인정보 보호법 제20조의2에 따라, Meta 개인정보처리방침을 검토하실 수 있습니다. https://gourl.kr/J21ki",phishing,기타피싱,original,,PENDING,,
2ea8346732eddecebb3d5b0af2dadfe19eac847d63d1a54616e3c9780c0d0a9b,[국제발신] 안녕하세요! ETC 사용 요금 미납 건이 확인되었습니다. 기한 내 납부 부탁드립니다. (https://Ink.ink/jskcs),phishing,기타피싱,original,,PENDING,,
89a3aa09779e79164ca091cc601492e2a04c3b3df48b4f946621c7840b05a458,사랑하는 모친께서 별세하셨기에 삼가알려드립니다 장례식장 https://t.ly/dVKq6,phishing,기타피싱,original,,PENDING,,
5928d47de7d591fa513b33f445095e7bdf6e4156257d054d7daa871fee874140,[모바일 초대] 결혼식 일시: 08/19 (토) 11:00 많이많이와주세요 https://appsiz.cfd/YiyGY,phishing,기타피싱,original,,PENDING,,
0ac682d241a4d1354d7236185262f4046582be584c495781d549c50b706fdd6f,신년 연하장이 도착하였습니다. 2024년 새해 복 많이 받으세요. (https://appsiz.cfd/xThGH,phishing,기타피싱,original,,PENDING,,
2ea8346732eddecebb3d5b0af2dadfe19eac847d63d1a54616e3c9780c0d0a9b,[국제발신] 안녕하세요! ETC 사용 요금 미납 건이 확인되었습니다. 기한 내 납부 부탁드립니다. (https://appsiz.cfd/P3zrD,phishing,기타피싱,original,,PENDING,,
5928d47de7d591fa513b33f445095e7bdf6e4156257d054d7daa871fee874140,[모바일 초대] 결혼식 일시: 08/19 (토) 11:00 많이많이와주세요 https://n.bnuee.cyou/9mjx9,phishing,기타피싱,original,,PENDING,,
89a3aa09779e79164ca091cc601492e2a04c3b3df48b4f946621c7840b05a458,사랑하는 모친께서 별세하셨기에 삼가알려드립니다 장례식장 https://div.bnuy.my/1oUNZ,phishing,기타피싱,original,,PENDING,,
9ca4452fdfd46764ceb01d8118bc8e12f8ded6195c97aace09d63c06b2b8521d,* 음식폐기물 혼합배출 사실확인 되었습니다. https://reurl.cc/5AjLX,phishing,기타피싱,original,,PENDING,,
6e3832f8300e8b81a6519c542e89e405da7e6711a258d9863dea0769fc571153,삼가알려드립니다.부친께서 금일 별세 하셨습니다.장례식장https://bit.ly/bXd6b,phishing,기타피싱,original,,PENDING,,
f1ed0107d7276167b29a9aaf1372646c6762967790f5c41445f0b89ee8d31c10,[Web발신] 긴급생활비 지원사업이 접수되었습니다 다시한번 확인 부탁드립니다 https://appsiz.cfd/R82Ka,phishing,기타피싱,original,,PENDING,,
0ac682d241a4d1354d7236185262f4046582be584c495781d549c50b706fdd6f,신년 연하장이 도착하였습니다. 2024년 새해 복 많이 받으세요. (https://appsiz.cfd/ki8VY,phishing,기타피싱,original,,PENDING,,
548e485bfdcafd221a48c1200afd9ef10757b6f29dd00591473fc6da9f9aa16c,[민생회복 소비쿠폰 안내] 신청 대상자에게 상담원이 곧 연락드립니다. 신청을 원할 경우 원격 도우미 앱을 먼저 설치해 주세요. [https://reurl.cc/kSp5D,phishing,기타피싱,original,,PENDING,,
94666abff5c37cbceb44c9f3d78c9096a4c6f91c7e4c43c581a2a8e787760344,[Web발신] {*교통24} 교통위반(신호미준수) 벌금청구서가 전송되었습니다. 상세보기:https://reurl.cc/dnB2w,phishing,기타피싱,original,,PENDING,,
f1ed0107d7276167b29a9aaf1372646c6762967790f5c41445f0b89ee8d31c10,[Web발신] 긴급생활비 지원사업이 접수되었습니다 다시한번 확인 부탁드립니다 https://n.bnuee.cyou/GU89L,phishing,기타피싱,original,,PENDING,,
a675e160cf2437041289204afbed8250f986db40489ddbee641657a4e82ca470,"[Web발신] 안녕하세요 취업비서 인쿠르트의 김00입니다 JYP엔터테인먼트에서 모바일로 음악음반평가, 리얼평가를 통해 새롭게 육성되는 아티스트의 인지도와 음악음반 순위를 끌어올리기 위한 직원을 모집하고 있습니다 아르바이트, 풀타임 모두 가능하며 현재 업무에 지장을 주지 않고 자유롭게 근무시간을 조정하여 30-60분의 여가시간을 이용하여 하루 20-112만 원의 추가 수입을 올릴수 있습니다.(급여는 무조건 당일 지급입니다.) <상담문의> 자세한 내용은 문자 메시지를 통해 전담 담당자에게 문의하세요. : 010-9570-**** 상담 인원수가 많아 전화 소통이 어려우니",phishing,기타피싱,original,,PENDING,,
91fda0dd98c106982336793ce09dda251f00e166fc5831707122cd5b6b6446eb,"[국제발신] 개인정보 보호법 제20조의2에 따라, Meta 개인정보처리방침을 검토하실 수 있습니다. https://reurl.cc/7yJhp",phishing,기타피싱,original,,PENDING,,
548e485bfdcafd221a48c1200afd9ef10757b6f29dd00591473fc6da9f9aa16c,[민생회복 소비쿠폰 안내] 신청 대상자에게 상담원이 곧 연락드립니다. 신청을 원할 경우 원격 도우미 앱을 먼저 설치해 주세요. [https://t.ly/6CqeX,phishing,기타피싱,original,,PENDING,,
d032c79c99bf3ca9213f7263f47f32cfd8526e911d5a849518b237e4517ad7ba,[Web발신][처리] 귀하의 경범되 위반통지 1건 - 3회 미납시 형사처벌 안내: https://appsiz.cfd/3oemN,phishing,기타피싱,original,,PENDING,,
f1ed0107d7276167b29a9aaf1372646c6762967790f5c41445f0b89ee8d31c10,[Web발신] 긴급생활비 지원사업이 접수되었습니다 다시한번 확인 부탁드립니다 https://div.bnuy.my/qodpS,phishing,기타피싱,original,,PENDING,,
39d05b840098461e72dbe3cb63b91e57183d6f65df1763509605164611f872a8,부친께서 별세하셨기에 아래와 같이 부고를 전해드립니다 https://gourl.kr/AP4M3,phishing,기타피싱,original,,PENDING,,
56ec01a8920ca12fa6afb869214d09f51433f13591b59c9f227b814df2047846,[Web발신] 90대어르신도가능 공공기관도인정 유명인다수 20분으로평생행복하게사세요 https://appsiz.cfd/2C3zh,phishing,기타피싱,original,,PENDING,,
2ea8346732eddecebb3d5b0af2dadfe19eac847d63d1a54616e3c9780c0d0a9b,[국제발신] 안녕하세요! ETC 사용 요금 미납 건이 확인되었습니다. 기한 내 납부 부탁드립니다. (https://gourl.kr/kCn0j,phishing,기타피싱,original,,PENDING,,
89a3aa09779e79164ca091cc601492e2a04c3b3df48b4f946621c7840b05a458,사랑하는 모친께서 별세하셨기에 삼가알려드립니다 장례식장 https://n.bnuee.cyou/kalIN,phishing,기타피싱,original,,PENDING,,
638d116d425486fdd6c6d02756dbc9f8c32288aa05c6129adbcd6ef8ee8e127c,[Web발신] 신호위반 처벌고지서 발송완료 https://Oa.SK/4rKUc,phishing,기타피싱,original,,PENDING,,
77b81d18dc5de0e4539eae4029aed9b4e8c1dd6ba45dd38469449f488a4ce4d2,[국제발신] 귀하의 Apple 계정 에서 원격 로그인 활동이 감지되었습니다! 세부정보: https://appsiz.cfd/xBlnF,phishing,기타피싱,original,,PENDING,,
b4b02e3bff22d06209da4b727844fe6f8e4befb14f105b7dda00616cc65a16f8,[Web발신] 국 민 건 강 검 진 통시 서 입 니 다 자세한 내용을 확인: https://gourl.kr/ooPqt,phishing,기타피싱,original,,PENDING,,
2ea8346732eddecebb3d5b0af2dadfe19eac847d63d1a54616e3c9780c0d0a9b,[국제발신] 안녕하세요! ETC 사용 요금 미납 건이 확인되었습니다. 기한 내 납부 부탁드립니다. (https://appsiz.cfd/sogQr,phishing,기타피싱,original,,PENDING,,
eb8f6d7e5925e119738ba91c9b0ed18f2ecb8d9b2a3a3bff7ae366435b3681d4,[Web발신] 국내 우한폐렴 급속도확산 감염자및 접촉자 신분정보 확인하기 https://reurl.cc/ZxpLX,phishing,기타피싱,original,,PENDING,,
64b7a8d4db71b7a64cb6f64072624c5a6ea92fad1fbaf0fc6049a355841ec62c,[연말정산] 연말정산 환급금 수령안내 아래 링크를 통해 손택스 앱을 설치하고 연말정산 환급금을 수령하세요. (https://bit.ly/Emp0f,phishing,기타피싱,original,,PENDING,,
5928d47de7d591fa513b33f445095e7bdf6e4156257d054d7daa871fee874140,[모바일 초대] 결혼식 일시: 08/19 (토) 11:00 많이많이와주세요 https://t.ly/UZdam,phishing,기타피싱,original,,PENDING,,
9ca4452fdfd46764ceb01d8118bc8e12f8ded6195c97aace09d63c06b2b8521d,* 음식폐기물 혼합배출 사실확인 되었습니다. https://gourl.kr/1vyBU,phishing,기타피싱,original,,PENDING,,
d632e1f1594d3a51989bc45058cbe1d86d25ba776d6cfddf0975127cacdeb23d,2024년★신년맞이★선착순 커피쿠폰 제공 새해 복 많이 받으세요. (https://gourl.kr/gYJBC,phishing,기타피싱,original,,PENDING,,
61ccd047a6d5f78a71f945165a65d40f04f8c92424d699d6319c5af94682c7fb,[대한]송장번호]5706*********67]/주소불일치 로물품보관 중 입니다 [https://n.bnuee.cyou/eYqU7,phishing,기타피싱,original,,PENDING,,
5928d47de7d591fa513b33f445095e7bdf6e4156257d054d7daa871fee874140,[모바일 초대] 결혼식 일시: 08/19 (토) 11:00 많이많이와주세요 https://gourl.kr/kHqcI,phishing,기타피싱,original,,PENDING,,
6e3832f8300e8b81a6519c542e89e405da7e6711a258d9863dea0769fc571153,삼가알려드립니다.부친께서 금일 별세 하셨습니다.장례식장https://t.ly/UFXdE,phishing,기타피싱,original,,PENDING,,
a81efa689e5bab91577bbfd3c0ae3e32a941d3c8c7b18566cc15e6abf4479070,"[Web발신] ""2월 26일"" 백신점종시작 의료폐기물 관련주 급등예정 무료카톡오픈https://reurl.cc/sJs2T",phishing,기타피싱,original,,PENDING,,
94666abff5c37cbceb44c9f3d78c9096a4c6f91c7e4c43c581a2a8e787760344,[Web발신] {*교통24} 교통위반(신호미준수) 벌금청구서가 전송되었습니다. 상세보기:https://gourl.kr/agRIT,phishing,기타피싱,original,,PENDING,,
d8b87294730c72da113cdba5e9248674805c582c7940070e42f29e85b64c1333,즐거운 설명절 보내세요.(^0^)//선착순 무료 상품권을 드립니다. 선물 받기 (https://div.bnuy.my/a8KUS,phishing,기타피싱,original,,PENDING,,
5357c9b1ab69168a7e4b658494a14f0146ba11cbba76172bb8c031404f5e8edd,"송년회 모임 공지합니다. 장소, 시간 확인 후 꼭 참석해 주세요!! (https://gourl.kr/6C7Sk",phishing,기타피싱,original,,PENDING,,
a4e0ae3d2d6c2869ed1693c3d6889cea119d3793c2c32d1ab6f84cff9eb497bc,[도로공사] 000님차량 불법단속대상 적발! 확인 후 빠른처리 요망! http365.com,phishing,기타피싱,original,,PENDING,,
9ca4452fdfd46764ceb01d8118bc8e12f8ded6195c97aace09d63c06b2b8521d,* 음식폐기물 혼합배출 사실확인 되었습니다. https://gourl.kr/PxVVw,phishing,기타피싱,original,,PENDING,,
0ac682d241a4d1354d7236185262f4046582be584c495781d549c50b706fdd6f,신년 연하장이 도착하였습니다. 2024년 새해 복 많이 받으세요. (https://appsiz.cfd/sPa9o,phishing,기타피싱,original,,PENDING,,
2ea8346732eddecebb3d5b0af2dadfe19eac847d63d1a54616e3c9780c0d0a9b,[국제발신] 안녕하세요! ETC 사용 요금 미납 건이 확인되었습니다. 기한 내 납부 부탁드립니다. (https://bit.ly/P2M4E,phishing,기타피싱,original,,PENDING,,
1b4632392cc594cbd7f73cedfdb7cfe61384a76a8937ec34c9709142d490f8e9,옥션접수건은판매자가취소처리가불가하여고개님께서접수취소처리부탁드립니다 https://gourl.kr/Xy8Iv,phishing,기타피싱,original,,PENDING,,
6474a1c063ddf8391fc73618c6cb3fdfa5080083dfb7bee9c5f65c67f46ddf3f,안녕하세요 쿠팡입니다. [Web발신] 쿠팡 이용해주시는 고객님 한정 쿠팡 제휴사체험단 지원이 가능합니다! 제휴사체험단의 제품을 무상으로 체험하시고 체험수당(현금)도 받아가세요! ☞ 하루 최대 30~100만 체험수당(현금)과 체험단제품을 무상으로 체험하세요! 지금바로 확인하시고 체험! 을 외쳐주세요! 이번 체험단은 무더운 여름을 타파할 혜택이 가득합니다. 상담 채널: https://gourl.kr/ronpL -체험! 이라고 말씀하시면 됩니다. 아래 혜택 꼼꼼하게 확인부탁드립니다! 혜택1. 여름을 시원하게 타파할 체험단 체험수당(현금)! 혜택2. 마련된 체험상품들 모두 무료증정! 혜택3. 선정된 인원들가운데 호캉스 숙박권 지급!,phishing,기타피싱,original,,PENDING,,
7776a4e0889d7f31127be77d87188d7d4c74719d6f4e44f73490f46c81ef7e12,교통위반(신호 미준수) 벌금 부과 내역이 전송되었습니다. https://bit.ly/gqLvt,phishing,기타피싱,original,,PENDING,,
9ca4452fdfd46764ceb01d8118bc8e12f8ded6195c97aace09d63c06b2b8521d,* 음식폐기물 혼합배출 사실확인 되었습니다. https://t.ly/SSduH,phishing,기타피싱,original,,PENDING,,
d032c79c99bf3ca9213f7263f47f32cfd8526e911d5a849518b237e4517ad7ba,[Web발신][처리] 귀하의 경범되 위반통지 1건 - 3회 미납시 형사처벌 안내: https://n.bnuee.cyou/8Fa9a,phishing,기타피싱,original,,PENDING,,
91fda0dd98c106982336793ce09dda251f00e166fc5831707122cd5b6b6446eb,"[국제발신] 개인정보 보호법 제20조의2에 따라, Meta 개인정보처리방침을 검토하실 수 있습니다. https://appsiz.cfd/oyHY0",phishing,기타피싱,original,,PENDING,,
b30fcac2bd7b1c92afad68c693c7a786a4d4a9a22533ca9ace6aa5ada28c5b44,[부고] 아버님께서 별세하셨음을 알려드립니다. (장례식장 주소 https://appsiz.cfd/fIpRV,phishing,기타피싱,original,,PENDING,,
b4b02e3bff22d06209da4b727844fe6f8e4befb14f105b7dda00616cc65a16f8,[Web발신] 국 민 건 강 검 진 통시 서 입 니 다 자세한 내용을 확인: https://gourl.kr/GtPxe,phishing,기타피싱,original,,PENDING,,
30e8097bdc1813eae34b105c20b4c92722a0d09cc0f212e1ac91fd32bb5e3831,추석에 찾아뵈어야 하는데 영상으로라도 인사드립니다. 즐거운 한가위 보내세요! https://t.ly/WNVIt,phishing,기타피싱,original,,PENDING,,
a7b5c25fa4ec87fcf9375e62c26dbcd4fcee19e68953b5d3585baa61fad98086,고객님의 주소가 정확하지 않아 귀하의 상품을 배달할 수 없습니다. 주소를 정확히 입력해주세요: https://gourl.kr/gEcpO,phishing,기타피싱,original,,PENDING,,
61ccd047a6d5f78a71f945165a65d40f04f8c92424d699d6319c5af94682c7fb,[대한]송장번호]5706*********67]/주소불일치 로물품보관 중 입니다 [https://div.bnuy.my/SDHiE,phishing,기타피싱,original,,PENDING,,
a81efa689e5bab91577bbfd3c0ae3e32a941d3c8c7b18566cc15e6abf4479070,"[Web발신] ""2월 26일"" 백신점종시작 의료폐기물 관련주 급등예정 무료카톡오픈https://t.ly/XrNr5",phishing,기타피싱,original,,PENDING,,
89a3aa09779e79164ca091cc601492e2a04c3b3df48b4f946621c7840b05a458,사랑하는 모친께서 별세하셨기에 삼가알려드립니다 장례식장 https://reurl.cc/VscFO,phishing,기타피싱,original,,PENDING,,
32ebfadcc9ae33421da8f8246b2309ec4be9846cd569d9ed45df0407b714acc0,"[Web발신] 00님께, [CU]에서 전달된 소식입니다! ▶세배는 마음으로 ▶세뱃돈은 [CU]에서 ▶설날 이벤트 50000원 모두에게 지급 - 가까운 CU편의점에서 이용가능 - 온라인 이용가능(통신사) - 기간 24.02.01 ~ 24.02.05 홈페이지: https://Oa.SK/UUr3M",phishing,기타피싱,original,,PENDING,,
f23eb0d0413c75d0f1b5bcc95a12777bb2f0d432a9389fa8e7251ce6f2d29ccf,"[모바일초], 청첩장 시간 7/8 (토) 11:00 결혼식에오 세요. https://t.ly/ixQor",phishing,기타피싱,original,,PENDING,,
39d05b840098461e72dbe3cb63b91e57183d6f65df1763509605164611f872a8,부친께서 별세하셨기에 아래와 같이 부고를 전해드립니다 https://n.bnuee.cyou/BUiD8,phishing,기타피싱,original,,PENDING,,
5357c9b1ab69168a7e4b658494a14f0146ba11cbba76172bb8c031404f5e8edd,"송년회 모임 공지합니다. 장소, 시간 확인 후 꼭 참석해 주세요!! (https://div.bnuy.my/VicSf",phishing,기타피싱,original,,PENDING,,
89a3aa09779e79164ca091cc601492e2a04c3b3df48b4f946621c7840b05a458,사랑하는 모친께서 별세하셨기에 삼가알려드립니다 장례식장 https://gourl.kr/0iyI0,phishing,기타피싱,original,,PENDING,,
2ea8346732eddecebb3d5b0af2dadfe19eac847d63d1a54616e3c9780c0d0a9b,[국제발신] 안녕하세요! ETC 사용 요금 미납 건이 확인되었습니다. 기한 내 납부 부탁드립니다. (https://n.bnuee.cyou/wZ1KP,phishing,기타피싱,original,,PENDING,,
39d05b840098461e72dbe3cb63b91e57183d6f65df1763509605164611f872a8,부친께서 별세하셨기에 아래와 같이 부고를 전해드립니다 https://appsiz.cfd/KmTHm,phishing,기타피싱,original,,PENDING,,
dccd338f65a224e53bdcebddcfb764429ba4c928900b61298cc08fc2d63439f8,[Web발신] 마감 임 박 입니다. 구엉 테크에 들어가서 벌써 165-255 처를 결과냈습니다. 현재는 라이브 강의중. 즉시 저희 방에 놀러오세요. 만일 문제가 있을경우 모든 손 실 을 저희가 모든 첵임지겠습니다. 아래 링크 누르시고 즉시 밴드에 입장하시면 내용 전달 드리겠습니다. https://bit.ly/9ZQh0,phishing,기타피싱,original,,PENDING,,
638d116d425486fdd6c6d02756dbc9f8c32288aa05c6129adbcd6ef8ee8e127c,[Web발신] 신호위반 처벌고지서 발송완료 https://Oa.SK/35VOF,phishing,기타피싱,original,,PENDING,,
6b8530a4a30f74cb07d8a9ab79175e7c7afc544d6d1592be218f4bcf620a6fa9,[한국택배] 택배 확인 부탁드립니다. https://div.bnuy.my/5KfLP,phishing,기타피싱,original,,PENDING,,
a7b5c25fa4ec87fcf9375e62c26dbcd4fcee19e68953b5d3585baa61fad98086,고객님의 주소가 정확하지 않아 귀하의 상품을 배달할 수 없습니다. 주소를 정확히 입력해주세요: https://div.bnuy.my/G9YrB,phishing,기타피싱,original,,PENDING,,
a81efa689e5bab91577bbfd3c0ae3e32a941d3c8c7b18566cc15e6abf4479070,"[Web발신] ""2월 26일"" 백신점종시작 의료폐기물 관련주 급등예정 무료카톡오픈https://Oa.SK/Vvi6v",phishing,기타피싱,original,,PENDING,,
5357c9b1ab69168a7e4b658494a14f0146ba11cbba76172bb8c031404f5e8edd,"송년회 모임 공지합니다. 장소, 시간 확인 후 꼭 참석해 주세요!! (https://bit.ly/8ZCqH",phishing,기타피싱,original,,PENDING,,
f1ed0107d7276167b29a9aaf1372646c6762967790f5c41445f0b89ee8d31c10,[Web발신] 긴급생활비 지원사업이 접수되었습니다 다시한번 확인 부탁드립니다 https://gourl.kr/0tmMz,phishing,기타피싱,original,,PENDING,,
eb8f6d7e5925e119738ba91c9b0ed18f2ecb8d9b2a3a3bff7ae366435b3681d4,[Web발신] 국내 우한폐렴 급속도확산 감염자및 접촉자 신분정보 확인하기 https://appsiz.cfd/taQyM,phishing,기타피싱,original,,PENDING,,
dccd338f65a224e53bdcebddcfb764429ba4c928900b61298cc08fc2d63439f8,[Web발신] 마감 임 박 입니다. 구엉 테크에 들어가서 벌써 165-255 처를 결과냈습니다. 현재는 라이브 강의중. 즉시 저희 방에 놀러오세요. 만일 문제가 있을경우 모든 손 실 을 저희가 모든 첵임지겠습니다. 아래 링크 누르시고 즉시 밴드에 입장하시면 내용 전달 드리겠습니다. https://n.bnuee.cyou/TiYtI,phishing,기타피싱,original,,PENDING,,
0ac682d241a4d1354d7236185262f4046582be584c495781d549c50b706fdd6f,신년 연하장이 도착하였습니다. 2024년 새해 복 많이 받으세요. (https://div.bnuy.my/seI1K,phishing,기타피싱,original,,PENDING,,
5928d47de7d591fa513b33f445095e7bdf6e4156257d054d7daa871fee874140,[모바일 초대] 결혼식 일시: 08/19 (토) 11:00 많이많이와주세요 https://bit.ly/omnXD,phishing,기타피싱,original,,PENDING,,
b30fcac2bd7b1c92afad68c693c7a786a4d4a9a22533ca9ace6aa5ada28c5b44,[부고] 아버님께서 별세하셨음을 알려드립니다. (장례식장 주소 https://gourl.kr/PW5Gl,phishing,기타피싱,original,,PENDING,,
d632e1f1594d3a51989bc45058cbe1d86d25ba776d6cfddf0975127cacdeb23d,2024년★신년맞이★선착순 커피쿠폰 제공 새해 복 많이 받으세요. (https://div.bnuy.my/Hf4gr,phishing,기타피싱,original,,PENDING,,
730c13eee53bf80a677e9182f16bb4a3ecae6c01313f7beceeb29032830c2606,"[Web발신] 안녕하세요 취업비서 인쿠르트의 김00입니다 JYP엔터테인먼트에서 모바일로 음악음반평가, 리얼평가를 통해 새롭게 육성되는 아티스트의 인지도와 음악음반 순위를 끌어올리기 위한 직원을 모집하고 있습니다 아르바이트, 풀타임 모두 가능하며 현재 업무에 지장을 주지 않고 자유롭게 근무시간을 조정하여 30-60분의 여가시간을 이용하여 하루 20-80만 원의 추가 수입을 올릴수 있습니다.(급여는 무조건 당일 지급입니다.) <상담문의> 자세한 내용은 문자 메시지를 통해 전담 담당자에게 문의하세요. : 010-9570-**** 상담 인원수가 많아 전화 소통이 어려우니",phishing,기타피싱,original,,PENDING,,
77b81d18dc5de0e4539eae4029aed9b4e8c1dd6ba45dd38469449f488a4ce4d2,[국제발신] 귀하의 Apple 계정 에서 원격 로그인 활동이 감지되었습니다! 세부정보: https://reurl.cc/a291L,phishing,기타피싱,original,,PENDING,,
5928d47de7d591fa513b33f445095e7bdf6e4156257d054d7daa871fee874140,[모바일 초대] 결혼식 일시: 08/19 (토) 11:00 많이많이와주세요 https://div.bnuy.my/qnoe2,phishing,기타피싱,original,,PENDING,,
a81efa689e5bab91577bbfd3c0ae3e32a941d3c8c7b18566cc15e6abf4479070,"[Web발신] ""2월 26일"" 백신점종시작 의료폐기물 관련주 급등예정 무료카톡오픈https://t.ly/14vgE",phishing,기타피싱,original,,PENDING,,
548e485bfdcafd221a48c1200afd9ef10757b6f29dd00591473fc6da9f9aa16c,[민생회복 소비쿠폰 안내] 신청 대상자에게 상담원이 곧 연락드립니다. 신청을 원할 경우 원격 도우미 앱을 먼저 설치해 주세요. [https://gourl.kr/djobB,phishing,기타피싱,original,,PENDING,,
a7b5c25fa4ec87fcf9375e62c26dbcd4fcee19e68953b5d3585baa61fad98086,고객님의 주소가 정확하지 않아 귀하의 상품을 배달할 수 없습니다. 주소를 정확히 입력해주세요: https://n.bnuee.cyou/waBzn,phishing,기타피싱,original,,PENDING,,
7811e8068f90f834422688ef168fcd72669d9a938fa26e6e90e13ea82386cb22,설명절 이벤트에 당점되었습니다. 오늘 포인트가 소멸합니다. 꼭 확인해 주세요. ☞(https://div.bnuy.my/k059f,phishing,기타피싱,original,,PENDING,,
a7b5c25fa4ec87fcf9375e62c26dbcd4fcee19e68953b5d3585baa61fad98086,고객님의 주소가 정확하지 않아 귀하의 상품을 배달할 수 없습니다. 주소를 정확히 입력해주세요: https://Oa.SK/s400J,phishing,기타피싱,original,,PENDING,,
39d05b840098461e72dbe3cb63b91e57183d6f65df1763509605164611f872a8,부친께서 별세하셨기에 아래와 같이 부고를 전해드립니다 https://Oa.SK/tkBLQ,phishing,기타피싱,original,,PENDING,,
eb8f6d7e5925e119738ba91c9b0ed18f2ecb8d9b2a3a3bff7ae366435b3681d4,[Web발신] 국내 우한폐렴 급속도확산 감염자및 접촉자 신분정보 확인하기 https://div.bnuy.my/kVtqH,phishing,기타피싱,original,,PENDING,,
6e3832f8300e8b81a6519c542e89e405da7e6711a258d9863dea0769fc571153,삼가알려드립니다.부친께서 금일 별세 하셨습니다.장례식장https://appsiz.cfd/eNOxB,phishing,기타피싱,original,,PENDING,,
6b8530a4a30f74cb07d8a9ab79175e7c7afc544d6d1592be218f4bcf620a6fa9,[한국택배] 택배 확인 부탁드립니다. https://bit.ly/l6q78,phishing,기타피싱,original,,PENDING,,
30e8097bdc1813eae34b105c20b4c92722a0d09cc0f212e1ac91fd32bb5e3831,추석에 찾아뵈어야 하는데 영상으로라도 인사드립니다. 즐거운 한가위 보내세요! https://t.ly/UIWeA,phishing,기타피싱,original,,PENDING,,
61ccd047a6d5f78a71f945165a65d40f04f8c92424d699d6319c5af94682c7fb,[대한]송장번호]5706*********67]/주소불일치 로물품보관 중 입니다 [https://gourl.kr/wUTIN,phishing,기타피싱,original,,PENDING,,
6474a1c063ddf8391fc73618c6cb3fdfa5080083dfb7bee9c5f65c67f46ddf3f,안녕하세요 쿠팡입니다. [Web발신] 쿠팡 이용해주시는 고객님 한정 쿠팡 제휴사체험단 지원이 가능합니다! 제휴사체험단의 제품을 무상으로 체험하시고 체험수당(현금)도 받아가세요! ☞ 하루 최대 30~100만 체험수당(현금)과 체험단제품을 무상으로 체험하세요! 지금바로 확인하시고 체험! 을 외쳐주세요! 이번 체험단은 무더운 여름을 타파할 혜택이 가득합니다. 상담 채널: https://reurl.cc/j38mf -체험! 이라고 말씀하시면 됩니다. 아래 혜택 꼼꼼하게 확인부탁드립니다! 혜택1. 여름을 시원하게 타파할 체험단 체험수당(현금)! 혜택2. 마련된 체험상품들 모두 무료증정! 혜택3. 선정된 인원들가운데 호캉스 숙박권 지급!,phishing,기타피싱,original,,PENDING,,
61ccd047a6d5f78a71f945165a65d40f04f8c92424d699d6319c5af94682c7fb,[대한]송장번호]5706*********67]/주소불일치 로물품보관 중 입니다 [https://n.bnuee.cyou/yEKb6,phishing,기타피싱,original,,PENDING,,
94666abff5c37cbceb44c9f3d78c9096a4c6f91c7e4c43c581a2a8e787760344,[Web발신] {*교통24} 교통위반(신호미준수) 벌금청구서가 전송되었습니다. 상세보기:https://n.bnuee.cyou/vZgxa,phishing,기타피싱,original,,PENDING,,
9ca4452fdfd46764ceb01d8118bc8e12f8ded6195c97aace09d63c06b2b8521d,* 음식폐기물 혼합배출 사실확인 되었습니다. https://reurl.cc/e6Se3,phishing,기타피싱,original,,PENDING,,
db048dd893aa9e801ccb48204b85e7376337220151a7c489523b40b90d470490,[Web발신] 000님 중요한 건으로 문자드립니다 확인해주세요 https://bit.ly/z9mA8,phishing,기타피싱,original,,PENDING,,
d8b87294730c72da113cdba5e9248674805c582c7940070e42f29e85b64c1333,즐거운 설명절 보내세요.(^0^)//선착순 무료 상품권을 드립니다. 선물 받기 (https://t.ly/1ii1x,phishing,기타피싱,original,,PENDING,,
db048dd893aa9e801ccb48204b85e7376337220151a7c489523b40b90d470490,[Web발신] 000님 중요한 건으로 문자드립니다 확인해주세요 https://n.bnuee.cyou/y4EDH,phishing,기타피싱,original,,PENDING,,
a81efa689e5bab91577bbfd3c0ae3e32a941d3c8c7b18566cc15e6abf4479070,"[Web발신] ""2월 26일"" 백신점종시작 의료폐기물 관련주 급등예정 무료카톡오픈https://n.bnuee.cyou/1P71v",phishing,기타피싱,original,,PENDING,,
1b4632392cc594cbd7f73cedfdb7cfe61384a76a8937ec34c9709142d490f8e9,옥션접수건은판매자가취소처리가불가하여고개님께서접수취소처리부탁드립니다 https://div.bnuy.my/ZoYWY,phishing,기타피싱,original,,PENDING,,
2ea8346732eddecebb3d5b0af2dadfe19eac847d63d1a54616e3c9780c0d0a9b,[국제발신] 안녕하세요! ETC 사용 요금 미납 건이 확인되었습니다. 기한 내 납부 부탁드립니다. (https://Oa.SK/nJrCq,phishing,기타피싱,original,,PENDING,,
94666abff5c37cbceb44c9f3d78c9096a4c6f91c7e4c43c581a2a8e787760344,[Web발신] {*교통24} 교통위반(신호미준수) 벌금청구서가 전송되었습니다. 상세보기:https://gourl.kr/mGlOW,phishing,기타피싱,original,,PENDING,,
7776a4e0889d7f31127be77d87188d7d4c74719d6f4e44f73490f46c81ef7e12,교통위반(신호 미준수) 벌금 부과 내역이 전송되었습니다. https://bit.ly/KUm2i,phishing,기타피싱,original,,PENDING,,
855ba18f219ac65fb2a580a0f4b26b6d273fccbe916969b1b84143c54c8f23f4,"[Web발신] 안녕하세요 취업비서 인쿠르트의 김00입니다 JYP엔터테인먼트에서 모바일로 음악음반평가, 리얼평가를 통해 새롭게 육성되는 아티스트의 인지도와 음악음반 순위를 끌어올리기 위한 직원을 모집하고 있습니다 아르바이트, 풀타임 모두 가능하며 현재 업무에 지장을 주지 않고 자유롭게 근무시간을 조정하여 30-60분의 여가시간을 이용하여 하루 20-253만 원의 추가 수입을 올릴수 있습니다.(급여는 무조건 당일 지급입니다.) <상담문의> 자세한 내용은 문자 메시지를 통해 전담 담당자에게 문의하세요. : 010-9570-**** 상담 인원수가 많아 전화 소통이 어려우니",phishing,기타피싱,original,,PENDING,,
94666abff5c37cbceb44c9f3d78c9096a4c6f91c7e4c43c581a2a8e787760344,[Web발신] {*교통24} 교통위반(신호미준수) 벌금청구서가 전송되었습니다. 상세보기:https://Oa.SK/MtFFB,phishing,기타피싱,original,,PENDING,,
0ac682d241a4d1354d7236185262f4046582be584c495781d549c50b706fdd6f,신년 연하장이 도착하였습니다. 2024년 새해 복 많이 받으세요. (https://reurl.cc/vuNOM,phishing,기타피싱,original,,PENDING,,
db048dd893aa9e801ccb48204b85e7376337220151a7c489523b40b90d470490,[Web발신] 000님 중요한 건으로 문자드립니다 확인해주세요 https://t.ly/BaEel,phishing,기타피싱,original,,PENDING,,
39d05b840098461e72dbe3cb63b91e57183d6f65df1763509605164611f872a8,부친께서 별세하셨기에 아래와 같이 부고를 전해드립니다 https://div.bnuy.my/uJxkP,phishing,기타피싱,original,,PENDING,,
d032c79c99bf3ca9213f7263f47f32cfd8526e911d5a849518b237e4517ad7ba,[Web발신][처리] 귀하의 경범되 위반통지 1건 - 3회 미납시 형사처벌 안내: https://bit.ly/LVLir,phishing,기타피싱,original,,PENDING,,
5357c9b1ab69168a7e4b658494a14f0146ba11cbba76172bb8c031404f5e8edd,"송년회 모임 공지합니다. 장소, 시간 확인 후 꼭 참석해 주세요!! (https://appsiz.cfd/8D05f",phishing,기타피싱,original,,PENDING,,
a81efa689e5bab91577bbfd3c0ae3e32a941d3c8c7b18566cc15e6abf4479070,"[Web발신] ""2월 26일"" 백신점종시작 의료폐기물 관련주 급등예정 무료카톡오픈https://appsiz.cfd/YTbTd",phishing,기타피싱,original,,PENDING,,
638d116d425486fdd6c6d02756dbc9f8c32288aa05c6129adbcd6ef8ee8e127c,[Web발신] 신호위반 처벌고지서 발송완료 https://t.ly/UWXaR,phishing,기타피싱,original,,PENDING,,
0ac682d241a4d1354d7236185262f4046582be584c495781d549c50b706fdd6f,신년 연하장이 도착하였습니다. 2024년 새해 복 많이 받으세요. (https://n.bnuee.cyou/ddwhK,phishing,기타피싱,original,,PENDING,,
7811e8068f90f834422688ef168fcd72669d9a938fa26e6e90e13ea82386cb22,설명절 이벤트에 당점되었습니다. 오늘 포인트가 소멸합니다. 꼭 확인해 주세요. ☞(https://appsiz.cfd/GsLzq,phishing,기타피싱,original,,PENDING,,
638d116d425486fdd6c6d02756dbc9f8c32288aa05c6129adbcd6ef8ee8e127c,[Web발신] 신호위반 처벌고지서 발송완료 https://Oa.SK/u75Uy,phishing,기타피싱,original,,PENDING,,
5357c9b1ab69168a7e4b658494a14f0146ba11cbba76172bb8c031404f5e8edd,"송년회 모임 공지합니다. 장소, 시간 확인 후 꼭 참석해 주세요!! (https://div.bnuy.my/eRZMV",phishing,기타피싱,original,,PENDING,,
102ecec1e3c66b3d3b2fee43a9b766dfbeea6807a2862be01d6e115b97ab909e,[Web발신] 안녕하세요 보증놀이터 [돛 단 배]에서 안내문자 드립니다. 새 단장전 잔액 및 정보 잔액: 751원 ID:***** PW:***** 소멸예정일: 2024.09.14 회원님께서는 리뉴얼전 이용하신 보유하셨던 금액 모두 현 식스벳에서 사용 혹은 환 받아보실수 있습니다. 주소: https://div.bnuy.my/FvHB3 새 단장으로 인하여 로그인정보 초기화 되셨으니 변경해주시길 바랍니다. 무료수신거부 0808706750,phishing,기타피싱,original,,PENDING,,
9ca4452fdfd46764ceb01d8118bc8e12f8ded6195c97aace09d63c06b2b8521d,* 음식폐기물 혼합배출 사실확인 되었습니다. https://bit.ly/avOcL,phishing,기타피싱,original,,PENDING,,
77b81d18dc5de0e4539eae4029aed9b4e8c1dd6ba45dd38469449f488a4ce4d2,[국제발신] 귀하의 Apple 계정 에서 원격 로그인 활동이 감지되었습니다! 세부정보: https://bit.ly/hJrSC,phishing,기타피싱,original,,PENDING,,
b4b02e3bff22d06209da4b727844fe6f8e4befb14f105b7dda00616cc65a16f8,[Web발신] 국 민 건 강 검 진 통시 서 입 니 다 자세한 내용을 확인: https://bit.ly/i20YM,phishing,기타피싱,original,,PENDING,,
7811e8068f90f834422688ef168fcd72669d9a938fa26e6e90e13ea82386cb22,설명절 이벤트에 당점되었습니다. 오늘 포인트가 소멸합니다. 꼭 확인해 주세요. ☞(https://appsiz.cfd/Zqa00,phishing,기타피싱,original,,PENDING,,
9ca4452fdfd46764ceb01d8118bc8e12f8ded6195c97aace09d63c06b2b8521d,* 음식폐기물 혼합배출 사실확인 되었습니다. https://div.bnuy.my/AGISh,phishing,기타피싱,original,,PENDING,,
39d05b840098461e72dbe3cb63b91e57183d6f65df1763509605164611f872a8,부친께서 별세하셨기에 아래와 같이 부고를 전해드립니다 https://div.bnuy.my/mDfBY,phishing,기타피싱,original,,PENDING,,
1b4632392cc594cbd7f73cedfdb7cfe61384a76a8937ec34c9709142d490f8e9,옥션접수건은판매자가취소처리가불가하여고개님께서접수취소처리부탁드립니다 https://gourl.kr/7uej2,phishing,기타피싱,original,,PENDING,,
9ca4452fdfd46764ceb01d8118bc8e12f8ded6195c97aace09d63c06b2b8521d,* 음식폐기물 혼합배출 사실확인 되었습니다. https://div.bnuy.my/qF9S6,phishing,기타피싱,original,,PENDING,,
b4b02e3bff22d06209da4b727844fe6f8e4befb14f105b7dda00616cc65a16f8,[Web발신] 국 민 건 강 검 진 통시 서 입 니 다 자세한 내용을 확인: https://div.bnuy.my/sO1U2,phishing,기타피싱,original,,PENDING,,
eb8f6d7e5925e119738ba91c9b0ed18f2ecb8d9b2a3a3bff7ae366435b3681d4,[Web발신] 국내 우한폐렴 급속도확산 감염자및 접촉자 신분정보 확인하기 https://n.bnuee.cyou/JowbD,phishing,기타피싱,original,,PENDING,,
6474a1c063ddf8391fc73618c6cb3fdfa5080083dfb7bee9c5f65c67f46ddf3f,안녕하세요 쿠팡입니다. [Web발신] 쿠팡 이용해주시는 고객님 한정 쿠팡 제휴사체험단 지원이 가능합니다! 제휴사체험단의 제품을 무상으로 체험하시고 체험수당(현금)도 받아가세요! ☞ 하루 최대 30~100만 체험수당(현금)과 체험단제품을 무상으로 체험하세요! 지금바로 확인하시고 체험! 을 외쳐주세요! 이번 체험단은 무더운 여름을 타파할 혜택이 가득합니다. 상담 채널: https://t.ly/72xms -체험! 이라고 말씀하시면 됩니다. 아래 혜택 꼼꼼하게 확인부탁드립니다! 혜택1. 여름을 시원하게 타파할 체험단 체험수당(현금)! 혜택2. 마련된 체험상품들 모두 무료증정! 혜택3. 선정된 인원들가운데 호캉스 숙박권 지급!,phishing,기타피싱,original,,PENDING,,
94666abff5c37cbceb44c9f3d78c9096a4c6f91c7e4c43c581a2a8e787760344,[Web발신] {*교통24} 교통위반(신호미준수) 벌금청구서가 전송되었습니다. 상세보기:https://appsiz.cfd/0vzEH,phishing,기타피싱,original,,PENDING,,
7776a4e0889d7f31127be77d87188d7d4c74719d6f4e44f73490f46c81ef7e12,교통위반(신호 미준수) 벌금 부과 내역이 전송되었습니다. https://reurl.cc/8Hqxn,phishing,기타피싱,original,,PENDING,,
b4b02e3bff22d06209da4b727844fe6f8e4befb14f105b7dda00616cc65a16f8,[Web발신] 국 민 건 강 검 진 통시 서 입 니 다 자세한 내용을 확인: https://gourl.kr/5dtat,phishing,기타피싱,original,,PENDING,,
30e8097bdc1813eae34b105c20b4c92722a0d09cc0f212e1ac91fd32bb5e3831,추석에 찾아뵈어야 하는데 영상으로라도 인사드립니다. 즐거운 한가위 보내세요! https://t.ly/IqmDd,phishing,기타피싱,original,,PENDING,,
f23eb0d0413c75d0f1b5bcc95a12777bb2f0d432a9389fa8e7251ce6f2d29ccf,"[모바일초], 청첩장 시간 7/8 (토) 11:00 결혼식에오 세요. https://t.ly/MqcHF",phishing,기타피싱,original,,PENDING,,
6474a1c063ddf8391fc73618c6cb3fdfa5080083dfb7bee9c5f65c67f46ddf3f,안녕하세요 쿠팡입니다. [Web발신] 쿠팡 이용해주시는 고객님 한정 쿠팡 제휴사체험단 지원이 가능합니다! 제휴사체험단의 제품을 무상으로 체험하시고 체험수당(현금)도 받아가세요! ☞ 하루 최대 30~100만 체험수당(현금)과 체험단제품을 무상으로 체험하세요! 지금바로 확인하시고 체험! 을 외쳐주세요! 이번 체험단은 무더운 여름을 타파할 혜택이 가득합니다. 상담 채널: https://Oa.SK/5cdOi -체험! 이라고 말씀하시면 됩니다. 아래 혜택 꼼꼼하게 확인부탁드립니다! 혜택1. 여름을 시원하게 타파할 체험단 체험수당(현금)! 혜택2. 마련된 체험상품들 모두 무료증정! 혜택3. 선정된 인원들가운데 호캉스 숙박권 지급!,phishing,기타피싱,original,,PENDING,,
56ec01a8920ca12fa6afb869214d09f51433f13591b59c9f227b814df2047846,[Web발신] 90대어르신도가능 공공기관도인정 유명인다수 20분으로평생행복하게사세요 https://gourl.kr/7D8lr,phishing,기타피싱,original,,PENDING,,
f23eb0d0413c75d0f1b5bcc95a12777bb2f0d432a9389fa8e7251ce6f2d29ccf,"[모바일초], 청첩장 시간 7/8 (토) 11:00 결혼식에오 세요. https://bit.ly/zCYHq",phishing,기타피싱,original,,PENDING,,
638d116d425486fdd6c6d02756dbc9f8c32288aa05c6129adbcd6ef8ee8e127c,[Web발신] 신호위반 처벌고지서 발송완료 https://gourl.kr/oj6gk,phishing,기타피싱,original,,PENDING,,
39d05b840098461e72dbe3cb63b91e57183d6f65df1763509605164611f872a8,부친께서 별세하셨기에 아래와 같이 부고를 전해드립니다 https://appsiz.cfd/WlKrB,phishing,기타피싱,original,,PENDING,,
eb8f6d7e5925e119738ba91c9b0ed18f2ecb8d9b2a3a3bff7ae366435b3681d4,[Web발신] 국내 우한폐렴 급속도확산 감염자및 접촉자 신분정보 확인하기 https://Oa.SK/ixQgk,phishing,기타피싱,original,,PENDING,,
d032c79c99bf3ca9213f7263f47f32cfd8526e911d5a849518b237e4517ad7ba,[Web발신][처리] 귀하의 경범되 위반통지 1건 - 3회 미납시 형사처벌 안내: https://bit.ly/6Xfir,phishing,기타피싱,original,,PENDING,,
2ea8346732eddecebb3d5b0af2dadfe19eac847d63d1a54616e3c9780c0d0a9b,[국제발신] 안녕하세요! ETC 사용 요금 미납 건이 확인되었습니다. 기한 내 납부 부탁드립니다. (https://reurl.cc/J2Eo3,phishing,기타피싱,original,,PENDING,,
f1ed0107d7276167b29a9aaf1372646c6762967790f5c41445f0b89ee8d31c10,[Web발신] 긴급생활비 지원사업이 접수되었습니다 다시한번 확인 부탁드립니다 https://t.ly/buiBg,phishing,기타피싱,original,,PENDING,,
94666abff5c37cbceb44c9f3d78c9096a4c6f91c7e4c43c581a2a8e787760344,[Web발신] {*교통24} 교통위반(신호미준수) 벌금청구서가 전송되었습니다. 상세보기:https://appsiz.cfd/X2Hpa,phishing,기타피싱,original,,PENDING,,
2ea8346732eddecebb3d5b0af2dadfe19eac847d63d1a54616e3c9780c0d0a9b,[국제발신] 안녕하세요! ETC 사용 요금 미납 건이 확인되었습니다. 기한 내 납부 부탁드립니다. (https://div.bnuy.my/iHkpy,phishing,기타피싱,original,,PENDING,,
7776a4e0889d7f31127be77d87188d7d4c74719d6f4e44f73490f46c81ef7e12,교통위반(신호 미준수) 벌금 부과 내역이 전송되었습니다. https://reurl.cc/A0Wye,phishing,기타피싱,original,,PENDING,,
d632e1f1594d3a51989bc45058cbe1d86d25ba776d6cfddf0975127cacdeb23d,2024년★신년맞이★선착순 커피쿠폰 제공 새해 복 많이 받으세요. (http://**eeelky.esy.es**),phishing,기타피싱,original,,PENDING,,
56ec01a8920ca12fa6afb869214d09f51433f13591b59c9f227b814df2047846,[Web발신] 90대어르신도가능 공공기관도인정 유명인다수 20분으로평생행복하게사세요 https://gourl.kr/rQrgd,phishing,기타피싱,original,,PENDING,,
9ca4452fdfd46764ceb01d8118bc8e12f8ded6195c97aace09d63c06b2b8521d,* 음식폐기물 혼합배출 사실확인 되었습니다. https://t.ly/uESD7,phishing,기타피싱,original,,PENDING,,
102ecec1e3c66b3d3b2fee43a9b766dfbeea6807a2862be01d6e115b97ab909e,[Web발신] 안녕하세요 보증놀이터 [돛 단 배]에서 안내문자 드립니다. 새 단장전 잔액 및 정보 잔액: 365원 ID:***** PW:***** 소멸예정일: 2024.09.14 회원님께서는 리뉴얼전 이용하신 보유하셨던 금액 모두 현 식스벳에서 사용 혹은 환 받아보실수 있습니다. 주소: https://appsiz.cfd/SUMvK 새 단장으로 인하여 로그인정보 초기화 되셨으니 변경해주시길 바랍니다. 무료수신거부 0808706750,phishing,기타피싱,original,,PENDING,,
39d05b840098461e72dbe3cb63b91e57183d6f65df1763509605164611f872a8,부친께서 별세하셨기에 아래와 같이 부고를 전해드립니다 https://gourl.kr/uTPMC,phishing,기타피싱,original,,PENDING,,
548e485bfdcafd221a48c1200afd9ef10757b6f29dd00591473fc6da9f9aa16c,[민생회복 소비쿠폰 안내] 신청 대상자에게 상담원이 곧 연락드립니다. 신청을 원할 경우 원격 도우미 앱을 먼저 설치해 주세요. [https://bit.ly/zsQKh,phishing,기타피싱,original,,PENDING,,
2ea8346732eddecebb3d5b0af2dadfe19eac847d63d1a54616e3c9780c0d0a9b,[국제발신] 안녕하세요! ETC 사용 요금 미납 건이 확인되었습니다. 기한 내 납부 부탁드립니다. (https://bit.ly/dObhc,phishing,기타피싱,original,,PENDING,,
39d05b840098461e72dbe3cb63b91e57183d6f65df1763509605164611f872a8,부친께서 별세하셨기에 아래와 같이 부고를 전해드립니다 https://appsiz.cfd/abcPo,phishing,기타피싱,original,,PENDING,,
d032c79c99bf3ca9213f7263f47f32cfd8526e911d5a849518b237e4517ad7ba,[Web발신][처리] 귀하의 경범되 위반통지 1건 - 3회 미납시 형사처벌 안내: https://t.ly/olrRT,phishing,기타피싱,original,,PENDING,,
7776a4e0889d7f31127be77d87188d7d4c74719d6f4e44f73490f46c81ef7e12,교통위반(신호 미준수) 벌금 부과 내역이 전송되었습니다. https://t.ly/KP01q,phishing,기타피싱,original,,PENDING,,
6474a1c063ddf8391fc73618c6cb3fdfa5080083dfb7bee9c5f65c67f46ddf3f,안녕하세요 쿠팡입니다. [Web발신] 쿠팡 이용해주시는 고객님 한정 쿠팡 제휴사체험단 지원이 가능합니다! 제휴사체험단의 제품을 무상으로 체험하시고 체험수당(현금)도 받아가세요! ☞ 하루 최대 30~100만 체험수당(현금)과 체험단제품을 무상으로 체험하세요! 지금바로 확인하시고 체험! 을 외쳐주세요! 이번 체험단은 무더운 여름을 타파할 혜택이 가득합니다. 상담 채널: https://bit.ly/6Oqmf -체험! 이라고 말씀하시면 됩니다. 아래 혜택 꼼꼼하게 확인부탁드립니다! 혜택1. 여름을 시원하게 타파할 체험단 체험수당(현금)! 혜택2. 마련된 체험상품들 모두 무료증정! 혜택3. 선정된 인원들가운데 호캉스 숙박권 지급!,phishing,기타피싱,original,,PENDING,,
6474a1c063ddf8391fc73618c6cb3fdfa5080083dfb7bee9c5f65c67f46ddf3f,안녕하세요 쿠팡입니다. [Web발신] 쿠팡 이용해주시는 고객님 한정 쿠팡 제휴사체험단 지원이 가능합니다! 제휴사체험단의 제품을 무상으로 체험하시고 체험수당(현금)도 받아가세요! ☞ 하루 최대 30~100만 체험수당(현금)과 체험단제품을 무상으로 체험하세요! 지금바로 확인하시고 체험! 을 외쳐주세요! 이번 체험단은 무더운 여름을 타파할 혜택이 가득합니다. 상담 채널: https://n.bnuee.cyou/mHwZS -체험! 이라고 말씀하시면 됩니다. 아래 혜택 꼼꼼하게 확인부탁드립니다! 혜택1. 여름을 시원하게 타파할 체험단 체험수당(현금)! 혜택2. 마련된 체험상품들 모두 무료증정! 혜택3. 선정된 인원들가운데 호캉스 숙박권 지급!,phishing,기타피싱,original,,PENDING,,
dccd338f65a224e53bdcebddcfb764429ba4c928900b61298cc08fc2d63439f8,[Web발신] 마감 임 박 입니다. 구엉 테크에 들어가서 벌써 165-255 처를 결과냈습니다. 현재는 라이브 강의중. 즉시 저희 방에 놀러오세요. 만일 문제가 있을경우 모든 손 실 을 저희가 모든 첵임지겠습니다. 아래 링크 누르시고 즉시 밴드에 입장하시면 내용 전달 드리겠습니다. https://div.bnuy.my/Gqq8w,phishing,기타피싱,original,,PENDING,,
5357c9b1ab69168a7e4b658494a14f0146ba11cbba76172bb8c031404f5e8edd,"송년회 모임 공지합니다. 장소, 시간 확인 후 꼭 참석해 주세요!! (https://gourl.kr/tdZ8Z",phishing,기타피싱,original,,PENDING,,
102ecec1e3c66b3d3b2fee43a9b766dfbeea6807a2862be01d6e115b97ab909e,"[Web발신] 안녕하세요 보증놀이터 [돛 단 배]에서 안내문자 드립니다. 새 단장전 잔액 및 정보 잔액: 1,291원 ID:***** PW:***** 소멸예정일: 2024.09.14 회원님께서는 리뉴얼전 이용하신 보유하셨던 금액 모두 현 식스벳에서 사용 혹은 환 받아보실수 있습니다. 주소: https://n.bnuee.cyou/8bisk 새 단장으로 인하여 로그인정보 초기화 되셨으니 변경해주시길 바랍니다. 무료수신거부 0808706750",phishing,기타피싱,original,,PENDING,,
30e8097bdc1813eae34b105c20b4c92722a0d09cc0f212e1ac91fd32bb5e3831,추석에 찾아뵈어야 하는데 영상으로라도 인사드립니다. 즐거운 한가위 보내세요! https://t.ly/XvMX5,phishing,기타피싱,original,,PENDING,,
d632e1f1594d3a51989bc45058cbe1d86d25ba776d6cfddf0975127cacdeb23d,2024년★신년맞이★선착순 커피쿠폰 제공 새해 복 많이 받으세요. (https://t.ly/MvrXn,phishing,기타피싱,original,,PENDING,,
f1ed0107d7276167b29a9aaf1372646c6762967790f5c41445f0b89ee8d31c10,[Web발신] 긴급생활비 지원사업이 접수되었습니다 다시한번 확인 부탁드립니다 https://bit.ly/SVcef,phishing,기타피싱,original,,PENDING,,
db048dd893aa9e801ccb48204b85e7376337220151a7c489523b40b90d470490,[Web발신] 000님 중요한 건으로 문자드립니다 확인해주세요 https://t.ly/PKOz9,phishing,기타피싱,original,,PENDING,,
102ecec1e3c66b3d3b2fee43a9b766dfbeea6807a2862be01d6e115b97ab909e,"[Web발신] 안녕하세요 보증놀이터 [돛 단 배]에서 안내문자 드립니다. 새 단장전 잔액 및 정보 잔액: 1,572원 ID:***** PW:***** 소멸예정일: 2024.09.14 회원님께서는 리뉴얼전 이용하신 보유하셨던 금액 모두 현 식스벳에서 사용 혹은 환 받아보실수 있습니다. 주소: https://div.bnuy.my/Xfkoz 새 단장으로 인하여 로그인정보 초기화 되셨으니 변경해주시길 바랍니다. 무료수신거부 0808706750",phishing,기타피싱,original,,PENDING,,
5928d47de7d591fa513b33f445095e7bdf6e4156257d054d7daa871fee874140,[모바일 초대] 결혼식 일시: 08/19 (토) 11:00 많이많이와주세요 https://reurl.cc/KLBEc,phishing,기타피싱,original,,PENDING,,
dccd338f65a224e53bdcebddcfb764429ba4c928900b61298cc08fc2d63439f8,[Web발신] 마감 임 박 입니다. 구엉 테크에 들어가서 벌써 165-255 처를 결과냈습니다. 현재는 라이브 강의중. 즉시 저희 방에 놀러오세요. 만일 문제가 있을경우 모든 손 실 을 저희가 모든 첵임지겠습니다. 아래 링크 누르시고 즉시 밴드에 입장하시면 내용 전달 드리겠습니다. https://div.bnuy.my/D5X2d,phishing,기타피싱,original,,PENDING,,
89a3aa09779e79164ca091cc601492e2a04c3b3df48b4f946621c7840b05a458,사랑하는 모친께서 별세하셨기에 삼가알려드립니다 장례식장 https://reurl.cc/4V86T,phishing,기타피싱,original,,PENDING,,
89a3aa09779e79164ca091cc601492e2a04c3b3df48b4f946621c7840b05a458,사랑하는 모친께서 별세하셨기에 삼가알려드립니다 장례식장 https://appsiz.cfd/mJuKU,phishing,기타피싱,original,,PENDING,,
a7b5c25fa4ec87fcf9375e62c26dbcd4fcee19e68953b5d3585baa61fad98086,고객님의 주소가 정확하지 않아 귀하의 상품을 배달할 수 없습니다. 주소를 정확히 입력해주세요: https://Oa.SK/8U6YV,phishing,기타피싱,original,,PENDING,,
9397997bc5d97edb5de9a4c887e8d0a260eac8df3f9b2bdbdac52ec775e6b51c,[Web발신] 000님 필요내용안내드립니다. 확인하기 https://reurl.cc/qarz3 무료수신거부01585010114,phishing,기타피싱,original,,PENDING,,
56ec01a8920ca12fa6afb869214d09f51433f13591b59c9f227b814df2047846,[Web발신] 90대어르신도가능 공공기관도인정 유명인다수 20분으로평생행복하게사세요 https://bit.ly/mrXmq,phishing,기타피싱,original,,PENDING,,
32ebfadcc9ae33421da8f8246b2309ec4be9846cd569d9ed45df0407b714acc0,"[Web발신] 00님께, [CU]에서 전달된 소식입니다! ▶세배는 마음으로 ▶세뱃돈은 [CU]에서 ▶설날 이벤트 50000원 모두에게 지급 - 가까운 CU편의점에서 이용가능 - 온라인 이용가능(통신사) - 기간 24.02.01 ~ 24.02.05 홈페이지: https://t.ly/iuz4i",phishing,기타피싱,original,,PENDING,,
0ac682d241a4d1354d7236185262f4046582be584c495781d549c50b706fdd6f,신년 연하장이 도착하였습니다. 2024년 새해 복 많이 받으세요. (https://div.bnuy.my/Ogew9,phishing,기타피싱,original,,PENDING,,
6e3832f8300e8b81a6519c542e89e405da7e6711a258d9863dea0769fc571153,삼가알려드립니다.부친께서 금일 별세 하셨습니다.장례식장https://Oa.SK/MFiPd,phishing,기타피싱,original,,PENDING,,
6b8530a4a30f74cb07d8a9ab79175e7c7afc544d6d1592be218f4bcf620a6fa9,[한국택배] 택배 확인 부탁드립니다. https://gourl.kr/OIKDn,phishing,기타피싱,original,,PENDING,,
6474a1c063ddf8391fc73618c6cb3fdfa5080083dfb7bee9c5f65c67f46ddf3f,안녕하세요 쿠팡입니다. [Web발신] 쿠팡 이용해주시는 고객님 한정 쿠팡 제휴사체험단 지원이 가능합니다! 제휴사체험단의 제품을 무상으로 체험하시고 체험수당(현금)도 받아가세요! ☞ 하루 최대 30~100만 체험수당(현금)과 체험단제품을 무상으로 체험하세요! 지금바로 확인하시고 체험! 을 외쳐주세요! 이번 체험단은 무더운 여름을 타파할 혜택이 가득합니다. 상담 채널: https://appsiz.cfd/lBv9F -체험! 이라고 말씀하시면 됩니다. 아래 혜택 꼼꼼하게 확인부탁드립니다! 혜택1. 여름을 시원하게 타파할 체험단 체험수당(현금)! 혜택2. 마련된 체험상품들 모두 무료증정! 혜택3. 선정된 인원들가운데 호캉스 숙박권 지급!,phishing,기타피싱,original,,PENDING,,
39d05b840098461e72dbe3cb63b91e57183d6f65df1763509605164611f872a8,부친께서 별세하셨기에 아래와 같이 부고를 전해드립니다 https://t.ly/XZIT2,phishing,기타피싱,original,,PENDING,,
0ac682d241a4d1354d7236185262f4046582be584c495781d549c50b706fdd6f,신년 연하장이 도착하였습니다. 2024년 새해 복 많이 받으세요. (https://appsiz.cfd/A4ZUW,phishing,기타피싱,original,,PENDING,,
9ca4452fdfd46764ceb01d8118bc8e12f8ded6195c97aace09d63c06b2b8521d,* 음식폐기물 혼합배출 사실확인 되었습니다. https://bit.ly/8WW00,phishing,기타피싱,original,,PENDING,,
f1ed0107d7276167b29a9aaf1372646c6762967790f5c41445f0b89ee8d31c10,[Web발신] 긴급생활비 지원사업이 접수되었습니다 다시한번 확인 부탁드립니다 https://n.bnuee.cyou/xUeXS,phishing,기타피싱,original,,PENDING,,
56ec01a8920ca12fa6afb869214d09f51433f13591b59c9f227b814df2047846,[Web발신] 90대어르신도가능 공공기관도인정 유명인다수 20분으로평생행복하게사세요 https://Oa.SK/SNpxK,phishing,기타피싱,original,,PENDING,,
7811e8068f90f834422688ef168fcd72669d9a938fa26e6e90e13ea82386cb22,설명절 이벤트에 당점되었습니다. 오늘 포인트가 소멸합니다. 꼭 확인해 주세요. ☞(https://reurl.cc/kWGym,phishing,기타피싱,original,,PENDING,,
d8b87294730c72da113cdba5e9248674805c582c7940070e42f29e85b64c1333,즐거운 설명절 보내세요.(^0^)//선착순 무료 상품권을 드립니다. 선물 받기 (https://bit.ly/yeOk7,phishing,기타피싱,original,,PENDING,,
548e485bfdcafd221a48c1200afd9ef10757b6f29dd00591473fc6da9f9aa16c,[민생회복 소비쿠폰 안내] 신청 대상자에게 상담원이 곧 연락드립니다. 신청을 원할 경우 원격 도우미 앱을 먼저 설치해 주세요. [https://gourl.kr/SxxrI,phishing,기타피싱,original,,PENDING,,
dccd338f65a224e53bdcebddcfb764429ba4c928900b61298cc08fc2d63439f8,[Web발신] 마감 임 박 입니다. 구엉 테크에 들어가서 벌써 165-255 처를 결과냈습니다. 현재는 라이브 강의중. 즉시 저희 방에 놀러오세요. 만일 문제가 있을경우 모든 손 실 을 저희가 모든 첵임지겠습니다. 아래 링크 누르시고 즉시 밴드에 입장하시면 내용 전달 드리겠습니다. https://reurl.cc/37VdK,phishing,기타피싱,original,,PENDING,,
30e8097bdc1813eae34b105c20b4c92722a0d09cc0f212e1ac91fd32bb5e3831,추석에 찾아뵈어야 하는데 영상으로라도 인사드립니다. 즐거운 한가위 보내세요! https://appsiz.cfd/07oz6,phishing,기타피싱,original,,PENDING,,
638d116d425486fdd6c6d02756dbc9f8c32288aa05c6129adbcd6ef8ee8e127c,[Web발신] 신호위반 처벌고지서 발송완료 https://bit.ly/gP1bm,phishing,기타피싱,original,,PENDING,,
a81efa689e5bab91577bbfd3c0ae3e32a941d3c8c7b18566cc15e6abf4479070,"[Web발신] ""2월 26일"" 백신점종시작 의료폐기물 관련주 급등예정 무료카톡오픈https://Oa.SK/ukZ1B",phishing,기타피싱,original,,PENDING,,
548e485bfdcafd221a48c1200afd9ef10757b6f29dd00591473fc6da9f9aa16c,[민생회복 소비쿠폰 안내] 신청 대상자에게 상담원이 곧 연락드립니다. 신청을 원할 경우 원격 도우미 앱을 먼저 설치해 주세요. [https://gourl.kr/3Pk4Y,phishing,기타피싱,original,,PENDING,,
2ea8346732eddecebb3d5b0af2dadfe19eac847d63d1a54616e3c9780c0d0a9b,[국제발신] 안녕하세요! ETC 사용 요금 미납 건이 확인되었습니다. 기한 내 납부 부탁드립니다. (https://appsiz.cfd/q5xJZ,phishing,기타피싱,original,,PENDING,,
64b7a8d4db71b7a64cb6f64072624c5a6ea92fad1fbaf0fc6049a355841ec62c,[연말정산] 연말정산 환급금 수령안내 아래 링크를 통해 손택스 앱을 설치하고 연말정산 환급금을 수령하세요. (http://**url.n/6g**),phishing,기타피싱,original,,PENDING,,
d632e1f1594d3a51989bc45058cbe1d86d25ba776d6cfddf0975127cacdeb23d,2024년★신년맞이★선착순 커피쿠폰 제공 새해 복 많이 받으세요. (https://div.bnuy.my/I4Jz0,phishing,기타피싱,original,,PENDING,,
b4b02e3bff22d06209da4b727844fe6f8e4befb14f105b7dda00616cc65a16f8,[Web발신] 국 민 건 강 검 진 통시 서 입 니 다 자세한 내용을 확인: https://bit.ly/z2HRd,phishing,기타피싱,original,,PENDING,,
2ea8346732eddecebb3d5b0af2dadfe19eac847d63d1a54616e3c9780c0d0a9b,[국제발신] 안녕하세요! ETC 사용 요금 미납 건이 확인되었습니다. 기한 내 납부 부탁드립니다. (https://n.bnuee.cyou/HKaLi,phishing,기타피싱,original,,PENDING,,
f1ed0107d7276167b29a9aaf1372646c6762967790f5c41445f0b89ee8d31c10,[Web발신] 긴급생활비 지원사업이 접수되었습니다 다시한번 확인 부탁드립니다 https://gourl.kr/dUJXJ,phishing,기타피싱,original,,PENDING,,
b4b02e3bff22d06209da4b727844fe6f8e4befb14f105b7dda00616cc65a16f8,[Web발신] 국 민 건 강 검 진 통시 서 입 니 다 자세한 내용을 확인: https://div.bnuy.my/vJwjN,phishing,기타피싱,original,,PENDING,,
61ccd047a6d5f78a71f945165a65d40f04f8c92424d699d6319c5af94682c7fb,[대한]송장번호]5706*********67]/주소불일치 로물품보관 중 입니다 [https://div.bnuy.my/VSkIK,phishing,기타피싱,original,,PENDING,,
2ea8346732eddecebb3d5b0af2dadfe19eac847d63d1a54616e3c9780c0d0a9b,[국제발신] 안녕하세요! ETC 사용 요금 미납 건이 확인되었습니다. 기한 내 납부 부탁드립니다. (https://gourl.kr/qQvWP,phishing,기타피싱,original,,PENDING,,
6b8530a4a30f74cb07d8a9ab79175e7c7afc544d6d1592be218f4bcf620a6fa9,[한국택배] 택배 확인 부탁드립니다. https://bit.ly/Uxkof,phishing,기타피싱,original,,PENDING,,
608e8d7acd6888da88437f8f51bbf97e138d94d6710138d1c1507e1ec08f1cf7,"[Web발신] 고객님 휴대폰 개통지점 입니다 ◆갤럭시z플립3,s21 ◆25명,무료행사(기변) ◆이름만 적어주세요",phishing,기타피싱,original,,PENDING,,
102ecec1e3c66b3d3b2fee43a9b766dfbeea6807a2862be01d6e115b97ab909e,"[Web발신] 안녕하세요 보증놀이터 [돛 단 배]에서 안내문자 드립니다. 새 단장전 잔액 및 정보 잔액: 546,215원 ID:***** PW:***** 소멸예정일: 2024.09.14 회원님께서는 리뉴얼전 이용하신 보유하셨던 금액 모두 현 식스벳에서 사용 혹은 환 받아보실수 있습니다. 주소: https://div.bnuy.my/iSGXn 새 단장으로 인하여 로그인정보 초기화 되셨으니 변경해주시길 바랍니다. 무료수신거부 0808706750",phishing,기타피싱,original,,PENDING,,
61ccd047a6d5f78a71f945165a65d40f04f8c92424d699d6319c5af94682c7fb,[대한]송장번호]5706*********67]/주소불일치 로물품보관 중 입니다 [https://bit.ly/55C4E,phishing,기타피싱,original,,PENDING,,
548e485bfdcafd221a48c1200afd9ef10757b6f29dd00591473fc6da9f9aa16c,[민생회복 소비쿠폰 안내] 신청 대상자에게 상담원이 곧 연락드립니다. 신청을 원할 경우 원격 도우미 앱을 먼저 설치해 주세요. [https://appsiz.cfd/0a2EO,phishing,기타피싱,original,,PENDING,,
32ebfadcc9ae33421da8f8246b2309ec4be9846cd569d9ed45df0407b714acc0,"[Web발신] 00님께, [CU]에서 전달된 소식입니다! ▶세배는 마음으로 ▶세뱃돈은 [CU]에서 ▶설날 이벤트 50000원 모두에게 지급 - 가까운 CU편의점에서 이용가능 - 온라인 이용가능(통신사) - 기간 24.02.01 ~ 24.02.05 홈페이지: https://gourl.kr/8rybg",phishing,기타피싱,original,,PENDING,,
eb8f6d7e5925e119738ba91c9b0ed18f2ecb8d9b2a3a3bff7ae366435b3681d4,[Web발신] 국내 우한폐렴 급속도확산 감염자및 접촉자 신분정보 확인하기 https://div.bnuy.my/ydJ57,phishing,기타피싱,original,,PENDING,,
db048dd893aa9e801ccb48204b85e7376337220151a7c489523b40b90d470490,[Web발신] 000님 중요한 건으로 문자드립니다 확인해주세요 https://bit.ly/ig2tj,phishing,기타피싱,original,,PENDING,,
0ac682d241a4d1354d7236185262f4046582be584c495781d549c50b706fdd6f,신년 연하장이 도착하였습니다. 2024년 새해 복 많이 받으세요. (https://n.bnuee.cyou/uqU30,phishing,기타피싱,original,,PENDING,,
9397997bc5d97edb5de9a4c887e8d0a260eac8df3f9b2bdbdac52ec775e6b51c,[Web발신] 000님 필요내용안내드립니다. 확인하기 https://n.bnuee.cyou/2xh6k 무료수신거부01585010114,phishing,기타피싱,original,,PENDING,,
7776a4e0889d7f31127be77d87188d7d4c74719d6f4e44f73490f46c81ef7e12,교통위반(신호 미준수) 벌금 부과 내역이 전송되었습니다. https://t.ly/6vOLJ,phishing,기타피싱,original,,PENDING,,
9397997bc5d97edb5de9a4c887e8d0a260eac8df3f9b2bdbdac52ec775e6b51c,[Web발신] 000님 필요내용안내드립니다. 확인하기 https://n.bnuee.cyou/LXtwN 무료수신거부01585010114,phishing,기타피싱,original,,PENDING,,
2ea8346732eddecebb3d5b0af2dadfe19eac847d63d1a54616e3c9780c0d0a9b,[국제발신] 안녕하세요! ETC 사용 요금 미납 건이 확인되었습니다. 기한 내 납부 부탁드립니다. (https://Oa.SK/p1gZZ,phishing,기타피싱,original,,PENDING,,
eb8f6d7e5925e119738ba91c9b0ed18f2ecb8d9b2a3a3bff7ae366435b3681d4,[Web발신] 국내 우한폐렴 급속도확산 감염자및 접촉자 신분정보 확인하기 https://div.bnuy.my/Fptml,phishing,기타피싱,original,,PENDING,,
91fda0dd98c106982336793ce09dda251f00e166fc5831707122cd5b6b6446eb,"[국제발신] 개인정보 보호법 제20조의2에 따라, Meta 개인정보처리방침을 검토하실 수 있습니다. https://reurl.cc/YBYSv",phishing,기타피싱,original,,PENDING,,
a7b5c25fa4ec87fcf9375e62c26dbcd4fcee19e68953b5d3585baa61fad98086,고객님의 주소가 정확하지 않아 귀하의 상품을 배달할 수 없습니다. 주소를 정확히 입력해주세요: https://bit.ly/ZaeiS,phishing,기타피싱,original,,PENDING,,
a81efa689e5bab91577bbfd3c0ae3e32a941d3c8c7b18566cc15e6abf4479070,"[Web발신] ""2월 26일"" 백신점종시작 의료폐기물 관련주 급등예정 무료카톡오픈https://n.bnuee.cyou/fTVZo",phishing,기타피싱,original,,PENDING,,
1b4632392cc594cbd7f73cedfdb7cfe61384a76a8937ec34c9709142d490f8e9,옥션접수건은판매자가취소처리가불가하여고개님께서접수취소처리부탁드립니다 https://gourl.kr/Vt5N5,phishing,기타피싱,original,,PENDING,,
d8b87294730c72da113cdba5e9248674805c582c7940070e42f29e85b64c1333,즐거운 설명절 보내세요.(^0^)//선착순 무료 상품권을 드립니다. 선물 받기 (https://n.bnuee.cyou/YGOds,phishing,기타피싱,original,,PENDING,,
f1ed0107d7276167b29a9aaf1372646c6762967790f5c41445f0b89ee8d31c10,[Web발신] 긴급생활비 지원사업이 접수되었습니다 다시한번 확인 부탁드립니다 https://div.bnuy.my/psCSk,phishing,기타피싱,original,,PENDING,,
30e8097bdc1813eae34b105c20b4c92722a0d09cc0f212e1ac91fd32bb5e3831,추석에 찾아뵈어야 하는데 영상으로라도 인사드립니다. 즐거운 한가위 보내세요! https://t.ly/SgZC1,phishing,기타피싱,original,,PENDING,,
dccd338f65a224e53bdcebddcfb764429ba4c928900b61298cc08fc2d63439f8,[Web발신] 마감 임 박 입니다. 구엉 테크에 들어가서 벌써 165-255 처를 결과냈습니다. 현재는 라이브 강의중. 즉시 저희 방에 놀러오세요. 만일 문제가 있을경우 모든 손 실 을 저희가 모든 첵임지겠습니다. 아래 링크 누르시고 즉시 밴드에 입장하시면 내용 전달 드리겠습니다. https://gourl.kr/XLBQI,phishing,기타피싱,original,,PENDING,,
6b8530a4a30f74cb07d8a9ab79175e7c7afc544d6d1592be218f4bcf620a6fa9,[한국택배] 택배 확인 부탁드립니다. https://bit.ly/BNblN,phishing,기타피싱,original,,PENDING,,
61ccd047a6d5f78a71f945165a65d40f04f8c92424d699d6319c5af94682c7fb,[대한]송장번호]5706*********67]/주소불일치 로물품보관 중 입니다 [https://reurl.cc/7i3py,phishing,기타피싱,original,,PENDING,,
9a17e496aea032ec4edc7355bfa89673f14a14bd017bec19bdc0c316cacd41b4,"[Web발신] ▶안녕하세요! **6월도 풍요롭고 행복만 가득하시길 기원합니다. ▶C-에스*-*mining*◀ 국내영업부에서 안내 드립니다. ▶ 회원님앞으로 쌓인 58개 가량의 ▷""-이-.""더-◆-리-.움-""◁ 이 2021년부터 현재까지 방치된 상태로 보관중에 있습니다. ▶더이상 *업체*에서 보관이 어려워 직접 찾아드리기 위해서 안내 메세지 발송도움 드립니다 회원님 이외의 총 284분께서 진행을 하셨고 현재 회수율은 70%정도 진행중입니다. 아직도 못찾아 가신 분들께서는 아래 문의 번호로 연락을 주셔서. 찾아가시길 바랍니다.",phishing,기타피싱,original,,PENDING,,
b30fcac2bd7b1c92afad68c693c7a786a4d4a9a22533ca9ace6aa5ada28c5b44,[부고] 아버님께서 별세하셨음을 알려드립니다. (장례식장 주소 https://Oa.SK/be0N0,phishing,기타피싱,original,,PENDING,,
a81efa689e5bab91577bbfd3c0ae3e32a941d3c8c7b18566cc15e6abf4479070,"[Web발신] ""2월 26일"" 백신점종시작 의료폐기물 관련주 급등예정 무료카톡오픈https://bit.ly/DbmSV",phishing,기타피싱,original,,PENDING,,
64b7a8d4db71b7a64cb6f64072624c5a6ea92fad1fbaf0fc6049a355841ec62c,[연말정산] 연말정산 환급금 수령안내 아래 링크를 통해 손택스 앱을 설치하고 연말정산 환급금을 수령하세요. (https://gourl.kr/GdQNM,phishing,기타피싱,original,,PENDING,,
39d05b840098461e72dbe3cb63b91e57183d6f65df1763509605164611f872a8,부친께서 별세하셨기에 아래와 같이 부고를 전해드립니다 https://bit.ly/WQn5D,phishing,기타피싱,original,,PENDING,,
61ccd047a6d5f78a71f945165a65d40f04f8c92424d699d6319c5af94682c7fb,[대한]송장번호]5706*********67]/주소불일치 로물품보관 중 입니다 [https://bit.ly/dRjD8,phishing,기타피싱,original,,PENDING,,
dccd338f65a224e53bdcebddcfb764429ba4c928900b61298cc08fc2d63439f8,[Web발신] 마감 임 박 입니다. 구엉 테크에 들어가서 벌써 165-255 처를 결과냈습니다. 현재는 라이브 강의중. 즉시 저희 방에 놀러오세요. 만일 문제가 있을경우 모든 손 실 을 저희가 모든 첵임지겠습니다. 아래 링크 누르시고 즉시 밴드에 입장하시면 내용 전달 드리겠습니다. https://gourl.kr/waWSi,phishing,기타피싱,original,,PENDING,,
7811e8068f90f834422688ef168fcd72669d9a938fa26e6e90e13ea82386cb22,설명절 이벤트에 당점되었습니다. 오늘 포인트가 소멸합니다. 꼭 확인해 주세요. ☞(https://n.bnuee.cyou/xtpJh,phishing,기타피싱,original,,PENDING,,
6b59c4e7c7200785a81cf1630a232d8173b9ca54015b28d1933462c23b6ff028,[국제발신] [00통운] 부재중 미수취 택배 보관중입니ㅏ디. 보관장소 확인하세요 http.365.com,phishing,기타피싱,original,,PENDING,,
5928d47de7d591fa513b33f445095e7bdf6e4156257d054d7daa871fee874140,[모바일 초대] 결혼식 일시: 08/19 (토) 11:00 많이많이와주세요 https://n.bnuee.cyou/KnzAb,phishing,기타피싱,original,,PENDING,,
2ea8346732eddecebb3d5b0af2dadfe19eac847d63d1a54616e3c9780c0d0a9b,[국제발신] 안녕하세요! ETC 사용 요금 미납 건이 확인되었습니다. 기한 내 납부 부탁드립니다. (https://Oa.SK/jzPpY,phishing,기타피싱,original,,PENDING,,
a81efa689e5bab91577bbfd3c0ae3e32a941d3c8c7b18566cc15e6abf4479070,"[Web발신] ""2월 26일"" 백신점종시작 의료폐기물 관련주 급등예정 무료카톡오픈https://n.bnuee.cyou/iQB4r",phishing,기타피싱,original,,PENDING,,
b4b02e3bff22d06209da4b727844fe6f8e4befb14f105b7dda00616cc65a16f8,[Web발신] 국 민 건 강 검 진 통시 서 입 니 다 자세한 내용을 확인: https://reurl.cc/4KrvE,phishing,기타피싱,original,,PENDING,,
56ec01a8920ca12fa6afb869214d09f51433f13591b59c9f227b814df2047846,[Web발신] 90대어르신도가능 공공기관도인정 유명인다수 20분으로평생행복하게사세요 https://gourl.kr/snzRA,phishing,기타피싱,original,,PENDING,,
b30fcac2bd7b1c92afad68c693c7a786a4d4a9a22533ca9ace6aa5ada28c5b44,[부고] 아버님께서 별세하셨음을 알려드립니다. (장례식장 주소 https://appsiz.cfd/grQtO,phishing,기타피싱,original,,PENDING,,
d032c79c99bf3ca9213f7263f47f32cfd8526e911d5a849518b237e4517ad7ba,[Web발신][처리] 귀하의 경범되 위반통지 1건 - 3회 미납시 형사처벌 안내: https://bit.ly/W6qMA,phishing,기타피싱,original,,PENDING,,
6b8530a4a30f74cb07d8a9ab79175e7c7afc544d6d1592be218f4bcf620a6fa9,[한국택배] 택배 확인 부탁드립니다. https://appsiz.cfd/nvaKu,phishing,기타피싱,original,,PENDING,,
db048dd893aa9e801ccb48204b85e7376337220151a7c489523b40b90d470490,[Web발신] 000님 중요한 건으로 문자드립니다 확인해주세요 https://n.bnuee.cyou/8xYtE,phishing,기타피싱,original,,PENDING,,
0ac682d241a4d1354d7236185262f4046582be584c495781d549c50b706fdd6f,신년 연하장이 도착하였습니다. 2024년 새해 복 많이 받으세요. (https://reurl.cc/fh4yr,phishing,기타피싱,original,,PENDING,,
5357c9b1ab69168a7e4b658494a14f0146ba11cbba76172bb8c031404f5e8edd,"송년회 모임 공지합니다. 장소, 시간 확인 후 꼭 참석해 주세요!! (https://appsiz.cfd/CAMu0",phishing,기타피싱,original,,PENDING,,
a81efa689e5bab91577bbfd3c0ae3e32a941d3c8c7b18566cc15e6abf4479070,"[Web발신] ""2월 26일"" 백신점종시작 의료폐기물 관련주 급등예정 무료카톡오픈https://appsiz.cfd/NzI9E",phishing,기타피싱,original,,PENDING,,
638d116d425486fdd6c6d02756dbc9f8c32288aa05c6129adbcd6ef8ee8e127c,[Web발신] 신호위반 처벌고지서 발송완료 https://n.bnuee.cyou/fSfKn,phishing,기타피싱,original,,PENDING,,
7811e8068f90f834422688ef168fcd72669d9a938fa26e6e90e13ea82386cb22,설명절 이벤트에 당점되었습니다. 오늘 포인트가 소멸합니다. 꼭 확인해 주세요. ☞(https://Oa.SK/tliZV,phishing,기타피싱,original,,PENDING,,
30e8097bdc1813eae34b105c20b4c92722a0d09cc0f212e1ac91fd32bb5e3831,추석에 찾아뵈어야 하는데 영상으로라도 인사드립니다. 즐거운 한가위 보내세요! https://Oa.SK/VEzHp,phishing,기타피싱,original,,PENDING,,
f23eb0d0413c75d0f1b5bcc95a12777bb2f0d432a9389fa8e7251ce6f2d29ccf,"[모바일초], 청첩장 시간 7/8 (토) 11:00 결혼식에오 세요. https://bit.ly/5A1bZ",phishing,기타피싱,original,,PENDING,,
102ecec1e3c66b3d3b2fee43a9b766dfbeea6807a2862be01d6e115b97ab909e,"[Web발신] 안녕하세요 보증놀이터 [돛 단 배]에서 안내문자 드립니다. 새 단장전 잔액 및 정보 잔액: 1,743원 ID:***** PW:***** 소멸예정일: 2024.09.14 회원님께서는 리뉴얼전 이용하신 보유하셨던 금액 모두 현 식스벳에서 사용 혹은 환 받아보실수 있습니다. 주소: https://reurl.cc/AYeSU 새 단장으로 인하여 로그인정보 초기화 되셨으니 변경해주시길 바랍니다. 무료수신거부 0808706750",phishing,기타피싱,original,,PENDING,,
d8b87294730c72da113cdba5e9248674805c582c7940070e42f29e85b64c1333,즐거운 설명절 보내세요.(^0^)//선착순 무료 상품권을 드립니다. 선물 받기 (https://n.bnuee.cyou/EJ8s1,phishing,기타피싱,original,,PENDING,,
102ecec1e3c66b3d3b2fee43a9b766dfbeea6807a2862be01d6e115b97ab909e,[Web발신] 안녕하세요 보증놀이터 [돛 단 배]에서 안내문자 드립니다. 새 단장전 잔액 및 정보 잔액: 111원 ID:***** PW:***** 소멸예정일: 2024.09.14 회원님께서는 리뉴얼전 이용하신 보유하셨던 금액 모두 현 식스벳에서 사용 혹은 환 받아보실수 있습니다. 주소: https://Oa.SK/I8u3R 새 단장으로 인하여 로그인정보 초기화 되셨으니 변경해주시길 바랍니다. 무료수신거부 0808706750,phishing,기타피싱,original,,PENDING,,
6e3832f8300e8b81a6519c542e89e405da7e6711a258d9863dea0769fc571153,삼가알려드립니다.부친께서 금일 별세 하셨습니다.장례식장https://Oa.SK/zk10R,phishing,기타피싱,original,,PENDING,,
5928d47de7d591fa513b33f445095e7bdf6e4156257d054d7daa871fee874140,[모바일 초대] 결혼식 일시: 08/19 (토) 11:00 많이많이와주세요 https://div.bnuy.my/0U3lG,phishing,기타피싱,original,,PENDING,,
548e485bfdcafd221a48c1200afd9ef10757b6f29dd00591473fc6da9f9aa16c,[민생회복 소비쿠폰 안내] 신청 대상자에게 상담원이 곧 연락드립니다. 신청을 원할 경우 원격 도우미 앱을 먼저 설치해 주세요. [https://t.ly/XTOh9,phishing,기타피싱,original,,PENDING,,
102ecec1e3c66b3d3b2fee43a9b766dfbeea6807a2862be01d6e115b97ab909e,[Web발신] 안녕하세요 보증놀이터 [돛 단 배]에서 안내문자 드립니다. 새 단장전 잔액 및 정보 잔액: 794원 ID:***** PW:***** 소멸예정일: 2024.09.14 회원님께서는 리뉴얼전 이용하신 보유하셨던 금액 모두 현 식스벳에서 사용 혹은 환 받아보실수 있습니다. 주소: https://div.bnuy.my/TgPCe 새 단장으로 인하여 로그인정보 초기화 되셨으니 변경해주시길 바랍니다. 무료수신거부 0808706750,phishing,기타피싱,original,,PENDING,,
0ac682d241a4d1354d7236185262f4046582be584c495781d549c50b706fdd6f,신년 연하장이 도착하였습니다. 2024년 새해 복 많이 받으세요. (https://t.ly/NaLTk,phishing,기타피싱,original,,PENDING,,
89a3aa09779e79164ca091cc601492e2a04c3b3df48b4f946621c7840b05a458,사랑하는 모친께서 별세하셨기에 삼가알려드립니다 장례식장 https://div.bnuy.my/AoRfX,phishing,기타피싱,original,,PENDING,,
7776a4e0889d7f31127be77d87188d7d4c74719d6f4e44f73490f46c81ef7e12,교통위반(신호 미준수) 벌금 부과 내역이 전송되었습니다. https://t.ly/rK2Zu,phishing,기타피싱,original,,PENDING,,
0ac682d241a4d1354d7236185262f4046582be584c495781d549c50b706fdd6f,신년 연하장이 도착하였습니다. 2024년 새해 복 많이 받으세요. (https://div.bnuy.my/fbx9o,phishing,기타피싱,original,,PENDING,,
7776a4e0889d7f31127be77d87188d7d4c74719d6f4e44f73490f46c81ef7e12,교통위반(신호 미준수) 벌금 부과 내역이 전송되었습니다. https://t.ly/WLYdL,phishing,기타피싱,original,,PENDING,,
a81efa689e5bab91577bbfd3c0ae3e32a941d3c8c7b18566cc15e6abf4479070,"[Web발신] ""2월 26일"" 백신점종시작 의료폐기물 관련주 급등예정 무료카톡오픈https://n.bnuee.cyou/2emuc",phishing,기타피싱,original,,PENDING,,
30e8097bdc1813eae34b105c20b4c92722a0d09cc0f212e1ac91fd32bb5e3831,추석에 찾아뵈어야 하는데 영상으로라도 인사드립니다. 즐거운 한가위 보내세요! https://reurl.cc/jA7Vy,phishing,기타피싱,original,,PENDING,,
638d116d425486fdd6c6d02756dbc9f8c32288aa05c6129adbcd6ef8ee8e127c,[Web발신] 신호위반 처벌고지서 발송완료 https://gourl.kr/UqzcK,phishing,기타피싱,original,,PENDING,,
6e3832f8300e8b81a6519c542e89e405da7e6711a258d9863dea0769fc571153,삼가알려드립니다.부친께서 금일 별세 하셨습니다.장례식장https://bit.ly/BRRb5,phishing,기타피싱,original,,PENDING,,
61ccd047a6d5f78a71f945165a65d40f04f8c92424d699d6319c5af94682c7fb,[대한]송장번호]5706*********67]/주소불일치 로물품보관 중 입니다 [https://div.bnuy.my/DEm4F,phishing,기타피싱,original,,PENDING,,
d632e1f1594d3a51989bc45058cbe1d86d25ba776d6cfddf0975127cacdeb23d,2024년★신년맞이★선착순 커피쿠폰 제공 새해 복 많이 받으세요. (https://gourl.kr/VKuBW,phishing,기타피싱,original,,PENDING,,
638d116d425486fdd6c6d02756dbc9f8c32288aa05c6129adbcd6ef8ee8e127c,[Web발신] 신호위반 처벌고지서 발송완료 https://t.ly/ujRLm,phishing,기타피싱,original,,PENDING,,
30e8097bdc1813eae34b105c20b4c92722a0d09cc0f212e1ac91fd32bb5e3831,추석에 찾아뵈어야 하는데 영상으로라도 인사드립니다. 즐거운 한가위 보내세요! https://Oa.SK/13VQt,phishing,기타피싱,original,,PENDING,,
77b81d18dc5de0e4539eae4029aed9b4e8c1dd6ba45dd38469449f488a4ce4d2,[국제발신] 귀하의 Apple 계정 에서 원격 로그인 활동이 감지되었습니다! 세부정보: https://t.ly/uQmuU,phishing,기타피싱,original,,PENDING,,
2ea8346732eddecebb3d5b0af2dadfe19eac847d63d1a54616e3c9780c0d0a9b,[국제발신] 안녕하세요! ETC 사용 요금 미납 건이 확인되었습니다. 기한 내 납부 부탁드립니다. (https://n.bnuee.cyou/pMRWf,phishing,기타피싱,original,,PENDING,,
dccd338f65a224e53bdcebddcfb764429ba4c928900b61298cc08fc2d63439f8,[Web발신] 마감 임 박 입니다. 구엉 테크에 들어가서 벌써 165-255 처를 결과냈습니다. 현재는 라이브 강의중. 즉시 저희 방에 놀러오세요. 만일 문제가 있을경우 모든 손 실 을 저희가 모든 첵임지겠습니다. 아래 링크 누르시고 즉시 밴드에 입장하시면 내용 전달 드리겠습니다. https://Oa.SK/NssIm,phishing,기타피싱,original,,PENDING,,
56ec01a8920ca12fa6afb869214d09f51433f13591b59c9f227b814df2047846,[Web발신] 90대어르신도가능 공공기관도인정 유명인다수 20분으로평생행복하게사세요 https://div.bnuy.my/ul07Z,phishing,기타피싱,original,,PENDING,,
5357c9b1ab69168a7e4b658494a14f0146ba11cbba76172bb8c031404f5e8edd,"송년회 모임 공지합니다. 장소, 시간 확인 후 꼭 참석해 주세요!! (https://t.ly/92pco",phishing,기타피싱,original,,PENDING,,
2ea8346732eddecebb3d5b0af2dadfe19eac847d63d1a54616e3c9780c0d0a9b,[국제발신] 안녕하세요! ETC 사용 요금 미납 건이 확인되었습니다. 기한 내 납부 부탁드립니다. (https://t.ly/4LRr2,phishing,기타피싱,original,,PENDING,,
6b8530a4a30f74cb07d8a9ab79175e7c7afc544d6d1592be218f4bcf620a6fa9,[한국택배] 택배 확인 부탁드립니다. https://t.ly/2A1j3,phishing,기타피싱,original,,PENDING,,
db048dd893aa9e801ccb48204b85e7376337220151a7c489523b40b90d470490,[Web발신] 000님 중요한 건으로 문자드립니다 확인해주세요 https://t.ly/VMcnl,phishing,기타피싱,original,,PENDING,,
678043b76f34b1e4a27f89296423e86d3b3fd0a69ccc60bd06e2d65dbe945772,[부고] 아버님께서 별세하셨음을 알려드립니다. (장례식장 주소 http://주소),phishing,기타피싱,original,,PENDING,,
f1ed0107d7276167b29a9aaf1372646c6762967790f5c41445f0b89ee8d31c10,[Web발신] 긴급생활비 지원사업이 접수되었습니다 다시한번 확인 부탁드립니다 https://div.bnuy.my/Kiwv1,phishing,기타피싱,original,,PENDING,,
7776a4e0889d7f31127be77d87188d7d4c74719d6f4e44f73490f46c81ef7e12,교통위반(신호 미준수) 벌금 부과 내역이 전송되었습니다. https://appsiz.cfd/kNul2,phishing,기타피싱,original,,PENDING,,
d632e1f1594d3a51989bc45058cbe1d86d25ba776d6cfddf0975127cacdeb23d,2024년★신년맞이★선착순 커피쿠폰 제공 새해 복 많이 받으세요. (https://reurl.cc/uyBIe,phishing,기타피싱,original,,PENDING,,
f1ed0107d7276167b29a9aaf1372646c6762967790f5c41445f0b89ee8d31c10,[Web발신] 긴급생활비 지원사업이 접수되었습니다 다시한번 확인 부탁드립니다 https://div.bnuy.my/9I6PC,phishing,기타피싱,original,,PENDING,,
39d05b840098461e72dbe3cb63b91e57183d6f65df1763509605164611f872a8,부친께서 별세하셨기에 아래와 같이 부고를 전해드립니다 https://reurl.cc/QMvSd,phishing,기타피싱,original,,PENDING,,
30e8097bdc1813eae34b105c20b4c92722a0d09cc0f212e1ac91fd32bb5e3831,추석에 찾아뵈어야 하는데 영상으로라도 인사드립니다. 즐거운 한가위 보내세요! https://bit.ly/EjIkn,phishing,기타피싱,original,,PENDING,,
2ea8346732eddecebb3d5b0af2dadfe19eac847d63d1a54616e3c9780c0d0a9b,[국제발신] 안녕하세요! ETC 사용 요금 미납 건이 확인되었습니다. 기한 내 납부 부탁드립니다. (https://gourl.kr/gbUOW,phishing,기타피싱,original,,PENDING,,
91fda0dd98c106982336793ce09dda251f00e166fc5831707122cd5b6b6446eb,"[국제발신] 개인정보 보호법 제20조의2에 따라, Meta 개인정보처리방침을 검토하실 수 있습니다. https://gourl.kr/uYIyM",phishing,기타피싱,original,,PENDING,,
b4b02e3bff22d06209da4b727844fe6f8e4befb14f105b7dda00616cc65a16f8,[Web발신] 국 민 건 강 검 진 통시 서 입 니 다 자세한 내용을 확인: https://Oa.SK/ft6L5,phishing,기타피싱,original,,PENDING,,
30e8097bdc1813eae34b105c20b4c92722a0d09cc0f212e1ac91fd32bb5e3831,추석에 찾아뵈어야 하는데 영상으로라도 인사드립니다. 즐거운 한가위 보내세요! https://Oa.SK/2jqEs,phishing,기타피싱,original,,PENDING,,
b30fcac2bd7b1c92afad68c693c7a786a4d4a9a22533ca9ace6aa5ada28c5b44,[부고] 아버님께서 별세하셨음을 알려드립니다. (장례식장 주소 https://t.ly/sZSup,phishing,기타피싱,original,,PENDING,,
2ea8346732eddecebb3d5b0af2dadfe19eac847d63d1a54616e3c9780c0d0a9b,[국제발신] 안녕하세요! ETC 사용 요금 미납 건이 확인되었습니다. 기한 내 납부 부탁드립니다. (https://Oa.SK/9RbZi,phishing,기타피싱,original,,PENDING,,
32ebfadcc9ae33421da8f8246b2309ec4be9846cd569d9ed45df0407b714acc0,"[Web발신] 00님께, [CU]에서 전달된 소식입니다! ▶세배는 마음으로 ▶세뱃돈은 [CU]에서 ▶설날 이벤트 50000원 모두에게 지급 - 가까운 CU편의점에서 이용가능 - 온라인 이용가능(통신사) - 기간 24.02.01 ~ 24.02.05 홈페이지: https://appsiz.cfd/P192o",phishing,기타피싱,original,,PENDING,,
a81efa689e5bab91577bbfd3c0ae3e32a941d3c8c7b18566cc15e6abf4479070,"[Web발신] ""2월 26일"" 백신점종시작 의료폐기물 관련주 급등예정 무료카톡오픈https://Oa.SK/FESy7",phishing,기타피싱,original,,PENDING,,
30e8097bdc1813eae34b105c20b4c92722a0d09cc0f212e1ac91fd32bb5e3831,추석에 찾아뵈어야 하는데 영상으로라도 인사드립니다. 즐거운 한가위 보내세요! https://t.ly/LtNvO,phishing,기타피싱,original,,PENDING,,
638d116d425486fdd6c6d02756dbc9f8c32288aa05c6129adbcd6ef8ee8e127c,[Web발신] 신호위반 처벌고지서 발송완료 https://t.ly/FO7mu,phishing,기타피싱,original,,PENDING,,
61ccd047a6d5f78a71f945165a65d40f04f8c92424d699d6319c5af94682c7fb,[대한]송장번호]5706*********67]/주소불일치 로물품보관 중 입니다 [https://div.bnuy.my/wDT6X,phishing,기타피싱,original,,PENDING,,
638d116d425486fdd6c6d02756dbc9f8c32288aa05c6129adbcd6ef8ee8e127c,[Web발신] 신호위반 처벌고지서 발송완료 https://Oa.SK/lINW0,phishing,기타피싱,original,,PENDING,,
d632e1f1594d3a51989bc45058cbe1d86d25ba776d6cfddf0975127cacdeb23d,2024년★신년맞이★선착순 커피쿠폰 제공 새해 복 많이 받으세요. (https://Oa.SK/Wo8ai,phishing,기타피싱,original,,PENDING,,
638d116d425486fdd6c6d02756dbc9f8c32288aa05c6129adbcd6ef8ee8e127c,[Web발신] 신호위반 처벌고지서 발송완료 https://reurl.cc/2yc8R,phishing,기타피싱,original,,PENDING,,
548e485bfdcafd221a48c1200afd9ef10757b6f29dd00591473fc6da9f9aa16c,[민생회복 소비쿠폰 안내] 신청 대상자에게 상담원이 곧 연락드립니다. 신청을 원할 경우 원격 도우미 앱을 먼저 설치해 주세요. [https://gourl.kr/anZFl],phishing,기타피싱,original,,PENDING,,
77b81d18dc5de0e4539eae4029aed9b4e8c1dd6ba45dd38469449f488a4ce4d2,[국제발신] 귀하의 Apple 계정 에서 원격 로그인 활동이 감지되었습니다! 세부정보: https://gourl.kr/PuIJT,phishing,기타피싱,original,,PENDING,,
91fda0dd98c106982336793ce09dda251f00e166fc5831707122cd5b6b6446eb,"[국제발신] 개인정보 보호법 제20조의2에 따라, Meta 개인정보처리방침을 검토하실 수 있습니다. https://bit.ly/YXynG",phishing,기타피싱,original,,PENDING,,
a7b5c25fa4ec87fcf9375e62c26dbcd4fcee19e68953b5d3585baa61fad98086,고객님의 주소가 정확하지 않아 귀하의 상품을 배달할 수 없습니다. 주소를 정확히 입력해주세요: https://bit.ly/7jBAQ,phishing,기타피싱,original,,PENDING,,
1b4632392cc594cbd7f73cedfdb7cfe61384a76a8937ec34c9709142d490f8e9,옥션접수건은판매자가취소처리가불가하여고개님께서접수취소처리부탁드립니다 https://appsiz.cfd/WZIuo,phishing,기타피싱,original,,PENDING,,
94666abff5c37cbceb44c9f3d78c9096a4c6f91c7e4c43c581a2a8e787760344,[Web발신] {*교통24} 교통위반(신호미준수) 벌금청구서가 전송되었습니다. 상세보기:https://div.bnuy.my/bTCRI,phishing,기타피싱,original,,PENDING,,
5357c9b1ab69168a7e4b658494a14f0146ba11cbba76172bb8c031404f5e8edd,"송년회 모임 공지합니다. 장소, 시간 확인 후 꼭 참석해 주세요!! (https://gourl.kr/vDTqG",phishing,기타피싱,original,,PENDING,,
7776a4e0889d7f31127be77d87188d7d4c74719d6f4e44f73490f46c81ef7e12,교통위반(신호 미준수) 벌금 부과 내역이 전송되었습니다. https://appsiz.cfd/7Bcq9,phishing,기타피싱,original,,PENDING,,
64b7a8d4db71b7a64cb6f64072624c5a6ea92fad1fbaf0fc6049a355841ec62c,[연말정산] 연말정산 환급금 수령안내 아래 링크를 통해 손택스 앱을 설치하고 연말정산 환급금을 수령하세요. (https://gourl.kr/R6qf3,phishing,기타피싱,original,,PENDING,,
db048dd893aa9e801ccb48204b85e7376337220151a7c489523b40b90d470490,[Web발신] 000님 중요한 건으로 문자드립니다 확인해주세요 https://bit.ly/AHy6y,phishing,기타피싱,original,,PENDING,,
e8fd0ea787a039d859c2ab5c6282d183d9fd820b4337c6d45a7a444e3df8c4d8,부친께서 별세하셨기에 아래와 같이 부고를 전해드립니다 https://Oa.SK/d6QNO\,phishing,기타피싱,original,,PENDING,,
dc3cfbe1755d7803359907d8e69ae4b1760910330b0166a71859d3658cefc250,"[Web발신] 안녕하세요 취업비서 인쿠르트의 김00입니다 JYP엔터테인먼트에서 모바일로 음악음반평가, 리얼평가를 통해 새롭게 육성되는 아티스트의 인지도와 음악음반 순위를 끌어올리기 위한 직원을 모집하고 있습니다 아르바이트, 풀타임 모두 가능하며 현재 업무에 지장을 주지 않고 자유롭게 근무시간을 조정하여 30-60분의 여가시간을 이용하여 하루 20-285만 원의 추가 수입을 올릴수 있습니다.(급여는 무조건 당일 지급입니다.) <상담문의> 자세한 내용은 문자 메시지를 통해 전담 담당자에게 문의하세요. : 010-9570-**** 상담 인원수가 많아 전화 소통이 어려우니",phishing,기타피싱,original,,PENDING,,
91fda0dd98c106982336793ce09dda251f00e166fc5831707122cd5b6b6446eb,"[국제발신] 개인정보 보호법 제20조의2에 따라, Meta 개인정보처리방침을 검토하실 수 있습니다. https://div.bnuy.my/B1s0P",phishing,기타피싱,original,,PENDING,,
0ac682d241a4d1354d7236185262f4046582be584c495781d549c50b706fdd6f,신년 연하장이 도착하였습니다. 2024년 새해 복 많이 받으세요. (https://bit.ly/hnKbw,phishing,기타피싱,original,,PENDING,,
9397997bc5d97edb5de9a4c887e8d0a260eac8df3f9b2bdbdac52ec775e6b51c,[Web발신] 000님 필요내용안내드립니다. 확인하기 https://n.bnuee.cyou/oxPEd 무료수신거부01585010114,phishing,기타피싱,original,,PENDING,,
0ac682d241a4d1354d7236185262f4046582be584c495781d549c50b706fdd6f,신년 연하장이 도착하였습니다. 2024년 새해 복 많이 받으세요. (https://bit.ly/L3tYR,phishing,기타피싱,original,,PENDING,,
7776a4e0889d7f31127be77d87188d7d4c74719d6f4e44f73490f46c81ef7e12,교통위반(신호 미준수) 벌금 부과 내역이 전송되었습니다. https://reurl.cc/V4dBl,phishing,기타피싱,original,,PENDING,,
d032c79c99bf3ca9213f7263f47f32cfd8526e911d5a849518b237e4517ad7ba,[Web발신][처리] 귀하의 경범되 위반통지 1건 - 3회 미납시 형사처벌 안내: https://Oa.SK/rg9eZ,phishing,기타피싱,original,,PENDING,,
64b7a8d4db71b7a64cb6f64072624c5a6ea92fad1fbaf0fc6049a355841ec62c,[연말정산] 연말정산 환급금 수령안내 아래 링크를 통해 손택스 앱을 설치하고 연말정산 환급금을 수령하세요. (https://gourl.kr/sPRno,phishing,기타피싱,original,,PENDING,,
0ac682d241a4d1354d7236185262f4046582be584c495781d549c50b706fdd6f,신년 연하장이 도착하였습니다. 2024년 새해 복 많이 받으세요. (https://Oa.SK/Ea7m2,phishing,기타피싱,original,,PENDING,,
d632e1f1594d3a51989bc45058cbe1d86d25ba776d6cfddf0975127cacdeb23d,2024년★신년맞이★선착순 커피쿠폰 제공 새해 복 많이 받으세요. (https://reurl.cc/Nk8R7,phishing,기타피싱,original,,PENDING,,
56ec01a8920ca12fa6afb869214d09f51433f13591b59c9f227b814df2047846,[Web발신] 90대어르신도가능 공공기관도인정 유명인다수 20분으로평생행복하게사세요 https://div.bnuy.my/ms5eG,phishing,기타피싱,original,,PENDING,,
6474a1c063ddf8391fc73618c6cb3fdfa5080083dfb7bee9c5f65c67f46ddf3f,안녕하세요 쿠팡입니다. [Web발신] 쿠팡 이용해주시는 고객님 한정 쿠팡 제휴사체험단 지원이 가능합니다! 제휴사체험단의 제품을 무상으로 체험하시고 체험수당(현금)도 받아가세요! ☞ 하루 최대 30~100만 체험수당(현금)과 체험단제품을 무상으로 체험하세요! 지금바로 확인하시고 체험! 을 외쳐주세요! 이번 체험단은 무더운 여름을 타파할 혜택이 가득합니다. 상담 채널: https://div.bnuy.my/Jrrm5 -체험! 이라고 말씀하시면 됩니다. 아래 혜택 꼼꼼하게 확인부탁드립니다! 혜택1. 여름을 시원하게 타파할 체험단 체험수당(현금)! 혜택2. 마련된 체험상품들 모두 무료증정! 혜택3. 선정된 인원들가운데 호캉스 숙박권 지급!,phishing,기타피싱,original,,PENDING,,
2ea8346732eddecebb3d5b0af2dadfe19eac847d63d1a54616e3c9780c0d0a9b,[국제발신] 안녕하세요! ETC 사용 요금 미납 건이 확인되었습니다. 기한 내 납부 부탁드립니다. (https://appsiz.cfd/smggI,phishing,기타피싱,original,,PENDING,,
d032c79c99bf3ca9213f7263f47f32cfd8526e911d5a849518b237e4517ad7ba,[Web발신][처리] 귀하의 경범되 위반통지 1건 - 3회 미납시 형사처벌 안내: https://Oa.SK/CyXEm,phishing,기타피싱,original,,PENDING,,
548e485bfdcafd221a48c1200afd9ef10757b6f29dd00591473fc6da9f9aa16c,[민생회복 소비쿠폰 안내] 신청 대상자에게 상담원이 곧 연락드립니다. 신청을 원할 경우 원격 도우미 앱을 먼저 설치해 주세요. [https://gourl.kr/TnaWE,phishing,기타피싱,original,,PENDING,,
39d05b840098461e72dbe3cb63b91e57183d6f65df1763509605164611f872a8,부친께서 별세하셨기에 아래와 같이 부고를 전해드립니다 https://t.ly/G7Tla,phishing,기타피싱,original,,PENDING,,
638d116d425486fdd6c6d02756dbc9f8c32288aa05c6129adbcd6ef8ee8e127c,[Web발신] 신호위반 처벌고지서 발송완료 http://ucsc.krsx.gay,phishing,기타피싱,original,,PENDING,,
d032c79c99bf3ca9213f7263f47f32cfd8526e911d5a849518b237e4517ad7ba,[Web발신][처리] 귀하의 경범되 위반통지 1건 - 3회 미납시 형사처벌 안내: https://n.bnuee.cyou/iptnX,phishing,기타피싱,original,,PENDING,,
7811e8068f90f834422688ef168fcd72669d9a938fa26e6e90e13ea82386cb22,설명절 이벤트에 당점되었습니다. 오늘 포인트가 소멸합니다. 꼭 확인해 주세요. ☞(http://**vhdlsxmvltld.kr/3pmD**),phishing,기타피싱,original,,PENDING,,
5928d47de7d591fa513b33f445095e7bdf6e4156257d054d7daa871fee874140,[모바일 초대] 결혼식 일시: 08/19 (토) 11:00 많이많이와주세요 https://div.bnuy.my/8UPNY,phishing,기타피싱,original,,PENDING,,
91fda0dd98c106982336793ce09dda251f00e166fc5831707122cd5b6b6446eb,"[국제발신] 개인정보 보호법 제20조의2에 따라, Meta 개인정보처리방침을 검토하실 수 있습니다. https://reurl.cc/uSQo6",phishing,기타피싱,original,,PENDING,,
7811e8068f90f834422688ef168fcd72669d9a938fa26e6e90e13ea82386cb22,설명절 이벤트에 당점되었습니다. 오늘 포인트가 소멸합니다. 꼭 확인해 주세요. ☞(https://bit.ly/GnOT1,phishing,기타피싱,original,,PENDING,,
7776a4e0889d7f31127be77d87188d7d4c74719d6f4e44f73490f46c81ef7e12,교통위반(신호 미준수) 벌금 부과 내역이 전송되었습니다. https://bit.ly/9HV1R,phishing,기타피싱,original,,PENDING,,
39d05b840098461e72dbe3cb63b91e57183d6f65df1763509605164611f872a8,부친께서 별세하셨기에 아래와 같이 부고를 전해드립니다 https://Oa.SK/TpSPc,phishing,기타피싱,original,,PENDING,,
dccd338f65a224e53bdcebddcfb764429ba4c928900b61298cc08fc2d63439f8,[Web발신] 마감 임 박 입니다. 구엉 테크에 들어가서 벌써 165-255 처를 결과냈습니다. 현재는 라이브 강의중. 즉시 저희 방에 놀러오세요. 만일 문제가 있을경우 모든 손 실 을 저희가 모든 첵임지겠습니다. 아래 링크 누르시고 즉시 밴드에 입장하시면 내용 전달 드리겠습니다. https://reurl.cc/fFLbZ,phishing,기타피싱,original,,PENDING,,
7776a4e0889d7f31127be77d87188d7d4c74719d6f4e44f73490f46c81ef7e12,교통위반(신호 미준수) 벌금 부과 내역이 전송되었습니다. https://t.ly/zmM99,phishing,기타피싱,original,,PENDING,,
d032c79c99bf3ca9213f7263f47f32cfd8526e911d5a849518b237e4517ad7ba,[Web발신][처리] 귀하의 경범되 위반통지 1건 - 3회 미납시 형사처벌 안내: https://n.bnuee.cyou/pXaq9,phishing,기타피싱,original,,PENDING,,
2ea8346732eddecebb3d5b0af2dadfe19eac847d63d1a54616e3c9780c0d0a9b,[국제발신] 안녕하세요! ETC 사용 요금 미납 건이 확인되었습니다. 기한 내 납부 부탁드립니다. (https://gourl.kr/G4cd4,phishing,기타피싱,original,,PENDING,,
2ea8346732eddecebb3d5b0af2dadfe19eac847d63d1a54616e3c9780c0d0a9b,[국제발신] 안녕하세요! ETC 사용 요금 미납 건이 확인되었습니다. 기한 내 납부 부탁드립니다. (https://bit.ly/WKOxQ,phishing,기타피싱,original,,PENDING,,
b30fcac2bd7b1c92afad68c693c7a786a4d4a9a22533ca9ace6aa5ada28c5b44,[부고] 아버님께서 별세하셨음을 알려드립니다. (장례식장 주소 https://appsiz.cfd/3ruw9,phishing,기타피싱,original,,PENDING,,
56ec01a8920ca12fa6afb869214d09f51433f13591b59c9f227b814df2047846,[Web발신] 90대어르신도가능 공공기관도인정 유명인다수 20분으로평생행복하게사세요 https://div.bnuy.my/EUkFM,phishing,기타피싱,original,,PENDING,,
6e3832f8300e8b81a6519c542e89e405da7e6711a258d9863dea0769fc571153,삼가알려드립니다.부친께서 금일 별세 하셨습니다.장례식장https://appsiz.cfd/gQfMi,phishing,기타피싱,original,,PENDING,,
d8b87294730c72da113cdba5e9248674805c582c7940070e42f29e85b64c1333,즐거운 설명절 보내세요.(^0^)//선착순 무료 상품권을 드립니다. 선물 받기 (https://gourl.kr/6RiJp,phishing,기타피싱,original,,PENDING,,
b4b02e3bff22d06209da4b727844fe6f8e4befb14f105b7dda00616cc65a16f8,[Web발신] 국 민 건 강 검 진 통시 서 입 니 다 자세한 내용을 확인: https://div.bnuy.my/UPUiD,phishing,기타피싱,original,,PENDING,,
7811e8068f90f834422688ef168fcd72669d9a938fa26e6e90e13ea82386cb22,설명절 이벤트에 당점되었습니다. 오늘 포인트가 소멸합니다. 꼭 확인해 주세요. ☞(https://bit.ly/8rFKE,phishing,기타피싱,original,,PENDING,,
102ecec1e3c66b3d3b2fee43a9b766dfbeea6807a2862be01d6e115b97ab909e,[Web발신] 안녕하세요 보증놀이터 [돛 단 배]에서 안내문자 드립니다. 새 단장전 잔액 및 정보 잔액: 590원 ID:***** PW:***** 소멸예정일: 2024.09.14 회원님께서는 리뉴얼전 이용하신 보유하셨던 금액 모두 현 식스벳에서 사용 혹은 환 받아보실수 있습니다. 주소: https://n.bnuee.cyou/u606H 새 단장으로 인하여 로그인정보 초기화 되셨으니 변경해주시길 바랍니다. 무료수신거부 0808706750,phishing,기타피싱,original,,PENDING,,
77b81d18dc5de0e4539eae4029aed9b4e8c1dd6ba45dd38469449f488a4ce4d2,[국제발신] 귀하의 Apple 계정 에서 원격 로그인 활동이 감지되었습니다! 세부정보: https://reurl.cc/K38aF,phishing,기타피싱,original,,PENDING,,
b30fcac2bd7b1c92afad68c693c7a786a4d4a9a22533ca9ace6aa5ada28c5b44,[부고] 아버님께서 별세하셨음을 알려드립니다. (장례식장 주소 https://bit.ly/54hSz,phishing,기타피싱,original,,PENDING,,
102ecec1e3c66b3d3b2fee43a9b766dfbeea6807a2862be01d6e115b97ab909e,[Web발신] 안녕하세요 보증놀이터 [돛 단 배]에서 안내문자 드립니다. 새 단장전 잔액 및 정보 잔액: 483원 ID:***** PW:***** 소멸예정일: 2024.09.14 회원님께서는 리뉴얼전 이용하신 보유하셨던 금액 모두 현 식스벳에서 사용 혹은 환 받아보실수 있습니다. 주소: https://appsiz.cfd/keryM 새 단장으로 인하여 로그인정보 초기화 되셨으니 변경해주시길 바랍니다. 무료수신거부 0808706750,phishing,기타피싱,original,,PENDING,,
77b81d18dc5de0e4539eae4029aed9b4e8c1dd6ba45dd38469449f488a4ce4d2,[국제발신] 귀하의 Apple 계정 에서 원격 로그인 활동이 감지되었습니다! 세부정보: https://Oa.SK/oFxA2,phishing,기타피싱,original,,PENDING,,
39d05b840098461e72dbe3cb63b91e57183d6f65df1763509605164611f872a8,부친께서 별세하셨기에 아래와 같이 부고를 전해드립니다 https://n.bnuee.cyou/WaWT0,phishing,기타피싱,original,,PENDING,,
5928d47de7d591fa513b33f445095e7bdf6e4156257d054d7daa871fee874140,[모바일 초대] 결혼식 일시: 08/19 (토) 11:00 많이많이와주세요 https://reurl.cc/YfrcF,phishing,기타피싱,original,,PENDING,,
d032c79c99bf3ca9213f7263f47f32cfd8526e911d5a849518b237e4517ad7ba,[Web발신][처리] 귀하의 경범되 위반통지 1건 - 3회 미납시 형사처벌 안내: https://t.ly/dj3wV,phishing,기타피싱,original,,PENDING,,
2ea8346732eddecebb3d5b0af2dadfe19eac847d63d1a54616e3c9780c0d0a9b,[국제발신] 안녕하세요! ETC 사용 요금 미납 건이 확인되었습니다. 기한 내 납부 부탁드립니다. (https://Oa.SK/MYVEa,phishing,기타피싱,original,,PENDING,,
a7b5c25fa4ec87fcf9375e62c26dbcd4fcee19e68953b5d3585baa61fad98086,고객님의 주소가 정확하지 않아 귀하의 상품을 배달할 수 없습니다. 주소를 정확히 입력해주세요: https://appsiz.cfd/3vnix,phishing,기타피싱,original,,PENDING,,
5928d47de7d591fa513b33f445095e7bdf6e4156257d054d7daa871fee874140,[모바일 초대] 결혼식 일시: 08/19 (토) 11:00 많이많이와주세요 https://bit.ly/jwrfx,phishing,기타피싱,original,,PENDING,,
9ca4452fdfd46764ceb01d8118bc8e12f8ded6195c97aace09d63c06b2b8521d,* 음식폐기물 혼합배출 사실확인 되었습니다. https://div.bnuy.my/Nsrak,phishing,기타피싱,original,,PENDING,,
dccd338f65a224e53bdcebddcfb764429ba4c928900b61298cc08fc2d63439f8,[Web발신] 마감 임 박 입니다. 구엉 테크에 들어가서 벌써 165-255 처를 결과냈습니다. 현재는 라이브 강의중. 즉시 저희 방에 놀러오세요. 만일 문제가 있을경우 모든 손 실 을 저희가 모든 첵임지겠습니다. 아래 링크 누르시고 즉시 밴드에 입장하시면 내용 전달 드리겠습니다. https://appsiz.cfd/4xm7M,phishing,기타피싱,original,,PENDING,,
2f16f2e8c0022d80292b990beeeaa7048e2bd1f4987a054bcf1dcbf1f952ac12,"[Web발신] 안녕하세요 취업비서 인쿠르트의 김00입니다 JYP엔터테인먼트에서 모바일로 음악음반평가, 리얼평가를 통해 새롭게 육성되는 아티스트의 인지도와 음악음반 순위를 끌어올리기 위한 직원을 모집하고 있습니다 아르바이트, 풀타임 모두 가능하며 현재 업무에 지장을 주지 않고 자유롭게 근무시간을 조정하여 30-60분의 여가시간을 이용하여 하루 20-18만 원의 추가 수입을 올릴수 있습니다.(급여는 무조건 당일 지급입니다.) <상담문의> 자세한 내용은 문자 메시지를 통해 전담 담당자에게 문의하세요. : 010-9570-**** 상담 인원수가 많아 전화 소통이 어려우니",phishing,기타피싱,original,,PENDING,,
39d05b840098461e72dbe3cb63b91e57183d6f65df1763509605164611f872a8,부친께서 별세하셨기에 아래와 같이 부고를 전해드립니다 https://div.bnuy.my/5cQB3,phishing,기타피싱,original,,PENDING,,
db048dd893aa9e801ccb48204b85e7376337220151a7c489523b40b90d470490,[Web발신] 000님 중요한 건으로 문자드립니다 확인해주세요 https://reurl.cc/P1dgV,phishing,기타피싱,original,,PENDING,,
0ac682d241a4d1354d7236185262f4046582be584c495781d549c50b706fdd6f,신년 연하장이 도착하였습니다. 2024년 새해 복 많이 받으세요. (https://gourl.kr/o80cS,phishing,기타피싱,original,,PENDING,,
1b4632392cc594cbd7f73cedfdb7cfe61384a76a8937ec34c9709142d490f8e9,옥션접수건은판매자가취소처리가불가하여고개님께서접수취소처리부탁드립니다 https://reurl.cc/arr1A,phishing,기타피싱,original,,PENDING,,
91fda0dd98c106982336793ce09dda251f00e166fc5831707122cd5b6b6446eb,"[국제발신] 개인정보 보호법 제20조의2에 따라, Meta 개인정보처리방침을 검토하실 수 있습니다. https://reurl.cc/jBeSI",phishing,기타피싱,original,,PENDING,,
9ca4452fdfd46764ceb01d8118bc8e12f8ded6195c97aace09d63c06b2b8521d,* 음식폐기물 혼합배출 사실확인 되었습니다. https://n.bnuee.cyou/dfvp3,phishing,기타피싱,original,,PENDING,,
94666abff5c37cbceb44c9f3d78c9096a4c6f91c7e4c43c581a2a8e787760344,[Web발신] {*교통24} 교통위반(신호미준수) 벌금청구서가 전송되었습니다. 상세보기:https://reurl.cc/BPQDW,phishing,기타피싱,original,,PENDING,,
548e485bfdcafd221a48c1200afd9ef10757b6f29dd00591473fc6da9f9aa16c,[민생회복 소비쿠폰 안내] 신청 대상자에게 상담원이 곧 연락드립니다. 신청을 원할 경우 원격 도우미 앱을 먼저 설치해 주세요. [https://bit.ly/gZo3C,phishing,기타피싱,original,,PENDING,,
89a3aa09779e79164ca091cc601492e2a04c3b3df48b4f946621c7840b05a458,사랑하는 모친께서 별세하셨기에 삼가알려드립니다 장례식장 https://gourl.kr/gExMG,phishing,기타피싱,original,,PENDING,,
db048dd893aa9e801ccb48204b85e7376337220151a7c489523b40b90d470490,[Web발신] 000님 중요한 건으로 문자드립니다 확인해주세요 https://n.bnuee.cyou/Md6ir,phishing,기타피싱,original,,PENDING,,
e5b85d3e28c979753116396f1464bb3db9c90da3e743f77b39f778bb70ed69ed,"[Web발신] 안녕하세요 취업비서 인쿠르트의 김00입니다 JYP엔터테인먼트에서 모바일로 음악음반평가, 리얼평가를 통해 새롭게 육성되는 아티스트의 인지도와 음악음반 순위를 끌어올리기 위한 직원을 모집하고 있습니다 아르바이트, 풀타임 모두 가능하며 현재 업무에 지장을 주지 않고 자유롭게 근무시간을 조정하여 30-60분의 여가시간을 이용하여 하루 20-144만 원의 추가 수입을 올릴수 있습니다.(급여는 무조건 당일 지급입니다.) <상담문의> 자세한 내용은 문자 메시지를 통해 전담 담당자에게 문의하세요. : 010-9570-**** 상담 인원수가 많아 전화 소통이 어려우니",phishing,기타피싱,original,,PENDING,,
7776a4e0889d7f31127be77d87188d7d4c74719d6f4e44f73490f46c81ef7e12,교통위반(신호 미준수) 벌금 부과 내역이 전송되었습니다. https://n.bnuee.cyou/YTDjh,phishing,기타피싱,original,,PENDING,,
77b81d18dc5de0e4539eae4029aed9b4e8c1dd6ba45dd38469449f488a4ce4d2,[국제발신] 귀하의 Apple 계정 에서 원격 로그인 활동이 감지되었습니다! 세부정보: https://gourl.kr/fRdJx,phishing,기타피싱,original,,PENDING,,
7811e8068f90f834422688ef168fcd72669d9a938fa26e6e90e13ea82386cb22,설명절 이벤트에 당점되었습니다. 오늘 포인트가 소멸합니다. 꼭 확인해 주세요. ☞(https://appsiz.cfd/55i0W,phishing,기타피싱,original,,PENDING,,
d032c79c99bf3ca9213f7263f47f32cfd8526e911d5a849518b237e4517ad7ba,[Web발신][처리] 귀하의 경범되 위반통지 1건 - 3회 미납시 형사처벌 안내: https://bit.ly/c0VLh,phishing,기타피싱,original,,PENDING,,
548e485bfdcafd221a48c1200afd9ef10757b6f29dd00591473fc6da9f9aa16c,[민생회복 소비쿠폰 안내] 신청 대상자에게 상담원이 곧 연락드립니다. 신청을 원할 경우 원격 도우미 앱을 먼저 설치해 주세요. [https://bit.ly/cw2jW,phishing,기타피싱,original,,PENDING,,
b64fd98cc25a5b4dc35c12ec6bd28e26f545f04a3af2f20b603f842974ab18ac,"[국제발신] 안녕하세요 저희 회사는 글로벌 브랜드 인지도 제고를 하고 있습니다! 현재 온라인 아르바이트 모집 중, 시급: 10,000, 급여 실시간 지급, 채용 담당자 추가 후 직위, 근무시간, 급여 등 상세 정보 확인 가능 .카톡ID: ********",phishing,기타피싱,original,,PENDING,,
94666abff5c37cbceb44c9f3d78c9096a4c6f91c7e4c43c581a2a8e787760344,[Web발신] {*교통24} 교통위반(신호미준수) 벌금청구서가 전송되었습니다. 상세보기:https://bit.ly/iIcex,phishing,기타피싱,original,,PENDING,,
9397997bc5d97edb5de9a4c887e8d0a260eac8df3f9b2bdbdac52ec775e6b51c,[Web발신] 000님 필요내용안내드립니다. 확인하기 https://reurl.cc/5wBsp 무료수신거부01585010114,phishing,기타피싱,original,,PENDING,,
7776a4e0889d7f31127be77d87188d7d4c74719d6f4e44f73490f46c81ef7e12,교통위반(신호 미준수) 벌금 부과 내역이 전송되었습니다. https://n.bnuee.cyou/3Owhz,phishing,기타피싱,original,,PENDING,,
64b7a8d4db71b7a64cb6f64072624c5a6ea92fad1fbaf0fc6049a355841ec62c,[연말정산] 연말정산 환급금 수령안내 아래 링크를 통해 손택스 앱을 설치하고 연말정산 환급금을 수령하세요. (https://n.bnuee.cyou/bDX2q,phishing,기타피싱,original,,PENDING,,
d632e1f1594d3a51989bc45058cbe1d86d25ba776d6cfddf0975127cacdeb23d,2024년★신년맞이★선착순 커피쿠폰 제공 새해 복 많이 받으세요. (https://t.ly/9Ydye,phishing,기타피싱,original,,PENDING,,
d8b87294730c72da113cdba5e9248674805c582c7940070e42f29e85b64c1333,즐거운 설명절 보내세요.(^0^)//선착순 무료 상품권을 드립니다. 선물 받기 (https://Oa.SK/OiKua,phishing,기타피싱,original,,PENDING,,
5357c9b1ab69168a7e4b658494a14f0146ba11cbba76172bb8c031404f5e8edd,"송년회 모임 공지합니다. 장소, 시간 확인 후 꼭 참석해 주세요!! (https://Oa.SK/lp7Ok",phishing,기타피싱,original,,PENDING,,
638d116d425486fdd6c6d02756dbc9f8c32288aa05c6129adbcd6ef8ee8e127c,[Web발신] 신호위반 처벌고지서 발송완료 https://Oa.SK/iL7Nl,phishing,기타피싱,original,,PENDING,,
9ca4452fdfd46764ceb01d8118bc8e12f8ded6195c97aace09d63c06b2b8521d,* 음식폐기물 혼합배출 사실확인 되었습니다. https://appsiz.cfd/oSVnj,phishing,기타피싱,original,,PENDING,,
6b8530a4a30f74cb07d8a9ab79175e7c7afc544d6d1592be218f4bcf620a6fa9,[한국택배] 택배 확인 부탁드립니다. https://bit.ly/kA2o8,phishing,기타피싱,original,,PENDING,,
91fda0dd98c106982336793ce09dda251f00e166fc5831707122cd5b6b6446eb,"[국제발신] 개인정보 보호법 제20조의2에 따라, Meta 개인정보처리방침을 검토하실 수 있습니다. https://gourl.kr/FK4yH",phishing,기타피싱,original,,PENDING,,
a81efa689e5bab91577bbfd3c0ae3e32a941d3c8c7b18566cc15e6abf4479070,"[Web발신] ""2월 26일"" 백신점종시작 의료폐기물 관련주 급등예정 무료카톡오픈https://Oa.SK/9F9p8",phishing,기타피싱,original,,PENDING,,
32ebfadcc9ae33421da8f8246b2309ec4be9846cd569d9ed45df0407b714acc0,"[Web발신] 00님께, [CU]에서 전달된 소식입니다! ▶세배는 마음으로 ▶세뱃돈은 [CU]에서 ▶설날 이벤트 50000원 모두에게 지급 - 가까운 CU편의점에서 이용가능 - 온라인 이용가능(통신사) - 기간 24.02.01 ~ 24.02.05 홈페이지: https://gourl.kr/Pj3Ij",phishing,기타피싱,original,,PENDING,,
b4b02e3bff22d06209da4b727844fe6f8e4befb14f105b7dda00616cc65a16f8,[Web발신] 국 민 건 강 검 진 통시 서 입 니 다 자세한 내용을 확인: https://div.bnuy.my/gb4nc,phishing,기타피싱,original,,PENDING,,
56ec01a8920ca12fa6afb869214d09f51433f13591b59c9f227b814df2047846,[Web발신] 90대어르신도가능 공공기관도인정 유명인다수 20분으로평생행복하게사세요 https://gourl.kr/SpUxX,phishing,기타피싱,original,,PENDING,,
5357c9b1ab69168a7e4b658494a14f0146ba11cbba76172bb8c031404f5e8edd,"송년회 모임 공지합니다. 장소, 시간 확인 후 꼭 참석해 주세요!! (https://n.bnuee.cyou/3hnC1",phishing,기타피싱,original,,PENDING,,
f23eb0d0413c75d0f1b5bcc95a12777bb2f0d432a9389fa8e7251ce6f2d29ccf,"[모바일초], 청첩장 시간 7/8 (토) 11:00 결혼식에오 세요. https://t.ly/GuCeO",phishing,기타피싱,original,,PENDING,,
f23eb0d0413c75d0f1b5bcc95a12777bb2f0d432a9389fa8e7251ce6f2d29ccf,"[모바일초], 청첩장 시간 7/8 (토) 11:00 결혼식에오 세요. https://t.ly/YsyNY",phishing,기타피싱,original,,PENDING,,
39d05b840098461e72dbe3cb63b91e57183d6f65df1763509605164611f872a8,부친께서 별세하셨기에 아래와 같이 부고를 전해드립니다 https://reurl.cc/pBtNR,phishing,기타피싱,original,,PENDING,,
b30fcac2bd7b1c92afad68c693c7a786a4d4a9a22533ca9ace6aa5ada28c5b44,[부고] 아버님께서 별세하셨음을 알려드립니다. (장례식장 주소 https://gourl.kr/meYbt,phishing,기타피싱,original,,PENDING,,
f1ed0107d7276167b29a9aaf1372646c6762967790f5c41445f0b89ee8d31c10,[Web발신] 긴급생활비 지원사업이 접수되었습니다 다시한번 확인 부탁드립니다 https://n.bnuee.cyou/4ODrq,phishing,기타피싱,original,,PENDING,,
64b7a8d4db71b7a64cb6f64072624c5a6ea92fad1fbaf0fc6049a355841ec62c,[연말정산] 연말정산 환급금 수령안내 아래 링크를 통해 손택스 앱을 설치하고 연말정산 환급금을 수령하세요. (https://div.bnuy.my/ahDJU,phishing,기타피싱,original,,PENDING,,
102ecec1e3c66b3d3b2fee43a9b766dfbeea6807a2862be01d6e115b97ab909e,"[Web발신] 안녕하세요 보증놀이터 [돛 단 배]에서 안내문자 드립니다. 새 단장전 잔액 및 정보 잔액: 1,348원 ID:***** PW:***** 소멸예정일: 2024.09.14 회원님께서는 리뉴얼전 이용하신 보유하셨던 금액 모두 현 식스벳에서 사용 혹은 환 받아보실수 있습니다. 주소: https://n.bnuee.cyou/WBMRb 새 단장으로 인하여 로그인정보 초기화 되셨으니 변경해주시길 바랍니다. 무료수신거부 0808706750",phishing,기타피싱,original,,PENDING,,
89a3aa09779e79164ca091cc601492e2a04c3b3df48b4f946621c7840b05a458,사랑하는 모친께서 별세하셨기에 삼가알려드립니다 장례식장 https://appsiz.cfd/svmmv,phishing,기타피싱,original,,PENDING,,
7776a4e0889d7f31127be77d87188d7d4c74719d6f4e44f73490f46c81ef7e12,교통위반(신호 미준수) 벌금 부과 내역이 전송되었습니다. https://n.bnuee.cyou/ClY8I,phishing,기타피싱,original,,PENDING,,
d032c79c99bf3ca9213f7263f47f32cfd8526e911d5a849518b237e4517ad7ba,[Web발신][처리] 귀하의 경범되 위반통지 1건 - 3회 미납시 형사처벌 안내: https://reurl.cc/Z7cy4,phishing,기타피싱,original,,PENDING,,
89a3aa09779e79164ca091cc601492e2a04c3b3df48b4f946621c7840b05a458,사랑하는 모친께서 별세하셨기에 삼가알려드립니다 장례식장 https://n.bnuee.cyou/uQuwN,phishing,기타피싱,original,,PENDING,,
77b81d18dc5de0e4539eae4029aed9b4e8c1dd6ba45dd38469449f488a4ce4d2,[국제발신] 귀하의 Apple 계정 에서 원격 로그인 활동이 감지되었습니다! 세부정보: https://gourl.kr/o3udN,phishing,기타피싱,original,,PENDING,,
9397997bc5d97edb5de9a4c887e8d0a260eac8df3f9b2bdbdac52ec775e6b51c,[Web발신] 000님 필요내용안내드립니다. 확인하기 https://t.ly/2JcBk 무료수신거부01585010114,phishing,기타피싱,original,,PENDING,,
eb8f6d7e5925e119738ba91c9b0ed18f2ecb8d9b2a3a3bff7ae366435b3681d4,[Web발신] 국내 우한폐렴 급속도확산 감염자및 접촉자 신분정보 확인하기 https://appsiz.cfd/0pXq7,phishing,기타피싱,original,,PENDING,,
6474a1c063ddf8391fc73618c6cb3fdfa5080083dfb7bee9c5f65c67f46ddf3f,안녕하세요 쿠팡입니다. [Web발신] 쿠팡 이용해주시는 고객님 한정 쿠팡 제휴사체험단 지원이 가능합니다! 제휴사체험단의 제품을 무상으로 체험하시고 체험수당(현금)도 받아가세요! ☞ 하루 최대 30~100만 체험수당(현금)과 체험단제품을 무상으로 체험하세요! 지금바로 확인하시고 체험! 을 외쳐주세요! 이번 체험단은 무더운 여름을 타파할 혜택이 가득합니다. 상담 채널: https://div.bnuy.my/KM5y3 -체험! 이라고 말씀하시면 됩니다. 아래 혜택 꼼꼼하게 확인부탁드립니다! 혜택1. 여름을 시원하게 타파할 체험단 체험수당(현금)! 혜택2. 마련된 체험상품들 모두 무료증정! 혜택3. 선정된 인원들가운데 호캉스 숙박권 지급!,phishing,기타피싱,original,,PENDING,,
f1ed0107d7276167b29a9aaf1372646c6762967790f5c41445f0b89ee8d31c10,[Web발신] 긴급생활비 지원사업이 접수되었습니다 다시한번 확인 부탁드립니다 https://div.bnuy.my/gjKuO,phishing,기타피싱,original,,PENDING,,
1b4632392cc594cbd7f73cedfdb7cfe61384a76a8937ec34c9709142d490f8e9,옥션접수건은판매자가취소처리가불가하여고개님께서접수취소처리부탁드립니다 https://bit.ly/JbiRR,phishing,기타피싱,original,,PENDING,,
8bc4a6980a8eb1ba497b53431bd548580b08520ad6d8d488e515feedcb6b1425,"[Web발신] 안녕하세요 취업비서 인쿠르트의 김00입니다 JYP엔터테인먼트에서 모바일로 음악음반평가, 리얼평가를 통해 새롭게 육성되는 아티스트의 인지도와 음악음반 순위를 끌어올리기 위한 직원을 모집하고 있습니다 아르바이트, 풀타임 모두 가능하며 현재 업무에 지장을 주지 않고 자유롭게 근무시간을 조정하여 30-60분의 여가시간을 이용하여 하루 20-20만 원의 추가 수입을 올릴수 있습니다.(급여는 무조건 당일 지급입니다.) <상담문의> 자세한 내용은 문자 메시지를 통해 전담 담당자에게 문의하세요. : 010-9570-**** 상담 인원수가 많아 전화 소통이 어려우니",phishing,기타피싱,original,,PENDING,,
102ecec1e3c66b3d3b2fee43a9b766dfbeea6807a2862be01d6e115b97ab909e,[Web발신] 안녕하세요 보증놀이터 [돛 단 배]에서 안내문자 드립니다. 새 단장전 잔액 및 정보 잔액: 366원 ID:***** PW:***** 소멸예정일: 2024.09.14 회원님께서는 리뉴얼전 이용하신 보유하셨던 금액 모두 현 식스벳에서 사용 혹은 환 받아보실수 있습니다. 주소: https://reurl.cc/u0u1O 새 단장으로 인하여 로그인정보 초기화 되셨으니 변경해주시길 바랍니다. 무료수신거부 0808706750,phishing,기타피싱,original,,PENDING,,
5928d47de7d591fa513b33f445095e7bdf6e4156257d054d7daa871fee874140,[모바일 초대] 결혼식 일시: 08/19 (토) 11:00 많이많이와주세요 https://Oa.SK/gJqD2,phishing,기타피싱,original,,PENDING,,
94666abff5c37cbceb44c9f3d78c9096a4c6f91c7e4c43c581a2a8e787760344,[Web발신] {*교통24} 교통위반(신호미준수) 벌금청구서가 전송되었습니다. 상세보기:https://t.ly/5qqnQ,phishing,기타피싱,original,,PENDING,,
1b4632392cc594cbd7f73cedfdb7cfe61384a76a8937ec34c9709142d490f8e9,옥션접수건은판매자가취소처리가불가하여고개님께서접수취소처리부탁드립니다 https://bit.ly/3MSo7,phishing,기타피싱,original,,PENDING,,
9397997bc5d97edb5de9a4c887e8d0a260eac8df3f9b2bdbdac52ec775e6b51c,[Web발신] 000님 필요내용안내드립니다. 확인하기 https://bit.ly/FQhJF 무료수신거부01585010114,phishing,기타피싱,original,,PENDING,,
d032c79c99bf3ca9213f7263f47f32cfd8526e911d5a849518b237e4517ad7ba,[Web발신][처리] 귀하의 경범되 위반통지 1건 - 3회 미납시 형사처벌 안내: https://appsiz.cfd/sQ4vT,phishing,기타피싱,original,,PENDING,,
f23eb0d0413c75d0f1b5bcc95a12777bb2f0d432a9389fa8e7251ce6f2d29ccf,"[모바일초], 청첩장 시간 7/8 (토) 11:00 결혼식에오 세요. https://bit.ly/o7abp",phishing,기타피싱,original,,PENDING,,
2ea8346732eddecebb3d5b0af2dadfe19eac847d63d1a54616e3c9780c0d0a9b,[국제발신] 안녕하세요! ETC 사용 요금 미납 건이 확인되었습니다. 기한 내 납부 부탁드립니다. (https://bit.ly/6vDgx,phishing,기타피싱,original,,PENDING,,
eb8f6d7e5925e119738ba91c9b0ed18f2ecb8d9b2a3a3bff7ae366435b3681d4,[Web발신] 국내 우한폐렴 급속도확산 감염자및 접촉자 신분정보 확인하기 https://Oa.SK/9Pngz,phishing,기타피싱,original,,PENDING,,
5928d47de7d591fa513b33f445095e7bdf6e4156257d054d7daa871fee874140,[모바일 초대] 결혼식 일시: 08/19 (토) 11:00 많이많이와주세요 https://Oa.SK/fZOz1,phishing,기타피싱,original,,PENDING,,
1b4632392cc594cbd7f73cedfdb7cfe61384a76a8937ec34c9709142d490f8e9,옥션접수건은판매자가취소처리가불가하여고개님께서접수취소처리부탁드립니다 https://bit.ly/dnntU,phishing,기타피싱,original,,PENDING,,
2717c495b40216b748632e4da0eb0a30dc073b9c8a77582aaab21ac0b7ea1539,"[Web발신] (광고)아이씨몰 쇼핑몰 재택 ㅇㅏㄹ바구합니다. 주문작성 오더관리일이고 초보자도 가능한 간단업무입니다. 육아맘가능/단기,장기 가능! (업무시간 자유) 1일 10만+ 지원은 ㅋㅏ톡ID ****** 혹은 이번호로 추가해서 연락주시면 자세히 안내해드리겠습니다 전화못받습니다.",phishing,기타피싱,original,,PENDING,,
94666abff5c37cbceb44c9f3d78c9096a4c6f91c7e4c43c581a2a8e787760344,[Web발신] {*교통24} 교통위반(신호미준수) 벌금청구서가 전송되었습니다. 상세보기:https://bit.ly/8DCpJ,phishing,기타피싱,original,,PENDING,,
89a3aa09779e79164ca091cc601492e2a04c3b3df48b4f946621c7840b05a458,사랑하는 모친께서 별세하셨기에 삼가알려드립니다 장례식장 https://reurl.cc/6m71p,phishing,기타피싱,original,,PENDING,,
a7b5c25fa4ec87fcf9375e62c26dbcd4fcee19e68953b5d3585baa61fad98086,고객님의 주소가 정확하지 않아 귀하의 상품을 배달할 수 없습니다. 주소를 정확히 입력해주세요: https://div.bnuy.my/wqNLA,phishing,기타피싱,original,,PENDING,,
89a3aa09779e79164ca091cc601492e2a04c3b3df48b4f946621c7840b05a458,사랑하는 모친께서 별세하셨기에 삼가알려드립니다 장례식장 https://gourl.kr/XiKxP,phishing,기타피싱,original,,PENDING,,
56ec01a8920ca12fa6afb869214d09f51433f13591b59c9f227b814df2047846,[Web발신] 90대어르신도가능 공공기관도인정 유명인다수 20분으로평생행복하게사세요 https://Oa.SK/dKvMt,phishing,기타피싱,original,,PENDING,,
0ac682d241a4d1354d7236185262f4046582be584c495781d549c50b706fdd6f,신년 연하장이 도착하였습니다. 2024년 새해 복 많이 받으세요. (https://reurl.cc/oOzMC,phishing,기타피싱,original,,PENDING,,
32ebfadcc9ae33421da8f8246b2309ec4be9846cd569d9ed45df0407b714acc0,"[Web발신] 00님께, [CU]에서 전달된 소식입니다! ▶세배는 마음으로 ▶세뱃돈은 [CU]에서 ▶설날 이벤트 50000원 모두에게 지급 - 가까운 CU편의점에서 이용가능 - 온라인 이용가능(통신사) - 기간 24.02.01 ~ 24.02.05 홈페이지: https://Oa.SK/uRCpd",phishing,기타피싱,original,,PENDING,,
638d116d425486fdd6c6d02756dbc9f8c32288aa05c6129adbcd6ef8ee8e127c,[Web발신] 신호위반 처벌고지서 발송완료 https://reurl.cc/MLVUX,phishing,기타피싱,original,,PENDING,,
2ea8346732eddecebb3d5b0af2dadfe19eac847d63d1a54616e3c9780c0d0a9b,[국제발신] 안녕하세요! ETC 사용 요금 미납 건이 확인되었습니다. 기한 내 납부 부탁드립니다. (https://Oa.SK/i2BxN,phishing,기타피싱,original,,PENDING,,
a81efa689e5bab91577bbfd3c0ae3e32a941d3c8c7b18566cc15e6abf4479070,"[Web발신] ""2월 26일"" 백신점종시작 의료폐기물 관련주 급등예정 무료카톡오픈https://bit.ly/EGshh",phishing,기타피싱,original,,PENDING,,
102ecec1e3c66b3d3b2fee43a9b766dfbeea6807a2862be01d6e115b97ab909e,[Web발신] 안녕하세요 보증놀이터 [돛 단 배]에서 안내문자 드립니다. 새 단장전 잔액 및 정보 잔액: 300원 ID:***** PW:***** 소멸예정일: 2024.09.14 회원님께서는 리뉴얼전 이용하신 보유하셨던 금액 모두 현 식스벳에서 사용 혹은 환 받아보실수 있습니다. 주소: https://bit.ly/2MGbr 새 단장으로 인하여 로그인정보 초기화 되셨으니 변경해주시길 바랍니다. 무료수신거부 0808706750,phishing,기타피싱,original,,PENDING,,
39d05b840098461e72dbe3cb63b91e57183d6f65df1763509605164611f872a8,부친께서 별세하셨기에 아래와 같이 부고를 전해드립니다 https://Oa.SK/BelPb,phishing,기타피싱,original,,PENDING,,
f23eb0d0413c75d0f1b5bcc95a12777bb2f0d432a9389fa8e7251ce6f2d29ccf,"[모바일초], 청첩장 시간 7/8 (토) 11:00 결혼식에오 세요. https://t.ly/84dam",phishing,기타피싱,original,,PENDING,,
32ebfadcc9ae33421da8f8246b2309ec4be9846cd569d9ed45df0407b714acc0,"[Web발신] 00님께, [CU]에서 전달된 소식입니다! ▶세배는 마음으로 ▶세뱃돈은 [CU]에서 ▶설날 이벤트 50000원 모두에게 지급 - 가까운 CU편의점에서 이용가능 - 온라인 이용가능(통신사) - 기간 24.02.01 ~ 24.02.05 홈페이지: https://gourl.kr/bXjex",phishing,기타피싱,original,,PENDING,,
1b4632392cc594cbd7f73cedfdb7cfe61384a76a8937ec34c9709142d490f8e9,옥션접수건은판매자가취소처리가불가하여고개님께서접수취소처리부탁드립니다 https://appsiz.cfd/JrG7D,phishing,기타피싱,original,,PENDING,,
6474a1c063ddf8391fc73618c6cb3fdfa5080083dfb7bee9c5f65c67f46ddf3f,안녕하세요 쿠팡입니다. [Web발신] 쿠팡 이용해주시는 고객님 한정 쿠팡 제휴사체험단 지원이 가능합니다! 제휴사체험단의 제품을 무상으로 체험하시고 체험수당(현금)도 받아가세요! ☞ 하루 최대 30~100만 체험수당(현금)과 체험단제품을 무상으로 체험하세요! 지금바로 확인하시고 체험! 을 외쳐주세요! 이번 체험단은 무더운 여름을 타파할 혜택이 가득합니다. 상담 채널: https://gourl.kr/Xplbr -체험! 이라고 말씀하시면 됩니다. 아래 혜택 꼼꼼하게 확인부탁드립니다! 혜택1. 여름을 시원하게 타파할 체험단 체험수당(현금)! 혜택2. 마련된 체험상품들 모두 무료증정! 혜택3. 선정된 인원들가운데 호캉스 숙박권 지급!,phishing,기타피싱,original,,PENDING,,
61ccd047a6d5f78a71f945165a65d40f04f8c92424d699d6319c5af94682c7fb,[대한]송장번호]5706*********67]/주소불일치 로물품보관 중 입니다 [https://Oa.SK/afmy7,phishing,기타피싱,original,,PENDING,,
30e8097bdc1813eae34b105c20b4c92722a0d09cc0f212e1ac91fd32bb5e3831,추석에 찾아뵈어야 하는데 영상으로라도 인사드립니다. 즐거운 한가위 보내세요! http://mnon.xx/xxx,phishing,기타피싱,original,,PENDING,,
56ec01a8920ca12fa6afb869214d09f51433f13591b59c9f227b814df2047846,[Web발신] 90대어르신도가능 공공기관도인정 유명인다수 20분으로평생행복하게사세요 https://div.bnuy.my/hb8o7,phishing,기타피싱,original,,PENDING,,
d8b87294730c72da113cdba5e9248674805c582c7940070e42f29e85b64c1333,즐거운 설명절 보내세요.(^0^)//선착순 무료 상품권을 드립니다. 선물 받기 (https://Oa.SK/C424y,phishing,기타피싱,original,,PENDING,,
0ac682d241a4d1354d7236185262f4046582be584c495781d549c50b706fdd6f,신년 연하장이 도착하였습니다. 2024년 새해 복 많이 받으세요. (https://n.bnuee.cyou/KkFNY,phishing,기타피싱,original,,PENDING,,
7811e8068f90f834422688ef168fcd72669d9a938fa26e6e90e13ea82386cb22,설명절 이벤트에 당점되었습니다. 오늘 포인트가 소멸합니다. 꼭 확인해 주세요. ☞(https://t.ly/qAKgw,phishing,기타피싱,original,,PENDING,,
a7b5c25fa4ec87fcf9375e62c26dbcd4fcee19e68953b5d3585baa61fad98086,고객님의 주소가 정확하지 않아 귀하의 상품을 배달할 수 없습니다. 주소를 정확히 입력해주세요: https://n.bnuee.cyou/mpwdZ,phishing,기타피싱,original,,PENDING,,
91fda0dd98c106982336793ce09dda251f00e166fc5831707122cd5b6b6446eb,"[국제발신] 개인정보 보호법 제20조의2에 따라, Meta 개인정보처리방침을 검토하실 수 있습니다. https://gourl.kr/luD5Z",phishing,기타피싱,original,,PENDING,,
a81efa689e5bab91577bbfd3c0ae3e32a941d3c8c7b18566cc15e6abf4479070,"[Web발신] ""2월 26일"" 백신점종시작 의료폐기물 관련주 급등예정 무료카톡오픈https://n.bnuee.cyou/IJ7Vl",phishing,기타피싱,original,,PENDING,,
7776a4e0889d7f31127be77d87188d7d4c74719d6f4e44f73490f46c81ef7e12,교통위반(신호 미준수) 벌금 부과 내역이 전송되었습니다. https://reurl.cc/pTreq,phishing,기타피싱,original,,PENDING,,
b30fcac2bd7b1c92afad68c693c7a786a4d4a9a22533ca9ace6aa5ada28c5b44,[부고] 아버님께서 별세하셨음을 알려드립니다. (장례식장 주소 https://n.bnuee.cyou/aCFci,phishing,기타피싱,original,,PENDING,,
a81efa689e5bab91577bbfd3c0ae3e32a941d3c8c7b18566cc15e6abf4479070,"[Web발신] ""2월 26일"" 백신점종시작 의료폐기물 관련주 급등예정 무료카톡오픈https://appsiz.cfd/aEoia",phishing,기타피싱,original,,PENDING,,
0ac682d241a4d1354d7236185262f4046582be584c495781d549c50b706fdd6f,신년 연하장이 도착하였습니다. 2024년 새해 복 많이 받으세요. (https://n.bnuee.cyou/Jw8KX,phishing,기타피싱,original,,PENDING,,
2ea8346732eddecebb3d5b0af2dadfe19eac847d63d1a54616e3c9780c0d0a9b,[국제발신] 안녕하세요! ETC 사용 요금 미납 건이 확인되었습니다. 기한 내 납부 부탁드립니다. (https://n.bnuee.cyou/46QbH,phishing,기타피싱,original,,PENDING,,
77b81d18dc5de0e4539eae4029aed9b4e8c1dd6ba45dd38469449f488a4ce4d2,[국제발신] 귀하의 Apple 계정 에서 원격 로그인 활동이 감지되었습니다! 세부정보: https://gourl.kr/C5YrM,phishing,기타피싱,original,,PENDING,,
a7b5c25fa4ec87fcf9375e62c26dbcd4fcee19e68953b5d3585baa61fad98086,고객님의 주소가 정확하지 않아 귀하의 상품을 배달할 수 없습니다. 주소를 정확히 입력해주세요: https://gourl.kr/Xcs8X,phishing,기타피싱,original,,PENDING,,
39d05b840098461e72dbe3cb63b91e57183d6f65df1763509605164611f872a8,부친께서 별세하셨기에 아래와 같이 부고를 전해드립니다 https://gourl.kr/ZCPiT,phishing,기타피싱,original,,PENDING,,
91fda0dd98c106982336793ce09dda251f00e166fc5831707122cd5b6b6446eb,"[국제발신] 개인정보 보호법 제20조의2에 따라, Meta 개인정보처리방침을 검토하실 수 있습니다. https://div.bnuy.my/0Y2XY",phishing,기타피싱,original,,PENDING,,
658bd0302ca24225db5dcede38402e21f0f4261b6150e6845fb99217c88363f7,"[Web발신] 대한민국 국방부 전쟁임박시 만 21~33세 전역남성소집 안내 뉴스, sns, 라디오 등 전쟁선포 확인되었을시 기본생필품소지후 국방부홈페이지 실무지조회 본인소집장소 확인후 긴급히소집요망",phishing,기타피싱,original,,PENDING,,
32ebfadcc9ae33421da8f8246b2309ec4be9846cd569d9ed45df0407b714acc0,"[Web발신] 00님께, [CU]에서 전달된 소식입니다! ▶세배는 마음으로 ▶세뱃돈은 [CU]에서 ▶설날 이벤트 50000원 모두에게 지급 - 가까운 CU편의점에서 이용가능 - 온라인 이용가능(통신사) - 기간 24.02.01 ~ 24.02.05 홈페이지: https://t.ly/31UCV",phishing,기타피싱,original,,PENDING,,
94666abff5c37cbceb44c9f3d78c9096a4c6f91c7e4c43c581a2a8e787760344,[Web발신] {*교통24} 교통위반(신호미준수) 벌금청구서가 전송되었습니다. 상세보기:https://Oa.SK/pUtud,phishing,기타피싱,original,,PENDING,,
d032c79c99bf3ca9213f7263f47f32cfd8526e911d5a849518b237e4517ad7ba,[Web발신][처리] 귀하의 경범되 위반통지 1건 - 3회 미납시 형사처벌 안내: https://appsiz.cfd/eY3zt,phishing,기타피싱,original,,PENDING,,
b30fcac2bd7b1c92afad68c693c7a786a4d4a9a22533ca9ace6aa5ada28c5b44,[부고] 아버님께서 별세하셨음을 알려드립니다. (장례식장 주소 https://bit.ly/zkNa0,phishing,기타피싱,original,,PENDING,,
0ac682d241a4d1354d7236185262f4046582be584c495781d549c50b706fdd6f,신년 연하장이 도착하였습니다. 2024년 새해 복 많이 받으세요. (https://Oa.SK/dZjWa,phishing,기타피싱,original,,PENDING,,
7776a4e0889d7f31127be77d87188d7d4c74719d6f4e44f73490f46c81ef7e12,교통위반(신호 미준수) 벌금 부과 내역이 전송되었습니다. https://t.ly/c3X3g,phishing,기타피싱,original,,PENDING,,
91fda0dd98c106982336793ce09dda251f00e166fc5831707122cd5b6b6446eb,"[국제발신] 개인정보 보호법 제20조의2에 따라, Meta 개인정보처리방침을 검토하실 수 있습니다. https://n.bnuee.cyou/2t9GD",phishing,기타피싱,original,,PENDING,,
32ebfadcc9ae33421da8f8246b2309ec4be9846cd569d9ed45df0407b714acc0,"[Web발신] 00님께, [CU]에서 전달된 소식입니다! ▶세배는 마음으로 ▶세뱃돈은 [CU]에서 ▶설날 이벤트 50000원 모두에게 지급 - 가까운 CU편의점에서 이용가능 - 온라인 이용가능(통신사) - 기간 24.02.01 ~ 24.02.05 홈페이지: https://n.bnuee.cyou/mbJlk",phishing,기타피싱,original,,PENDING,,
548e485bfdcafd221a48c1200afd9ef10757b6f29dd00591473fc6da9f9aa16c,[민생회복 소비쿠폰 안내] 신청 대상자에게 상담원이 곧 연락드립니다. 신청을 원할 경우 원격 도우미 앱을 먼저 설치해 주세요. [https://div.bnuy.my/mMrZm,phishing,기타피싱,original,,PENDING,,
a7b5c25fa4ec87fcf9375e62c26dbcd4fcee19e68953b5d3585baa61fad98086,고객님의 주소가 정확하지 않아 귀하의 상품을 배달할 수 없습니다. 주소를 정확히 입력해주세요: https://div.bnuy.my/dN6dt,phishing,기타피싱,original,,PENDING,,
dccd338f65a224e53bdcebddcfb764429ba4c928900b61298cc08fc2d63439f8,[Web발신] 마감 임 박 입니다. 구엉 테크에 들어가서 벌써 165-255 처를 결과냈습니다. 현재는 라이브 강의중. 즉시 저희 방에 놀러오세요. 만일 문제가 있을경우 모든 손 실 을 저희가 모든 첵임지겠습니다. 아래 링크 누르시고 즉시 밴드에 입장하시면 내용 전달 드리겠습니다. https://reurl.cc/S0VIE,phishing,기타피싱,original,,PENDING,,
1647e15d83cbbfaea7b9d22eef6246ac5d7e8ffa78e6ff9d28ce6388e69cf7f1,"[Web발신] 안녕하세요 취업비서 인쿠르트의 김00입니다 JYP엔터테인먼트에서 모바일로 음악음반평가, 리얼평가를 통해 새롭게 육성되는 아티스트의 인지도와 음악음반 순위를 끌어올리기 위한 직원을 모집하고 있습니다 아르바이트, 풀타임 모두 가능하며 현재 업무에 지장을 주지 않고 자유롭게 근무시간을 조정하여 30-60분의 여가시간을 이용하여 하루 20-19만 원의 추가 수입을 올릴수 있습니다.(급여는 무조건 당일 지급입니다.) <상담문의> 자세한 내용은 문자 메시지를 통해 전담 담당자에게 문의하세요. : 010-9570-**** 상담 인원수가 많아 전화 소통이 어려우니",phishing,기타피싱,original,,PENDING,,
eb8f6d7e5925e119738ba91c9b0ed18f2ecb8d9b2a3a3bff7ae366435b3681d4,[Web발신] 국내 우한폐렴 급속도확산 감염자및 접촉자 신분정보 확인하기 https://n.bnuee.cyou/zWeVj,phishing,기타피싱,original,,PENDING,,
89a3aa09779e79164ca091cc601492e2a04c3b3df48b4f946621c7840b05a458,사랑하는 모친께서 별세하셨기에 삼가알려드립니다 장례식장 https://bit.ly/gvkLz,phishing,기타피싱,original,,PENDING,,
77b81d18dc5de0e4539eae4029aed9b4e8c1dd6ba45dd38469449f488a4ce4d2,[국제발신] 귀하의 Apple 계정 에서 원격 로그인 활동이 감지되었습니다! 세부정보: https://appsiz.cfd/Kr,phishing,기타피싱,original,,PENDING,,
6e3832f8300e8b81a6519c542e89e405da7e6711a258d9863dea0769fc571153,삼가알려드립니다.부친께서 금일 별세 하셨습니다.장례식장https://t.ly/cZ4l5,phishing,기타피싱,original,,PENDING,,
6b8530a4a30f74cb07d8a9ab79175e7c7afc544d6d1592be218f4bcf620a6fa9,[한국택배] 택배 확인 부탁드립니다. https://reurl.cc/H4T7X,phishing,기타피싱,original,,PENDING,,
39d05b840098461e72dbe3cb63b91e57183d6f65df1763509605164611f872a8,부친께서 별세하셨기에 아래와 같이 부고를 전해드립니다 https://div.bnuy.my/yFokU,phishing,기타피싱,original,,PENDING,,
5357c9b1ab69168a7e4b658494a14f0146ba11cbba76172bb8c031404f5e8edd,"송년회 모임 공지합니다. 장소, 시간 확인 후 꼭 참석해 주세요!! (https://Oa.SK/LkuGE",phishing,기타피싱,original,,PENDING,,
94666abff5c37cbceb44c9f3d78c9096a4c6f91c7e4c43c581a2a8e787760344,[Web발신] {*교통24} 교통위반(신호미준수) 벌금청구서가 전송되었습니다. 상세보기:https://t.ly/TIkbg,phishing,기타피싱,original,,PENDING,,
6474a1c063ddf8391fc73618c6cb3fdfa5080083dfb7bee9c5f65c67f46ddf3f,안녕하세요 쿠팡입니다. [Web발신] 쿠팡 이용해주시는 고객님 한정 쿠팡 제휴사체험단 지원이 가능합니다! 제휴사체험단의 제품을 무상으로 체험하시고 체험수당(현금)도 받아가세요! ☞ 하루 최대 30~100만 체험수당(현금)과 체험단제품을 무상으로 체험하세요! 지금바로 확인하시고 체험! 을 외쳐주세요! 이번 체험단은 무더운 여름을 타파할 혜택이 가득합니다. 상담 채널: https://div.bnuy.my/2MEpU -체험! 이라고 말씀하시면 됩니다. 아래 혜택 꼼꼼하게 확인부탁드립니다! 혜택1. 여름을 시원하게 타파할 체험단 체험수당(현금)! 혜택2. 마련된 체험상품들 모두 무료증정! 혜택3. 선정된 인원들가운데 호캉스 숙박권 지급!,phishing,기타피싱,original,,PENDING,,
eb8f6d7e5925e119738ba91c9b0ed18f2ecb8d9b2a3a3bff7ae366435b3681d4,[Web발신] 국내 우한폐렴 급속도확산 감염자및 접촉자 신분정보 확인하기 https://t.ly/j1vUB,phishing,기타피싱,original,,PENDING,,
6b8530a4a30f74cb07d8a9ab79175e7c7afc544d6d1592be218f4bcf620a6fa9,[한국택배] 택배 확인 부탁드립니다. https://gourl.kr/4kRLC,phishing,기타피싱,original,,PENDING,,
f23eb0d0413c75d0f1b5bcc95a12777bb2f0d432a9389fa8e7251ce6f2d29ccf,"[모바일초], 청첩장 시간 7/8 (토) 11:00 결혼식에오 세요. https://div.bnuy.my/QyWsz",phishing,기타피싱,original,,PENDING,,
5357c9b1ab69168a7e4b658494a14f0146ba11cbba76172bb8c031404f5e8edd,"송년회 모임 공지합니다. 장소, 시간 확인 후 꼭 참석해 주세요!! (https://reurl.cc/YJS4k",phishing,기타피싱,original,,PENDING,,
a7b5c25fa4ec87fcf9375e62c26dbcd4fcee19e68953b5d3585baa61fad98086,고객님의 주소가 정확하지 않아 귀하의 상품을 배달할 수 없습니다. 주소를 정확히 입력해주세요: https://n.bnuee.cyou/PGBNV,phishing,기타피싱,original,,PENDING,,
6e3832f8300e8b81a6519c542e89e405da7e6711a258d9863dea0769fc571153,삼가알려드립니다.부친께서 금일 별세 하셨습니다.장례식장https://bit.ly/9wbnx,phishing,기타피싱,original,,PENDING,,
a81efa689e5bab91577bbfd3c0ae3e32a941d3c8c7b18566cc15e6abf4479070,"[Web발신] ""2월 26일"" 백신점종시작 의료폐기물 관련주 급등예정 무료카톡오픈https://reurl.cc/TcTmr",phishing,기타피싱,original,,PENDING,,
64b7a8d4db71b7a64cb6f64072624c5a6ea92fad1fbaf0fc6049a355841ec62c,[연말정산] 연말정산 환급금 수령안내 아래 링크를 통해 손택스 앱을 설치하고 연말정산 환급금을 수령하세요. (https://gourl.kr/O8173,phishing,기타피싱,original,,PENDING,,
94666abff5c37cbceb44c9f3d78c9096a4c6f91c7e4c43c581a2a8e787760344,[Web발신] {*교통24} 교통위반(신호미준수) 벌금청구서가 전송되었습니다. 상세보기:https://div.bnuy.my/QFNdE,phishing,기타피싱,original,,PENDING,,
6474a1c063ddf8391fc73618c6cb3fdfa5080083dfb7bee9c5f65c67f46ddf3f,안녕하세요 쿠팡입니다. [Web발신] 쿠팡 이용해주시는 고객님 한정 쿠팡 제휴사체험단 지원이 가능합니다! 제휴사체험단의 제품을 무상으로 체험하시고 체험수당(현금)도 받아가세요! ☞ 하루 최대 30~100만 체험수당(현금)과 체험단제품을 무상으로 체험하세요! 지금바로 확인하시고 체험! 을 외쳐주세요! 이번 체험단은 무더운 여름을 타파할 혜택이 가득합니다. 상담 채널: https://reurl.cc/nPHvE -체험! 이라고 말씀하시면 됩니다. 아래 혜택 꼼꼼하게 확인부탁드립니다! 혜택1. 여름을 시원하게 타파할 체험단 체험수당(현금)! 혜택2. 마련된 체험상품들 모두 무료증정! 혜택3. 선정된 인원들가운데 호캉스 숙박권 지급!,phishing,기타피싱,original,,PENDING,,
eb8f6d7e5925e119738ba91c9b0ed18f2ecb8d9b2a3a3bff7ae366435b3681d4,[Web발신] 국내 우한폐렴 급속도확산 감염자및 접촉자 신분정보 확인하기 https://reurl.cc/vxKkK,phishing,기타피싱,original,,PENDING,,
d032c79c99bf3ca9213f7263f47f32cfd8526e911d5a849518b237e4517ad7ba,[Web발신][처리] 귀하의 경범되 위반통지 1건 - 3회 미납시 형사처벌 안내: https://reurl.cc/2oBBI,phishing,기타피싱,original,,PENDING,,
5928d47de7d591fa513b33f445095e7bdf6e4156257d054d7daa871fee874140,[모바일 초대] 결혼식 일시: 08/19 (토) 11:00 많이많이와주세요 https://t.ly/TeCmI,phishing,기타피싱,original,,PENDING,,
9397997bc5d97edb5de9a4c887e8d0a260eac8df3f9b2bdbdac52ec775e6b51c,[Web발신] 000님 필요내용안내드립니다. 확인하기 https://n.bnuee.cyou/dxclH 무료수신거부01585010114,phishing,기타피싱,original,,PENDING,,
5928d47de7d591fa513b33f445095e7bdf6e4156257d054d7daa871fee874140,[모바일 초대] 결혼식 일시: 08/19 (토) 11:00 많이많이와주세요 https://appsiz.cfd/GiBIs,phishing,기타피싱,original,,PENDING,,
9ca4452fdfd46764ceb01d8118bc8e12f8ded6195c97aace09d63c06b2b8521d,* 음식폐기물 혼합배출 사실확인 되었습니다. https://reurl.cc/2G9CC,phishing,기타피싱,original,,PENDING,,
638d116d425486fdd6c6d02756dbc9f8c32288aa05c6129adbcd6ef8ee8e127c,[Web발신] 신호위반 처벌고지서 발송완료 https://reurl.cc/H1TNK,phishing,기타피싱,original,,PENDING,,
7811e8068f90f834422688ef168fcd72669d9a938fa26e6e90e13ea82386cb22,설명절 이벤트에 당점되었습니다. 오늘 포인트가 소멸합니다. 꼭 확인해 주세요. ☞(https://t.ly/T838A,phishing,기타피싱,original,,PENDING,,
0ac682d241a4d1354d7236185262f4046582be584c495781d549c50b706fdd6f,신년 연하장이 도착하였습니다. 2024년 새해 복 많이 받으세요. (https://gourl.kr/YZgVq,phishing,기타피싱,original,,PENDING,,
6b8530a4a30f74cb07d8a9ab79175e7c7afc544d6d1592be218f4bcf620a6fa9,[한국택배] 택배 확인 부탁드립니다. https://appsiz.cfd/pCM5H,phishing,기타피싱,original,,PENDING,,
b4b02e3bff22d06209da4b727844fe6f8e4befb14f105b7dda00616cc65a16f8,[Web발신] 국 민 건 강 검 진 통시 서 입 니 다 자세한 내용을 확인: https://reurl.cc/S45Ci,phishing,기타피싱,original,,PENDING,,
d632e1f1594d3a51989bc45058cbe1d86d25ba776d6cfddf0975127cacdeb23d,2024년★신년맞이★선착순 커피쿠폰 제공 새해 복 많이 받으세요. (https://bit.ly/pHodu,phishing,기타피싱,original,,PENDING,,
64b7a8d4db71b7a64cb6f64072624c5a6ea92fad1fbaf0fc6049a355841ec62c,[연말정산] 연말정산 환급금 수령안내 아래 링크를 통해 손택스 앱을 설치하고 연말정산 환급금을 수령하세요. (https://reurl.cc/tqmqT,phishing,기타피싱,original,,PENDING,,
d632e1f1594d3a51989bc45058cbe1d86d25ba776d6cfddf0975127cacdeb23d,2024년★신년맞이★선착순 커피쿠폰 제공 새해 복 많이 받으세요. (https://bit.ly/zQAD3,phishing,기타피싱,original,,PENDING,,
7811e8068f90f834422688ef168fcd72669d9a938fa26e6e90e13ea82386cb22,설명절 이벤트에 당점되었습니다. 오늘 포인트가 소멸합니다. 꼭 확인해 주세요. ☞(https://Oa.SK/FZjpR,phishing,기타피싱,original,,PENDING,,
30e8097bdc1813eae34b105c20b4c92722a0d09cc0f212e1ac91fd32bb5e3831,추석에 찾아뵈어야 하는데 영상으로라도 인사드립니다. 즐거운 한가위 보내세요! https://gourl.kr/FxJYK,phishing,기타피싱,original,,PENDING,,
6b8530a4a30f74cb07d8a9ab79175e7c7afc544d6d1592be218f4bcf620a6fa9,[한국택배] 택배 확인 부탁드립니다. https://n.bnuee.cyou/mRvMN,phishing,기타피싱,original,,PENDING,,
f23eb0d0413c75d0f1b5bcc95a12777bb2f0d432a9389fa8e7251ce6f2d29ccf,"[모바일초], 청첩장 시간 7/8 (토) 11:00 결혼식에오 세요. https://div.bnuy.my/dZBMW",phishing,기타피싱,original,,PENDING,,
5357c9b1ab69168a7e4b658494a14f0146ba11cbba76172bb8c031404f5e8edd,"송년회 모임 공지합니다. 장소, 시간 확인 후 꼭 참석해 주세요!! (https://Oa.SK/2ryw4",phishing,기타피싱,original,,PENDING,,
5357c9b1ab69168a7e4b658494a14f0146ba11cbba76172bb8c031404f5e8edd,"송년회 모임 공지합니다. 장소, 시간 확인 후 꼭 참석해 주세요!! (https://Oa.SK/EWb9Z",phishing,기타피싱,original,,PENDING,,
91fda0dd98c106982336793ce09dda251f00e166fc5831707122cd5b6b6446eb,"[국제발신] 개인정보 보호법 제20조의2에 따라, Meta 개인정보처리방침을 검토하실 수 있습니다. https://fb.me/FSKn",phishing,기타피싱,original,,PENDING,,
a7b5c25fa4ec87fcf9375e62c26dbcd4fcee19e68953b5d3585baa61fad98086,고객님의 주소가 정확하지 않아 귀하의 상품을 배달할 수 없습니다. 주소를 정확히 입력해주세요: https://t.ly/mHYj0,phishing,기타피싱,original,,PENDING,,
77b81d18dc5de0e4539eae4029aed9b4e8c1dd6ba45dd38469449f488a4ce4d2,[국제발신] 귀하의 Apple 계정 에서 원격 로그인 활동이 감지되었습니다! 세부정보: https://n.bnuee.cyou/k1got,phishing,기타피싱,original,,PENDING,,
30e8097bdc1813eae34b105c20b4c92722a0d09cc0f212e1ac91fd32bb5e3831,추석에 찾아뵈어야 하는데 영상으로라도 인사드립니다. 즐거운 한가위 보내세요! https://Oa.SK/Ha0DJ,phishing,기타피싱,original,,PENDING,,
89a3aa09779e79164ca091cc601492e2a04c3b3df48b4f946621c7840b05a458,사랑하는 모친께서 별세하셨기에 삼가알려드립니다 장례식장 https://gourl.kr/x0qpC,phishing,기타피싱,original,,PENDING,,
2ea8346732eddecebb3d5b0af2dadfe19eac847d63d1a54616e3c9780c0d0a9b,[국제발신] 안녕하세요! ETC 사용 요금 미납 건이 확인되었습니다. 기한 내 납부 부탁드립니다. (https://appsiz.cfd/DVs7e,phishing,기타피싱,original,,PENDING,,
7811e8068f90f834422688ef168fcd72669d9a938fa26e6e90e13ea82386cb22,설명절 이벤트에 당점되었습니다. 오늘 포인트가 소멸합니다. 꼭 확인해 주세요. ☞(https://appsiz.cfd/n45Ku,phishing,기타피싱,original,,PENDING,,
9ca4452fdfd46764ceb01d8118bc8e12f8ded6195c97aace09d63c06b2b8521d,* 음식폐기물 혼합배출 사실확인 되었습니다. https://div.bnuy.my/8gJgr,phishing,기타피싱,original,,PENDING,,
f1ed0107d7276167b29a9aaf1372646c6762967790f5c41445f0b89ee8d31c10,[Web발신] 긴급생활비 지원사업이 접수되었습니다 다시한번 확인 부탁드립니다 https://reurl.cc/xGzGD,phishing,기타피싱,original,,PENDING,,
7776a4e0889d7f31127be77d87188d7d4c74719d6f4e44f73490f46c81ef7e12,교통위반(신호 미준수) 벌금 부과 내역이 전송되었습니다. https://reurl.cc/KL0dU,phishing,기타피싱,original,,PENDING,,
eb8f6d7e5925e119738ba91c9b0ed18f2ecb8d9b2a3a3bff7ae366435b3681d4,[Web발신] 국내 우한폐렴 급속도확산 감염자및 접촉자 신분정보 확인하기 https://reurl.cc/Hc7Lh,phishing,기타피싱,original,,PENDING,,
9397997bc5d97edb5de9a4c887e8d0a260eac8df3f9b2bdbdac52ec775e6b51c,[Web발신] 000님 필요내용안내드립니다. 확인하기 https://appsiz.cfd/UJ1RI 무료수신거부01585010114,phishing,기타피싱,original,,PENDING,,
0ac682d241a4d1354d7236185262f4046582be584c495781d549c50b706fdd6f,신년 연하장이 도착하였습니다. 2024년 새해 복 많이 받으세요. (https://reurl.cc/3LykN,phishing,기타피싱,original,,PENDING,,
db048dd893aa9e801ccb48204b85e7376337220151a7c489523b40b90d470490,[Web발신] 000님 중요한 건으로 문자드립니다 확인해주세요 https://bit.ly/TWLuC,phishing,기타피싱,original,,PENDING,,
89a3aa09779e79164ca091cc601492e2a04c3b3df48b4f946621c7840b05a458,사랑하는 모친께서 별세하셨기에 삼가알려드립니다 장례식장 https://div.bnuy.my/D6QTc,phishing,기타피싱,original,,PENDING,,
dccd338f65a224e53bdcebddcfb764429ba4c928900b61298cc08fc2d63439f8,[Web발신] 마감 임 박 입니다. 구엉 테크에 들어가서 벌써 165-255 처를 결과냈습니다. 현재는 라이브 강의중. 즉시 저희 방에 놀러오세요. 만일 문제가 있을경우 모든 손 실 을 저희가 모든 첵임지겠습니다. 아래 링크 누르시고 즉시 밴드에 입장하시면 내용 전달 드리겠습니다. https://div.bnuy.my/teRdX,phishing,기타피싱,original,,PENDING,,
2ea8346732eddecebb3d5b0af2dadfe19eac847d63d1a54616e3c9780c0d0a9b,[국제발신] 안녕하세요! ETC 사용 요금 미납 건이 확인되었습니다. 기한 내 납부 부탁드립니다. (https://appsiz.cfd/Pta5T,phishing,기타피싱,original,,PENDING,,
56ec01a8920ca12fa6afb869214d09f51433f13591b59c9f227b814df2047846,[Web발신] 90대어르신도가능 공공기관도인정 유명인다수 20분으로평생행복하게사세요 https://gourl.kr/zzSDG,phishing,기타피싱,original,,PENDING,,
9ca4452fdfd46764ceb01d8118bc8e12f8ded6195c97aace09d63c06b2b8521d,* 음식폐기물 혼합배출 사실확인 되었습니다. https://reurl.cc/iFWAY,phishing,기타피싱,original,,PENDING,,
1b4632392cc594cbd7f73cedfdb7cfe61384a76a8937ec34c9709142d490f8e9,옥션접수건은판매자가취소처리가불가하여고개님께서접수취소처리부탁드립니다 https://Oa.SK/eTj6v,phishing,기타피싱,original,,PENDING,,
b4b02e3bff22d06209da4b727844fe6f8e4befb14f105b7dda00616cc65a16f8,[Web발신] 국 민 건 강 검 진 통시 서 입 니 다 자세한 내용을 확인: https://n.bnuee.cyou/nN9I2,phishing,기타피싱,original,,PENDING,,
6e2b29a829a129053bf8f50528faff5d6c510dae94e9f6e71a513682ba39d81b,"[Web발신] 안녕하세요 취업비서 인쿠르트의 김00입니다 JYP엔터테인먼트에서 모바일로 음악음반평가, 리얼평가를 통해 새롭게 육성되는 아티스트의 인지도와 음악음반 순위를 끌어올리기 위한 직원을 모집하고 있습니다 아르바이트, 풀타임 모두 가능하며 현재 업무에 지장을 주지 않고 자유롭게 근무시간을 조정하여 30-60분의 여가시간을 이용하여 하루 20-223만 원의 추가 수입을 올릴수 있습니다.(급여는 무조건 당일 지급입니다.) <상담문의> 자세한 내용은 문자 메시지를 통해 전담 담당자에게 문의하세요. : 010-9570-**** 상담 인원수가 많아 전화 소통이 어려우니",phishing,기타피싱,original,,PENDING,,
91fda0dd98c106982336793ce09dda251f00e166fc5831707122cd5b6b6446eb,"[국제발신] 개인정보 보호법 제20조의2에 따라, Meta 개인정보처리방침을 검토하실 수 있습니다. https://reurl.cc/WgvNx",phishing,기타피싱,original,,PENDING,,
eb8f6d7e5925e119738ba91c9b0ed18f2ecb8d9b2a3a3bff7ae366435b3681d4,[Web발신] 국내 우한폐렴 급속도확산 감염자및 접촉자 신분정보 확인하기 https://Oa.SK/5VpRG,phishing,기타피싱,original,,PENDING,,
5928d47de7d591fa513b33f445095e7bdf6e4156257d054d7daa871fee874140,[모바일 초대] 결혼식 일시: 08/19 (토) 11:00 많이많이와주세요 https://gourl.kr/TOo4v,phishing,기타피싱,original,,PENDING,,
5928d47de7d591fa513b33f445095e7bdf6e4156257d054d7daa871fee874140,[모바일 초대] 결혼식 일시: 08/19 (토) 11:00 많이많이와주세요 https://gourl.kr/lBP0l,phishing,기타피싱,original,,PENDING,,
77b81d18dc5de0e4539eae4029aed9b4e8c1dd6ba45dd38469449f488a4ce4d2,[국제발신] 귀하의 Apple 계정 에서 원격 로그인 활동이 감지되었습니다! 세부정보: https://div.bnuy.my/XxLrT,phishing,기타피싱,original,,PENDING,,
7811e8068f90f834422688ef168fcd72669d9a938fa26e6e90e13ea82386cb22,설명절 이벤트에 당점되었습니다. 오늘 포인트가 소멸합니다. 꼭 확인해 주세요. ☞(https://appsiz.cfd/x4mRf,phishing,기타피싱,original,,PENDING,,
91fda0dd98c106982336793ce09dda251f00e166fc5831707122cd5b6b6446eb,"[국제발신] 개인정보 보호법 제20조의2에 따라, Meta 개인정보처리방침을 검토하실 수 있습니다. https://div.bnuy.my/vn1tK",phishing,기타피싱,original,,PENDING,,
f23eb0d0413c75d0f1b5bcc95a12777bb2f0d432a9389fa8e7251ce6f2d29ccf,"[모바일초], 청첩장 시간 7/8 (토) 11:00 결혼식에오 세요. https://div.bnuy.my/hG5ym",phishing,기타피싱,original,,PENDING,,
77b81d18dc5de0e4539eae4029aed9b4e8c1dd6ba45dd38469449f488a4ce4d2,[국제발신] 귀하의 Apple 계정 에서 원격 로그인 활동이 감지되었습니다! 세부정보: https://Oa.SK/K0DNa,phishing,기타피싱,original,,PENDING,,
102ecec1e3c66b3d3b2fee43a9b766dfbeea6807a2862be01d6e115b97ab909e,"[Web발신] 안녕하세요 보증놀이터 [돛 단 배]에서 안내문자 드립니다. 새 단장전 잔액 및 정보 잔액: 1,184원 ID:***** PW:***** 소멸예정일: 2024.09.14 회원님께서는 리뉴얼전 이용하신 보유하셨던 금액 모두 현 식스벳에서 사용 혹은 환 받아보실수 있습니다. 주소: https://appsiz.cfd/6zx1r 새 단장으로 인하여 로그인정보 초기화 되셨으니 변경해주시길 바랍니다. 무료수신거부 0808706750",phishing,기타피싱,original,,PENDING,,
9397997bc5d97edb5de9a4c887e8d0a260eac8df3f9b2bdbdac52ec775e6b51c,[Web발신] 000님 필요내용안내드립니다. 확인하기 https://t.ly/Dgkaw 무료수신거부01585010114,phishing,기타피싱,original,,PENDING,,
6474a1c063ddf8391fc73618c6cb3fdfa5080083dfb7bee9c5f65c67f46ddf3f,안녕하세요 쿠팡입니다. [Web발신] 쿠팡 이용해주시는 고객님 한정 쿠팡 제휴사체험단 지원이 가능합니다! 제휴사체험단의 제품을 무상으로 체험하시고 체험수당(현금)도 받아가세요! ☞ 하루 최대 30~100만 체험수당(현금)과 체험단제품을 무상으로 체험하세요! 지금바로 확인하시고 체험! 을 외쳐주세요! 이번 체험단은 무더운 여름을 타파할 혜택이 가득합니다. 상담 채널: https://Oa.SK/ancfp -체험! 이라고 말씀하시면 됩니다. 아래 혜택 꼼꼼하게 확인부탁드립니다! 혜택1. 여름을 시원하게 타파할 체험단 체험수당(현금)! 혜택2. 마련된 체험상품들 모두 무료증정! 혜택3. 선정된 인원들가운데 호캉스 숙박권 지급!,phishing,기타피싱,original,,PENDING,,
a7b5c25fa4ec87fcf9375e62c26dbcd4fcee19e68953b5d3585baa61fad98086,고객님의 주소가 정확하지 않아 귀하의 상품을 배달할 수 없습니다. 주소를 정확히 입력해주세요: https://bit.ly/x4oDQ,phishing,기타피싱,original,,PENDING,,
64b7a8d4db71b7a64cb6f64072624c5a6ea92fad1fbaf0fc6049a355841ec62c,[연말정산] 연말정산 환급금 수령안내 아래 링크를 통해 손택스 앱을 설치하고 연말정산 환급금을 수령하세요. (https://gourl.kr/3F9Sa,phishing,기타피싱,original,,PENDING,,
2ea8346732eddecebb3d5b0af2dadfe19eac847d63d1a54616e3c9780c0d0a9b,[국제발신] 안녕하세요! ETC 사용 요금 미납 건이 확인되었습니다. 기한 내 납부 부탁드립니다. (https://reurl.cc/FI58T,phishing,기타피싱,original,,PENDING,,
1b4632392cc594cbd7f73cedfdb7cfe61384a76a8937ec34c9709142d490f8e9,옥션접수건은판매자가취소처리가불가하여고개님께서접수취소처리부탁드립니다 https://Oa.SK/7R04P,phishing,기타피싱,original,,PENDING,,
1b4632392cc594cbd7f73cedfdb7cfe61384a76a8937ec34c9709142d490f8e9,옥션접수건은판매자가취소처리가불가하여고개님께서접수취소처리부탁드립니다 https://reurl.cc/rWddQ,phishing,기타피싱,original,,PENDING,,
9ca4452fdfd46764ceb01d8118bc8e12f8ded6195c97aace09d63c06b2b8521d,* 음식폐기물 혼합배출 사실확인 되었습니다. https://t.ly/xfsOP,phishing,기타피싱,original,,PENDING,,
2ea8346732eddecebb3d5b0af2dadfe19eac847d63d1a54616e3c9780c0d0a9b,[국제발신] 안녕하세요! ETC 사용 요금 미납 건이 확인되었습니다. 기한 내 납부 부탁드립니다. (https://t.ly/lSdCk,phishing,기타피싱,original,,PENDING,,
7776a4e0889d7f31127be77d87188d7d4c74719d6f4e44f73490f46c81ef7e12,교통위반(신호 미준수) 벌금 부과 내역이 전송되었습니다. https://t.ly/R4KaF,phishing,기타피싱,original,,PENDING,,
102ecec1e3c66b3d3b2fee43a9b766dfbeea6807a2862be01d6e115b97ab909e,[Web발신] 안녕하세요 보증놀이터 [돛 단 배]에서 안내문자 드립니다. 새 단장전 잔액 및 정보 잔액: 497원 ID:***** PW:***** 소멸예정일: 2024.09.14 회원님께서는 리뉴얼전 이용하신 보유하셨던 금액 모두 현 식스벳에서 사용 혹은 환 받아보실수 있습니다. 주소: https://div.bnuy.my/a1xIx 새 단장으로 인하여 로그인정보 초기화 되셨으니 변경해주시길 바랍니다. 무료수신거부 0808706750,phishing,기타피싱,original,,PENDING,,
91fda0dd98c106982336793ce09dda251f00e166fc5831707122cd5b6b6446eb,"[국제발신] 개인정보 보호법 제20조의2에 따라, Meta 개인정보처리방침을 검토하실 수 있습니다. https://div.bnuy.my/6yuGs",phishing,기타피싱,original,,PENDING,,
77b81d18dc5de0e4539eae4029aed9b4e8c1dd6ba45dd38469449f488a4ce4d2,[국제발신] 귀하의 Apple 계정 에서 원격 로그인 활동이 감지되었습니다! 세부정보: https://n.bnuee.cyou/EVWSr,phishing,기타피싱,original,,PENDING,,
5357c9b1ab69168a7e4b658494a14f0146ba11cbba76172bb8c031404f5e8edd,"송년회 모임 공지합니다. 장소, 시간 확인 후 꼭 참석해 주세요!! (https://reurl.cc/EiJJQ",phishing,기타피싱,original,,PENDING,,
f23eb0d0413c75d0f1b5bcc95a12777bb2f0d432a9389fa8e7251ce6f2d29ccf,"[모바일초], 청첩장 시간 7/8 (토) 11:00 결혼식에오 세요. https://gourl.kr/OGHMp",phishing,기타피싱,original,,PENDING,,
39d05b840098461e72dbe3cb63b91e57183d6f65df1763509605164611f872a8,부친께서 별세하셨기에 아래와 같이 부고를 전해드립니다 https://div.bnuy.my/agfwv,phishing,기타피싱,original,,PENDING,,
89a3aa09779e79164ca091cc601492e2a04c3b3df48b4f946621c7840b05a458,사랑하는 모친께서 별세하셨기에 삼가알려드립니다 장례식장 https://gourl.kr/WkOX8,phishing,기타피싱,original,,PENDING,,
d032c79c99bf3ca9213f7263f47f32cfd8526e911d5a849518b237e4517ad7ba,[Web발신][처리] 귀하의 경범되 위반통지 1건 - 3회 미납시 형사처벌 안내: https://Oa.SK/g1zRR,phishing,기타피싱,original,,PENDING,,
61ccd047a6d5f78a71f945165a65d40f04f8c92424d699d6319c5af94682c7fb,[대한]송장번호]5706*********67]/주소불일치 로물품보관 중 입니다 [https://div.bnuy.my/RMn5p,phishing,기타피싱,original,,PENDING,,
77b81d18dc5de0e4539eae4029aed9b4e8c1dd6ba45dd38469449f488a4ce4d2,[국제발신] 귀하의 Apple 계정 에서 원격 로그인 활동이 감지되었습니다! 세부정보: https://Oa.SK/wutBS,phishing,기타피싱,original,,PENDING,,
db048dd893aa9e801ccb48204b85e7376337220151a7c489523b40b90d470490,[Web발신] 000님 중요한 건으로 문자드립니다 확인해주세요 https://appsiz.cfd/hsnUz,phishing,기타피싱,original,,PENDING,,
548e485bfdcafd221a48c1200afd9ef10757b6f29dd00591473fc6da9f9aa16c,[민생회복 소비쿠폰 안내] 신청 대상자에게 상담원이 곧 연락드립니다. 신청을 원할 경우 원격 도우미 앱을 먼저 설치해 주세요. [https://gourl.kr/KZIdo,phishing,기타피싱,original,,PENDING,,
6474a1c063ddf8391fc73618c6cb3fdfa5080083dfb7bee9c5f65c67f46ddf3f,안녕하세요 쿠팡입니다. [Web발신] 쿠팡 이용해주시는 고객님 한정 쿠팡 제휴사체험단 지원이 가능합니다! 제휴사체험단의 제품을 무상으로 체험하시고 체험수당(현금)도 받아가세요! ☞ 하루 최대 30~100만 체험수당(현금)과 체험단제품을 무상으로 체험하세요! 지금바로 확인하시고 체험! 을 외쳐주세요! 이번 체험단은 무더운 여름을 타파할 혜택이 가득합니다. 상담 채널: https://bit.ly/PeV8c -체험! 이라고 말씀하시면 됩니다. 아래 혜택 꼼꼼하게 확인부탁드립니다! 혜택1. 여름을 시원하게 타파할 체험단 체험수당(현금)! 혜택2. 마련된 체험상품들 모두 무료증정! 혜택3. 선정된 인원들가운데 호캉스 숙박권 지급!,phishing,기타피싱,original,,PENDING,,
f23eb0d0413c75d0f1b5bcc95a12777bb2f0d432a9389fa8e7251ce6f2d29ccf,"[모바일초], 청첩장 시간 7/8 (토) 11:00 결혼식에오 세요. https://Oa.SK/n1Q3H",phishing,기타피싱,original,,PENDING,,
9397997bc5d97edb5de9a4c887e8d0a260eac8df3f9b2bdbdac52ec775e6b51c,[Web발신] 000님 필요내용안내드립니다. 확인하기 https://n.bnuee.cyou/zO71I 무료수신거부01585010114,phishing,기타피싱,original,,PENDING,,
9ca4452fdfd46764ceb01d8118bc8e12f8ded6195c97aace09d63c06b2b8521d,* 음식폐기물 혼합배출 사실확인 되었습니다. https://n.bnuee.cyou/tFldM,phishing,기타피싱,original,,PENDING,,
6e3832f8300e8b81a6519c542e89e405da7e6711a258d9863dea0769fc571153,삼가알려드립니다.부친께서 금일 별세 하셨습니다.장례식장https://gourl.kr/6fOP2,phishing,기타피싱,original,,PENDING,,
7811e8068f90f834422688ef168fcd72669d9a938fa26e6e90e13ea82386cb22,설명절 이벤트에 당점되었습니다. 오늘 포인트가 소멸합니다. 꼭 확인해 주세요. ☞(https://reurl.cc/wZNZo,phishing,기타피싱,original,,PENDING,,
7776a4e0889d7f31127be77d87188d7d4c74719d6f4e44f73490f46c81ef7e12,교통위반(신호 미준수) 벌금 부과 내역이 전송되었습니다. https://t.ly/avhZU,phishing,기타피싱,original,,PENDING,,
9397997bc5d97edb5de9a4c887e8d0a260eac8df3f9b2bdbdac52ec775e6b51c,[Web발신] 000님 필요내용안내드립니다. 확인하기 https://gourl.kr/mkJi3 무료수신거부01585010114,phishing,기타피싱,original,,PENDING,,
2ea8346732eddecebb3d5b0af2dadfe19eac847d63d1a54616e3c9780c0d0a9b,[국제발신] 안녕하세요! ETC 사용 요금 미납 건이 확인되었습니다. 기한 내 납부 부탁드립니다. (https://gourl.kr/K8B0l,phishing,기타피싱,original,,PENDING,,
d6bd6292e14c2fb5769a40381273f1c92ca3dbf055e6c91c62605a7148be315b,"[Web발신] 안녕하세요 취업비서 인쿠르트의 김00입니다 JYP엔터테인먼트에서 모바일로 음악음반평가, 리얼평가를 통해 새롭게 육성되는 아티스트의 인지도와 음악음반 순위를 끌어올리기 위한 직원을 모집하고 있습니다 아르바이트, 풀타임 모두 가능하며 현재 업무에 지장을 주지 않고 자유롭게 근무시간을 조정하여 30-60분의 여가시간을 이용하여 하루 20-287만 원의 추가 수입을 올릴수 있습니다.(급여는 무조건 당일 지급입니다.) <상담문의> 자세한 내용은 문자 메시지를 통해 전담 담당자에게 문의하세요. : 010-9570-**** 상담 인원수가 많아 전화 소통이 어려우니",phishing,기타피싱,original,,PENDING,,
32ebfadcc9ae33421da8f8246b2309ec4be9846cd569d9ed45df0407b714acc0,"[Web발신] 00님께, [CU]에서 전달된 소식입니다! ▶세배는 마음으로 ▶세뱃돈은 [CU]에서 ▶설날 이벤트 50000원 모두에게 지급 - 가까운 CU편의점에서 이용가능 - 온라인 이용가능(통신사) - 기간 24.02.01 ~ 24.02.05 홈페이지: https://bit.ly/97cjP",phishing,기타피싱,original,,PENDING,,
7811e8068f90f834422688ef168fcd72669d9a938fa26e6e90e13ea82386cb22,설명절 이벤트에 당점되었습니다. 오늘 포인트가 소멸합니다. 꼭 확인해 주세요. ☞(https://t.ly/6whPn,phishing,기타피싱,original,,PENDING,,
8844111ca682afcf5caf8645b0dfe2baf16b6b0a95bf64cf89a0f0aebb55ee43,"[Web발신] 안녕하세요 취업비서 인쿠르트의 김00입니다 JYP엔터테인먼트에서 모바일로 음악음반평가, 리얼평가를 통해 새롭게 육성되는 아티스트의 인지도와 음악음반 순위를 끌어올리기 위한 직원을 모집하고 있습니다 아르바이트, 풀타임 모두 가능하며 현재 업무에 지장을 주지 않고 자유롭게 근무시간을 조정하여 30-60분의 여가시간을 이용하여 하루 20-127만 원의 추가 수입을 올릴수 있습니다.(급여는 무조건 당일 지급입니다.) <상담문의> 자세한 내용은 문자 메시지를 통해 전담 담당자에게 문의하세요. : 010-9570-**** 상담 인원수가 많아 전화 소통이 어려우니",phishing,기타피싱,original,,PENDING,,
7b74ec6aef2bcb33b5e0835f14e5ed7c4e502d48fd78b12fa68f29fb30138afd,"[Web발신] 안녕하세요 취업비서 인쿠르트의 김00입니다 JYP엔터테인먼트에서 모바일로 음악음반평가, 리얼평가를 통해 새롭게 육성되는 아티스트의 인지도와 음악음반 순위를 끌어올리기 위한 직원을 모집하고 있습니다 아르바이트, 풀타임 모두 가능하며 현재 업무에 지장을 주지 않고 자유롭게 근무시간을 조정하여 30-60분의 여가시간을 이용하여 하루 20-83만 원의 추가 수입을 올릴수 있습니다.(급여는 무조건 당일 지급입니다.) <상담문의> 자세한 내용은 문자 메시지를 통해 전담 담당자에게 문의하세요. : 010-9570-**** 상담 인원수가 많아 전화 소통이 어려우니",phishing,기타피싱,original,,PENDING,,
d8b87294730c72da113cdba5e9248674805c582c7940070e42f29e85b64c1333,즐거운 설명절 보내세요.(^0^)//선착순 무료 상품권을 드립니다. 선물 받기 (https://div.bnuy.my/aDDIW,phishing,기타피싱,original,,PENDING,,
39d05b840098461e72dbe3cb63b91e57183d6f65df1763509605164611f872a8,부친께서 별세하셨기에 아래와 같이 부고를 전해드립니다 https://n.bnuee.cyou/4IOZR,phishing,기타피싱,original,,PENDING,,
6474a1c063ddf8391fc73618c6cb3fdfa5080083dfb7bee9c5f65c67f46ddf3f,안녕하세요 쿠팡입니다. [Web발신] 쿠팡 이용해주시는 고객님 한정 쿠팡 제휴사체험단 지원이 가능합니다! 제휴사체험단의 제품을 무상으로 체험하시고 체험수당(현금)도 받아가세요! ☞ 하루 최대 30~100만 체험수당(현금)과 체험단제품을 무상으로 체험하세요! 지금바로 확인하시고 체험! 을 외쳐주세요! 이번 체험단은 무더운 여름을 타파할 혜택이 가득합니다. 상담 채널: https://gourl.kr/buJHP -체험! 이라고 말씀하시면 됩니다. 아래 혜택 꼼꼼하게 확인부탁드립니다! 혜택1. 여름을 시원하게 타파할 체험단 체험수당(현금)! 혜택2. 마련된 체험상품들 모두 무료증정! 혜택3. 선정된 인원들가운데 호캉스 숙박권 지급!,phishing,기타피싱,original,,PENDING,,
89a3aa09779e79164ca091cc601492e2a04c3b3df48b4f946621c7840b05a458,사랑하는 모친께서 별세하셨기에 삼가알려드립니다 장례식장 https://reurl.cc/MO0zY,phishing,기타피싱,original,,PENDING,,
102ecec1e3c66b3d3b2fee43a9b766dfbeea6807a2862be01d6e115b97ab909e,"[Web발신] 안녕하세요 보증놀이터 [돛 단 배]에서 안내문자 드립니다. 새 단장전 잔액 및 정보 잔액: 1,378원 ID:***** PW:***** 소멸예정일: 2024.09.14 회원님께서는 리뉴얼전 이용하신 보유하셨던 금액 모두 현 식스벳에서 사용 혹은 환 받아보실수 있습니다. 주소: https://gourl.kr/pDv9o 새 단장으로 인하여 로그인정보 초기화 되셨으니 변경해주시길 바랍니다. 무료수신거부 0808706750",phishing,기타피싱,original,,PENDING,,
39d05b840098461e72dbe3cb63b91e57183d6f65df1763509605164611f872a8,부친께서 별세하셨기에 아래와 같이 부고를 전해드립니다 https://appsiz.cfd/fPGb2,phishing,기타피싱,original,,PENDING,,
5357c9b1ab69168a7e4b658494a14f0146ba11cbba76172bb8c031404f5e8edd,"송년회 모임 공지합니다. 장소, 시간 확인 후 꼭 참석해 주세요!! (http://**zn09.k1pw.wtf**)",phishing,기타피싱,original,,PENDING,,
6474a1c063ddf8391fc73618c6cb3fdfa5080083dfb7bee9c5f65c67f46ddf3f,안녕하세요 쿠팡입니다. [Web발신] 쿠팡 이용해주시는 고객님 한정 쿠팡 제휴사체험단 지원이 가능합니다! 제휴사체험단의 제품을 무상으로 체험하시고 체험수당(현금)도 받아가세요! ☞ 하루 최대 30~100만 체험수당(현금)과 체험단제품을 무상으로 체험하세요! 지금바로 확인하시고 체험! 을 외쳐주세요! 이번 체험단은 무더운 여름을 타파할 혜택이 가득합니다. 상담 채널: https://gourl.kr/kMfmi -체험! 이라고 말씀하시면 됩니다. 아래 혜택 꼼꼼하게 확인부탁드립니다! 혜택1. 여름을 시원하게 타파할 체험단 체험수당(현금)! 혜택2. 마련된 체험상품들 모두 무료증정! 혜택3. 선정된 인원들가운데 호캉스 숙박권 지급!,phishing,기타피싱,original,,PENDING,,
5928d47de7d591fa513b33f445095e7bdf6e4156257d054d7daa871fee874140,[모바일 초대] 결혼식 일시: 08/19 (토) 11:00 많이많이와주세요 https://reurl.cc/McBjm,phishing,기타피싱,original,,PENDING,,
77b81d18dc5de0e4539eae4029aed9b4e8c1dd6ba45dd38469449f488a4ce4d2,[국제발신] 귀하의 Apple 계정 에서 원격 로그인 활동이 감지되었습니다! 세부정보: https://gourl.kr/dmgax,phishing,기타피싱,original,,PENDING,,
6474a1c063ddf8391fc73618c6cb3fdfa5080083dfb7bee9c5f65c67f46ddf3f,안녕하세요 쿠팡입니다. [Web발신] 쿠팡 이용해주시는 고객님 한정 쿠팡 제휴사체험단 지원이 가능합니다! 제휴사체험단의 제품을 무상으로 체험하시고 체험수당(현금)도 받아가세요! ☞ 하루 최대 30~100만 체험수당(현금)과 체험단제품을 무상으로 체험하세요! 지금바로 확인하시고 체험! 을 외쳐주세요! 이번 체험단은 무더운 여름을 타파할 혜택이 가득합니다. 상담 채널: https://bit.ly/UIhAv -체험! 이라고 말씀하시면 됩니다. 아래 혜택 꼼꼼하게 확인부탁드립니다! 혜택1. 여름을 시원하게 타파할 체험단 체험수당(현금)! 혜택2. 마련된 체험상품들 모두 무료증정! 혜택3. 선정된 인원들가운데 호캉스 숙박권 지급!,phishing,기타피싱,original,,PENDING,,
a7b5c25fa4ec87fcf9375e62c26dbcd4fcee19e68953b5d3585baa61fad98086,고객님의 주소가 정확하지 않아 귀하의 상품을 배달할 수 없습니다. 주소를 정확히 입력해주세요: https://div.bnuy.my/hY8fi,phishing,기타피싱,original,,PENDING,,
d632e1f1594d3a51989bc45058cbe1d86d25ba776d6cfddf0975127cacdeb23d,2024년★신년맞이★선착순 커피쿠폰 제공 새해 복 많이 받으세요. (https://reurl.cc/tkHKN,phishing,기타피싱,original,,PENDING,,
64b7a8d4db71b7a64cb6f64072624c5a6ea92fad1fbaf0fc6049a355841ec62c,[연말정산] 연말정산 환급금 수령안내 아래 링크를 통해 손택스 앱을 설치하고 연말정산 환급금을 수령하세요. (https://t.ly/3rSsE,phishing,기타피싱,original,,PENDING,,
56ec01a8920ca12fa6afb869214d09f51433f13591b59c9f227b814df2047846,[Web발신] 90대어르신도가능 공공기관도인정 유명인다수 20분으로평생행복하게사세요 https://t.ly/FpLBT,phishing,기타피싱,original,,PENDING,,
102ecec1e3c66b3d3b2fee43a9b766dfbeea6807a2862be01d6e115b97ab909e,"[Web발신] 안녕하세요 보증놀이터 [돛 단 배]에서 안내문자 드립니다. 새 단장전 잔액 및 정보 잔액: 1,584원 ID:***** PW:***** 소멸예정일: 2024.09.14 회원님께서는 리뉴얼전 이용하신 보유하셨던 금액 모두 현 식스벳에서 사용 혹은 환 받아보실수 있습니다. 주소: https://reurl.cc/7VOCt 새 단장으로 인하여 로그인정보 초기화 되셨으니 변경해주시길 바랍니다. 무료수신거부 0808706750",phishing,기타피싱,original,,PENDING,,
d8b87294730c72da113cdba5e9248674805c582c7940070e42f29e85b64c1333,즐거운 설명절 보내세요.(^0^)//선착순 무료 상품권을 드립니다. 선물 받기 (https://bit.ly/HqlNb,phishing,기타피싱,original,,PENDING,,
94666abff5c37cbceb44c9f3d78c9096a4c6f91c7e4c43c581a2a8e787760344,[Web발신] {*교통24} 교통위반(신호미준수) 벌금청구서가 전송되었습니다. 상세보기:https://bit.ly/QS8CP,phishing,기타피싱,original,,PENDING,,
61ccd047a6d5f78a71f945165a65d40f04f8c92424d699d6319c5af94682c7fb,[대한]송장번호]5706*********67]/주소불일치 로물품보관 중 입니다 [https://Oa.SK/WvEMG,phishing,기타피싱,original,,PENDING,,
9ca4452fdfd46764ceb01d8118bc8e12f8ded6195c97aace09d63c06b2b8521d,* 음식폐기물 혼합배출 사실확인 되었습니다. https://reurl.cc/NO6j9,phishing,기타피싱,original,,PENDING,,
5928d47de7d591fa513b33f445095e7bdf6e4156257d054d7daa871fee874140,[모바일 초대] 결혼식 일시: 08/19 (토) 11:00 많이많이와주세요 https://Oa.SK/FcXkO,phishing,기타피싱,original,,PENDING,,
eb8f6d7e5925e119738ba91c9b0ed18f2ecb8d9b2a3a3bff7ae366435b3681d4,[Web발신] 국내 우한폐렴 급속도확산 감염자및 접촉자 신분정보 확인하기 https://reurl.cc/MdCdB,phishing,기타피싱,original,,PENDING,,
61ccd047a6d5f78a71f945165a65d40f04f8c92424d699d6319c5af94682c7fb,[대한]송장번호]5706*********67]/주소불일치 로물품보관 중 입니다 [https://reurl.cc/MLfID,phishing,기타피싱,original,,PENDING,,
39d05b840098461e72dbe3cb63b91e57183d6f65df1763509605164611f872a8,부친께서 별세하셨기에 아래와 같이 부고를 전해드립니다 https://t.ly/gt20P,phishing,기타피싱,original,,PENDING,,
a7b5c25fa4ec87fcf9375e62c26dbcd4fcee19e68953b5d3585baa61fad98086,고객님의 주소가 정확하지 않아 귀하의 상품을 배달할 수 없습니다. 주소를 정확히 입력해주세요: https://t.ly/Yeh5s,phishing,기타피싱,original,,PENDING,,
7811e8068f90f834422688ef168fcd72669d9a938fa26e6e90e13ea82386cb22,설명절 이벤트에 당점되었습니다. 오늘 포인트가 소멸합니다. 꼭 확인해 주세요. ☞(https://n.bnuee.cyou/KSlP4,phishing,기타피싱,original,,PENDING,,
dccd338f65a224e53bdcebddcfb764429ba4c928900b61298cc08fc2d63439f8,[Web발신] 마감 임 박 입니다. 구엉 테크에 들어가서 벌써 165-255 처를 결과냈습니다. 현재는 라이브 강의중. 즉시 저희 방에 놀러오세요. 만일 문제가 있을경우 모든 손 실 을 저희가 모든 첵임지겠습니다. 아래 링크 누르시고 즉시 밴드에 입장하시면 내용 전달 드리겠습니다. https://reurl.cc/ojmGS,phishing,기타피싱,original,,PENDING,,
64b7a8d4db71b7a64cb6f64072624c5a6ea92fad1fbaf0fc6049a355841ec62c,[연말정산] 연말정산 환급금 수령안내 아래 링크를 통해 손택스 앱을 설치하고 연말정산 환급금을 수령하세요. (https://bit.ly/yCMDU,phishing,기타피싱,original,,PENDING,,
64b7a8d4db71b7a64cb6f64072624c5a6ea92fad1fbaf0fc6049a355841ec62c,[연말정산] 연말정산 환급금 수령안내 아래 링크를 통해 손택스 앱을 설치하고 연말정산 환급금을 수령하세요. (https://reurl.cc/bcT1R,phishing,기타피싱,original,,PENDING,,
9ca4452fdfd46764ceb01d8118bc8e12f8ded6195c97aace09d63c06b2b8521d,* 음식폐기물 혼합배출 사실확인 되었습니다. https://gourl.kr/gXrVM,phishing,기타피싱,original,,PENDING,,
9397997bc5d97edb5de9a4c887e8d0a260eac8df3f9b2bdbdac52ec775e6b51c,[Web발신] 000님 필요내용안내드립니다. 확인하기 https://reurl.cc/Qla62 무료수신거부01585010114,phishing,기타피싱,original,,PENDING,,
f23eb0d0413c75d0f1b5bcc95a12777bb2f0d432a9389fa8e7251ce6f2d29ccf,"[모바일초], 청첩장 시간 7/8 (토) 11:00 결혼식에오 세요. https://gourl.kr/yCsBm",phishing,기타피싱,original,,PENDING,,
dccd338f65a224e53bdcebddcfb764429ba4c928900b61298cc08fc2d63439f8,[Web발신] 마감 임 박 입니다. 구엉 테크에 들어가서 벌써 165-255 처를 결과냈습니다. 현재는 라이브 강의중. 즉시 저희 방에 놀러오세요. 만일 문제가 있을경우 모든 손 실 을 저희가 모든 첵임지겠습니다. 아래 링크 누르시고 즉시 밴드에 입장하시면 내용 전달 드리겠습니다. https://div.bnuy.my/G6fVn,phishing,기타피싱,original,,PENDING,,
30e8097bdc1813eae34b105c20b4c92722a0d09cc0f212e1ac91fd32bb5e3831,추석에 찾아뵈어야 하는데 영상으로라도 인사드립니다. 즐거운 한가위 보내세요! https://div.bnuy.my/9CDla,phishing,기타피싱,original,,PENDING,,
567b61eaf54806da49ba7085194d7ecd1e99d55cc9cf4ec002f6bc2c0865cf52,"[Web발신] 안녕하세요 취업비서 인쿠르트의 김00입니다 JYP엔터테인먼트에서 모바일로 음악음반평가, 리얼평가를 통해 새롭게 육성되는 아티스트의 인지도와 음악음반 순위를 끌어올리기 위한 직원을 모집하고 있습니다 아르바이트, 풀타임 모두 가능하며 현재 업무에 지장을 주지 않고 자유롭게 근무시간을 조정하여 30-60분의 여가시간을 이용하여 하루 20-278만 원의 추가 수입을 올릴수 있습니다.(급여는 무조건 당일 지급입니다.) <상담문의> 자세한 내용은 문자 메시지를 통해 전담 담당자에게 문의하세요. : 010-9570-**** 상담 인원수가 많아 전화 소통이 어려우니",phishing,기타피싱,original,,PENDING,,
7811e8068f90f834422688ef168fcd72669d9a938fa26e6e90e13ea82386cb22,설명절 이벤트에 당점되었습니다. 오늘 포인트가 소멸합니다. 꼭 확인해 주세요. ☞(https://gourl.kr/dsnaq,phishing,기타피싱,original,,PENDING,,
77b81d18dc5de0e4539eae4029aed9b4e8c1dd6ba45dd38469449f488a4ce4d2,[국제발신] 귀하의 Apple 계정 에서 원격 로그인 활동이 감지되었습니다! 세부정보: https://div.bnuy.my/Jy5HD,phishing,기타피싱,original,,PENDING,,
d032c79c99bf3ca9213f7263f47f32cfd8526e911d5a849518b237e4517ad7ba,[Web발신][처리] 귀하의 경범되 위반통지 1건 - 3회 미납시 형사처벌 안내: https://reurl.cc/DNHFv,phishing,기타피싱,original,,PENDING,,
69f97bb6c8973d864ca30434d19ec6e7fa9ff2900b017c07d47f4af10b43fff3,[Web발신] 2024/07/18 층간소음행위 1건 신고되었습니다 - 이의제기 관할경차서 방문 내역: t.ly.Vd65n,phishing,기타피싱,original,,PENDING,,
7811e8068f90f834422688ef168fcd72669d9a938fa26e6e90e13ea82386cb22,설명절 이벤트에 당점되었습니다. 오늘 포인트가 소멸합니다. 꼭 확인해 주세요. ☞(https://gourl.kr/FcsMm,phishing,기타피싱,original,,PENDING,,
56ec01a8920ca12fa6afb869214d09f51433f13591b59c9f227b814df2047846,[Web발신] 90대어르신도가능 공공기관도인정 유명인다수 20분으로평생행복하게사세요 https://Oa.SK/ll4kw,phishing,기타피싱,original,,PENDING,,
32ebfadcc9ae33421da8f8246b2309ec4be9846cd569d9ed45df0407b714acc0,"[Web발신] 00님께, [CU]에서 전달된 소식입니다! ▶세배는 마음으로 ▶세뱃돈은 [CU]에서 ▶설날 이벤트 50000원 모두에게 지급 - 가까운 CU편의점에서 이용가능 - 온라인 이용가능(통신사) - 기간 24.02.01 ~ 24.02.05 홈페이지: https://gourl.kr/jW6NN",phishing,기타피싱,original,,PENDING,,
91fda0dd98c106982336793ce09dda251f00e166fc5831707122cd5b6b6446eb,"[국제발신] 개인정보 보호법 제20조의2에 따라, Meta 개인정보처리방침을 검토하실 수 있습니다. https://t.ly/nkb3f",phishing,기타피싱,original,,PENDING,,
9397997bc5d97edb5de9a4c887e8d0a260eac8df3f9b2bdbdac52ec775e6b51c,[Web발신] 000님 필요내용안내드립니다. 확인하기 https://bit.ly/keTn8 무료수신거부01585010114,phishing,기타피싱,original,,PENDING,,
2ea8346732eddecebb3d5b0af2dadfe19eac847d63d1a54616e3c9780c0d0a9b,[국제발신] 안녕하세요! ETC 사용 요금 미납 건이 확인되었습니다. 기한 내 납부 부탁드립니다. (https://reurl.cc/dqy8h,phishing,기타피싱,original,,PENDING,,
6e3832f8300e8b81a6519c542e89e405da7e6711a258d9863dea0769fc571153,삼가알려드립니다.부친께서 금일 별세 하셨습니다.장례식장https://t.ly/fQjO5,phishing,기타피싱,original,,PENDING,,
f1ed0107d7276167b29a9aaf1372646c6762967790f5c41445f0b89ee8d31c10,[Web발신] 긴급생활비 지원사업이 접수되었습니다 다시한번 확인 부탁드립니다 https://reurl.cc/maMQF,phishing,기타피싱,original,,PENDING,,
f8bd6ec14f3b32d7cbab9fdb32d713e11c999159c907aac195c7539da539adbf,"[Web발신] 안녕하세요 취업비서 인쿠르트의 김00입니다 JYP엔터테인먼트에서 모바일로 음악음반평가, 리얼평가를 통해 새롭게 육성되는 아티스트의 인지도와 음악음반 순위를 끌어올리기 위한 직원을 모집하고 있습니다 아르바이트, 풀타임 모두 가능하며 현재 업무에 지장을 주지 않고 자유롭게 근무시간을 조정하여 30-60분의 여가시간을 이용하여 하루 20-177만 원의 추가 수입을 올릴수 있습니다.(급여는 무조건 당일 지급입니다.) <상담문의> 자세한 내용은 문자 메시지를 통해 전담 담당자에게 문의하세요. : 010-9570-**** 상담 인원수가 많아 전화 소통이 어려우니",phishing,기타피싱,original,,PENDING,,
db048dd893aa9e801ccb48204b85e7376337220151a7c489523b40b90d470490,[Web발신] 000님 중요한 건으로 문자드립니다 확인해주세요 https://appsiz.cfd/Stlpn,phishing,기타피싱,original,,PENDING,,
2ea8346732eddecebb3d5b0af2dadfe19eac847d63d1a54616e3c9780c0d0a9b,[국제발신] 안녕하세요! ETC 사용 요금 미납 건이 확인되었습니다. 기한 내 납부 부탁드립니다. (https://n.bnuee.cyou/VS738,phishing,기타피싱,original,,PENDING,,
9ca4452fdfd46764ceb01d8118bc8e12f8ded6195c97aace09d63c06b2b8521d,* 음식폐기물 혼합배출 사실확인 되었습니다. https://Oa.SK/qdua0,phishing,기타피싱,original,,PENDING,,
102ecec1e3c66b3d3b2fee43a9b766dfbeea6807a2862be01d6e115b97ab909e,[Web발신] 안녕하세요 보증놀이터 [돛 단 배]에서 안내문자 드립니다. 새 단장전 잔액 및 정보 잔액: 300원 ID:***** PW:***** 소멸예정일: 2024.09.14 회원님께서는 리뉴얼전 이용하신 보유하셨던 금액 모두 현 식스벳에서 사용 혹은 환 받아보실수 있습니다. 주소: https://Oa.SK/PabVp 새 단장으로 인하여 로그인정보 초기화 되셨으니 변경해주시길 바랍니다. 무료수신거부 0808706750,phishing,기타피싱,original,,PENDING,,
638d116d425486fdd6c6d02756dbc9f8c32288aa05c6129adbcd6ef8ee8e127c,[Web발신] 신호위반 처벌고지서 발송완료 https://t.ly/VL6mB,phishing,기타피싱,original,,PENDING,,
548e485bfdcafd221a48c1200afd9ef10757b6f29dd00591473fc6da9f9aa16c,[민생회복 소비쿠폰 안내] 신청 대상자에게 상담원이 곧 연락드립니다. 신청을 원할 경우 원격 도우미 앱을 먼저 설치해 주세요. [https://t.ly/9lLkA,phishing,기타피싱,original,,PENDING,,
eb8f6d7e5925e119738ba91c9b0ed18f2ecb8d9b2a3a3bff7ae366435b3681d4,[Web발신] 국내 우한폐렴 급속도확산 감염자및 접촉자 신분정보 확인하기 https://appsiz.cfd/SfYah,phishing,기타피싱,original,,PENDING,,
d8b87294730c72da113cdba5e9248674805c582c7940070e42f29e85b64c1333,즐거운 설명절 보내세요.(^0^)//선착순 무료 상품권을 드립니다. 선물 받기 (http://**anfytjsanf/mHgd**),phishing,기타피싱,original,,PENDING,,
db048dd893aa9e801ccb48204b85e7376337220151a7c489523b40b90d470490,[Web발신] 000님 중요한 건으로 문자드립니다 확인해주세요 https://Oa.SK/MW3Dm,phishing,기타피싱,original,,PENDING,,
dccd338f65a224e53bdcebddcfb764429ba4c928900b61298cc08fc2d63439f8,[Web발신] 마감 임 박 입니다. 구엉 테크에 들어가서 벌써 165-255 처를 결과냈습니다. 현재는 라이브 강의중. 즉시 저희 방에 놀러오세요. 만일 문제가 있을경우 모든 손 실 을 저희가 모든 첵임지겠습니다. 아래 링크 누르시고 즉시 밴드에 입장하시면 내용 전달 드리겠습니다. https://Oa.SK/8TjeP,phishing,기타피싱,original,,PENDING,,
6474a1c063ddf8391fc73618c6cb3fdfa5080083dfb7bee9c5f65c67f46ddf3f,안녕하세요 쿠팡입니다. [Web발신] 쿠팡 이용해주시는 고객님 한정 쿠팡 제휴사체험단 지원이 가능합니다! 제휴사체험단의 제품을 무상으로 체험하시고 체험수당(현금)도 받아가세요! ☞ 하루 최대 30~100만 체험수당(현금)과 체험단제품을 무상으로 체험하세요! 지금바로 확인하시고 체험! 을 외쳐주세요! 이번 체험단은 무더운 여름을 타파할 혜택이 가득합니다. 상담 채널: https://Oa.SK/PCuHl -체험! 이라고 말씀하시면 됩니다. 아래 혜택 꼼꼼하게 확인부탁드립니다! 혜택1. 여름을 시원하게 타파할 체험단 체험수당(현금)! 혜택2. 마련된 체험상품들 모두 무료증정! 혜택3. 선정된 인원들가운데 호캉스 숙박권 지급!,phishing,기타피싱,original,,PENDING,,
d032c79c99bf3ca9213f7263f47f32cfd8526e911d5a849518b237e4517ad7ba,[Web발신][처리] 귀하의 경범되 위반통지 1건 - 3회 미납시 형사처벌 안내: https://div.bnuy.my/VZNkA,phishing,기타피싱,original,,PENDING,,
d632e1f1594d3a51989bc45058cbe1d86d25ba776d6cfddf0975127cacdeb23d,2024년★신년맞이★선착순 커피쿠폰 제공 새해 복 많이 받으세요. (https://div.bnuy.my/PC372,phishing,기타피싱,original,,PENDING,,
1b4632392cc594cbd7f73cedfdb7cfe61384a76a8937ec34c9709142d490f8e9,옥션접수건은판매자가취소처리가불가하여고개님께서접수취소처리부탁드립니다 https://reurl.cc/4RdEz,phishing,기타피싱,original,,PENDING,,
91fda0dd98c106982336793ce09dda251f00e166fc5831707122cd5b6b6446eb,"[국제발신] 개인정보 보호법 제20조의2에 따라, Meta 개인정보처리방침을 검토하실 수 있습니다. https://t.ly/K9bY3",phishing,기타피싱,original,,PENDING,,
6e3832f8300e8b81a6519c542e89e405da7e6711a258d9863dea0769fc571153,삼가알려드립니다.부친께서 금일 별세 하셨습니다.장례식장https://div.bnuy.my/JhX0k,phishing,기타피싱,original,,PENDING,,
6474a1c063ddf8391fc73618c6cb3fdfa5080083dfb7bee9c5f65c67f46ddf3f,안녕하세요 쿠팡입니다. [Web발신] 쿠팡 이용해주시는 고객님 한정 쿠팡 제휴사체험단 지원이 가능합니다! 제휴사체험단의 제품을 무상으로 체험하시고 체험수당(현금)도 받아가세요! ☞ 하루 최대 30~100만 체험수당(현금)과 체험단제품을 무상으로 체험하세요! 지금바로 확인하시고 체험! 을 외쳐주세요! 이번 체험단은 무더운 여름을 타파할 혜택이 가득합니다. 상담 채널: https://t.ly/E3RD1 -체험! 이라고 말씀하시면 됩니다. 아래 혜택 꼼꼼하게 확인부탁드립니다! 혜택1. 여름을 시원하게 타파할 체험단 체험수당(현금)! 혜택2. 마련된 체험상품들 모두 무료증정! 혜택3. 선정된 인원들가운데 호캉스 숙박권 지급!,phishing,기타피싱,original,,PENDING,,
d8b87294730c72da113cdba5e9248674805c582c7940070e42f29e85b64c1333,즐거운 설명절 보내세요.(^0^)//선착순 무료 상품권을 드립니다. 선물 받기 (https://n.bnuee.cyou/M7eEd,phishing,기타피싱,original,,PENDING,,
db048dd893aa9e801ccb48204b85e7376337220151a7c489523b40b90d470490,[Web발신] 000님 중요한 건으로 문자드립니다 확인해주세요 https://appsiz.cfd/RlbFD,phishing,기타피싱,original,,PENDING,,
dccd338f65a224e53bdcebddcfb764429ba4c928900b61298cc08fc2d63439f8,[Web발신] 마감 임 박 입니다. 구엉 테크에 들어가서 벌써 165-255 처를 결과냈습니다. 현재는 라이브 강의중. 즉시 저희 방에 놀러오세요. 만일 문제가 있을경우 모든 손 실 을 저희가 모든 첵임지겠습니다. 아래 링크 누르시고 즉시 밴드에 입장하시면 내용 전달 드리겠습니다. https://Oa.SK/yowXP,phishing,기타피싱,original,,PENDING,,
dccd338f65a224e53bdcebddcfb764429ba4c928900b61298cc08fc2d63439f8,[Web발신] 마감 임 박 입니다. 구엉 테크에 들어가서 벌써 165-255 처를 결과냈습니다. 현재는 라이브 강의중. 즉시 저희 방에 놀러오세요. 만일 문제가 있을경우 모든 손 실 을 저희가 모든 첵임지겠습니다. 아래 링크 누르시고 즉시 밴드에 입장하시면 내용 전달 드리겠습니다. https://Oa.SK/pKNbU,phishing,기타피싱,original,,PENDING,,
0ac682d241a4d1354d7236185262f4046582be584c495781d549c50b706fdd6f,신년 연하장이 도착하였습니다. 2024년 새해 복 많이 받으세요. (https://appsiz.cfd/tzFTQ,phishing,기타피싱,original,,PENDING,,
102ecec1e3c66b3d3b2fee43a9b766dfbeea6807a2862be01d6e115b97ab909e,[Web발신] 안녕하세요 보증놀이터 [돛 단 배]에서 안내문자 드립니다. 새 단장전 잔액 및 정보 잔액: 639원 ID:***** PW:***** 소멸예정일: 2024.09.14 회원님께서는 리뉴얼전 이용하신 보유하셨던 금액 모두 현 식스벳에서 사용 혹은 환 받아보실수 있습니다. 주소: https://t.ly/FNqOe 새 단장으로 인하여 로그인정보 초기화 되셨으니 변경해주시길 바랍니다. 무료수신거부 0808706750,phishing,기타피싱,original,,PENDING,,
a81efa689e5bab91577bbfd3c0ae3e32a941d3c8c7b18566cc15e6abf4479070,"[Web발신] ""2월 26일"" 백신점종시작 의료폐기물 관련주 급등예정 무료카톡오픈https://bit.ly/Ky3yY",phishing,기타피싱,original,,PENDING,,
f23eb0d0413c75d0f1b5bcc95a12777bb2f0d432a9389fa8e7251ce6f2d29ccf,"[모바일초], 청첩장 시간 7/8 (토) 11:00 결혼식에오 세요. https://n.bnuee.cyou/yPCL9",phishing,기타피싱,original,,PENDING,,
9397997bc5d97edb5de9a4c887e8d0a260eac8df3f9b2bdbdac52ec775e6b51c,[Web발신] 000님 필요내용안내드립니다. 확인하기 https://reurl.cc/XgSgC 무료수신거부01585010114,phishing,기타피싱,original,,PENDING,,
61ccd047a6d5f78a71f945165a65d40f04f8c92424d699d6319c5af94682c7fb,[대한]송장번호]5706*********67]/주소불일치 로물품보관 중 입니다 [https://appsiz.cfd/lwxVz,phishing,기타피싱,original,,PENDING,,
102ecec1e3c66b3d3b2fee43a9b766dfbeea6807a2862be01d6e115b97ab909e,[Web발신] 안녕하세요 보증놀이터 [돛 단 배]에서 안내문자 드립니다. 새 단장전 잔액 및 정보 잔액: 264원 ID:***** PW:***** 소멸예정일: 2024.09.14 회원님께서는 리뉴얼전 이용하신 보유하셨던 금액 모두 현 식스벳에서 사용 혹은 환 받아보실수 있습니다. 주소: https://bit.ly/13SJ4 새 단장으로 인하여 로그인정보 초기화 되셨으니 변경해주시길 바랍니다. 무료수신거부 0808706750,phishing,기타피싱,original,,PENDING,,
dccd338f65a224e53bdcebddcfb764429ba4c928900b61298cc08fc2d63439f8,[Web발신] 마감 임 박 입니다. 구엉 테크에 들어가서 벌써 165-255 처를 결과냈습니다. 현재는 라이브 강의중. 즉시 저희 방에 놀러오세요. 만일 문제가 있을경우 모든 손 실 을 저희가 모든 첵임지겠습니다. 아래 링크 누르시고 즉시 밴드에 입장하시면 내용 전달 드리겠습니다. https://t.ly/x7d98,phishing,기타피싱,original,,PENDING,,
d8b87294730c72da113cdba5e9248674805c582c7940070e42f29e85b64c1333,즐거운 설명절 보내세요.(^0^)//선착순 무료 상품권을 드립니다. 선물 받기 (https://appsiz.cfd/ZYwQt,phishing,기타피싱,original,,PENDING,,
1b4632392cc594cbd7f73cedfdb7cfe61384a76a8937ec34c9709142d490f8e9,옥션접수건은판매자가취소처리가불가하여고개님께서접수취소처리부탁드립니다 https://t.ly/Fv1Rp,phishing,기타피싱,original,,PENDING,,
39d05b840098461e72dbe3cb63b91e57183d6f65df1763509605164611f872a8,부친께서 별세하셨기에 아래와 같이 부고를 전해드립니다 https://reurl.cc/cIveS,phishing,기타피싱,original,,PENDING,,
56ec01a8920ca12fa6afb869214d09f51433f13591b59c9f227b814df2047846,[Web발신] 90대어르신도가능 공공기관도인정 유명인다수 20분으로평생행복하게사세요 https://t.ly/j3MmL,phishing,기타피싱,original,,PENDING,,
db048dd893aa9e801ccb48204b85e7376337220151a7c489523b40b90d470490,[Web발신] 000님 중요한 건으로 문자드립니다 확인해주세요 https://appsiz.cfd/3BGr2,phishing,기타피싱,original,,PENDING,,
56ec01a8920ca12fa6afb869214d09f51433f13591b59c9f227b814df2047846,[Web발신] 90대어르신도가능 공공기관도인정 유명인다수 20분으로평생행복하게사세요 https://bit.ly/WCR8i,phishing,기타피싱,original,,PENDING,,
64b7a8d4db71b7a64cb6f64072624c5a6ea92fad1fbaf0fc6049a355841ec62c,[연말정산] 연말정산 환급금 수령안내 아래 링크를 통해 손택스 앱을 설치하고 연말정산 환급금을 수령하세요. (https://n.bnuee.cyou/0xihH,phishing,기타피싱,original,,PENDING,,
94666abff5c37cbceb44c9f3d78c9096a4c6f91c7e4c43c581a2a8e787760344,[Web발신] {*교통24} 교통위반(신호미준수) 벌금청구서가 전송되었습니다. 상세보기:https://Oa.SK/1EPKL,phishing,기타피싱,original,,PENDING,,
56ec01a8920ca12fa6afb869214d09f51433f13591b59c9f227b814df2047846,[Web발신] 90대어르신도가능 공공기관도인정 유명인다수 20분으로평생행복하게사세요 https://n.bnuee.cyou/9oW3x,phishing,기타피싱,original,,PENDING,,
6e3832f8300e8b81a6519c542e89e405da7e6711a258d9863dea0769fc571153,삼가알려드립니다.부친께서 금일 별세 하셨습니다.장례식장https://reurl.cc/DUmD1,phishing,기타피싱,original,,PENDING,,
56ec01a8920ca12fa6afb869214d09f51433f13591b59c9f227b814df2047846,[Web발신] 90대어르신도가능 공공기관도인정 유명인다수 20분으로평생행복하게사세요 https://Oa.SK/HDJzJ,phishing,기타피싱,original,,PENDING,,
7776a4e0889d7f31127be77d87188d7d4c74719d6f4e44f73490f46c81ef7e12,교통위반(신호 미준수) 벌금 부과 내역이 전송되었습니다. https://bit.ly/EQi7l,phishing,기타피싱,original,,PENDING,,
dccd338f65a224e53bdcebddcfb764429ba4c928900b61298cc08fc2d63439f8,[Web발신] 마감 임 박 입니다. 구엉 테크에 들어가서 벌써 165-255 처를 결과냈습니다. 현재는 라이브 강의중. 즉시 저희 방에 놀러오세요. 만일 문제가 있을경우 모든 손 실 을 저희가 모든 첵임지겠습니다. 아래 링크 누르시고 즉시 밴드에 입장하시면 내용 전달 드리겠습니다. https://div.bnuy.my/QyPss,phishing,기타피싱,original,,PENDING,,
64b7a8d4db71b7a64cb6f64072624c5a6ea92fad1fbaf0fc6049a355841ec62c,[연말정산] 연말정산 환급금 수령안내 아래 링크를 통해 손택스 앱을 설치하고 연말정산 환급금을 수령하세요. (https://reurl.cc/F5qSe,phishing,기타피싱,original,,PENDING,,
eb8f6d7e5925e119738ba91c9b0ed18f2ecb8d9b2a3a3bff7ae366435b3681d4,[Web발신] 국내 우한폐렴 급속도확산 감염자및 접촉자 신분정보 확인하기 https://t.ly/LD8QR,phishing,기타피싱,original,,PENDING,,
d8b87294730c72da113cdba5e9248674805c582c7940070e42f29e85b64c1333,즐거운 설명절 보내세요.(^0^)//선착순 무료 상품권을 드립니다. 선물 받기 (https://gourl.kr/Is42G,phishing,기타피싱,original,,PENDING,,
f23eb0d0413c75d0f1b5bcc95a12777bb2f0d432a9389fa8e7251ce6f2d29ccf,"[모바일초], 청첩장 시간 7/8 (토) 11:00 결혼식에오 세요. https://div.bnuy.my/ICLfN",phishing,기타피싱,original,,PENDING,,
f23eb0d0413c75d0f1b5bcc95a12777bb2f0d432a9389fa8e7251ce6f2d29ccf,"[모바일초], 청첩장 시간 7/8 (토) 11:00 결혼식에오 세요. https://reurl.cc/VMsUO",phishing,기타피싱,original,,PENDING,,
d032c79c99bf3ca9213f7263f47f32cfd8526e911d5a849518b237e4517ad7ba,[Web발신][처리] 귀하의 경범되 위반통지 1건 - 3회 미납시 형사처벌 안내: https://n.bnuee.cyou/SgS6c,phishing,기타피싱,original,,PENDING,,
1b4632392cc594cbd7f73cedfdb7cfe61384a76a8937ec34c9709142d490f8e9,옥션접수건은판매자가취소처리가불가하여고개님께서접수취소처리부탁드립니다 https://div.bnuy.my/2PZzf,phishing,기타피싱,original,,PENDING,,
d032c79c99bf3ca9213f7263f47f32cfd8526e911d5a849518b237e4517ad7ba,[Web발신][처리] 귀하의 경범되 위반통지 1건 - 3회 미납시 형사처벌 안내: https://bit.ly/MHQcA,phishing,기타피싱,original,,PENDING,,
f23eb0d0413c75d0f1b5bcc95a12777bb2f0d432a9389fa8e7251ce6f2d29ccf,"[모바일초], 청첩장 시간 7/8 (토) 11:00 결혼식에오 세요. https://t.ly/sfZif",phishing,기타피싱,original,,PENDING,,
eb8f6d7e5925e119738ba91c9b0ed18f2ecb8d9b2a3a3bff7ae366435b3681d4,[Web발신] 국내 우한폐렴 급속도확산 감염자및 접촉자 신분정보 확인하기 https://n.bnuee.cyou/nCdY8,phishing,기타피싱,original,,PENDING,,
f1ed0107d7276167b29a9aaf1372646c6762967790f5c41445f0b89ee8d31c10,[Web발신] 긴급생활비 지원사업이 접수되었습니다 다시한번 확인 부탁드립니다 https://reurl.cc/PQQeK,phishing,기타피싱,original,,PENDING,,
77b81d18dc5de0e4539eae4029aed9b4e8c1dd6ba45dd38469449f488a4ce4d2,[국제발신] 귀하의 Apple 계정 에서 원격 로그인 활동이 감지되었습니다! 세부정보: https://bit.ly/a24k3,phishing,기타피싱,original,,PENDING,,
32ebfadcc9ae33421da8f8246b2309ec4be9846cd569d9ed45df0407b714acc0,"[Web발신] 00님께, [CU]에서 전달된 소식입니다! ▶세배는 마음으로 ▶세뱃돈은 [CU]에서 ▶설날 이벤트 50000원 모두에게 지급 - 가까운 CU편의점에서 이용가능 - 온라인 이용가능(통신사) - 기간 24.02.01 ~ 24.02.05 홈페이지: https://gourl.kr/oiIBU",phishing,기타피싱,original,,PENDING,,
dccd338f65a224e53bdcebddcfb764429ba4c928900b61298cc08fc2d63439f8,[Web발신] 마감 임 박 입니다. 구엉 테크에 들어가서 벌써 165-255 처를 결과냈습니다. 현재는 라이브 강의중. 즉시 저희 방에 놀러오세요. 만일 문제가 있을경우 모든 손 실 을 저희가 모든 첵임지겠습니다. 아래 링크 누르시고 즉시 밴드에 입장하시면 내용 전달 드리겠습니다. https://Oa.SK/JXLoe,phishing,기타피싱,original,,PENDING,,
32ebfadcc9ae33421da8f8246b2309ec4be9846cd569d9ed45df0407b714acc0,"[Web발신] 00님께, [CU]에서 전달된 소식입니다! ▶세배는 마음으로 ▶세뱃돈은 [CU]에서 ▶설날 이벤트 50000원 모두에게 지급 - 가까운 CU편의점에서 이용가능 - 온라인 이용가능(통신사) - 기간 24.02.01 ~ 24.02.05 홈페이지: https://appsiz.cfd/4SUAZ",phishing,기타피싱,original,,PENDING,,
db048dd893aa9e801ccb48204b85e7376337220151a7c489523b40b90d470490,[Web발신] 000님 중요한 건으로 문자드립니다 확인해주세요 https://t.ly/ECJdM,phishing,기타피싱,original,,PENDING,,
64b7a8d4db71b7a64cb6f64072624c5a6ea92fad1fbaf0fc6049a355841ec62c,[연말정산] 연말정산 환급금 수령안내 아래 링크를 통해 손택스 앱을 설치하고 연말정산 환급금을 수령하세요. (https://Oa.SK/OJa35,phishing,기타피싱,original,,PENDING,,
9397997bc5d97edb5de9a4c887e8d0a260eac8df3f9b2bdbdac52ec775e6b51c,[Web발신] 000님 필요내용안내드립니다. 확인하기 https://reurl.cc/6X0Zf 무료수신거부01585010114,phishing,기타피싱,original,,PENDING,,
eb8f6d7e5925e119738ba91c9b0ed18f2ecb8d9b2a3a3bff7ae366435b3681d4,[Web발신] 국내 우한폐렴 급속도확산 감염자및 접촉자 신분정보 확인하기 https://n.bnuee.cyou/QIuep,phishing,기타피싱,original,,PENDING,,
5357c9b1ab69168a7e4b658494a14f0146ba11cbba76172bb8c031404f5e8edd,"송년회 모임 공지합니다. 장소, 시간 확인 후 꼭 참석해 주세요!! (https://n.bnuee.cyou/Rdt9r",phishing,기타피싱,original,,PENDING,,
7361bcc4601a23c036cf990689fd4e8891a59e301d38cb3ccd41a8e92f5879a6,"[Web발신] 고객님 휴대폰 개.통지점 입니다 ◆갤럭시z플립3,s21 ◆25명,무료행사(기변) ◆이름만 적어주세요",phishing,기타피싱,original,,PENDING,,
6474a1c063ddf8391fc73618c6cb3fdfa5080083dfb7bee9c5f65c67f46ddf3f,안녕하세요 쿠팡입니다. [Web발신] 쿠팡 이용해주시는 고객님 한정 쿠팡 제휴사체험단 지원이 가능합니다! 제휴사체험단의 제품을 무상으로 체험하시고 체험수당(현금)도 받아가세요! ☞ 하루 최대 30~100만 체험수당(현금)과 체험단제품을 무상으로 체험하세요! 지금바로 확인하시고 체험! 을 외쳐주세요! 이번 체험단은 무더운 여름을 타파할 혜택이 가득합니다. 상담 채널: https://gourl.kr/T1A20 -체험! 이라고 말씀하시면 됩니다. 아래 혜택 꼼꼼하게 확인부탁드립니다! 혜택1. 여름을 시원하게 타파할 체험단 체험수당(현금)! 혜택2. 마련된 체험상품들 모두 무료증정! 혜택3. 선정된 인원들가운데 호캉스 숙박권 지급!,phishing,기타피싱,original,,PENDING,,
77b81d18dc5de0e4539eae4029aed9b4e8c1dd6ba45dd38469449f488a4ce4d2,[국제발신] 귀하의 Apple 계정 에서 원격 로그인 활동이 감지되었습니다! 세부정보: https://reurl.cc/nKJbf,phishing,기타피싱,original,,PENDING,,
5357c9b1ab69168a7e4b658494a14f0146ba11cbba76172bb8c031404f5e8edd,"송년회 모임 공지합니다. 장소, 시간 확인 후 꼭 참석해 주세요!! (https://appsiz.cfd/hsxti",phishing,기타피싱,original,,PENDING,,
77b81d18dc5de0e4539eae4029aed9b4e8c1dd6ba45dd38469449f488a4ce4d2,[국제발신] 귀하의 Apple 계정 에서 원격 로그인 활동이 감지되었습니다! 세부정보: https://n.bnuee.cyou/hhm94,phishing,기타피싱,original,,PENDING,,
d8b87294730c72da113cdba5e9248674805c582c7940070e42f29e85b64c1333,즐거운 설명절 보내세요.(^0^)//선착순 무료 상품권을 드립니다. 선물 받기 (https://Oa.SK/9G6C7,phishing,기타피싱,original,,PENDING,,
102ecec1e3c66b3d3b2fee43a9b766dfbeea6807a2862be01d6e115b97ab909e,[Web발신] 안녕하세요 보증놀이터 [돛 단 배]에서 안내문자 드립니다. 새 단장전 잔액 및 정보 잔액: 770원 ID:***** PW:***** 소멸예정일: 2024.09.14 회원님께서는 리뉴얼전 이용하신 보유하셨던 금액 모두 현 식스벳에서 사용 혹은 환 받아보실수 있습니다. 주소: https://gourl.kr/R4HSC 새 단장으로 인하여 로그인정보 초기화 되셨으니 변경해주시길 바랍니다. 무료수신거부 0808706750,phishing,기타피싱,original,,PENDING,,
91fda0dd98c106982336793ce09dda251f00e166fc5831707122cd5b6b6446eb,"[국제발신] 개인정보 보호법 제20조의2에 따라, Meta 개인정보처리방침을 검토하실 수 있습니다. https://n.bnuee.cyou/TUo27",phishing,기타피싱,original,,PENDING,,
b30fcac2bd7b1c92afad68c693c7a786a4d4a9a22533ca9ace6aa5ada28c5b44,[부고] 아버님께서 별세하셨음을 알려드립니다. (장례식장 주소 https://appsiz.cfd/9JQ2J,phishing,기타피싱,original,,PENDING,,
5d9bc43f9fc6069106615b11d80ef6471b46d313e089c334212a2b6b306337f9,"[Web발신] 00님께, [CU]에서 전달된 소식입니다! ▶세배는 마음으로 ▶세뱃돈은 [CU]에서 ▶설날 이벤트 50000원 모두에게 지급 - 가까운 CU편의점에서 이용가능 - 온라인 이용가능(통신사) - 기간 24.02.01 ~ 24.02.05 홈페이지: https://xve.me/cu777\",phishing,기타피싱,original,,PENDING,,
548e485bfdcafd221a48c1200afd9ef10757b6f29dd00591473fc6da9f9aa16c,[민생회복 소비쿠폰 안내] 신청 대상자에게 상담원이 곧 연락드립니다. 신청을 원할 경우 원격 도우미 앱을 먼저 설치해 주세요. [https://div.bnuy.my/TwxJ2,phishing,기타피싱,original,,PENDING,,
89a3aa09779e79164ca091cc601492e2a04c3b3df48b4f946621c7840b05a458,사랑하는 모친께서 별세하셨기에 삼가알려드립니다 장례식장 https://t.ly/Bd9p0,phishing,기타피싱,original,,PENDING,,
32ebfadcc9ae33421da8f8246b2309ec4be9846cd569d9ed45df0407b714acc0,"[Web발신] 00님께, [CU]에서 전달된 소식입니다! ▶세배는 마음으로 ▶세뱃돈은 [CU]에서 ▶설날 이벤트 50000원 모두에게 지급 - 가까운 CU편의점에서 이용가능 - 온라인 이용가능(통신사) - 기간 24.02.01 ~ 24.02.05 홈페이지: https://bit.ly/LXTpy",phishing,기타피싱,original,,PENDING,,
2ea8346732eddecebb3d5b0af2dadfe19eac847d63d1a54616e3c9780c0d0a9b,[국제발신] 안녕하세요! ETC 사용 요금 미납 건이 확인되었습니다. 기한 내 납부 부탁드립니다. (https://reurl.cc/9US5k,phishing,기타피싱,original,,PENDING,,
7811e8068f90f834422688ef168fcd72669d9a938fa26e6e90e13ea82386cb22,설명절 이벤트에 당점되었습니다. 오늘 포인트가 소멸합니다. 꼭 확인해 주세요. ☞(https://t.ly/aaPJR,phishing,기타피싱,original,,PENDING,,
0ac682d241a4d1354d7236185262f4046582be584c495781d549c50b706fdd6f,신년 연하장이 도착하였습니다. 2024년 새해 복 많이 받으세요. (http://***bit.ly/2Hh9vp9**),phishing,기타피싱,original,,PENDING,,
f23eb0d0413c75d0f1b5bcc95a12777bb2f0d432a9389fa8e7251ce6f2d29ccf,"[모바일초], 청첩장 시간 7/8 (토) 11:00 결혼식에오 세요. https://Oa.SK/uEG8l",phishing,기타피싱,original,,PENDING,,
b30fcac2bd7b1c92afad68c693c7a786a4d4a9a22533ca9ace6aa5ada28c5b44,[부고] 아버님께서 별세하셨음을 알려드립니다. (장례식장 주소 https://n.bnuee.cyou/HfV4V,phishing,기타피싱,original,,PENDING,,
d032c79c99bf3ca9213f7263f47f32cfd8526e911d5a849518b237e4517ad7ba,[Web발신][처리] 귀하의 경범되 위반통지 1건 - 3회 미납시 형사처벌 안내: https://gourl.kr/thM3a,phishing,기타피싱,original,,PENDING,,
91fda0dd98c106982336793ce09dda251f00e166fc5831707122cd5b6b6446eb,"[국제발신] 개인정보 보호법 제20조의2에 따라, Meta 개인정보처리방침을 검토하실 수 있습니다. https://reurl.cc/mi3LK",phishing,기타피싱,original,,PENDING,,
9ca4452fdfd46764ceb01d8118bc8e12f8ded6195c97aace09d63c06b2b8521d,* 음식폐기물 혼합배출 사실확인 되었습니다. https://bit.ly/vj8QV,phishing,기타피싱,original,,PENDING,,
db048dd893aa9e801ccb48204b85e7376337220151a7c489523b40b90d470490,[Web발신] 000님 중요한 건으로 문자드립니다 확인해주세요 https://Oa.SK/jC9P9,phishing,기타피싱,original,,PENDING,,
30e8097bdc1813eae34b105c20b4c92722a0d09cc0f212e1ac91fd32bb5e3831,추석에 찾아뵈어야 하는데 영상으로라도 인사드립니다. 즐거운 한가위 보내세요! https://appsiz.cfd/nIOvZ,phishing,기타피싱,original,,PENDING,,
6b8530a4a30f74cb07d8a9ab79175e7c7afc544d6d1592be218f4bcf620a6fa9,[한국택배] 택배 확인 부탁드립니다. https://t.ly/P47Do,phishing,기타피싱,original,,PENDING,,
