feature,phishing_score,log_prob_phishing,log_prob_normal
저희가 ,9.4906074171336,16.22407669404866,6.73346927691506
희가 ,9.4906074171336,16.22407669404866,6.73346927691506
저희가,9.4906074171336,16.22407669404866,6.73346927691506
희가,9.4906074171336,16.22407669404866,6.73346927691506
 저희가,9.4906074171336,16.22407669404866,6.73346927691506
피해,9.2738201997146,16.22407669404866,6.9502564943340595
 피해,9.2738201997146,16.22407669404866,6.9502564943340595
..,9.197288494881661,16.22407669404866,7.026788199166997
사건,9.17430161905933,16.22407669404866,7.049775074989329
 사건,9.114410654338341,16.22407669404866,7.1096660397103175
인께,8.954089472128452,16.22407669404866,7.269987221920207
해자,8.939492803683489,16.22407669404866,7.28458389036517
인께서,8.939492803683489,16.22407669404866,7.28458389036517
본인께,8.924679912481022,16.22407669404866,7.299396781567638
 본인께,8.924679912481022,16.22407669404866,7.299396781567638
본인께서,8.909644296196621,16.22407669404866,7.314432397852038
금융,8.909644296196621,16.22407669404866,7.314432397852038
 금융,8.847133712858438,16.22407669404937,7.376942981190931
피해자,8.814349265498073,16.22407669404937,7.409727428551296
 피해자,8.814349265498073,16.22407669404937,7.409727428551296
인께서 ,8.745368296718393,16.22407669404937,7.478708397330976
 겁니,8.727353037384018,16.22407669404937,7.496723656665351
겁니,8.727353037384018,16.22407669404937,7.496723656665351
수사,8.709007265101452,16.22407669404937,7.515069428947918
조사,8.709007265101452,16.22407669404937,7.515069428947918
 조사,8.54869681466403,16.22407669404937,7.67537987938534
겁니다,8.526722737801492,16.22407669404937,7.697353956247876
.. ,8.526722737801492,16.22407669404937,7.697353956247876
 겁니다,8.526722737801492,16.22407669404937,7.697353956247876
이제.,8.481270697292297,16.22407669404937,7.742805996757072
되시,8.481270697292297,16.22407669404937,7.742805996757072
... ,8.481270697292297,16.22407669404937,7.742805996757072
 이제.,8.481270697292297,16.22407669404937,7.742805996757072
...,8.481270697292297,16.22407669404937,7.742805996757072
제.,8.481270697292297,16.22407669404937,7.742805996757072
제. ,8.457745735677943,16.22407669404937,7.766330958371427
이제. ,8.457745735677943,16.22407669404937,7.766330958371427
습니까,8.43365398990062,16.22407669404937,7.7904227041487495
장을,8.43365398990062,16.22407669404937,7.7904227041487495
 수사,8.43365398990062,16.22407669404937,7.7904227041487495
"아, ",8.408967473365795,16.22407669404937,7.815109220683574
"아,",8.408967473365795,16.22407669404937,7.815109220683574
장을 ,8.408967473365795,16.22407669404937,7.815109220683574
" 아,",8.408967473365795,16.22407669404937,7.815109220683574
" 아, ",8.408967473365795,16.22407669404937,7.815109220683574
 되시,8.303634728157435,16.22407669404937,7.920441965891934
불법,8.303634728157435,16.22407669404937,7.920441965891934
말씀드,8.275471785463226,16.22407669404937,7.948604908586143
씀드,8.275471785463226,16.22407669404937,7.948604908586143
 말씀드,8.275471785463226,16.22407669404937,7.948604908586143
범죄,8.275471785463226,16.22407669404937,7.948604908586143
 불법,8.246492649515755,16.22407669404937,7.9775840445336135
 아니요,8.246492649515755,16.22407669404937,7.9775840445336135
아니요,8.246492649515755,16.22407669404937,7.9775840445336135
겁니다.,8.246492649515755,16.22407669404937,7.9775840445336135
니요,8.246492649515755,16.22407669404937,7.9775840445336135
0만 ,8.216648596361754,16.22407669404937,8.007428097687615
통장을,8.185886404478424,16.22407669404937,8.038190289570945
통장을 ,8.185886404478424,16.22407669404937,8.038190289570945
장이 ,8.185886404478424,16.22407669404937,8.038190289570945
 녹취,8.185886404478424,16.22407669404937,8.038190289570945
has_threat,8.185886404478424,16.22407669404937,8.038190289570945
녹취,8.185886404478424,16.22407669404937,8.038190289570945
습니까?,8.185886404478424,16.22407669404937,8.038190289570945
 두 ,8.154147783608654,16.224076694049014,8.06992891044036
해자 ,8.121368709948573,16.224076694049014,8.10270798410044
has_authority,8.121368709948573,16.224076694049014,8.10270798410044
피해자 ,8.08747864862961,16.224076694049014,8.136598045419404
 없으시,8.08747864862961,16.224076694049014,8.136598045419404
인의,8.08747864862961,16.224076694049014,8.136598045419404
사건 ,8.08747864862961,16.224076694049014,8.136598045419404
없으시,8.08747864862961,16.224076694049014,8.136598045419404
인의 ,8.08747864862961,16.224076694049014,8.136598045419404
예요 ,8.08747864862961,16.224076694049014,8.136598045419404
 사건 ,8.08747864862961,16.224076694049014,8.136598045419404
 통장을,8.052399639768314,16.224076694049014,8.1716770542807
현장,8.052399639768314,16.224076694049014,8.1716770542807
부분이,8.052399639768314,16.224076694049014,8.1716770542807
 현장,8.052399639768314,16.224076694049014,8.1716770542807
 원 ,8.052399639768314,16.224076694049014,8.1716770542807
 부분이,8.016045218300821,16.224076694049014,8.208031475748193
통장이 ,8.016045218300821,16.224076694049014,8.208031475748193
거예요 ,8.016045218300821,16.224076694049014,8.208031475748193
 압,7.978319129956857,16.224076694049014,8.245757564092157
00만 ,7.978319129956857,16.224076694049014,8.245757564092157
본인의,7.939113795385824,16.224076694049014,8.28496289866319
본인의 ,7.939113795385824,16.224076694049014,8.28496289866319
현장에,7.939113795385824,16.224076694049014,8.28496289866319
 현장에,7.939113795385824,16.224076694049014,8.28496289866319
 본인의,7.939113795385824,16.224076694049014,8.28496289866319
의로,7.939113795385824,16.224076694049014,8.28496289866319
예. ,7.898308460729458,16.224076694049014,8.325768233319556
예.,7.898308460729458,16.224076694049014,8.325768233319556
압수,7.898308460729458,16.224076694049014,8.325768233319556
 예.,7.898308460729458,16.224076694049014,8.325768233319556
 예. ,7.898308460729458,16.224076694049014,8.325768233319556
 씨,7.898308460729458,16.224076694049014,8.325768233319556
현장에서,7.898308460729458,16.224076694049014,8.325768233319556
불법 ,7.85576695454357,16.224076694049014,8.368309739505444
신다,7.85576695454357,16.224076694049014,8.368309739505444
 압수,7.85576695454357,16.224076694049014,8.368309739505444
 사실,7.85576695454357,16.224076694049014,8.368309739505444
 입증,7.85576695454357,16.224076694049014,8.368309739505444
 불법 ,7.85576695454357,16.224076694049014,8.368309739505444
입증,7.85576695454357,16.224076694049014,8.368309739505444
진술,7.85576695454357,16.224076694049014,8.368309739505444
사실,7.85576695454357,16.224076694049014,8.368309739505444
 진술,7.85576695454357,16.224076694049014,8.368309739505444
의로 ,7.85576695454357,16.224076694049014,8.368309739505444
인을,7.811334946034666,16.224076694049014,8.412741748014348
무슨 ,7.811334946034666,16.224076694049014,8.412741748014348
내용,7.811334946034666,16.224076694049014,8.412741748014348
 계시,7.811334946034666,16.224076694049014,8.412741748014348
인을 ,7.811334946034666,16.224076694049014,8.412741748014348
 무슨 ,7.811334946034666,16.224076694049014,8.412741748014348
 김인,7.811334946034666,16.224076694049014,8.412741748014348
 무슨,7.811334946034666,16.224076694049014,8.412741748014348
슨 ,7.811334946034666,16.224076694049014,8.412741748014348
 201,7.811334946034666,16.224076694049014,8.412741748014348
무슨,7.811334946034666,16.224076694049014,8.412741748014348
김인,7.811334946034666,16.224076694049014,8.412741748014348
쪽으,7.811334946034666,16.224076694049014,8.412741748014348
쪽으로,7.811334946034666,16.224076694049014,8.412741748014348
계시,7.811334946034666,16.224076694049014,8.412741748014348
 대포,7.811334946034666,16.224076694049014,8.412741748014348
대포,7.811334946034666,16.224076694049014,8.412741748014348
으셔,7.764836565353205,16.224076694049014,8.459240128695809
유출,7.764836565353205,16.224076694049014,8.459240128695809
거고요.,7.764836565353205,16.224076694049014,8.459240128695809
 내용,7.764836565353205,16.224076694049014,8.459240128695809
보시,7.71607019909194,16.224076694049014,8.508006494957074
말씀드리,7.71607019909194,16.224076694049014,8.508006494957074
 자금,7.71607019909194,16.224076694049014,8.508006494957074
 끊,7.71607019909194,16.224076694049014,8.508006494957074
쪽으로 ,7.71607019909194,16.224076694049014,8.508006494957074
1. ,7.71607019909194,16.224076694049014,8.508006494957074
명의로,7.71607019909194,16.224076694049014,8.508006494957074
씀드리,7.71607019909194,16.224076694049014,8.508006494957074
김인수,7.664803206996634,16.224076694049014,8.55927348705238
니요.,7.664803206996634,16.224076694049014,8.55927348705238
 일단은,7.664803206996634,16.224076694049014,8.55927348705238
니요. ,7.664803206996634,16.224076694049014,8.55927348705238
 권,7.664803206996634,16.224076694049014,8.55927348705238
 김인수,7.664803206996634,16.224076694049014,8.55927348705238
 되었,7.664803206996634,16.224076694049014,8.55927348705238
일단은,7.664803206996634,16.224076694049014,8.55927348705238
없으시고,7.664803206996634,16.224076694049014,8.55927348705238
인수,7.664803206996634,16.224076694049014,8.55927348705238
일단은 ,7.664803206996634,16.224076694049014,8.55927348705238
 유출,7.664803206996634,16.224076694049014,8.55927348705238
아니요.,7.664803206996634,16.224076694049014,8.55927348705238
 명의로,7.664803206996634,16.224076694049014,8.55927348705238
자분,7.6107652096841605,16.224076694049014,8.613311484364853
 동결,7.6107652096841605,16.224076694049014,8.613311484364853
 이유,7.6107652096841605,16.224076694049014,8.613311484364853
이유,7.6107652096841605,16.224076694049014,8.613311484364853
명의로 ,7.6107652096841605,16.224076694049014,8.613311484364853
 1. ,7.6107652096841605,16.224076694049014,8.613311484364853
동결,7.6107652096841605,16.224076694049014,8.613311484364853
러시,7.6107652096841605,16.224076694049014,8.613311484364853
은.,7.553639456904067,16.224076694049014,8.670437237144947
 범,7.553639456904067,16.224076694049014,8.670437237144947
금융권,7.553639456904067,16.224076694049014,8.670437237144947
은. ,7.553639456904067,16.224076694049014,8.670437237144947
가시,7.553639456904067,16.224076694049014,8.670437237144947
보세요?,7.553639456904067,16.224076694049014,8.670437237144947
사관,7.553639456904067,16.224076694049014,8.670437237144947
농역,7.553639456904067,16.224076694049014,8.670437237144947
융권,7.553639456904067,16.224076694049014,8.670437237144947
받으시,7.553639456904067,16.224076694049014,8.670437237144947
데요 ,7.553639456904067,16.224076694049014,8.670437237144947
보신 ,7.553639456904067,16.224076694049014,8.670437237144947
우는,7.553639456904067,16.224076694049014,8.670437237144947
보신,7.553639456904067,16.224076694049014,8.670437237144947
 농역,7.553639456904067,16.224076694049014,8.670437237144947
분을 ,7.49305157750492,16.224076694049014,8.731025116544094
 동결 ,7.49305157750492,16.224076694049014,8.731025116544094
 범죄,7.49305157750492,16.224076694049014,8.731025116544094
확인을,7.49305157750492,16.224076694049014,8.731025116544094
확인을 ,7.49305157750492,16.224076694049014,8.731025116544094
 금융권,7.49305157750492,16.224076694049014,8.731025116544094
그러시,7.49305157750492,16.224076694049014,8.731025116544094
지검,7.49305157750492,16.224076694049014,8.731025116544094
 받으시,7.49305157750492,16.224076694049014,8.731025116544094
분을,7.49305157750492,16.224076694049014,8.731025116544094
 그러시,7.49305157750492,16.224076694049014,8.731025116544094
동결 ,7.49305157750492,16.224076694049014,8.731025116544094
 간단,7.49305157750492,16.224076694049014,8.731025116544094
 확인을,7.49305157750492,16.224076694049014,8.731025116544094
수사관,7.49305157750492,16.224076694049014,8.731025116544094
 소환,7.49305157750492,16.224076694049014,8.731025116544094
소환,7.49305157750492,16.224076694049014,8.731025116544094
앙지,7.428554696141845,16.22407669404919,8.795521997907347
 금융범,7.428554696141845,16.22407669404919,8.795521997907347
인한,7.428554696141845,16.22407669404919,8.795521997907347
이고요.,7.428554696141845,16.22407669404919,8.795521997907347
되신,7.428554696141845,16.22407669404919,8.795521997907347
조사 ,7.428554696141845,16.22407669404919,8.795521997907347
조사를,7.428554696141845,16.22407669404919,8.795521997907347
금융 ,7.428554696141845,16.22407669404919,8.795521997907347
조사를 ,7.428554696141845,16.22407669404919,8.795521997907347
 양,7.428554696141845,16.22407669404919,8.795521997907347
이요?,7.428554696141845,16.22407669404919,8.795521997907347
금융범,7.428554696141845,16.22407669404919,8.795521997907347
 하셔,7.428554696141845,16.22407669404919,8.795521997907347
되지,7.428554696141845,16.22407669404919,8.795521997907347
행이 ,7.428554696141845,16.22407669404919,8.795521997907347
중앙지,7.428554696141845,16.22407669404919,8.795521997907347
융범,7.428554696141845,16.22407669404919,8.795521997907347
xx,7.428554696141845,16.22407669404919,8.795521997907347
범죄 ,7.428554696141845,16.22407669404919,8.795521997907347
사가,7.428554696141845,16.22407669404919,8.795521997907347
행권,7.428554696141845,16.22407669404919,8.795521997907347
죄 ,7.428554696141845,16.22407669404919,8.795521997907347
이요? ,7.428554696141845,16.22407669404919,8.795521997907347
으시고요,7.428554696141845,16.22407669404919,8.795521997907347
사건에,7.35960941084539,16.22407669404919,8.864467283203801
르는,7.35960941084539,16.22407669404919,8.864467283203801
 쪽으로,7.35960941084539,16.22407669404919,8.864467283203801
사팀,7.35960941084539,16.22407669404919,8.864467283203801
이고 ,7.35960941084539,16.22407669404919,8.864467283203801
러시면 ,7.35960941084539,16.22407669404919,8.864467283203801
러시면,7.35960941084539,16.22407669404919,8.864467283203801
그러시면,7.35960941084539,16.22407669404919,8.864467283203801
사가 ,7.35960941084539,16.22407669404919,8.864467283203801
 피해를,7.35960941084539,16.22407669404919,8.864467283203801
검찰,7.35960941084539,16.22407669404919,8.864467283203801
되시는,7.35960941084539,16.22407669404919,8.864467283203801
건에,7.35960941084539,16.22407669404919,8.864467283203801
라든,7.35960941084539,16.22407669404919,8.864467283203801
 쪽으,7.35960941084539,16.22407669404919,8.864467283203801
이.,7.35960941084539,16.22407669404919,8.864467283203801
 거고 ,7.35960941084539,16.22407669404919,8.864467283203801
 하셨,7.35960941084539,16.22407669404919,8.864467283203801
피해를 ,7.35960941084539,16.22407669404919,8.864467283203801
피해를,7.35960941084539,16.22407669404919,8.864467283203801
단을,7.35960941084539,16.22407669404919,8.864467283203801
아요 ,7.35960941084539,16.22407669404919,8.864467283203801
단을 ,7.35960941084539,16.22407669404919,8.864467283203801
구요,7.35960941084539,16.22407669404919,8.864467283203801
시기,7.35960941084539,16.22407669404919,8.864467283203801
 보시,7.35960941084539,16.22407669404919,8.864467283203801
아니고요,7.35960941084539,16.22407669404919,8.864467283203801
니고요,7.35960941084539,16.22407669404919,8.864467283203801
 수사관,7.35960941084539,16.22407669404919,8.864467283203801
거고 ,7.35960941084539,16.22407669404919,8.864467283203801
성함,7.35960941084539,16.22407669404919,8.864467283203801
냐면,7.285556343020888,16.22407669404919,8.938520351028304
되지 ,7.285556343020888,16.22407669404919,8.938520351028304
검거,7.285556343020888,16.22407669404919,8.938520351028304
 여쭤보,7.285556343020888,16.22407669404919,8.938520351028304
르시,7.285556343020888,16.22407669404919,8.938520351028304
융범죄,7.285556343020888,16.22407669404919,8.938520351028304
아시는,7.285556343020888,16.22407669404919,8.938520351028304
공증,7.285556343020888,16.22407669404919,8.938520351028304
사건이,7.285556343020888,16.22407669404919,8.938520351028304
으시면,7.285556343020888,16.22407669404919,8.938520351028304
 녹취 ,7.285556343020888,16.22407669404919,8.938520351028304
으시면 ,7.285556343020888,16.22407669404919,8.938520351028304
분은,7.285556343020888,16.22407669404919,8.938520351028304
 말씀 ,7.285556343020888,16.22407669404919,8.938520351028304
경찰,7.285556343020888,16.22407669404919,8.938520351028304
녹취 ,7.285556343020888,16.22407669404919,8.938520351028304
 서울중,7.285556343020888,16.22407669404919,8.938520351028304
니고요.,7.285556343020888,16.22407669404919,8.938520351028304
취 ,7.285556343020888,16.22407669404919,8.938520351028304
 모르는,7.285556343020888,16.22407669404919,8.938520351028304
금융범죄,7.285556343020888,16.22407669404919,8.938520351028304
부분을,7.285556343020888,16.22407669404919,8.938520351028304
부분을 ,7.285556343020888,16.22407669404919,8.938520351028304
 성함,7.285556343020888,16.22407669404919,8.938520351028304
부분이 ,7.285556343020888,16.22407669404919,8.938520351028304
이. ,7.285556343020888,16.22407669404919,8.938520351028304
기를,7.285556343020888,16.22407669404919,8.938520351028304
씀 ,7.285556343020888,16.22407669404919,8.938520351028304
시기 ,7.285556343020888,16.22407669404919,8.938520351028304
쭤보,7.285556343020888,16.22407669404919,8.938520351028304
께서는 ,7.285556343020888,16.22407669404919,8.938520351028304
 적 ,7.285556343020888,16.22407669404919,8.938520351028304
께서는,7.285556343020888,16.22407669404919,8.938520351028304
도용,7.285556343020888,16.22407669404919,8.938520351028304
 아시는,7.285556343020888,16.22407669404919,8.938520351028304
 금융 ,7.285556343020888,16.22407669404919,8.938520351028304
 검거,7.285556343020888,16.22407669404919,8.938520351028304
되시는 ,7.285556343020888,16.22407669404919,8.938520351028304
시지,7.285556343020888,16.22407669404919,8.938520351028304
모르는,7.285556343020888,16.22407669404919,8.938520351028304
말씀 ,7.285556343020888,16.22407669404919,8.938520351028304
행을 ,7.285556343020888,16.22407669404919,8.938520351028304
 조사 ,7.285556343020888,16.22407669404919,8.938520351028304
 조사를,7.285556343020888,16.22407669404919,8.938520351028304
여쭤보,7.285556343020888,16.22407669404919,8.938520351028304
행을,7.285556343020888,16.22407669404919,8.938520351028304
울중,7.285556343020888,16.22407669404919,8.938520351028304
서울중앙,7.285556343020888,16.22407669404919,8.938520351028304
신다고,7.285556343020888,16.22407669404919,8.938520351028304
울중앙,7.285556343020888,16.22407669404919,8.938520351028304
울중앙지,7.285556343020888,16.22407669404919,8.938520351028304
서울중,7.285556343020888,16.22407669404919,8.938520351028304
에요 ,7.285556343020888,16.22407669404919,8.938520351028304
사기 ,7.285556343020888,16.22407669404919,8.938520351028304
건에 ,7.2055776865883665,16.22407669404919,9.018499007460825
잖아요 ,7.2055776865883665,16.22407669404919,9.018499007460825
셨다,7.2055776865883665,16.22407669404919,9.018499007460825
는데요 ,7.2055776865883665,16.22407669404919,9.018499007460825
입니다 ,7.2055776865883665,16.22407669404919,9.018499007460825
사건에 ,7.2055776865883665,16.22407669404919,9.018499007460825
객님이,7.2055776865883665,16.22407669404919,9.018499007460825
 된다,7.2055776865883665,16.22407669404919,9.018499007460825
 양도,7.2055776865883665,16.22407669404919,9.018499007460825
대포 ,7.2055776865883665,16.22407669404919,9.018499007460825
 대포 ,7.2055776865883665,16.22407669404919,9.018499007460825
김영,7.2055776865883665,16.22407669404919,9.018499007460825
전화하,7.2055776865883665,16.22407669404919,9.018499007460825
 김영,7.2055776865883665,16.22407669404919,9.018499007460825
기를 ,7.2055776865883665,16.22407669404919,9.018499007460825
경우는,7.2055776865883665,16.22407669404919,9.018499007460825
 경우는,7.2055776865883665,16.22407669404919,9.018499007460825
 부분을,7.2055776865883665,16.22407669404919,9.018499007460825
아시는 ,7.2055776865883665,16.22407669404919,9.018499007460825
고객님이,7.2055776865883665,16.22407669404919,9.018499007460825
 발견되,7.2055776865883665,16.22407669404919,9.018499007460825
 자 ,7.2055776865883665,16.22407669404919,9.018499007460825
발견되,7.2055776865883665,16.22407669404919,9.018499007460825
견되,7.2055776865883665,16.22407669404919,9.018499007460825
 x,7.2055776865883665,16.22407669404919,9.018499007460825
 공증,7.2055776865883665,16.22407669404919,9.018499007460825
양도,7.2055776865883665,16.22407669404919,9.018499007460825
 사건이,7.2055776865883665,16.22407669404919,9.018499007460825
분은 ,7.2055776865883665,16.22407669404919,9.018499007460825
왜냐,7.2055776865883665,16.22407669404919,9.018499007460825
 전화하,7.2055776865883665,16.22407669404919,9.018499007460825
 xx,7.2055776865883665,16.22407669404919,9.018499007460825
 왜냐,7.2055776865883665,16.22407669404919,9.018499007460825
예 ,7.2055776865883665,16.22407669404919,9.018499007460825
우는 ,7.2055776865883665,16.22407669404919,9.018499007460825
 사건에,7.2055776865883665,16.22407669404919,9.018499007460825
모르는 ,7.118642001231063,16.22407669404919,9.105434692818129
거를 ,7.118642001231063,16.22407669404919,9.105434692818129
쪽에 ,7.118642001231063,16.22407669404919,9.105434692818129
 끊으,7.118642001231063,16.22407669404919,9.105434692818129
 하시면,7.118642001231063,16.22407669404919,9.105434692818129
겁니다 ,7.118642001231063,16.22407669404919,9.105434692818129
비용,7.118642001231063,16.22407669404919,9.105434692818129
객님이 ,7.118642001231063,16.22407669404919,9.105434692818129
중앙지검,7.118642001231063,16.22407669404919,9.105434692818129
모르시,7.118642001231063,16.22407669404919,9.105434692818129
진행이 ,7.118642001231063,16.22407669404919,9.105434692818129
진행이,7.118642001231063,16.22407669404919,9.105434692818129
 판매하,7.118642001231063,16.22407669404919,9.105434692818129
" 예,",7.118642001231063,16.22407669404919,9.105434692818129
" 예, ",7.118642001231063,16.22407669404919,9.105434692818129
거를,7.118642001231063,16.22407669404919,9.105434692818129
 되시는,7.118642001231063,16.22407669404919,9.105434692818129
끊으,7.118642001231063,16.22407669404919,9.105434692818129
받으셔,7.118642001231063,16.22407669404919,9.105434692818129
판매하,7.118642001231063,16.22407669404919,9.105434692818129
"예,",7.118642001231063,16.22407669404919,9.105434692818129
있으시,7.118642001231063,16.22407669404919,9.105434692818129
환장,7.118642001231063,16.22407669404919,9.105434692818129
"예, ",7.118642001231063,16.22407669404919,9.105434692818129
르는 ,7.118642001231063,16.22407669404919,9.105434692818129
 모르시,7.118642001231063,16.22407669404919,9.105434692818129
수사팀,7.118642001231063,16.22407669404919,9.105434692818129
단하,7.118642001231063,16.22407669404919,9.105434692818129
라고요?,7.118642001231063,16.22407669404919,9.105434692818129
유가 ,7.118642001231063,16.22407669404919,9.105434692818129
유가,7.118642001231063,16.22407669404919,9.105434692818129
 받으셔,7.118642001231063,16.22407669404919,9.105434692818129
으셔야,7.118642001231063,16.22407669404919,9.105434692818129
인께서는,7.118642001231063,16.22407669404919,9.105434692818129
 이.,7.118642001231063,16.22407669404919,9.105434692818129
앙지검,7.118642001231063,16.22407669404919,9.105434692818129
소환장,7.118642001231063,16.22407669404919,9.105434692818129
 이. ,7.118642001231063,16.22407669404919,9.105434692818129
경우는 ,7.118642001231063,16.22407669404919,9.105434692818129
 소환장,7.118642001231063,16.22407669404919,9.105434692818129
 진행이,7.118642001231063,16.22407669404919,9.105434692818129
하나 ,7.118642001231063,16.22407669404919,9.105434692818129
셨어요?,7.023422643823604,16.22407669404919,9.200654050225587
피해 ,7.023422643823604,16.22407669404919,9.200654050225587
 남성,7.023422643823604,16.22407669404919,9.200654050225587
냐면 ,7.023422643823604,16.22407669404919,9.200654050225587
씨 ,7.023422643823604,16.22407669404919,9.200654050225587
셨습니까,7.023422643823604,16.22407669404919,9.200654050225587
중요한,7.023422643823604,16.22407669404919,9.200654050225587
씀하세요,7.023422643823604,16.22407669404919,9.200654050225587
 혐,7.023422643823604,16.22407669404919,9.200654050225587
남성,7.023422643823604,16.22407669404919,9.200654050225587
 혐의,7.023422643823604,16.22407669404919,9.200654050225587
 되신,7.023422643823604,16.22407669404919,9.200654050225587
셨고,7.023422643823604,16.22407669404919,9.200654050225587
중요한 ,7.023422643823604,16.22407669404919,9.200654050225587
 간단하,7.023422643823604,16.22407669404919,9.200654050225587
중요,7.023422643823604,16.22407669404919,9.200654050225587
발견이,7.023422643823604,16.22407669404919,9.200654050225587
 입증을,7.023422643823604,16.22407669404919,9.200654050225587
 있기 ,7.023422643823604,16.22407669404919,9.200654050225587
나오시,7.023422643823604,16.22407669404919,9.200654050225587
단하게 ,7.023422643823604,16.22407669404919,9.200654050225587
자인지,7.023422643823604,16.22407669404919,9.200654050225587
내용이,7.023422643823604,16.22407669404919,9.200654050225587
견이 ,7.023422643823604,16.22407669404919,9.200654050225587
단하게,7.023422643823604,16.22407669404919,9.200654050225587
견이,7.023422643823604,16.22407669404919,9.200654050225587
 나오시,7.023422643823604,16.22407669404919,9.200654050225587
 있으시,7.023422643823604,16.22407669404919,9.200654050225587
 사기 ,7.023422643823604,16.22407669404919,9.200654050225587
 일당,7.023422643823604,16.22407669404919,9.200654050225587
 인해,7.023422643823604,16.22407669404919,9.200654050225587
점에서,7.023422643823604,16.22407669404919,9.200654050225587
어가시,7.023422643823604,16.22407669404919,9.200654050225587
발견이 ,7.023422643823604,16.22407669404919,9.200654050225587
 비용,7.023422643823604,16.22407669404919,9.200654050225587
 검찰,7.023422643823604,16.22407669404919,9.200654050225587
씀하세,7.023422643823604,16.22407669404919,9.200654050225587
겁니까,7.023422643823604,16.22407669404919,9.200654050225587
진행을 ,7.023422643823604,16.22407669404919,9.200654050225587
인한테 ,7.023422643823604,16.22407669404919,9.200654050225587
인한테,7.023422643823604,16.22407669404919,9.200654050225587
혐의,7.023422643823604,16.22407669404919,9.200654050225587
해자인지,7.023422643823604,16.22407669404919,9.200654050225587
 내용이,7.023422643823604,16.22407669404919,9.200654050225587
 발견이,7.023422643823604,16.22407669404919,9.200654050225587
 경찰,7.023422643823604,16.22407669404919,9.200654050225587
"1,",7.023422643823604,16.22407669404919,9.200654050225587
신데,7.023422643823604,16.22407669404919,9.200654050225587
찰청,7.023422643823604,16.22407669404919,9.200654050225587
일당,7.023422643823604,16.22407669404919,9.200654050225587
 아.,7.023422643823604,16.22407669404919,9.200654050225587
 뭔,7.023422643823604,16.22407669404919,9.200654050225587
렸는데 ,7.023422643823604,16.22407669404919,9.200654050225587
 중요,7.023422643823604,16.22407669404919,9.200654050225587
 중요한,7.023422643823604,16.22407669404919,9.200654050225587
신지,7.023422643823604,16.22407669404919,9.200654050225587
 공인 ,7.023422643823604,16.22407669404919,9.200654050225587
들어가시,7.023422643823604,16.22407669404919,9.200654050225587
신문,7.023422643823604,16.22407669404919,9.200654050225587
 진행을,7.023422643823604,16.22407669404919,9.200654050225587
해자인,7.023422643823604,16.22407669404919,9.200654050225587
말씀하세,7.023422643823604,16.22407669404919,9.200654050225587
진행을,7.023422643823604,16.22407669404919,9.200654050225587
입증을,7.023422643823604,16.22407669404919,9.200654050225587
나오셔,7.023422643823604,16.22407669404919,9.200654050225587
 쪽에 ,7.023422643823604,16.22407669404919,9.200654050225587
간단하,7.023422643823604,16.22407669404919,9.200654050225587
팀 ,7.023422643823604,16.22407669404919,9.200654050225587
 겁니까,7.023422643823604,16.22407669404919,9.200654050225587
 피해 ,7.023422643823604,16.22407669404919,9.200654050225587
있기 ,7.023422643823604,16.22407669404919,9.200654050225587
있고요,7.023422643823604,16.22407669404919,9.200654050225587
입증을 ,7.023422643823604,16.22407669404919,9.200654050225587
간단하게,7.023422643823604,16.22407669404919,9.200654050225587
권에 ,7.023422643823604,16.22407669404919,9.200654050225587
 신문,7.023422643823604,16.22407669404919,9.200654050225587
입니까,7.023422643823604,16.22407669404919,9.200654050225587
인적으,6.9181731221167215,16.22407669404919,9.30590357193247
 되지,6.9181731221167215,16.22407669404919,9.30590357193247
 캐,6.9181731221167215,16.22407669404919,9.30590357193247
이에요 ,6.9181731221167215,16.22407669404919,9.30590357193247
얘기를 ,6.9181731221167215,16.22407669404919,9.30590357193247
얘기를,6.9181731221167215,16.22407669404919,9.30590357193247
 하나 ,6.9181731221167215,16.22407669404919,9.30590357193247
이시고,6.9181731221167215,16.22407669404919,9.30590357193247
 모른,6.9181731221167215,16.22407669404919,9.30590357193247
본인한,6.9181731221167215,16.22407669404919,9.30590357193247
이기 ,6.9181731221167215,16.22407669404919,9.30590357193247
본인한테,6.9181731221167215,16.22407669404919,9.30590357193247
이기,6.9181731221167215,16.22407669404919,9.30590357193247
은행권,6.9181731221167215,16.22407669404919,9.30590357193247
량 ,6.9181731221167215,16.22407669404919,9.30590357193247
부분은,6.9181731221167215,16.22407669404919,9.30590357193247
능하십니,6.9181731221167215,16.22407669404919,9.30590357193247
 본인한,6.9181731221167215,16.22407669404919,9.30590357193247
않습,6.9181731221167215,16.22407669404919,9.30590357193247
않습니,6.9181731221167215,16.22407669404919,9.30590357193247
 부분은,6.9181731221167215,16.22407669404919,9.30590357193247
능하십,6.9181731221167215,16.22407669404919,9.30590357193247
 않습,6.9181731221167215,16.22407669404919,9.30590357193247
 이유가,6.9181731221167215,16.22407669404919,9.30590357193247
인적으로,6.9181731221167215,16.22407669404919,9.30590357193247
실하,6.9181731221167215,16.22407669404919,9.30590357193247
작업,6.9181731221167215,16.22407669404919,9.30590357193247
되신 ,6.9181731221167215,16.22407669404919,9.30590357193247
대략,6.9181731221167215,16.22407669404919,9.30590357193247
사기단,6.9181731221167215,16.22407669404919,9.30590357193247
 있고요,6.9181731221167215,16.22407669404919,9.30590357193247
 않습니,6.9181731221167215,16.22407669404919,9.30590357193247
 절,6.9181731221167215,16.22407669404919,9.30590357193247
아니요 ,6.9181731221167215,16.22407669404919,9.30590357193247
 적은,6.9181731221167215,16.22407669404919,9.30590357193247
 얘기를,6.9181731221167215,16.22407669404919,9.30590357193247
자금이,6.9181731221167215,16.22407669404919,9.30590357193247
으셔야 ,6.9181731221167215,16.22407669404919,9.30590357193247
되시고요,6.9181731221167215,16.22407669404919,9.30590357193247
 대략,6.9181731221167215,16.22407669404919,9.30590357193247
되시고,6.9181731221167215,16.22407669404919,9.30590357193247
받으셔야,6.9181731221167215,16.22407669404919,9.30590357193247
시니까,6.9181731221167215,16.22407669404919,9.30590357193247
모른,6.9181731221167215,16.22407669404919,9.30590357193247
으세요.,6.9181731221167215,16.22407669404919,9.30590357193247
이유가 ,6.9181731221167215,16.22407669404919,9.30590357193247
이유가,6.9181731221167215,16.22407669404919,9.30590357193247
니요 ,6.9181731221167215,16.22407669404919,9.30590357193247
 씨 ,6.9181731221167215,16.22407669404919,9.30590357193247
셨는,6.9181731221167215,16.22407669404919,9.30590357193247
500만,6.9181731221167215,16.22407669404919,9.30590357193247
권이,6.9181731221167215,16.22407669404919,9.30590357193247
3자,6.9181731221167215,16.22407669404919,9.30590357193247
행복,6.9181731221167215,16.22407669404919,9.30590357193247
건을,6.9181731221167215,16.22407669404919,9.30590357193247
 나오셔,6.9181731221167215,16.22407669404919,9.30590357193247
건을 ,6.9181731221167215,16.22407669404919,9.30590357193247
포통,6.9181731221167215,16.22407669404919,9.30590357193247
 q,6.9181731221167215,16.22407669404919,9.30590357193247
관계,6.9181731221167215,16.22407669404919,9.30590357193247
해드릴 ,6.9181731221167215,16.22407669404919,9.30590357193247
개인적으,6.9181731221167215,16.22407669404919,9.30590357193247
0명,6.9181731221167215,16.22407669404919,9.30590357193247
기단,6.9181731221167215,16.22407669404919,9.30590357193247
015,6.9181731221167215,16.22407669404919,9.30590357193247
가능하십,6.9181731221167215,16.22407669404919,9.30590357193247
추적,6.800528811576742,16.22407669404919,9.42354788247245
천만,6.800528811576742,16.22407669404919,9.42354788247245
실이,6.800528811576742,16.22407669404919,9.42354788247245
청구,6.800528811576742,16.22407669404919,9.42354788247245
에.,6.800528811576742,16.22407669404919,9.42354788247245
 되시고,6.800528811576742,16.22407669404919,9.42354788247245
겁니까?,6.800528811576742,16.22407669404919,9.42354788247245
 있잖아,6.800528811576742,16.22407669404919,9.42354788247245
"금,",6.800528811576742,16.22407669404919,9.42354788247245
 외,6.800528811576742,16.22407669404919,9.42354788247245
해자분,6.800528811576742,16.22407669404919,9.42354788247245
 청구,6.800528811576742,16.22407669404919,9.42354788247245
 분실,6.800528811576742,16.22407669404919,9.42354788247245
해자가 ,6.800528811576742,16.22407669404919,9.42354788247245
 되지 ,6.800528811576742,16.22407669404919,9.42354788247245
 하나는,6.800528811576742,16.22407669404919,9.42354788247245
해자가,6.800528811576742,16.22407669404919,9.42354788247245
나오셨,6.800528811576742,16.22407669404919,9.42354788247245
씀드렸,6.800528811576742,16.22407669404919,9.42354788247245
가해자,6.800528811576742,16.22407669404919,9.42354788247245
있잖,6.800528811576742,16.22407669404919,9.42354788247245
에. ,6.800528811576742,16.22407669404919,9.42354788247245
있잖아,6.800528811576742,16.22407669404919,9.42354788247245
자산,6.800528811576742,16.22407669404919,9.42354788247245
장에 ,6.800528811576742,16.22407669404919,9.42354788247245
 작업,6.800528811576742,16.22407669404919,9.42354788247245
구요 ,6.800528811576742,16.22407669404919,9.42354788247245
태로 ,6.800528811576742,16.22407669404919,9.42354788247245
시지 ,6.800528811576742,16.22407669404919,9.42354788247245
피해자인,6.800528811576742,16.22407669404919,9.42354788247245
자인지 ,6.800528811576742,16.22407669404919,9.42354788247245
신다고 ,6.800528811576742,16.22407669404919,9.42354788247245
 김 ,6.800528811576742,16.22407669404919,9.42354788247245
하나는 ,6.800528811576742,16.22407669404919,9.42354788247245
하나는,6.800528811576742,16.22407669404919,9.42354788247245
행복기,6.800528811576742,16.22407669404919,9.42354788247245
 창,6.800528811576742,16.22407669404919,9.42354788247245
대포통,6.800528811576742,16.22407669404919,9.42354788247245
태로,6.800528811576742,16.22407669404919,9.42354788247245
이라든,6.800528811576742,16.22407669404919,9.42354788247245
 이쪽,6.800528811576742,16.22407669404919,9.42354788247245
 계좌는,6.800528811576742,16.22407669404919,9.42354788247245
"금, ",6.800528811576742,16.22407669404919,9.42354788247245
복기,6.800528811576742,16.22407669404919,9.42354788247245
가해,6.800528811576742,16.22407669404919,9.42354788247245
라든지 ,6.800528811576742,16.22407669404919,9.42354788247245
않습니까,6.800528811576742,16.22407669404919,9.42354788247245
김 ,6.800528811576742,16.22407669404919,9.42354788247245
 입증 ,6.800528811576742,16.22407669404919,9.42354788247245
없는데요,6.800528811576742,16.22407669404919,9.42354788247245
가실,6.800528811576742,16.22407669404919,9.42354788247245
 직원,6.800528811576742,16.22407669404919,9.42354788247245
부분은 ,6.800528811576742,16.22407669404919,9.42354788247245
 설정,6.800528811576742,16.22407669404919,9.42354788247245
이쪽,6.800528811576742,16.22407669404919,9.42354788247245
공무,6.800528811576742,16.22407669404919,9.42354788247245
계좌는 ,6.800528811576742,16.22407669404919,9.42354788247245
보셨,6.800528811576742,16.22407669404919,9.42354788247245
계좌는,6.800528811576742,16.22407669404919,9.42354788247245
천 ,6.800528811576742,16.22407669404919,9.42354788247245
이십니까,6.800528811576742,16.22407669404919,9.42354788247245
이십니,6.800528811576742,16.22407669404919,9.42354788247245
이십,6.800528811576742,16.22407669404919,9.42354788247245
이세요?,6.800528811576742,16.22407669404919,9.42354788247245
고인,6.800528811576742,16.22407669404919,9.42354788247245
되시면,6.800528811576742,16.22407669404919,9.42354788247245
있고요.,6.800528811576742,16.22407669404919,9.42354788247245
직원,6.800528811576742,16.22407669404919,9.42354788247245
2015,6.800528811576742,16.22407669404919,9.42354788247245
으시는,6.800528811576742,16.22407669404919,9.42354788247245
 공무,6.800528811576742,16.22407669404919,9.42354788247245
되기,6.800528811576742,16.22407669404919,9.42354788247245
되기 ,6.800528811576742,16.22407669404919,9.42354788247245
형 ,6.800528811576742,16.22407669404919,9.42354788247245
입증 ,6.800528811576742,16.22407669404919,9.42354788247245
 상태로,6.800528811576742,16.22407669404919,9.42354788247245
1차,6.800528811576742,16.22407669404919,9.42354788247245
 가해자,6.800528811576742,16.22407669404919,9.42354788247245
입니까?,6.800528811576742,16.22407669404919,9.42354788247245
분실,6.800528811576742,16.22407669404919,9.42354788247245
라든지,6.800528811576742,16.22407669404919,9.42354788247245
1월,6.800528811576742,16.22407669404919,9.42354788247245
인해서 ,6.800528811576742,16.22407669404919,9.42354788247245
인해서,6.800528811576742,16.22407669404919,9.42354788247245
 가해,6.800528811576742,16.22407669404919,9.42354788247245
 은행권,6.800528811576742,16.22407669404919,9.42354788247245
말씀드렸,6.800528811576742,16.22407669404919,9.42354788247245
 있잖,6.800528811576742,16.22407669404919,9.42354788247245
소리,6.800528811576742,16.22407669404919,9.42354788247245
 정확하,6.800528811576742,16.22407669404919,9.42354788247245
오셨,6.800528811576742,16.22407669404919,9.42354788247245
설된 ,6.800528811576742,16.22407669404919,9.42354788247245
 녹음,6.800528811576742,16.22407669404919,9.42354788247245
상태로,6.800528811576742,16.22407669404919,9.42354788247245
상태로 ,6.800528811576742,16.22407669404919,9.42354788247245
포통장,6.800528811576742,16.22407669404919,9.42354788247245
팀장님,6.800528811576742,16.22407669404919,9.42354788247245
군행,6.800528811576742,16.22407669404919,9.42354788247245
서. ,6.800528811576742,16.22407669404919,9.42354788247245
 행복기,6.800528811576742,16.22407669404919,9.42354788247245
설된,6.800528811576742,16.22407669404919,9.42354788247245
서.,6.800528811576742,16.22407669404919,9.42354788247245
 황,6.800528811576742,16.22407669404919,9.42354788247245
 행복,6.800528811576742,16.22407669404919,9.42354788247245
 나오셨,6.800528811576742,16.22407669404919,9.42354788247245
확인이,6.800528811576742,16.22407669404919,9.42354788247245
점에서 ,6.800528811576742,16.22407669404919,9.42354788247245
 보신 ,6.800528811576742,16.22407669404919,9.42354788247245
설정,6.800528811576742,16.22407669404919,9.42354788247245
녹음,6.800528811576742,16.22407669404919,9.42354788247245
확인이 ,6.800528811576742,16.22407669404919,9.42354788247245
 보신,6.800528811576742,16.22407669404919,9.42354788247245
 확인이,6.800528811576742,16.22407669404919,9.42354788247245
좌는 ,6.800528811576742,16.22407669404919,9.42354788247245
정확하게,6.800528811576742,16.22407669404919,9.42354788247245
정확하,6.800528811576742,16.22407669404919,9.42354788247245
팀장,6.800528811576742,16.22407669404919,9.42354788247245
 대포통,6.800528811576742,16.22407669404919,9.42354788247245
습니까 ,6.800528811576742,16.22407669404919,9.42354788247245
 적은 ,6.800528811576742,16.22407669404919,9.42354788247245
 1차,6.800528811576742,16.22407669404919,9.42354788247245
좌는,6.800528811576742,16.22407669404919,9.42354788247245
되니까,6.667175751542972,16.22407669404919,9.55690094250622
하시지,6.667175751542972,16.22407669404919,9.55690094250622
네네. ,6.667175751542972,16.22407669404919,9.55690094250622
시라고,6.667175751542972,16.22407669404919,9.55690094250622
 관계,6.667175751542972,16.22407669404919,9.55690094250622
 수사팀,6.667175751542972,16.22407669404919,9.55690094250622
되시면 ,6.667175751542972,16.22407669404919,9.55690094250622
되겠습,6.667175751542972,16.22407669404919,9.55690094250622
년생,6.667175751542972,16.22407669404919,9.55690094250622
해가 ,6.667175751542972,16.22407669404919,9.55690094250622
가실 ,6.667175751542972,16.22407669404919,9.55690094250622
 농업,6.667175751542972,16.22407669404919,9.55690094250622
차적,6.667175751542972,16.22407669404919,9.55690094250622
농업,6.667175751542972,16.22407669404919,9.55690094250622
공증서,6.667175751542972,16.22407669404919,9.55690094250622
설이 ,6.667175751542972,16.22407669404919,9.55690094250622
 들어보,6.667175751542972,16.22407669404919,9.55690094250622
선은 ,6.667175751542972,16.22407669404919,9.55690094250622
공증서 ,6.667175751542972,16.22407669404919,9.55690094250622
되니,6.667175751542972,16.22407669404919,9.55690094250622
경기,6.667175751542972,16.22407669404919,9.55690094250622
셨는데,6.667175751542972,16.22407669404919,9.55690094250622
 유선,6.667175751542972,16.22407669404919,9.55690094250622
선은,6.667175751542972,16.22407669404919,9.55690094250622
 증거자,6.667175751542972,16.22407669404919,9.55690094250622
 유출이,6.667175751542972,16.22407669404919,9.55690094250622
전선,6.667175751542972,16.22407669404919,9.55690094250622
아닙니까,6.667175751542972,16.22407669404919,9.55690094250622
 팀,6.667175751542972,16.22407669404919,9.55690094250622
니에요.,6.667175751542972,16.22407669404919,9.55690094250622
으실,6.667175751542972,16.22407669404919,9.55690094250622
설이,6.667175751542972,16.22407669404919,9.55690094250622
김인수 ,6.667175751542972,16.22407669404919,9.55690094250622
시만요 ,6.667175751542972,16.22407669404919,9.55690094250622
 어디에,6.667175751542972,16.22407669404919,9.55690094250622
인수 ,6.667175751542972,16.22407669404919,9.55690094250622
세 ,6.667175751542972,16.22407669404919,9.55690094250622
 출신,6.667175751542972,16.22407669404919,9.55690094250622
드폰 ,6.667175751542972,16.22407669404919,9.55690094250622
든가,6.667175751542972,16.22407669404919,9.55690094250622
든가 ,6.667175751542972,16.22407669404919,9.55690094250622
 추적 ,6.667175751542972,16.22407669404919,9.55690094250622
 추적,6.667175751542972,16.22407669404919,9.55690094250622
추적 ,6.667175751542972,16.22407669404919,9.55690094250622
통장에,6.667175751542972,16.22407669404919,9.55690094250622
 전선,6.667175751542972,16.22407669404919,9.55690094250622
 범죄 ,6.667175751542972,16.22407669404919,9.55690094250622
권고,6.667175751542972,16.22407669404919,9.55690094250622
복기금,6.667175751542972,16.22407669404919,9.55690094250622
들어보,6.667175751542972,16.22407669404919,9.55690094250622
외에,6.667175751542972,16.22407669404919,9.55690094250622
왜냐하면,6.667175751542972,16.22407669404919,9.55690094250622
" 1,",6.667175751542972,16.22407669404919,9.55690094250622
 이유는,6.667175751542972,16.22407669404919,9.55690094250622
권에서 ,6.667175751542972,16.22407669404919,9.55690094250622
디에,6.667175751542972,16.22407669404919,9.55690094250622
왜냐하,6.667175751542972,16.22407669404919,9.55690094250622
셨고요,6.667175751542972,16.22407669404919,9.55690094250622
어디에,6.667175751542972,16.22407669404919,9.55690094250622
14,6.667175751542972,16.22407669404919,9.55690094250622
 군,6.667175751542972,16.22407669404919,9.55690094250622
 개설된,6.667175751542972,16.22407669404919,9.55690094250622
보를,6.667175751542972,16.22407669404919,9.55690094250622
 인해서,6.667175751542972,16.22407669404919,9.55690094250622
인님,6.667175751542972,16.22407669404919,9.55690094250622
출신,6.667175751542972,16.22407669404919,9.55690094250622
우선은 ,6.667175751542972,16.22407669404919,9.55690094250622
찰서,6.667175751542972,16.22407669404919,9.55690094250622
되십,6.667175751542972,16.22407669404919,9.55690094250622
되십니,6.667175751542972,16.22407669404919,9.55690094250622
이파이,6.667175751542972,16.22407669404919,9.55690094250622
이파,6.667175751542972,16.22407669404919,9.55690094250622
가시는 ,6.667175751542972,16.22407669404919,9.55690094250622
 명의도,6.667175751542972,16.22407669404919,9.55690094250622
기금,6.667175751542972,16.22407669404919,9.55690094250622
가시는,6.667175751542972,16.22407669404919,9.55690094250622
이유는,6.667175751542972,16.22407669404919,9.55690094250622
됩니다 ,6.667175751542972,16.22407669404919,9.55690094250622
경찰서,6.667175751542972,16.22407669404919,9.55690094250622
 권고,6.667175751542972,16.22407669404919,9.55690094250622
 사람 ,6.667175751542972,16.22407669404919,9.55690094250622
와이,6.667175751542972,16.22407669404919,9.55690094250622
명의도,6.667175751542972,16.22407669404919,9.55690094250622
본인은 ,6.667175751542972,16.22407669404919,9.55690094250622
와이파,6.667175751542972,16.22407669404919,9.55690094250622
본인은,6.667175751542972,16.22407669404919,9.55690094250622
와이파이,6.667175751542972,16.22407669404919,9.55690094250622
우선은,6.667175751542972,16.22407669404919,9.55690094250622
되겠습니,6.667175751542972,16.22407669404919,9.55690094250622
됐고,6.667175751542972,16.22407669404919,9.55690094250622
지검 ,6.667175751542972,16.22407669404919,9.55690094250622
행권에,6.667175751542972,16.22407669404919,9.55690094250622
유출이,6.667175751542972,16.22407669404919,9.55690094250622
증거자,6.667175751542972,16.22407669404919,9.55690094250622
 경찰서,6.667175751542972,16.22407669404919,9.55690094250622
대포통장,6.667175751542972,16.22407669404919,9.55690094250622
대해 ,6.667175751542972,16.22407669404919,9.55690094250622
 되겠습,6.667175751542972,16.22407669404919,9.55690094250622
뭐.,6.667175751542972,16.22407669404919,9.55690094250622
 대량,6.667175751542972,16.22407669404919,9.55690094250622
 드리고,6.667175751542972,16.22407669404919,9.55690094250622
있잖아요,6.667175751542972,16.22407669404919,9.55690094250622
거니까 ,6.667175751542972,16.22407669404919,9.55690094250622
 되니,6.667175751542972,16.22407669404919,9.55690094250622
 되니까,6.667175751542972,16.22407669404919,9.55690094250622
 뭐.,6.667175751542972,16.22407669404919,9.55690094250622
 당하,6.667175751542972,16.22407669404919,9.55690094250622
납 ,6.667175751542972,16.22407669404919,9.55690094250622
있으십니,6.667175751542972,16.22407669404919,9.55690094250622
개설된,6.667175751542972,16.22407669404919,9.55690094250622
행복기금,6.667175751542972,16.22407669404919,9.55690094250622
 끊어,6.667175751542972,16.22407669404919,9.55690094250622
유선,6.667175751542972,16.22407669404919,9.55690094250622
피해자가,6.667175751542972,16.22407669404919,9.55690094250622
시오 ,6.667175751542972,16.22407669404919,9.55690094250622
사용하고,6.667175751542972,16.22407669404919,9.55690094250622
시니까 ,6.667175751542972,16.22407669404919,9.55690094250622
 대해 ,6.667175751542972,16.22407669404919,9.55690094250622
내용이 ,6.667175751542972,16.22407669404919,9.55690094250622
 도용,6.667175751542972,16.22407669404919,9.55690094250622
사람 ,6.667175751542972,16.22407669404919,9.55690094250622
 본인은,6.667175751542972,16.22407669404919,9.55690094250622
대량,6.667175751542972,16.22407669404919,9.55690094250622
자분들,6.667175751542972,16.22407669404919,9.55690094250622
만요 ,6.667175751542972,16.22407669404919,9.55690094250622
거자,6.667175751542972,16.22407669404919,9.55690094250622
냐하,6.667175751542972,16.22407669404919,9.55690094250622
위 ,6.667175751542972,16.22407669404919,9.55690094250622
 자산,6.667175751542972,16.22407669404919,9.55690094250622
 자금이,6.667175751542972,16.22407669404919,9.55690094250622
냐하면,6.667175751542972,16.22407669404919,9.55690094250622
유는,6.667175751542972,16.22407669404919,9.55690094250622
 왜냐하,6.667175751542972,16.22407669404919,9.55690094250622
신지 ,6.667175751542972,16.22407669404919,9.55690094250622
 용,6.667175751542972,16.22407669404919,9.55690094250622
시겠죠,6.667175751542972,16.22407669404919,9.55690094250622
닙니까,6.667175751542972,16.22407669404919,9.55690094250622
네네.,6.667175751542972,16.22407669404919,9.55690094250622
끊어,6.667175751542972,16.22407669404919,9.55690094250622
있습니까,6.667175751542972,16.22407669404919,9.55690094250622
 우선은,6.667175751542972,16.22407669404919,9.55690094250622
지점에,6.667175751542972,16.22407669404919,9.55690094250622
개설된 ,6.667175751542972,16.22407669404919,9.55690094250622
 경기,6.667175751542972,16.22407669404919,9.55690094250622
십시오 ,6.667175751542972,16.22407669404919,9.55690094250622
운영하,6.667175751542972,16.22407669404919,9.55690094250622
지점에서,6.667175751542972,16.22407669404919,9.55690094250622
 되십니,6.667175751542972,16.22407669404919,9.55690094250622
핸드폰 ,6.667175751542972,16.22407669404919,9.55690094250622
 고인,6.667175751542972,16.22407669404919,9.55690094250622
 운영하,6.667175751542972,16.22407669404919,9.55690094250622
 되십,6.667175751542972,16.22407669404919,9.55690094250622
있으십,6.667175751542972,16.22407669404919,9.55690094250622
분이고,6.667175751542972,16.22407669404919,9.55690094250622
렸고요,6.51326279904359,16.22407669404919,9.710813895005602
렸고,6.51326279904359,16.22407669404919,9.710813895005602
 계절,6.51326279904359,16.22407669404919,9.710813895005602
3개,6.51326279904359,16.22407669404919,9.710813895005602
러주,6.51326279904359,16.22407669404919,9.710813895005602
르시는 ,6.51326279904359,16.22407669404919,9.710813895005602
러한 ,6.51326279904359,16.22407669404919,9.710813895005602
 불가,6.51326279904359,16.22407669404919,9.710813895005602
용되,6.51326279904359,16.22407669404919,9.710813895005602
 인한,6.51326279904359,16.22407669404919,9.710813895005602
 거잖아,6.51326279904359,16.22407669404919,9.710813895005602
 괜찮으,6.51326279904359,16.22407669404919,9.710813895005602
러한,6.51326279904359,16.22407669404919,9.710813895005602
민의,6.51326279904359,16.22407669404919,9.710813895005602
 변호사,6.51326279904359,16.22407669404919,9.710813895005602
 자체,6.51326279904359,16.22407669404919,9.710813895005602
 불가능,6.51326279904359,16.22407669404919,9.710813895005602
으시다,6.51326279904359,16.22407669404919,9.710813895005602
변호,6.51326279904359,16.22407669404919,9.710813895005602
렇기,6.51326279904359,16.22407669404919,9.710813895005602
구요.,6.51326279904359,16.22407669404919,9.710813895005602
구요. ,6.51326279904359,16.22407669404919,9.710813895005602
 계시는,6.51326279904359,16.22407669404919,9.710813895005602
원은,6.51326279904359,16.22407669404919,9.710813895005602
렇기 ,6.51326279904359,16.22407669404919,9.710813895005602
원은 ,6.51326279904359,16.22407669404919,9.710813895005602
금융사,6.51326279904359,16.22407669404919,9.710813895005602
"뭐,",6.51326279904359,16.22407669404919,9.710813895005602
외에 ,6.51326279904359,16.22407669404919,9.710813895005602
그렇기,6.51326279904359,16.22407669404919,9.710813895005602
군행권,6.51326279904359,16.22407669404919,9.710813895005602
피해자분,6.51326279904359,16.22407669404919,9.710813895005602
19,6.51326279904359,16.22407669404919,9.710813895005602
렸고요.,6.51326279904359,16.22407669404919,9.710813895005602
억 ,6.51326279904359,16.22407669404919,9.710813895005602
 진술하,6.51326279904359,16.22407669404919,9.710813895005602
 경기도,6.51326279904359,16.22407669404919,9.710813895005602
괜찮으,6.51326279904359,16.22407669404919,9.710813895005602
변호사,6.51326279904359,16.22407669404919,9.710813895005602
"뭐, ",6.51326279904359,16.22407669404919,9.710813895005602
보를 ,6.51326279904359,16.22407669404919,9.710813895005602
취하,6.51326279904359,16.22407669404919,9.710813895005602
" 뭐, ",6.51326279904359,16.22407669404919,9.710813895005602
판단,6.51326279904359,16.22407669404919,9.710813895005602
" 뭐,",6.51326279904359,16.22407669404919,9.710813895005602
금융권 ,6.51326279904359,16.22407669404919,9.710813895005602
국민의,6.51326279904359,16.22407669404919,9.710813895005602
 입출,6.51326279904359,16.22407669404919,9.710813895005602
 지인,6.51326279904359,16.22407669404919,9.710813895005602
 입출금,6.51326279904359,16.22407669404919,9.710813895005602
울시,6.51326279904359,16.22407669404919,9.710813895005602
취를,6.51326279904359,16.22407669404919,9.710813895005602
라든가,6.51326279904359,16.22407669404919,9.710813895005602
 광,6.51326279904359,16.22407669404919,9.710813895005602
융사,6.51326279904359,16.22407669404919,9.710813895005602
범죄사,6.51326279904359,16.22407669404919,9.710813895005602
융범죄 ,6.51326279904359,16.22407669404919,9.710813895005602
르시는,6.51326279904359,16.22407669404919,9.710813895005602
유출이 ,6.51326279904359,16.22407669404919,9.710813895005602
 공증서,6.51326279904359,16.22407669404919,9.710813895005602
 거잖,6.51326279904359,16.22407669404919,9.710813895005602
축은,6.51326279904359,16.22407669404919,9.710813895005602
출금 ,6.51326279904359,16.22407669404919,9.710813895005602
 면,6.51326279904359,16.22407669404919,9.710813895005602
그렇기 ,6.51326279904359,16.22407669404919,9.710813895005602
 분실하,6.51326279904359,16.22407669404919,9.710813895005602
보세요 ,6.51326279904359,16.22407669404919,9.710813895005602
으셔서,6.51326279904359,16.22407669404919,9.710813895005602
융권 ,6.51326279904359,16.22407669404919,9.710813895005602
 보안카,6.51326279904359,16.22407669404919,9.710813895005602
면.,6.51326279904359,16.22407669404919,9.710813895005602
 변호,6.51326279904359,16.22407669404919,9.710813895005602
업이,6.51326279904359,16.22407669404919,9.710813895005602
 진술해,6.51326279904359,16.22407669404919,9.710813895005602
라든가 ,6.51326279904359,16.22407669404919,9.710813895005602
하시지 ,6.51326279904359,16.22407669404919,9.710813895005602
철이,6.51326279904359,16.22407669404919,9.710813895005602
거잖,6.51326279904359,16.22407669404919,9.710813895005602
사관이,6.51326279904359,16.22407669404919,9.710813895005602
 와이파,6.51326279904359,16.22407669404919,9.710813895005602
자체,6.51326279904359,16.22407669404919,9.710813895005602
 하실,6.51326279904359,16.22407669404919,9.710813895005602
 아니.,6.51326279904359,16.22407669404919,9.710813895005602
 와이,6.51326279904359,16.22407669404919,9.710813895005602
행위,6.51326279904359,16.22407669404919,9.710813895005602
거잖아요,6.51326279904359,16.22407669404919,9.710813895005602
대리,6.51326279904359,16.22407669404919,9.710813895005602
-3,6.51326279904359,16.22407669404919,9.710813895005602
협이,6.51326279904359,16.22407669404919,9.710813895005602
사실 ,6.51326279904359,16.22407669404919,9.710813895005602
 3개,6.51326279904359,16.22407669404919,9.710813895005602
장들,6.51326279904359,16.22407669404919,9.710813895005602
거잖아,6.51326279904359,16.22407669404919,9.710813895005602
 하시고,6.51326279904359,16.22407669404919,9.710813895005602
담당 ,6.51326279904359,16.22407669404919,9.710813895005602
데?,6.51326279904359,16.22407669404919,9.710813895005602
있으시면,6.51326279904359,16.22407669404919,9.710813895005602
씀드리면,6.51326279904359,16.22407669404919,9.710813895005602
 되었습,6.51326279904359,16.22407669404919,9.710813895005602
 되었는,6.51326279904359,16.22407669404919,9.710813895005602
실이 ,6.51326279904359,16.22407669404919,9.710813895005602
데? ,6.51326279904359,16.22407669404919,9.710813895005602
 참,6.51326279904359,16.22407669404919,9.710813895005602
건데요.,6.51326279904359,16.22407669404919,9.710813895005602
 되기 ,6.51326279904359,16.22407669404919,9.710813895005602
 되기,6.51326279904359,16.22407669404919,9.710813895005602
 되거,6.51326279904359,16.22407669404919,9.710813895005602
신데 ,6.51326279904359,16.22407669404919,9.710813895005602
 하세,6.51326279904359,16.22407669404919,9.710813895005602
 하세요,6.51326279904359,16.22407669404919,9.710813895005602
장의,6.51326279904359,16.22407669404919,9.710813895005602
장의 ,6.51326279904359,16.22407669404919,9.710813895005602
불가,6.51326279904359,16.22407669404919,9.710813895005602
셔가,6.51326279904359,16.22407669404919,9.710813895005602
 황급,6.51326279904359,16.22407669404919,9.710813895005602
 네네.,6.51326279904359,16.22407669404919,9.710813895005602
성함이,6.51326279904359,16.22407669404919,9.710813895005602
농협이,6.51326279904359,16.22407669404919,9.710813895005602
소를 ,6.51326279904359,16.22407669404919,9.710813895005602
소를,6.51326279904359,16.22407669404919,9.710813895005602
셨죠,6.51326279904359,16.22407669404919,9.710813895005602
 얘기해,6.51326279904359,16.22407669404919,9.710813895005602
셔가지,6.51326279904359,16.22407669404919,9.710813895005602
셔가지고,6.51326279904359,16.22407669404919,9.710813895005602
셨는데 ,6.51326279904359,16.22407669404919,9.710813895005602
제3,6.51326279904359,16.22407669404919,9.710813895005602
능하신 ,6.51326279904359,16.22407669404919,9.710813895005602
정하,6.51326279904359,16.22407669404919,9.710813895005602
 농협이,6.51326279904359,16.22407669404919,9.710813895005602
"니요,",6.51326279904359,16.22407669404919,9.710813895005602
냐하면 ,6.51326279904359,16.22407669404919,9.710813895005602
 연료,6.51326279904359,16.22407669404919,9.710813895005602
 예를 ,6.51326279904359,16.22407669404919,9.710813895005602
 예를,6.51326279904359,16.22407669404919,9.710813895005602
 대리,6.51326279904359,16.22407669404919,9.710813895005602
죄사,6.51326279904359,16.22407669404919,9.710813895005602
 예금,6.51326279904359,16.22407669404919,9.710813895005602
 담당 ,6.51326279904359,16.22407669404919,9.710813895005602
시게 ,6.51326279904359,16.22407669404919,9.710813895005602
"니요, ",6.51326279904359,16.22407669404919,9.710813895005602
시게,6.51326279904359,16.22407669404919,9.710813895005602
서울시,6.51326279904359,16.22407669404919,9.710813895005602
황급,6.51326279904359,16.22407669404919,9.710813895005602
술하,6.51326279904359,16.22407669404919,9.710813895005602
개의,6.51326279904359,16.22407669404919,9.710813895005602
개의 ,6.51326279904359,16.22407669404919,9.710813895005602
불가능,6.51326279904359,16.22407669404919,9.710813895005602
신화,6.51326279904359,16.22407669404919,9.710813895005602
압수했,6.51326279904359,16.22407669404919,9.710813895005602
 통장에,6.51326279904359,16.22407669404919,9.710813895005602
 판단,6.51326279904359,16.22407669404919,9.710813895005602
 그렇기,6.51326279904359,16.22407669404919,9.710813895005602
분들 ,6.51326279904359,16.22407669404919,9.710813895005602
 팀장,6.51326279904359,16.22407669404919,9.710813895005602
하도,6.51326279904359,16.22407669404919,9.710813895005602
된다는 ,6.51326279904359,16.22407669404919,9.710813895005602
얘기해,6.51326279904359,16.22407669404919,9.710813895005602
드렸고요,6.51326279904359,16.22407669404919,9.710813895005602
아시겠,6.51326279904359,16.22407669404919,9.710813895005602
드렸고,6.51326279904359,16.22407669404919,9.710813895005602
쭤보는 ,6.51326279904359,16.22407669404919,9.710813895005602
하도록,6.51326279904359,16.22407669404919,9.710813895005602
경기도,6.51326279904359,16.22407669404919,9.710813895005602
부에,6.51326279904359,16.22407669404919,9.710813895005602
부분이고,6.51326279904359,16.22407669404919,9.710813895005602
쭤보는,6.51326279904359,16.22407669404919,9.710813895005602
김영철 ,6.51326279904359,16.22407669404919,9.710813895005602
김영철,6.51326279904359,16.22407669404919,9.710813895005602
경기도 ,6.51326279904359,16.22407669404919,9.710813895005602
하도록 ,6.51326279904359,16.22407669404919,9.710813895005602
기해,6.51326279904359,16.22407669404919,9.710813895005602
계시는 ,6.51326279904359,16.22407669404919,9.710813895005602
계시는,6.51326279904359,16.22407669404919,9.710813895005602
아니. ,6.51326279904359,16.22407669404919,9.710813895005602
되거든,6.51326279904359,16.22407669404919,9.710813895005602
가시면,6.51326279904359,16.22407669404919,9.710813895005602
계절,6.51326279904359,16.22407669404919,9.710813895005602
010,6.51326279904359,16.22407669404919,9.710813895005602
 최근,6.51326279904359,16.22407669404919,9.710813895005602
천만 ,6.51326279904359,16.22407669404919,9.710813895005602
동장,6.51326279904359,16.22407669404919,9.710813895005602
되거,6.51326279904359,16.22407669404919,9.710813895005602
이트 ,6.51326279904359,16.22407669404919,9.710813895005602
어가시는,6.51326279904359,16.22407669404919,9.710813895005602
된다는,6.51326279904359,16.22407669404919,9.710813895005602
앙지검 ,6.51326279904359,16.22407669404919,9.710813895005602
되거든요,6.51326279904359,16.22407669404919,9.710813895005602
 국민의,6.51326279904359,16.22407669404919,9.710813895005602
이시고요,6.51326279904359,16.22407669404919,9.710813895005602
 서울시,6.51326279904359,16.22407669404919,9.710813895005602
 성함이,6.51326279904359,16.22407669404919,9.710813895005602
함이,6.51326279904359,16.22407669404919,9.710813895005602
아니.,6.51326279904359,16.22407669404919,9.710813895005602
시.,6.3312739655932475,16.22407669404919,9.892802728455944
 예 ,6.3312739655932475,16.22407669404919,9.892802728455944
 29,6.3312739655932475,16.22407669404919,9.892802728455944
부결,6.3312739655932475,16.22407669404919,9.892802728455944
약간,6.3312739655932475,16.22407669404919,9.892802728455944
분인,6.3312739655932475,16.22407669404919,9.892802728455944
 저쪽,6.3312739655932475,16.22407669404919,9.892802728455944
 약간,6.3312739655932475,16.22407669404919,9.892802728455944
문자 ,6.3312739655932475,16.22407669404919,9.892802728455944
거고요 ,6.3312739655932475,16.22407669404919,9.892802728455944
수납,6.3312739655932475,16.22407669404919,9.892802728455944
보시고,6.3312739655932475,16.22407669404919,9.892802728455944
보시면,6.3312739655932475,16.22407669404919,9.892802728455944
객님한테,6.3312739655932475,16.22407669404919,9.892802728455944
"어요, ",6.3312739655932475,16.22407669404919,9.892802728455944
"어요,",6.3312739655932475,16.22407669404919,9.892802728455944
계약,6.3312739655932475,16.22407669404919,9.892802728455944
객님한,6.3312739655932475,16.22407669404919,9.892802728455944
보시면 ,6.3312739655932475,16.22407669404919,9.892802728455944
 이해가,6.3312739655932475,16.22407669404919,9.892802728455944
권으,6.3312739655932475,16.22407669404919,9.892802728455944
 어 ,6.3312739655932475,16.22407669404919,9.892802728455944
사실이,6.3312739655932475,16.22407669404919,9.892802728455944
가시면 ,6.3312739655932475,16.22407669404919,9.892802728455944
하셨고,6.3312739655932475,16.22407669404919,9.892802728455944
건으,6.3312739655932475,16.22407669404919,9.892802728455944
건으로,6.3312739655932475,16.22407669404919,9.892802728455944
 왜냐면,6.3312739655932475,16.22407669404919,9.892802728455944
 불러주,6.3312739655932475,16.22407669404919,9.892802728455944
굉장,6.3312739655932475,16.22407669404919,9.892802728455944
해가지,6.3312739655932475,16.22407669404919,9.892802728455944
에도,6.3312739655932475,16.22407669404919,9.892802728455944
해가지고,6.3312739655932475,16.22407669404919,9.892802728455944
실질,6.3312739655932475,16.22407669404919,9.892802728455944
실질적,6.3312739655932475,16.22407669404919,9.892802728455944
실질적으,6.3312739655932475,16.22407669404919,9.892802728455944
 실질적,6.3312739655932475,16.22407669404919,9.892802728455944
 실질,6.3312739655932475,16.22407669404919,9.892802728455944
분이시,6.3312739655932475,16.22407669404919,9.892802728455944
불러주,6.3312739655932475,16.22407669404919,9.892802728455944
씀드린,6.3312739655932475,16.22407669404919,9.892802728455944
불가능하,6.3312739655932475,16.22407669404919,9.892802728455944
 수납,6.3312739655932475,16.22407669404919,9.892802728455944
행에 ,6.3312739655932475,16.22407669404919,9.892802728455944
아버,6.3312739655932475,16.22407669404919,9.892802728455944
분이신,6.3312739655932475,16.22407669404919,9.892802728455944
하셨는,6.3312739655932475,16.22407669404919,9.892802728455944
고객님한,6.3312739655932475,16.22407669404919,9.892802728455944
하셨다,6.3312739655932475,16.22407669404919,9.892802728455944
포함,6.3312739655932475,16.22407669404919,9.892802728455944
상으로,6.3312739655932475,16.22407669404919,9.892802728455944
상으,6.3312739655932475,16.22407669404919,9.892802728455944
사실이 ,6.3312739655932475,16.22407669404919,9.892802728455944
사랑,6.3312739655932475,16.22407669404919,9.892802728455944
었는데요,6.3312739655932475,16.22407669404919,9.892802728455944
하시고요,6.3312739655932475,16.22407669404919,9.892802728455944
시켰,6.3312739655932475,16.22407669404919,9.892802728455944
왜냐면,6.3312739655932475,16.22407669404919,9.892802728455944
 부결,6.3312739655932475,16.22407669404919,9.892802728455944
굉장히 ,6.3312739655932475,16.22407669404919,9.892802728455944
굉장히,6.3312739655932475,16.22407669404919,9.892802728455944
에도 ,6.3312739655932475,16.22407669404919,9.892802728455944
권으로,6.3312739655932475,16.22407669404919,9.892802728455944
는요,6.3312739655932475,16.22407669404919,9.892802728455944
 굉,6.3312739655932475,16.22407669404919,9.892802728455944
치를,6.3312739655932475,16.22407669404919,9.892802728455944
주십시,6.3312739655932475,16.22407669404919,9.892802728455944
은행에 ,6.3312739655932475,16.22407669404919,9.892802728455944
량의 ,6.3312739655932475,16.22407669404919,9.892802728455944
 지점에,6.3312739655932475,16.22407669404919,9.892802728455944
주십시오,6.3312739655932475,16.22407669404919,9.892802728455944
취를 ,6.3312739655932475,16.22407669404919,9.892802728455944
러로,6.3312739655932475,16.22407669404919,9.892802728455944
 하셔야,6.3312739655932475,16.22407669404919,9.892802728455944
질적으로,6.3312739655932475,16.22407669404919,9.892802728455944
질적으,6.3312739655932475,16.22407669404919,9.892802728455944
 공문,6.3312739655932475,16.22407669404919,9.892802728455944
200만,6.3312739655932475,16.22407669404919,9.892802728455944
 문자 ,6.3312739655932475,16.22407669404919,9.892802728455944
장님 ,6.3312739655932475,16.22407669404919,9.892802728455944
 직장,6.3312739655932475,16.22407669404919,9.892802728455944
치를 ,6.3312739655932475,16.22407669404919,9.892802728455944
질적,6.3312739655932475,16.22407669404919,9.892802728455944
론 ,6.3312739655932475,16.22407669404919,9.892802728455944
29,6.3312739655932475,16.22407669404919,9.892802728455944
 따라서,6.3312739655932475,16.22407669404919,9.892802728455944
 계좌를,6.3312739655932475,16.22407669404919,9.892802728455944
 해드리,6.3312739655932475,16.22407669404919,9.892802728455944
유는 ,6.3312739655932475,16.22407669404919,9.892802728455944
 해보,6.3312739655932475,16.22407669404919,9.892802728455944
 나이,6.3312739655932475,16.22407669404919,9.892802728455944
리시,6.3312739655932475,16.22407669404919,9.892802728455944
 되세,6.3312739655932475,16.22407669404919,9.892802728455944
린다,6.3312739655932475,16.22407669404919,9.892802728455944
주십,6.3312739655932475,16.22407669404919,9.892802728455944
저축은행,6.3312739655932475,16.22407669404919,9.892802728455944
직장,6.3312739655932475,16.22407669404919,9.892802728455944
 굉장히,6.3312739655932475,16.22407669404919,9.892802728455944
드가,6.3312739655932475,16.22407669404919,9.892802728455944
드가 ,6.3312739655932475,16.22407669404919,9.892802728455944
이신데,6.3312739655932475,16.22407669404919,9.892802728455944
주신,6.3312739655932475,16.22407669404919,9.892802728455944
장은,6.3312739655932475,16.22407669404919,9.892802728455944
장은 ,6.3312739655932475,16.22407669404919,9.892802728455944
 맞으신,6.3312739655932475,16.22407669404919,9.892802728455944
 첫,6.3312739655932475,16.22407669404919,9.892802728455944
 그거는,6.3312739655932475,16.22407669404919,9.892802728455944
따라서,6.3312739655932475,16.22407669404919,9.892802728455944
따라서 ,6.3312739655932475,16.22407669404919,9.892802728455944
100만,6.3312739655932475,16.22407669404919,9.892802728455944
 대출금,6.3312739655932475,16.22407669404919,9.892802728455944
 굉장,6.3312739655932475,16.22407669404919,9.892802728455944
저축은,6.3312739655932475,16.22407669404919,9.892802728455944
인님 ,6.3312739655932475,16.22407669404919,9.892802728455944
좌에,6.3312739655932475,16.22407669404919,9.892802728455944
나이,6.3312739655932475,16.22407669404919,9.892802728455944
장히,6.3312739655932475,16.22407669404919,9.892802728455944
대출금,6.3312739655932475,16.22407669404919,9.892802728455944
장히 ,6.3312739655932475,16.22407669404919,9.892802728455944
 라고,6.3312739655932475,16.22407669404919,9.892802728455944
다라,6.3312739655932475,16.22407669404919,9.892802728455944
 뜻,6.3312739655932475,16.22407669404919,9.892802728455944
 하실 ,6.3312739655932475,16.22407669404919,9.892802728455944
저쪽,6.3312739655932475,16.22407669404919,9.892802728455944
저축,6.3312739655932475,16.22407669404919,9.892802728455944
량의,6.3312739655932475,16.22407669404919,9.892802728455944
 되세요,6.3312739655932475,16.22407669404919,9.892802728455944
으셔서 ,6.3312739655932475,16.22407669404919,9.892802728455944
맞으신가,6.3312739655932475,16.22407669404919,9.892802728455944
 포함,6.3312739655932475,16.22407669404919,9.892802728455944
 되시면,6.3312739655932475,16.22407669404919,9.892802728455944
도는 ,6.3312739655932475,16.22407669404919,9.892802728455944
동의를,6.3312739655932475,16.22407669404919,9.892802728455944
맞으신,6.3312739655932475,16.22407669404919,9.892802728455944
 드렸는,6.3312739655932475,16.22407669404919,9.892802728455944
그거는,6.3312739655932475,16.22407669404919,9.892802728455944
면. ,6.3312739655932475,16.22407669404919,9.892802728455944
권이 ,6.3312739655932475,16.22407669404919,9.892802728455944
통장에 ,6.3312739655932475,16.22407669404919,9.892802728455944
도는,6.3312739655932475,16.22407669404919,9.892802728455944
권으로 ,6.3312739655932475,16.22407669404919,9.892802728455944
동의를 ,6.3312739655932475,16.22407669404919,9.892802728455944
 되신 ,6.3312739655932475,16.22407669404919,9.892802728455944
나도,6.3312739655932475,16.22407669404919,9.892802728455944
 받으신,6.3312739655932475,16.22407669404919,9.892802728455944
그거는 ,6.3312739655932475,16.22407669404919,9.892802728455944
 되셨,6.3312739655932475,16.22407669404919,9.892802728455944
되게 ,6.3312739655932475,16.22407669404919,9.892802728455944
되게,6.3312739655932475,16.22407669404919,9.892802728455944
 된다는,6.3312739655932475,16.22407669404919,9.892802728455944
말씀드린,6.3312739655932475,16.22407669404919,9.892802728455944
나도 ,6.3312739655932475,16.22407669404919,9.892802728455944
 되실 ,6.108629291814951,16.22407669404919,10.11544740223424
상담원 ,6.108629291814951,16.22407669404919,10.11544740223424
주신 ,6.108629291814951,16.22407669404919,10.11544740223424
씀드리는,6.108629291814951,16.22407669404919,10.11544740223424
나와 ,6.108629291814951,16.22407669404919,10.11544740223424
신고를 ,6.108629291814951,16.22407669404919,10.11544740223424
 라고 ,6.108629291814951,16.22407669404919,10.11544740223424
통화를,6.108629291814951,16.22407669404919,10.11544740223424
 나와 ,6.108629291814951,16.22407669404919,10.11544740223424
보시고 ,6.108629291814951,16.22407669404919,10.11544740223424
용한,6.108629291814951,16.22407669404919,10.11544740223424
튼 ,6.108629291814951,16.22407669404919,10.11544740223424
시고요 ,6.108629291814951,16.22407669404919,10.11544740223424
가능하시,6.108629291814951,16.22407669404919,10.11544740223424
되실,6.108629291814951,16.22407669404919,10.11544740223424
통화를 ,6.108629291814951,16.22407669404919,10.11544740223424
달러,6.108629291814951,16.22407669404919,10.11544740223424
지지,6.108629291814951,16.22407669404919,10.11544740223424
오시는,6.108629291814951,16.22407669404919,10.11544740223424
되실 ,6.108629291814951,16.22407669404919,10.11544740223424
급이 ,6.108629291814951,16.22407669404919,10.11544740223424
약간 ,6.108629291814951,16.22407669404919,10.11544740223424
하셔가지,6.108629291814951,16.22407669404919,10.11544740223424
하셔가,6.108629291814951,16.22407669404919,10.11544740223424
급정,6.108629291814951,16.22407669404919,10.11544740223424
급이,6.108629291814951,16.22407669404919,10.11544740223424
금이나 ,6.108629291814951,16.22407669404919,10.11544740223424
왜냐면 ,6.108629291814951,16.22407669404919,10.11544740223424
금이나,6.108629291814951,16.22407669404919,10.11544740223424
셨고요.,6.108629291814951,16.22407669404919,10.11544740223424
드시,6.108629291814951,16.22407669404919,10.11544740223424
시죠.,6.108629291814951,16.22407669404919,10.11544740223424
담원 ,6.108629291814951,16.22407669404919,10.11544740223424
시죠. ,6.108629291814951,16.22407669404919,10.11544740223424
하셔도 ,6.108629291814951,16.22407669404919,10.11544740223424
 되죠,6.108629291814951,16.22407669404919,10.11544740223424
요가,6.108629291814951,16.22407669404919,10.11544740223424
시라고 ,6.108629291814951,16.22407669404919,10.11544740223424
이버,6.108629291814951,16.22407669404919,10.11544740223424
기간 ,6.108629291814951,16.22407669404919,10.11544740223424
",8",6.108629291814951,16.22407669404919,10.11544740223424
호는,6.108629291814951,16.22407669404919,10.11544740223424
신고를,6.108629291814951,16.22407669404919,10.11544740223424
되죠,6.108629291814951,16.22407669404919,10.11544740223424
하셔도,6.108629291814951,16.22407669404919,10.11544740223424
출금이,6.108629291814951,16.22407669404919,10.11544740223424
정부,6.108629291814951,16.22407669404919,10.11544740223424
 거거,6.108629291814951,16.22407669404919,10.11544740223424
님은 ,6.108629291814951,16.22407669404919,10.11544740223424
원으,6.108629291814951,16.22407669404919,10.11544740223424
희도,6.108629291814951,16.22407669404919,10.11544740223424
저희도,6.108629291814951,16.22407669404919,10.11544740223424
저희도 ,6.108629291814951,16.22407669404919,10.11544740223424
건으로 ,6.108629291814951,16.22407669404919,10.11544740223424
근무,6.108629291814951,16.22407669404919,10.11544740223424
원으로,6.108629291814951,16.22407669404919,10.11544740223424
일을,6.108629291814951,16.22407669404919,10.11544740223424
거거,6.108629291814951,16.22407669404919,10.11544740223424
일을 ,6.108629291814951,16.22407669404919,10.11544740223424
으세요 ,6.108629291814951,16.22407669404919,10.11544740223424
2년,6.108629291814951,16.22407669404919,10.11544740223424
거거든,6.108629291814951,16.22407669404919,10.11544740223424
지? ,6.108629291814951,16.22407669404919,10.11544740223424
님은,6.108629291814951,16.22407669404919,10.11544740223424
있죠,6.108629291814951,16.22407669404919,10.11544740223424
 약간 ,6.108629291814951,16.22407669404919,10.11544740223424
 반 ,6.108629291814951,16.22407669404919,10.11544740223424
 자금 ,6.108629291814951,16.22407669404919,10.11544740223424
가적,6.108629291814951,16.22407669404919,10.11544740223424
 평,6.108629291814951,16.22407669404919,10.11544740223424
 고인님,6.108629291814951,16.22407669404919,10.11544740223424
시. ,6.108629291814951,16.22407669404919,10.11544740223424
능하시,6.108629291814951,16.22407669404919,10.11544740223424
지급정,6.108629291814951,16.22407669404919,10.11544740223424
 거거든,6.108629291814951,16.22407669404919,10.11544740223424
역이,6.108629291814951,16.22407669404919,10.11544740223424
 보시면,6.108629291814951,16.22407669404919,10.11544740223424
금에,6.108629291814951,16.22407669404919,10.11544740223424
고인님,6.108629291814951,16.22407669404919,10.11544740223424
씀드린 ,6.108629291814951,16.22407669404919,10.11544740223424
 받지 ,6.108629291814951,16.22407669404919,10.11544740223424
 받지,6.108629291814951,16.22407669404919,10.11544740223424
희도 ,6.108629291814951,16.22407669404919,10.11544740223424
 하셔서,6.108629291814951,16.22407669404919,10.11544740223424
으실 ,6.108629291814951,16.22407669404919,10.11544740223424
 근무,6.108629291814951,16.22407669404919,10.11544740223424
 지급정,6.108629291814951,16.22407669404919,10.11544740223424
 직원이,6.108629291814951,16.22407669404919,10.11544740223424
 되실,6.108629291814951,16.22407669404919,10.11544740223424
도를 ,5.821778129257259,16.22407669404919,10.402298564791932
 육,5.821778129257259,16.22407669404919,10.402298564791932
 원이,5.821778129257259,16.22407669404919,10.402298564791932
 가시,5.821778129257259,16.22407669404919,10.402298564791932
당자,5.821778129257259,16.22407669404919,10.402298564791932
 된다고,5.821778129257259,16.22407669404919,10.402298564791932
해드리는,5.821778129257259,16.22407669404919,10.402298564791932
심하,5.821778129257259,16.22407669404919,10.402298564791932
대출금 ,5.821778129257259,16.22407669404919,10.402298564791932
 그니까,5.821778129257259,16.22407669404919,10.402298564791932
해드릴게,5.821778129257259,16.22407669404919,10.402298564791932
 그니,5.821778129257259,16.22407669404919,10.402298564791932
 그러셨,5.821778129257259,16.22407669404919,10.402298564791932
분들을,5.821778129257259,16.22407669404919,10.402298564791932
걱정,5.821778129257259,16.22407669404919,10.402298564791932
 기간,5.821778129257259,16.22407669404919,10.402298564791932
 하셔도,5.821778129257259,16.22407669404919,10.402298564791932
도를,5.821778129257259,16.22407669404919,10.402298564791932
 되어있,5.821778129257259,16.22407669404919,10.402298564791932
"다, ",5.821778129257259,16.22407669404919,10.402298564791932
번호는,5.821778129257259,16.22407669404919,10.402298564791932
래가,5.821778129257259,16.22407669404919,10.402298564791932
시거든요,5.821778129257259,16.22407669404919,10.402298564791932
시거든,5.821778129257259,16.22407669404919,10.402298564791932
가? ,5.821778129257259,16.22407669404919,10.402298564791932
가?,5.821778129257259,16.22407669404919,10.402298564791932
러셨,5.821778129257259,16.22407669404919,10.402298564791932
"다,",5.821778129257259,16.22407669404919,10.402298564791932
그니,5.821778129257259,16.22407669404919,10.402298564791932
 보시고,5.821778129257259,16.22407669404919,10.402298564791932
 물론,5.821778129257259,16.22407669404919,10.402298564791932
그니까,5.821778129257259,16.22407669404919,10.402298564791932
그니까 ,5.821778129257259,16.22407669404919,10.402298564791932
 일을,5.821778129257259,16.22407669404919,10.402298564791932
 있죠,5.821778129257259,16.22407669404919,10.402298564791932
300,5.821778129257259,16.22407669404919,10.402298564791932
 걱,5.821778129257259,16.22407669404919,10.402298564791932
 걱정,5.821778129257259,16.22407669404919,10.402298564791932
거거든요,5.821778129257259,16.22407669404919,10.402298564791932
 150,5.821778129257259,16.22407669404919,10.402298564791932
 볼게요,5.821778129257259,16.22407669404919,10.402298564791932
 볼게,5.821778129257259,16.22407669404919,10.402298564791932
 없잖아,5.821778129257259,16.22407669404919,10.402298564791932
그러셨,5.821778129257259,16.22407669404919,10.402298564791932
 없잖,5.821778129257259,16.22407669404919,10.402298564791932
 일을 ,5.821778129257259,16.22407669404919,10.402298564791932
원으로 ,5.821778129257259,16.22407669404919,10.402298564791932
정상적,5.821778129257259,16.22407669404919,10.402298564791932
당연히 ,5.821778129257259,16.22407669404919,10.402298564791932
물론,5.821778129257259,16.22407669404919,10.402298564791932
당연히,5.821778129257259,16.22407669404919,10.402298564791932
어가서 ,5.821778129257259,16.22407669404919,10.402298564791932
추가적,5.821778129257259,16.22407669404919,10.402298564791932
상적,5.821778129257259,16.22407669404919,10.402298564791932
150,5.821778129257259,16.22407669404919,10.402298564791932
 정상적,5.821778129257259,16.22407669404919,10.402298564791932
 추가적,5.821778129257259,16.22407669404919,10.402298564791932
그걸로 ,5.417972772567458,16.22407669404919,10.806103921481734
08,5.417972772567458,16.22407669404919,10.806103921481734
무리,5.417972772567458,16.22407669404919,10.806103921481734
버튼,5.417972772567458,16.22407669404919,10.806103921481734
님들,5.417972772567458,16.22407669404919,10.806103921481734
행이시,5.417972772567458,16.22407669404919,10.806103921481734
세금,5.417972772567458,16.22407669404919,10.806103921481734
마시고요,5.417972772567458,16.22407669404919,10.806103921481734
있죠? ,5.417972772567458,16.22407669404919,10.806103921481734
 내역,5.417972772567458,16.22407669404919,10.806103921481734
"니다, ",5.417972772567458,16.22407669404919,10.806103921481734
"니다,",5.417972772567458,16.22407669404919,10.806103921481734
 했으,5.417972772567458,16.22407669404919,10.806103921481734
있죠?,5.417972772567458,16.22407669404919,10.806103921481734
원래 ,5.417972772567458,16.22407669404919,10.806103921481734
 러,5.417972772567458,16.22407669404919,10.806103921481734
대신 ,5.417972772567458,16.22407669404919,10.806103921481734
 발급 ,5.417972772567458,16.22407669404919,10.806103921481734
 러시,5.417972772567458,16.22407669404919,10.806103921481734
 나가시,5.417972772567458,16.22407669404919,10.806103921481734
그걸로,5.417972772567458,16.22407669404919,10.806103921481734
 대신 ,5.417972772567458,16.22407669404919,10.806103921481734
볼게요 ,5.417972772567458,16.22407669404919,10.806103921481734
 불안,5.417972772567458,16.22407669404919,10.806103921481734
 그걸로,5.417972772567458,16.22407669404919,10.806103921481734
나가시,5.417972772567458,16.22407669404919,10.806103921481734
담당자,5.417972772567458,16.22407669404919,10.806103921481734
테이,5.417972772567458,16.22407669404919,10.806103921481734
제든,4.729788381349618,16.224076694049167,11.494288312699549
 납부하,4.729788381349618,16.224076694049167,11.494288312699549
제든지,4.729788381349618,16.224076694049167,11.494288312699549
 조건,4.729788381349618,16.224076694049167,11.494288312699549
 버튼,4.729788381349618,16.224076694049167,11.494288312699549
 금감,4.729788381349618,16.224076694049167,11.494288312699549
 언제든,4.729788381349618,16.224076694049167,11.494288312699549
부가,4.729788381349618,16.224076694049167,11.494288312699549
버튼 ,4.729788381349618,16.224076694049167,11.494288312699549
제든지 ,4.729788381349618,16.224076694049167,11.494288312699549
 진행해,4.729788381349618,16.224076694049167,11.494288312699549
디까지 ,4.729788381349618,16.224076694049167,11.494288312699549
어디까,4.729788381349618,16.224076694049167,11.494288312699549
어디까지,4.729788381349618,16.224076694049167,11.494288312699549
시안,4.729788381349618,16.224076694049167,11.494288312699549
부가 ,4.729788381349618,16.224076694049167,11.494288312699549
언제든,4.729788381349618,16.224076694049167,11.494288312699549
"0, ",4.729788381349618,16.224076694049167,11.494288312699549
언제든지,4.729788381349618,16.224076694049167,11.494288312699549
금감,4.729788381349618,16.224076694049167,11.494288312699549
디까,4.729788381349618,16.224076694049167,11.494288312699549
부하시,4.729788381349618,16.224076694049167,11.494288312699549
과가,4.729788381349618,16.224076694049167,11.494288312699549
과가 ,4.729788381349618,16.224076694049167,11.494288312699549
 한글,4.729788381349618,16.224076694049167,11.494288312699549
진행해,4.729788381349618,16.224076694049167,11.494288312699549
 90,4.729788381349618,16.224076694049167,11.494288312699549
스터,4.729788381349618,16.224076694049167,11.494288312699549
한글,4.729788381349618,16.224076694049167,11.494288312699549
디까지,4.729788381349618,16.224076694049167,11.494288312699549
일단,4.435582444233136,11.608956177207904,7.173373732974769
 일단,4.435582444233136,11.608956177207904,7.173373732974769
 겁,4.112232520542561,11.608956177207912,7.496723656665351
일단 ,4.093886748259994,11.608956177207912,7.515069428947918
 일단 ,4.093886748259994,11.608956177207912,7.515069428947918
까?,4.061020190802416,10.920771785990091,6.859751595187675
까? ,4.061020190802416,10.920771785990091,6.859751595187675
니까? ,4.051359213332976,10.920771785990091,6.869412572657115
니까?,4.051359213332976,10.920771785990091,6.869412572657115
 쪽,3.9335762978225715,11.608956177207912,7.67537987938534
 명의,3.8661501804508394,11.608956177207912,7.742805996757072
장이,3.8661501804508394,11.608956177207912,7.742805996757072
 전혀 ,3.842625218836485,11.608956177207912,7.766330958371427
 전혀,3.842625218836485,11.608956177207912,7.766330958371427
전혀,3.842625218836485,11.608956177207912,7.766330958371427
혀 ,3.842625218836485,11.608956177207912,7.766330958371427
전혀 ,3.842625218836485,11.608956177207912,7.766330958371427
대해,3.7685355571737595,11.608956177207912,7.840420620034152
 대해,3.7685355571737595,11.608956177207912,7.840420620034152
본인이,3.7685355571737595,11.608956177207912,7.840420620034152
 본인이,3.7685355571737595,11.608956177207912,7.840420620034152
본인이 ,3.7159056800532584,11.608956177207912,7.893050497154653
0만,3.6885142113159777,11.608956177207912,7.920441965891934
고요 ,3.631372132674298,11.608956177207912,7.9775840445336135
 발견,3.601528079520296,11.608956177207912,8.007428097687615
발견,3.601528079520296,11.608956177207912,8.007428097687615
사기,3.601528079520296,11.608956177207912,8.007428097687615
 대해서,3.5707658876369663,11.608956177207912,8.038190289570945
대해서,3.5707658876369663,11.608956177207912,8.038190289570945
통장이,3.5707658876369663,11.608956177207912,8.038190289570945
네.,3.4946970515469067,9.31532191473395,5.820624863187043
네. ,3.4946970515469067,9.31532191473395,5.820624863187043
 통장이,3.4723581317885035,11.608956177207908,8.136598045419404
대해서 ,3.4723581317885035,11.608956177207908,8.136598045419404
 네. ,3.463607538553622,9.31532191473395,5.851714376180328
 네.,3.463607538553622,9.31532191473395,5.851714376180328
00만,3.437279122927208,11.608956177207908,8.1716770542807
쪽에,3.400924701459715,11.608956177207908,8.208031475748193
앞으로,3.3631986131157507,11.608956177207908,8.245757564092157
앞으,3.3631986131157507,11.608956177207908,8.245757564092157
거고요,3.3631986131157507,11.608956177207908,8.245757564092157
 가지 ,3.3631986131157507,11.608956177207908,8.245757564092157
 거고요,3.3631986131157507,11.608956177207908,8.245757564092157
십니까,3.3485548343722122,10.920771785990095,7.572216951617882
 본인,3.3399175203925147,9.22010255732649,5.880185036933975
본인,3.3399175203925147,9.22010255732649,5.880185036933975
락을,3.328756127868189,10.920771785990095,7.592015658121905
락을 ,3.328756127868189,10.920771785990095,7.592015658121905
인정,3.3239932785447177,11.608956177207908,8.28496289866319
법 ,3.3239932785447177,11.608956177207908,8.28496289866319
 앞으,3.3239932785447177,11.608956177207908,8.28496289866319
 앞으로,3.3239932785447177,11.608956177207908,8.28496289866319
부분,3.31094613747097,10.2301152667426,6.919169129271629
 연락을,3.308557501358833,10.920771785990095,7.6122142846312615
명의,3.308557501358833,10.920771785990095,7.6122142846312615
연락을,3.308557501358833,10.920771785990095,7.6122142846312615
연락을 ,3.308557501358833,10.920771785990095,7.6122142846312615
 개인정,3.2831879438883522,11.608956177207908,8.325768233319556
개인정,3.2831879438883522,11.608956177207908,8.325768233319556
 쪽에,3.2831879438883522,11.608956177207908,8.325768233319556
앞으로 ,3.2831879438883522,11.608956177207908,8.325768233319556
 부분,3.258583637444257,10.2301152667426,6.971531629298342
단 ,3.2323825389351217,10.516966429300291,7.28458389036517
십니까?,3.2234178297422185,10.920771785990095,7.697353956247876
가지고,3.19621442919356,11.608956177207908,8.412741748014348
 사기,3.19621442919356,11.608956177207908,8.412741748014348
 김,3.168645519819149,10.2301152667426,7.06146974692345
 본,3.155103242286942,8.979135147712164,5.824031905425222
화를 ,3.149716048512099,11.608956177207908,8.459240128695809
시만,3.149716048512099,11.608956177207908,8.459240128695809
만요,3.149716048512099,11.608956177207908,8.459240128695809
화를,3.149716048512099,11.608956177207908,8.459240128695809
잠시만,3.149716048512099,11.608956177207908,8.459240128695809
1.,3.149716048512099,11.608956177207908,8.459240128695809
 잠시만,3.149716048512099,11.608956177207908,8.459240128695809
 거고,3.1056625653065204,10.920771785990095,7.815109220683574
거고,3.1056625653065204,10.920771785990095,7.815109220683574
 녹,3.1056625653065204,10.920771785990095,7.815109220683574
시만요,3.1009496822508336,11.608956177207908,8.508006494957074
셨어,3.1009496822508336,11.608956177207908,8.508006494957074
잠시만요,3.1009496822508336,11.608956177207908,8.508006494957074
셨어요,3.1009496822508336,11.608956177207908,8.508006494957074
 이제,3.088301463692674,10.007470592964303,6.919169129271629
이제,3.088301463692674,10.007470592964303,6.919169129271629
분이,3.055954476791068,10.516966429300295,7.461011952509227
 위해,3.049682690155528,11.608956177207908,8.55927348705238
가지고 ,3.049682690155528,11.608956177207908,8.55927348705238
인정보,3.049682690155528,11.608956177207908,8.55927348705238
단은 ,3.049682690155528,11.608956177207908,8.55927348705238
단은,3.049682690155528,11.608956177207908,8.55927348705238
위해,3.049682690155528,11.608956177207908,8.55927348705238
 1.,3.049682690155528,11.608956177207908,8.55927348705238
개인정보,3.049682690155528,11.608956177207908,8.55927348705238
 하신,2.9956446928430545,11.608956177207908,8.613311484364853
위해서,2.9956446928430545,11.608956177207908,8.613311484364853
오.,2.9956446928430545,11.608956177207908,8.613311484364853
 질,2.9956446928430545,11.608956177207908,8.613311484364853
 위해서,2.9956446928430545,11.608956177207908,8.613311484364853
하십,2.9956446928430545,11.608956177207908,8.613311484364853
 가지,2.943187741456481,10.920771785990095,7.9775840445336135
 분이,2.938518940062961,11.608956177207908,8.670437237144947
증을 ,2.938518940062961,11.608956177207908,8.670437237144947
 해드,2.938518940062961,11.608956177207908,8.670437237144947
 개인 ,2.938518940062961,11.608956177207908,8.670437237144947
증을,2.938518940062961,11.608956177207908,8.670437237144947
개인 ,2.938518940062961,11.608956177207908,8.670437237144947
부분 ,2.938518940062961,11.608956177207908,8.670437237144947
 피,2.9164639710956672,9.825481759513961,6.909017788418294
전화를,2.8779310606638138,11.608956177207908,8.731025116544094
 보니까,2.8779310606638138,11.608956177207908,8.731025116544094
 정확,2.8779310606638138,11.608956177207908,8.731025116544094
 작,2.8779310606638138,11.608956177207908,8.731025116544094
정확,2.8779310606638138,11.608956177207908,8.731025116544094
전화를 ,2.8779310606638138,11.608956177207908,8.731025116544094
 전화를,2.8779310606638138,11.608956177207908,8.731025116544094
보가,2.8779310606638138,11.608956177207908,8.731025116544094
분들이,2.8779310606638138,11.608956177207908,8.731025116544094
간단,2.8779310606638138,11.608956177207908,8.731025116544094
 질문,2.8779310606638138,11.608956177207908,8.731025116544094
보가 ,2.8779310606638138,11.608956177207908,8.731025116544094
질문,2.8779310606638138,11.608956177207908,8.731025116544094
시고요.,2.8630881307836162,10.516966429300295,7.653878298516679
십니,2.8203878381913032,10.2301152667426,7.409727428551296
개설,2.819612473052419,10.516966429300295,7.697353956247876
 개설,2.819612473052419,10.516966429300295,7.697353956247876
하십니,2.813434179300561,11.608956177207908,8.795521997907347
 핸드,2.813434179300561,11.608956177207908,8.795521997907347
 핸,2.813434179300561,11.608956177207908,8.795521997907347
셔도 ,2.813434179300561,11.608956177207908,8.795521997907347
겠다,2.813434179300561,11.608956177207908,8.795521997907347
핸드,2.813434179300561,11.608956177207908,8.795521997907347
드폰,2.813434179300561,11.608956177207908,8.795521997907347
분들이 ,2.813434179300561,11.608956177207908,8.795521997907347
 핸드폰,2.813434179300561,11.608956177207908,8.795521997907347
셔도,2.813434179300561,11.608956177207908,8.795521997907347
융 ,2.813434179300561,11.608956177207908,8.795521997907347
핸드폰,2.813434179300561,11.608956177207908,8.795521997907347
잠시,2.7841737405706883,10.920771785990093,8.136598045419404
 잠시,2.7841737405706883,10.920771785990093,8.136598045419404
시고요,2.7514068694116247,10.230115266742601,7.478708397330976
 있으신,2.7444888940041086,11.60895617720791,8.864467283203801
정보가 ,2.7444888940041086,11.60895617720791,8.864467283203801
어보,2.7444888940041086,11.60895617720791,8.864467283203801
없는데,2.7444888940041086,11.60895617720791,8.864467283203801
위해서 ,2.7444888940041086,11.60895617720791,8.864467283203801
있으신,2.7444888940041086,11.60895617720791,8.864467283203801
 부분 ,2.7444888940041086,11.60895617720791,8.864467283203801
 없는데,2.7444888940041086,11.60895617720791,8.864467283203801
정보가,2.7444888940041086,11.60895617720791,8.864467283203801
 본인 ,2.734548374179436,9.538215746980809,6.803667372801373
본인 ,2.734548374179436,9.538215746980809,6.803667372801373
이제 ,2.73339161007725,10.230115266742601,7.496723656665351
 이제 ,2.73339161007725,10.230115266742601,7.496723656665351
이게,2.6750142218979356,10.920771785990093,8.245757564092157
이게 ,2.6750142218979356,10.920771785990093,8.245757564092157
하시고,2.670435826179606,11.60895617720791,8.938520351028304
십시오,2.670435826179606,11.60895617720791,8.938520351028304
 신고,2.670435826179606,11.60895617720791,8.938520351028304
자들,2.670435826179606,11.60895617720791,8.938520351028304
십시,2.670435826179606,11.60895617720791,8.938520351028304
든요 ,2.670435826179606,11.60895617720791,8.938520351028304
신고,2.670435826179606,11.60895617720791,8.938520351028304
만요. ,2.670435826179606,11.60895617720791,8.938520351028304
피 ,2.670435826179606,11.60895617720791,8.938520351028304
만요.,2.670435826179606,11.60895617720791,8.938520351028304
 테,2.670435826179606,11.60895617720791,8.938520351028304
시오,2.670435826179606,11.60895617720791,8.938520351028304
이세요,2.670435826179606,11.60895617720791,8.938520351028304
이세,2.670435826179606,11.60895617720791,8.938520351028304
거든요 ,2.670435826179606,11.60895617720791,8.938520351028304
 이게,2.6358088873269025,10.920771785990093,8.28496289866319
 이게 ,2.6358088873269025,10.920771785990093,8.28496289866319
습니다 ,2.596524463408361,10.516966429300295,7.920441965891934
관이,2.5904571697470846,11.60895617720791,9.018499007460825
 하신 ,2.5904571697470846,11.60895617720791,9.018499007460825
그쪽,2.5904571697470846,11.60895617720791,9.018499007460825
당하,2.5904571697470846,11.60895617720791,9.018499007460825
시만요.,2.5904571697470846,11.60895617720791,9.018499007460825
 분들이,2.5904571697470846,11.60895617720791,9.018499007460825
정에,2.5904571697470846,11.60895617720791,9.018499007460825
 그쪽,2.5904571697470846,11.60895617720791,9.018499007460825
쪽 ,2.5904571697470846,11.60895617720791,9.018499007460825
해드릴,2.5904571697470846,11.60895617720791,9.018499007460825
해가,2.5904571697470846,11.60895617720791,9.018499007460825
쪽에서,2.5904571697470846,11.60895617720791,9.018499007460825
하십니까,2.5904571697470846,11.60895617720791,9.018499007460825
결 ,2.5524620464846492,10.920771785990093,8.368309739505444
 받으,2.532761310494725,10.230115266742601,7.697353956247876
인이 ,2.5287621956333286,10.007470592964305,7.478708397330976
 전화 ,2.5102935040128838,10.230115266742601,7.719821762729717
전화 ,2.5102935040128838,10.230115266742601,7.719821762729717
201,2.508030037975745,10.920771785990093,8.412741748014348
과정에,2.503521484389781,11.60895617720791,9.105434692818129
으셨,2.503521484389781,11.60895617720791,9.105434692818129
 과정에,2.503521484389781,11.60895617720791,9.105434692818129
면요,2.503521484389781,11.60895617720791,9.105434692818129
 쪽에서,2.503521484389781,11.60895617720791,9.105434692818129
 테니,2.503521484389781,11.60895617720791,9.105434692818129
있기,2.503521484389781,11.60895617720791,9.105434692818129
 하시,2.473712524411302,10.007470592964305,7.533758068553003
드린,2.4637843083711743,10.230115266742601,7.766330958371427
 드릴 ,2.461531657294284,10.920771785990093,8.459240128695809
 저희,2.452957196879014,8.67394135156074,6.220984154681727
저희,2.452957196879014,8.67394135156074,6.220984154681727
드릴 ,2.4396925625938515,10.230115266742601,7.7904227041487495
인이,2.415754330962665,9.825481759513961,7.409727428551296
시다,2.4083021269823224,11.60895617720791,9.200654050225587
 테니까,2.4083021269823224,11.60895617720791,9.200654050225587
하셔야,2.4083021269823224,11.60895617720791,9.200654050225587
아닙니,2.4083021269823224,11.60895617720791,9.200654050225587
정에서,2.4083021269823224,11.60895617720791,9.200654050225587
아닙,2.4083021269823224,11.60895617720791,9.200654050225587
있거,2.4083021269823224,11.60895617720791,9.200654050225587
 통해서,2.4083021269823224,11.60895617720791,9.200654050225587
쪽에서 ,2.4083021269823224,11.60895617720791,9.200654050225587
 있거,2.4083021269823224,11.60895617720791,9.200654050225587
행에,2.4083021269823224,11.60895617720791,9.200654050225587
보는 ,2.4083021269823224,11.60895617720791,9.200654050225587
 아닙,2.4083021269823224,11.60895617720791,9.200654050225587
이라는,2.4083021269823224,11.60895617720791,9.200654050225587
으십니까,2.4083021269823224,11.60895617720791,9.200654050225587
니에,2.4083021269823224,11.60895617720791,9.200654050225587
통해서,2.4083021269823224,11.60895617720791,9.200654050225587
통해서 ,2.4083021269823224,11.60895617720791,9.200654050225587
보는,2.4083021269823224,11.60895617720791,9.200654050225587
관 ,2.4083021269823224,11.60895617720791,9.200654050225587
공인 ,2.4083021269823224,11.60895617720791,9.200654050225587
 있기,2.4083021269823224,11.60895617720791,9.200654050225587
 아닙니,2.4083021269823224,11.60895617720791,9.200654050225587
사는,2.4083021269823224,11.60895617720791,9.200654050225587
닙니,2.4083021269823224,11.60895617720791,9.200654050225587
드린 ,2.389694646708449,10.230115266742601,7.840420620034152
가지 ,2.3803683838808904,10.516966429300295,8.136598045419404
개인,2.3644698070047356,9.825481759513963,7.461011952509227
 개인,2.3644698070047356,9.825481759513963,7.461011952509227
적 ,2.3452893750195933,10.516966429300293,8.1716770542807
두 ,2.337064769587948,10.230115266742601,7.893050497154653
가지,2.328758102848612,9.825481759513963,7.496723656665351
그 ,2.3270048900274647,8.979135147712164,6.652130257684699
 그 ,2.3270048900274647,8.979135147712164,6.652130257684699
 드릴,2.3101166367164288,10.007470592964305,7.697353956247876
 얘,2.309673300850667,10.230115266742601,7.920441965891934
좌 ,2.3074603016252393,10.920771785990093,8.613311484364853
 계좌 ,2.3074603016252393,10.920771785990093,8.613311484364853
계좌 ,2.3074603016252393,10.920771785990093,8.613311484364853
네?,2.3074603016252393,10.920771785990093,8.613311484364853
네? ,2.3074603016252393,10.920771785990093,8.613311484364853
 실,2.3074603016252393,10.920771785990093,8.613311484364853
 네?,2.3074603016252393,10.920771785990093,8.613311484364853
 네? ,2.3074603016252393,10.920771785990093,8.613311484364853
자료,2.3074603016252393,10.920771785990093,8.613311484364853
 박,2.3030526052754396,11.60895617720791,9.30590357193247
 아니에,2.3030526052754396,11.60895617720791,9.30590357193247
 있거든,2.3030526052754396,11.60895617720791,9.30590357193247
하라,2.3030526052754396,11.60895617720791,9.30590357193247
화번,2.3030526052754396,11.60895617720791,9.30590357193247
사는 ,2.3030526052754396,11.60895617720791,9.30590357193247
화번호,2.3030526052754396,11.60895617720791,9.30590357193247
아니에요,2.3030526052754396,11.60895617720791,9.30590357193247
과정에서,2.3030526052754396,11.60895617720791,9.30590357193247
 법,2.3030526052754396,11.60895617720791,9.30590357193247
아니에,2.3030526052754396,11.60895617720791,9.30590357193247
 전화번,2.3030526052754396,11.60895617720791,9.30590357193247
하셔야 ,2.3030526052754396,11.60895617720791,9.30590357193247
니에요,2.3030526052754396,11.60895617720791,9.30590357193247
터넷 ,2.3030526052754396,11.60895617720791,9.30590357193247
지.,2.3030526052754396,11.60895617720791,9.30590357193247
전화번,2.3030526052754396,11.60895617720791,9.30590357193247
전화번호,2.3030526052754396,11.60895617720791,9.30590357193247
있거든요,2.3030526052754396,11.60895617720791,9.30590357193247
있거든,2.3030526052754396,11.60895617720791,9.30590357193247
 형,2.3030526052754396,11.60895617720791,9.30590357193247
인터넷 ,2.3030526052754396,11.60895617720791,9.30590357193247
정에서 ,2.3030526052754396,11.60895617720791,9.30590357193247
넷 ,2.3030526052754396,11.60895617720791,9.30590357193247
시는데,2.3030526052754396,11.60895617720791,9.30590357193247
드리면,2.3030526052754396,11.60895617720791,9.30590357193247
지난,2.3030526052754396,11.60895617720791,9.30590357193247
이라는 ,2.3030526052754396,11.60895617720791,9.30590357193247
200,2.3030526052754396,11.60895617720791,9.30590357193247
은행이,2.3030526052754396,11.60895617720791,9.30590357193247
적은,2.3030526052754396,11.60895617720791,9.30590357193247
 지난,2.3030526052754396,11.60895617720791,9.30590357193247
하셔,2.271208865208136,10.516966429300293,8.245757564092157
아시,2.271208865208136,10.516966429300293,8.245757564092157
 아시,2.271208865208136,10.516966429300293,8.245757564092157
 어디,2.2525312222089875,10.230115266742601,7.9775840445336135
어디,2.2525312222089875,10.230115266742601,7.9775840445336135
권에,2.250334548845146,10.920771785990093,8.670437237144947
면서,2.250334548845146,10.920771785990093,8.670437237144947
 심,2.250334548845146,10.920771785990093,8.670437237144947
아까 ,2.250334548845146,10.920771785990093,8.670437237144947
is_long_text,2.250334548845146,10.920771785990093,8.670437237144947
 아까 ,2.250334548845146,10.920771785990093,8.670437237144947
 그러니,2.232003530637103,10.516966429300293,8.28496289866319
러니,2.232003530637103,10.516966429300293,8.28496289866319
그러니,2.232003530637103,10.516966429300293,8.28496289866319
얘기,2.2226871690549856,10.230115266742601,8.007428097687615
 얘기,2.2226871690549856,10.230115266742601,8.007428097687615
 된,2.2170478888155554,10.007470592964305,7.7904227041487495
적으로,2.192652438504094,9.825481759513963,7.6328293210098686
적으,2.192652438504094,9.825481759513963,7.6328293210098686
러니까,2.1911981959807374,10.516966429300293,8.325768233319556
그러니까,2.1911981959807374,10.516966429300293,8.325768233319556
든지,2.1897466694459986,10.920771785990093,8.731025116544094
호를,2.18540829473546,11.60895617720791,9.42354788247245
금을 ,2.18540829473546,11.60895617720791,9.42354788247245
하셔서,2.18540829473546,11.60895617720791,9.42354788247245
명이,2.18540829473546,11.60895617720791,9.42354788247245
되고요,2.18540829473546,11.60895617720791,9.42354788247245
금을,2.18540829473546,11.60895617720791,9.42354788247245
아니시,2.18540829473546,11.60895617720791,9.42354788247245
어디 ,2.18540829473546,11.60895617720791,9.42354788247245
니시,2.18540829473546,11.60895617720791,9.42354788247245
지. ,2.18540829473546,11.60895617720791,9.42354788247245
기도,2.18540829473546,11.60895617720791,9.42354788247245
기도 ,2.18540829473546,11.60895617720791,9.42354788247245
으셨어요,2.18540829473546,11.60895617720791,9.42354788247245
하시고 ,2.18540829473546,11.60895617720791,9.42354788247245
 이러,2.18540829473546,11.60895617720791,9.42354788247245
으셨어,2.18540829473546,11.60895617720791,9.42354788247245
명의 ,2.18540829473546,11.60895617720791,9.42354788247245
 막 ,2.18540829473546,11.60895617720791,9.42354788247245
적은 ,2.18540829473546,11.60895617720791,9.42354788247245
 열,2.18540829473546,11.60895617720791,9.42354788247245
 아니시,2.18540829473546,11.60895617720791,9.42354788247245
대 ,2.18540829473546,11.60895617720791,9.42354788247245
위에,2.18540829473546,11.60895617720791,9.42354788247245
의도,2.18540829473546,11.60895617720791,9.42354788247245
 후에,2.18540829473546,11.60895617720791,9.42354788247245
의가 ,2.18540829473546,11.60895617720791,9.42354788247245
의가,2.18540829473546,11.60895617720791,9.42354788247245
 어디 ,2.18540829473546,11.60895617720791,9.42354788247245
법적,2.18540829473546,11.60895617720791,9.42354788247245
 되고요,2.18540829473546,11.60895617720791,9.42354788247245
은행에,2.18540829473546,11.60895617720791,9.42354788247245
 뽑,2.18540829473546,11.60895617720791,9.42354788247245
이러,2.18540829473546,11.60895617720791,9.42354788247245
지고,2.1486566897948496,10.516966429300293,8.368309739505444
분이 ,2.1486566897948496,10.516966429300293,8.368309739505444
정보,2.141081232412745,10.007470592964305,7.86638936055156
든지 ,2.125249788082746,10.920771785990093,8.795521997907347
해를 ,2.125249788082746,10.920771785990093,8.795521997907347
 합,2.125249788082746,10.920771785990093,8.795521997907347
해를,2.125249788082746,10.920771785990093,8.795521997907347
니까요,2.125249788082746,10.920771785990093,8.795521997907347
 이해,2.125249788082746,10.920771785990093,8.795521997907347
네 ,2.0915115360039858,8.322699340256554,6.231187804252568
 없으,2.0826757627568906,9.825481759513963,7.742805996757072
적으로 ,2.0826757627568906,9.825481759513963,7.742805996757072
없으,2.0826757627568906,9.825481759513963,7.742805996757072
릴 ,2.059150801142536,9.825481759513963,7.766330958371427
 간,2.058438212461901,10.230115266742601,8.1716770542807
으시고,2.058438212461901,10.230115266742601,8.1716770542807
통화 ,2.057726300604484,10.516966429300293,8.459240128695809
인지,2.057726300604484,10.516966429300293,8.459240128695809
러니까 ,2.057726300604484,10.516966429300293,8.459240128695809
거는 ,2.057726300604484,10.516966429300293,8.459240128695809
 상태,2.057726300604484,10.516966429300293,8.459240128695809
예요? ,2.057726300604484,10.516966429300293,8.459240128695809
예요?,2.057726300604484,10.516966429300293,8.459240128695809
거는,2.057726300604484,10.516966429300293,8.459240128695809
 상황이,2.0563045027862916,10.920771785990093,8.864467283203801
 행,2.0563045027862916,10.920771785990093,8.864467283203801
 심사,2.0563045027862916,10.920771785990093,8.864467283203801
황이,2.0563045027862916,10.920771785990093,8.864467283203801
심사,2.0563045027862916,10.920771785990093,8.864467283203801
상황이,2.0563045027862916,10.920771785990093,8.864467283203801
용을,2.0563045027862916,10.920771785990093,8.864467283203801
면서 ,2.0563045027862916,10.920771785990093,8.864467283203801
 약,2.0563045027862916,10.920771785990093,8.864467283203801
 개,2.0525803853006916,8.67394135156074,6.621360966260049
 그쪽 ,2.0520552347016903,11.60895617720791,9.55690094250622
체를 ,2.0520552347016903,11.60895617720791,9.55690094250622
체를,2.0520552347016903,11.60895617720791,9.55690094250622
 제일,2.0520552347016903,11.60895617720791,9.55690094250622
어차피 ,2.0520552347016903,11.60895617720791,9.55690094250622
거니까,2.0520552347016903,11.60895617720791,9.55690094250622
호를 ,2.0520552347016903,11.60895617720791,9.55690094250622
어차피,2.0520552347016903,11.60895617720791,9.55690094250622
 어차,2.0520552347016903,11.60895617720791,9.55690094250622
 어차피,2.0520552347016903,11.60895617720791,9.55690094250622
 제일 ,2.0520552347016903,11.60895617720791,9.55690094250622
증서 ,2.0520552347016903,11.60895617720791,9.55690094250622
차피 ,2.0520552347016903,11.60895617720791,9.55690094250622
 돼요.,2.0520552347016903,11.60895617720791,9.55690094250622
그쪽 ,2.0520552347016903,11.60895617720791,9.55690094250622
 200,2.0520552347016903,11.60895617720791,9.55690094250622
제일,2.0520552347016903,11.60895617720791,9.55690094250622
리하,2.0520552347016903,11.60895617720791,9.55690094250622
 후에 ,2.0520552347016903,11.60895617720791,9.55690094250622
인에,2.0520552347016903,11.60895617720791,9.55690094250622
람 ,2.0520552347016903,11.60895617720791,9.55690094250622
 통신,2.0520552347016903,11.60895617720791,9.55690094250622
통신,2.0520552347016903,11.60895617720791,9.55690094250622
었어요,2.0520552347016903,11.60895617720791,9.55690094250622
제일 ,2.0520552347016903,11.60895617720791,9.55690094250622
었어,2.0520552347016903,11.60895617720791,9.55690094250622
분도,2.0520552347016903,11.60895617720791,9.55690094250622
어차,2.0520552347016903,11.60895617720791,9.55690094250622
사로 ,2.0520552347016903,11.60895617720791,9.55690094250622
하셔서 ,2.0520552347016903,11.60895617720791,9.55690094250622
 은행에,2.0520552347016903,11.60895617720791,9.55690094250622
차피,2.0520552347016903,11.60895617720791,9.55690094250622
 정보가,2.0520552347016903,11.60895617720791,9.55690094250622
보호,2.0520552347016903,11.60895617720791,9.55690094250622
니. ,2.0520552347016903,11.60895617720791,9.55690094250622
있으신가,2.0520552347016903,11.60895617720791,9.55690094250622
니.,2.0520552347016903,11.60895617720791,9.55690094250622
요 ,2.049010635775807,7.981057225059921,5.932046589284114
 네 ,2.0442611324126956,8.322699340256554,6.278438207843858
 드릴게,2.0089599343432187,10.516966429300293,8.508006494957074
지고 ,2.0089599343432187,10.516966429300293,8.508006494957074
 통화 ,2.0089599343432187,10.516966429300293,8.508006494957074
받으,1.9961889276292402,9.67156880701458,7.67537987938534
 드린,1.984357702650442,10.2301152667426,8.245757564092157
 어느 ,1.9822514349617908,10.920771785990095,8.938520351028304
 어느,1.9822514349617908,10.920771785990095,8.938520351028304
 번 ,1.9822514349617908,10.920771785990095,8.938520351028304
어느,1.9822514349617908,10.920771785990095,8.938520351028304
느 ,1.9822514349617908,10.920771785990095,8.938520351028304
증거,1.9822514349617908,10.920771785990095,8.938520351028304
 증거,1.9822514349617908,10.920771785990095,8.938520351028304
하기 ,1.9822514349617908,10.920771785990095,8.938520351028304
어느 ,1.9822514349617908,10.920771785990095,8.938520351028304
용을 ,1.9822514349617908,10.920771785990095,8.938520351028304
부 ,1.9576929422479132,10.516966429300293,8.55927348705238
 명,1.9543767151351945,9.315321914733948,7.360945199598754
has_personal,1.945152368079409,10.2301152667426,8.28496289866319
 드린 ,1.945152368079409,10.2301152667426,8.28496289866319
이요,1.945152368079409,10.2301152667426,8.28496289866319
다면 ,1.945152368079409,10.2301152667426,8.28496289866319
니까,1.9189521753276084,7.955088484542514,6.036136309214905
죠 ,1.9043470334230435,10.2301152667426,8.325768233319556
사를 ,1.9043470334230435,10.2301152667426,8.325768233319556
사를,1.9043470334230435,10.2301152667426,8.325768233319556
이라고,1.9043470334230435,10.2301152667426,8.325768233319556
자금,1.9043470334230435,10.2301152667426,8.325768233319556
 되어,1.9036549449354396,10.516966429300293,8.613311484364853
 상황,1.9036549449354396,10.516966429300293,8.613311484364853
상황,1.9036549449354396,10.516966429300293,8.613311484364853
까요. ,1.9022727785292695,10.920771785990095,9.018499007460825
니까요.,1.9022727785292695,10.920771785990095,9.018499007460825
까요.,1.9022727785292695,10.920771785990095,9.018499007460825
셨습,1.9022727785292695,10.920771785990095,9.018499007460825
 처리가,1.9022727785292695,10.920771785990095,9.018499007460825
 전부,1.9022727785292695,10.920771785990095,9.018499007460825
되겠,1.9022727785292695,10.920771785990095,9.018499007460825
셨습니,1.9022727785292695,10.920771785990095,9.018499007460825
했습니,1.9022727785292695,10.920771785990095,9.018499007460825
했습,1.9022727785292695,10.920771785990095,9.018499007460825
처리가 ,1.9022727785292695,10.920771785990095,9.018499007460825
 청,1.9022727785292695,10.920771785990095,9.018499007460825
처리가,1.9022727785292695,10.920771785990095,9.018499007460825
 의,1.9022727785292695,10.920771785990095,9.018499007460825
했습니다,1.9022727785292695,10.920771785990095,9.018499007460825
 되겠,1.9022727785292695,10.920771785990095,9.018499007460825
다가,1.9022727785292695,10.920771785990095,9.018499007460825
 했어,1.8981422822023077,11.60895617720791,9.710813895005602
 했어요,1.8981422822023077,11.60895617720791,9.710813895005602
 있으니,1.8981422822023077,11.60895617720791,9.710813895005602
렇다면 ,1.8981422822023077,11.60895617720791,9.710813895005602
 증명,1.8981422822023077,11.60895617720791,9.710813895005602
요하,1.8981422822023077,11.60895617720791,9.710813895005602
용카드,1.8981422822023077,11.60895617720791,9.710813895005602
번호를,1.8981422822023077,11.60895617720791,9.710813895005602
 보통,1.8981422822023077,11.60895617720791,9.710813895005602
 잠시 ,1.8981422822023077,11.60895617720791,9.710813895005602
용카,1.8981422822023077,11.60895617720791,9.710813895005602
 해드릴,1.8981422822023077,11.60895617720791,9.710813895005602
 분이 ,1.8981422822023077,11.60895617720791,9.710813895005602
 본 ,1.8981422822023077,11.60895617720791,9.710813895005602
증명,1.8981422822023077,11.60895617720791,9.710813895005602
 주셨,1.8981422822023077,11.60895617720791,9.710813895005602
우자,1.8981422822023077,11.60895617720791,9.710813895005602
 보호,1.8981422822023077,11.60895617720791,9.710813895005602
 있었는,1.8981422822023077,11.60895617720791,9.710813895005602
잠시 ,1.8981422822023077,11.60895617720791,9.710813895005602
마이너,1.8981422822023077,11.60895617720791,9.710813895005602
하셨습,1.8981422822023077,11.60895617720791,9.710813895005602
드리면 ,1.8981422822023077,11.60895617720791,9.710813895005602
었고,1.8981422822023077,11.60895617720791,9.710813895005602
 않았,1.8981422822023077,11.60895617720791,9.710813895005602
않았,1.8981422822023077,11.60895617720791,9.710813895005602
있는지,1.8981422822023077,11.60895617720791,9.710813895005602
있어요 ,1.8981422822023077,11.60895617720791,9.710813895005602
 거니까,1.8981422822023077,11.60895617720791,9.710813895005602
하셨습니,1.8981422822023077,11.60895617720791,9.710813895005602
 필요하,1.8981422822023077,11.60895617720791,9.710813895005602
x ,1.8981422822023077,11.60895617720791,9.710813895005602
되고요.,1.8981422822023077,11.60895617720791,9.710813895005602
있었는,1.8981422822023077,11.60895617720791,9.710813895005602
있으니,1.8981422822023077,11.60895617720791,9.710813895005602
 이어,1.8981422822023077,11.60895617720791,9.710813895005602
보통,1.8981422822023077,11.60895617720791,9.710813895005602
고를 ,1.8981422822023077,11.60895617720791,9.710813895005602
 사용 ,1.8981422822023077,11.60895617720791,9.710813895005602
고를,1.8981422822023077,11.60895617720791,9.710813895005602
들어서,1.8981422822023077,11.60895617720791,9.710813895005602
들어서 ,1.8981422822023077,11.60895617720791,9.710813895005602
분도 ,1.8981422822023077,11.60895617720791,9.710813895005602
동하,1.8981422822023077,11.60895617720791,9.710813895005602
폰을 ,1.8981422822023077,11.60895617720791,9.710813895005602
이너,1.8981422822023077,11.60895617720791,9.710813895005602
 마이너,1.8981422822023077,11.60895617720791,9.710813895005602
 신용카,1.8981422822023077,11.60895617720791,9.710813895005602
폰을,1.8981422822023077,11.60895617720791,9.710813895005602
시는데 ,1.8981422822023077,11.60895617720791,9.710813895005602
신용카드,1.8981422822023077,11.60895617720791,9.710813895005602
필요하,1.8981422822023077,11.60895617720791,9.710813895005602
신용카,1.8981422822023077,11.60895617720791,9.710813895005602
니다 ,1.8798144825618959,9.053188215536665,7.173373732974769
린 ,1.8628358675954706,9.53821574698081,7.67537987938534
이트,1.8465291921553462,10.516966429300293,8.670437237144947
사이트,1.8465291921553462,10.516966429300293,8.670437237144947
 해야 ,1.8465291921553462,10.516966429300293,8.670437237144947
통장,1.8341118783073362,8.440436097827916,6.60632421952058
 모르,1.8285557783189272,9.420571436440833,7.592015658121905
모르,1.8285557783189272,9.420571436440833,7.592015658121905
문에,1.8242676176910502,8.785105101653308,6.9608374839622575
 전부 ,1.8153370931719657,10.920771785990095,9.105434692818129
테니,1.8153370931719657,10.920771785990095,9.105434692818129
 자료,1.8153370931719657,10.920771785990095,9.105434692818129
이거는,1.8153370931719657,10.920771785990095,9.105434692818129
이거는 ,1.8153370931719657,10.920771785990095,9.105434692818129
 이거는,1.8153370931719657,10.920771785990095,9.105434692818129
전부 ,1.8153370931719657,10.920771785990095,9.105434692818129
자인,1.8153370931719657,10.920771785990095,9.105434692818129
막 ,1.8153370931719657,10.920771785990095,9.105434692818129
 이 ,1.798554771293687,8.727979348873212,6.929424577579526
때문,1.7918358486898542,8.785105101653308,6.9932692529634535
때문에,1.7918358486898542,8.785105101653308,6.9932692529634535
 경우,1.7872914699430176,9.825481759513963,8.038190289570945
경우,1.7872914699430176,9.825481759513963,8.038190289570945
 사이트,1.785941312756199,10.516966429300293,8.731025116544094
드리고,1.785941312756199,10.516966429300293,8.731025116544094
 때문에,1.7807872333695842,8.785105101653308,7.0043178682837235
 때문,1.7807872333695842,8.785105101653308,7.0043178682837235
문에 ,1.7807872333695842,8.785105101653308,7.0043178682837235
돈을 ,1.7708751380467902,10.2301152667426,8.459240128695809
 돈을 ,1.7708751380467902,10.2301152667426,8.459240128695809
 돈을,1.7708751380467902,10.2301152667426,8.459240128695809
돈을,1.7708751380467902,10.2301152667426,8.459240128695809
 들어가,1.7617130288721476,10.007470592964305,8.245757564092157
들어가,1.7617130288721476,10.007470592964305,8.245757564092157
 알겠습,1.7511268411226464,9.67156880701458,7.920441965891934
알겠습,1.7511268411226464,9.67156880701458,7.920441965891934
알겠습니,1.7511268411226464,9.67156880701458,7.920441965891934
때문에 ,1.746889512678523,8.785105101653308,7.038215588974785
 된 ,1.7225076943011146,10.007470592964305,8.28496289866319
있고,1.7221087717855248,10.2301152667426,8.508006494957074
이라고 ,1.7221087717855248,10.2301152667426,8.508006494957074
거예요?,1.7214444313929462,10.516966429300293,8.795521997907347
드리고 ,1.7214444313929462,10.516966429300293,8.795521997907347
으신 ,1.7214444313929462,10.516966429300293,8.795521997907347
다가 ,1.7201177357645072,10.920771785990095,9.200654050225587
 내가,1.7201177357645072,10.920771785990095,9.200654050225587
내주,1.7201177357645072,10.920771785990095,9.200654050225587
리면,1.7201177357645072,10.920771785990095,9.200654050225587
내드릴,1.7201177357645072,10.920771785990095,9.200654050225587
 계신,1.7201177357645072,10.920771785990095,9.200654050225587
들을,1.7201177357645072,10.920771785990095,9.200654050225587
테니까,1.7201177357645072,10.920771785990095,9.200654050225587
들을 ,1.7201177357645072,10.920771785990095,9.200654050225587
보내드릴,1.7201177357645072,10.920771785990095,9.200654050225587
계신,1.7201177357645072,10.920771785990095,9.200654050225587
 내가 ,1.7201177357645072,10.920771785990095,9.200654050225587
름으,1.7161534487519656,11.60895617720791,9.892802728455944
번호를 ,1.7161534487519656,11.60895617720791,9.892802728455944
행에서,1.7161534487519656,11.60895617720791,9.892802728455944
배우,1.7161534487519656,11.60895617720791,9.892802728455944
마나,1.7161534487519656,11.60895617720791,9.892802728455944
좌를 ,1.7161534487519656,11.60895617720791,9.892802728455944
조건,1.7161534487519656,11.60895617720791,9.892802728455944
십시오.,1.7161534487519656,11.60895617720791,9.892802728455944
마나 ,1.7161534487519656,11.60895617720791,9.892802728455944
정지,1.7161534487519656,11.60895617720791,9.892802728455944
사무,1.7161534487519656,11.60895617720791,9.892802728455944
 민,1.7161534487519656,11.60895617720791,9.892802728455944
 정확히,1.7161534487519656,11.60895617720791,9.892802728455944
됐는,1.7161534487519656,11.60895617720791,9.892802728455944
 은행이,1.7161534487519656,11.60895617720791,9.892802728455944
0.,1.7161534487519656,11.60895617720791,9.892802728455944
말을,1.7161534487519656,11.60895617720791,9.892802728455944
배우자,1.7161534487519656,11.60895617720791,9.892802728455944
름으로,1.7161534487519656,11.60895617720791,9.892802728455944
관이 ,1.7161534487519656,11.60895617720791,9.892802728455944
 대로 ,1.7161534487519656,11.60895617720791,9.892802728455944
 대로,1.7161534487519656,11.60895617720791,9.892802728455944
위에 ,1.7161534487519656,11.60895617720791,9.892802728455944
확히 ,1.7161534487519656,11.60895617720791,9.892802728455944
확히,1.7161534487519656,11.60895617720791,9.892802728455944
좌를,1.7161534487519656,11.60895617720791,9.892802728455944
 얼마나,1.7161534487519656,11.60895617720791,9.892802728455944
 할게,1.7161534487519656,11.60895617720791,9.892802728455944
이해하,1.7161534487519656,11.60895617720791,9.892802728455944
 있는지,1.7161534487519656,11.60895617720791,9.892802728455944
지요.,1.7161534487519656,11.60895617720791,9.892802728455944
입금 ,1.7161534487519656,11.60895617720791,9.892802728455944
정확히,1.7161534487519656,11.60895617720791,9.892802728455944
말을 ,1.7161534487519656,11.60895617720791,9.892802728455944
정확히 ,1.7161534487519656,11.60895617720791,9.892802728455944
연결,1.7161534487519656,11.60895617720791,9.892802728455944
 하라,1.7161534487519656,11.60895617720791,9.892802728455944
시오. ,1.7161534487519656,11.60895617720791,9.892802728455944
 거는 ,1.7161534487519656,11.60895617720791,9.892802728455944
 거는,1.7161534487519656,11.60895617720791,9.892802728455944
얘기 ,1.7161534487519656,11.60895617720791,9.892802728455944
셨어요.,1.7161534487519656,11.60895617720791,9.892802728455944
얼마나 ,1.7161534487519656,11.60895617720791,9.892802728455944
 얘기 ,1.7161534487519656,11.60895617720791,9.892802728455944
얼마나,1.7161534487519656,11.60895617720791,9.892802728455944
권을,1.7161534487519656,11.60895617720791,9.892802728455944
 되는데,1.7161534487519656,11.60895617720791,9.892802728455944
이름으로,1.7161534487519656,11.60895617720791,9.892802728455944
시오.,1.7161534487519656,11.60895617720791,9.892802728455944
오. ,1.7161534487519656,11.60895617720791,9.892802728455944
이름으,1.7161534487519656,11.60895617720791,9.892802728455944
하라고,1.7161534487519656,11.60895617720791,9.892802728455944
 개 ,1.7161534487519656,11.60895617720791,9.892802728455944
 이해하,1.7161534487519656,11.60895617720791,9.892802728455944
물어보,1.7161534487519656,11.60895617720791,9.892802728455944
계좌를,1.7161534487519656,11.60895617720791,9.892802728455944
계좌를 ,1.7161534487519656,11.60895617720791,9.892802728455944
처리를,1.7161534487519656,11.60895617720791,9.892802728455944
 이름으,1.7161534487519656,11.60895617720791,9.892802728455944
권을 ,1.7161534487519656,11.60895617720791,9.892802728455944
있는지 ,1.7161534487519656,11.60895617720791,9.892802728455944
 가지고,1.7161534487519656,11.60895617720791,9.892802728455944
지요. ,1.7161534487519656,11.60895617720791,9.892802728455944
 물어보,1.7161534487519656,11.60895617720791,9.892802728455944
받으신,1.7161534487519656,11.60895617720791,9.892802728455944
했고,1.7161534487519656,11.60895617720791,9.892802728455944
처리를 ,1.7161534487519656,11.60895617720791,9.892802728455944
하고요,1.7161534487519656,11.60895617720791,9.892802728455944
 측,1.7161534487519656,11.60895617720791,9.892802728455944
 배우,1.7161534487519656,11.60895617720791,9.892802728455944
 배우자,1.7161534487519656,11.60895617720791,9.892802728455944
측에,1.7161534487519656,11.60895617720791,9.892802728455944
자들이,1.7161534487519656,11.60895617720791,9.892802728455944
 입금 ,1.7161534487519656,11.60895617720791,9.892802728455944
 통장,1.7069668209128563,8.440436097827916,6.73346927691506
알겠,1.6977951269466587,9.53821574698081,7.840420620034152
 알겠,1.6977951269466587,9.53821574698081,7.840420620034152
예요,1.6806720985972872,8.67394135156074,6.9932692529634535
여쭤,1.6708417796902193,10.2301152667426,8.55927348705238
 있고,1.6708417796902193,10.2301152667426,8.55927348705238
 여쭤,1.6708417796902193,10.2301152667426,8.55927348705238
아까,1.6708417796902193,10.2301152667426,8.55927348705238
 아까,1.6708417796902193,10.2301152667426,8.55927348705238
에요,1.654240478069406,9.420571436440833,7.766330958371427
된다,1.652499146096492,10.516966429300293,8.864467283203801
저도 ,1.652499146096492,10.516966429300293,8.864467283203801
저도,1.652499146096492,10.516966429300293,8.864467283203801
인지 ,1.652499146096492,10.516966429300293,8.864467283203801
 저도 ,1.652499146096492,10.516966429300293,8.864467283203801
 저도,1.652499146096492,10.516966429300293,8.864467283203801
원이,1.652499146096492,10.516966429300293,8.864467283203801
후에,1.652499146096492,10.516966429300293,8.864467283203801
분들,1.6301487322920831,9.420571436440833,7.7904227041487495
거예요,1.6248017416517495,8.785105101653308,7.160303360001558
 거예,1.6248017416517495,8.785105101653308,7.160303360001558
 거예요,1.6248017416517495,8.785105101653308,7.160303360001558
거예,1.6248017416517495,8.785105101653308,7.160303360001558
전화,1.618421269705582,8.440436097827916,6.8220148281223345
 전화,1.618421269705582,8.440436097827916,6.8220148281223345
고요? ,1.6177737810888768,9.53821574698081,7.920441965891934
고요?,1.6177737810888768,9.53821574698081,7.920441965891934
 운영,1.6148682140576245,10.920771785990095,9.30590357193247
그랬,1.6148682140576245,10.920771785990095,9.30590357193247
금액이,1.6148682140576245,10.920771785990095,9.30590357193247
까.,1.6148682140576245,10.920771785990095,9.30590357193247
릴게요 ,1.6148682140576245,10.920771785990095,9.30590357193247
 조회,1.6148682140576245,10.920771785990095,9.30590357193247
니까. ,1.6148682140576245,10.920771785990095,9.30590357193247
니까.,1.6148682140576245,10.920771785990095,9.30590357193247
십니다,1.6148682140576245,10.920771785990095,9.30590357193247
 합니,1.6148682140576245,10.920771785990095,9.30590357193247
조회,1.6148682140576245,10.920771785990095,9.30590357193247
까. ,1.6148682140576245,10.920771785990095,9.30590357193247
주셨,1.6148682140576245,10.920771785990095,9.30590357193247
운영,1.6148682140576245,10.920771785990095,9.30590357193247
 그랬,1.6148682140576245,10.920771785990095,9.30590357193247
어요 ,1.6016398965742198,9.67156880701458,8.06992891044036
 입,1.5994088034161837,9.133166871969186,7.533758068553002
라고 ,1.5921762630274374,9.053188215536665,7.461011952509227
설명,1.5784460782719894,10.516966429300293,8.938520351028304
 설명,1.5784460782719894,10.516966429300293,8.938520351028304
시라,1.5784460782719894,10.516966429300293,8.938520351028304
부분에,1.5784460782719894,10.516966429300293,8.938520351028304
 부분에,1.5784460782719894,10.516966429300293,8.938520351028304
없다,1.5784460782719894,10.516966429300293,8.938520351028304
금이,1.5688608229141376,9.67156880701458,8.102707984100443
의 ,1.56447664322953,7.981057225059921,6.416580581830391
 아 ,1.5609499203513035,9.133166871969186,7.572216951617882
 판,1.5606317024471972,9.53821574698081,7.9775840445336135
래서,1.5606317024471972,9.53821574698081,7.9775840445336135
래서 ,1.5606317024471972,9.53821574698081,7.9775840445336135
으신,1.5606317024471972,9.53821574698081,7.9775840445336135
 위,1.5541820758892726,9.420571436440833,7.86638936055156
 있는 ,1.5526034252285221,8.979135147712162,7.42653172248364
고요.,1.549561943080529,7.929777085191935,6.380215142111406
고요. ,1.549561943080529,7.929777085191935,6.380215142111406
상태,1.5482304642684959,10.007470592964305,8.459240128695809
는데요.,1.5482304642684959,10.007470592964305,8.459240128695809
 돼요,1.5482304642684959,10.007470592964305,8.459240128695809
 한 ,1.5411512138472805,9.133166871969186,7.592015658121905
라는,1.5405188608507707,9.825481759513961,8.28496289866319
어가,1.5349707615951758,9.67156880701458,8.136598045419404
서는 ,1.5349707615951758,9.67156880701458,8.136598045419404
서는,1.5349707615951758,9.67156880701458,8.136598045419404
그래서 ,1.5307876492931953,9.53821574698081,8.007428097687615
 그래서,1.5307876492931953,9.53821574698081,8.007428097687615
그래서,1.5307876492931953,9.53821574698081,8.007428097687615
께서,1.522140120051545,8.482977604013803,6.9608374839622575
저는,1.5001294705488988,9.420571436440833,7.920441965891934
 저는,1.5001294705488988,9.420571436440833,7.920441965891934
이에요,1.4998917527338804,9.67156880701458,8.1716770542807
라는 ,1.4997135261944052,9.825481759513961,8.325768233319556
 정보,1.499090150198505,10.2301152667426,8.731025116544094
 막,1.498467421839468,10.516966429300293,9.018499007460825
 되어 ,1.498467421839468,10.516966429300293,9.018499007460825
치 ,1.498467421839468,10.516966429300293,9.018499007460825
으십,1.498467421839468,10.516966429300293,9.018499007460825
으십니,1.498467421839468,10.516966429300293,9.018499007460825
소 ,1.498467421839468,10.516966429300293,9.018499007460825
 없다,1.498467421839468,10.516966429300293,9.018499007460825
 내 ,1.498467421839468,10.516966429300293,9.018499007460825
기는 ,1.4972239035176447,10.920771785990095,9.42354788247245
그렇죠.,1.4972239035176447,10.920771785990095,9.42354788247245
 합니다,1.4972239035176447,10.920771785990095,9.42354788247245
나가,1.4972239035176447,10.920771785990095,9.42354788247245
용하고,1.4972239035176447,10.920771785990095,9.42354788247245
용하고 ,1.4972239035176447,10.920771785990095,9.42354788247245
 금액이,1.4972239035176447,10.920771785990095,9.42354788247245
렇죠. ,1.4972239035176447,10.920771785990095,9.42354788247245
기는,1.4972239035176447,10.920771785990095,9.42354788247245
돼요 ,1.4972239035176447,10.920771785990095,9.42354788247245
 받아보,1.4972239035176447,10.920771785990095,9.42354788247245
 보내주,1.4972239035176447,10.920771785990095,9.42354788247245
렇죠.,1.4972239035176447,10.920771785990095,9.42354788247245
동의,1.4972239035176447,10.920771785990095,9.42354788247245
기하,1.4972239035176447,10.920771785990095,9.42354788247245
보내주,1.4972239035176447,10.920771785990095,9.42354788247245
이시죠,1.4972239035176447,10.920771785990095,9.42354788247245
불러,1.4972239035176447,10.920771785990095,9.42354788247245
 큰,1.4935087749736695,11.60895617720791,10.11544740223424
되어있,1.4935087749736695,11.60895617720791,10.11544740223424
시네,1.4935087749736695,11.60895617720791,10.11544740223424
었고요,1.4935087749736695,11.60895617720791,10.11544740223424
회를,1.4935087749736695,11.60895617720791,10.11544740223424
상담원,1.4935087749736695,11.60895617720791,10.11544740223424
 처리를,1.4935087749736695,11.60895617720791,10.11544740223424
회를 ,1.4935087749736695,11.60895617720791,10.11544740223424
없는데 ,1.4935087749736695,11.60895617720791,10.11544740223424
" 아니,",1.4935087749736695,11.60895617720791,10.11544740223424
 거래하,1.4935087749736695,11.60895617720791,10.11544740223424
거죠 ,1.4935087749736695,11.60895617720791,10.11544740223424
"아니,",1.4935087749736695,11.60895617720791,10.11544740223424
어갈 ,1.4935087749736695,11.60895617720791,10.11544740223424
 말을,1.4935087749736695,11.60895617720791,10.11544740223424
시나 ,1.4935087749736695,11.60895617720791,10.11544740223424
했고요,1.4935087749736695,11.60895617720791,10.11544740223424
했고요.,1.4935087749736695,11.60895617720791,10.11544740223424
 말을 ,1.4935087749736695,11.60895617720791,10.11544740223424
어가서,1.4935087749736695,11.60895617720791,10.11544740223424
어갈,1.4935087749736695,11.60895617720791,10.11544740223424
들어가서,1.4935087749736695,11.60895617720791,10.11544740223424
"아니, ",1.4935087749736695,11.60895617720791,10.11544740223424
 상담원,1.4935087749736695,11.60895617720791,10.11544740223424
하라고 ,1.4935087749736695,11.60895617720791,10.11544740223424
보이,1.4935087749736695,11.60895617720791,10.11544740223424
했어요 ,1.4935087749736695,11.60895617720791,10.11544740223424
하고요.,1.4935087749736695,11.60895617720791,10.11544740223424
행에서 ,1.4935087749736695,11.60895617720791,10.11544740223424
거래하,1.4935087749736695,11.60895617720791,10.11544740223424
 측에,1.4935087749736695,11.60895617720791,10.11544740223424
보기,1.4935087749736695,11.60895617720791,10.11544740223424
보내주시,1.4935087749736695,11.60895617720791,10.11544740223424
 보이,1.4935087749736695,11.60895617720791,10.11544740223424
금까,1.4935087749736695,11.60895617720791,10.11544740223424
금까지,1.4935087749736695,11.60895617720791,10.11544740223424
민수,1.4935087749736695,11.60895617720791,10.11544740223424
청을 ,1.4935087749736695,11.60895617720791,10.11544740223424
청을,1.4935087749736695,11.60895617720791,10.11544740223424
 번호를,1.4935087749736695,11.60895617720791,10.11544740223424
까지는,1.4935087749736695,11.60895617720791,10.11544740223424
여러,1.4935087749736695,11.60895617720791,10.11544740223424
까지는 ,1.4935087749736695,11.60895617720791,10.11544740223424
면은,1.4935087749736695,11.60895617720791,10.11544740223424
정이 ,1.4935087749736695,11.60895617720791,10.11544740223424
른데,1.4935087749736695,11.60895617720791,10.11544740223424
 할게요,1.4935087749736695,11.60895617720791,10.11544740223424
 발생하,1.4935087749736695,11.60895617720791,10.11544740223424
놓고,1.4935087749736695,11.60895617720791,10.11544740223424
 조회를,1.4935087749736695,11.60895617720791,10.11544740223424
었어요.,1.4935087749736695,11.60895617720791,10.11544740223424
 연결,1.4935087749736695,11.60895617720791,10.11544740223424
장하,1.4935087749736695,11.60895617720791,10.11544740223424
만원,1.4935087749736695,11.60895617720791,10.11544740223424
담원,1.4935087749736695,11.60895617720791,10.11544740223424
조회를 ,1.4935087749736695,11.60895617720791,10.11544740223424
800,1.4935087749736695,11.60895617720791,10.11544740223424
조회를,1.4935087749736695,11.60895617720791,10.11544740223424
마이너스,1.4935087749736695,11.60895617720791,10.11544740223424
보기 ,1.4935087749736695,11.60895617720791,10.11544740223424
관에,1.4935087749736695,11.60895617720791,10.11544740223424
래하,1.4935087749736695,11.60895617720791,10.11544740223424
으시,1.488630432118395,8.573907993204168,7.085277561085773
한테,1.4792885734525072,9.133166871969186,7.653878298516679
 조,1.477634537533378,8.527409612522707,7.049775074989329
 저는 ,1.4719665278546898,9.420571436440833,7.948604908586143
저는 ,1.4719665278546898,9.420571436440833,7.948604908586143
저희 ,1.4706727038012701,8.785105101653308,7.314432397852038
희 ,1.4706727038012701,8.785105101653308,7.314432397852038
 저희 ,1.4706727038012701,8.785105101653308,7.314432397852038
01,1.4635373312663873,9.67156880701458,8.208031475748193
해드,1.4635373312663873,9.67156880701458,8.208031475748193
들이 ,1.4611725574147592,9.053188215536665,7.592015658121905
용이,1.4571720200085174,9.825481759513961,8.368309739505444
 저,1.454061812371629,7.212065317012758,5.758003504641129
잖아요,1.4489325541823899,9.31532191473395,7.86638936055156
 네,1.4486158123690123,6.562597010473648,5.113981198104636
보니까,1.448197105911925,10.007470592964305,8.55927348705238
자 ,1.4392437763860926,8.573907993204168,7.134664216818075
테 ,1.4358129157213098,9.133166871969186,7.697353956247876
 농,1.4358129157213098,9.133166871969186,7.697353956247876
한테 ,1.4358129157213098,9.133166871969186,7.697353956247876
얼마,1.435507762880368,9.53821574698081,8.102707984100443
 얼마,1.435507762880368,9.53821574698081,8.102707984100443
세요 ,1.435507762880368,9.53821574698081,8.102707984100443
 하시는,1.4345932688352523,10.2301152667426,8.795521997907347
이해,1.4345932688352523,10.2301152667426,8.795521997907347
 통,1.426705136209221,7.726882149139622,6.300177012930401
아 ,1.426332511944426,8.979135147712162,7.552802635767736
 말씀,1.4166442952416318,8.184596774948721,6.767952479707089
말씀,1.4166442952416318,8.184596774948721,6.767952479707089
후에 ,1.4115317364821642,10.516966429300293,9.105434692818129
 하겠,1.4115317364821642,10.516966429300293,9.105434692818129
우에,1.4115317364821642,10.516966429300293,9.105434692818129
 경우에,1.4115317364821642,10.516966429300293,9.105434692818129
경우에,1.4115317364821642,10.516966429300293,9.105434692818129
지점,1.4115317364821642,10.516966429300293,9.105434692818129
 뭐,1.3995879446382604,8.360425428600518,6.9608374839622575
 분,1.3977000429280295,8.482977604013803,7.085277561085773
하셨,1.394879948842016,9.31532191473395,7.920441965891934
 공인,1.3941591085994514,10.007470592964305,8.613311484364853
건이,1.3941591085994514,10.007470592964305,8.613311484364853
보니까 ,1.3941591085994514,10.007470592964305,8.613311484364853
리가 ,1.38660590835139,9.67156880701458,8.28496289866319
리가,1.38660590835139,9.67156880701458,8.28496289866319
다면,1.38660590835139,9.67156880701458,8.28496289866319
 진,1.3789663509044665,8.440436097827916,7.06146974692345
 일,1.3751370103638054,8.035109830400295,6.659972820036489
셔야,1.3667170061478071,9.31532191473395,7.948604908586143
 이름,1.365647983538798,10.2301152667426,8.864467283203801
금이 ,1.365647983538798,10.2301152667426,8.864467283203801
하기,1.365647983538798,10.2301152667426,8.864467283203801
 스,1.365647983538798,10.2301152667426,8.864467283203801
권에서,1.363870843483875,10.920771785990095,9.55690094250622
서울 ,1.363870843483875,10.920771785990095,9.55690094250622
 동의,1.363870843483875,10.920771785990095,9.55690094250622
 돼요 ,1.363870843483875,10.920771785990095,9.55690094250622
계산,1.363870843483875,10.920771785990095,9.55690094250622
지인,1.363870843483875,10.920771785990095,9.55690094250622
되세요,1.363870843483875,10.920771785990095,9.55690094250622
되세,1.363870843483875,10.920771785990095,9.55690094250622
냐고요,1.363870843483875,10.920771785990095,9.55690094250622
개 ,1.363870843483875,10.920771785990095,9.55690094250622
거기서,1.363870843483875,10.920771785990095,9.55690094250622
거기서 ,1.363870843483875,10.920771785990095,9.55690094250622
 기억,1.363870843483875,10.920771785990095,9.55690094250622
거니,1.363870843483875,10.920771785990095,9.55690094250622
 돼요?,1.363870843483875,10.920771785990095,9.55690094250622
 계산,1.363870843483875,10.920771785990095,9.55690094250622
 거기서,1.363870843483875,10.920771785990095,9.55690094250622
기억,1.363870843483875,10.920771785990095,9.55690094250622
철 ,1.363870843483875,10.920771785990095,9.55690094250622
금액이 ,1.363870843483875,10.920771785990095,9.55690094250622
조치,1.363870843483875,10.920771785990095,9.55690094250622
되셨,1.363870843483875,10.920771785990095,9.55690094250622
오 ,1.363870843483875,10.920771785990095,9.55690094250622
사로,1.363870843483875,10.920771785990095,9.55690094250622
보안,1.363870843483875,10.920771785990095,9.55690094250622
액이 ,1.363870843483875,10.920771785990095,9.55690094250622
 불러,1.363870843483875,10.920771785990095,9.55690094250622
 서울 ,1.363870843483875,10.920771785990095,9.55690094250622
리면 ,1.363870843483875,10.920771785990095,9.55690094250622
 찍,1.363870843483875,10.920771785990095,9.55690094250622
버린,1.363870843483875,10.920771785990095,9.55690094250622
 맞습니,1.363870843483875,10.920771785990095,9.55690094250622
 맞습,1.363870843483875,10.920771785990095,9.55690094250622
맞습,1.363870843483875,10.920771785990095,9.55690094250622
맞습니,1.363870843483875,10.920771785990095,9.55690094250622
이시죠?,1.363870843483875,10.920771785990095,9.55690094250622
상관,1.363870843483875,10.920771785990095,9.55690094250622
없어요 ,1.363870843483875,10.920771785990095,9.55690094250622
 보안,1.363870843483875,10.920771785990095,9.55690094250622
 서울,1.3506425260004722,9.420571436440833,8.06992891044036
서울,1.3506425260004722,9.420571436440833,8.06992891044036
셔야 ,1.3506425260004722,9.420571436440833,8.06992891044036
 받고,1.337033355819358,10.007470592964305,8.670437237144947
 받고 ,1.337033355819358,10.007470592964305,8.670437237144947
받고 ,1.337033355819358,10.007470592964305,8.670437237144947
인터,1.337033355819358,10.007470592964305,8.670437237144947
받고,1.337033355819358,10.007470592964305,8.670437237144947
께서 ,1.3355759840613066,8.482977604013803,7.147401619952496
니까 ,1.321541798565498,8.152858154079306,6.831316355513808
이거,1.3180576512856117,9.133166871969186,7.815109220683574
는지,1.31786345234039,9.420571436440833,8.102707984100443
 얼,1.31786345234039,9.420571436440833,8.102707984100443
사과,1.3163123790747058,10.516966429300293,9.200654050225587
부분에 ,1.3163123790747058,10.516966429300293,9.200654050225587
내가,1.3163123790747058,10.516966429300293,9.200654050225587
내가 ,1.3163123790747058,10.516966429300293,9.200654050225587
보세요.,1.3163123790747058,10.516966429300293,9.200654050225587
 후,1.3163123790747058,10.516966429300293,9.200654050225587
장으로,1.3163123790747058,10.516966429300293,9.200654050225587
장으,1.3163123790747058,10.516966429300293,9.200654050225587
되었,1.2924581828886534,9.53821574698081,8.245757564092157
는지 ,1.2924581828886534,9.53821574698081,8.245757564092157
보 ,1.2915949157142954,10.2301152667426,8.938520351028304
지는,1.2915949157142954,10.2301152667426,8.938520351028304
 할 ,1.2839733910214282,9.420571436440833,8.136598045419404
 인터,1.2764454764202107,10.007470592964305,8.731025116544094
당 ,1.2764454764202107,10.007470592964305,8.731025116544094
을 ,1.268686417075786,6.59496019990515,5.326273782829364
 해야,1.266208272461581,9.825481759513961,8.55927348705238
에게,1.266208272461581,9.825481759513961,8.55927348705238
 성,1.266208272461581,9.825481759513961,8.55927348705238
있는 ,1.2617291598666815,8.622674359465435,7.360945199598754
에요.,1.2588270590002306,9.671568807014578,8.412741748014348
에요. ,1.2588270590002306,9.671568807014578,8.412741748014348
 들어,1.2457313782745043,8.622674359465435,7.376942981190931
 이거,1.2401163748145327,9.133166871969186,7.893050497154653
들이,1.2312556922078617,8.727979348873212,7.496723656665351
 전,1.231046891379978,7.314706288851704,6.083659397471726
 동,1.2287086708053625,8.573907993204168,7.3451993223988055
 공,1.226793872343194,8.440436097827916,7.213642225484723
 받,1.2228393363848582,8.092251909041973,6.869412572657115
 판매,1.212447513661255,9.53821574698081,8.325768233319556
판매,1.212447513661255,9.53821574698081,8.325768233319556
공인,1.2121702751491075,9.825481759513961,8.613311484364853
게요 ,1.211948595056958,10.007470592964305,8.795521997907347
리를 ,1.211616259281774,10.2301152667426,9.018499007460825
전부,1.211616259281774,10.2301152667426,9.018499007460825
으신가요,1.211616259281774,10.2301152667426,9.018499007460825
리를,1.211616259281774,10.2301152667426,9.018499007460825
액이,1.211062857367823,10.516966429300293,9.30590357193247
성이,1.211062857367823,10.516966429300293,9.30590357193247
울 ,1.211062857367823,10.516966429300293,9.30590357193247
 분 ,1.211062857367823,10.516966429300293,9.30590357193247
장으로 ,1.211062857367823,10.516966429300293,9.30590357193247
통장으로,1.211062857367823,10.516966429300293,9.30590357193247
님한테 ,1.211062857367823,10.516966429300293,9.30590357193247
님한테,1.211062857367823,10.516966429300293,9.30590357193247
님한,1.211062857367823,10.516966429300293,9.30590357193247
통장으,1.211062857367823,10.516966429300293,9.30590357193247
정보 ,1.211062857367823,10.516966429300293,9.30590357193247
반 ,1.211062857367823,10.516966429300293,9.30590357193247
 전산,1.2099578909844926,10.920771785990095,9.710813895005602
민 ,1.2099578909844926,10.920771785990095,9.710813895005602
받은,1.2099578909844926,10.920771785990095,9.710813895005602
상황이 ,1.2099578909844926,10.920771785990095,9.710813895005602
07,1.2099578909844926,10.920771785990095,9.710813895005602
명을,1.2099578909844926,10.920771785990095,9.710813895005602
 얘기하,1.2099578909844926,10.920771785990095,9.710813895005602
 대기,1.2099578909844926,10.920771785990095,9.710813895005602
리도,1.2099578909844926,10.920771785990095,9.710813895005602
사자,1.2099578909844926,10.920771785990095,9.710813895005602
상호,1.2099578909844926,10.920771785990095,9.710813895005602
얘기하,1.2099578909844926,10.920771785990095,9.710813895005602
 그것,1.2099578909844926,10.920771785990095,9.710813895005602
 상관,1.2099578909844926,10.920771785990095,9.710813895005602
계신가,1.2099578909844926,10.920771785990095,9.710813895005602
하거나,1.2099578909844926,10.920771785990095,9.710813895005602
계신가요,1.2099578909844926,10.920771785990095,9.710813895005602
하거나 ,1.2099578909844926,10.920771785990095,9.710813895005602
일은 ,1.2099578909844926,10.920771785990095,9.710813895005602
전산,1.2099578909844926,10.920771785990095,9.710813895005602
정상,1.2099578909844926,10.920771785990095,9.710813895005602
 거니,1.2099578909844926,10.920771785990095,9.710813895005602
대기,1.2099578909844926,10.920771785990095,9.710813895005602
황이 ,1.2099578909844926,10.920771785990095,9.710813895005602
있을 ,1.2099578909844926,10.920771785990095,9.710813895005602
 계신가,1.2099578909844926,10.920771785990095,9.710813895005602
테니까 ,1.2099578909844926,10.920771785990095,9.710813895005602
 있을 ,1.2099578909844926,10.920771785990095,9.710813895005602
그것,1.2099578909844926,10.920771785990095,9.710813895005602
 나가,1.2099578909844926,10.920771785990095,9.710813895005602
 정상,1.2099578909844926,10.920771785990095,9.710813895005602
 돈이,1.2099578909844926,10.920771785990095,9.710813895005602
일은,1.2099578909844926,10.920771785990095,9.710813895005602
명을 ,1.2099578909844926,10.920771785990095,9.710813895005602
 마이,1.2099578909844926,10.920771785990095,9.710813895005602
카드를,1.2066576124159774,11.60895617720791,10.402298564791932
된다고 ,1.2066576124159774,11.60895617720791,10.402298564791932
카드를 ,1.2066576124159774,11.60895617720791,10.402298564791932
생님 ,1.2066576124159774,11.60895617720791,10.402298564791932
어플 ,1.2066576124159774,11.60895617720791,10.402298564791932
관없,1.2066576124159774,11.60895617720791,10.402298564791932
려야 ,1.2066576124159774,11.60895617720791,10.402298564791932
금액은,1.2066576124159774,11.60895617720791,10.402298564791932
주시는 ,1.2066576124159774,11.60895617720791,10.402298564791932
어갔,1.2066576124159774,11.60895617720791,10.402298564791932
액은,1.2066576124159774,11.60895617720791,10.402298564791932
플 ,1.2066576124159774,11.60895617720791,10.402298564791932
 상관없,1.2066576124159774,11.60895617720791,10.402298564791932
있는데요,1.2066576124159774,11.60895617720791,10.402298564791932
무거운 ,1.2066576124159774,11.60895617720791,10.402298564791932
었고요.,1.2066576124159774,11.60895617720791,10.402298564791932
선생님 ,1.2066576124159774,11.60895617720791,10.402298564791932
거운 ,1.2066576124159774,11.60895617720791,10.402298564791932
무거운,1.2066576124159774,11.60895617720791,10.402298564791932
거운,1.2066576124159774,11.60895617720791,10.402298564791932
측에서 ,1.2066576124159774,11.60895617720791,10.402298564791932
 처음에,1.2066576124159774,11.60895617720791,10.402298564791932
 당연,1.2066576124159774,11.60895617720791,10.402298564791932
 똑같,1.2066576124159774,11.60895617720791,10.402298564791932
 빌,1.2066576124159774,11.60895617720791,10.402298564791932
 보통 ,1.2066576124159774,11.60895617720791,10.402298564791932
 측에서,1.2066576124159774,11.60895617720791,10.402298564791932
없고 ,1.2066576124159774,11.60895617720791,10.402298564791932
 무거운,1.2066576124159774,11.60895617720791,10.402298564791932
측에서,1.2066576124159774,11.60895617720791,10.402298564791932
법이,1.2066576124159774,11.60895617720791,10.402298564791932
 한국,1.2066576124159774,11.60895617720791,10.402298564791932
한국,1.2066576124159774,11.60895617720791,10.402298564791932
인하고,1.2066576124159774,11.60895617720791,10.402298564791932
 했고요,1.2066576124159774,11.60895617720791,10.402298564791932
당연,1.2066576124159774,11.60895617720791,10.402298564791932
똑같,1.2066576124159774,11.60895617720791,10.402298564791932
 했었,1.2066576124159774,11.60895617720791,10.402298564791932
 했고,1.2066576124159774,11.60895617720791,10.402298564791932
 원래,1.2066576124159774,11.60895617720791,10.402298564791932
 없고 ,1.2066576124159774,11.60895617720791,10.402298564791932
경우 ,1.2066576124159774,11.60895617720791,10.402298564791932
상관없,1.2066576124159774,11.60895617720791,10.402298564791932
 경우 ,1.2066576124159774,11.60895617720791,10.402298564791932
0만원,1.2066576124159774,11.60895617720791,10.402298564791932
원래,1.2066576124159774,11.60895617720791,10.402298564791932
법이 ,1.2066576124159774,11.60895617720791,10.402298564791932
김민,1.2066576124159774,11.60895617720791,10.402298564791932
된다고,1.2066576124159774,11.60895617720791,10.402298564791932
까 ,1.205153913429542,7.880998822879787,6.6758449094502454
 진행,1.1673838656586355,8.910189862415708,7.742805996757072
진행,1.1673838656586355,8.910189862415708,7.742805996757072
시고 ,1.1557623972553301,8.727979348873212,7.572216951617882
 돈,1.1555828274355724,9.133166871969186,7.9775840445336135
이렇게 ,1.1555828274355724,9.133166871969186,7.9775840445336135
에게 ,1.155044522369014,9.825481759513961,8.670437237144947
만약에 ,1.155044522369014,9.825481759513961,8.670437237144947
만약에,1.155044522369014,9.825481759513961,8.670437237144947
약에 ,1.155044522369014,9.825481759513961,8.670437237144947
약에,1.155044522369014,9.825481759513961,8.670437237144947
 만약에,1.155044522369014,9.825481759513961,8.670437237144947
용이 ,1.155044522369014,9.825481759513961,8.670437237144947
 돼,1.1501736468861292,9.22010255732649,8.06992891044036
어떤,1.1501736468861292,9.22010255732649,8.06992891044036
 어떤,1.1501736468861292,9.22010255732649,8.06992891044036
 되고,1.1430033097605037,10.007470592964305,8.864467283203801
선 ,1.1430033097605037,10.007470592964305,8.864467283203801
이름,1.1430033097605037,10.007470592964305,8.864467283203801
 분들,1.1356085377776424,9.420571436440833,8.28496289866319
잖아요.,1.1356085377776424,9.420571436440833,8.28496289866319
 불,1.1342087541337502,8.527409612522707,7.393200858388957
 그러,1.130874165225105,7.981057225059921,6.850183059834816
그러,1.130874165225105,7.981057225059921,6.850183059834816
적인 ,1.1254739989664628,9.53821574698081,8.412741748014348
적인,1.1254739989664628,9.53821574698081,8.412741748014348
 수가 ,1.124680573924472,10.230115266742601,9.105434692818129
 우선,1.124680573924472,10.230115266742601,9.105434692818129
장님,1.124680573924472,10.230115266742601,9.105434692818129
주시고요,1.124680573924472,10.230115266742601,9.105434692818129
 수가,1.124680573924472,10.230115266742601,9.105434692818129
우선,1.124680573924472,10.230115266742601,9.105434692818129
지는 ,1.124680573924472,10.230115266742601,9.105434692818129
라서 ,1.124680573924472,10.230115266742601,9.105434692818129
으시고 ,1.124680573924472,10.230115266742601,9.105434692818129
들어,1.1190074972418032,8.360425428600518,7.241417931358715
말씀하,1.1122953199621985,9.671568807014578,8.55927348705238
씀하,1.1122953199621985,9.671568807014578,8.55927348705238
 말씀하,1.1122953199621985,9.671568807014578,8.55927348705238
 뭐 ,1.110738558491576,8.440436097827916,7.32969753933634
뭐 ,1.110738558491576,8.440436097827916,7.32969753933634
 은,1.1097252222679677,8.785105101653308,7.67537987938534
 원,1.1076049305175175,8.622674359465435,7.515069428947918
 대,1.1049698754400499,7.444365403844701,6.339395528404651
 거라,1.0934185468278432,10.516966429300293,9.42354788247245
 대한 ,1.0934185468278432,10.516966429300293,9.42354788247245
많으,1.0934185468278432,10.516966429300293,9.42354788247245
 송,1.0934185468278432,10.516966429300293,9.42354788247245
기에,1.0934185468278432,10.516966429300293,9.42354788247245
되었습,1.0934185468278432,10.516966429300293,9.42354788247245
우에는 ,1.0934185468278432,10.516966429300293,9.42354788247245
수는,1.0934185468278432,10.516966429300293,9.42354788247245
돼서 ,1.0934185468278432,10.516966429300293,9.42354788247245
우에는,1.0934185468278432,10.516966429300293,9.42354788247245
돼서,1.0934185468278432,10.516966429300293,9.42354788247245
영하,1.0934185468278432,10.516966429300293,9.42354788247245
되었습니,1.0934185468278432,10.516966429300293,9.42354788247245
지급,1.0934185468278432,10.516966429300293,9.42354788247245
 많으,1.0934185468278432,10.516966429300293,9.42354788247245
 통장으,1.0934185468278432,10.516966429300293,9.42354788247245
 지급,1.0934185468278432,10.516966429300293,9.42354788247245
경우에는,1.0934185468278432,10.516966429300293,9.42354788247245
 아니,1.086881051198441,7.5411995869920005,6.4543185357935595
아니,1.086881051198441,7.5411995869920005,6.4543185357935595
떤 ,1.0835045119070852,9.22010255732649,8.136598045419404
 어떤 ,1.0835045119070852,9.22010255732649,8.136598045419404
어떤 ,1.0835045119070852,9.22010255732649,8.136598045419404
 인터넷,1.068950241936001,10.007470592964305,8.938520351028304
터넷,1.068950241936001,10.007470592964305,8.938520351028304
 통해,1.068950241936001,10.007470592964305,8.938520351028304
통해,1.068950241936001,10.007470592964305,8.938520351028304
인터넷,1.068950241936001,10.007470592964305,8.938520351028304
아무,1.068950241936001,10.007470592964305,8.938520351028304
청 ,1.068950241936001,10.007470592964305,8.938520351028304
 아무,1.068950241936001,10.007470592964305,8.938520351028304
 알고 ,1.0632379615288254,9.133166871969186,8.06992891044036
알고 ,1.0632379615288254,9.133166871969186,8.06992891044036
 만약,1.058257322649725,9.671568807014578,8.613311484364853
만약,1.058257322649725,9.671568807014578,8.613311484364853
얼마 ,1.058257322649725,9.671568807014578,8.613311484364853
 얼마 ,1.058257322649725,9.671568807014578,8.613311484364853
 선,1.052261696935389,9.420571436440833,8.368309739505444
니고,1.052261696935389,9.420571436440833,8.368309739505444
 현,1.0504574078475528,8.622674359465435,7.572216951617882
를 ,1.0364941301015174,6.945984220022169,5.909490089920651
 금,1.035677995999995,7.90509056865711,6.869412572657115
 되,1.0329984048852188,7.06492435884242,6.031925953957201
 이거 ,1.0303590160707596,9.31532191473395,8.28496289866319
이거 ,1.0303590160707596,9.31532191473395,8.28496289866319
 왜 ,1.0302092520237363,9.53821574698081,8.508006494957074
왜 ,1.0302092520237363,9.53821574698081,8.508006494957074
네네,1.029959761606614,9.825481759513961,8.795521997907347
기서 ,1.0294612165170136,10.230115266742601,9.200654050225587
개인적,1.0294612165170136,10.230115266742601,9.200654050225587
 개인적,1.0294612165170136,10.230115266742601,9.200654050225587
인적,1.0294612165170136,10.230115266742601,9.200654050225587
말씀이,1.0294612165170136,10.230115266742601,9.200654050225587
 승,1.0294612165170136,10.230115266742601,9.200654050225587
 말씀이,1.0294612165170136,10.230115266742601,9.200654050225587
씀이,1.0294612165170136,10.230115266742601,9.200654050225587
기서,1.0294612165170136,10.230115266742601,9.200654050225587
출이 ,1.0294612165170136,10.230115266742601,9.200654050225587
 있고 ,1.0294612165170136,10.230115266742601,9.200654050225587
있고 ,1.0294612165170136,10.230115266742601,9.200654050225587
산이 ,1.0279690575341505,10.920771785990095,9.892802728455944
 엄마,1.0279690575341505,10.920771785990095,9.892802728455944
렸다,1.0279690575341505,10.920771785990095,9.892802728455944
십니다.,1.0279690575341505,10.920771785990095,9.892802728455944
 저희는,1.0279690575341505,10.920771785990095,9.892802728455944
사람인,1.0279690575341505,10.920771785990095,9.892802728455944
시작,1.0279690575341505,10.920771785990095,9.892802728455944
희는 ,1.0279690575341505,10.920771785990095,9.892802728455944
희는,1.0279690575341505,10.920771785990095,9.892802728455944
휴대폰 ,1.0279690575341505,10.920771785990095,9.892802728455944
 시간이,1.0279690575341505,10.920771785990095,9.892802728455944
 엄,1.0279690575341505,10.920771785990095,9.892802728455944
18,1.0279690575341505,10.920771785990095,9.892802728455944
 시작,1.0279690575341505,10.920771785990095,9.892802728455944
엄마,1.0279690575341505,10.920771785990095,9.892802728455944
일부,1.0279690575341505,10.920771785990095,9.892802728455944
 사람인,1.0279690575341505,10.920771785990095,9.892802728455944
람을,1.0279690575341505,10.920771785990095,9.892802728455944
가면,1.0279690575341505,10.920771785990095,9.892802728455944
대폰 ,1.0279690575341505,10.920771785990095,9.892802728455944
나라,1.0279690575341505,10.920771785990095,9.892802728455944
 나오는,1.0279690575341505,10.920771785990095,9.892802728455944
 조치,1.0279690575341505,10.920771785990095,9.892802728455944
했던 ,1.0279690575341505,10.920771785990095,9.892802728455944
간을 ,1.0279690575341505,10.920771785990095,9.892802728455944
간을,1.0279690575341505,10.920771785990095,9.892802728455944
가면 ,1.0279690575341505,10.920771785990095,9.892802728455944
 돼서 ,1.0279690575341505,10.920771785990095,9.892802728455944
 돼서,1.0279690575341505,10.920771785990095,9.892802728455944
겠지,1.0279690575341505,10.920771785990095,9.892802728455944
 돈이 ,1.0279690575341505,10.920771785990095,9.892802728455944
이다 ,1.0279690575341505,10.920771785990095,9.892802728455944
이니,1.0279690575341505,10.920771785990095,9.892802728455944
하시나,1.0279690575341505,10.920771785990095,9.892802728455944
람인,1.0279690575341505,10.920771785990095,9.892802728455944
람을 ,1.0279690575341505,10.920771785990095,9.892802728455944
는데.,1.0279690575341505,10.920771785990095,9.892802728455944
저희는,1.0279690575341505,10.920771785990095,9.892802728455944
받은 ,1.0279690575341505,10.920771785990095,9.892802728455944
 수는,1.0279690575341505,10.920771785990095,9.892802728455944
보내드리,1.0279690575341505,10.920771785990095,9.892802728455944
으로도,1.0279690575341505,10.920771785990095,9.892802728455944
나오는,1.0279690575341505,10.920771785990095,9.892802728455944
도로,1.0279690575341505,10.920771785990095,9.892802728455944
는데. ,1.0279690575341505,10.920771785990095,9.892802728455944
저희는 ,1.0279690575341505,10.920771785990095,9.892802728455944
 수는 ,1.0279690575341505,10.920771785990095,9.892802728455944
내드리,1.0279690575341505,10.920771785990095,9.892802728455944
 하겠습,1.0279690575341505,10.920771785990095,9.892802728455944
에요?,1.0279690575341505,10.920771785990095,9.892802728455944
에요? ,1.0279690575341505,10.920771785990095,9.892802728455944
화 ,1.0233025586889157,8.322699340256554,7.299396781567638
 이렇,1.0171393652610545,8.910189862415708,7.893050497154653
이렇,1.0171393652610545,8.910189862415708,7.893050497154653
아니고,1.007829688426483,9.42057143644083,8.412741748014348
 아니고,1.007829688426483,9.42057143644083,8.412741748014348
예요.,1.005272361018303,8.845692981052455,7.840420620034152
예요. ,1.005272361018303,8.845692981052455,7.840420620034152
아니 ,1.0011315698696315,9.671568807014578,8.670437237144947
 아니 ,1.0011315698696315,9.671568807014578,8.670437237144947
 계좌,0.9994802290017644,8.360425428600518,7.360945199598754
고요,0.9959524014343213,7.0236856529266545,6.027733251492333
 은행,0.9946823975045582,8.785105101653308,7.7904227041487495
시는,0.993784412970367,7.834489627238078,6.840705214267711
러면,0.9936515439697047,8.527409612522707,7.533758068553002
씀을 ,0.9889715855034797,10.007470592964305,9.018499007460825
출이,0.9889715855034797,10.007470592964305,9.018499007460825
그렇죠,0.9889715855034797,10.007470592964305,9.018499007460825
씀을,0.9889715855034797,10.007470592964305,9.018499007460825
 그렇죠,0.9889715855034797,10.007470592964305,9.018499007460825
렇죠,0.9889715855034797,10.007470592964305,9.018499007460825
말씀을 ,0.9889715855034797,10.007470592964305,9.018499007460825
으신가,0.9889715855034797,10.007470592964305,9.018499007460825
말씀을,0.9889715855034797,10.007470592964305,9.018499007460825
 말씀을,0.9889715855034797,10.007470592964305,9.018499007460825
 자,0.9877879720964673,7.981057225059921,6.9932692529634535
 몇,0.9851733521161421,8.727979348873214,7.742805996757072
계좌,0.9775000178577482,8.322699340256554,7.3451993223988055
인 ,0.9720495596013077,7.187970668684322,6.215921109083014
거예요.,0.9717070500245466,8.979135147712162,8.007428097687615
하고,0.9689396012296765,7.929777085191935,6.960837483962258
라고,0.9658753205901061,8.063272773094504,7.0973974525043975
 모,0.9658753205901061,8.063272773094504,7.0973974525043975
런 ,0.9617541406578001,8.322699340256554,7.360945199598754
 하나,0.9616483905017876,8.727979348873214,7.766330958371427
몇 ,0.9616483905017876,8.727979348873214,7.766330958371427
이렇게,0.9615849538295649,8.910189862415708,7.948604908586143
 이렇게,0.9615849538295649,8.910189862415708,7.948604908586143
명 ,0.9610144763101598,9.825481759513961,8.864467283203801
못하,0.9600654867940737,10.516966429300293,9.55690094250622
험 ,0.9600654867940737,10.516966429300293,9.55690094250622
파이,0.9600654867940737,10.516966429300293,9.55690094250622
 못하,0.9600654867940737,10.516966429300293,9.55690094250622
수는 ,0.9600654867940737,10.516966429300293,9.55690094250622
하니까,0.9600654867940737,10.516966429300293,9.55690094250622
성이 ,0.9600654867940737,10.516966429300293,9.55690094250622
겠는,0.9600654867940737,10.516966429300293,9.55690094250622
중에서,0.9600654867940737,10.516966429300293,9.55690094250622
그러면,0.9551926609048245,8.527409612522707,7.572216951617882
 그러면,0.9551926609048245,8.527409612522707,7.572216951617882
 이런,0.950480231436222,9.053188215536665,8.102707984100443
이런,0.950480231436222,9.053188215536665,8.102707984100443
그런 ,0.9409448581412168,8.979135147712162,8.038190289570945
 그런 ,0.9409448581412168,8.979135147712162,8.038190289570945
장에,0.9311353548036685,8.67394135156074,7.742805996757072
시는 ,0.9307423285457279,7.880998822879787,6.9502564943340595
리고,0.9253666688799989,8.440436097827916,7.515069428947918
50,0.9249042626159572,9.53821574698081,8.613311484364853
 받아,0.9249042626159572,9.53821574698081,8.613311484364853
그거,0.9249042626159572,9.53821574698081,8.613311484364853
 그거,0.9249042626159572,9.53821574698081,8.613311484364853
해보,0.9242116948101309,10.230115266742601,9.30590357193247
렇다,0.9242116948101309,10.230115266742601,9.30590357193247
 문제가,0.9242116948101309,10.230115266742601,9.30590357193247
문을 ,0.9242116948101309,10.230115266742601,9.30590357193247
그렇다,0.9242116948101309,10.230115266742601,9.30590357193247
문을,0.9242116948101309,10.230115266742601,9.30590357193247
문제가,0.9242116948101309,10.230115266742601,9.30590357193247
안에,0.9242116948101309,10.230115266742601,9.30590357193247
문제가 ,0.9242116948101309,10.230115266742601,9.30590357193247
미만,0.9242116948101309,10.230115266742601,9.30590357193247
 그렇다,0.9242116948101309,10.230115266742601,9.30590357193247
시고,0.9232147763382494,7.726882149139622,6.803667372801373
이런 ,0.9165901701172601,9.053188215536665,8.136598045419404
 이런 ,0.9165901701172601,9.053188215536665,8.136598045419404
 몇 ,0.9128701281896401,8.727979348873214,7.815109220683574
해야 ,0.9025801667196021,9.31532191473395,8.412741748014348
 8,0.902035900146176,10.007470592964305,9.105434692818129
시나,0.902035900146176,10.007470592964305,9.105434692818129
지금,0.8982718707584398,7.06492435884242,6.16665248808398
 지금,0.8934528165669651,7.06492435884242,6.171471542275455
다고 ,0.8909619458918971,8.482977604013803,7.592015658121905
리고 ,0.8909619458918971,8.482977604013803,7.592015658121905
 설,0.8874093078770287,9.133166871969186,8.245757564092157
상 ,0.8874093078770287,9.133166871969186,8.245757564092157
 나와,0.8869614084856572,9.825481759513961,8.938520351028304
그게,0.8869614084856572,9.825481759513961,8.938520351028304
 50,0.8869614084856572,9.825481759513961,8.938520351028304
 그게,0.8869614084856572,9.825481759513961,8.938520351028304
 아,0.8839084226297045,6.4427002799080135,5.558791857278309
하고 ,0.8836597725555233,7.981057225059921,7.0973974525043975
 계,0.8794347386232921,7.314706288851704,6.4352715502284115
 되면,0.861297949388451,9.42057143644083,8.55927348705238
러면 ,0.8520297331373667,8.527409612522707,7.67537987938534
 들,0.8336556051074249,7.981057225059921,7.147401619952496
드릴,0.8312237478904576,7.880998822879787,7.04977507498933
렇게 ,0.824174990219845,8.217375848608802,7.393200858388957
지금 ,0.824108351590608,7.107937117471814,6.283828765881206
 지금 ,0.824108351590608,7.107937117471814,6.283828765881206
 보,0.8223392576207624,7.399251754873531,6.576912497252769
다고,0.8076680186768037,8.092251909041973,7.28458389036517
그러면 ,0.8075878497929896,8.527409612522707,7.719821762729717
 잠,0.8075210571196942,8.785105101653308,7.9775840445336135
행이,0.8073986386496301,9.133166871969186,8.325768233319556
돼요,0.8073608093121418,9.22010255732649,8.412741748014348
보내드,0.8071906304367165,9.53821574698081,8.731025116544094
 보내드,0.8071906304367165,9.53821574698081,8.731025116544094
 네네,0.8069827520531359,9.825481759513961,9.018499007460825
 그게 ,0.8069827520531359,9.825481759513961,9.018499007460825
그게 ,0.8069827520531359,9.825481759513961,9.018499007460825
적이,0.8068165427387175,10.007470592964305,9.200654050225587
미 ,0.8068165427387175,10.007470592964305,9.200654050225587
업무,0.8065673842701511,10.230115266742601,9.42354788247245
고. ,0.8065673842701511,10.230115266742601,9.42354788247245
고.,0.8065673842701511,10.230115266742601,9.42354788247245
부탁드리,0.8065673842701511,10.230115266742601,9.42354788247245
이요.,0.8065673842701511,10.230115266742601,9.42354788247245
이요. ,0.8065673842701511,10.230115266742601,9.42354788247245
 먼,0.8065673842701511,10.230115266742601,9.42354788247245
 모르겠,0.8065673842701511,10.230115266742601,9.42354788247245
르겠,0.8065673842701511,10.230115266742601,9.42354788247245
디 ,0.8065673842701511,10.230115266742601,9.42354788247245
건이 ,0.8065673842701511,10.230115266742601,9.42354788247245
 먼저,0.8065673842701511,10.230115266742601,9.42354788247245
 먼저 ,0.8065673842701511,10.230115266742601,9.42354788247245
 업무,0.8065673842701511,10.230115266742601,9.42354788247245
먼저,0.8065673842701511,10.230115266742601,9.42354788247245
었습니다,0.8065673842701511,10.230115266742601,9.42354788247245
받아보,0.8065673842701511,10.230115266742601,9.42354788247245
탁드리,0.8065673842701511,10.230115266742601,9.42354788247245
모르겠,0.8065673842701511,10.230115266742601,9.42354788247245
었습,0.8065673842701511,10.230115266742601,9.42354788247245
먼저 ,0.8065673842701511,10.230115266742601,9.42354788247245
 납,0.8065673842701511,10.230115266742601,9.42354788247245
었습니,0.8065673842701511,10.230115266742601,9.42354788247245
 주소 ,0.8061525342946911,10.516966429300293,9.710813895005602
겠는데,0.8061525342946911,10.516966429300293,9.710813895005602
매를 ,0.8061525342946911,10.516966429300293,9.710813895005602
모두 ,0.8061525342946911,10.516966429300293,9.710813895005602
모두,0.8061525342946911,10.516966429300293,9.710813895005602
하니까 ,0.8061525342946911,10.516966429300293,9.710813895005602
주소 ,0.8061525342946911,10.516966429300293,9.710813895005602
 지점,0.8061525342946911,10.516966429300293,9.710813895005602
보면,0.8061525342946911,10.516966429300293,9.710813895005602
 모두 ,0.8061525342946911,10.516966429300293,9.710813895005602
 모두,0.8061525342946911,10.516966429300293,9.710813895005602
중에서 ,0.8061525342946911,10.516966429300293,9.710813895005602
납부,0.8061525342946911,10.516966429300293,9.710813895005602
매를,0.8061525342946911,10.516966429300293,9.710813895005602
보면 ,0.8061525342946911,10.516966429300293,9.710813895005602
의사,0.8061525342946911,10.516966429300293,9.710813895005602
마이,0.8061525342946911,10.516966429300293,9.710813895005602
마시,0.8061525342946911,10.516966429300293,9.710813895005602
 주셔,0.8061525342946911,10.516966429300293,9.710813895005602
80,0.8061525342946911,10.516966429300293,9.710813895005602
프로,0.8061525342946911,10.516966429300293,9.710813895005602
 노,0.8061525342946911,10.516966429300293,9.710813895005602
되었는,0.8061525342946911,10.516966429300293,9.710813895005602
원이 ,0.8061525342946911,10.516966429300293,9.710813895005602
사람을 ,0.8053243837558544,10.920771785990095,10.11544740223424
 시켜,0.8053243837558544,10.920771785990095,10.11544740223424
받지,0.8053243837558544,10.920771785990095,10.11544740223424
기시,0.8053243837558544,10.920771785990095,10.11544740223424
겠는데 ,0.8053243837558544,10.920771785990095,10.11544740223424
 대출을,0.8053243837558544,10.920771785990095,10.11544740223424
 들리,0.8053243837558544,10.920771785990095,10.11544740223424
 갔,0.8053243837558544,10.920771785990095,10.11544740223424
대출을 ,0.8053243837558544,10.920771785990095,10.11544740223424
생기,0.8053243837558544,10.920771785990095,10.11544740223424
씀이시죠,0.8053243837558544,10.920771785990095,10.11544740223424
1 ,0.8053243837558544,10.920771785990095,10.11544740223424
 보면,0.8053243837558544,10.920771785990095,10.11544740223424
받지 ,0.8053243837558544,10.920771785990095,10.11544740223424
해요?,0.8053243837558544,10.920771785990095,10.11544740223424
용도,0.8053243837558544,10.920771785990095,10.11544740223424
 보면 ,0.8053243837558544,10.920771785990095,10.11544740223424
도로 ,0.8053243837558544,10.920771785990095,10.11544740223424
 하게 ,0.8053243837558544,10.920771785990095,10.11544740223424
들리,0.8053243837558544,10.920771785990095,10.11544740223424
출을,0.8053243837558544,10.920771785990095,10.11544740223424
출을 ,0.8053243837558544,10.920771785990095,10.11544740223424
왔어,0.8053243837558544,10.920771785990095,10.11544740223424
왔어요,0.8053243837558544,10.920771785990095,10.11544740223424
몰라,0.8053243837558544,10.920771785990095,10.11544740223424
 하게,0.8053243837558544,10.920771785990095,10.11544740223424
해요? ,0.8053243837558544,10.920771785990095,10.11544740223424
 80,0.8053243837558544,10.920771785990095,10.11544740223424
기에 ,0.8053243837558544,10.920771785990095,10.11544740223424
 됐다,0.8053243837558544,10.920771785990095,10.11544740223424
였습니다,0.8053243837558544,10.920771785990095,10.11544740223424
아시죠,0.8053243837558544,10.920771785990095,10.11544740223424
아시죠?,0.8053243837558544,10.920771785990095,10.11544740223424
거면,0.8053243837558544,10.920771785990095,10.11544740223424
 총,0.8053243837558544,10.920771785990095,10.11544740223424
대출을,0.8053243837558544,10.920771785990095,10.11544740223424
사람을,0.8053243837558544,10.920771785990095,10.11544740223424
어주,0.8053243837558544,10.920771785990095,10.11544740223424
죄송한,0.8053243837558544,10.920771785990095,10.11544740223424
님께 ,0.8053243837558544,10.920771785990095,10.11544740223424
 아시죠,0.8053243837558544,10.920771785990095,10.11544740223424
 나와서,0.8053243837558544,10.920771785990095,10.11544740223424
 몰라,0.8053243837558544,10.920771785990095,10.11544740223424
어있,0.8053243837558544,10.920771785990095,10.11544740223424
승인 ,0.8053243837558544,10.920771785990095,10.11544740223424
생하,0.8053243837558544,10.920771785990095,10.11544740223424
 않은 ,0.8053243837558544,10.920771785990095,10.11544740223424
시간을,0.8053243837558544,10.920771785990095,10.11544740223424
 죄송한,0.8053243837558544,10.920771785990095,10.11544740223424
리도 ,0.8053243837558544,10.920771785990095,10.11544740223424
 거면,0.8053243837558544,10.920771785990095,10.11544740223424
송한데,0.8053243837558544,10.920771785990095,10.11544740223424
으로도 ,0.8053243837558544,10.920771785990095,10.11544740223424
시간을 ,0.8053243837558544,10.920771785990095,10.11544740223424
죄송한데,0.8053243837558544,10.920771785990095,10.11544740223424
 사람을,0.8053243837558544,10.920771785990095,10.11544740223424
 않은,0.8053243837558544,10.920771785990095,10.11544740223424
였습니,0.8053243837558544,10.920771785990095,10.11544740223424
였습,0.8053243837558544,10.920771785990095,10.11544740223424
음부터 ,0.8028522557261759,11.60895617720791,10.806103921481734
분으,0.8028522557261759,11.60895617720791,10.806103921481734
르면 ,0.8028522557261759,11.60895617720791,10.806103921481734
르면,0.8028522557261759,11.60895617720791,10.806103921481734
 그럴,0.8028522557261759,11.60895617720791,10.806103921481734
결정,0.8028522557261759,11.60895617720791,10.806103921481734
 있다는,0.8028522557261759,11.60895617720791,10.806103921481734
 했거,0.8028522557261759,11.60895617720791,10.806103921481734
 했거든,0.8028522557261759,11.60895617720791,10.806103921481734
60,0.8028522557261759,11.60895617720791,10.806103921481734
 읽,0.8028522557261759,11.60895617720791,10.806103921481734
처리하,0.8028522557261759,11.60895617720791,10.806103921481734
처음부,0.8028522557261759,11.60895617720791,10.806103921481734
혹시나,0.8028522557261759,11.60895617720791,10.806103921481734
 철,0.8028522557261759,11.60895617720791,10.806103921481734
분으로,0.8028522557261759,11.60895617720791,10.806103921481734
분으로 ,0.8028522557261759,11.60895617720791,10.806103921481734
있다는 ,0.8028522557261759,11.60895617720791,10.806103921481734
아가,0.8028522557261759,11.60895617720791,10.806103921481734
처음부터,0.8028522557261759,11.60895617720791,10.806103921481734
있다는,0.8028522557261759,11.60895617720791,10.806103921481734
혹시나 ,0.8028522557261759,11.60895617720791,10.806103921481734
담을,0.8028522557261759,11.60895617720791,10.806103921481734
 친구가,0.8028522557261759,11.60895617720791,10.806103921481734
음부,0.8028522557261759,11.60895617720791,10.806103921481734
드려야,0.8028522557261759,11.60895617720791,10.806103921481734
그럴,0.8028522557261759,11.60895617720791,10.806103921481734
드려야 ,0.8028522557261759,11.60895617720791,10.806103921481734
담을 ,0.8028522557261759,11.60895617720791,10.806103921481734
 결정,0.8028522557261759,11.60895617720791,10.806103921481734
했거든,0.8028522557261759,11.60895617720791,10.806103921481734
안하,0.8028522557261759,11.60895617720791,10.806103921481734
똑같이,0.8028522557261759,11.60895617720791,10.806103921481734
친구가,0.8028522557261759,11.60895617720791,10.806103921481734
션 ,0.8028522557261759,11.60895617720791,10.806103921481734
똑같이 ,0.8028522557261759,11.60895617720791,10.806103921481734
 똑같이,0.8028522557261759,11.60895617720791,10.806103921481734
 처리라,0.8028522557261759,11.60895617720791,10.806103921481734
교 ,0.8028522557261759,11.60895617720791,10.806103921481734
 처리하,0.8028522557261759,11.60895617720791,10.806103921481734
치해,0.8028522557261759,11.60895617720791,10.806103921481734
해줄,0.8028522557261759,11.60895617720791,10.806103921481734
해줄 ,0.8028522557261759,11.60895617720791,10.806103921481734
음부터,0.8028522557261759,11.60895617720791,10.806103921481734
했거,0.8028522557261759,11.60895617720791,10.806103921481734
했거든요,0.8028522557261759,11.60895617720791,10.806103921481734
000만,0.8028522557261759,11.60895617720791,10.806103921481734
했으,0.8028522557261759,11.60895617720791,10.806103921481734
 처음부,0.8028522557261759,11.60895617720791,10.806103921481734
네요 ,0.8028522557261759,11.60895617720791,10.806103921481734
어려,0.8028522557261759,11.60895617720791,10.806103921481734
 혹시나,0.8028522557261759,11.60895617720791,10.806103921481734
머니,0.8028522557261759,11.60895617720791,10.806103921481734
금 ,0.7944081676403281,6.891430197689019,6.097022030048691
된 ,0.7896212621237098,8.28634491878906,7.496723656665351
 인,0.7882084769826356,8.360425428600518,7.572216951617882
 했,0.7846036157656346,8.527409612522707,7.742805996757072
 이,0.7843942648991007,5.980516252171929,5.196121987272829
잖아,0.782253739431285,8.622674359465437,7.840420620034152
 20,0.782253739431285,8.622674359465437,7.840420620034152
 말,0.7817771490640668,7.262069484460857,6.48029233539679
 또,0.7808908544060875,8.67394135156074,7.893050497154653
그리고,0.7793744402870715,8.727979348873214,7.948604908586143
 그리고,0.7793744402870715,8.727979348873214,7.948604908586143
그리고 ,0.7776770039656924,8.785105101653308,8.007428097687615
통화,0.7757640706120945,8.845692981052455,8.06992891044036
거기,0.7757640706120945,8.845692981052455,8.06992891044036
 알고,0.7757640706120945,8.845692981052455,8.06992891044036
 거기,0.7757640706120945,8.845692981052455,8.06992891044036
알고,0.7757640706120945,8.845692981052455,8.06992891044036
 하,0.7688387295178121,6.649023766451787,5.880185036933975
간 ,0.7682253168734743,9.053188215536665,8.28496289866319
다 ,0.768096485534798,7.118985732792084,6.350889247257286
 증,0.7648571324637423,9.133166871969186,8.368309739505444
20,0.7610786541512802,8.527409612522707,7.766330958371427
하겠,0.7426937490734637,9.53821574698081,8.795521997907347
 0,0.7426937490734637,9.53821574698081,8.795521997907347
나와,0.7330484559862747,9.671568807014578,8.938520351028304
인은 ,0.7330484559862747,9.671568807014578,8.938520351028304
이에요.,0.7330484559862747,9.671568807014578,8.938520351028304
인은,0.7330484559862747,9.671568807014578,8.938520351028304
렇게,0.7313067094432197,8.092251909041973,7.360945199598754
 그리,0.7253364429745979,8.67394135156074,7.948604908586143
그리,0.7253364429745979,8.67394135156074,7.948604908586143
 왜,0.7253364429745979,8.67394135156074,7.948604908586143
또 ,0.7205512511855989,8.727979348873214,8.007428097687615
 또 ,0.7205512511855989,8.727979348873214,8.007428097687615
 없는,0.720425123954838,9.133166871969186,8.412741748014348
점에,0.7200470666958321,9.825481759513961,9.105434692818129
분 ,0.7166466456423759,8.482977604013803,7.766330958371427
거든,0.7123003918391344,8.527409612522709,7.815109220683574
해서 ,0.7102955990354829,7.370268419071972,6.659972820036489
 통화,0.7090949356330505,8.845692981052455,8.136598045419404
 경,0.7054122910639542,8.035109830400295,7.32969753933634
 될 ,0.7021583866675147,8.910189862415708,8.208031475748193
 이상,0.7020104303690946,9.315321914733948,8.613311484364853
이상,0.7020104303690946,9.315321914733948,8.613311484364853
 9,0.7015670210318348,10.007470592964305,9.30590357193247
조금 ,0.7015670210318348,10.007470592964305,9.30590357193247
거라,0.7015670210318348,10.007470592964305,9.30590357193247
으니까,0.7015670210318348,10.007470592964305,9.30590357193247
 신용,0.7015670210318348,10.007470592964305,9.30590357193247
신용,0.7015670210318348,10.007470592964305,9.30590357193247
 조금 ,0.7015670210318348,10.007470592964305,9.30590357193247
 제가,0.7012867378632786,7.0236856529266545,6.322398915063376
나오,0.6976301010708443,8.440436097827916,7.742805996757072
으로,0.6965507129133703,6.88262034421545,6.18606963130208
보내,0.6963573070271272,8.67394135156074,7.9775840445336135
장에서,0.6963573070271272,8.67394135156074,7.9775840445336135
 보내,0.6963573070271272,8.67394135156074,7.9775840445336135
다시,0.6897890593022691,8.727979348873214,8.038190289570945
다고요,0.6895463198967366,9.42057143644083,8.731025116544094
 최,0.6895463198967366,9.42057143644083,8.731025116544094
 되면 ,0.6895463198967366,9.42057143644083,8.731025116544094
 하고,0.684878476031221,9.053188215536665,8.368309739505444
없는,0.684878476031221,9.053188215536665,8.368309739505444
하나,0.6798090004418338,8.399630763171551,7.719821762729717
제가,0.6742439727908431,6.936682692630695,6.262438719839852
 나오,0.6741051394564899,8.440436097827916,7.766330958371427
 6,0.6737484637770095,9.53821574698081,8.864467283203801
 따라,0.6732143242363815,10.230115266742601,9.55690094250622
 이상 ,0.6732143242363815,10.230115266742601,9.55690094250622
승인,0.6732143242363815,10.230115266742601,9.55690094250622
돼요?,0.6732143242363815,10.230115266742601,9.55690094250622
돼요? ,0.6732143242363815,10.230115266742601,9.55690094250622
시나요,0.6732143242363815,10.230115266742601,9.55690094250622
렇습니,0.6732143242363815,10.230115266742601,9.55690094250622
렇습,0.6732143242363815,10.230115266742601,9.55690094250622
지도,0.6732143242363815,10.230115266742601,9.55690094250622
따라,0.6732143242363815,10.230115266742601,9.55690094250622
말씀하시,0.6732143242363815,10.230115266742601,9.55690094250622
 빼,0.6732143242363815,10.230115266742601,9.55690094250622
씀하시,0.6732143242363815,10.230115266742601,9.55690094250622
이상 ,0.6732143242363815,10.230115266742601,9.55690094250622
좀 ,0.6716052303305267,7.6113915211737115,6.939786290843185
 좀 ,0.6716052303305267,7.6113915211737115,6.939786290843185
이 ,0.6699574005278457,5.71898175759361,5.049024357065765
 제가 ,0.6669996240322362,7.0236856529266545,6.356686028894418
장에서 ,0.6665132538731253,8.67394135156074,8.007428097687615
지 ,0.66374132459186,6.806640855180384,6.142899530588524
거든요,0.6610202519711486,8.527409612522709,7.86638936055156
든요,0.6610202519711486,8.527409612522709,7.86638936055156
되고,0.6608290702741098,9.22010255732649,8.55927348705238
 있는,0.6553835270756254,7.790047743893701,7.134664216818075
 좀,0.6535899709961521,7.593376261839337,6.939786290843185
다는,0.6534660273122359,8.57390799320417,7.920441965891934
마 ,0.6533669143926062,8.979135147712162,8.325768233319556
 바로 ,0.6533669143926062,8.979135147712162,8.325768233319556
건데 ,0.6530697995537533,9.671568807014578,9.018499007460825
 건데 ,0.6530697995537533,9.671568807014578,9.018499007460825
 거래,0.6530697995537533,9.671568807014578,9.018499007460825
식으로 ,0.6530697995537533,9.671568807014578,9.018499007460825
식으로,0.6530697995537533,9.671568807014578,9.018499007460825
식으,0.6530697995537533,9.671568807014578,9.018499007460825
있다,0.6530697995537533,9.671568807014578,9.018499007460825
다는 ,0.6450903149318234,8.622674359465437,7.9775840445336135
 발,0.6426461239412049,7.790047743893701,7.147401619952496
제가 ,0.6419848452351689,6.936682692630695,6.294697847395526
해서,0.6378650874154825,7.236754881199046,6.598889793783563
한 ,0.6320931490270647,7.118985732792084,6.4868925837650195
 지,0.6254700975557874,6.4771844737361155,5.851714376180328
있으,0.6253824018489986,8.035109830400295,7.409727428551296
니면,0.6252269637525174,8.910189862415708,8.28496289866319
아니면,0.6252269637525174,8.910189862415708,8.28496289866319
 아니면,0.6252269637525174,8.910189862415708,8.28496289866319
 정도 ,0.6252269637525174,8.910189862415708,8.28496289866319
 보니,0.6251603770121097,9.133166871969186,8.508006494957076
의를,0.6248277092883736,9.825481759513961,9.200654050225587
 목,0.6248277092883736,9.825481759513961,9.200654050225587
의를 ,0.6248277092883736,9.825481759513961,9.200654050225587
 괜찮,0.6248277092883736,9.825481759513961,9.200654050225587
괜찮,0.6248277092883736,9.825481759513961,9.200654050225587
람이,0.6248277092883736,9.825481759513961,9.200654050225587
 부산,0.624163700844349,10.516966429300293,9.892802728455944
되었는데,0.624163700844349,10.516966429300293,9.892802728455944
부산,0.624163700844349,10.516966429300293,9.892802728455944
표 ,0.624163700844349,10.516966429300293,9.892802728455944
말이에,0.624163700844349,10.516966429300293,9.892802728455944
말이에요,0.624163700844349,10.516966429300293,9.892802728455944
됐다,0.624163700844349,10.516966429300293,9.892802728455944
 중에서,0.624163700844349,10.516966429300293,9.892802728455944
 납부,0.624163700844349,10.516966429300293,9.892802728455944
 이후,0.624163700844349,10.516966429300293,9.892802728455944
보다,0.624163700844349,10.516966429300293,9.892802728455944
 해당,0.624163700844349,10.516966429300293,9.892802728455944
 해당 ,0.624163700844349,10.516966429300293,9.892802728455944
뒤에,0.624163700844349,10.516966429300293,9.892802728455944
사에,0.624163700844349,10.516966429300293,9.892802728455944
말씀이시,0.624163700844349,10.516966429300293,9.892802728455944
뒤에 ,0.624163700844349,10.516966429300293,9.892802728455944
관리,0.624163700844349,10.516966429300293,9.892802728455944
시켜,0.624163700844349,10.516966429300293,9.892802728455944
 없을 ,0.624163700844349,10.516966429300293,9.892802728455944
우 ,0.624163700844349,10.516966429300293,9.892802728455944
해당 ,0.624163700844349,10.516966429300293,9.892802728455944
내에,0.624163700844349,10.516966429300293,9.892802728455944
 몰,0.624163700844349,10.516966429300293,9.892802728455944
 관리,0.624163700844349,10.516966429300293,9.892802728455944
해당,0.624163700844349,10.516966429300293,9.892802728455944
했던,0.624163700844349,10.516966429300293,9.892802728455944
없을 ,0.624163700844349,10.516966429300293,9.892802728455944
 마지,0.624163700844349,10.516966429300293,9.892802728455944
 마시고,0.624163700844349,10.516966429300293,9.892802728455944
 마지막,0.624163700844349,10.516966429300293,9.892802728455944
씀이시,0.624163700844349,10.516966429300293,9.892802728455944
마시고,0.624163700844349,10.516966429300293,9.892802728455944
지막,0.624163700844349,10.516966429300293,9.892802728455944
마지,0.624163700844349,10.516966429300293,9.892802728455944
마지막,0.624163700844349,10.516966429300293,9.892802728455944
이후,0.624163700844349,10.516966429300293,9.892802728455944
 말이에,0.624163700844349,10.516966429300293,9.892802728455944
 마시,0.624163700844349,10.516966429300293,9.892802728455944
으로 ,0.6217805217265546,6.9274668869208105,6.305686365194256
고 ,0.6164074655837082,5.882301953037651,5.265894487453942
 국,0.6108254082067184,8.979135147712162,8.368309739505444
시죠,0.6069676466307747,8.527409612522709,7.920441965891934
 금액,0.6067910729616361,9.22010255732649,8.613311484364853
었는,0.6067910729616361,9.22010255732649,8.613311484364853
 걸 ,0.5996953959525069,9.53821574698081,8.938520351028304
기 ,0.5964604375762663,7.187970668684322,6.591510231108056
릴게요,0.5963239486705563,8.57390799320417,7.9775840445336135
드릴게,0.5963239486705563,8.57390799320417,7.9775840445336135
죠.,0.5963239486705563,8.57390799320417,7.9775840445336135
릴게,0.5963239486705563,8.57390799320417,7.9775840445336135
드릴게요,0.5963239486705563,8.57390799320417,7.9775840445336135
죠. ,0.5963239486705563,8.57390799320417,7.9775840445336135
같은 ,0.5940944702290913,8.360425428600518,7.766330958371427
에는,0.5939480868408555,9.053188215536665,8.459240128695809
에는 ,0.5939480868408555,9.053188215536665,8.459240128695809
 있으,0.5914865963255505,8.035109830400295,7.443623234074744
통장 ,0.5913813034538098,8.727979348873214,8.136598045419404
신가요,0.5844216290961519,8.910189862415708,8.325768233319556
 많은 ,0.583922710491855,10.007470592964305,9.42354788247245
대폰,0.583922710491855,10.007470592964305,9.42354788247245
 휴대폰,0.583922710491855,10.007470592964305,9.42354788247245
 사람이,0.583922710491855,10.007470592964305,9.42354788247245
 식으로,0.583922710491855,10.007470592964305,9.42354788247245
화해,0.583922710491855,10.007470592964305,9.42354788247245
 많은,0.583922710491855,10.007470592964305,9.42354788247245
 식으,0.583922710491855,10.007470592964305,9.42354788247245
없이 ,0.583922710491855,10.007470592964305,9.42354788247245
많은,0.583922710491855,10.007470592964305,9.42354788247245
휴대폰,0.583922710491855,10.007470592964305,9.42354788247245
증서,0.583922710491855,10.007470592964305,9.42354788247245
증이,0.583922710491855,10.007470592964305,9.42354788247245
사람이,0.583922710491855,10.007470592964305,9.42354788247245
없이,0.583922710491855,10.007470592964305,9.42354788247245
았어요,0.583922710491855,10.007470592964305,9.42354788247245
았어,0.583922710491855,10.007470592964305,9.42354788247245
많은 ,0.583922710491855,10.007470592964305,9.42354788247245
세요? ,0.5811866391793732,8.007718361663013,7.42653172248364
세요?,0.5811866391793732,8.007718361663013,7.42653172248364
까지,0.5758860305424252,8.251265909927765,7.67537987938534
받아,0.573893384916806,9.133166871969186,8.55927348705238
 하고 ,0.573893384916806,9.133166871969186,8.55927348705238
에서 ,0.569367117133095,7.0236856529266545,6.4543185357935595
에서,0.5666205230905907,6.90031835503743,6.333697831946839
 괜,0.5661341141964495,9.671568807014578,9.105434692818129
다고요?,0.5661341141964495,9.671568807014578,9.105434692818129
라서,0.5661341141964495,9.671568807014578,9.105434692818129
 바로,0.5607300823892647,8.845692981052455,8.28496289866319
정도 ,0.5607300823892647,8.845692981052455,8.28496289866319
분에,0.5561041532370297,9.42057143644083,8.864467283203801
이에,0.5527454490250765,8.622674359465437,8.06992891044036
는 ,0.5515242591567882,5.5834011523775064,5.031876893220718
과정,0.5496653201815427,9.22010255732649,8.670437237144947
나는 ,0.5496653201815427,9.22010255732649,8.670437237144947
 등,0.5496653201815427,9.22010255732649,8.670437237144947
나는,0.5496653201815427,9.22010255732649,8.670437237144947
 과정,0.5496653201815427,9.22010255732649,8.670437237144947
드리는 ,0.5496653201815427,9.22010255732649,8.670437237144947
 같은 ,0.5453162079169447,8.360425428600518,7.815109220683573
가 ,0.5423281152765833,5.6630432321960695,5.120715116919486
말씀해,0.5418801229102641,8.910189862415708,8.368309739505444
씀해,0.5418801229102641,8.910189862415708,8.368309739505444
니면 ,0.5418801229102641,8.910189862415708,8.368309739505444
 말씀해,0.5418801229102641,8.910189862415708,8.368309739505444
아니면 ,0.5418801229102641,8.910189862415708,8.368309739505444
까지 ,0.533241402619991,8.399630763171551,7.86638936055156
사람,0.531444147198048,8.251265909927765,7.719821762729717
 사람,0.531444147198048,8.251265909927765,7.719821762729717
 그,0.5218066131745545,5.637467044600185,5.11566043142563
 그런,0.520040401452377,8.035109830400295,7.515069428947918
그런,0.520040401452377,8.035109830400295,7.515069428947918
그렇게 ,0.5199478731250213,8.727979348873214,8.208031475748193
 다시,0.5199478731250213,8.727979348873214,8.208031475748193
신가,0.5199247477328992,8.845692981052455,8.325768233319556
씀해 ,0.5198950190163529,8.979135147712162,8.459240128695809
말씀해 ,0.5198950190163529,8.979135147712162,8.459240128695809
걸 ,0.5198553876043324,9.133166871969186,8.613311484364853
15,0.5198553876043324,9.133166871969186,8.613311484364853
자가 ,0.5197999168266012,9.315321914733948,8.795521997907347
자가,0.5197999168266012,9.315321914733948,8.795521997907347
 수도,0.5195781875814927,9.825481759513963,9.30590357193247
 수도 ,0.5195781875814927,9.825481759513963,9.30590357193247
수도,0.5195781875814927,9.825481759513963,9.30590357193247
수도 ,0.5195781875814927,9.825481759513963,9.30590357193247
에서는,0.5195781875814927,9.825481759513963,9.30590357193247
해드리,0.5195781875814927,9.825481759513963,9.30590357193247
에서는 ,0.5195781875814927,9.825481759513963,9.30590357193247
말이,0.5195781875814927,9.825481759513963,9.30590357193247
렇다면,0.519301371736999,10.230115266742601,9.710813895005602
맞춰,0.519301371736999,10.230115266742601,9.710813895005602
탁드리겠,0.519301371736999,10.230115266742601,9.710813895005602
리나,0.519301371736999,10.230115266742601,9.710813895005602
 라,0.519301371736999,10.230115266742601,9.710813895005602
돈이,0.519301371736999,10.230115266742601,9.710813895005602
 되고 ,0.519301371736999,10.230115266742601,9.710813895005602
 100,0.519301371736999,10.230115266742601,9.710813895005602
그렇다면,0.519301371736999,10.230115266742601,9.710813895005602
 진짜 ,0.519301371736999,10.230115266742601,9.710813895005602
그래요?,0.519301371736999,10.230115266742601,9.710813895005602
물어,0.519301371736999,10.230115266742601,9.710813895005602
 물어,0.519301371736999,10.230115266742601,9.710813895005602
 착,0.519301371736999,10.230115266742601,9.710813895005602
어지,0.519301371736999,10.230115266742601,9.710813895005602
어야,0.519301371736999,10.230115266742601,9.710813895005602
시나요?,0.519301371736999,10.230115266742601,9.710813895005602
 장,0.519301371736999,10.230115266742601,9.710813895005602
겠죠.,0.519301371736999,10.230115266742601,9.710813895005602
지도 ,0.519301371736999,10.230115266742601,9.710813895005602
간에,0.519301371736999,10.230115266742601,9.710813895005602
 승인,0.519301371736999,10.230115266742601,9.710813895005602
하겠습니,0.519301371736999,10.230115266742601,9.710813895005602
 맞춰,0.519301371736999,10.230115266742601,9.710813895005602
겠죠. ,0.519301371736999,10.230115266742601,9.710813895005602
하겠습,0.519301371736999,10.230115266742601,9.710813895005602
안에 ,0.519301371736999,10.230115266742601,9.710813895005602
 애,0.519301371736999,10.230115266742601,9.710813895005602
100,0.519301371736999,10.230115266742601,9.710813895005602
진짜 ,0.519301371736999,10.230115266742601,9.710813895005602
넘게 ,0.5184732211981622,10.920771785990095,10.402298564791932
오고,0.5184732211981622,10.920771785990095,10.402298564791932
 놓,0.5184732211981622,10.920771785990095,10.402298564791932
오고 ,0.5184732211981622,10.920771785990095,10.402298564791932
주시는,0.5184732211981622,10.920771785990095,10.402298564791932
업하,0.5184732211981622,10.920771785990095,10.402298564791932
 무거,0.5184732211981622,10.920771785990095,10.402298564791932
있지,0.5184732211981622,10.920771785990095,10.402298564791932
보험,0.5184732211981622,10.920771785990095,10.402298564791932
들어왔,0.5184732211981622,10.920771785990095,10.402298564791932
어왔,0.5184732211981622,10.920771785990095,10.402298564791932
 오고 ,0.5184732211981622,10.920771785990095,10.402298564791932
 오고,0.5184732211981622,10.920771785990095,10.402298564791932
 생기,0.5184732211981622,10.920771785990095,10.402298564791932
넘게,0.5184732211981622,10.920771785990095,10.402298564791932
2월,0.5184732211981622,10.920771785990095,10.402298564791932
통 ,0.5184732211981622,10.920771785990095,10.402298564791932
 금액 ,0.5184732211981622,10.920771785990095,10.402298564791932
 혹시라,0.5184732211981622,10.920771785990095,10.402298564791932
15일,0.5184732211981622,10.920771785990095,10.402298564791932
16,0.5184732211981622,10.920771785990095,10.402298564791932
 개설하,0.5184732211981622,10.920771785990095,10.402298564791932
 주민,0.5184732211981622,10.920771785990095,10.402298564791932
다고요.,0.5184732211981622,10.920771785990095,10.402298564791932
었다,0.5184732211981622,10.920771785990095,10.402298564791932
주민,0.5184732211981622,10.920771785990095,10.402298564791932
난 ,0.5184732211981622,10.920771785990095,10.402298564791932
하세요 ,0.5184732211981622,10.920771785990095,10.402298564791932
무를,0.5184732211981622,10.920771785990095,10.402298564791932
 들어왔,0.5184732211981622,10.920771785990095,10.402298564791932
 현금,0.5184732211981622,10.920771785990095,10.402298564791932
 넘게,0.5184732211981622,10.920771785990095,10.402298564791932
 넘게 ,0.5184732211981622,10.920771785990095,10.402298564791932
0%,0.5184732211981622,10.920771785990095,10.402298564791932
무를 ,0.5184732211981622,10.920771785990095,10.402298564791932
주실 ,0.5184732211981622,10.920771785990095,10.402298564791932
리라,0.5184732211981622,10.920771785990095,10.402298564791932
 있지,0.5184732211981622,10.920771785990095,10.402298564791932
것만,0.5184732211981622,10.920771785990095,10.402298564791932
 2월,0.5184732211981622,10.920771785990095,10.402298564791932
시라도 ,0.5184732211981622,10.920771785990095,10.402298564791932
시라도,0.5184732211981622,10.920771785990095,10.402298564791932
설하,0.5184732211981622,10.920771785990095,10.402298564791932
 안전,0.5184732211981622,10.920771785990095,10.402298564791932
것만 ,0.5184732211981622,10.920771785990095,10.402298564791932
시간에,0.5184732211981622,10.920771785990095,10.402298564791932
 2월 ,0.5184732211981622,10.920771785990095,10.402298564791932
 아마,0.5184732211981622,10.920771785990095,10.402298564791932
겠지만,0.5184732211981622,10.920771785990095,10.402298564791932
겠지만 ,0.5184732211981622,10.920771785990095,10.402298564791932
현금,0.5184732211981622,10.920771785990095,10.402298564791932
아마,0.5184732211981622,10.920771785990095,10.402298564791932
 6시,0.5184732211981622,10.920771785990095,10.402298564791932
안전,0.5184732211981622,10.920771785990095,10.402298564791932
 15일,0.5184732211981622,10.920771785990095,10.402298564791932
했었,0.5184732211981622,10.920771785990095,10.402298564791932
개설하,0.5184732211981622,10.920771785990095,10.402298564791932
 앞,0.5053935594801908,8.482977604013804,7.9775840445336135
 해서 ,0.5053935594801908,8.482977604013804,7.9775840445336135
그렇게,0.5022642972800409,8.67394135156074,8.1716770542807
 그렇게,0.5022642972800409,8.67394135156074,8.1716770542807
하게,0.49755408587908434,8.217375848608802,7.719821762729717
신가요?,0.49744811440135983,8.910189862415708,8.412741748014348
으세요,0.49744811440135983,8.910189862415708,8.412741748014348
으세,0.49744811440135983,8.910189862415708,8.412741748014348
 부,0.4957512761920908,7.044092442087886,6.5483411658957955
 통장 ,0.48222178478105704,8.727979348873214,8.245757564092157
다시 ,0.48222178478105704,8.727979348873214,8.245757564092157
 하는 ,0.48222178478105704,8.727979348873214,8.245757564092157
 다시 ,0.48222178478105704,8.727979348873214,8.245757564092157
 만들,0.48205108541252706,9.42057143644083,8.938520351028304
만들,0.48205108541252706,9.42057143644083,8.938520351028304
 거,0.4795829477409539,6.3561645070269615,5.876581559286008
거든요.,0.4773832415470114,8.845692981052455,8.368309739505444
든요.,0.4773832415470114,8.845692981052455,8.368309739505444
든요. ,0.4773832415470114,8.845692981052455,8.368309739505444
 드,0.4770385440328999,7.152883453483145,6.6758449094502454
장 ,0.47638008721153646,7.955088484542513,7.478708397330976
 제 ,0.47120000910372717,8.57390799320417,8.102707984100443
 남,0.47120000910372717,8.57390799320417,8.102707984100443
 과,0.47112865275508575,8.979135147712162,8.508006494957076
 있다,0.4709147567889911,9.671568807014578,9.200654050225587
들도 ,0.4709147567889911,9.671568807014578,9.200654050225587
름이,0.4709147567889911,9.671568807014578,9.200654050225587
조금,0.4709147567889911,9.671568807014578,9.200654050225587
 조금,0.4709147567889911,9.671568807014578,9.200654050225587
들도,0.4709147567889911,9.671568807014578,9.200654050225587
있는,0.4678967828160392,7.5411995869920005,7.073302804175961
하는 ,0.4668224983574314,7.812021820756237,7.3451993223988055
월 ,0.4659098758125477,8.67394135156074,8.208031475748193
 하면 ,0.4627296348242389,9.133166871969186,8.670437237144947
게 ,0.4561381066073631,6.325551433342857,5.8694133267354935
하게 ,0.45104489023737493,8.217375848608802,7.766330958371427
저 ,0.45099730518473713,8.622674359465437,8.1716770542807
 비,0.45094973371989866,8.910189862415708,8.459240128695809
주세요 ,0.4505696504580854,10.007470592964305,9.55690094250622
람이 ,0.4505696504580854,10.007470592964305,9.55690094250622
전화해,0.4505696504580854,10.007470592964305,9.55690094250622
이어,0.4505696504580854,10.007470592964305,9.55690094250622
돼요.,0.4505696504580854,10.007470592964305,9.55690094250622
다름,0.4505696504580854,10.007470592964305,9.55690094250622
 다름이,0.4505696504580854,10.007470592964305,9.55690094250622
 전화해,0.4505696504580854,10.007470592964305,9.55690094250622
래요?,0.4505696504580854,10.007470592964305,9.55690094250622
돼요. ,0.4505696504580854,10.007470592964305,9.55690094250622
 다름,0.4505696504580854,10.007470592964305,9.55690094250622
다름이 ,0.4505696504580854,10.007470592964305,9.55690094250622
다름이,0.4505696504580854,10.007470592964305,9.55690094250622
래요? ,0.4505696504580854,10.007470592964305,9.55690094250622
서 ,0.44316486092687857,5.637467044600185,5.194302183673306
 하면,0.43987673117181103,9.053188215536665,8.613311484364853
원 ,0.4330363913495887,8.152858154079306,7.719821762729717
료가,0.43278105416268176,9.53821574698081,9.105434692818129
료가 ,0.43278105416268176,9.53821574698081,9.105434692818129
500,0.43278105416268176,9.53821574698081,9.105434692818129
바로 ,0.42818378746858343,8.67394135156074,8.245757564092157
그래,0.42474200594809997,8.122095962195976,7.697353956247876
 그래,0.42474200594809997,8.122095962195976,7.697353956247876
포 ,0.42458055941914274,9.22010255732649,8.795521997907347
거래,0.42458055941914274,9.22010255732649,8.795521997907347
 저 ,0.41986166065978203,8.979135147712162,8.55927348705238
금액,0.41986166065978203,8.979135147712162,8.55927348705238
그렇,0.4188209623672803,7.812021820756237,7.393200858388957
 그렇,0.4188209623672803,7.812021820756237,7.393200858388957
맞으,0.41679536214786417,8.785105101653308,8.368309739505444
 맞으,0.41679536214786417,8.785105101653308,8.368309739505444
있어요,0.41679536214786417,8.785105101653308,8.368309739505444
 있어요,0.41679536214786417,8.785105101653308,8.368309739505444
 안 ,0.4141433171836644,7.475613064107114,7.06146974692345
히 ,0.41304869357344387,8.482977604013804,8.06992891044036
 주시면,0.4022111155536585,8.727979348873214,8.325768233319556
행하,0.4020724289800057,9.42057143644083,9.018499007460825
휴대,0.40193387704151284,9.825481759513963,9.42354788247245
 말이,0.40193387704151284,9.825481759513963,9.42354788247245
 그거 ,0.40193387704151284,9.825481759513963,9.42354788247245
 500,0.40193387704151284,9.825481759513963,9.42354788247245
그거 ,0.40193387704151284,9.825481759513963,9.42354788247245
 순,0.40193387704151284,9.825481759513963,9.42354788247245
 휴대,0.40193387704151284,9.825481759513963,9.42354788247245
름이 ,0.40193387704151284,9.825481759513963,9.42354788247245
짜 ,0.40193387704151284,9.825481759513963,9.42354788247245
만들어,0.40193387704151284,9.825481759513963,9.42354788247245
 만들어,0.40193387704151284,9.825481759513963,9.42354788247245
사에서,0.4015190270660529,10.516966429300293,10.11544740223424
수수,0.4015190270660529,10.516966429300293,10.11544740223424
각하,0.4015190270660529,10.516966429300293,10.11544740223424
 생각하,0.4015190270660529,10.516966429300293,10.11544740223424
 프,0.4015190270660529,10.516966429300293,10.11544740223424
생각하,0.4015190270660529,10.516966429300293,10.11544740223424
 40,0.4015190270660529,10.516966429300293,10.11544740223424
사에서 ,0.4015190270660529,10.516966429300293,10.11544740223424
주실,0.4015190270660529,10.516966429300293,10.11544740223424
개가,0.4015190270660529,10.516966429300293,10.11544740223424
박 ,0.4015190270660529,10.516966429300293,10.11544740223424
 개가 ,0.4015190270660529,10.516966429300293,10.11544740223424
나와서,0.4015190270660529,10.516966429300293,10.11544740223424
나와서 ,0.4015190270660529,10.516966429300293,10.11544740223424
 사과,0.4015190270660529,10.516966429300293,10.11544740223424
 개가,0.4015190270660529,10.516966429300293,10.11544740223424
 프로,0.4015190270660529,10.516966429300293,10.11544740223424
이트에,0.4015190270660529,10.516966429300293,10.11544740223424
사업,0.4015190270660529,10.516966429300293,10.11544740223424
보다 ,0.4015190270660529,10.516966429300293,10.11544740223424
개가 ,0.4015190270660529,10.516966429300293,10.11544740223424
사이트에,0.4015190270660529,10.516966429300293,10.11544740223424
 사업,0.4015190270660529,10.516966429300293,10.11544740223424
마케,0.4015190270660529,10.516966429300293,10.11544740223424
0 ,0.4015190270660529,10.516966429300293,10.11544740223424
 것이,0.4015190270660529,10.516966429300293,10.11544740223424
5시 ,0.4015190270660529,10.516966429300293,10.11544740223424
 5시 ,0.4015190270660529,10.516966429300293,10.11544740223424
들었,0.4015190270660529,10.516966429300293,10.11544740223424
이번에 ,0.4015190270660529,10.516966429300293,10.11544740223424
게요,0.39684688550474423,7.790047743893701,7.393200858388957
시죠? ,0.3908115671033041,8.527409612522709,8.136598045419404
시죠?,0.3908115671033041,8.527409612522709,8.136598045419404
릴게요.,0.3889784528975504,8.67394135156074,8.28496289866319
 무,0.3848765493762052,8.251265909927765,7.86638936055156
국민,0.38275097839171757,9.053188215536665,8.670437237144947
화하,0.38275097839171757,9.053188215536665,8.670437237144947
중앙,0.38275097839171757,9.053188215536665,8.670437237144947
 국민,0.38275097839171757,9.053188215536665,8.670437237144947
이랑,0.38275097839171757,9.053188215536665,8.670437237144947
제 ,0.3790238090648357,7.288041597483129,6.909017788418294
 없,0.37775621764489564,6.984080437165476,6.60632421952058
주시고 ,0.3768015637056443,9.315321914733948,8.938520351028304
 때,0.37612112030248745,7.152883453483145,6.776762333180658
 해서,0.3740944316704109,8.322699340256554,7.948604908586143
 당,0.3723633536389599,8.785105101653308,8.412741748014348
 없어요,0.3723633536389599,8.785105101653308,8.412741748014348
바로,0.3658765174559768,8.57390799320417,8.208031475748193
폰 ,0.3658236633473084,8.979135147712162,8.613311484364853
 친,0.3658236633473084,8.979135147712162,8.613311484364853
 5시,0.36566523508210835,9.671568807014578,9.30590357193247
처음,0.36566523508210835,9.671568807014578,9.30590357193247
 처음,0.36566523508210835,9.671568807014578,9.30590357193247
했다,0.36566523508210835,9.671568807014578,9.30590357193247
 혹시 ,0.36307282642060734,7.955088484542513,7.592015658121905
혹시 ,0.36307282642060734,7.955088484542513,7.592015658121905
 그냥,0.3596696093677707,8.727979348873214,8.368309739505444
보니,0.3596696093677707,8.727979348873214,8.368309739505444
없어요,0.3596696093677707,8.727979348873214,8.368309739505444
그냥,0.3596696093677707,8.727979348873214,8.368309739505444
야 ,0.354582381420828,7.5411995869920005,7.186617205571173
 사,0.348459403500633,6.207215814345358,5.858756410844725
되면,0.3481731182411849,8.67394135156074,8.325768233319556
 어,0.3469838955093012,6.751295137487001,6.4043112419777
 직,0.3434510103647863,8.063272773094504,7.719821762729717
 만,0.3434510103647863,8.063272773094504,7.719821762729717
혹시,0.34201444054139873,7.7685461630250385,7.42653172248364
 혹,0.34201444054139873,7.7685461630250385,7.42653172248364
 혹시,0.34201444054139873,7.7685461630250385,7.42653172248364
년 ,0.33768648609537877,8.845692981052455,8.508006494957076
시니,0.3375616967552233,9.53821574698081,9.200654050225587
 운,0.3375616967552233,9.53821574698081,9.200654050225587
래요,0.3375616967552233,9.53821574698081,9.200654050225587
계좌로,0.33731253828665686,10.230115266742601,9.892802728455944
택이,0.33731253828665686,10.230115266742601,9.892802728455944
들에,0.33731253828665686,10.230115266742601,9.892802728455944
 이미 ,0.33731253828665686,10.230115266742601,9.892802728455944
르고 ,0.33731253828665686,10.230115266742601,9.892802728455944
 이미,0.33731253828665686,10.230115266742601,9.892802728455944
계좌로 ,0.33731253828665686,10.230115266742601,9.892802728455944
했다고 ,0.33731253828665686,10.230115266742601,9.892802728455944
 계좌로,0.33731253828665686,10.230115266742601,9.892802728455944
르고,0.33731253828665686,10.230115266742601,9.892802728455944
돈 ,0.33731253828665686,10.230115266742601,9.892802728455944
돈이 ,0.33731253828665686,10.230115266742601,9.892802728455944
이야,0.33731253828665686,10.230115266742601,9.892802728455944
좌로 ,0.33731253828665686,10.230115266742601,9.892802728455944
 진행할,0.33731253828665686,10.230115266742601,9.892802728455944
좌로,0.33731253828665686,10.230115266742601,9.892802728455944
이미 ,0.33731253828665686,10.230115266742601,9.892802728455944
려주세요,0.33731253828665686,10.230115266742601,9.892802728455944
려주세,0.33731253828665686,10.230115266742601,9.892802728455944
이미,0.33731253828665686,10.230115266742601,9.892802728455944
 그렇습,0.33731253828665686,10.230115266742601,9.892802728455944
진행할,0.33731253828665686,10.230115266742601,9.892802728455944
 뒤,0.33731253828665686,10.230115266742601,9.892802728455944
모르고,0.33731253828665686,10.230115266742601,9.892802728455944
 그걸,0.33731253828665686,10.230115266742601,9.892802728455944
 모르고,0.33731253828665686,10.230115266742601,9.892802728455944
있어요?,0.33731253828665686,10.230115266742601,9.892802728455944
행할,0.33731253828665686,10.230115266742601,9.892802728455944
모르고 ,0.33731253828665686,10.230115266742601,9.892802728455944
해하,0.33731253828665686,10.230115266742601,9.892802728455944
산이,0.33731253828665686,10.230115266742601,9.892802728455944
 빨리,0.33731253828665686,10.230115266742601,9.892802728455944
 빨리 ,0.33731253828665686,10.230115266742601,9.892802728455944
없으신,0.33731253828665686,10.230115266742601,9.892802728455944
알려주세,0.33731253828665686,10.230115266742601,9.892802728455944
빨리,0.33731253828665686,10.230115266742601,9.892802728455944
 없으신,0.33731253828665686,10.230115266742601,9.892802728455944
그렇습,0.33731253828665686,10.230115266742601,9.892802728455944
그걸,0.33731253828665686,10.230115266742601,9.892802728455944
그렇습니,0.33731253828665686,10.230115266742601,9.892802728455944
17,0.33731253828665686,10.230115266742601,9.892802728455944
1년,0.33731253828665686,10.230115266742601,9.892802728455944
빨리 ,0.33731253828665686,10.230115266742601,9.892802728455944
 2,0.32227838715401624,7.444365403844701,7.122087016690685
 다 ,0.32225916353264417,7.955088484542513,7.6328293210098686
이랑 ,0.32216309899257034,9.053188215536665,8.731025116544094
 두,0.31527124256893835,8.322699340256554,8.007428097687615
 드렸,0.31523760085886643,8.727979348873214,8.412741748014348
 휴,0.31513674362270194,9.42057143644083,9.105434692818129
능하신,0.31513674362270194,9.42057143644083,9.105434692818129
가능하신,0.31513674362270194,9.42057143644083,9.105434692818129
 제,0.3139297148037272,6.345855668760929,6.031925953957201
이라,0.31307491053520486,7.90509056865711,7.592015658121905
has_money,0.3087986721485221,7.370268419071972,7.06146974692345
 현재,0.30869791056721496,8.979135147712162,8.670437237144947
현재,0.30869791056721496,8.979135147712162,8.670437237144947
용 ,0.2969061261458812,8.622674359465437,8.325768233319556
해야,0.2969061261458812,8.622674359465437,8.325768233319556
메모,0.296822907273123,9.315321914733948,9.018499007460825
 메모,0.296822907273123,9.315321914733948,9.018499007460825
으니까 ,0.29665669795870286,10.007470592964305,9.710813895005602
한다,0.29665669795870286,10.007470592964305,9.710813895005602
40,0.29665669795870286,10.007470592964305,9.710813895005602
지요,0.29665669795870286,10.007470592964305,9.710813895005602
생님,0.29665669795870286,10.007470592964305,9.710813895005602
선생님,0.29665669795870286,10.007470592964305,9.710813895005602
분들도 ,0.29665669795870286,10.007470592964305,9.710813895005602
분들도,0.29665669795870286,10.007470592964305,9.710813895005602
 들어오,0.29665669795870286,10.007470592964305,9.710813895005602
들어오,0.29665669795870286,10.007470592964305,9.710813895005602
어오,0.29665669795870286,10.007470592964305,9.710813895005602
려 ,0.29665669795870286,10.007470592964305,9.710813895005602
선생,0.29665669795870286,10.007470592964305,9.710813895005602
없습,0.29665669795870286,10.007470592964305,9.710813895005602
상이,0.29665669795870286,10.007470592964305,9.710813895005602
없습니,0.29665669795870286,10.007470592964305,9.710813895005602
지만,0.28641949400007505,8.845692981052455,8.55927348705238
에 ,0.282386146297549,5.7753331059425435,5.4929469596449945
은행,0.28169398183737115,7.6113915211737115,7.32969753933634
 정도,0.2816753421618241,8.122095962195976,7.840420620034152
아니라 ,0.28158220629818587,9.22010255732649,8.938520351028304
출금,0.28158220629818587,9.22010255732649,8.938520351028304
니라 ,0.28158220629818587,9.22010255732649,8.938520351028304
이나 ,0.2789168211014452,8.28634491878906,8.007428097687615
이나,0.2789168211014452,8.28634491878906,8.007428097687615
 않,0.26877887202886797,8.035109830400295,7.766330958371427
 되는,0.2687709400226588,8.217375848608802,7.948604908586143
인해,0.26873922017740526,8.727979348873214,8.459240128695809
그래요,0.2685808170077433,9.825481759513963,9.55690094250622
 특,0.2685808170077433,9.825481759513963,9.55690094250622
걸로 ,0.2685808170077433,9.825481759513963,9.55690094250622
걸로,0.2685808170077433,9.825481759513963,9.55690094250622
주셔야 ,0.2685808170077433,9.825481759513963,9.55690094250622
친구,0.2685808170077433,9.825481759513963,9.55690094250622
하세요?,0.2685808170077433,9.825481759513963,9.55690094250622
 그래요,0.2685808170077433,9.825481759513963,9.55690094250622
볼게요,0.2685808170077433,9.825481759513963,9.55690094250622
개월,0.2685808170077433,9.825481759513963,9.55690094250622
 친구,0.2685808170077433,9.825481759513963,9.55690094250622
볼게,0.2685808170077433,9.825481759513963,9.55690094250622
아요,0.2534767340771209,7.7685461630250385,7.515069428947918
정도,0.25183128900782137,8.092251909041973,7.840420620034152
라고요,0.248139759884614,8.57390799320417,8.325768233319556
재 ,0.24811003116806774,8.979135147712162,8.731025116544094
 현재 ,0.24811003116806774,8.979135147712162,8.731025116544094
현재 ,0.24811003116806774,8.979135147712162,8.731025116544094
줄 ,0.24802092454212854,9.671568807014578,9.42354788247245
 볼,0.24802092454212854,9.671568807014578,9.42354788247245
 받았,0.24802092454212854,9.671568807014578,9.42354788247245
은 ,0.24528235187271719,6.24822196938714,6.002939617514423
드리,0.23981532315608334,7.301285070079533,7.06146974692345
니라,0.2397526252707607,8.910189862415708,8.670437237144947
 아니라,0.2397526252707607,8.910189862415708,8.670437237144947
아니라,0.2397526252707607,8.910189862415708,8.670437237144947
나 ,0.2387095078667043,6.955373078776072,6.716663570909367
 내,0.2365364350673218,7.629737293456278,7.393200858388957
될 ,0.23599186636257663,8.18459677494872,7.948604908586143
 할,0.23241618818737209,8.152858154079306,7.920441965891934
근데,0.23238149668760144,8.845692981052455,8.613311484364853
지만 ,0.23238149668760144,8.845692981052455,8.613311484364853
 근데,0.23238149668760144,8.845692981052455,8.613311484364853
받았,0.23231217504834056,9.53821574698081,9.30590357193247
 진짜,0.23231217504834056,9.53821574698081,9.30590357193247
 대한,0.23231217504834056,9.53821574698081,9.30590357193247
5시,0.23231217504834056,9.53821574698081,9.30590357193247
진짜,0.23231217504834056,9.53821574698081,9.30590357193247
 될,0.2279537088908512,8.399630763171551,8.1716770542807
 되는 ,0.2279537088908512,8.399630763171551,8.1716770542807
겠습,0.22142157904900017,7.356085795867076,7.134664216818075
겠습니,0.22142157904900017,7.356085795867076,7.134664216818075
그냥 ,0.21997285391613808,8.727979348873214,8.508006494957076
 그냥 ,0.21997285391613808,8.727979348873214,8.508006494957076
드리는,0.21997285391613808,8.727979348873214,8.508006494957076
냥 ,0.21997285391613808,8.727979348873214,8.508006494957076
분에 ,0.21991738621524348,9.42057143644083,9.200654050225587
사 ,0.2157435272573025,7.7685461630250385,7.552802635767736
 연,0.2147429695443348,6.88262034421545,6.667877374671115
 바,0.21228248778544057,7.955088484542513,7.742805996757072
른 ,0.2099326114510891,8.622674359465437,8.412741748014348
되고 ,0.2098872219158192,9.315321914733948,9.105434692818129
들 ,0.20164137920315284,8.527409612522709,8.325768233319556
었는데,0.20160354986566453,9.22010255732649,9.018499007460825
 발급,0.20160354986566453,9.22010255732649,9.018499007460825
어 ,0.1968834125429435,8.063272773094504,7.86638936055156
있었,0.19464652094088208,9.133166871969186,8.938520351028304
것도 ,0.19464652094088208,9.133166871969186,8.938520351028304
것도,0.19464652094088208,9.133166871969186,8.938520351028304
음에,0.19464652094088208,9.133166871969186,8.938520351028304
본 ,0.19464652094088208,9.133166871969186,8.938520351028304
 있었,0.19464652094088208,9.133166871969186,8.938520351028304
하는,0.19364587317500792,7.328310089993083,7.134664216818075
우리 ,0.18872093233286336,9.053188215536665,8.864467283203801
 우리 ,0.18872093233286336,9.053188215536665,8.864467283203801
겠죠,0.18872093233286336,9.053188215536665,8.864467283203801
게요.,0.18697108843486188,7.929777085191934,7.742805996757072
게요. ,0.18697108843486188,7.929777085191934,7.742805996757072
만 ,0.18365393394517415,7.03383699377999,6.850183059834816
 시간,0.18361314980481502,8.979135147712162,8.795521997907347
 있,0.17590940540107347,5.966382240688689,5.790472835287615
 근데 ,0.17525574390750798,8.845692981052455,8.670437237144947
근데 ,0.17525574390750798,8.845692981052455,8.670437237144947
 메,0.17525574390750798,8.845692981052455,8.670437237144947
그런데,0.17179361728845421,8.785105101653308,8.613311484364853
 그런데,0.17179361728845421,8.785105101653308,8.613311484364853
런데,0.17179361728845421,8.785105101653308,8.613311484364853
로 ,0.16680444144059337,5.746760549968317,5.579956108527724
다른 ,0.16593485660366447,8.67394135156074,8.508006494957076
되면 ,0.16593485660366447,8.67394135156074,8.508006494957076
 서,0.1601199050175568,7.857473861265433,7.697353956247876
겠습니다,0.15604737152373271,7.356085795867076,7.200038424343343
 정,0.1538847318849772,7.013636327072653,6.859751595187676
 직접,0.15102228597585388,8.322699340256554,8.1716770542807
직접,0.15102228597585388,8.322699340256554,8.1716770542807
되어,0.14974687336965609,8.28634491878906,8.136598045419404
 걸,0.14855792582732263,8.251265909927765,8.102707984100443
이고,0.1428308072025697,8.063272773094504,7.920441965891934
시 ,0.14181639639174115,6.9274668869208105,6.785650490529069
 1,0.13066692587528195,6.798544300546397,6.667877374671115
 고의님,0.11466786450836253,16.22407669404917,16.109408829540808
원하는,0.11466786450836253,16.22407669404917,16.109408829540808
동영,0.11466786450836253,16.22407669404917,16.109408829540808
동영상,0.11466786450836253,16.22407669404917,16.109408829540808
원하는 ,0.11466786450836253,16.22407669404917,16.109408829540808
 금감원,0.11466786450836253,16.22407669404917,16.109408829540808
 필수 ,0.11466786450836253,16.22407669404917,16.109408829540808
의님. ,0.11466786450836253,16.22407669404917,16.109408829540808
아봐,0.11466786450836253,16.22407669404917,16.109408829540808
 뜨는,0.11466786450836253,16.22407669404917,16.109408829540808
 뜨는 ,0.11466786450836253,16.22407669404917,16.109408829540808
의님.,0.11466786450836253,16.22407669404917,16.109408829540808
 부채,0.11466786450836253,16.22407669404917,16.109408829540808
감원,0.11466786450836253,16.22407669404917,16.109408829540808
의님,0.11466786450836253,16.22407669404917,16.109408829540808
 설치했,0.11466786450836253,16.22407669404917,16.109408829540808
대면,0.11466786450836253,16.22407669404917,16.109408829540808
줌마,0.11466786450836253,16.22407669404917,16.109408829540808
줌마 ,0.11466786450836253,16.22407669404917,16.109408829540808
동영상 ,0.11466786450836253,16.22407669404917,16.109408829540808
금감원,0.11466786450836253,16.22407669404917,16.109408829540808
다운,0.11466786450836253,16.22407669404917,16.109408829540808
 플레이,0.11466786450836253,16.22407669404917,16.109408829540808
 고의,0.11466786450836253,16.22407669404917,16.109408829540808
플레이 ,0.11466786450836253,16.22407669404917,16.109408829540808
설치를 ,0.11466786450836253,16.22407669404917,16.109408829540808
설치를,0.11466786450836253,16.22407669404917,16.109408829540808
 납부를,0.11466786450836253,16.22407669404917,16.109408829540808
플레,0.11466786450836253,16.22407669404917,16.109408829540808
뜨는,0.11466786450836253,16.22407669404917,16.109408829540808
뜨는 ,0.11466786450836253,16.22407669404917,16.109408829540808
 아줌마,0.11466786450836253,16.22407669404917,16.109408829540808
 원하는,0.11466786450836253,16.22407669404917,16.109408829540808
택할,0.11466786450836253,16.22407669404917,16.109408829540808
택할 ,0.11466786450836253,16.22407669404917,16.109408829540808
고의님.,0.11466786450836253,16.22407669404917,16.109408829540808
고의,0.11466786450836253,16.22407669404917,16.109408829540808
고의님,0.11466786450836253,16.22407669404917,16.109408829540808
 다운,0.11466786450836253,16.22407669404917,16.109408829540808
 연체,0.11466786450836253,16.22407669404917,16.109408829540808
 동영,0.11466786450836253,16.22407669404917,16.109408829540808
 카드는,0.11466786450836253,16.22407669404917,16.109408829540808
아줌,0.11466786450836253,16.22407669404917,16.109408829540808
아줌마,0.11466786450836253,16.22407669404917,16.109408829540808
아줌마 ,0.11466786450836253,16.22407669404917,16.109408829540808
치했,0.11466786450836253,16.22407669404917,16.109408829540808
 동영상,0.11466786450836253,16.22407669404917,16.109408829540808
 버튼 ,0.11466786450836253,16.22407669404917,16.109408829540808
플레이,0.11466786450836253,16.22407669404917,16.109408829540808
 아줌,0.11466786450836253,16.22407669404917,16.109408829540808
부채,0.11466786450836253,16.22407669404917,16.109408829540808
필수 ,0.11466786450836253,16.22407669404917,16.109408829540808
영상,0.11466786450836253,16.22407669404917,16.109408829540808
has_install,0.11466786450836253,16.22407669404917,16.109408829540808
has_safe_acct,0.11466786450836253,16.22407669404917,16.109408829540808
설치했,0.11466786450836253,16.22407669404917,16.109408829540808
영상 ,0.11466786450836253,16.22407669404917,16.109408829540808
 플레,0.11466786450836253,16.22407669404917,16.109408829540808
어디서,0.11466786450836075,10.516966429300293,10.402298564791932
디서 ,0.11466786450836075,10.516966429300293,10.402298564791932
선택,0.11466786450836075,10.516966429300293,10.402298564791932
 쉬,0.11466786450836075,11.60895617720791,11.494288312699549
어드,0.11466786450836075,10.230115266742601,10.11544740223424
 진행하,0.11466786450836075,9.42057143644083,9.30590357193247
거기 ,0.11466786450836075,8.979135147712162,8.864467283203801
 ot,0.11466786450836075,10.230115266742601,10.11544740223424
같이,0.11466786450836075,9.42057143644083,9.30590357193247
 카드를,0.11466786450836075,11.60895617720791,11.494288312699549
진행할 ,0.11466786450836075,10.230115266742601,10.11544740223424
 카카,0.11466786450836075,10.230115266742601,10.11544740223424
 다른 ,0.11466786450836075,8.67394135156074,8.55927348705238
 여,0.11466786450836075,7.224333904218678,7.1096660397103175
그럴 ,0.11466786450836075,11.60895617720791,11.494288312699549
락이 ,0.11466786450836075,9.825481759513963,9.710813895005602
 진행 ,0.11466786450836075,10.920771785990095,10.806103921481734
 누르,0.11466786450836075,11.60895617720791,11.494288312699549
디서,0.11466786450836075,10.516966429300293,10.402298564791932
드는,0.11466786450836075,10.920771785990095,10.806103921481734
 카카오,0.11466786450836075,10.230115266742601,10.11544740223424
지방,0.11466786450836075,10.230115266742601,10.11544740223424
이시,0.11466786450836075,8.251265909927765,8.136598045419404
24,0.11466786450836075,10.516966429300293,10.402298564791932
전산 ,0.11466786450836075,10.920771785990095,10.806103921481734
적이 ,0.11466786450836075,10.230115266742601,10.11544740223424
드를,0.11466786450836075,10.516966429300293,10.402298564791932
락이,0.11466786450836075,9.825481759513963,9.710813895005602
 없어,0.11466786450836075,8.482977604013804,8.368309739505444
 처리까,0.11466786450836075,10.516966429300293,10.402298564791932
다른,0.11466786450836075,8.622674359465437,8.508006494957076
해요,0.11466786450836075,8.979135147712162,8.864467283203801
때는,0.11466786450836075,10.516966429300293,10.402298564791932
맞습니다,0.11466786450836075,10.920771785990095,10.806103921481734
 위험,0.11466786450836075,10.230115266742601,10.11544740223424
 대신,0.11466786450836075,10.516966429300293,10.402298564791932
떨어,0.11466786450836075,10.920771785990095,10.806103921481734
 없이 ,0.11466786450836075,10.007470592964305,9.892802728455944
재가,0.11466786450836075,11.60895617720791,11.494288312699549
없어,0.11466786450836075,8.440436097827916,8.325768233319556
 연락이,0.11466786450836075,9.825481759513963,9.710813895005602
든 ,0.11466786450836075,8.979135147712162,8.864467283203801
한지 ,0.11466786450836075,10.920771785990095,10.806103921481734
것이,0.11466786450836075,10.230115266742601,10.11544740223424
진행 ,0.11466786450836075,10.920771785990095,10.806103921481734
한지,0.11466786450836075,10.920771785990095,10.806103921481734
같이 ,0.11466786450836075,9.42057143644083,9.30590357193247
이번에,0.11466786450836075,10.230115266742601,10.11544740223424
사람이 ,0.11466786450836075,10.007470592964305,9.892802728455944
25,0.11466786450836075,10.920771785990095,10.806103921481734
자주 ,0.11466786450836075,10.920771785990095,10.806103921481734
자주,0.11466786450836075,10.920771785990095,10.806103921481734
드를 ,0.11466786450836075,10.516966429300293,10.402298564791932
 빨,0.11466786450836075,10.007470592964305,9.892802728455944
진행하,0.11466786450836075,9.42057143644083,9.30590357193247
때는 ,0.11466786450836075,10.516966429300293,10.402298564791932
2일,0.11466786450836075,10.516966429300293,10.402298564791932
자라,0.11466786450836075,10.516966429300293,10.402298564791932
지나,0.11466786450836075,10.920771785990095,10.806103921481734
제는 ,0.11466786450836075,10.920771785990095,10.806103921481734
갖고,0.11466786450836075,10.920771785990095,10.806103921481734
리까,0.11466786450836075,10.516966429300293,10.402298564791932
리까지,0.11466786450836075,10.516966429300293,10.402298564791932
괜찮아,0.11466786450836075,10.920771785990095,10.806103921481734
확하게,0.11466786450836075,9.53821574698081,9.42354788247245
인하고 ,0.11466786450836075,11.60895617720791,11.494288312699549
확하,0.11466786450836075,9.53821574698081,9.42354788247245
제는,0.11466786450836075,10.920771785990095,10.806103921481734
시간은,0.11466786450836075,11.60895617720791,11.494288312699549
 쓰는,0.11466786450836075,10.920771785990095,10.806103921481734
업 ,0.11466786450836075,10.230115266742601,10.11544740223424
 안에,0.11466786450836075,10.230115266742601,10.11544740223424
업은,0.11466786450836075,11.60895617720791,11.494288312699549
 아는,0.11466786450836075,9.825481759513963,9.710813895005602
어야 ,0.11466786450836075,10.230115266742601,10.11544740223424
 아는 ,0.11466786450836075,10.007470592964305,9.892802728455944
5 ,0.11466786450836075,10.007470592964305,9.892802728455944
렇습니다,0.11466786450836075,10.230115266742601,10.11544740223424
어플로,0.11466786450836075,11.60895617720791,11.494288312699549
있던,0.11466786450836075,10.516966429300293,10.402298564791932
 나중,0.11466786450836075,10.230115266742601,10.11544740223424
 나중에,0.11466786450836075,10.230115266742601,10.11544740223424
어제 ,0.11466786450836075,10.230115266742601,10.11544740223424
5시에,0.11466786450836075,10.230115266742601,10.11544740223424
어있는,0.11466786450836075,10.920771785990095,10.806103921481734
그건 ,0.11466786450836075,10.007470592964305,9.892802728455944
 뒤에 ,0.11466786450836075,10.516966429300293,10.402298564791932
 뒤에,0.11466786450836075,10.516966429300293,10.402298564791932
 나와있,0.11466786450836075,10.230115266742601,10.11544740223424
있다고,0.11466786450836075,10.516966429300293,10.402298564791932
괜찮아요,0.11466786450836075,10.920771785990095,10.806103921481734
 1년,0.11466786450836075,10.230115266742601,10.11544740223424
시도,0.11466786450836075,10.230115266742601,10.11544740223424
있다고 ,0.11466786450836075,10.516966429300293,10.402298564791932
쓰는,0.11466786450836075,10.920771785990095,10.806103921481734
런데 ,0.11466786450836075,8.845692981052455,8.731025116544094
그래도 ,0.11466786450836075,10.516966429300293,10.402298564791932
 시작하,0.11466786450836075,10.920771785990095,10.806103921481734
갈 ,0.11466786450836075,9.22010255732649,9.105434692818129
대신,0.11466786450836075,10.516966429300293,10.402298564791932
접수를 ,0.11466786450836075,10.516966429300293,10.402298564791932
접수를,0.11466786450836075,10.516966429300293,10.402298564791932
 갖고,0.11466786450836075,10.920771785990095,10.806103921481734
하지,0.11466786450836075,8.785105101653308,8.670437237144947
하지 ,0.11466786450836075,8.910189862415708,8.795521997907347
 선택,0.11466786450836075,10.516966429300293,10.402298564791932
 없이,0.11466786450836075,10.007470592964305,9.892802728455944
 아마 ,0.11466786450836075,10.920771785990095,10.806103921481734
자금 ,0.11466786450836075,10.230115266742601,10.11544740223424
어디서 ,0.11466786450836075,10.516966429300293,10.402298564791932
지금은,0.11466786450836075,10.920771785990095,10.806103921481734
지금은 ,0.11466786450836075,10.920771785990095,10.806103921481734
그런데 ,0.11466786450836075,8.845692981052455,8.731025116544094
시간은 ,0.11466786450836075,11.60895617720791,11.494288312699549
 토,0.11466786450836075,10.920771785990095,10.806103921481734
 25,0.11466786450836075,10.920771785990095,10.806103921481734
어본 ,0.11466786450836075,10.516966429300293,10.402298564791932
어본,0.11466786450836075,10.516966429300293,10.402298564791932
 지 ,0.11466786450836075,10.516966429300293,10.402298564791932
 지금은,0.11466786450836075,10.920771785990095,10.806103921481734
되세요?,0.11466786450836075,10.920771785990095,10.806103921481734
업체,0.11466786450836075,11.60895617720791,11.494288312699549
 나라,0.11466786450836075,10.920771785990095,10.806103921481734
힘드,0.11466786450836075,10.920771785990095,10.806103921481734
 하려,0.11466786450836075,10.230115266742601,10.11544740223424
거로,0.11466786450836075,10.516966429300293,10.402298564791932
 20일,0.11466786450836075,10.516966429300293,10.402298564791932
정리,0.11466786450836075,10.230115266742601,10.11544740223424
 없을,0.11466786450836075,9.825481759513963,9.710813895005602
 갖,0.11466786450836075,10.920771785990095,10.806103921481734
시작하,0.11466786450836075,10.920771785990095,10.806103921481734
마시고 ,0.11466786450836075,10.516966429300293,10.402298564791932
이용하,0.11466786450836075,9.315321914733948,9.200654050225587
했다고,0.11466786450836075,9.825481759513963,9.710813895005602
없습니다,0.11466786450836075,10.007470592964305,9.892802728455944
 적이,0.11466786450836075,10.516966429300293,10.402298564791932
나중에 ,0.11466786450836075,10.230115266742601,10.11544740223424
오시,0.11466786450836075,8.785105101653308,8.670437237144947
 적이 ,0.11466786450836075,10.516966429300293,10.402298564791932
 봐서,0.11466786450836075,10.920771785990095,10.806103921481734
 이번에,0.11466786450836075,10.230115266742601,10.11544740223424
 전산 ,0.11466786450836075,10.920771785990095,10.806103921481734
바꿔,0.11466786450836075,10.516966429300293,10.402298564791932
셨나,0.11466786450836075,11.60895617720791,11.494288312699549
봐서,0.11466786450836075,10.920771785990095,10.806103921481734
 별,0.11466786450836075,10.516966429300293,10.402298564791932
봤는,0.11466786450836075,10.516966429300293,10.402298564791932
찮아요,0.11466786450836075,10.920771785990095,10.806103921481734
봤는데,0.11466786450836075,10.516966429300293,10.402298564791932
봤는데 ,0.11466786450836075,10.516966429300293,10.402298564791932
 것만 ,0.11466786450836075,10.920771785990095,10.806103921481734
무거,0.11466786450836075,10.516966429300293,10.402298564791932
 모든 ,0.11466786450836075,10.516966429300293,10.402298564791932
 모든,0.11466786450836075,10.516966429300293,10.402298564791932
모하,0.11466786450836075,11.60895617720791,11.494288312699549
"니,",0.11466786450836075,10.230115266742601,10.11544740223424
"니, ",0.11466786450836075,10.230115266742601,10.11544740223424
사님께,0.11466786450836075,10.007470592964305,9.892802728455944
연락이,0.11466786450836075,9.825481759513963,9.710813895005602
안녕하십,0.11466786450836075,11.60895617720791,11.494288312699549
녕하십니,0.11466786450836075,11.60895617720791,11.494288312699549
 힘드,0.11466786450836075,10.920771785990095,10.806103921481734
 점 ,0.11466786450836075,10.516966429300293,10.402298564791932
가에,0.11466786450836075,10.920771785990095,10.806103921481734
 이용 ,0.11466786450836075,11.60895617720791,11.494288312699549
카카오,0.11466786450836075,10.230115266742601,10.11544740223424
나중,0.11466786450836075,10.230115266742601,10.11544740223424
아야 ,0.11466786450836075,10.230115266742601,10.11544740223424
 일이,0.11466786450836075,9.825481759513963,9.710813895005602
나와있,0.11466786450836075,10.230115266742601,10.11544740223424
와서 ,0.11466786450836075,10.230115266742601,10.11544740223424
고가,0.11466786450836075,10.516966429300293,10.402298564791932
금액 ,0.11466786450836075,10.516966429300293,10.402298564791932
금해,0.11466786450836075,11.60895617720791,11.494288312699549
와있,0.11466786450836075,10.230115266742601,10.11544740223424
금하,0.11466786450836075,10.920771785990095,10.806103921481734
송한,0.11466786450836075,10.230115266742601,10.11544740223424
택이 ,0.11466786450836075,10.230115266742601,10.11544740223424
와서,0.11466786450836075,10.230115266742601,10.11544740223424
 벌,0.11466786450836075,10.230115266742601,10.11544740223424
누르,0.11466786450836075,11.60895617720791,11.494288312699549
위험,0.11466786450836075,10.230115266742601,10.11544740223424
 것만,0.11466786450836075,10.920771785990095,10.806103921481734
카카오톡,0.11466786450836075,10.230115266742601,10.11544740223424
와 ,0.11466786450836075,8.622674359465437,8.508006494957076
오톡,0.11466786450836075,10.230115266742601,10.11544740223424
나중에,0.11466786450836075,10.230115266742601,10.11544740223424
가요 ,0.11466786450836075,10.920771785990095,10.806103921481734
 자주 ,0.11466786450836075,10.920771785990095,10.806103921481734
0% ,0.11466786450836075,10.920771785990095,10.806103921481734
 이용하,0.11466786450836075,9.315321914733948,9.200654050225587
행할 ,0.11466786450836075,10.230115266742601,10.11544740223424
 그건 ,0.11466786450836075,10.007470592964305,9.892802728455944
원입니다,0.11466786450836075,11.60895617720791,11.494288312699549
 없습,0.11466786450836075,10.007470592964305,9.892802728455944
녕하십,0.11466786450836075,11.60895617720791,11.494288312699549
내역,0.11466786450836075,10.516966429300293,10.402298564791932
 어제 ,0.11466786450836075,10.230115266742601,10.11544740223424
"님,",0.11466786450836075,10.920771785990095,10.806103921481734
셨나요,0.11466786450836075,11.60895617720791,11.494288312699549
"님, ",0.11466786450836075,10.920771785990095,10.806103921481734
 자주,0.11466786450836075,10.920771785990095,10.806103921481734
님.,0.11466786450836075,9.133166871969186,9.018499007460825
 괜찮아,0.11466786450836075,10.920771785990095,10.806103921481734
님. ,0.11466786450836075,9.133166871969186,9.018499007460825
 어플로,0.11466786450836075,11.60895617720791,11.494288312699549
우자 ,0.11466786450836075,11.60895617720791,11.494288312699549
플로,0.11466786450836075,11.60895617720791,11.494288312699549
부하,0.11466786450836075,10.920771785990095,10.806103921481734
 우선 ,0.11466786450836075,10.230115266742601,10.11544740223424
 5시에,0.11466786450836075,10.230115266742601,10.11544740223424
아마 ,0.11466786450836075,10.920771785990095,10.806103921481734
 것이 ,0.11466786450836075,10.516966429300293,10.402298564791932
없을,0.11466786450836075,9.825481759513963,9.710813895005602
텐데,0.11466786450836075,10.230115266742601,10.11544740223424
호가,0.11466786450836075,10.007470592964305,9.892802728455944
기록,0.11466786450836075,10.920771785990095,10.806103921481734
영 ,0.11466786450836075,10.516966429300293,10.402298564791932
카오,0.11466786450836075,10.230115266742601,10.11544740223424
연락이 ,0.11466786450836075,9.825481759513963,9.710813895005602
 7,0.11466786450836075,8.622674359465437,8.508006494957076
카오톡,0.11466786450836075,10.230115266742601,10.11544740223424
 미만,0.11466786450836075,10.230115266742601,10.11544740223424
우선 ,0.11466786450836075,10.230115266742601,10.11544740223424
00 ,0.11466786450836075,10.920771785990095,10.806103921481734
했어,0.11466786450836075,9.825481759513963,9.710813895005602
모든 ,0.11466786450836075,10.516966429300293,10.402298564791932
원입니,0.11466786450836075,11.60895617720791,11.494288312699549
모든,0.11466786450836075,10.516966429300293,10.402298564791932
카카,0.11466786450836075,10.230115266742601,10.11544740223424
원입,0.11466786450836075,11.60895617720791,11.494288312699549
총 ,0.11466786450836075,10.920771785990095,10.806103921481734
 받은,0.11466786450836075,10.920771785990095,10.806103921481734
 업체,0.11466786450836075,11.60895617720791,11.494288312699549
했어요,0.11466786450836075,9.825481759513963,9.710813895005602
 거기 ,0.11466786450836075,8.979135147712162,8.864467283203801
 바꿔,0.11466786450836075,10.516966429300293,10.402298564791932
 있다고,0.11466786450836075,10.516966429300293,10.402298564791932
 접수를,0.11466786450836075,10.516966429300293,10.402298564791932
 없습니,0.11466786450836075,10.007470592964305,9.892802728455944
ot,0.11466786450836075,10.230115266742601,10.11544740223424
 4,0.11466786450836075,8.360425428600518,8.245757564092157
 정리,0.11466786450836075,10.230115266742601,10.11544740223424
13,0.11466786450836075,10.516966429300293,10.402298564791932
면허,0.11466786450836075,11.60895617720791,11.494288312699549
0일 ,0.11466786450836075,10.516966429300293,10.402298564791932
 보고 ,0.11466786450836075,10.516966429300293,10.402298564791932
 그럴 ,0.11466786450836075,11.60895617720791,11.494288312699549
 정지,0.11466786450836075,11.60895617720791,11.494288312699549
셨나요?,0.11466786450836075,11.60895617720791,11.494288312699549
주셔야,0.11466786450835897,9.671568807014578,9.55690094250622
 회사,0.11466786450835897,9.671568807014578,9.55690094250622
산 ,0.11466786450835897,9.671568807014578,9.55690094250622
 발생,0.11466786450835897,9.671568807014578,9.55690094250622
로도,0.11466786450835897,9.671568807014578,9.55690094250622
회사,0.11466786450835897,9.671568807014578,9.55690094250622
발생,0.11466786450835897,9.671568807014578,9.55690094250622
하다,0.11466786450835897,9.671568807014578,9.55690094250622
 단,0.11466786450835897,9.671568807014578,9.55690094250622
? ,0.10287348674595709,5.226972644390003,5.1240991576440456
같은,0.09361888700155152,7.747497185518229,7.653878298516678
안 ,0.09269137298308472,7.097009241266808,7.0043178682837235
번호,0.0916836304810058,7.834489627238078,7.742805996757072
. ,0.09148603555868196,4.259432504453342,4.16794646889466
하면,0.08800672790526853,7.981057225059921,7.893050497154652
도 ,0.08174443493033756,6.109477686422671,6.027733251492333
 됐,0.07958885564706542,8.251265909927765,8.1716770542807
 해,0.07669102061871591,6.537440033204231,6.460749012585515
습니,0.07486359494286798,6.295847749624595,6.220984154681727
중에,0.07386252985199526,8.399630763171551,8.325768233319556
 5,0.06815866886665134,7.834489627238078,7.766330958371427
 알,0.06540167127774232,6.974419459696036,6.909017788418294
 건데,0.06340087241305703,8.622674359465437,8.55927348705238
건데,0.06340087241305703,8.622674359465437,8.55927348705238
리는 ,0.06340087241305703,8.622674359465437,8.55927348705238
 다른,0.06340087241305703,8.622674359465437,8.55927348705238
하시는,0.06338772464037401,7.929777085191934,7.86638936055156
확인하,0.060629867195887144,8.67394135156074,8.613311484364853
 확인하,0.060629867195887144,8.67394135156074,8.613311484364853
님이,0.05754211172826729,8.727979348873214,8.670437237144947
가능하,0.0558446754068882,8.063272773094504,8.007428097687615
능하,0.0558446754068882,8.063272773094504,8.007428097687615
 같은,0.050143229270353196,7.747497185518229,7.697353956247876
면 ,0.0453085877749535,5.6578753955740515,5.612566807799098
 번,0.03130364324492518,7.706683522630265,7.67537987938534
객님. ,0.027732179151056968,9.133166871969186,9.105434692818129
있어요.,0.027732179151056968,9.133166871969186,9.105434692818129
객님.,0.027732179151056968,9.133166871969186,9.105434692818129
농협,0.027732179151056968,9.133166871969186,9.105434692818129
음에 ,0.027732179151056968,9.133166871969186,9.105434692818129
 취,0.027732179151056968,9.133166871969186,9.105434692818129
 농협,0.027732179151056968,9.133166871969186,9.105434692818129
고객님.,0.027732179151056968,9.133166871969186,9.105434692818129
랑 ,0.02232299860161291,8.092251909041973,8.06992891044036
고하,0.01944850710090229,9.22010255732649,9.200654050225587
대한 ,0.01944850710090229,9.22010255732649,9.200654050225587
사하,0.01944850710090229,9.22010255732649,9.200654050225587
아요.,0.014609462328227352,7.880998822879787,7.86638936055156
아요. ,0.014609462328227352,7.880998822879787,7.86638936055156
거나,0.012919720668021384,8.184596774948721,8.1716770542807
거나 ,0.012919720668021384,8.184596774948721,8.1716770542807
 하는,0.012040071502458005,7.90509056865711,7.893050497154652
 해 ,0.009418342801478019,9.315321914733948,9.30590357193247
 업,0.009418342801478019,9.315321914733948,9.30590357193247
 잡,0.009418342801478019,9.315321914733948,9.30590357193247
"자, ",0.009418342801478019,9.315321914733948,9.30590357193247
서도,0.009418342801478019,9.315321914733948,9.30590357193247
"자,",0.009418342801478019,9.315321914733948,9.30590357193247
 검,0.009329566382389132,7.706683522630265,7.697353956247876
어요? ,0.002215204653611913,7.7685461630250385,7.766330958371427
어요?,0.002215204653611913,7.7685461630250385,7.766330958371427
없는 ,-0.002976446031619062,9.42057143644083,9.42354788247245
시키,-0.002976446031619062,9.42057143644083,9.42354788247245
니고 ,-0.002976446031619062,9.42057143644083,9.42354788247245
 치,-0.002976446031619062,9.42057143644083,9.42354788247245
이신,-0.0030457676708799397,8.727979348873214,8.731025116544094
시거,-0.0030457676708799397,8.727979348873214,8.731025116544094
 어떻,-0.0030873999273364205,7.812021820756237,7.815109220683573
어떻,-0.0030873999273364205,7.812021820756237,7.815109220683573
 소,-0.008915499286127115,7.857473861265433,7.86638936055156
 나,-0.013154598842766596,6.790512773958606,6.803667372801373
음이,-0.018685195525408815,9.53821574698081,9.55690094250622
 찾,-0.018685195525408815,9.53821574698081,9.55690094250622
 전에,-0.018685195525408815,9.53821574698081,9.55690094250622
입금,-0.018685195525408815,9.53821574698081,9.55690094250622
께 ,-0.018685195525408815,9.53821574698081,9.55690094250622
 갈,-0.018685195525408815,9.53821574698081,9.55690094250622
해주시고,-0.018685195525408815,9.53821574698081,9.55690094250622
 입금,-0.018685195525408815,9.53821574698081,9.55690094250622
님께,-0.018804030867892507,8.440436097827916,8.459240128695809
데요. ,-0.018833772853197317,7.747497185518229,7.766330958371427
데요.,-0.018833772853197317,7.747497185518229,7.766330958371427
 3,-0.021876541123710957,7.7685461630250385,7.7904227041487495
하시는 ,-0.022495559991100755,7.955088484542513,7.9775840445336135
어떻게 ,-0.02839879927791511,7.812021820756237,7.840420620034152
 어떻게,-0.02839879927791511,7.812021820756237,7.840420620034152
떻게,-0.02839879927791511,7.812021820756237,7.840420620034152
떻게 ,-0.02839879927791511,7.812021820756237,7.840420620034152
어떻게,-0.02839879927791511,7.812021820756237,7.840420620034152
 확,-0.02842015976994805,6.831331435417728,6.859751595187676
권 ,-0.03186387452967132,8.527409612522709,8.55927348705238
하면 ,-0.03481908004006584,8.035109830400295,8.06992891044036
10,-0.03557663588921933,7.857473861265433,7.893050497154652
요. ,-0.0376706242782463,5.017662802467982,5.055333426746229
요.,-0.0376706242782463,5.017662802467982,5.055333426746229
연락,-0.03789617418738178,6.955373078776072,6.9932692529634535
 연락,-0.03789617418738178,6.955373078776072,6.9932692529634535
0일,-0.03924508799102355,9.671568807014578,9.710813895005602
방법,-0.03924508799102355,9.671568807014578,9.710813895005602
 넘,-0.03924508799102355,9.671568807014578,9.710813895005602
로도 ,-0.03924508799102355,9.671568807014578,9.710813895005602
 방법,-0.03924508799102355,9.671568807014578,9.710813895005602
 직접 ,-0.04561039924888988,8.322699340256554,8.368309739505444
접 ,-0.04561039924888988,8.322699340256554,8.368309739505444
직접 ,-0.04561039924888988,8.322699340256554,8.368309739505444
증 ,-0.04776287767951004,8.622674359465437,8.670437237144947
데.,-0.052246477281464365,9.053188215536665,9.105434692818129
데. ,-0.052246477281464365,9.053188215536665,9.105434692818129
던 ,-0.05231631941382986,8.360425428600518,8.412741748014348
시면,-0.053548110293262674,6.5754168770938755,6.628964987387138
대로,-0.05708376498335355,8.67394135156074,8.731025116544094
대로 ,-0.05708376498335355,8.67394135156074,8.731025116544094
우리,-0.05708376498335355,8.67394135156074,8.731025116544094
도록,-0.05708376498335355,8.67394135156074,8.731025116544094
록 ,-0.05708376498335355,8.67394135156074,8.731025116544094
 우리,-0.05708376498335355,8.67394135156074,8.731025116544094
 우,-0.0571330645110244,7.981057225059921,8.038190289570945
과 ,-0.05814500444588777,7.475613064107114,7.533758068553002
그건,-0.06732096894198136,9.825481759513963,9.892802728455944
 믿,-0.06732096894198136,9.825481759513963,9.892802728455944
국 ,-0.06732096894198136,9.825481759513963,9.892802728455944
 그건,-0.06732096894198136,9.825481759513963,9.892802728455944
 걸로 ,-0.06732096894198136,9.825481759513963,9.892802728455944
모 ,-0.06732096894198136,9.825481759513963,9.892802728455944
 어플,-0.06732096894198136,9.825481759513963,9.892802728455944
 걸로,-0.06732096894198136,9.825481759513963,9.892802728455944
 일이 ,-0.06732096894198136,9.825481759513963,9.892802728455944
하시,-0.0717297385802711,6.628405896385203,6.700135634965474
확인,-0.07455617706942252,6.865230113773762,6.939786290843185
 확인,-0.07455617706942252,6.865230113773762,6.939786290843185
건 ,-0.07582904593032769,7.03383699377999,7.1096660397103175
시면 ,-0.07671338059082355,6.5754168770938755,6.652130257684699
되는 ,-0.07765101249568129,7.929777085191934,8.007428097687615
님이 ,-0.07936218155049346,8.785105101653308,8.864467283203801
 맞,-0.08060610591859074,7.491610845699292,7.572216951617882
0년,-0.08580101460598044,9.22010255732649,9.30590357193247
냐고,-0.08580101460598044,9.22010255732649,9.30590357193247
다음에,-0.08580101460598044,9.22010255732649,9.30590357193247
" 네,",-0.08802303366106656,6.9274668869208105,7.015489920581877
" 네, ",-0.08802303366106656,6.9274668869208105,7.015489920581877
없어요.,-0.09282736997584884,8.845692981052455,8.938520351028304
카드,-0.09498962243742781,8.007718361663013,8.10270798410044
는데 ,-0.09560737018849608,6.865230113773762,6.960837483962258
인하,-0.09881470009529103,8.360425428600518,8.459240128695809
되어 ,-0.09881470009529103,8.360425428600518,8.459240128695809
할 ,-0.10434556173394416,7.507868722897317,7.6122142846312615
 다,-0.10700025395158441,6.4771844737361155,6.5841847276877
 솔,-0.10797680926993536,10.007470592964305,10.11544740223424
 주의,-0.10797680926993536,10.007470592964305,10.11544740223424
 솔직,-0.10797680926993536,10.007470592964305,10.11544740223424
번호가 ,-0.10797680926993536,10.007470592964305,10.11544740223424
신청 ,-0.10797680926993536,10.007470592964305,10.11544740223424
주변,-0.10797680926993536,10.007470592964305,10.11544740223424
사님께서,-0.10797680926993536,10.007470592964305,10.11544740223424
솔직,-0.10797680926993536,10.007470592964305,10.11544740223424
 주변,-0.10797680926993536,10.007470592964305,10.11544740223424
자에,-0.10797680926993536,10.007470592964305,10.11544740223424
 분들도,-0.10797680926993536,10.007470592964305,10.11544740223424
 선생,-0.10797680926993536,10.007470592964305,10.11544740223424
볼게요.,-0.10797680926993536,10.007470592964305,10.11544740223424
 선생님,-0.10797680926993536,10.007470592964305,10.11544740223424
번호가,-0.10797680926993536,10.007470592964305,10.11544740223424
보여,-0.10797680926993536,10.007470592964305,10.11544740223424
 신청 ,-0.10797680926993536,10.007470592964305,10.11544740223424
 12,-0.10797680926993536,10.007470592964305,10.11544740223424
 받는,-0.10797680926993536,10.007470592964305,10.11544740223424
 받는 ,-0.10797680926993536,10.007470592964305,10.11544740223424
호가 ,-0.10797680926993536,10.007470592964305,10.11544740223424
질 ,-0.10797680926993536,10.007470592964305,10.11544740223424
서도 ,-0.1082259677385018,9.315321914733948,9.42354788247245
번에 ,-0.1082259677385018,9.315321914733948,9.42354788247245
 가능하,-0.10840428118619627,8.063272773094504,8.1716770542807
 적,-0.11411528134806481,7.834489627238078,7.948604908586143
 수,-0.11415909846768368,6.4483656964552,6.562524794922884
 잘 ,-0.11883738922446341,8.440436097827916,8.55927348705238
잘 ,-0.11883738922446341,8.440436097827916,8.55927348705238
 계좌가,-0.12158064634660626,8.67394135156074,8.795521997907347
좌가,-0.12158064634660626,8.67394135156074,8.795521997907347
계좌가,-0.12158064634660626,8.67394135156074,8.795521997907347
도록 ,-0.12158064634660626,8.67394135156074,8.795521997907347
좌가 ,-0.12158064634660626,8.67394135156074,8.795521997907347
계좌가 ,-0.12158064634660626,8.67394135156074,8.795521997907347
호 ,-0.12165075904052003,7.981057225059921,8.10270798410044
이동,-0.12629954510596697,8.979135147712162,9.105434692818129
 했는,-0.12629954510596697,8.979135147712162,9.105434692818129
 이동,-0.12629954510596697,8.979135147712162,9.105434692818129
 없는 ,-0.13632950606538685,9.42057143644083,9.556900942506218
 해요,-0.13632950606538685,9.42057143644083,9.556900942506218
아니고 ,-0.13632950606538685,9.42057143644083,9.556900942506218
었는데 ,-0.13632950606538685,9.42057143644083,9.556900942506218
하거,-0.13632950606538685,9.42057143644083,9.556900942506218
사항,-0.13648793433058692,8.727979348873214,8.864467283203801
"네, ",-0.14160249362528887,6.873887426956588,7.015489920581877
"네,",-0.14160249362528887,6.873887426956588,7.015489920581877
님께서,-0.1430276246222384,8.527409612522709,8.670437237144947
어요,-0.14984453550622856,6.398496630389567,6.5483411658957955
데 ,-0.1519477970193135,6.159278441630791,6.311226238650105
오셔,-0.15341524937499607,8.785105101653308,8.938520351028304
요한,-0.15341524937499607,8.785105101653308,8.938520351028304
수가 ,-0.15711712333992445,8.57390799320417,8.731025116544094
수가,-0.15711712333992445,8.57390799320417,8.731025116544094
습니다,-0.15847078616896493,6.295847749624595,6.4543185357935595
리는,-0.1614758380865826,8.251265909927765,8.412741748014348
것들,-0.1721832980493314,10.230115266742601,10.402298564791932
 이상이,-0.1721832980493314,10.230115266742601,10.402298564791932
만한,-0.1721832980493314,10.230115266742601,10.402298564791932
만한 ,-0.1721832980493314,10.230115266742601,10.402298564791932
 보고,-0.1721832980493314,10.230115266742601,10.402298564791932
 3천,-0.1721832980493314,10.230115266742601,10.402298564791932
 해볼,-0.1721832980493314,10.230115266742601,10.402298564791932
c ,-0.1721832980493314,10.230115266742601,10.402298564791932
봐 ,-0.1721832980493314,10.230115266742601,10.402298564791932
 복,-0.1721832980493314,10.230115266742601,10.402298564791932
 맞춰서,-0.1721832980493314,10.230115266742601,10.402298564791932
맞춰서,-0.1721832980493314,10.230115266742601,10.402298564791932
맞춰서 ,-0.1721832980493314,10.230115266742601,10.402298564791932
달라고,-0.1721832980493314,10.230115266742601,10.402298564791932
없죠,-0.1721832980493314,10.230115266742601,10.402298564791932
1시간 ,-0.1721832980493314,10.230115266742601,10.402298564791932
의해,-0.1721832980493314,10.230115266742601,10.402298564791932
 그걸 ,-0.1721832980493314,10.230115266742601,10.402298564791932
 웬,-0.1721832980493314,10.230115266742601,10.402298564791932
것이 ,-0.1721832980493314,10.230115266742601,10.402298564791932
드리려,-0.1721832980493314,10.230115266742601,10.402298564791932
드리려고,-0.1721832980493314,10.230115266742601,10.402298564791932
이상이,-0.1721832980493314,10.230115266742601,10.402298564791932
 돈 ,-0.1721832980493314,10.230115266742601,10.402298564791932
달라고 ,-0.1721832980493314,10.230115266742601,10.402298564791932
간에 ,-0.1721832980493314,10.230115266742601,10.402298564791932
 없죠,-0.1721832980493314,10.230115266742601,10.402298564791932
3천,-0.1721832980493314,10.230115266742601,10.402298564791932
6시,-0.1721832980493314,10.230115266742601,10.402298564791932
춰서,-0.1721832980493314,10.230115266742601,10.402298564791932
춰서 ,-0.1721832980493314,10.230115266742601,10.402298564791932
리려,-0.1721832980493314,10.230115266742601,10.402298564791932
리려고,-0.1721832980493314,10.230115266742601,10.402298564791932
통해 ,-0.1721832980493314,10.230115266742601,10.402298564791932
받으면,-0.1721832980493314,10.230115266742601,10.402298564791932
 싫,-0.1721832980493314,10.230115266742601,10.402298564791932
거라 ,-0.1721832980493314,10.230115266742601,10.402298564791932
씀하시는,-0.1721832980493314,10.230115266742601,10.402298564791932
텐데 ,-0.1721832980493314,10.230115266742601,10.402298564791932
 받으면,-0.1721832980493314,10.230115266742601,10.402298564791932
 1시간,-0.1721832980493314,10.230115266742601,10.402298564791932
있어야,-0.1721832980493314,10.230115266742601,10.402298564791932
 1시,-0.1721832980493314,10.230115266742601,10.402298564791932
 통해 ,-0.1721832980493314,10.230115266742601,10.402298564791932
1시간,-0.1721832980493314,10.230115266742601,10.402298564791932
로만 ,-0.1721832980493314,10.230115266742601,10.402298564791932
로만,-0.1721832980493314,10.230115266742601,10.402298564791932
그걸 ,-0.1721832980493314,10.230115266742601,10.402298564791932
원인,-0.1721832980493314,10.230115266742601,10.402298564791932
 같이 ,-0.17259814802479134,9.53821574698081,9.710813895005602
확하게 ,-0.17259814802479134,9.53821574698081,9.710813895005602
 같이,-0.17259814802479134,9.53821574698081,9.710813895005602
 자택,-0.17259814802479134,9.53821574698081,9.710813895005602
 전에 ,-0.17259814802479134,9.53821574698081,9.710813895005602
저한,-0.17259814802479134,9.53821574698081,9.710813895005602
 저한,-0.17259814802479134,9.53821574698081,9.710813895005602
저한테,-0.17259814802479134,9.53821574698081,9.710813895005602
 저한테,-0.17259814802479134,9.53821574698081,9.710813895005602
저한테 ,-0.17259814802479134,9.53821574698081,9.710813895005602
아는,-0.17259814802479134,9.53821574698081,9.710813895005602
자택,-0.17259814802479134,9.53821574698081,9.710813895005602
 전 ,-0.17273669996328422,9.133166871969186,9.30590357193247
 15,-0.17273669996328422,9.133166871969186,9.30590357193247
요한 ,-0.17280602640837017,8.845692981052455,9.018499007460825
 문제,-0.17284763844190998,8.622674359465437,8.795521997907347
출 ,-0.17284763844190998,8.622674359465437,8.795521997907347
문제,-0.17284763844190998,8.622674359465437,8.795521997907347
행 ,-0.17293089890850677,7.929777085191934,8.10270798410044
요?,-0.17534008887853503,5.557426279381425,5.73276636825996
요? ,-0.17534008887853503,5.557426279381425,5.73276636825996
 한,-0.1829302193511868,7.003686986219986,7.186617205571173
되는,-0.1853719272272949,7.629737293456278,7.815109220683573
30,-0.19052593164306053,8.67394135156074,8.864467283203801
 근,-0.1927109896212169,8.092251909041973,8.28496289866319
시겠,-0.19540627693137846,7.812021820756237,8.007428097687615
해요.,-0.20344532514596025,9.22010255732649,9.42354788247245
해요. ,-0.20344532514596025,9.22010255732649,9.42354788247245
 버,-0.20344532514596025,9.22010255732649,9.42354788247245
번에,-0.20344532514596025,9.22010255732649,9.42354788247245
하려,-0.20344532514596025,9.22010255732649,9.42354788247245
시거나,-0.2105410021550913,8.727979348873212,8.938520351028304
시거나 ,-0.2105410021550913,8.727979348873212,8.938520351028304
실 ,-0.21167987118279097,7.249332081326436,7.461011952509227
 유,-0.21195303983239988,7.507868722897317,7.719821762729717
신 ,-0.2134824501229895,6.494883006619767,6.708365456742756
했는,-0.2136807211933025,8.399630763171551,8.613311484364853
되는데 ,-0.22123392144136567,9.671568807014578,9.892802728455944
아는 ,-0.22123392144136567,9.671568807014578,9.892802728455944
시간이,-0.22123392144136567,9.671568807014578,9.892802728455944
해주셔야,-0.22123392144136567,9.671568807014578,9.892802728455944
 어제,-0.22123392144136567,9.671568807014578,9.892802728455944
인가,-0.22123392144136567,9.671568807014578,9.892802728455944
라면,-0.22123392144136567,9.671568807014578,9.892802728455944
어제,-0.22123392144136567,9.671568807014578,9.892802728455944
않은 ,-0.22123392144136567,9.671568807014578,9.892802728455944
않은,-0.22123392144136567,9.671568807014578,9.892802728455944
시간이 ,-0.22123392144136567,9.671568807014578,9.892802728455944
어플,-0.22123392144136567,9.671568807014578,9.892802728455944
되는데,-0.22123392144136567,9.671568807014578,9.892802728455944
했는데요,-0.22123392144136567,9.671568807014578,9.892802728455944
이용하시,-0.22123392144136567,9.671568807014578,9.892802728455944
라도 ,-0.22151890251342543,8.979135147712162,9.200654050225587
용하시는,-0.22151890251342543,8.979135147712162,9.200654050225587
라도,-0.22151890251342543,8.979135147712162,9.200654050225587
급 ,-0.22151890251342543,8.979135147712162,9.200654050225587
이용,-0.22166157616801563,8.28634491878906,8.508006494957076
 이용,-0.22166157616801563,8.28634491878906,8.508006494957076
 못,-0.22697425068827215,7.981057225059921,8.208031475748193
 시,-0.22755919820269366,7.384655086428568,7.6122142846312615
셔서,-0.23150747676229422,7.90509056865711,8.136598045419404
 사용,-0.23493727385975482,7.507868722897317,7.742805996757072
하니,-0.24157902777226958,9.315321914733948,9.556900942506218
됐어,-0.24157902777226958,9.315321914733948,9.556900942506218
됐어요,-0.24157902777226958,9.315321914733948,9.556900942506218
 끝,-0.24157902777226958,9.315321914733948,9.556900942506218
보세요,-0.25070189539399124,7.726882149139622,7.9775840445336135
보세,-0.25070189539399124,7.726882149139622,7.9775840445336135
 못 ,-0.25288605576433554,8.360425428600518,8.613311484364853
 10,-0.2555992225396171,7.880998822879787,8.136598045419404
이고요,-0.2598835939350419,8.152858154079306,8.412741748014348
 많이,-0.2598835939350419,8.152858154079306,8.412741748014348
 많이 ,-0.2598835939350419,8.152858154079306,8.412741748014348
많이,-0.2598835939350419,8.152858154079306,8.412741748014348
많이 ,-0.2598835939350419,8.152858154079306,8.412741748014348
대출,-0.2598835939350419,8.152858154079306,8.412741748014348
 많,-0.26131523330934137,7.414064646075999,7.67537987938534
 있습니,-0.26470033903223644,7.981057225059921,8.245757564092157
 있습,-0.26470033903223644,7.981057225059921,8.245757564092157
중에 ,-0.26811238538463833,8.527409612522709,8.795521997907347
부터,-0.27080647397339597,8.399630763171551,8.670437237144947
 관,-0.2760578304634702,8.092251909041973,8.368309739505444
시간,-0.2760578304634702,8.092251909041973,8.368309739505444
 주시,-0.276743525142793,7.356085795867076,7.6328293210098686
있습,-0.2782543905562589,7.929777085191934,8.208031475748193
있습니,-0.2782543905562589,7.929777085191934,8.208031475748193
 여보세,-0.2798811665466596,7.790047743893701,8.06992891044036
 여보,-0.2798811665466596,7.790047743893701,8.06992891044036
여보세요,-0.2798811665466596,7.790047743893701,8.06992891044036
여보세,-0.2798811665466596,7.790047743893701,8.06992891044036
여보,-0.2798811665466596,7.790047743893701,8.06992891044036
까요,-0.2816589759809407,7.6113915211737115,7.893050497154652
렇죠? ,-0.2891374921814407,10.516966429300293,10.806103921481734
집 ,-0.2891374921814407,10.516966429300293,10.806103921481734
해달라,-0.2891374921814407,10.516966429300293,10.806103921481734
해달라고,-0.2891374921814407,10.516966429300293,10.806103921481734
 2일,-0.2891374921814407,10.516966429300293,10.806103921481734
 들어와,-0.2891374921814407,10.516966429300293,10.806103921481734
일정,-0.2891374921814407,10.516966429300293,10.806103921481734
 딱,-0.2891374921814407,10.516966429300293,10.806103921481734
찮아,-0.2891374921814407,10.516966429300293,10.806103921481734
무래도 ,-0.2891374921814407,10.516966429300293,10.806103921481734
무래도,-0.2891374921814407,10.516966429300293,10.806103921481734
 때는,-0.2891374921814407,10.516966429300293,10.806103921481734
무래,-0.2891374921814407,10.516966429300293,10.806103921481734
 설명 ,-0.2891374921814407,10.516966429300293,10.806103921481734
 때는 ,-0.2891374921814407,10.516966429300293,10.806103921481734
 남아있,-0.2891374921814407,10.516966429300293,10.806103921481734
설명 ,-0.2891374921814407,10.516966429300293,10.806103921481734
 해달라,-0.2891374921814407,10.516966429300293,10.806103921481734
 해달,-0.2891374921814407,10.516966429300293,10.806103921481734
맞아요,-0.2891374921814407,10.516966429300293,10.806103921481734
 맞아요,-0.2891374921814407,10.516966429300293,10.806103921481734
 하니,-0.2891374921814407,10.516966429300293,10.806103921481734
 나서 ,-0.2891374921814407,10.516966429300293,10.806103921481734
고가 ,-0.2891374921814407,10.516966429300293,10.806103921481734
아무래,-0.2891374921814407,10.516966429300293,10.806103921481734
아무래도,-0.2891374921814407,10.516966429300293,10.806103921481734
렇죠?,-0.2891374921814407,10.516966429300293,10.806103921481734
 나서,-0.2891374921814407,10.516966429300293,10.806103921481734
해달,-0.2891374921814407,10.516966429300293,10.806103921481734
 뭘 ,-0.2891374921814407,10.516966429300293,10.806103921481734
뭘 ,-0.2891374921814407,10.516966429300293,10.806103921481734
새로 ,-0.2891374921814407,10.516966429300293,10.806103921481734
남아있,-0.2891374921814407,10.516966429300293,10.806103921481734
잘못,-0.2891374921814407,10.516966429300293,10.806103921481734
 아무래,-0.2891374921814407,10.516966429300293,10.806103921481734
 있던,-0.2891374921814407,10.516966429300293,10.806103921481734
나. ,-0.2891374921814407,10.516966429300293,10.806103921481734
나.,-0.2891374921814407,10.516966429300293,10.806103921481734
 일정,-0.2891374921814407,10.516966429300293,10.806103921481734
 이야기,-0.2891374921814407,10.516966429300293,10.806103921481734
 이야,-0.2891374921814407,10.516966429300293,10.806103921481734
들어와,-0.2891374921814407,10.516966429300293,10.806103921481734
분증이,-0.2891374921814407,10.516966429300293,10.806103921481734
 거라 ,-0.2891374921814407,10.516966429300293,10.806103921481734
그렇죠?,-0.2891374921814407,10.516966429300293,10.806103921481734
금도 ,-0.2891374921814407,10.516966429300293,10.806103921481734
금도,-0.2891374921814407,10.516966429300293,10.806103921481734
새로,-0.2891374921814407,10.516966429300293,10.806103921481734
어와,-0.2891374921814407,10.516966429300293,10.806103921481734
 발생되,-0.2891374921814407,10.516966429300293,10.806103921481734
구나,-0.2891374921814407,10.516966429300293,10.806103921481734
 새로 ,-0.2891374921814407,10.516966429300293,10.806103921481734
작하,-0.2891374921814407,10.516966429300293,10.806103921481734
받아야,-0.2891374921814407,10.516966429300293,10.806103921481734
 잘못,-0.2891374921814407,10.516966429300293,10.806103921481734
 새로,-0.2891374921814407,10.516966429300293,10.806103921481734
바뀌,-0.2891374921814407,10.516966429300293,10.806103921481734
 않으,-0.28996564272027747,9.825481759513963,10.11544740223424
회사 ,-0.28996564272027747,9.825481759513963,10.11544740223424
사용이 ,-0.28996564272027747,9.825481759513963,10.11544740223424
폰이 ,-0.28996564272027747,9.825481759513963,10.11544740223424
 사용이,-0.28996564272027747,9.825481759513963,10.11544740223424
않으,-0.28996564272027747,9.825481759513963,10.11544740223424
 똑,-0.28996564272027747,9.825481759513963,10.11544740223424
90,-0.28996564272027747,9.825481759513963,10.11544740223424
사용이,-0.28996564272027747,9.825481759513963,10.11544740223424
개월 ,-0.28996564272027747,9.825481759513963,10.11544740223424
 줄 ,-0.28996564272027747,9.825481759513963,10.11544740223424
 회사 ,-0.28996564272027747,9.825481759513963,10.11544740223424
12,-0.28996564272027747,9.825481759513963,10.11544740223424
 메모 ,-0.28996564272027747,9.825481759513963,10.11544740223424
메모 ,-0.28996564272027747,9.825481759513963,10.11544740223424
한데 ,-0.29024245856477116,9.42057143644083,9.710813895005602
 건데요,-0.29024245856477116,9.42057143644083,9.710813895005602
건데요,-0.29024245856477116,9.42057143644083,9.710813895005602
아야,-0.29024245856477116,9.42057143644083,9.710813895005602
됐어요.,-0.29024245856477116,9.42057143644083,9.710813895005602
한데,-0.29038101050326404,9.133166871969186,9.42354788247245
시간 ,-0.29038101050326404,9.133166871969186,9.42354788247245
 음,-0.29038101050326404,9.133166871969186,9.42354788247245
데요? ,-0.2904641878098797,8.910189862415708,9.200654050225587
데요?,-0.2904641878098797,8.910189862415708,9.200654050225587
볼 ,-0.2904641878098797,8.910189862415708,9.200654050225587
있으세요,-0.2904641878098797,8.910189862415708,9.200654050225587
할게,-0.2904641878098797,8.910189862415708,9.200654050225587
 있으세,-0.2904641878098797,8.910189862415708,9.200654050225587
있으세,-0.2904641878098797,8.910189862415708,9.200654050225587
여기,-0.29055928999963143,8.57390799320417,8.864467283203801
 여기,-0.29055928999963143,8.57390799320417,8.864467283203801
 게,-0.29070954353397216,7.575679817017588,7.86638936055156
처리,-0.29700318735395737,7.236754881199046,7.533758068553003
 상,-0.30145593108640245,6.67007569821194,6.971531629298342
하시면,-0.3021084181813265,7.834489627238078,8.136598045419404
거 ,-0.30273232190629695,6.782545239179476,7.085277561085773
셔서 ,-0.3029409070910827,7.90509056865711,8.208031475748193
주시,-0.30688467854579127,6.790512773958606,7.0973974525043975
죠? ,-0.31201862234851063,7.06492435884242,7.376942981190931
죠?,-0.31201862234851063,7.06492435884242,7.376942981190931
는데,-0.3139755911313715,6.234365574764424,6.5483411658957955
 처리,-0.3160477545686904,7.236754881199046,7.552802635767736
 게 ,-0.3173706801370644,7.575679817017588,7.893050497154652
객님께,-0.3203295911648212,8.785105101653308,9.105434692818129
도와,-0.3203295911648212,8.785105101653308,9.105434692818129
고객님께,-0.3203295911648212,8.785105101653308,9.105434692818129
 도와,-0.3203295911648212,8.785105101653308,9.105434692818129
 했는데,-0.32676842422030816,8.979135147712162,9.30590357193247
시에 ,-0.32676842422030816,8.979135147712162,9.30590357193247
못 ,-0.32696656557579296,8.28634491878906,8.613311484364853
부터 ,-0.3313943533725432,8.399630763171551,8.731025116544094
했는데,-0.3313943533725432,8.399630763171551,8.731025116544094
 나는 ,-0.33679838517972804,9.22010255732649,9.556900942506218
 나는,-0.33679838517972804,9.22010255732649,9.556900942506218
다음에 ,-0.33679838517972804,9.22010255732649,9.556900942506218
님께서 ,-0.3370576706810926,8.527409612522709,8.864467283203801
하시면 ,-0.33718742704262183,7.834489627238078,8.1716770542807
 처,-0.3372595466720991,7.0236856529266545,7.360945199598754
 추,-0.34189763844357834,8.217375848608802,8.55927348705238
람들이 ,-0.35458698147513346,9.53821574698081,9.892802728455944
래도 ,-0.35458698147513346,9.53821574698081,9.892802728455944
마포,-0.35458698147513346,9.53821574698081,9.892802728455944
폰이,-0.35458698147513346,9.53821574698081,9.892802728455944
 마포,-0.35458698147513346,9.53821574698081,9.892802728455944
 해요.,-0.35458698147513346,9.53821574698081,9.892802728455944
람들이,-0.35458698147513346,9.53821574698081,9.892802728455944
자를,-0.35458698147513346,9.53821574698081,9.892802728455944
자를 ,-0.35458698147513346,9.53821574698081,9.892802728455944
사람들이,-0.35458698147513346,9.53821574698081,9.892802728455944
트에,-0.35458698147513346,9.53821574698081,9.892802728455944
인해 ,-0.3549610691731324,8.845692981052455,9.200654050225587
 도와드,-0.3549610691731324,8.845692981052455,9.200654050225587
진 ,-0.3549610691731324,8.845692981052455,9.200654050225587
와드,-0.3549610691731324,8.845692981052455,9.200654050225587
도와드,-0.3549610691731324,8.845692981052455,9.200654050225587
 대출,-0.35514834087777025,8.152858154079306,8.508006494957076
주시면 ,-0.35522864674680577,7.593376261839337,7.948604908586143
주시면,-0.35522864674680577,7.593376261839337,7.948604908586143
 중에,-0.36461235782413404,8.57390799320417,8.938520351028304
 잘,-0.36698821965383566,8.092251909041973,8.459240128695809
있을,-0.37035966693578537,9.053188215536665,9.42354788247245
할게요.,-0.37035966693578537,9.053188215536665,9.42354788247245
 있을,-0.37035966693578537,9.053188215536665,9.42354788247245
차 ,-0.3746767121036587,8.184596774948721,8.55927348705238
 물,-0.3746767121036587,8.184596774948721,8.55927348705238
확인해,-0.3774553439449164,8.727979348873212,9.105434692818129
 확인해,-0.3774553439449164,8.727979348873212,9.105434692818129
용하,-0.38420778269427647,7.593376261839337,7.9775840445336135
부모,-0.3948279718276275,10.007470592964305,10.402298564791932
직히 ,-0.3948279718276275,10.007470592964305,10.402298564791932
직히,-0.3948279718276275,10.007470592964305,10.402298564791932
솔직히,-0.3948279718276275,10.007470592964305,10.402298564791932
 볼 ,-0.3948279718276275,10.007470592964305,10.402298564791932
원에 ,-0.3948279718276275,10.007470592964305,10.402298564791932
 유명,-0.3948279718276275,10.007470592964305,10.402298564791932
그때 ,-0.3948279718276275,10.007470592964305,10.402298564791932
솔직히 ,-0.3948279718276275,10.007470592964305,10.402298564791932
 답,-0.3948279718276275,10.007470592964305,10.402298564791932
구가,-0.3948279718276275,10.007470592964305,10.402298564791932
구가 ,-0.3948279718276275,10.007470592964305,10.402298564791932
 솔직히,-0.3948279718276275,10.007470592964305,10.402298564791932
었거,-0.3948279718276275,10.007470592964305,10.402298564791932
었거든,-0.3948279718276275,10.007470592964305,10.402298564791932
었거든요,-0.3948279718276275,10.007470592964305,10.402298564791932
았어요.,-0.3948279718276275,10.007470592964305,10.402298564791932
 주는 ,-0.3948279718276275,10.007470592964305,10.402298564791932
으려,-0.3948279718276275,10.007470592964305,10.402298564791932
 주는,-0.3948279718276275,10.007470592964305,10.402298564791932
자기 ,-0.3948279718276275,10.007470592964305,10.402298564791932
자기,-0.3948279718276275,10.007470592964305,10.402298564791932
 보여,-0.3948279718276275,10.007470592964305,10.402298564791932
 그때 ,-0.3948279718276275,10.007470592964305,10.402298564791932
 부모,-0.3948279718276275,10.007470592964305,10.402298564791932
유명,-0.3948279718276275,10.007470592964305,10.402298564791932
대출이,-0.3948279718276275,10.007470592964305,10.402298564791932
려야,-0.3948279718276275,10.007470592964305,10.402298564791932
모님,-0.3948279718276275,10.007470592964305,10.402298564791932
 됐어,-0.3954919802716521,9.315321914733948,9.7108138950056
 넣,-0.3954919802716521,9.315321914733948,9.7108138950056
그때,-0.3954919802716521,9.315321914733948,9.7108138950056
기다,-0.3954919802716521,9.315321914733948,9.7108138950056
 됐어요,-0.3954919802716521,9.315321914733948,9.7108138950056
 동안,-0.3954919802716521,9.315321914733948,9.7108138950056
 날짜,-0.3954919802716521,9.315321914733948,9.7108138950056
수를,-0.3954919802716521,9.315321914733948,9.7108138950056
 그때,-0.3954919802716521,9.315321914733948,9.7108138950056
걸리,-0.3954919802716521,9.315321914733948,9.7108138950056
원에,-0.3954919802716521,9.315321914733948,9.7108138950056
수를 ,-0.3954919802716521,9.315321914733948,9.7108138950056
 걸리,-0.3954919802716521,9.315321914733948,9.7108138950056
했는데 ,-0.39571370951676244,8.910189862415708,9.30590357193247
할게요,-0.39571370951676244,8.910189862415708,9.30590357193247
으세요?,-0.39571370951676244,8.910189862415708,9.30590357193247
카드 ,-0.3958246479953882,8.622674359465437,9.018499007460825
 담,-0.3958912347357959,8.399630763171551,8.795521997907347
 도,-0.4007044869567693,7.342101509800303,7.742805996757072
같아요,-0.41554894857227964,8.785105101653308,9.200654050225587
아보,-0.41554894857227964,8.785105101653308,9.200654050225587
객님께서,-0.41554894857227964,8.785105101653308,9.200654050225587
 같아요,-0.41554894857227964,8.785105101653308,9.200654050225587
일이 ,-0.41554894857227964,8.785105101653308,9.200654050225587
주시고,-0.4206776646624455,7.90509056865711,8.325768233319556
습니다.,-0.42287996998035204,6.310589306934708,6.73346927691506
구 ,-0.4237340705370318,9.133166871969186,9.556900942506218
성 ,-0.4237340705370318,9.133166871969186,9.556900942506218
검사,-0.43509656930682894,8.360425428600518,8.795521997907347
상품이,-0.4438785952196618,9.671568807014578,10.11544740223424
 데 ,-0.4438785952196618,9.671568807014578,10.11544740223424
 상품이,-0.4438785952196618,9.671568807014578,10.11544740223424
주는 ,-0.4438785952196618,9.671568807014578,10.11544740223424
주는,-0.4438785952196618,9.671568807014578,10.11544740223424
공이 ,-0.4438785952196618,9.671568807014578,10.11544740223424
에서도 ,-0.4438785952196618,9.671568807014578,10.11544740223424
공이,-0.4438785952196618,9.671568807014578,10.11544740223424
에서도,-0.4438785952196618,9.671568807014578,10.11544740223424
라면 ,-0.4438785952196618,9.671568807014578,10.11544740223424
해볼,-0.4438785952196618,9.671568807014578,10.11544740223424
11,-0.444412734760288,8.979135147712162,9.42354788247245
 중,-0.4510459751666618,7.224333904218678,7.67537987938534
리 ,-0.4516246695197239,7.314706288851703,7.766330958371427
 생,-0.4530613885361454,8.217375848608802,8.670437237144947
 담당,-0.4555427470144995,8.482977604013804,8.938520351028304
담당,-0.4555427470144995,8.482977604013804,8.938520351028304
려고 ,-0.4555427470144995,8.482977604013804,8.938520351028304
드릴까요,-0.46021059088001515,8.845692981052455,9.30590357193247
같아요.,-0.46021059088001515,8.845692981052455,9.30590357193247
릴까요?,-0.46021059088001515,8.845692981052455,9.30590357193247
 생각,-0.46021059088001515,8.845692981052455,9.30590357193247
드릴까,-0.46021059088001515,8.845692981052455,9.30590357193247
릴까,-0.46021059088001515,8.845692981052455,9.30590357193247
릴까요,-0.46021059088001515,8.845692981052455,9.30590357193247
생각,-0.46021059088001515,8.845692981052455,9.30590357193247
 데,-0.4648365200322502,8.399630763171551,8.864467283203801
종료,-0.47223129201511327,9.42057143644083,9.892802728455944
하려고 ,-0.47223129201511327,9.42057143644083,9.892802728455944
 아닌 ,-0.47223129201511327,9.42057143644083,9.892802728455944
아닌 ,-0.47223129201511327,9.42057143644083,9.892802728455944
% ,-0.47223129201511327,9.42057143644083,9.892802728455944
겠죠? ,-0.47223129201511327,9.42057143644083,9.892802728455944
겠죠?,-0.47223129201511327,9.42057143644083,9.892802728455944
닌 ,-0.47223129201511327,9.42057143644083,9.892802728455944
 종료,-0.47223129201511327,9.42057143644083,9.892802728455944
드 ,-0.47282265765079323,8.322699340256554,8.795521997907347
다음,-0.4729410779069534,7.812021820756237,8.28496289866319
 가,-0.4756847492517178,6.176445508432981,6.652130257684699
 번호,-0.4781829036358882,7.981057225059921,8.459240128695809
 드리,-0.4811493266085707,7.726882149139622,8.208031475748193
세요. ,-0.4817933712136391,6.69158036176113,7.173373732974769
세요.,-0.4817933712136391,6.69158036176113,7.173373732974769
있어,-0.4891376340692162,7.301285070079533,7.7904227041487495
 건지,-0.49071133767911057,9.22010255732649,9.7108138950056
건지,-0.49071133767911057,9.22010255732649,9.7108138950056
0시,-0.49071133767911057,9.22010255732649,9.7108138950056
날짜,-0.49071133767911057,9.22010255732649,9.7108138950056
 다음에,-0.49071133767911057,9.22010255732649,9.7108138950056
주셔,-0.49108939493811654,8.527409612522709,9.018499007460825
사이,-0.4912786060814778,7.834489627238078,8.325768233319556
사용,-0.493473915430636,7.249332081326436,7.742805996757072
람들,-0.5037127269695532,9.053188215536665,9.556900942506218
사람들,-0.5037127269695532,9.053188215536665,9.556900942506218
 사람들,-0.5037127269695532,9.053188215536665,9.556900942506218
중 ,-0.5037127269695532,9.053188215536665,9.556900942506218
해 ,-0.5069804441131449,6.243581805152258,6.7505622492654025
는데요,-0.5083954107260844,7.384655086428568,7.893050497154652
 있어,-0.5121105300410687,7.328310089993083,7.840420620034152
지가,-0.5133580200567422,8.910189862415708,9.42354788247245
지가 ,-0.5133580200567422,8.910189862415708,9.42354788247245
 건,-0.516541507359233,6.67007569821194,7.186617205571173
이터,-0.5207984702791624,8.785105101653308,9.30590357193247
알아,-0.5207984702791624,8.785105101653308,9.30590357193247
데이터,-0.5207984702791624,8.785105101653308,9.30590357193247
 데이터,-0.5207984702791624,8.785105101653308,9.30590357193247
 맞으시,-0.5207984702791624,8.785105101653308,9.30590357193247
 데이,-0.5207984702791624,8.785105101653308,9.30590357193247
 알아,-0.5207984702791624,8.785105101653308,9.30590357193247
맞으시,-0.5207984702791624,8.785105101653308,9.30590357193247
데이,-0.5207984702791624,8.785105101653308,9.30590357193247
 올,-0.5207984702791624,8.785105101653308,9.30590357193247
아.,-0.5267126986648467,8.67394135156074,9.200654050225587
정 ,-0.5315266996139592,8.57390799320417,9.105434692818129
내 ,-0.5355214034470208,8.482977604013804,9.018499007460825
 해주시,-0.5355214034470208,8.482977604013804,9.018499007460825
 같,-0.5520988104812803,6.608204549520279,7.160303360001559
가능,-0.5536678229497038,7.236754881199046,7.7904227041487495
고객님,-0.5548920683695631,6.494883006619767,7.04977507498933
객님,-0.5548920683695631,6.494883006619767,7.04977507498933
 고객님,-0.5548920683695631,6.494883006619767,7.04977507498933
어서 ,-0.5588727479659141,7.686884816126243,8.245757564092157
데요,-0.5644246148877858,6.663009030404156,7.227433645291942
 신,-0.5727896406738635,6.4427002799080135,7.015489920581877
차량,-0.5735165267094544,10.920771785990095,11.494288312699549
 총 ,-0.5735165267094544,10.920771785990095,11.494288312699549
금하신,-0.5735165267094544,10.920771785990095,11.494288312699549
 받은 ,-0.5735165267094544,10.920771785990095,11.494288312699549
 거면 ,-0.5735165267094544,10.920771785990095,11.494288312699549
군요 ,-0.5735165267094544,10.920771785990095,11.494288312699549
 차량,-0.5735165267094544,10.920771785990095,11.494288312699549
 그분,-0.5735165267094544,10.920771785990095,11.494288312699549
들어와야,-0.5735165267094544,10.920771785990095,11.494288312699549
맞아요.,-0.5735165267094544,10.920771785990095,11.494288312699549
 선택 ,-0.5735165267094544,10.920771785990095,11.494288312699549
금하신 ,-0.5735165267094544,10.920771785990095,11.494288312699549
드는 ,-0.5735165267094544,10.920771785990095,11.494288312699549
안해,-0.5735165267094544,10.920771785990095,11.494288312699549
 곳에,-0.5735165267094544,10.920771785990095,11.494288312699549
45,-0.5735165267094544,10.920771785990095,11.494288312699549
궁금하,-0.5735165267094544,10.920771785990095,11.494288312699549
어와야,-0.5735165267094544,10.920771785990095,11.494288312699549
 보세요,-0.5735165267094544,10.920771785990095,11.494288312699549
록이,-0.5735165267094544,10.920771785990095,11.494288312699549
 4개,-0.5735165267094544,10.920771785990095,11.494288312699549
 보세,-0.5735165267094544,10.920771785990095,11.494288312699549
거면 ,-0.5735165267094544,10.920771785990095,11.494288312699549
사항 ,-0.5735165267094544,10.920771785990095,11.494288312699549
그분,-0.5735165267094544,10.920771785990095,11.494288312699549
 궁금하,-0.5735165267094544,10.920771785990095,11.494288312699549
선택 ,-0.5735165267094544,10.920771785990095,11.494288312699549
수로,-0.5735165267094544,10.920771785990095,11.494288312699549
0이,-0.5735165267094544,10.920771785990095,11.494288312699549
정해,-0.5735165267094544,10.920771785990095,11.494288312699549
 시도,-0.5735165267094544,10.920771785990095,11.494288312699549
 증권 ,-0.5735165267094544,10.920771785990095,11.494288312699549
수로 ,-0.5735165267094544,10.920771785990095,11.494288312699549
어와야 ,-0.5735165267094544,10.920771785990095,11.494288312699549
상한,-0.5759886547391329,10.230115266742601,10.806103921481734
 할까,-0.5759886547391329,10.230115266742601,10.806103921481734
발급받,-0.5759886547391329,10.230115266742601,10.806103921481734
 억울,-0.5759886547391329,10.230115266742601,10.806103921481734
오지,-0.5759886547391329,10.230115266742601,10.806103921481734
지에 ,-0.5759886547391329,10.230115266742601,10.806103921481734
 맞아,-0.5759886547391329,10.230115266742601,10.806103921481734
 있어야,-0.5759886547391329,10.230115266742601,10.806103921481734
 17,-0.5759886547391329,10.230115266742601,10.806103921481734
절해,-0.5759886547391329,10.230115266742601,10.806103921481734
 저번에,-0.5759886547391329,10.230115266742601,10.806103921481734
 해봐,-0.5759886547391329,10.230115266742601,10.806103921481734
웬만,-0.5759886547391329,10.230115266742601,10.806103921481734
청해 ,-0.5759886547391329,10.230115266742601,10.806103921481734
생이,-0.5759886547391329,10.230115266742601,10.806103921481734
항을,-0.5759886547391329,10.230115266742601,10.806103921481734
이죠,-0.5759886547391329,10.230115266742601,10.806103921481734
10시 ,-0.5759886547391329,10.230115266742601,10.806103921481734
맞아,-0.5759886547391329,10.230115266742601,10.806103921481734
0시 ,-0.5759886547391329,10.230115266742601,10.806103921481734
택 ,-0.5759886547391329,10.230115266742601,10.806103921481734
 웬만,-0.5759886547391329,10.230115266742601,10.806103921481734
물 ,-0.5759886547391329,10.230115266742601,10.806103921481734
태가 ,-0.5759886547391329,10.230115266742601,10.806103921481734
사해,-0.5759886547391329,10.230115266742601,10.806103921481734
항을 ,-0.5759886547391329,10.230115266742601,10.806103921481734
탁드릴게,-0.5759886547391329,10.230115266742601,10.806103921481734
한다고,-0.5759886547391329,10.230115266742601,10.806103921481734
한다고 ,-0.5759886547391329,10.230115266742601,10.806103921481734
어버,-0.5759886547391329,10.230115266742601,10.806103921481734
태가,-0.5759886547391329,10.230115266742601,10.806103921481734
 가입,-0.5759886547391329,10.230115266742601,10.806103921481734
받으면 ,-0.5759886547391329,10.230115266742601,10.806103921481734
억울,-0.5759886547391329,10.230115266742601,10.806103921481734
 난,-0.5759886547391329,10.230115266742601,10.806103921481734
 빠르,-0.5759886547391329,10.230115266742601,10.806103921481734
 인하,-0.5759886547391329,10.230115266742601,10.806103921481734
신청해 ,-0.5759886547391329,10.230115266742601,10.806103921481734
 한다,-0.5759886547391329,10.230115266742601,10.806103921481734
대출이 ,-0.5759886547391329,10.230115266742601,10.806103921481734
니깐,-0.5759886547391329,10.230115266742601,10.806103921481734
 하려고,-0.5759886547391329,10.230115266742601,10.806103921481734
찾아,-0.5759886547391329,10.230115266742601,10.806103921481734
저번에 ,-0.5759886547391329,10.230115266742601,10.806103921481734
저번에,-0.5759886547391329,10.230115266742601,10.806103921481734
 찾아,-0.5759886547391329,10.230115266742601,10.806103921481734
금리 ,-0.5759886547391329,10.230115266742601,10.806103921481734
 금리 ,-0.5759886547391329,10.230115266742601,10.806103921481734
회 ,-0.5759886547391329,10.230115266742601,10.806103921481734
아볼 ,-0.5759886547391329,10.230115266742601,10.806103921481734
 안에 ,-0.5759886547391329,10.230115266742601,10.806103921481734
것은,-0.5768168052779696,9.825481759513963,10.402298564791932
인가요,-0.5768168052779696,9.825481759513963,10.402298564791932
 항상,-0.5768168052779696,9.825481759513963,10.402298564791932
 항상 ,-0.5768168052779696,9.825481759513963,10.402298564791932
가능하세,-0.5768168052779696,9.825481759513963,10.402298564791932
트를 ,-0.5768168052779696,9.825481759513963,10.402298564791932
인가요?,-0.5768168052779696,9.825481759513963,10.402298564791932
항상,-0.5768168052779696,9.825481759513963,10.402298564791932
때도 ,-0.5768168052779696,9.825481759513963,10.402298564791932
트를,-0.5768168052779696,9.825481759513963,10.402298564791932
 것은,-0.5768168052779696,9.825481759513963,10.402298564791932
오세,-0.5768168052779696,9.825481759513963,10.402298564791932
오세요,-0.5768168052779696,9.825481759513963,10.402298564791932
 m,-0.5768168052779696,9.825481759513963,10.402298564791932
았는데,-0.5768168052779696,9.825481759513963,10.402298564791932
능하세,-0.5768168052779696,9.825481759513963,10.402298564791932
 것은 ,-0.5768168052779696,9.825481759513963,10.402298564791932
능하세요,-0.5768168052779696,9.825481759513963,10.402298564791932
치가,-0.5768168052779696,9.825481759513963,10.402298564791932
나은행 ,-0.5768168052779696,9.825481759513963,10.402298564791932
명하,-0.5768168052779696,9.825481759513963,10.402298564791932
달라,-0.5768168052779696,9.825481759513963,10.402298564791932
했을,-0.5768168052779696,9.825481759513963,10.402298564791932
것은 ,-0.5768168052779696,9.825481759513963,10.402298564791932
때도,-0.5768168052779696,9.825481759513963,10.402298564791932
했을 ,-0.5768168052779696,9.825481759513963,10.402298564791932
항상 ,-0.5768168052779696,9.825481759513963,10.402298564791932
아볼,-0.5768168052779696,9.825481759513963,10.402298564791932
 곳,-0.5772316552534296,9.53821574698081,10.11544740223424
여 ,-0.5772316552534296,9.53821574698081,10.11544740223424
 o,-0.5772316552534296,9.53821574698081,10.11544740223424
너 ,-0.5772316552534296,9.53821574698081,10.11544740223424
 투,-0.5772316552534296,9.53821574698081,10.11544740223424
 갈 ,-0.5772316552534296,9.53821574698081,10.11544740223424
다거나 ,-0.5772316552534296,9.53821574698081,10.11544740223424
다거,-0.5772316552534296,9.53821574698081,10.11544740223424
다거나,-0.5772316552534296,9.53821574698081,10.11544740223424
 것도 ,-0.577480813721996,9.315321914733948,9.892802728455944
 기다,-0.577480813721996,9.315321914733948,9.892802728455944
 것도,-0.577480813721996,9.315321914733948,9.892802728455944
이다,-0.5776470230364144,9.133166871969186,9.7108138950056
인차 ,-0.5777657947940558,8.979135147712162,9.556900942506218
인차,-0.5777657947940558,8.979135147712162,9.556900942506218
확인차,-0.5777657947940558,8.979135147712162,9.556900942506218
확인차 ,-0.5777657947940558,8.979135147712162,9.556900942506218
 11,-0.5777657947940558,8.979135147712162,9.556900942506218
 종,-0.5777657947940558,8.979135147712162,9.556900942506218
 확인차,-0.5777657947940558,8.979135147712162,9.556900942506218
려주,-0.5779242230592576,8.727979348873212,9.30590357193247
하시거,-0.5779242230592576,8.727979348873212,9.30590357193247
한번,-0.5779796907601522,8.622674359465435,9.200654050225587
 한번 ,-0.5779796907601522,8.622674359465435,9.200654050225587
 한번,-0.5779796907601522,8.622674359465435,9.200654050225587
한번 ,-0.5779796907601522,8.622674359465435,9.200654050225587
라고요.,-0.5779796907601522,8.622674359465435,9.200654050225587
주시겠어,-0.5780250802954203,8.527409612522709,9.105434692818129
주시겠,-0.5780250802954203,8.527409612522709,9.105434692818129
대한,-0.5780250802954203,8.527409612522709,9.105434692818129
일이,-0.5780629096329086,8.440436097827916,9.018499007460825
 접,-0.5780949224277858,8.360425428600518,8.938520351028304
필요,-0.5780949224277858,8.360425428600518,8.938520351028304
 필요,-0.5780949224277858,8.360425428600518,8.938520351028304
 검사,-0.5780949224277858,8.360425428600518,8.938520351028304
 필,-0.5781223644147406,8.28634491878906,8.864467283203801
은행 ,-0.5782016539645589,8.035109830400295,8.613311484364853
하세요.,-0.5782016539645589,8.035109830400295,8.613311484364853
있습니다,-0.5782294097651421,7.929777085191934,8.508006494957076
 사이,-0.5782521207762699,7.834489627238078,8.412741748014348
 사용하,-0.578261995611741,7.790047743893701,8.368309739505442
사용하,-0.578261995611741,7.790047743893701,8.368309739505442
라 ,-0.5953984584274039,7.5411995869920005,8.136598045419404
 것,-0.5957818387354648,6.865230113773762,7.461011952509227
 다음,-0.600719927258111,7.812021820756237,8.412741748014348
어요. ,-0.6015664705033066,6.743632851895499,7.3451993223988055
어요.,-0.6015664705033066,6.743632851895499,7.3451993223988055
세요,-0.6019793607686506,5.778235781342755,6.380215142111406
가요,-0.6036657388351063,7.236754881199046,7.840420620034152
거죠,-0.6055931227018405,8.007718361663013,8.613311484364853
", ",-0.6065330491632688,5.2593153385003,5.8658483876635685
 거죠,-0.6071644640504434,8.063272773094504,8.670437237144947
속 ,-0.6109252229586257,8.184596774948721,8.795521997907347
시에,-0.613201373276036,8.251265909927765,8.864467283203801
 해주,-0.6133859556975949,7.558291098583105,8.1716770542807
해주세요,-0.6224570888043246,8.482977604013804,9.105434692818129
 더,-0.6224570888043246,8.482977604013804,9.105434692818129
해주세,-0.6224570888043246,8.482977604013804,9.105434692818129
겠어,-0.6270949199933264,7.475613064107114,8.10270798410044
으시죠,-0.6384427808191422,8.785105101653308,9.42354788247245
오셔서 ,-0.6384427808191422,8.785105101653308,9.42354788247245
 30,-0.6384427808191422,8.785105101653308,9.42354788247245
오셔서,-0.6384427808191422,8.785105101653308,9.42354788247245
하실,-0.6387732075021209,8.092251909041973,8.731025116544094
수 ,-0.6450789335283478,6.798544300546397,7.443623234074745
 해주세,-0.64671108009051,8.910189862415708,9.556900942506218
려고,-0.6470914345949996,8.217375848608802,8.864467283203801
 이따,-0.6576256794689357,9.053188215536665,9.7108138950056
수고,-0.6576256794689357,9.053188215536665,9.7108138950056
이따,-0.6576256794689357,9.053188215536665,9.7108138950056
 수고,-0.6576256794689357,9.053188215536665,9.7108138950056
 해주셔,-0.6576256794689357,9.053188215536665,9.7108138950056
들은 ,-0.6576256794689357,9.053188215536665,9.7108138950056
들은,-0.6576256794689357,9.053188215536665,9.7108138950056
 은행 ,-0.6576256794689357,9.053188215536665,9.7108138950056
보고 ,-0.6576256794689357,9.053188215536665,9.7108138950056
하는데,-0.6580735788603072,8.360425428600518,9.018499007460825
겠어요,-0.6609849813122901,7.475613064107114,8.136598045419404
락 ,-0.6649985949902124,8.440436097827916,9.105434692818129
 연락 ,-0.6649985949902124,8.440436097827916,9.105434692818129
연락 ,-0.6649985949902124,8.440436097827916,9.105434692818129
용하시,-0.6677523434495907,8.063272773094504,8.731025116544094
하나은,-0.6727001711294545,9.22010255732649,9.892802728455944
나은,-0.6727001711294545,9.22010255732649,9.892802728455944
하나은행,-0.6727001711294545,9.22010255732649,9.892802728455944
 건지 ,-0.6727001711294545,9.22010255732649,9.892802728455944
은데 ,-0.6727001711294545,9.22010255732649,9.892802728455944
건지 ,-0.6727001711294545,9.22010255732649,9.892802728455944
하려고,-0.6727001711294545,9.22010255732649,9.892802728455944
마트,-0.6727001711294545,9.22010255732649,9.892802728455944
나은행,-0.6727001711294545,9.22010255732649,9.892802728455944
 하나은,-0.6727001711294545,9.22010255732649,9.892802728455944
으면,-0.6735713774894787,7.6113915211737115,8.28496289866319
 있는데,-0.67987050825508,8.184596774948721,8.864467283203801
 계속,-0.67987050825508,8.184596774948721,8.864467283203801
계속,-0.67987050825508,8.184596774948721,8.864467283203801
어서,-0.6800662085814082,7.491610845699292,8.1716770542807
가요?,-0.6865354241252861,7.262069484460857,7.948604908586143
가요? ,-0.6865354241252861,7.262069484460857,7.948604908586143
니다,-0.6866754000767514,5.0649588591224814,5.751634259199233
 아직,-0.6948759657934094,9.42057143644083,10.11544740223424
셨던 ,-0.6948759657934094,9.42057143644083,10.11544740223424
등록,-0.6948759657934094,9.42057143644083,10.11544740223424
거의 ,-0.6948759657934094,9.42057143644083,10.11544740223424
케이,-0.6948759657934094,9.42057143644083,10.11544740223424
 화,-0.6948759657934094,9.42057143644083,10.11544740223424
셨던,-0.6948759657934094,9.42057143644083,10.11544740223424
88,-0.6948759657934094,9.42057143644083,10.11544740223424
고?,-0.6948759657934094,9.42057143644083,10.11544740223424
고? ,-0.6948759657934094,9.42057143644083,10.11544740223424
아직,-0.6948759657934094,9.42057143644083,10.11544740223424
중인,-0.6948759657934094,9.42057143644083,10.11544740223424
 거의 ,-0.6948759657934094,9.42057143644083,10.11544740223424
 보니 ,-0.6948759657934094,9.42057143644083,10.11544740223424
거의,-0.6948759657934094,9.42057143644083,10.11544740223424
받는 ,-0.6948759657934094,9.42057143644083,10.11544740223424
 거의,-0.6948759657934094,9.42057143644083,10.11544740223424
알려주,-0.6955685335992374,8.727979348873212,9.42354788247245
하시거나,-0.6955685335992374,8.727979348873212,9.42354788247245
 알려주,-0.6955685335992374,8.727979348873212,9.42354788247245
 차,-0.6957996672042714,8.322699340256554,9.018499007460825
00,-0.6961234878914899,7.118985732792084,7.815109220683574
번 ,-0.6992728272597066,7.249332081326436,7.948604908586143
 건 ,-0.6996604913683884,7.370268419071972,8.06992891044036
시겠어,-0.701799625786947,7.857473861265433,8.55927348705238
시겠어요,-0.701799625786947,7.857473861265433,8.55927348705238
 카,-0.7032700888653736,8.092251909041973,8.795521997907347
 고,-0.7093113224860481,6.024157954429012,6.73346927691506
5일,-0.7112079614537627,8.845692981052455,9.556900942506218
확인해 ,-0.7112079614537627,8.845692981052455,9.556900942506218
 가능,-0.7118500273870971,7.236754881199046,7.948604908586143
더 ,-0.7176764462117848,8.482977604013804,9.20065405022559
 더 ,-0.7176764462117848,8.482977604013804,9.20065405022559
전에,-0.7176764462117848,8.482977604013804,9.20065405022559
사님,-0.7176764462117848,8.482977604013804,9.20065405022559
까요?,-0.7198838064440789,7.648425933061363,8.368309739505442
까요? ,-0.7198838064440789,7.648425933061363,8.368309739505442
번호 ,-0.7233067548810812,8.007718361663013,8.731025116544094
로는 ,-0.7307297577773539,9.671568807014578,10.402298564791932
품을,-0.7307297577773539,9.671568807014578,10.402298564791932
 그래도,-0.7307297577773539,9.671568807014578,10.402298564791932
았는,-0.7307297577773539,9.671568807014578,10.402298564791932
1시,-0.7307297577773539,9.671568807014578,10.402298564791932
로는,-0.7307297577773539,9.671568807014578,10.402298564791932
택으,-0.7307297577773539,9.671568807014578,10.402298564791932
10년,-0.7307297577773539,9.671568807014578,10.402298564791932
품을 ,-0.7307297577773539,9.671568807014578,10.402298564791932
역 ,-0.7307297577773539,9.671568807014578,10.402298564791932
 자택으,-0.7307297577773539,9.671568807014578,10.402298564791932
넣어,-0.7307297577773539,9.671568807014578,10.402298564791932
자택으로,-0.7307297577773539,9.671568807014578,10.402298564791932
택으로 ,-0.7307297577773539,9.671568807014578,10.402298564791932
 높,-0.7307297577773539,9.671568807014578,10.402298564791932
이지 ,-0.7307297577773539,9.671568807014578,10.402298564791932
 넣어,-0.7307297577773539,9.671568807014578,10.402298564791932
그래도,-0.7307297577773539,9.671568807014578,10.402298564791932
자택으,-0.7307297577773539,9.671568807014578,10.402298564791932
 제한,-0.7307297577773539,9.671568807014578,10.402298564791932
택으로,-0.7307297577773539,9.671568807014578,10.402298564791932
기가 ,-0.7316787472934383,8.979135147712162,9.7108138950056
기가,-0.7316787472934383,8.979135147712162,9.7108138950056
5일 ,-0.7316787472934383,8.979135147712162,9.7108138950056
보고,-0.7316787472934383,8.979135147712162,9.7108138950056
렸는,-0.7321540886717646,8.28634491878906,9.018499007460825
렸는데,-0.7321540886717646,8.28634491878906,9.018499007460825
간이,-0.7496065309117093,8.67394135156074,9.42354788247245
겠어요.,-0.7496065309117093,8.67394135156074,9.42354788247245
 주,-0.7507298185274829,5.991249423794368,6.741979242321851
무 ,-0.7558376230994206,7.857473861265433,8.613311484364853
주의,-0.7596358564867582,9.133166871969186,9.892802728455944
래도,-0.7596358564867582,9.133166871969186,9.892802728455944
 수 ,-0.7693801192847518,7.097009241266808,7.86638936055156
처럼,-0.77179584085291,8.785105101653308,9.556900942506218
 주시겠,-0.77179584085291,8.785105101653308,9.556900942506218
처럼 ,-0.77179584085291,8.785105101653308,9.556900942506218
 출,-0.7722153741618278,8.092251909041973,8.864467283203801
해주시,-0.7722153741618278,8.092251909041973,8.864467283203801
하실 ,-0.7722153741618278,8.092251909041973,8.864467283203801
접수,-0.7784939594097615,8.527409612522709,9.30590357193247
 하는데,-0.7784939594097615,8.527409612522709,9.30590357193247
 접수,-0.7784939594097615,8.527409612522709,9.30590357193247
해주,-0.7789859022165766,7.141456063675357,7.920441965891934
하신,-0.7790562269080494,6.581888972690704,7.360945199598754
 기,-0.7822505212059507,6.984080437165476,7.766330958371427
 것 ,-0.7896133758492914,7.187970668684322,7.9775840445336135
리겠,-0.7907273240273414,7.7685461630250385,8.55927348705238
드리겠,-0.7907273240273414,7.7685461630250385,8.55927348705238
님 ,-0.7909362542972875,6.67007569821194,7.461011952509227
 그에 ,-0.798633328517429,10.007470592964305,10.806103921481734
이메,-0.798633328517429,10.007470592964305,10.806103921481734
남아,-0.798633328517429,10.007470592964305,10.806103921481734
쉽네,-0.798633328517429,10.007470592964305,10.806103921481734
 그에,-0.798633328517429,10.007470592964305,10.806103921481734
매일,-0.798633328517429,10.007470592964305,10.806103921481734
탁드릴,-0.798633328517429,10.007470592964305,10.806103921481734
주변 ,-0.798633328517429,10.007470592964305,10.806103921481734
 대출이,-0.798633328517429,10.007470592964305,10.806103921481734
 매일,-0.798633328517429,10.007470592964305,10.806103921481734
 않나,-0.798633328517429,10.007470592964305,10.806103921481734
좋은,-0.798633328517429,10.007470592964305,10.806103921481734
이메일,-0.798633328517429,10.007470592964305,10.806103921481734
화드,-0.798633328517429,10.007470592964305,10.806103921481734
 아쉽네,-0.798633328517429,10.007470592964305,10.806103921481734
 갑,-0.798633328517429,10.007470592964305,10.806103921481734
오면,-0.798633328517429,10.007470592964305,10.806103921481734
 하지,-0.798633328517429,10.007470592964305,10.806103921481734
아쉽네요,-0.798633328517429,10.007470592964305,10.806103921481734
 처음 ,-0.798633328517429,10.007470592964305,10.806103921481734
전화드,-0.798633328517429,10.007470592964305,10.806103921481734
같은데요,-0.798633328517429,10.007470592964305,10.806103921481734
 손,-0.798633328517429,10.007470592964305,10.806103921481734
끔 ,-0.798633328517429,10.007470592964305,10.806103921481734
아있,-0.798633328517429,10.007470592964305,10.806103921481734
 누구,-0.798633328517429,10.007470592964305,10.806103921481734
때까,-0.798633328517429,10.007470592964305,10.806103921481734
나서 ,-0.798633328517429,10.007470592964305,10.806103921481734
 좋은,-0.798633328517429,10.007470592964305,10.806103921481734
 주변 ,-0.798633328517429,10.007470592964305,10.806103921481734
봐주,-0.798633328517429,10.007470592964305,10.806103921481734
 때도 ,-0.798633328517429,10.007470592964305,10.806103921481734
않나,-0.798633328517429,10.007470592964305,10.806103921481734
 알았어,-0.798633328517429,10.007470592964305,10.806103921481734
 때도,-0.798633328517429,10.007470592964305,10.806103921481734
불이,-0.798633328517429,10.007470592964305,10.806103921481734
변 ,-0.798633328517429,10.007470592964305,10.806103921481734
않나요,-0.798633328517429,10.007470592964305,10.806103921481734
 이메일,-0.798633328517429,10.007470592964305,10.806103921481734
 이메,-0.798633328517429,10.007470592964305,10.806103921481734
않나요?,-0.798633328517429,10.007470592964305,10.806103921481734
했어요.,-0.798633328517429,10.007470592964305,10.806103921481734
그에,-0.798633328517429,10.007470592964305,10.806103921481734
매하는 ,-0.798633328517429,10.007470592964305,10.806103921481734
매하는,-0.798633328517429,10.007470592964305,10.806103921481734
급받,-0.798633328517429,10.007470592964305,10.806103921481734
처음 ,-0.798633328517429,10.007470592964305,10.806103921481734
 남아,-0.798633328517429,10.007470592964305,10.806103921481734
 저번,-0.798633328517429,10.007470592964305,10.806103921481734
 빠,-0.798633328517429,10.007470592964305,10.806103921481734
알았어,-0.798633328517429,10.007470592964305,10.806103921481734
저번,-0.798633328517429,10.007470592964305,10.806103921481734
알았어요,-0.798633328517429,10.007470592964305,10.806103921481734
 전화드,-0.798633328517429,10.007470592964305,10.806103921481734
 뭘,-0.798633328517429,10.007470592964305,10.806103921481734
 들고 ,-0.798633328517429,10.007470592964305,10.806103921481734
 봐주,-0.798633328517429,10.007470592964305,10.806103921481734
은데요?,-0.798633328517429,10.007470592964305,10.806103921481734
해봐,-0.798633328517429,10.007470592964305,10.806103921481734
분명,-0.798633328517429,10.007470592964305,10.806103921481734
 않나요,-0.798633328517429,10.007470592964305,10.806103921481734
부탁드릴,-0.798633328517429,10.007470592964305,10.806103921481734
누구,-0.798633328517429,10.007470592964305,10.806103921481734
아쉽네,-0.798633328517429,10.007470592964305,10.806103921481734
원에서 ,-0.798633328517429,10.007470592964305,10.806103921481734
쉽네요,-0.798633328517429,10.007470592964305,10.806103921481734
그에 ,-0.798633328517429,10.007470592964305,10.806103921481734
원에서,-0.798633328517429,10.007470592964305,10.806103921481734
매했,-0.798633328517429,10.007470592964305,10.806103921481734
"어, ",-0.8001254875002921,9.315321914733948,10.11544740223424
"어,",-0.8001254875002921,9.315321914733948,10.11544740223424
 같고,-0.8001254875002921,9.315321914733948,10.11544740223424
받는,-0.8001254875002921,9.315321914733948,10.11544740223424
같고,-0.8001254875002921,9.315321914733948,10.11544740223424
료 ,-0.8006240325898926,8.910189862415708,9.7108138950056
아닌,-0.8008735230070148,8.622674359465435,9.42354788247245
 아닌,-0.8008735230070148,8.622674359465435,9.42354788247245
발급,-0.8011231588520236,8.217375848608802,9.018499007460825
 처리 ,-0.8011945101092977,8.063272773094504,8.864467283203801
처리 ,-0.8011945101092977,8.063272773094504,8.864467283203801
 따,-0.8012480313521602,7.929777085191934,8.731025116544094
으면 ,-0.8013502268406363,7.6113915211737115,8.412741748014348
 거 ,-0.8014650017091398,7.06492435884242,7.86638936055156
그럼,-0.8014978855921404,6.831331435417728,7.6328293210098686
 그럼,-0.8014978855921404,6.831331435417728,7.6328293210098686
일 ,-0.8061233041263778,6.936682692630695,7.742805996757073
 예,-0.8172750048184589,6.543670194780295,7.360945199598754
 안,-0.818961376790635,5.948991102916454,6.767952479707089
 세,-0.8190897740290684,8.28634491878906,9.105434692818129
드렸는,-0.8190897740290684,8.28634491878906,9.105434692818129
드렸는데,-0.8190897740290684,8.28634491878906,9.105434692818129
알려,-0.8190897740290684,8.28634491878906,9.105434692818129
 알려,-0.8190897740290684,8.28634491878906,9.105434692818129
드렸,-0.820346738349258,6.945984220022169,7.766330958371427
터 ,-0.8211216788308313,7.686884816126243,8.508006494957074
 강,-0.8229259679186676,8.482977604013804,9.305903571932472
것 ,-0.8247005910504681,7.152883453483145,7.9775840445336135
내드,-0.825934547886984,7.90509056865711,8.731025116544094
검 ,-0.8289215936330052,8.727979348873212,9.556900942506218
 중에 ,-0.8289215936330052,8.727979348873212,9.556900942506218
 드리는,-0.8289215936330052,8.727979348873212,9.556900942506218
니 ,-0.8316929180161585,7.414064646075999,8.245757564092157
민은,-0.8396145129192796,9.053188215536665,9.892802728455944
계세요,-0.8396145129192796,9.053188215536665,9.892802728455944
 계세요,-0.8396145129192796,9.053188215536665,9.892802728455944
 계세,-0.8396145129192796,9.053188215536665,9.892802728455944
계세,-0.8396145129192796,9.053188215536665,9.892802728455944
 누,-0.8396145129192796,9.053188215536665,9.892802728455944
문자,-0.8402286216250712,8.360425428600518,9.20065405022559
으니,-0.8402286216250712,8.360425428600518,9.20065405022559
 문자,-0.8402286216250712,8.360425428600518,9.20065405022559
 발송,-0.8402286216250712,8.360425428600518,9.20065405022559
드리겠습,-0.8447653213398132,7.7685461630250385,8.613311484364852
리겠습니,-0.8447653213398132,7.7685461630250385,8.613311484364852
리겠습,-0.8447653213398132,7.7685461630250385,8.613311484364852
 주소,-0.8496398892682802,8.57390799320417,9.42354788247245
주소,-0.8496398892682802,8.57390799320417,9.42354788247245
나온 ,-0.8640828178111217,9.53821574698081,10.402298564791932
직 ,-0.8640828178111217,9.53821574698081,10.402298564791932
 나온 ,-0.8640828178111217,9.53821574698081,10.402298564791932
합니다 ,-0.8640828178111217,9.53821574698081,10.402298564791932
제한 ,-0.8640828178111217,9.53821574698081,10.402298564791932
나온,-0.8640828178111217,9.53821574698081,10.402298564791932
 나온,-0.8640828178111217,9.53821574698081,10.402298564791932
음이 ,-0.8640828178111217,9.53821574698081,10.402298564791932
메일,-0.8640828178111217,9.53821574698081,10.402298564791932
 와,-0.8651209139531453,8.845692981052455,9.7108138950056
하는데 ,-0.8654674741045554,8.440436097827916,9.305903571932472
럼 ,-0.8710235740929644,6.720992084028941,7.592015658121905
겠어요?,-0.8735512552786613,7.857473861265433,8.731025116544094
 카드,-0.8779547099690355,8.322699340256554,9.20065405022559
물건,-0.882959590945477,8.67394135156074,9.556900942506218
 물건,-0.882959590945477,8.67394135156074,9.556900942506218
 있으면,-0.882959590945477,8.67394135156074,9.556900942506218
있으면 ,-0.882959590945477,8.67394135156074,9.556900942506218
있으면,-0.882959590945477,8.67394135156074,9.556900942506218
있는데,-0.8834100581438804,7.981057225059921,8.864467283203801
 그럼 ,-0.8861588899268611,6.856647106830212,7.742805996757073
그럼 ,-0.8861588899268611,6.856647106830212,7.742805996757073
 죽,-0.8953448449077506,9.22010255732649,10.11544740223424
렸습니다,-0.8953448449077506,9.22010255732649,10.11544740223424
렸습니,-0.8953448449077506,9.22010255732649,10.11544740223424
보니 ,-0.8953448449077506,9.22010255732649,10.11544740223424
 말고 ,-0.8953448449077506,9.22010255732649,10.11544740223424
말고 ,-0.8953448449077506,9.22010255732649,10.11544740223424
렸습,-0.8953448449077506,9.22010255732649,10.11544740223424
 취소,-0.8953448449077506,9.22010255732649,10.11544740223424
드렸습니,-0.8953448449077506,9.22010255732649,10.11544740223424
취소,-0.8953448449077506,9.22010255732649,10.11544740223424
은데요,-0.8953448449077506,9.22010255732649,10.11544740223424
드렸습,-0.8953448449077506,9.22010255732649,10.11544740223424
금은,-0.8953448449077506,9.22010255732649,10.11544740223424
금은 ,-0.8953448449077506,9.22010255732649,10.11544740223424
이지,-0.8961382699497413,8.527409612522709,9.42354788247245
 언,-0.8961382699497413,8.527409612522709,9.42354788247245
인데 ,-0.896403045264849,8.122095962195976,9.018499007460825
기간,-0.9136675807437822,8.979135147712162,9.892802728455944
품이,-0.9136675807437822,8.979135147712162,9.892802728455944
 요즘,-0.9143091314365286,8.28634491878906,9.20065405022559
요즘,-0.9143091314365286,8.28634491878906,9.20065405022559
사용하시,-0.9143091314365286,8.28634491878906,9.20065405022559
있어서 ,-0.9143091314365286,8.28634491878906,9.20065405022559
 날,-0.9208379178694077,8.184596774948721,9.105434692818129
 말고,-0.9257087933522925,8.785105101653308,9.7108138950056
가는,-0.9257087933522925,8.785105101653308,9.7108138950056
말고,-0.9257087933522925,8.785105101653308,9.7108138950056
 쇼,-0.9257087933522925,8.785105101653308,9.7108138950056
오시면,-0.9257087933522925,8.785105101653308,9.7108138950056
오시면 ,-0.9257087933522925,8.785105101653308,9.7108138950056
으시죠?,-0.9257087933522925,8.785105101653308,9.7108138950056
 있어서,-0.9262470984188518,8.092251909041973,9.018499007460825
다. ,-0.9274853254308804,5.083650723364645,6.011136048795525
다.,-0.9274853254308804,5.083650723364645,6.011136048795525
대출 ,-0.9342265830407825,8.622674359465435,9.556900942506218
 대출 ,-0.9342265830407825,8.622674359465435,9.556900942506218
려면,-0.9342265830407825,8.622674359465435,9.556900942506218
 쓰,-0.9405702784586456,8.482977604013804,9.42354788247245
아서 ,-0.9405702784586456,8.482977604013804,9.42354788247245
0분,-0.9405702784586456,8.482977604013804,9.42354788247245
문 ,-0.9493881402978239,8.251265909927765,9.20065405022559
하신 ,-0.9499118556206314,6.642103802501274,7.592015658121905
니다.,-0.9567137431788115,5.083650723364645,6.040364466543457
니다. ,-0.9567137431788115,5.083650723364645,6.040364466543457
고객,-0.9611421332857679,6.054347787296109,7.015489920581877
 고객,-0.9724404118708883,6.054347787296109,7.026788199166997
 해야겠,-0.9773218833992559,10.516966429300293,11.494288312699549
딱 ,-0.9773218833992559,10.516966429300293,11.494288312699549
 보여주,-0.9773218833992559,10.516966429300293,11.494288312699549
 수수,-0.9773218833992559,10.516966429300293,11.494288312699549
어도,-0.9773218833992559,10.516966429300293,11.494288312699549
좋은 ,-0.9773218833992559,10.516966429300293,11.494288312699549
어도 ,-0.9773218833992559,10.516966429300293,11.494288312699549
 딱 ,-0.9773218833992559,10.516966429300293,11.494288312699549
바일,-0.9773218833992559,10.516966429300293,11.494288312699549
 수업,-0.9773218833992559,10.516966429300293,11.494288312699549
일이요,-0.9773218833992559,10.516966429300293,11.494288312699549
모바,-0.9773218833992559,10.516966429300293,11.494288312699549
모바일,-0.9773218833992559,10.516966429300293,11.494288312699549
간은,-0.9773218833992559,10.516966429300293,11.494288312699549
 수요,-0.9773218833992559,10.516966429300293,11.494288312699549
으려고,-0.9773218833992559,10.516966429300293,11.494288312699549
으려고 ,-0.9773218833992559,10.516966429300293,11.494288312699549
해볼게요,-0.9773218833992559,10.516966429300293,11.494288312699549
는거,-0.9773218833992559,10.516966429300293,11.494288312699549
 모바,-0.9773218833992559,10.516966429300293,11.494288312699549
 모바일,-0.9773218833992559,10.516966429300293,11.494288312699549
해볼게,-0.9773218833992559,10.516966429300293,11.494288312699549
 해도 ,-0.9773218833992559,10.516966429300293,11.494288312699549
 해도,-0.9773218833992559,10.516966429300293,11.494288312699549
법으,-0.9773218833992559,10.516966429300293,11.494288312699549
했더니 ,-0.9773218833992559,10.516966429300293,11.494288312699549
 일정 ,-0.9773218833992559,10.516966429300293,11.494288312699549
 좋은 ,-0.9773218833992559,10.516966429300293,11.494288312699549
더니,-0.9773218833992559,10.516966429300293,11.494288312699549
더니 ,-0.9773218833992559,10.516966429300293,11.494288312699549
아주,-0.9773218833992559,10.516966429300293,11.494288312699549
보네요,-0.9773218833992559,10.516966429300293,11.494288312699549
보네,-0.9773218833992559,10.516966429300293,11.494288312699549
 로,-0.9773218833992559,10.516966429300293,11.494288312699549
자리,-0.9773218833992559,10.516966429300293,11.494288312699549
수업,-0.9773218833992559,10.516966429300293,11.494288312699549
수요,-0.9773218833992559,10.516966429300293,11.494288312699549
법으로 ,-0.9773218833992559,10.516966429300293,11.494288312699549
법으로,-0.9773218833992559,10.516966429300293,11.494288312699549
하다고,-0.9773218833992559,10.516966429300293,11.494288312699549
했더니,-0.9773218833992559,10.516966429300293,11.494288312699549
와야 ,-0.9773218833992559,10.516966429300293,11.494288312699549
 방법으,-0.9773218833992559,10.516966429300293,11.494288312699549
했더,-0.9773218833992559,10.516966429300293,11.494288312699549
됐다고,-0.9773218833992559,10.516966429300293,11.494288312699549
해지,-0.9773218833992559,10.516966429300293,11.494288312699549
간은 ,-0.9773218833992559,10.516966429300293,11.494288312699549
님하고 ,-0.9773218833992559,10.516966429300293,11.494288312699549
워요,-0.9773218833992559,10.516966429300293,11.494288312699549
와야,-0.9773218833992559,10.516966429300293,11.494288312699549
 보네,-0.9773218833992559,10.516966429300293,11.494288312699549
 이것,-0.9773218833992559,10.516966429300293,11.494288312699549
님하고,-0.9773218833992559,10.516966429300293,11.494288312699549
 보네요,-0.9773218833992559,10.516966429300293,11.494288312699549
님하,-0.9773218833992559,10.516966429300293,11.494288312699549
이것,-0.9773218833992559,10.516966429300293,11.494288312699549
 없을까,-0.9773218833992559,10.516966429300293,11.494288312699549
씩 ,-0.9806221619677711,9.825481759513963,10.806103921481734
1번 ,-0.9806221619677711,9.825481759513963,10.806103921481734
식이,-0.9806221619677711,9.825481759513963,10.806103921481734
 가능합,-0.9806221619677711,9.825481759513963,10.806103921481734
같은데 ,-0.9806221619677711,9.825481759513963,10.806103921481734
능합,-0.9806221619677711,9.825481759513963,10.806103921481734
치가 ,-0.9806221619677711,9.825481759513963,10.806103921481734
트가,-0.9806221619677711,9.825481759513963,10.806103921481734
가능합,-0.9806221619677711,9.825481759513963,10.806103921481734
나서,-0.9806221619677711,9.825481759513963,10.806103921481734
 사진 ,-0.9806221619677711,9.825481759513963,10.806103921481734
5%,-0.9806221619677711,9.825481759513963,10.806103921481734
오세요.,-0.9806221619677711,9.825481759513963,10.806103921481734
사진 ,-0.9806221619677711,9.825481759513963,10.806103921481734
06,-0.9806221619677711,9.825481759513963,10.806103921481734
가능합니,-0.9806221619677711,9.825481759513963,10.806103921481734
의원 ,-0.9806221619677711,9.825481759513963,10.806103921481734
았는데 ,-0.9806221619677711,9.825481759513963,10.806103921481734
석 ,-0.9806221619677711,9.825481759513963,10.806103921481734
능합니다,-0.9806221619677711,9.825481759513963,10.806103921481734
능합니,-0.9806221619677711,9.825481759513963,10.806103921481734
 1번 ,-0.9806221619677711,9.825481759513963,10.806103921481734
 중인,-0.9817271283511015,9.42057143644083,10.402298564791932
알았,-0.9817271283511015,9.42057143644083,10.402298564791932
이건 ,-0.9817271283511015,9.42057143644083,10.402298564791932
공부,-0.9817271283511015,9.42057143644083,10.402298564791932
 언제 ,-0.9817271283511015,9.42057143644083,10.402298564791932
할까,-0.9817271283511015,9.42057143644083,10.402298564791932
들고,-0.9817271283511015,9.42057143644083,10.402298564791932
농협 ,-0.9817271283511015,9.42057143644083,10.402298564791932
이건,-0.9817271283511015,9.42057143644083,10.402298564791932
 시키,-0.9817271283511015,9.42057143644083,10.402298564791932
 이건,-0.9817271283511015,9.42057143644083,10.402298564791932
 알았,-0.9817271283511015,9.42057143644083,10.402298564791932
 등록,-0.9817271283511015,9.42057143644083,10.402298564791932
 수령,-0.9817271283511015,9.42057143644083,10.402298564791932
협 ,-0.9817271283511015,9.42057143644083,10.402298564791932
 이건 ,-0.9817271283511015,9.42057143644083,10.402298564791932
 농협 ,-0.9817271283511015,9.42057143644083,10.402298564791932
언제 ,-0.9817271283511015,9.42057143644083,10.402298564791932
 써,-0.9817271283511015,9.42057143644083,10.402298564791932
수령,-0.9817271283511015,9.42057143644083,10.402298564791932
해외,-0.9822805302650526,9.133166871969186,10.115447402234238
 해외,-0.9822805302650526,9.133166871969186,10.115447402234238
 사항,-0.9822805302650526,9.133166871969186,10.115447402234238
 봐,-0.9826128660402365,8.910189862415708,9.892802728455944
홈페,-0.9826128660402365,8.910189862415708,9.892802728455944
 홈페,-0.9826128660402365,8.910189862415708,9.892802728455944
 4시,-0.9826128660402365,8.910189862415708,9.892802728455944
와드릴,-0.9826128660402365,8.910189862415708,9.892802728455944
도와드릴,-0.9826128660402365,8.910189862415708,9.892802728455944
4시,-0.9826128660402365,8.910189862415708,9.892802728455944
해주셔,-0.9828345461323877,8.727979348873212,9.7108138950056
 좋겠,-0.9828345461323877,8.727979348873212,9.7108138950056
좋겠,-0.9828345461323877,8.727979348873212,9.7108138950056
있어서,-0.9833891770605305,8.035109830400295,9.018499007460825
부탁드,-0.9833891770605305,8.035109830400295,9.018499007460825
탁드,-0.9833891770605305,8.035109830400295,9.018499007460825
 부탁드,-0.9833891770605305,8.035109830400295,9.018499007460825
 마,-0.9837294166336576,7.086199493806703,8.06992891044036
때 ,-1.0019199631911402,7.6113915211737115,8.613311484364852
 반,-1.004142967404472,7.726882149139622,8.731025116544094
 부탁,-1.0087432658363698,7.929777085191934,8.938520351028304
부탁,-1.0087432658363698,7.929777085191934,8.938520351028304
신분,-1.0087432658363698,7.929777085191934,8.938520351028304
계속 ,-1.016057275276868,8.184596774948721,9.20065405022559
 계속 ,-1.016057275276868,8.184596774948721,9.20065405022559
 문,-1.016508490293738,7.086199493806703,8.10270798410044
있는데 ,-1.0195586531434113,8.28634491878906,9.305903571932472
 식,-1.023917119300899,8.399630763171551,9.42354788247245
 죄,-1.0368725434448596,8.67394135156074,9.7108138950056
죄송,-1.0368725434448596,8.67394135156074,9.7108138950056
아. ,-1.0368725434448596,8.67394135156074,9.7108138950056
사용 ,-1.0368725434448596,8.67394135156074,9.7108138950056
 죄송,-1.0368725434448596,8.67394135156074,9.7108138950056
음 ,-1.0421619197236254,8.063272773094504,9.105434692818129
 방,-1.0451754826198103,7.414064646075999,8.459240128695809
 파,-1.0471097474034892,8.845692981052455,9.892802728455944
일에,-1.0471097474034892,8.845692981052455,9.892802728455944
 홈,-1.0471097474034892,8.845692981052455,9.892802728455944
 건가,-1.0477958961462832,8.152858154079306,9.20065405022559
주세,-1.0482538287488952,7.054454155351546,8.10270798410044
주세요,-1.0482538287488952,7.054454155351546,8.10270798410044
 국민은,-1.062259186697574,9.053188215536665,10.115447402234238
 물건 ,-1.062259186697574,9.053188215536665,10.115447402234238
국민은,-1.062259186697574,9.053188215536665,10.115447402234238
트로,-1.062259186697574,9.053188215536665,10.115447402234238
착 ,-1.062259186697574,9.053188215536665,10.115447402234238
물건 ,-1.062259186697574,9.053188215536665,10.115447402234238
트로 ,-1.062259186697574,9.053188215536665,10.115447402234238
has_urgency,-1.062259186697574,9.053188215536665,10.115447402234238
 도착 ,-1.062259186697574,9.053188215536665,10.115447402234238
도착 ,-1.062259186697574,9.053188215536665,10.115447402234238
 중앙,-1.062259186697574,9.053188215536665,10.115447402234238
매하,-1.0703248624178343,8.035109830400295,9.105434692818129
전에 ,-1.0739233384924134,8.482977604013804,9.556900942506218
가서 ,-1.0739233384924134,8.482977604013804,9.556900942506218
건가,-1.078558088029613,8.122095962195976,9.20065405022559
이번,-1.0810464897628709,7.857473861265433,8.938520351028304
 이번,-1.0810464897628709,7.857473861265433,8.938520351028304
미리 ,-1.0869766500579843,9.315321914733948,10.402298564791932
 미리 ,-1.0869766500579843,9.315321914733948,10.402298564791932
 미리,-1.0869766500579843,9.315321914733948,10.402298564791932
환불 ,-1.0869766500579843,9.315321914733948,10.402298564791932
 환불 ,-1.0869766500579843,9.315321914733948,10.402298564791932
마다 ,-1.0869766500579843,9.315321914733948,10.402298564791932
미리,-1.0869766500579843,9.315321914733948,10.402298564791932
" 어,",-1.0869766500579843,9.315321914733948,10.402298564791932
" 어, ",-1.0869766500579843,9.315321914733948,10.402298564791932
이면,-1.0869766500579843,9.315321914733948,10.402298564791932
마다,-1.0869766500579843,9.315321914733948,10.402298564791932
이면 ,-1.0869766500579843,9.315321914733948,10.402298564791932
 5일 ,-1.0869766500579843,9.315321914733948,10.402298564791932
 5일,-1.0869766500579843,9.315321914733948,10.402298564791932
 2시,-1.0869766500579843,9.315321914733948,10.402298564791932
 초,-1.0869766500579843,9.315321914733948,10.402298564791932
2시,-1.0869766500579843,9.315321914733948,10.402298564791932
불 ,-1.0869766500579843,9.315321914733948,10.402298564791932
 언제,-1.088139535540165,8.622674359465435,9.7108138950056
려면 ,-1.088139535540165,8.622674359465435,9.7108138950056
언제,-1.088139535540165,8.622674359465435,9.7108138950056
자로,-1.088139535540165,8.622674359465435,9.7108138950056
 신분,-1.088721922268891,7.929777085191934,9.018499007460825
가서,-1.1008485422158962,8.322699340256554,9.42354788247245
 말 ,-1.1076976268026364,8.785105101653308,9.892802728455944
 새,-1.1076976268026364,8.785105101653308,9.892802728455944
 쇼핑,-1.1076976268026364,8.785105101653308,9.892802728455944
확인 ,-1.1134084388037149,7.90509056865711,9.018499007460825
 확인 ,-1.1134084388037149,7.90509056865711,9.018499007460825
러 ,-1.1164648446783012,8.440436097827916,9.556900942506218
 요,-1.1309300387027257,7.328310089993083,8.459240128695809
드리는데,-1.1345351144671554,9.671568807014578,10.806103921481734
 동일,-1.1345351144671554,9.671568807014578,10.806103921481734
들고 ,-1.1345351144671554,9.671568807014578,10.806103921481734
하여,-1.1345351144671554,9.671568807014578,10.806103921481734
 아쉽,-1.1345351144671554,9.671568807014578,10.806103921481734
종료가,-1.1345351144671554,9.671568807014578,10.806103921481734
 매장 ,-1.1345351144671554,9.671568807014578,10.806103921481734
 팔,-1.1345351144671554,9.671568807014578,10.806103921481734
동일,-1.1345351144671554,9.671568807014578,10.806103921481734
상품이 ,-1.1345351144671554,9.671568807014578,10.806103921481734
 들고,-1.1345351144671554,9.671568807014578,10.806103921481734
버스,-1.1345351144671554,9.671568807014578,10.806103921481734
 종료가,-1.1345351144671554,9.671568807014578,10.806103921481734
10년 ,-1.1345351144671554,9.671568807014578,10.806103921481734
매장 ,-1.1345351144671554,9.671568807014578,10.806103921481734
내고,-1.1345351144671554,9.671568807014578,10.806103921481734
 10년,-1.1345351144671554,9.671568807014578,10.806103921481734
종료가 ,-1.1345351144671554,9.671568807014578,10.806103921481734
아쉽,-1.1345351144671554,9.671568807014578,10.806103921481734
는데요?,-1.1345351144671554,9.671568807014578,10.806103921481734
 버스,-1.1345351144671554,9.671568807014578,10.806103921481734
일에 ,-1.1363122545220765,8.979135147712162,10.115447402234238
 궁,-1.1363122545220765,8.979135147712162,10.115447402234238
 궁금,-1.1363122545220765,8.979135147712162,10.115447402234238
궁금,-1.1363122545220765,8.979135147712162,10.115447402234238
동 ,-1.1369059018014305,8.57390799320417,9.7108138950056
더라고,-1.1369059018014305,8.57390799320417,9.7108138950056
더라고요,-1.1369059018014305,8.57390799320417,9.7108138950056
쇼핑,-1.1648233795827316,8.727979348873212,9.892802728455944
이신 ,-1.1648233795827316,8.727979348873212,9.892802728455944
거죠? ,-1.1655442198252945,8.035109830400295,9.20065405022559
거죠?,-1.1655442198252945,8.035109830400295,9.20065405022559
은데,-1.1655442198252945,8.035109830400295,9.20065405022559
입니,-1.1776994815665143,6.121697300001124,7.299396781567638
수고하,-1.1821960074654427,9.22010255732649,10.402298564791932
10시,-1.1821960074654427,9.22010255732649,10.402298564791932
해도 ,-1.1821960074654427,9.22010255732649,10.402298564791932
 10시,-1.1821960074654427,9.22010255732649,10.402298564791932
 수고하,-1.1821960074654427,9.22010255732649,10.402298564791932
0년 ,-1.1821960074654427,9.22010255732649,10.402298564791932
해도,-1.1821960074654427,9.22010255732649,10.402298564791932
 금리,-1.1821960074654427,9.22010255732649,10.402298564791932
점이,-1.1838076097364958,8.122095962195976,9.305903571932472
 주시고,-1.1838076097364958,8.122095962195976,9.305903571932472
 줄,-1.1964755139057015,8.360425428600518,9.55690094250622
점 ,-1.1964755139057015,8.360425428600518,9.55690094250622
 홈페이,-1.2052575398185308,8.910189862415708,10.115447402234238
 잠깐 ,-1.2052575398185308,8.910189862415708,10.115447402234238
 잠깐,-1.2052575398185308,8.910189862415708,10.115447402234238
홈페이,-1.2052575398185308,8.910189862415708,10.115447402234238
홈페이지,-1.2052575398185308,8.910189862415708,10.115447402234238
 확인되,-1.2052575398185308,8.910189862415708,10.115447402234238
확인되,-1.2052575398185308,8.910189862415708,10.115447402234238
잠깐,-1.2052575398185308,8.910189862415708,10.115447402234238
잠깐 ,-1.2052575398185308,8.910189862415708,10.115447402234238
더라,-1.2061720338636484,8.217375848608802,9.42354788247245
있나요,-1.2188613768952035,8.67394135156074,9.892802728455944
 있나요,-1.2188613768952035,8.67394135156074,9.892802728455944
있나요?,-1.2188613768952035,8.67394135156074,9.892802728455944
깐 ,-1.2188613768952035,8.67394135156074,9.892802728455944
간이 ,-1.2188613768952035,8.67394135156074,9.892802728455944
발송,-1.2195968251656684,7.981057225059921,9.20065405022559
리해,-1.227836290991796,8.482977604013804,9.7108138950056
 때 ,-1.2318368283980377,7.706683522630266,8.938520351028304
 거죠?,-1.2426307988379683,8.063272773094504,9.305903571932472
 구,-1.2430430652928797,7.370268419071972,8.613311484364852
주 ,-1.247960831552696,7.857473861265433,9.105434692818129
인데,-1.2603726220336284,7.107937117471813,8.368309739505442
 매달,-1.264173045956948,10.230115266742601,11.494288312699549
 매달 ,-1.264173045956948,10.230115266742601,11.494288312699549
이라서,-1.264173045956948,10.230115266742601,11.494288312699549
매달 ,-1.264173045956948,10.230115266742601,11.494288312699549
 없네,-1.264173045956948,10.230115266742601,11.494288312699549
명히,-1.264173045956948,10.230115266742601,11.494288312699549
님도,-1.264173045956948,10.230115266742601,11.494288312699549
매달,-1.264173045956948,10.230115266742601,11.494288312699549
 없네요,-1.264173045956948,10.230115266742601,11.494288312699549
하다는 ,-1.264173045956948,10.230115266742601,11.494288312699549
400,-1.264173045956948,10.230115266742601,11.494288312699549
님도 ,-1.264173045956948,10.230115266742601,11.494288312699549
명히 ,-1.264173045956948,10.230115266742601,11.494288312699549
주고 ,-1.264173045956948,10.230115266742601,11.494288312699549
지요? ,-1.264173045956948,10.230115266742601,11.494288312699549
 분명히,-1.264173045956948,10.230115266742601,11.494288312699549
거래 ,-1.264173045956948,10.230115266742601,11.494288312699549
라.,-1.264173045956948,10.230115266742601,11.494288312699549
라. ,-1.264173045956948,10.230115266742601,11.494288312699549
 시험,-1.264173045956948,10.230115266742601,11.494288312699549
러고,-1.264173045956948,10.230115266742601,11.494288312699549
 넣어드,-1.264173045956948,10.230115266742601,11.494288312699549
시까지 ,-1.264173045956948,10.230115266742601,11.494288312699549
시까지,-1.264173045956948,10.230115266742601,11.494288312699549
시까,-1.264173045956948,10.230115266742601,11.494288312699549
 넘어,-1.264173045956948,10.230115266742601,11.494288312699549
 시간 ,-1.264173045956948,10.230115266742601,11.494288312699549
제를 ,-1.264173045956948,10.230115266742601,11.494288312699549
있네,-1.264173045956948,10.230115266742601,11.494288312699549
 할까요,-1.264173045956948,10.230115266742601,11.494288312699549
 2개,-1.264173045956948,10.230115266742601,11.494288312699549
주고,-1.264173045956948,10.230115266742601,11.494288312699549
 끝내,-1.264173045956948,10.230115266742601,11.494288312699549
 6개,-1.264173045956948,10.230115266742601,11.494288312699549
 6개월,-1.264173045956948,10.230115266742601,11.494288312699549
 깔,-1.264173045956948,10.230115266742601,11.494288312699549
증권 ,-1.264173045956948,10.230115266742601,11.494288312699549
아요?,-1.264173045956948,10.230115266742601,11.494288312699549
아요? ,-1.264173045956948,10.230115266742601,11.494288312699549
 한다고,-1.264173045956948,10.230115266742601,11.494288312699549
 좋아요,-1.264173045956948,10.230115266742601,11.494288312699549
지요?,-1.264173045956948,10.230115266742601,11.494288312699549
분명히 ,-1.264173045956948,10.230115266742601,11.494288312699549
하다는,-1.264173045956948,10.230115266742601,11.494288312699549
4개,-1.264173045956948,10.230115266742601,11.494288312699549
봐요,-1.264173045956948,10.230115266742601,11.494288312699549
 문자가,-1.264173045956948,10.230115266742601,11.494288312699549
분명히,-1.264173045956948,10.230115266742601,11.494288312699549
없네요,-1.264173045956948,10.230115266742601,11.494288312699549
없네,-1.264173045956948,10.230115266742601,11.494288312699549
6개,-1.264173045956948,10.230115266742601,11.494288312699549
분께,-1.264173045956948,10.230115266742601,11.494288312699549
완료 ,-1.264173045956948,10.230115266742601,11.494288312699549
 번호가,-1.264173045956948,10.230115266742601,11.494288312699549
 있겠,-1.264173045956948,10.230115266742601,11.494288312699549
 받아볼,-1.264173045956948,10.230115266742601,11.494288312699549
유의,-1.264173045956948,10.230115266742601,11.494288312699549
상한 ,-1.264173045956948,10.230115266742601,11.494288312699549
99,-1.264173045956948,10.230115266742601,11.494288312699549
버리,-1.264173045956948,10.230115266742601,11.494288312699549
 공부를,-1.264173045956948,10.230115266742601,11.494288312699549
없네요.,-1.264173045956948,10.230115266742601,11.494288312699549
6개월,-1.264173045956948,10.230115266742601,11.494288312699549
길 ,-1.264173045956948,10.230115266742601,11.494288312699549
넘어,-1.264173045956948,10.230115266742601,11.494288312699549
편이,-1.264173045956948,10.230115266742601,11.494288312699549
페이지 ,-1.264173045956948,10.230115266742601,11.494288312699549
문자가,-1.264173045956948,10.230115266742601,11.494288312699549
문자가 ,-1.264173045956948,10.230115266742601,11.494288312699549
부를 ,-1.264173045956948,10.230115266742601,11.494288312699549
많아서 ,-1.2678881745009232,9.53821574698081,10.806103921481734
02,-1.2678881745009232,9.53821574698081,10.806103921481734
의자,-1.2678881745009232,9.53821574698081,10.806103921481734
최대,-1.2678881745009232,9.53821574698081,10.806103921481734
 가족,-1.2678881745009232,9.53821574698081,10.806103921481734
리는데,-1.2678881745009232,9.53821574698081,10.806103921481734
많아서,-1.2678881745009232,9.53821574698081,10.806103921481734
다니,-1.2678881745009232,9.53821574698081,10.806103921481734
최대한,-1.2678881745009232,9.53821574698081,10.806103921481734
 아닌가,-1.2678881745009232,9.53821574698081,10.806103921481734
동이 ,-1.2678881745009232,9.53821574698081,10.806103921481734
최대한 ,-1.2678881745009232,9.53821574698081,10.806103921481734
 최대한,-1.2678881745009232,9.53821574698081,10.806103921481734
일자,-1.2678881745009232,9.53821574698081,10.806103921481734
아닌가,-1.2678881745009232,9.53821574698081,10.806103921481734
 최대,-1.2678881745009232,9.53821574698081,10.806103921481734
 너 ,-1.2678881745009232,9.53821574698081,10.806103921481734
며칠,-1.2678881745009232,9.53821574698081,10.806103921481734
 며칠,-1.2678881745009232,9.53821574698081,10.806103921481734
닌가,-1.2678881745009232,9.53821574698081,10.806103921481734
 며,-1.2678881745009232,9.53821574698081,10.806103921481734
 많아서,-1.2678881745009232,9.53821574698081,10.806103921481734
살 ,-1.2678881745009232,9.53821574698081,10.806103921481734
 살,-1.2691316928227465,9.133166871969186,10.402298564791932
사진,-1.2697544211817835,8.845692981052455,10.115447402234238
 발송해,-1.2697544211817835,8.845692981052455,10.115447402234238
발송해,-1.2697544211817835,8.845692981052455,10.115447402234238
매하신 ,-1.2697544211817835,8.845692981052455,10.115447402234238
매하신,-1.2697544211817835,8.845692981052455,10.115447402234238
 사진,-1.2697544211817835,8.845692981052455,10.115447402234238
여기 ,-1.2697544211817835,8.845692981052455,10.115447402234238
 여기 ,-1.2697544211817835,8.845692981052455,10.115447402234238
 있나,-1.270128368990509,8.622674359465435,9.892802728455944
지를 ,-1.270128368990509,8.622674359465435,9.892802728455944
있나,-1.270128368990509,8.622674359465435,9.892802728455944
자로 ,-1.270128368990509,8.622674359465435,9.892802728455944
지를,-1.270128368990509,8.622674359465435,9.892802728455944
서류,-1.270128368990509,8.622674359465435,9.892802728455944
 서류,-1.270128368990509,8.622674359465435,9.892802728455944
약 ,-1.2707937415321773,8.035109830400295,9.305903571932472
 좋,-1.3039111522080553,7.491610845699292,8.795521997907347
주세요.,-1.3048046305425345,7.107937117471813,8.412741748014348
 같은데,-1.3188947352517744,8.57390799320417,9.892802728455944
같은데,-1.3188947352517744,8.57390799320417,9.892802728455944
해주시면,-1.3188947352517744,8.57390799320417,9.892802728455944
 요청,-1.3303423005809307,8.785105101653308,10.115447402234238
 나왔,-1.3303423005809307,8.785105101653308,10.115447402234238
요청,-1.3303423005809307,8.785105101653308,10.115447402234238
가는 ,-1.3303423005809307,8.785105101653308,10.115447402234238
0분 ,-1.3303423005809307,8.785105101653308,10.115447402234238
인되,-1.3303423005809307,8.785105101653308,10.115447402234238
나왔,-1.3303423005809307,8.785105101653308,10.115447402234238
점이 ,-1.3303423005809307,8.785105101653308,10.115447402234238
입니다,-1.3393146525081034,6.121697300001124,7.461011952509227
객님 ,-1.3393376973748845,6.698852592196061,8.038190289570945
고객님 ,-1.3393376973748845,6.698852592196061,8.038190289570945
착하,-1.3491103492552678,9.053188215536665,10.402298564791932
하자,-1.3491103492552678,9.053188215536665,10.402298564791932
 중 ,-1.3491103492552678,9.053188215536665,10.402298564791932
려주시,-1.3491103492552678,9.053188215536665,10.402298564791932
제하,-1.3491103492552678,9.053188215536665,10.402298564791932
금요,-1.3491103492552678,9.053188215536665,10.402298564791932
 사이에,-1.3491103492552678,9.053188215536665,10.402298564791932
자.,-1.3491103492552678,9.053188215536665,10.402298564791932
자. ,-1.3491103492552678,9.053188215536665,10.402298564791932
금리,-1.3491103492552678,9.053188215536665,10.402298564791932
따 ,-1.3491103492552678,9.053188215536665,10.402298564791932
계세요?,-1.3491103492552678,9.053188215536665,10.402298564791932
 이따 ,-1.3491103492552678,9.053188215536665,10.402298564791932
이에 ,-1.3491103492552678,9.053188215536665,10.402298564791932
액 ,-1.3491103492552678,9.053188215536665,10.402298564791932
사이에 ,-1.3491103492552678,9.053188215536665,10.402298564791932
사이에,-1.3491103492552678,9.053188215536665,10.402298564791932
지에,-1.3491103492552678,9.053188215536665,10.402298564791932
이따 ,-1.3491103492552678,9.053188215536665,10.402298564791932
 드리겠,-1.350388466405084,8.360425428600518,9.710813895005602
 이번 ,-1.3508150873899591,7.955088484542513,9.305903571932472
이번 ,-1.3508150873899591,7.955088484542513,9.305903571932472
 같아,-1.3579375072998996,7.747497185518229,9.105434692818129
같아,-1.3579375072998996,7.747497185518229,9.105434692818129
 너,-1.3700730743994622,7.648425933061363,9.018499007460825
 관련,-1.3723041675574983,8.184596774948721,9.55690094250622
관련,-1.3723041675574983,8.184596774948721,9.55690094250622
나요,-1.3817159000715016,6.720992084028941,8.102707984100443
하던,-1.385532485040903,9.42057143644083,10.806103921481734
많을,-1.385532485040903,9.42057143644083,10.806103921481734
금일,-1.385532485040903,9.42057143644083,10.806103921481734
많을 ,-1.385532485040903,9.42057143644083,10.806103921481734
할까요,-1.385532485040903,9.42057143644083,10.806103921481734
요일에 ,-1.385532485040903,9.42057143644083,10.806103921481734
많아,-1.385532485040903,9.42057143644083,10.806103921481734
제쯤,-1.385532485040903,9.42057143644083,10.806103921481734
 많을,-1.385532485040903,9.42057143644083,10.806103921481734
아드리,-1.385532485040903,9.42057143644083,10.806103921481734
 많을 ,-1.385532485040903,9.42057143644083,10.806103921481734
언제쯤,-1.385532485040903,9.42057143644083,10.806103921481734
 언제쯤,-1.385532485040903,9.42057143644083,10.806103921481734
하신가요,-1.385532485040903,9.42057143644083,10.806103921481734
하신가,-1.385532485040903,9.42057143644083,10.806103921481734
 많아,-1.385532485040903,9.42057143644083,10.806103921481734
 늦,-1.385532485040903,9.42057143644083,10.806103921481734
능하신가,-1.385532485040903,9.42057143644083,10.806103921481734
 공부,-1.385532485040903,9.42057143644083,10.806103921481734
 1번,-1.385532485040903,9.42057143644083,10.806103921481734
될까요,-1.385532485040903,9.42057143644083,10.806103921481734
될까요?,-1.385532485040903,9.42057143644083,10.806103921481734
가입,-1.385532485040903,9.42057143644083,10.806103921481734
래 ,-1.387468053361026,8.727979348873212,10.115447402234238
페이지,-1.387468053361026,8.727979348873212,10.115447402234238
페이,-1.387468053361026,8.727979348873212,10.115447402234238
리해 ,-1.387468053361026,8.727979348873212,10.115447402234238
전 ,-1.3962702430338165,7.39925175487353,8.795521997907347
준비,-1.4098251244421398,8.482977604013804,9.892802728455944
 준비,-1.4098251244421398,8.482977604013804,9.892802728455944
식 ,-1.4231634170797705,8.979135147712162,10.402298564791932
 30분,-1.4231634170797705,8.979135147712162,10.402298564791932
30분,-1.4231634170797705,8.979135147712162,10.402298564791932
가겠,-1.4231634170797705,8.979135147712162,10.402298564791932
동안,-1.4244689762165414,8.28634491878906,9.710813895005602
 되나,-1.4348049803102434,8.122095962195976,9.55690094250622
1번,-1.4415060506734978,8.67394135156074,10.115447402234238
스 ,-1.4424906574125291,7.981057225059921,9.42354788247245
상품,-1.4469095053290122,7.491610845699292,8.938520351028304
나요?,-1.4506849702517588,6.720992084028941,8.1716770542807
나요? ,-1.4506849702517588,6.720992084028941,8.1716770542807
트 ,-1.4531568647073598,7.747497185518229,9.20065405022559
 연락드,-1.453420488107044,7.342101509800303,8.795521997907347
락드,-1.453420488107044,7.342101509800303,8.795521997907347
연락드,-1.453420488107044,7.342101509800303,8.795521997907347
 점,-1.4595479850778368,8.251265909927765,9.710813895005602
 타,-1.4595479850778368,8.251265909927765,9.710813895005602
따로 ,-1.4646490334642461,8.092251909041973,9.55690094250622
 따로,-1.4646490334642461,8.092251909041973,9.55690094250622
 따로 ,-1.4646490334642461,8.092251909041973,9.55690094250622
따로,-1.4646490334642461,8.092251909041973,9.55690094250622
 재,-1.471413944694394,7.834489627238078,9.305903571932472
며칠 ,-1.4868177197352441,10.007470592964305,11.494288312699549
 똑바,-1.4868177197352441,10.007470592964305,11.494288312699549
갑자,-1.4868177197352441,10.007470592964305,11.494288312699549
10월 ,-1.4868177197352441,10.007470592964305,11.494288312699549
 똑바로,-1.4868177197352441,10.007470592964305,11.494288312699549
 오면,-1.4868177197352441,10.007470592964305,11.494288312699549
식을,-1.4868177197352441,10.007470592964305,11.494288312699549
칠 ,-1.4868177197352441,10.007470592964305,11.494288312699549
갑자기 ,-1.4868177197352441,10.007470592964305,11.494288312699549
인증서,-1.4868177197352441,10.007470592964305,11.494288312699549
갑자기,-1.4868177197352441,10.007470592964305,11.494288312699549
던데요.,-1.4868177197352441,10.007470592964305,11.494288312699549
집에서,-1.4868177197352441,10.007470592964305,11.494288312699549
던데요,-1.4868177197352441,10.007470592964305,11.494288312699549
 갑자기,-1.4868177197352441,10.007470592964305,11.494288312699549
식을 ,-1.4868177197352441,10.007470592964305,11.494288312699549
표를 ,-1.4868177197352441,10.007470592964305,11.494288312699549
받을 ,-1.4868177197352441,10.007470592964305,11.494288312699549
이가 ,-1.4868177197352441,10.007470592964305,11.494288312699549
 만든 ,-1.4868177197352441,10.007470592964305,11.494288312699549
 만든,-1.4868177197352441,10.007470592964305,11.494288312699549
기프,-1.4868177197352441,10.007470592964305,11.494288312699549
34,-1.4868177197352441,10.007470592964305,11.494288312699549
아오,-1.4868177197352441,10.007470592964305,11.494288312699549
10월,-1.4868177197352441,10.007470592964305,11.494288312699549
 며칠 ,-1.4868177197352441,10.007470592964305,11.494288312699549
기라,-1.4868177197352441,10.007470592964305,11.494288312699549
 없어서,-1.4868177197352441,10.007470592964305,11.494288312699549
비해,-1.4868177197352441,10.007470592964305,11.494288312699549
표를,-1.4868177197352441,10.007470592964305,11.494288312699549
없어서,-1.4868177197352441,10.007470592964305,11.494288312699549
 수익,-1.4868177197352441,10.007470592964305,11.494288312699549
만든,-1.4868177197352441,10.007470592964305,11.494288312699549
만든 ,-1.4868177197352441,10.007470592964305,11.494288312699549
비해 ,-1.4868177197352441,10.007470592964305,11.494288312699549
 갑자,-1.4868177197352441,10.007470592964305,11.494288312699549
이가,-1.4868177197352441,10.007470592964305,11.494288312699549
 좋겠어,-1.4868177197352441,10.007470592964305,11.494288312699549
 한데 ,-1.4868177197352441,10.007470592964305,11.494288312699549
든요? ,-1.4868177197352441,10.007470592964305,11.494288312699549
쉽네요.,-1.4868177197352441,10.007470592964305,11.494288312699549
좋겠어요,-1.4868177197352441,10.007470592964305,11.494288312699549
받을,-1.4868177197352441,10.007470592964305,11.494288312699549
 부모님,-1.4868177197352441,10.007470592964305,11.494288312699549
수익,-1.4868177197352441,10.007470592964305,11.494288312699549
부를,-1.4868177197352441,10.007470592964305,11.494288312699549
같은데.,-1.4868177197352441,10.007470592964305,11.494288312699549
01호,-1.4868177197352441,10.007470592964305,11.494288312699549
같아서 ,-1.4868177197352441,10.007470592964305,11.494288312699549
키면,-1.4868177197352441,10.007470592964305,11.494288312699549
부모님,-1.4868177197352441,10.007470592964305,11.494288312699549
든요?,-1.4868177197352441,10.007470592964305,11.494288312699549
거든요?,-1.4868177197352441,10.007470592964305,11.494288312699549
 분명,-1.4868177197352441,10.007470592964305,11.494288312699549
좋겠어,-1.4868177197352441,10.007470592964305,11.494288312699549
 11번,-1.4907820067477857,9.315321914733948,10.806103921481734
 동안 ,-1.4907820067477857,9.315321914733948,10.806103921481734
 체크,-1.4907820067477857,9.315321914733948,10.806103921481734
유 ,-1.4907820067477857,9.315321914733948,10.806103921481734
었던,-1.4907820067477857,9.315321914733948,10.806103921481734
 궁금한,-1.4907820067477857,9.315321914733948,10.806103921481734
 일반,-1.4907820067477857,9.315321914733948,10.806103921481734
일반,-1.4907820067477857,9.315321914733948,10.806103921481734
 발송 ,-1.4907820067477857,9.315321914733948,10.806103921481734
체크,-1.4907820067477857,9.315321914733948,10.806103921481734
11번,-1.4907820067477857,9.315321914733948,10.806103921481734
아드,-1.4907820067477857,9.315321914733948,10.806103921481734
금한,-1.4907820067477857,9.315321914733948,10.806103921481734
었던 ,-1.4907820067477857,9.315321914733948,10.806103921481734
될까,-1.4907820067477857,9.315321914733948,10.806103921481734
궁금한,-1.4907820067477857,9.315321914733948,10.806103921481734
을까요,-1.4921087023762247,8.910189862415708,10.402298564791932
을까요?,-1.4921087023762247,8.910189862415708,10.402298564791932
일로,-1.4921087023762247,8.910189862415708,10.402298564791932
",0",-1.4921087023762247,8.910189862415708,10.402298564791932
안되,-1.4921087023762247,8.910189862415708,10.402298564791932
 c,-1.4921087023762247,8.910189862415708,10.402298564791932
 안되,-1.4921087023762247,8.910189862415708,10.402298564791932
제한,-1.4921087023762247,8.910189862415708,10.402298564791932
담 ,-1.4927730427688033,8.622674359465435,10.115447402234238
 준,-1.493171965284393,8.399630763171551,9.892802728455944
 채,-1.493171965284393,8.399630763171551,9.892802728455944
추가,-1.4934380463968004,8.217375848608802,9.710813895005602
 추가,-1.4934380463968004,8.217375848608802,9.710813895005602
 됩니,-1.4942996257131362,7.176137611431811,8.670437237144947
 됩,-1.4942996257131362,7.176137611431811,8.670437237144947
내일,-1.5217911121059249,8.035109830400295,9.55690094250622
되나,-1.5217911121059249,8.035109830400295,9.55690094250622
 내일,-1.5217911121059249,8.035109830400295,9.55690094250622
 오,-1.5263887184353537,5.850554262755577,7.376942981190931
 상품,-1.5268881617615335,7.491610845699292,9.018499007460825
 s,-1.5323772998554261,8.360425428600518,9.892802728455944
 변,-1.5331835499494924,7.667470500276097,9.20065405022559
 회,-1.5373574089074333,7.7685461630250385,9.305903571932472
 처리해,-1.5415394090300687,8.57390799320417,10.115447402234238
처리해,-1.5415394090300687,8.57390799320417,10.115447402234238
아서,-1.5425490595926625,7.880998822879787,9.42354788247245
을까,-1.5566055837394774,8.845692981052455,10.402298564791932
문하신 ,-1.5566055837394774,8.845692981052455,10.402298564791932
처리해 ,-1.5566055837394774,8.845692981052455,10.402298564791932
문하신,-1.5566055837394774,8.845692981052455,10.402298564791932
 오늘,-1.5620222749349066,6.945984220022168,8.508006494957074
오늘,-1.5620222749349066,6.945984220022168,8.508006494957074
됩니,-1.575193049886904,6.984080437165476,8.55927348705238
입니다.,-1.5756566562467524,6.121697300001124,7.697353956247876
하냐,-1.5860013641552442,9.22010255732649,10.806103921481734
쓰고,-1.5860013641552442,9.22010255732649,10.806103921481734
쓰고 ,-1.5860013641552442,9.22010255732649,10.806103921481734
 쓰고,-1.5860013641552442,9.22010255732649,10.806103921481734
 도착하,-1.5860013641552442,9.22010255732649,10.806103921481734
도가 ,-1.5860013641552442,9.22010255732649,10.806103921481734
 불편,-1.5860013641552442,9.22010255732649,10.806103921481734
 쓰고 ,-1.5860013641552442,9.22010255732649,10.806103921481734
의원,-1.5860013641552442,9.22010255732649,10.806103921481734
도가,-1.5860013641552442,9.22010255732649,10.806103921481734
좋아,-1.5860013641552442,9.22010255732649,10.806103921481734
 좋아,-1.5860013641552442,9.22010255732649,10.806103921481734
도착하,-1.5860013641552442,9.22010255732649,10.806103921481734
요일에,-1.5860013641552442,9.22010255732649,10.806103921481734
불편,-1.5860013641552442,9.22010255732649,10.806103921481734
하세,-1.5866586306826322,6.549939414736772,8.136598045419404
하세요,-1.5866586306826322,6.549939414736772,8.136598045419404
 되나요,-1.588717932809626,8.122095962195976,9.710813895005602
 번호 ,-1.588717932809626,8.122095962195976,9.710813895005602
즘 ,-1.6064578096668836,8.28634491878906,9.892802728455944
요즘 ,-1.6064578096668836,8.28634491878906,9.892802728455944
 요즘 ,-1.6064578096668836,8.28634491878906,9.892802728455944
확인하시,-1.6171934631386247,8.785105101653308,10.402298564791932
 오셔,-1.6171934631386247,8.785105101653308,10.402298564791932
 필요한,-1.6171934631386247,8.785105101653308,10.402298564791932
필요한,-1.6171934631386247,8.785105101653308,10.402298564791932
 월,-1.6171934631386247,8.785105101653308,10.402298564791932
군요,-1.6171934631386247,8.785105101653308,10.402298564791932
온 ,-1.6171934631386247,8.785105101653308,10.402298564791932
올 ,-1.6171934631386247,8.785105101653308,10.402298564791932
맞으시죠,-1.6171934631386247,8.785105101653308,10.402298564791932
그대,-1.6171934631386247,8.785105101653308,10.402298564791932
인하시,-1.6171934631386247,8.785105101653308,10.402298564791932
 그대,-1.6171934631386247,8.785105101653308,10.402298564791932
 포,-1.6190187558062288,7.686884816126243,9.305903571932472
 됩니다,-1.6193843864755362,7.176137611431811,8.795521997907347
분증,-1.6271238573142854,7.929777085191934,9.55690094250622
신분증,-1.6271238573142854,7.929777085191934,9.55690094250622
아이,-1.6324697982204341,8.482977604013804,10.115447402234238
 아이,-1.6324697982204341,8.482977604013804,10.115447402234238
송해,-1.641536818528179,8.251265909927765,9.892802728455944
환 ,-1.641536818528179,8.251265909927765,9.892802728455944
인데요,-1.6550017194474114,7.7685461630250385,9.42354788247245
0분에,-1.6688065531855862,9.825481759513963,11.494288312699549
트가 ,-1.6688065531855862,9.825481759513963,11.494288312699549
점에 ,-1.6688065531855862,9.825481759513963,11.494288312699549
 생활,-1.6688065531855862,9.825481759513963,11.494288312699549
반에 ,-1.6688065531855862,9.825481759513963,11.494288312699549
트에 ,-1.6688065531855862,9.825481759513963,11.494288312699549
야겠어요,-1.6688065531855862,9.825481759513963,11.494288312699549
사람도 ,-1.6688065531855862,9.825481759513963,11.494288312699549
게도,-1.6688065531855862,9.825481759513963,11.494288312699549
람도,-1.6688065531855862,9.825481759513963,11.494288312699549
야겠어,-1.6688065531855862,9.825481759513963,11.494288312699549
특정,-1.6688065531855862,9.825481759513963,11.494288312699549
게도 ,-1.6688065531855862,9.825481759513963,11.494288312699549
 펀,-1.6688065531855862,9.825481759513963,11.494288312699549
0월,-1.6688065531855862,9.825481759513963,11.494288312699549
0월 ,-1.6688065531855862,9.825481759513963,11.494288312699549
 반에 ,-1.6688065531855862,9.825481759513963,11.494288312699549
 반에,-1.6688065531855862,9.825481759513963,11.494288312699549
류가 ,-1.6688065531855862,9.825481759513963,11.494288312699549
매가,-1.6688065531855862,9.825481759513963,11.494288312699549
매가 ,-1.6688065531855862,9.825481759513963,11.494288312699549
류가,-1.6688065531855862,9.825481759513963,11.494288312699549
 없나요,-1.6688065531855862,9.825481759513963,11.494288312699549
 없나,-1.6688065531855862,9.825481759513963,11.494288312699549
생활,-1.6688065531855862,9.825481759513963,11.494288312699549
 번거,-1.6688065531855862,9.825481759513963,11.494288312699549
봐야,-1.6688065531855862,9.825481759513963,11.494288312699549
 사람도,-1.6688065531855862,9.825481759513963,11.494288312699549
람도 ,-1.6688065531855862,9.825481759513963,11.494288312699549
은데.,-1.6688065531855862,9.825481759513963,11.494288312699549
은데. ,-1.6688065531855862,9.825481759513963,11.494288312699549
번거,-1.6688065531855862,9.825481759513963,11.494288312699549
매자,-1.6688065531855862,9.825481759513963,11.494288312699549
은데요.,-1.6688065531855862,9.825481759513963,11.494288312699549
사람도,-1.6688065531855862,9.825481759513963,11.494288312699549
순 ,-1.6688065531855862,9.825481759513963,11.494288312699549
그러는,-1.6688065531855862,9.825481759513963,11.494288312699549
 그러는,-1.6688065531855862,9.825481759513963,11.494288312699549
 특정,-1.6688065531855862,9.825481759513963,11.494288312699549
없나,-1.6688065531855862,9.825481759513963,11.494288312699549
없나요?,-1.6688065531855862,9.825481759513963,11.494288312699549
없나요,-1.6688065531855862,9.825481759513963,11.494288312699549
반에,-1.6688065531855862,9.825481759513963,11.494288312699549
발급 ,-1.672937049512548,9.133166871969186,10.806103921481734
신청해,-1.672937049512548,9.133166871969186,10.806103921481734
 신청해,-1.672937049512548,9.133166871969186,10.806103921481734
알아보,-1.672937049512548,9.133166871969186,10.806103921481734
 힘,-1.672937049512548,9.133166871969186,10.806103921481734
 카드 ,-1.672937049512548,9.133166871969186,10.806103921481734
 억,-1.672937049512548,9.133166871969186,10.806103921481734
 알아보,-1.672937049512548,9.133166871969186,10.806103921481734
준 ,-1.672937049512548,9.133166871969186,10.806103921481734
 전체,-1.672937049512548,9.133166871969186,10.806103921481734
청해,-1.672937049512548,9.133166871969186,10.806103921481734
 봤,-1.672937049512548,9.133166871969186,10.806103921481734
전체,-1.672937049512548,9.133166871969186,10.806103921481734
쯤 ,-1.672937049512548,9.133166871969186,10.806103921481734
 보상,-1.672937049512548,9.133166871969186,10.806103921481734
 방문하,-1.67431921591872,8.727979348873212,10.402298564791932
방문하,-1.67431921591872,8.727979348873212,10.402298564791932
긴 ,-1.67431921591872,8.727979348873212,10.402298564791932
시려,-1.67431921591872,8.727979348873212,10.402298564791932
건가요?,-1.6754268798471426,8.217375848608802,9.892802728455944
되나요,-1.6757040646053074,8.035109830400295,9.710813895005602
됩니다,-1.686356799979471,6.984080437165476,8.670437237144947
너무 ,-1.6994270812407866,7.857473861265433,9.55690094250622
 너무 ,-1.6994270812407866,7.857473861265433,9.55690094250622
결과 ,-1.703095533342589,8.007718361663013,9.710813895005602
 도착,-1.703095533342589,8.007718361663013,9.710813895005602
도착,-1.703095533342589,8.007718361663013,9.710813895005602
 결과 ,-1.703095533342589,8.007718361663013,9.710813895005602
건가요,-1.708205953507223,8.184596774948721,9.892802728455944
 건가요,-1.708205953507223,8.184596774948721,9.892802728455944
 미,-1.712527310093133,7.593376261839337,9.30590357193247
너무,-1.7224113152681415,7.834489627238078,9.55690094250622
 너무,-1.7224113152681415,7.834489627238078,9.55690094250622
 싶,-1.7283572132311917,8.67394135156074,10.402298564791932
인데요.,-1.7399445743766382,8.152858154079306,9.892802728455944
날 ,-1.7399445743766382,8.152858154079306,9.892802728455944
드려,-1.7448791217499826,7.812021820756237,9.55690094250622
 sk,-1.7529157059450693,9.053188215536665,10.806103921481734
sk,-1.7529157059450693,9.053188215536665,10.806103921481734
민은행,-1.7529157059450693,9.053188215536665,10.806103921481734
하죠,-1.7529157059450693,9.053188215536665,10.806103921481734
 사전,-1.7529157059450693,9.053188215536665,10.806103921481734
 체,-1.7529157059450693,9.053188215536665,10.806103921481734
사전,-1.7529157059450693,9.053188215536665,10.806103921481734
알려주시,-1.7529157059450693,9.053188215536665,10.806103921481734
다행,-1.7529157059450693,9.053188215536665,10.806103921481734
품이 ,-1.7529157059450693,9.053188215536665,10.806103921481734
국민은행,-1.7529157059450693,9.053188215536665,10.806103921481734
 4시 ,-1.7529157059450693,9.053188215536665,10.806103921481734
 다행,-1.7529157059450693,9.053188215536665,10.806103921481734
 금요일,-1.7529157059450693,9.053188215536665,10.806103921481734
페이지에,-1.7529157059450693,9.053188215536665,10.806103921481734
금요일,-1.7529157059450693,9.053188215536665,10.806103921481734
 금요,-1.7529157059450693,9.053188215536665,10.806103921481734
정입,-1.7529157059450693,9.053188215536665,10.806103921481734
이지에,-1.7529157059450693,9.053188215536665,10.806103921481734
정입니,-1.7529157059450693,9.053188215536665,10.806103921481734
4시 ,-1.7529157059450693,9.053188215536665,10.806103921481734
보상,-1.7529157059450693,9.053188215536665,10.806103921481734
정입니다,-1.7529157059450693,9.053188215536665,10.806103921481734
 환,-1.7557254104630893,7.955088484542513,9.710813895005602
오는,-1.770706766259968,8.122095962195976,9.892802728455944
 없고,-1.7796242053264972,8.622674359465435,10.402298564791932
문자로 ,-1.7796242053264972,8.622674359465435,10.402298564791932
 문자로,-1.7796242053264972,8.622674359465435,10.402298564791932
문자로,-1.7796242053264972,8.622674359465435,10.402298564791932
던데,-1.7796242053264972,8.622674359465435,10.402298564791932
없고,-1.7796242053264972,8.622674359465435,10.402298564791932
 신분증,-1.781036809813668,7.929777085191934,9.710813895005602
서요,-1.788354779481181,7.7685461630250385,9.55690094250622
 꼭,-1.7927480619776848,8.322699340256554,10.115447402234238
 꼭 ,-1.7927480619776848,8.322699340256554,10.115447402234238
후 ,-1.7927480619776848,8.322699340256554,10.115447402234238
꼭 ,-1.7927480619776848,8.322699340256554,10.115447402234238
 왔,-1.8005508194139708,8.092251909041973,9.892802728455944
합니,-1.8052071233711846,6.865230113773762,8.670437237144947
말 ,-1.8057233263484918,7.90509056865711,9.710813895005602
 영,-1.8057233263484918,7.90509056865711,9.710813895005602
오늘 ,-1.811441560741871,6.984080437165476,8.795521997907347
 오늘 ,-1.811441560741871,6.984080437165476,8.795521997907347
 매,-1.8142927262331785,7.491610845699292,9.30590357193247
늘 ,-1.8211025382113109,6.974419459696036,8.795521997907347
내고 ,-1.8227195056849705,9.671568807014578,11.494288312699549
 알 ,-1.8227195056849705,9.671568807014578,11.494288312699549
려고요.,-1.8227195056849705,9.671568807014578,11.494288312699549
닌가요?,-1.8227195056849705,9.671568807014578,11.494288312699549
려고요,-1.8227195056849705,9.671568807014578,11.494288312699549
버스 ,-1.8227195056849705,9.671568807014578,11.494288312699549
지에서 ,-1.8227195056849705,9.671568807014578,11.494288312699549
 확인은,-1.8227195056849705,9.671568807014578,11.494288312699549
준다,-1.8227195056849705,9.671568807014578,11.494288312699549
 한데,-1.8227195056849705,9.671568807014578,11.494288312699549
확인은 ,-1.8227195056849705,9.671568807014578,11.494288312699549
 한도,-1.8227195056849705,9.671568807014578,11.494288312699549
알 ,-1.8227195056849705,9.671568807014578,11.494288312699549
확인은,-1.8227195056849705,9.671568807014578,11.494288312699549
 때마다,-1.8227195056849705,9.671568807014578,11.494288312699549
 하나요,-1.8227195056849705,9.671568807014578,11.494288312699549
인인,-1.8227195056849705,9.671568807014578,11.494288312699549
지정,-1.8227195056849705,9.671568807014578,11.494288312699549
시험,-1.8227195056849705,9.671568807014578,11.494288312699549
 지정,-1.8227195056849705,9.671568807014578,11.494288312699549
하거든,-1.8227195056849705,9.671568807014578,11.494288312699549
"0,",-1.8227195056849705,9.671568807014578,11.494288312699549
되셔,-1.8227195056849705,9.671568807014578,11.494288312699549
 버스 ,-1.8227195056849705,9.671568807014578,11.494288312699549
러는,-1.8227195056849705,9.671568807014578,11.494288312699549
매하시,-1.8227195056849705,9.671568807014578,11.494288312699549
하거든요,-1.8227195056849705,9.671568807014578,11.494288312699549
량이 ,-1.8227195056849705,9.671568807014578,11.494288312699549
량이,-1.8227195056849705,9.671568807014578,11.494288312699549
한도,-1.8227195056849705,9.671568807014578,11.494288312699549
인증,-1.8227195056849705,9.671568807014578,11.494288312699549
의하,-1.8227195056849705,9.671568807014578,11.494288312699549
 되셔,-1.8227195056849705,9.671568807014578,11.494288312699549
지로,-1.8269687737695701,8.979135147712162,10.806103921481732
내로 ,-1.8269687737695701,8.979135147712162,10.806103921481732
비 ,-1.8269687737695701,8.979135147712162,10.806103921481732
만이,-1.8269687737695701,8.979135147712162,10.806103921481732
수됐,-1.8269687737695701,8.979135147712162,10.806103921481732
 가는,-1.8269687737695701,8.979135147712162,10.806103921481732
시에서 ,-1.8269687737695701,8.979135147712162,10.806103921481732
싶은,-1.8269687737695701,8.979135147712162,10.806103921481732
 싶은,-1.8269687737695701,8.979135147712162,10.806103921481732
시에서,-1.8269687737695701,8.979135147712162,10.806103921481732
지로 ,-1.8269687737695701,8.979135147712162,10.806103921481732
 가는 ,-1.8269687737695701,8.979135147712162,10.806103921481732
즈 ,-1.8269687737695701,8.979135147712162,10.806103921481732
던데 ,-1.8269687737695701,8.979135147712162,10.806103921481732
정되,-1.8269687737695701,8.979135147712162,10.806103921481732
용하시면,-1.8269687737695701,8.979135147712162,10.806103921481732
되나요?,-1.8576928980556495,8.035109830400295,9.892802728455944
관련해,-1.864181492306475,8.251265909927765,10.11544740223424
련해,-1.864181492306475,8.251265909927765,10.11544740223424
 관련해,-1.864181492306475,8.251265909927765,10.11544740223424
합니다,-1.8657950027703318,6.865230113773762,8.731025116544094
 가서 ,-1.8748889522692238,8.527409612522709,10.402298564791932
동이,-1.8748889522692238,8.527409612522709,10.402298564791932
내로,-1.8959140590660244,8.910189862415708,10.806103921481732
",00",-1.8959140590660244,8.910189862415708,10.806103921481732
군요.,-1.8959140590660244,8.910189862415708,10.806103921481732
와드릴까,-1.8959140590660244,8.910189862415708,10.806103921481732
군요. ,-1.8959140590660244,8.910189862415708,10.806103921481732
의점이,-1.8959140590660244,8.910189862415708,10.806103921481732
 않아,-1.8959140590660244,8.910189862415708,10.806103921481732
",000",-1.8959140590660244,8.910189862415708,10.806103921481732
0점,-1.8959140590660244,8.910189862415708,10.806103921481732
않아,-1.8959140590660244,8.910189862415708,10.806103921481732
일로 ,-1.8959140590660244,8.910189862415708,10.806103921481732
렸어요,-1.9084750094448557,7.648425933061364,9.55690094250622
 집,-1.9117455033960233,7.981057225059921,9.892802728455944
 달,-1.9207661511119012,7.790047743893701,9.710813895005602
야겠,-1.930850627285519,8.184596774948721,10.11544740223424
 결과,-1.9319370367731565,7.491610845699292,9.423547882472448
결과,-1.9319370367731565,7.491610845699292,9.423547882472448
 신청,-1.938874891077135,6.856647106830212,8.795521997907347
신청,-1.938874891077135,6.856647106830212,8.795521997907347
중이,-1.9422677319805635,7.7685461630250385,9.710813895005602
 결,-1.9429936589902068,7.075505348470618,9.018499007460825
타 ,-1.9560725657187383,9.53821574698081,11.494288312699549
투자,-1.9560725657187383,9.53821574698081,11.494288312699549
아직 ,-1.9560725657187383,9.53821574698081,11.494288312699549
럴 ,-1.9560725657187383,9.53821574698081,11.494288312699549
아지,-1.9560725657187383,9.53821574698081,11.494288312699549
 아직 ,-1.9560725657187383,9.53821574698081,11.494288312699549
다렸어,-1.9560725657187383,9.53821574698081,11.494288312699549
 있었으,-1.9560725657187383,9.53821574698081,11.494288312699549
체크카드,-1.9560725657187383,9.53821574698081,11.494288312699549
이슈,-1.9560725657187383,9.53821574698081,11.494288312699549
아닌가요,-1.9560725657187383,9.53821574698081,11.494288312699549
저녁에 ,-1.9560725657187383,9.53821574698081,11.494288312699549
저녁에,-1.9560725657187383,9.53821574698081,11.494288312699549
 일자,-1.9560725657187383,9.53821574698081,11.494288312699549
었으면,-1.9560725657187383,9.53821574698081,11.494288312699549
과정 ,-1.9560725657187383,9.53821574698081,11.494288312699549
 저녁,-1.9560725657187383,9.53821574698081,11.494288312699549
20분,-1.9560725657187383,9.53821574698081,11.494288312699549
었으면 ,-1.9560725657187383,9.53821574698081,11.494288312699549
고해,-1.9560725657187383,9.53821574698081,11.494288312699549
긴다,-1.9560725657187383,9.53821574698081,11.494288312699549
저녁,-1.9560725657187383,9.53821574698081,11.494288312699549
 이슈,-1.9560725657187383,9.53821574698081,11.494288312699549
있어서요,-1.9560725657187383,9.53821574698081,11.494288312699549
 저녁에,-1.9560725657187383,9.53821574698081,11.494288312699549
크카드,-1.9560725657187383,9.53821574698081,11.494288312699549
있었으면,-1.9560725657187383,9.53821574698081,11.494288312699549
크카,-1.9560725657187383,9.53821574698081,11.494288312699549
기다렸어,-1.9560725657187383,9.53821574698081,11.494288312699549
 202,-1.9560725657187383,9.53821574698081,11.494288312699549
202,-1.9560725657187383,9.53821574698081,11.494288312699549
 20분,-1.9560725657187383,9.53821574698081,11.494288312699549
 체크카,-1.9560725657187383,9.53821574698081,11.494288312699549
닌가요,-1.9560725657187383,9.53821574698081,11.494288312699549
 설치,-1.9560725657187383,9.53821574698081,11.494288312699549
때?,-1.9560725657187383,9.53821574698081,11.494288312699549
때? ,-1.9560725657187383,9.53821574698081,11.494288312699549
녁에,-1.9560725657187383,9.53821574698081,11.494288312699549
않아요.,-1.9560725657187383,9.53821574698081,11.494288312699549
때마다,-1.9560725657187383,9.53821574698081,11.494288312699549
20분 ,-1.9560725657187383,9.53821574698081,11.494288312699549
있었으,-1.9560725657187383,9.53821574698081,11.494288312699549
알아보고,-1.9560725657187383,9.53821574698081,11.494288312699549
때마다 ,-1.9560725657187383,9.53821574698081,11.494288312699549
30분 ,-1.9560725657187383,9.53821574698081,11.494288312699549
체크카,-1.9560725657187383,9.53821574698081,11.494288312699549
하네,-1.9560725657187383,9.53821574698081,11.494288312699549
녁에 ,-1.9560725657187383,9.53821574698081,11.494288312699549
 과정 ,-1.9560725657187383,9.53821574698081,11.494288312699549
 투자,-1.9560725657187383,9.53821574698081,11.494288312699549
이었,-1.960410940429277,8.845692981052455,10.806103921481732
필요한 ,-1.960410940429277,8.845692981052455,10.806103921481732
과는 ,-1.960410940429277,8.845692981052455,10.806103921481732
과는,-1.960410940429277,8.845692981052455,10.806103921481732
의점,-1.960410940429277,8.845692981052455,10.806103921481732
 가서,-1.961862466964016,8.440436097827916,10.402298564791932
 주세요,-1.963680695565282,7.459867186907166,9.423547882472448
 주세,-1.963680695565282,7.459867186907166,9.423547882472448
 나 ,-1.9933514400382641,8.122095962195976,10.11544740223424
상품 ,-1.9933514400382641,8.122095962195976,10.11544740223424
합니다.,-2.0018376583976085,6.936682692630695,8.938520351028304
 상담,-2.015701355514217,7.5411995869920005,9.556900942506218
 그대로,-2.0209988198284243,8.785105101653308,10.806103921481732
이터 ,-2.0209988198284243,8.785105101653308,10.806103921481732
그대로,-2.0209988198284243,8.785105101653308,10.806103921481732
그대로 ,-2.0209988198284243,8.785105101653308,10.806103921481732
 오셔서,-2.0209988198284243,8.785105101653308,10.806103921481732
데이터 ,-2.0209988198284243,8.785105101653308,10.806103921481732
 이내,-2.0209988198284243,8.785105101653308,10.806103921481732
이내,-2.0209988198284243,8.785105101653308,10.806103921481732
운 ,-2.023195493192267,8.092251909041973,10.11544740223424
상담,-2.032505649446561,7.524395293059657,9.556900942506218
검사 ,-2.0418731361914144,8.360425428600518,10.402298564791932
이시면,-2.0418731361914144,8.360425428600518,10.402298564791932
이시면 ,-2.0418731361914144,8.360425428600518,10.402298564791932
렸어,-2.0490322196089004,7.507868722897317,9.556900942506218
정이,-2.0490322196089004,7.507868722897317,9.556900942506218
됐습,-2.058313101217866,7.834489627238078,9.892802728455944
됐습니,-2.058313101217866,7.834489627238078,9.892802728455944
됐습니다,-2.058313101217866,7.834489627238078,9.892802728455944
있을까요,-2.073716876258718,9.42057143644083,11.494288312699549
 제공,-2.073716876258718,9.42057143644083,11.494288312699549
제쯤 ,-2.073716876258718,9.42057143644083,11.494288312699549
문제 ,-2.073716876258718,9.42057143644083,11.494288312699549
민은행 ,-2.073716876258718,9.42057143644083,11.494288312699549
지에서,-2.073716876258718,9.42057143644083,11.494288312699549
 중인데,-2.073716876258718,9.42057143644083,11.494288312699549
중인데,-2.073716876258718,9.42057143644083,11.494288312699549
 있을까,-2.073716876258718,9.42057143644083,11.494288312699549
설치,-2.073716876258718,9.42057143644083,11.494288312699549
있을까,-2.073716876258718,9.42057143644083,11.494288312699549
 때마,-2.073716876258718,9.42057143644083,11.494288312699549
 증권,-2.073716876258718,9.42057143644083,11.494288312699549
음식,-2.073716876258718,9.42057143644083,11.494288312699549
58,-2.073716876258718,9.42057143644083,11.494288312699549
같고 ,-2.073716876258718,9.42057143644083,11.494288312699549
 같고 ,-2.073716876258718,9.42057143644083,11.494288312699549
 문제 ,-2.073716876258718,9.42057143644083,11.494288312699549
제공,-2.073716876258718,9.42057143644083,11.494288312699549
되도록,-2.073716876258718,9.42057143644083,11.494288312699549
마음,-2.073716876258718,9.42057143644083,11.494288312699549
되도,-2.073716876258718,9.42057143644083,11.494288312699549
항 ,-2.073716876258718,9.42057143644083,11.494288312699549
 속,-2.073716876258718,9.42057143644083,11.494288312699549
이지에서,-2.073716876258718,9.42057143644083,11.494288312699549
 될까요,-2.073716876258718,9.42057143644083,11.494288312699549
할까요?,-2.073716876258718,9.42057143644083,11.494288312699549
 야 ,-2.073716876258718,9.42057143644083,11.494288312699549
 야,-2.073716876258718,9.42057143644083,11.494288312699549
언제쯤 ,-2.073716876258718,9.42057143644083,11.494288312699549
 마음,-2.073716876258718,9.42057143644083,11.494288312699549
33,-2.073716876258718,9.42057143644083,11.494288312699549
 활,-2.0781245726085196,8.727979348873212,10.806103921481732
이들,-2.0781245726085196,8.727979348873212,10.806103921481732
신분증 ,-2.0781245726085196,8.727979348873212,10.806103921481732
 서류 ,-2.0781245726085196,8.727979348873212,10.806103921481732
쿠폰,-2.0781245726085196,8.727979348873212,10.806103921481732
분증 ,-2.0781245726085196,8.727979348873212,10.806103921481732
서류 ,-2.0781245726085196,8.727979348873212,10.806103921481732
어? ,-2.0781245726085196,8.727979348873212,10.806103921481732
어?,-2.0781245726085196,8.727979348873212,10.806103921481732
 기존,-2.0795992245353787,8.322699340256554,10.402298564791932
이라 ,-2.0795992245353787,8.322699340256554,10.402298564791932
기존,-2.0795992245353787,8.322699340256554,10.402298564791932
인트,-2.0803375718339456,8.035109830400295,10.11544740223424
련해서 ,-2.115953646002872,8.28634491878906,10.402298564791932
소가,-2.1321625699209914,8.67394135156074,10.806103921481732
 k,-2.1321625699209914,8.67394135156074,10.806103921481732
소가 ,-2.1321625699209914,8.67394135156074,10.806103921481732
류 ,-2.1321625699209914,8.67394135156074,10.806103921481732
편하,-2.1321625699209914,8.67394135156074,10.806103921481732
관련해서,-2.151032654864169,8.251265909927765,10.402298564791934
련해서,-2.151032654864169,8.251265909927765,10.402298564791934
요일,-2.1603589176917275,7.955088484542513,10.11544740223424
 도움,-2.178966397965601,9.315321914733948,11.494288312699549
있도록,-2.178966397965601,9.315321914733948,11.494288312699549
 이전,-2.178966397965601,9.315321914733948,11.494288312699549
 기준,-2.178966397965601,9.315321914733948,11.494288312699549
 어머,-2.178966397965601,9.315321914733948,11.494288312699549
 될까,-2.178966397965601,9.315321914733948,11.494288312699549
있도록 ,-2.178966397965601,9.315321914733948,11.494288312699549
급해,-2.178966397965601,9.315321914733948,11.494288312699549
 지연,-2.178966397965601,9.315321914733948,11.494288312699549
었으,-2.178966397965601,9.315321914733948,11.494288312699549
고하세요,-2.178966397965601,9.315321914733948,11.494288312699549
발급해,-2.178966397965601,9.315321914733948,11.494288312699549
고하세,-2.178966397965601,9.315321914733948,11.494288312699549
금한 ,-2.178966397965601,9.315321914733948,11.494288312699549
기준,-2.178966397965601,9.315321914733948,11.494288312699549
수고하세,-2.178966397965601,9.315321914733948,11.494288312699549
있도,-2.178966397965601,9.315321914733948,11.494288312699549
아보고 ,-2.178966397965601,9.315321914733948,11.494288312699549
어서요,-2.178966397965601,9.315321914733948,11.494288312699549
이전,-2.178966397965601,9.315321914733948,11.494288312699549
 않아요,-2.178966397965601,9.315321914733948,11.494288312699549
 발급해,-2.178966397965601,9.315321914733948,11.494288312699549
다렸,-2.178966397965601,9.315321914733948,11.494288312699549
 있도록,-2.178966397965601,9.315321914733948,11.494288312699549
지연,-2.178966397965601,9.315321914733948,11.494288312699549
1인,-2.178966397965601,9.315321914733948,11.494288312699549
기다렸,-2.178966397965601,9.315321914733948,11.494288312699549
 기다렸,-2.178966397965601,9.315321914733948,11.494288312699549
어머,-2.178966397965601,9.315321914733948,11.494288312699549
지내,-2.178966397965601,9.315321914733948,11.494288312699549
 있도,-2.178966397965601,9.315321914733948,11.494288312699549
어서요.,-2.178966397965601,9.315321914733948,11.494288312699549
해야겠,-2.178966397965601,9.315321914733948,11.494288312699549
 지내,-2.178966397965601,9.315321914733948,11.494288312699549
않아요,-2.178966397965601,9.315321914733948,11.494288312699549
궁금한 ,-2.178966397965601,9.315321914733948,11.494288312699549
때마,-2.178966397965601,9.315321914733948,11.494288312699549
아보고,-2.178966397965601,9.315321914733948,11.494288312699549
 낙,-2.178966397965601,9.315321914733948,11.494288312699549
도움,-2.178966397965601,9.315321914733948,11.494288312699549
어. ,-2.183429562016297,8.622674359465435,10.806103921481732
 상담 ,-2.183429562016297,8.622674359465435,10.806103921481732
상담 ,-2.183429562016297,8.622674359465435,10.806103921481732
게.,-2.183429562016297,8.622674359465435,10.806103921481732
게. ,-2.183429562016297,8.622674359465435,10.806103921481732
어.,-2.183429562016297,8.622674359465435,10.806103921481732
 내일 ,-2.1849227161831326,8.217375848608802,10.402298564791934
내일 ,-2.1849227161831326,8.217375848608802,10.402298564791934
문하,-2.185670317042306,7.929777085191934,10.11544740223424
됩니다.,-2.2165736130601115,6.984080437165476,9.200654050225587
"요, ",-2.2295585944768455,5.942118459803854,8.1716770542807
"요,",-2.2295585944768455,5.942118459803854,8.1716770542807
앞에,-2.2321959282775623,8.57390799320417,10.806103921481732
앞에 ,-2.2321959282775623,8.57390799320417,10.806103921481732
 앞에 ,-2.2321959282775623,8.57390799320417,10.806103921481732
 앞에,-2.2321959282775623,8.57390799320417,10.806103921481732
 중이,-2.2321959282775623,8.57390799320417,10.806103921481732
가족,-2.2321959282775623,8.57390799320417,10.806103921481732
하시겠,-2.2321959282775623,8.57390799320417,10.806103921481732
t ,-2.2321959282775623,8.57390799320417,10.806103921481732
기사,-2.234448579354453,7.880998822879787,10.11544740223424
렸어요.,-2.2443767953945803,7.648425933061364,9.892802728455944
 완,-2.2494404107126282,8.152858154079306,10.402298564791934
요청하,-2.2741857553730593,9.22010255732649,11.494288312699549
 돌,-2.2741857553730593,9.22010255732649,11.494288312699549
하냐고,-2.2741857553730593,9.22010255732649,11.494288312699549
 출금,-2.2741857553730593,9.22010255732649,11.494288312699549
증권,-2.2741857553730593,9.22010255732649,11.494288312699549
 드려,-2.2741857553730593,9.22010255732649,11.494288312699549
 요청하,-2.2741857553730593,9.22010255732649,11.494288312699549
배입,-2.2741857553730593,9.22010255732649,11.494288312699549
해주셔서,-2.2741857553730593,9.22010255732649,11.494288312699549
정이라,-2.2786943089590235,8.527409612522709,10.806103921481732
발송 ,-2.2786943089590235,8.527409612522709,10.806103921481732
실에,-2.2786943089590235,8.527409612522709,10.806103921481732
실에 ,-2.2786943089590235,8.527409612522709,10.806103921481732
 상품 ,-2.280202602595958,8.122095962195976,10.402298564791934
 교,-2.2809577749961623,7.834489627238078,10.11544740223424
방문,-2.2814112072822326,7.6113915211737115,9.892802728455944
 방문,-2.2814112072822326,7.6113915211737115,9.892802728455944
 항,-2.310046655749961,8.092251909041973,10.402298564791934
려요,-2.310046655749961,8.092251909041973,10.402298564791934
품 ,-2.3325670382875394,7.224333904218678,9.556900942506218
환불,-2.3390257916974306,8.063272773094504,10.402298564791934
 환불,-2.3390257916974306,8.063272773094504,10.402298564791934
 감,-2.34804253400183,7.075505348470618,9.423547882472448
클리,-2.361121440730363,9.133166871969186,11.494288312699549
쿠폰 ,-2.361121440730363,9.133166871969186,11.494288312699549
편 ,-2.361121440730363,9.133166871969186,11.494288312699549
오래,-2.361121440730363,9.133166871969186,11.494288312699549
이사,-2.361121440730363,9.133166871969186,11.494288312699549
 가니,-2.361121440730363,9.133166871969186,11.494288312699549
장해,-2.361121440730363,9.133166871969186,11.494288312699549
 오래,-2.361121440730363,9.133166871969186,11.494288312699549
이들 ,-2.361121440730363,9.133166871969186,11.494288312699549
기간이,-2.361121440730363,9.133166871969186,11.494288312699549
 택,-2.3656678236538156,8.440436097827916,10.806103921481732
연락드렸,-2.3687123852052974,7.342101509800303,9.7108138950056
락드렸,-2.3687123852052974,7.342101509800303,9.7108138950056
체 ,-2.406473158310181,8.399630763171551,10.806103921481732
오전 ,-2.4212413397320134,7.981057225059921,10.402298564791934
 오전 ,-2.4212413397320134,7.981057225059921,10.402298564791934
외 ,-2.4411000971628845,9.053188215536665,11.494288312699549
하자.,-2.4411000971628845,9.053188215536665,11.494288312699549
통화하,-2.4411000971628845,9.053188215536665,11.494288312699549
월요일,-2.4411000971628845,9.053188215536665,11.494288312699549
월요,-2.4411000971628845,9.053188215536665,11.494288312699549
가겠습,-2.4411000971628845,9.053188215536665,11.494288312699549
 다녀,-2.4411000971628845,9.053188215536665,11.494288312699549
싶은데,-2.4411000971628845,9.053188215536665,11.494288312699549
가겠습니,-2.4411000971628845,9.053188215536665,11.494288312699549
다녀,-2.4411000971628845,9.053188215536665,11.494288312699549
 싶은데,-2.4411000971628845,9.053188215536665,11.494288312699549
정인데요,-2.4411000971628845,9.053188215536665,11.494288312699549
 통화하,-2.4411000971628845,9.053188215536665,11.494288312699549
방 ,-2.4411000971628845,9.053188215536665,11.494288312699549
정인데,-2.4411000971628845,9.053188215536665,11.494288312699549
 월요일,-2.4411000971628845,9.053188215536665,11.494288312699549
 월요,-2.4411000971628845,9.053188215536665,11.494288312699549
정인,-2.4411000971628845,9.053188215536665,11.494288312699549
하자. ,-2.4411000971628845,9.053188215536665,11.494288312699549
매장,-2.445678492881214,8.360425428600518,10.806103921481732
락드렸는,-2.445678492881214,8.360425428600518,10.806103921481732
 맞나,-2.445678492881214,8.360425428600518,10.806103921481732
 맞나요,-2.445678492881214,8.360425428600518,10.806103921481732
 매장,-2.445678492881214,8.360425428600518,10.806103921481732
 검사 ,-2.445678492881214,8.360425428600518,10.806103921481732
맞나,-2.445678492881214,8.360425428600518,10.806103921481732
맞나요,-2.445678492881214,8.360425428600518,10.806103921481732
맞나요?,-2.445678492881214,8.360425428600518,10.806103921481732
드렸어,-2.4479769019581434,7.667470500276097,10.11544740223424
드렸어요,-2.4479769019581434,7.667470500276097,10.11544740223424
네요,-2.472171855529716,6.728482194695873,9.20065405022559
립니,-2.4834045812251784,8.322699340256554,10.806103921481732
립니다,-2.4834045812251784,8.322699340256554,10.806103921481732
렸는데요,-2.4834045812251784,8.322699340256554,10.806103921481732
 길,-2.4834045812251784,8.322699340256554,10.806103921481732
주셔서 ,-2.515153164987387,8.979135147712162,11.494288312699549
 제품 ,-2.515153164987387,8.979135147712162,11.494288312699549
하나요?,-2.515153164987387,8.979135147712162,11.494288312699549
하나요,-2.515153164987387,8.979135147712162,11.494288312699549
 이동 ,-2.515153164987387,8.979135147712162,11.494288312699549
같습니다,-2.515153164987387,8.979135147712162,11.494288312699549
수됐습,-2.515153164987387,8.979135147712162,11.494288312699549
수됐습니,-2.515153164987387,8.979135147712162,11.494288312699549
같습니,-2.515153164987387,8.979135147712162,11.494288312699549
같습,-2.515153164987387,8.979135147712162,11.494288312699549
주셔서,-2.515153164987387,8.979135147712162,11.494288312699549
이동 ,-2.515153164987387,8.979135147712162,11.494288312699549
 새 ,-2.515153164987387,8.979135147712162,11.494288312699549
상품은 ,-2.515153164987387,8.979135147712162,11.494288312699549
상품은,-2.515153164987387,8.979135147712162,11.494288312699549
 같습니,-2.515153164987387,8.979135147712162,11.494288312699549
 상품은,-2.515153164987387,8.979135147712162,11.494288312699549
원하,-2.515153164987387,8.979135147712162,11.494288312699549
 가겠,-2.515153164987387,8.979135147712162,11.494288312699549
제품 ,-2.515153164987387,8.979135147712162,11.494288312699549
 같습,-2.515153164987387,8.979135147712162,11.494288312699549
가능한,-2.5197590026926715,8.28634491878906,10.806103921481732
 가능한,-2.5197590026926715,8.28634491878906,10.806103921481732
동안 ,-2.5197590026926715,8.28634491878906,10.806103921481732
능한,-2.5197590026926715,8.28634491878906,10.806103921481732
 오전,-2.521299741912147,7.880998822879787,10.402298564791934
오전,-2.521299741912147,7.880998822879787,10.402298564791934
 안내,-2.5448247035265013,7.857473861265433,10.402298564791934
안내,-2.5448247035265013,7.857473861265433,10.402298564791934
집에,-2.554838011553967,8.251265909927765,10.806103921481732
제품,-2.554838011553967,8.251265909927765,10.806103921481732
새 ,-2.5840984502838396,8.910189862415708,11.494288312699547
00점,-2.5840984502838396,8.910189862415708,11.494288312699547
은행입,-2.5840984502838396,8.910189862415708,11.494288312699547
은행입니,-2.5840984502838396,8.910189862415708,11.494288312699547
가니,-2.5840984502838396,8.910189862415708,11.494288312699547
나오실,-2.5840984502838396,8.910189862415708,11.494288312699547
나오실 ,-2.5840984502838396,8.910189862415708,11.494288312699547
문의 ,-2.5840984502838396,8.910189862415708,11.494288312699547
십 ,-2.5840984502838396,8.910189862415708,11.494288312699547
 올 ,-2.5840984502838396,8.910189862415708,11.494288312699547
송하,-2.5840984502838396,8.910189862415708,11.494288312699547
왔는데 ,-2.5840984502838396,8.910189862415708,11.494288312699547
하러,-2.5840984502838396,8.910189862415708,11.494288312699547
 나오실,-2.5840984502838396,8.910189862415708,11.494288312699547
하러 ,-2.5840984502838396,8.910189862415708,11.494288312699547
오는 ,-2.6215071465330126,8.184596774948721,10.806103921481734
서요.,-2.6337524017668956,7.7685461630250385,10.402298564791934
서요. ,-2.6337524017668956,7.7685461630250385,10.402298564791934
행입,-2.6485953316470923,8.845692981052455,11.494288312699547
 편의,-2.6485953316470923,8.845692981052455,11.494288312699547
행입니,-2.6485953316470923,8.845692981052455,11.494288312699547
 시 ,-2.6485953316470923,8.845692981052455,11.494288312699547
이용해,-2.6485953316470923,8.845692981052455,11.494288312699547
편의,-2.6485953316470923,8.845692981052455,11.494288312699547
 이용해,-2.6485953316470923,8.845692981052455,11.494288312699547
행입니다,-2.6485953316470923,8.845692981052455,11.494288312699547
 완료,-2.653245767402428,8.152858154079306,10.806103921481734
000,-2.695615042161668,7.706683522630266,10.402298564791934
죄송합,-2.7091832110462395,8.785105101653308,11.494288312699547
송합니다,-2.7091832110462395,8.785105101653308,11.494288312699547
 차 ,-2.7091832110462395,8.785105101653308,11.494288312699547
 죄송합,-2.7091832110462395,8.785105101653308,11.494288312699547
죄송합니,-2.7091832110462395,8.785105101653308,11.494288312699547
 방문해,-2.7091832110462395,8.785105101653308,11.494288312699547
 맡,-2.7091832110462395,8.785105101653308,11.494288312699547
송합,-2.7091832110462395,8.785105101653308,11.494288312699547
방문해,-2.7091832110462395,8.785105101653308,11.494288312699547
송합니,-2.7091832110462395,8.785105101653308,11.494288312699547
려요.,-2.7138520124397605,8.092251909041973,10.806103921481734
드려요.,-2.7138520124397605,8.092251909041973,10.806103921481734
드려요,-2.7138520124397605,8.092251909041973,10.806103921481734
려요. ,-2.7138520124397605,8.092251909041973,10.806103921481734
 배,-2.717500342605116,6.588403229327356,9.305903571932472
사입,-2.7428311483872303,8.063272773094504,10.806103921481734
사입니,-2.7428311483872303,8.063272773094504,10.806103921481734
사입니다,-2.7428311483872303,8.063272773094504,10.806103921481734
용해,-2.7663089638263347,8.727979348873212,11.494288312699547
 자동,-2.7663089638263347,8.727979348873212,11.494288312699547
자동,-2.7663089638263347,8.727979348873212,11.494288312699547
시려면 ,-2.7663089638263347,8.727979348873212,11.494288312699547
시려면,-2.7663089638263347,8.727979348873212,11.494288312699547
족 ,-2.7663089638263347,8.727979348873212,11.494288312699547
가족 ,-2.7663089638263347,8.727979348873212,11.494288312699547
네요. ,-2.7663881685476133,6.790512773958606,9.55690094250622
네요.,-2.7663881685476133,6.790512773958606,9.55690094250622
완료,-2.7709940910814392,8.035109830400295,10.806103921481734
문해,-2.8203469611388066,8.67394135156074,11.494288312699547
한가요?,-2.8203469611388066,8.67394135156074,11.494288312699547
한가요,-2.8203469611388066,8.67394135156074,11.494288312699547
 날 ,-2.8203469611388066,8.67394135156074,11.494288312699547
려서,-2.8203469611388066,8.67394135156074,11.494288312699547
능한가,-2.8203469611388066,8.67394135156074,11.494288312699547
능한가요,-2.8203469611388066,8.67394135156074,11.494288312699547
가능한가,-2.8203469611388066,8.67394135156074,11.494288312699547
 줄게,-2.871613953234112,8.622674359465435,11.494288312699547
으니 ,-2.871613953234112,8.622674359465435,11.494288312699547
품은 ,-2.871613953234112,8.622674359465435,11.494288312699547
품은,-2.871613953234112,8.622674359465435,11.494288312699547
지하,-2.871613953234112,8.622674359465435,11.494288312699547
줄게,-2.871613953234112,8.622674359465435,11.494288312699547
 구매,-2.8944298418946133,7.507868722897317,10.40229856479193
구매,-2.8944298418946133,7.507868722897317,10.40229856479193
문의,-2.9010133528246236,7.90509056865711,10.806103921481734
오실,-2.9010133528246236,7.90509056865711,10.806103921481734
오실 ,-2.9010133528246236,7.90509056865711,10.806103921481734
 정기,-2.9203803194953775,8.57390799320417,11.494288312699547
요일 ,-2.9203803194953775,8.57390799320417,11.494288312699547
정기,-2.9203803194953775,8.57390799320417,11.494288312699547
하시겠어,-2.9203803194953775,8.57390799320417,11.494288312699547
 같아서,-2.9668787001768386,8.527409612522709,11.494288312699547
같아서,-2.9668787001768386,8.527409612522709,11.494288312699547
가까,-2.9668787001768386,8.527409612522709,11.494288312699547
 가까,-2.9668787001768386,8.527409612522709,11.494288312699547
 l,-3.011310708685743,8.482977604013804,11.494288312699547
안녕하,-3.0336212355743575,6.6771926594312445,9.710813895005602
녕하,-3.0336212355743575,6.6771926594312445,9.710813895005602
 안녕,-3.0336212355743575,6.6771926594312445,9.710813895005602
 안녕하,-3.0336212355743575,6.6771926594312445,9.710813895005602
안녕,-3.0336212355743575,6.6771926594312445,9.710813895005602
감사,-3.03994205376362,7.075505348470618,10.115447402234238
 감사,-3.03994205376362,7.075505348470618,10.115447402234238
집에 ,-3.0538522148716307,8.440436097827916,11.494288312699547
 집에 ,-3.0538522148716307,8.440436097827916,11.494288312699547
"고, ",-3.0586067359635045,7.747497185518229,10.806103921481734
"고,",-3.0586067359635045,7.747497185518229,10.806103921481734
오후 ,-3.094657549527996,8.399630763171551,11.494288312699547
 오후 ,-3.094657549527996,8.399630763171551,11.494288312699547
 지참,-3.1338628840990292,8.360425428600518,11.494288312699547
지참,-3.1338628840990292,8.360425428600518,11.494288312699547
마일,-3.1338628840990292,8.360425428600518,11.494288312699547
중이시,-3.1338628840990292,8.360425428600518,11.494288312699547
"데요, ",-3.1529664834654945,7.249332081326436,10.40229856479193
"데요,",-3.1529664834654945,7.249332081326436,10.40229856479193
립니다.,-3.1715889724429935,8.322699340256554,11.494288312699547
탁드립니,-3.1715889724429935,8.322699340256554,11.494288312699547
부탁드립,-3.1715889724429935,8.322699340256554,11.494288312699547
드립니다,-3.1715889724429935,8.322699340256554,11.494288312699547
 오후,-3.1715889724429935,8.322699340256554,11.494288312699547
드립니,-3.1715889724429935,8.322699340256554,11.494288312699547
오후,-3.1715889724429935,8.322699340256554,11.494288312699547
드립,-3.1715889724429935,8.322699340256554,11.494288312699547
리지,-3.1715889724429935,8.322699340256554,11.494288312699547
탁드립,-3.1715889724429935,8.322699340256554,11.494288312699547
 편,-3.1947124003080223,7.6113915211737115,10.806103921481734
 왔는,-3.2079433939104867,8.28634491878906,11.494288312699547
 왔는데,-3.2079433939104867,8.28634491878906,11.494288312699547
 학,-3.2079433939104867,8.28634491878906,11.494288312699547
안녕하세,-3.2084420933838693,6.684360635072077,9.892802728455946
녕하세,-3.2084420933838693,6.684360635072077,9.892802728455946
녕하세요,-3.2084420933838693,6.684360635072077,9.892802728455946
달 ,-3.230424104464146,7.575679817017588,10.806103921481734
"는데요,",-3.230424104464146,7.575679817017588,10.806103921481734
사합니다,-3.237855625294241,7.16444293949769,10.40229856479193
감사합,-3.237855625294241,7.16444293949769,10.40229856479193
사합니,-3.237855625294241,7.16444293949769,10.40229856479193
감사합니,-3.237855625294241,7.16444293949769,10.40229856479193
 감사합,-3.237855625294241,7.16444293949769,10.40229856479193
사합,-3.237855625294241,7.16444293949769,10.40229856479193
 달 ,-3.243022402771782,8.251265909927765,11.494288312699547
 제품,-3.243022402771782,8.251265909927765,11.494288312699547
다음 ,-3.243022402771782,8.251265909927765,11.494288312699547
 집에,-3.243022402771782,8.251265909927765,11.494288312699547
 다음 ,-3.243022402771782,8.251265909927765,11.494288312699547
한가,-3.2769124640907457,8.217375848608802,11.494288312699547
겠네요.,-3.5891977440424405,7.90509056865711,11.49428831269955
송 ,-3.653220467998585,7.152883453483145,10.80610392148173
왔는데,-3.682266491943314,7.812021820756237,11.49428831269955
겠네요,-3.70424056880585,7.790047743893701,11.49428831269955
왔는,-3.70424056880585,7.790047743893701,11.49428831269955
겠네,-3.70424056880585,7.790047743893701,11.49428831269955
"보세요,",-3.70424056880585,7.790047743893701,11.49428831269955
 주문,-3.7674061635599285,7.726882149139622,11.49428831269955
 변경,-3.7876047900692846,7.706683522630266,11.49428831269955
주문,-3.7876047900692846,7.706683522630266,11.49428831269955
변경,-3.7876047900692846,7.706683522630266,11.49428831269955
"고요, ",-3.7876047900692846,7.706683522630266,11.49428831269955
"고요,",-3.7876047900692846,7.706683522630266,11.49428831269955
청하,-3.792467594409077,7.013636327072653,10.80610392148173
"세요, ",-3.8648585315877053,6.537440033204231,10.402298564791936
"세요,",-3.8648585315877053,6.537440033204231,10.402298564791936
청하신,-4.16597822270646,7.328310089993083,11.494288312699544
신청하신,-4.16597822270646,7.328310089993083,11.494288312699544
청하신 ,-4.16597822270646,7.328310089993083,11.494288312699544
신청하,-4.364130527609306,7.130157785090238,11.494288312699544
 신청하,-4.364130527609306,7.130157785090238,11.494288312699544
센터,-4.397279071432735,7.097009241266808,11.494288312699544
예정,-4.4293639538571234,7.06492435884242,11.494288312699544
 예정,-4.4293639538571234,7.06492435884242,11.494288312699544
이었습,-4.500452652332898,11.60895617720791,16.109408829540808
이었습니,-4.500452652332898,11.60895617720791,16.109408829540808
 보기 ,-4.500452652332898,11.60895617720791,16.109408829540808
 차량으,-4.500452652332898,11.60895617720791,16.109408829540808
차량으,-4.500452652332898,11.60895617720791,16.109408829540808
차량으로,-4.500452652332898,11.60895617720791,16.109408829540808
 보기,-4.500452652332898,11.60895617720791,16.109408829540808
제네,-4.500452652332898,11.60895617720791,16.109408829540808
 모하비,-4.500452652332898,11.60895617720791,16.109408829540808
담원입,-4.500452652332898,11.60895617720791,16.109408829540808
100%,-4.500452652332898,11.60895617720791,16.109408829540808
 배워,-4.500452652332898,11.60895617720791,16.109408829540808
배워,-4.500452652332898,11.60895617720791,16.109408829540808
건가요 ,-4.500452652332898,11.60895617720791,16.109408829540808
동이었습,-4.500452652332898,11.60895617720791,16.109408829540808
 모하,-4.500452652332898,11.60895617720791,16.109408829540808
 cs,-4.500452652332898,11.60895617720791,16.109408829540808
쉬운,-4.500452652332898,11.60895617720791,16.109408829540808
 뜨던,-4.500452652332898,11.60895617720791,16.109408829540808
그인하고,-4.500452652332898,11.60895617720791,16.109408829540808
하비 ,-4.500452652332898,11.60895617720791,16.109408829540808
길동이,-4.500452652332898,11.60895617720791,16.109408829540808
제네시스,-4.500452652332898,11.60895617720791,16.109408829540808
 저/ ,-4.500452652332898,11.60895617720791,16.109408829540808
리비 ,-4.500452652332898,11.60895617720791,16.109408829540808
 저/,-4.500452652332898,11.60895617720791,16.109408829540808
량으로 ,-4.500452652332898,11.60895617720791,16.109408829540808
저/ ,-4.500452652332898,11.60895617720791,16.109408829540808
그인하,-4.500452652332898,11.60895617720791,16.109408829540808
제네시,-4.500452652332898,11.60895617720791,16.109408829540808
관리비 ,-4.500452652332898,11.60895617720791,16.109408829540808
노트,-4.500452652332898,11.60895617720791,16.109408829540808
 상담을,-4.500452652332898,11.60895617720791,16.109408829540808
운전,-4.500452652332898,11.60895617720791,16.109408829540808
동이었,-4.500452652332898,11.60895617720791,16.109408829540808
 노트북,-4.500452652332898,11.60895617720791,16.109408829540808
네시,-4.500452652332898,11.60895617720791,16.109408829540808
길동이었,-4.500452652332898,11.60895617720791,16.109408829540808
네시스,-4.500452652332898,11.60895617720791,16.109408829540808
담원입니,-4.500452652332898,11.60895617720791,16.109408829540808
이죠.,-4.500452652332898,11.60895617720791,16.109408829540808
 제네시,-4.500452652332898,11.60895617720791,16.109408829540808
이죠. ,-4.500452652332898,11.60895617720791,16.109408829540808
상담을 ,-4.500452652332898,11.60895617720791,16.109408829540808
북이,-4.500452652332898,11.60895617720791,16.109408829540808
 제네,-4.500452652332898,11.60895617720791,16.109408829540808
 노트,-4.500452652332898,11.60895617720791,16.109408829540808
모하비,-4.500452652332898,11.60895617720791,16.109408829540808
상담원입,-4.500452652332898,11.60895617720791,16.109408829540808
상담을,-4.500452652332898,11.60895617720791,16.109408829540808
 설치 ,-4.500452652332898,11.60895617720791,16.109408829540808
00% ,-4.500452652332898,11.60895617720791,16.109408829540808
북이 ,-4.500452652332898,11.60895617720791,16.109408829540808
량으,-4.500452652332898,11.60895617720791,16.109408829540808
글 ,-4.500452652332898,11.60895617720791,16.109408829540808
량으로,-4.500452652332898,11.60895617720791,16.109408829540808
운전면,-4.500452652332898,11.60895617720791,16.109408829540808
저/,-4.500452652332898,11.60895617720791,16.109408829540808
00%,-4.500452652332898,11.60895617720791,16.109408829540808
홍길동이,-4.500452652332898,11.60895617720791,16.109408829540808
운전면허,-4.500452652332898,11.60895617720791,16.109408829540808
노트북,-4.500452652332898,11.60895617720791,16.109408829540808
트북,-4.500452652332898,11.60895617720791,16.109408829540808
하비,-4.500452652332898,11.60895617720791,16.109408829540808
"하세요,",-4.6204008857429555,6.873887426956588,11.494288312699544
걸릴,-5.1886370435507345,10.920771785990095,16.10940882954083
 필수,-5.1886370435507345,10.920771785990095,16.10940882954083
로그인,-5.1886370435507345,10.920771785990095,16.10940882954083
 걸릴 ,-5.1886370435507345,10.920771785990095,16.10940882954083
2자,-5.1886370435507345,10.920771785990095,16.10940882954083
제된,-5.1886370435507345,10.920771785990095,16.10940882954083
 그렇고,-5.1886370435507345,10.920771785990095,16.10940882954083
 16,-5.1886370435507345,10.920771785990095,16.10940882954083
도해,-5.1886370435507345,10.920771785990095,16.10940882954083
 맞죠,-5.1886370435507345,10.920771785990095,16.10940882954083
관리비,-5.1886370435507345,10.920771785990095,16.10940882954083
 걸릴,-5.1886370435507345,10.920771785990095,16.10940882954083
걸릴 ,-5.1886370435507345,10.920771785990095,16.10940882954083
 한자 ,-5.1886370435507345,10.920771785990095,16.10940882954083
 맞죠?,-5.1886370435507345,10.920771785990095,16.10940882954083
맞죠,-5.1886370435507345,10.920771785990095,16.10940882954083
 @,-5.1886370435507345,10.920771785990095,16.10940882954083
 복잡,-5.1886370435507345,10.920771785990095,16.10940882954083
 귀,-5.1886370435507345,10.920771785990095,16.10940882954083
시도해 ,-5.1886370435507345,10.920771785990095,16.10940882954083
시도해,-5.1886370435507345,10.920771785990095,16.10940882954083
 주셔서,-5.1886370435507345,10.920771785990095,16.10940882954083
학습기기,-5.1886370435507345,10.920771785990095,16.10940882954083
그렇고 ,-5.1886370435507345,10.920771785990095,16.10940882954083
 시도해,-5.1886370435507345,10.920771785990095,16.10940882954083
 2자,-5.1886370435507345,10.920771785990095,16.10940882954083
학원,-5.1886370435507345,10.920771785990095,16.10940882954083
학습기,-5.1886370435507345,10.920771785990095,16.10940882954083
그인,-5.1886370435507345,10.920771785990095,16.10940882954083
기기,-5.1886370435507345,10.920771785990095,16.10940882954083
길동,-5.1886370435507345,10.920771785990095,16.10940882954083
필수,-5.1886370435507345,10.920771785990095,16.10940882954083
 봐주세,-5.1886370435507345,10.920771785990095,16.10940882954083
배정,-5.1886370435507345,10.920771785990095,16.10940882954083
한자 ,-5.1886370435507345,10.920771785990095,16.10940882954083
 홍길,-5.1886370435507345,10.920771785990095,16.10940882954083
요소,-5.1886370435507345,10.920771785990095,16.10940882954083
리비,-5.1886370435507345,10.920771785990095,16.10940882954083
 년,-5.1886370435507345,10.920771785990095,16.10940882954083
 배정,-5.1886370435507345,10.920771785990095,16.10940882954083
 로그인,-5.1886370435507345,10.920771785990095,16.10940882954083
 1 ,-5.1886370435507345,10.920771785990095,16.10940882954083
시스템,-5.1886370435507345,10.920771785990095,16.10940882954083
 교육,-5.1886370435507345,10.920771785990095,16.10940882954083
시로,-5.1886370435507345,10.920771785990095,16.10940882954083
리에,-5.1886370435507345,10.920771785990095,16.10940882954083
시로 ,-5.1886370435507345,10.920771785990095,16.10940882954083
리에서,-5.1886370435507345,10.920771785990095,16.10940882954083
봐주세,-5.1886370435507345,10.920771785990095,16.10940882954083
봐주세요,-5.1886370435507345,10.920771785990095,16.10940882954083
 관리비,-5.1886370435507345,10.920771785990095,16.10940882954083
 홍길동,-5.1886370435507345,10.920771785990095,16.10940882954083
설치 ,-5.1886370435507345,10.920771785990095,16.10940882954083
습기기,-5.1886370435507345,10.920771785990095,16.10940882954083
그렇고,-5.1886370435507345,10.920771785990095,16.10940882954083
스템,-5.1886370435507345,10.920771785990095,16.10940882954083
 수학,-5.1886370435507345,10.920771785990095,16.10940882954083
습기,-5.1886370435507345,10.920771785990095,16.10940882954083
하교,-5.1886370435507345,10.920771785990095,16.10940882954083
수학,-5.1886370435507345,10.920771785990095,16.10940882954083
홍길동,-5.1886370435507345,10.920771785990095,16.10940882954083
1000,-5.1886370435507345,10.920771785990095,16.10940882954083
홍길,-5.1886370435507345,10.920771785990095,16.10940882954083
 학습기,-5.1886370435507345,10.920771785990095,16.10940882954083
렇군요 ,-5.1886370435507345,10.920771785990095,16.10940882954083
렇고 ,-5.1886370435507345,10.920771785990095,16.10940882954083
 내려,-5.1886370435507345,10.920771785990095,16.10940882954083
렇고,-5.1886370435507345,10.920771785990095,16.10940882954083
 학원,-5.1886370435507345,10.920771785990095,16.10940882954083
수료,-5.592442400240536,10.516966429300293,16.10940882954083
성적,-5.592442400240536,10.516966429300293,16.10940882954083
시스,-5.592442400240536,10.516966429300293,16.10940882954083
수수료,-5.592442400240536,10.516966429300293,16.10940882954083
로그,-5.592442400240536,10.516966429300293,16.10940882954083
구도,-5.592442400240536,10.516966429300293,16.10940882954083
수령하,-5.592442400240536,10.516966429300293,16.10940882954083
수금,-5.592442400240536,10.516966429300293,16.10940882954083
되네요,-5.592442400240536,10.516966429300293,16.10940882954083
아파,-5.592442400240536,10.516966429300293,16.10940882954083
 로그,-5.592442400240536,10.516966429300293,16.10940882954083
되네,-5.592442400240536,10.516966429300293,16.10940882954083
입할,-5.592442400240536,10.516966429300293,16.10940882954083
 통합 ,-5.592442400240536,10.516966429300293,16.10940882954083
입할 ,-5.592442400240536,10.516966429300293,16.10940882954083
 아파,-5.592442400240536,10.516966429300293,16.10940882954083
 통합,-5.592442400240536,10.516966429300293,16.10940882954083
 아파트,-5.592442400240536,10.516966429300293,16.10940882954083
아파트,-5.592442400240536,10.516966429300293,16.10940882954083
아파트 ,-5.592442400240536,10.516966429300293,16.10940882954083
1시 ,-5.592442400240536,10.516966429300293,16.10940882954083
기부,-5.592442400240536,10.516966429300293,16.10940882954083
 수령하,-5.592442400240536,10.516966429300293,16.10940882954083
 수수료,-5.592442400240536,10.516966429300293,16.10940882954083
구나.,-5.592442400240536,10.516966429300293,16.10940882954083
령하,-5.592442400240536,10.516966429300293,16.10940882954083
파트 ,-5.592442400240536,10.516966429300293,16.10940882954083
합 ,-5.592442400240536,10.516966429300293,16.10940882954083
구도 ,-5.592442400240536,10.516966429300293,16.10940882954083
강의 ,-5.592442400240536,10.516966429300293,16.10940882954083
 기부,-5.592442400240536,10.516966429300293,16.10940882954083
 강의 ,-5.592442400240536,10.516966429300293,16.10940882954083
구나. ,-5.592442400240536,10.516966429300293,16.10940882954083
돌려,-5.592442400240536,10.516966429300293,16.10940882954083
파트,-5.592442400240536,10.516966429300293,16.10940882954083
 홍,-5.592442400240536,10.516966429300293,16.10940882954083
워요.,-5.592442400240536,10.516966429300293,16.10940882954083
 받을,-5.592442400240536,10.516966429300293,16.10940882954083
 집 ,-5.592442400240536,10.516966429300293,16.10940882954083
 받을 ,-5.592442400240536,10.516966429300293,16.10940882954083
 돌려,-5.592442400240536,10.516966429300293,16.10940882954083
화드렸어,-5.592442400240536,10.516966429300293,16.10940882954083
가입할 ,-5.592442400240536,10.516966429300293,16.10940882954083
가입할,-5.592442400240536,10.516966429300293,16.10940882954083
 발생이,-5.592442400240536,10.516966429300293,16.10940882954083
통합,-5.592442400240536,10.516966429300293,16.10940882954083
통합 ,-5.592442400240536,10.516966429300293,16.10940882954083
워요. ,-5.592442400240536,10.516966429300293,16.10940882954083
교육,-5.879293562798228,10.230115266742601,16.10940882954083
 오성,-5.879293562798228,10.230115266742601,16.10940882954083
능하다는,-5.879293562798228,10.230115266742601,16.10940882954083
 오성 ,-5.879293562798228,10.230115266742601,16.10940882954083
 봐요,-5.879293562798228,10.230115266742601,16.10940882954083
그러고 ,-5.879293562798228,10.230115266742601,16.10940882954083
없으신가,-5.879293562798228,10.230115266742601,16.10940882954083
증권사,-5.879293562798228,10.230115266742601,16.10940882954083
 그러고,-5.879293562798228,10.230115266742601,16.10940882954083
 필요 ,-5.879293562798228,10.230115266742601,16.10940882954083
 느,-5.879293562798228,10.230115266742601,16.10940882954083
 혜,-5.879293562798228,10.230115266742601,16.10940882954083
늦게,-5.879293562798228,10.230115266742601,16.10940882954083
늦게 ,-5.879293562798228,10.230115266742601,16.10940882954083
스트,-5.879293562798228,10.230115266742601,16.10940882954083
 혜택,-5.879293562798228,10.230115266742601,16.10940882954083
대체,-5.879293562798228,10.230115266742601,16.10940882954083
 혜택이,-5.879293562798228,10.230115266742601,16.10940882954083
그러고,-5.879293562798228,10.230115266742601,16.10940882954083
필요 ,-5.879293562798228,10.230115266742601,16.10940882954083
워서,-5.879293562798228,10.230115266742601,16.10940882954083
오성,-5.879293562798228,10.230115266742601,16.10940882954083
 잃,-5.879293562798228,10.230115266742601,16.10940882954083
보내드렸,-5.879293562798228,10.230115266742601,16.10940882954083
 5성,-5.879293562798228,10.230115266742601,16.10940882954083
 5성 ,-5.879293562798228,10.230115266742601,16.10940882954083
오지를 ,-5.879293562798228,10.230115266742601,16.10940882954083
오지를,-5.879293562798228,10.230115266742601,16.10940882954083
청할,-5.879293562798228,10.230115266742601,16.10940882954083
러고 ,-5.879293562798228,10.230115266742601,16.10940882954083
오성 ,-5.879293562798228,10.230115266742601,16.10940882954083
신청할,-5.879293562798228,10.230115266742601,16.10940882954083
돌아오지,-5.879293562798228,10.230115266742601,16.10940882954083
오류가 ,-5.879293562798228,10.230115266742601,16.10940882954083
 지방,-5.879293562798228,10.230115266742601,16.10940882954083
권사,-5.879293562798228,10.230115266742601,16.10940882954083
 신청할,-5.879293562798228,10.230115266742601,16.10940882954083
치하,-5.879293562798228,10.230115266742601,16.10940882954083
5성,-5.879293562798228,10.230115266742601,16.10940882954083
 증권사,-5.879293562798228,10.230115266742601,16.10940882954083
싶어,-5.879293562798228,10.230115266742601,16.10940882954083
립금 ,-5.879293562798228,10.230115266742601,16.10940882954083
 오류가,-5.879293562798228,10.230115266742601,16.10940882954083
 잃어버,-5.879293562798228,10.230115266742601,16.10940882954083
 강의,-5.879293562798228,10.230115266742601,16.10940882954083
들어오는,-5.879293562798228,10.230115266742601,16.10940882954083
적립금 ,-5.879293562798228,10.230115266742601,16.10940882954083
편이 ,-5.879293562798228,10.230115266742601,16.10940882954083
 설치하,-5.879293562798228,10.230115266742601,16.10940882954083
있네요,-5.879293562798228,10.230115266742601,16.10940882954083
어오는 ,-5.879293562798228,10.230115266742601,16.10940882954083
어오는,-5.879293562798228,10.230115266742601,16.10940882954083
있네요.,-5.879293562798228,10.230115266742601,16.10940882954083
강의,-5.879293562798228,10.230115266742601,16.10940882954083
 대체,-5.879293562798228,10.230115266742601,16.10940882954083
 상한,-5.879293562798228,10.230115266742601,16.10940882954083
23,-5.879293562798228,10.230115266742601,16.10940882954083
 상한 ,-5.879293562798228,10.230115266742601,16.10940882954083
 잃어,-5.879293562798228,10.230115266742601,16.10940882954083
 에,-5.879293562798228,10.230115266742601,16.10940882954083
5성 ,-5.879293562798228,10.230115266742601,16.10940882954083
설치하,-5.879293562798228,10.230115266742601,16.10940882954083
있게,-6.101938236576524,10.007470592964305,16.10940882954083
런가,-6.101938236576524,10.007470592964305,16.10940882954083
런가 ,-6.101938236576524,10.007470592964305,16.10940882954083
초과,-6.101938236576524,10.007470592964305,16.10940882954083
편은,-6.101938236576524,10.007470592964305,16.10940882954083
음날 ,-6.101938236576524,10.007470592964305,16.10940882954083
편은 ,-6.101938236576524,10.007470592964305,16.10940882954083
인인증서,-6.101938236576524,10.007470592964305,16.10940882954083
음날,-6.101938236576524,10.007470592964305,16.10940882954083
쿠폰이,-6.101938236576524,10.007470592964305,16.10940882954083
능하다,-6.101938236576524,10.007470592964305,16.10940882954083
 있게,-6.101938236576524,10.007470592964305,16.10940882954083
보려,-6.101938236576524,10.007470592964305,16.10940882954083
쿠폰이 ,-6.101938236576524,10.007470592964305,16.10940882954083
담해 ,-6.101938236576524,10.007470592964305,16.10940882954083
답해,-6.101938236576524,10.007470592964305,16.10940882954083
보려고,-6.101938236576524,10.007470592964305,16.10940882954083
"시, ",-6.101938236576524,10.007470592964305,16.10940882954083
"시,",-6.101938236576524,10.007470592964305,16.10940882954083
 탈퇴 ,-6.101938236576524,10.007470592964305,16.10940882954083
상담해 ,-6.101938236576524,10.007470592964305,16.10940882954083
 변경하,-6.101938236576524,10.007470592964305,16.10940882954083
 매일 ,-6.101938236576524,10.007470592964305,16.10940882954083
 하더,-6.101938236576524,10.007470592964305,16.10940882954083
변경하,-6.101938236576524,10.007470592964305,16.10940882954083
하루도,-6.101938236576524,10.007470592964305,16.10940882954083
 없었,-6.101938236576524,10.007470592964305,16.10940882954083
 편은,-6.101938236576524,10.007470592964305,16.10940882954083
 할인이,-6.101938236576524,10.007470592964305,16.10940882954083
퇴 ,-6.101938236576524,10.007470592964305,16.10940882954083
 다음날,-6.101938236576524,10.007470592964305,16.10940882954083
하루도 ,-6.101938236576524,10.007470592964305,16.10940882954083
 플,-6.101938236576524,10.007470592964305,16.10940882954083
 쿠폰이,-6.101938236576524,10.007470592964305,16.10940882954083
가능하다,-6.101938236576524,10.007470592964305,16.10940882954083
 공인인,-6.101938236576524,10.007470592964305,16.10940882954083
다음날 ,-6.101938236576524,10.007470592964305,16.10940882954083
 하더라,-6.101938236576524,10.007470592964305,16.10940882954083
 편은 ,-6.101938236576524,10.007470592964305,16.10940882954083
다음날,-6.101938236576524,10.007470592964305,16.10940882954083
돌아오,-6.101938236576524,10.007470592964305,16.10940882954083
할인이,-6.101938236576524,10.007470592964305,16.10940882954083
 돌아오,-6.101938236576524,10.007470592964305,16.10940882954083
공인인,-6.101938236576524,10.007470592964305,16.10940882954083
탈퇴 ,-6.101938236576524,10.007470592964305,16.10940882954083
됐으면 ,-6.101938236576524,10.007470592964305,16.10940882954083
니거든,-6.101938236576524,10.007470592964305,16.10940882954083
니거든요,-6.101938236576524,10.007470592964305,16.10940882954083
렇군요.,-6.101938236576524,10.007470592964305,16.10940882954083
미수,-6.101938236576524,10.007470592964305,16.10940882954083
공인인증,-6.101938236576524,10.007470592964305,16.10940882954083
그러는 ,-6.101938236576524,10.007470592964305,16.10940882954083
 초과,-6.101938236576524,10.007470592964305,16.10940882954083
없었,-6.101938236576524,10.007470592964305,16.10940882954083
 그런가,-6.101938236576524,10.007470592964305,16.10940882954083
증이랑 ,-6.101938236576524,10.007470592964305,16.10940882954083
증이랑,-6.101938236576524,10.007470592964305,16.10940882954083
레이,-6.101938236576524,10.007470592964305,16.10940882954083
니거,-6.101938236576524,10.007470592964305,16.10940882954083
전화드렸,-6.101938236576524,10.007470592964305,16.10940882954083
그런가 ,-6.101938236576524,10.007470592964305,16.10940882954083
 미수,-6.101938236576524,10.007470592964305,16.10940882954083
당할,-6.101938236576524,10.007470592964305,16.10940882954083
당할 ,-6.101938236576524,10.007470592964305,16.10940882954083
화드렸,-6.101938236576524,10.007470592964305,16.10940882954083
아니거든,-6.101938236576524,10.007470592964305,16.10940882954083
됐으면,-6.101938236576524,10.007470592964305,16.10940882954083
그런가,-6.101938236576524,10.007470592964305,16.10940882954083
령 ,-6.283927070026866,9.825481759513963,16.10940882954083
 도저히,-6.283927070026866,9.825481759513963,16.10940882954083
 도저,-6.283927070026866,9.825481759513963,16.10940882954083
러는 ,-6.283927070026866,9.825481759513963,16.10940882954083
한도 ,-6.283927070026866,9.825481759513963,16.10940882954083
 나오나,-6.283927070026866,9.825481759513963,16.10940882954083
" 네네,",-6.283927070026866,9.825481759513963,16.10940882954083
제하는,-6.283927070026866,9.825481759513963,16.10940882954083
레기,-6.283927070026866,9.825481759513963,16.10940882954083
제해,-6.283927070026866,9.825481759513963,16.10940882954083
됐죠?,-6.283927070026866,9.825481759513963,16.10940882954083
 처방 ,-6.283927070026866,9.825481759513963,16.10940882954083
 처방전,-6.283927070026866,9.825481759513963,16.10940882954083
등록금,-6.283927070026866,9.825481759513963,16.10940882954083
됐죠? ,-6.283927070026866,9.825481759513963,16.10940882954083
제하는 ,-6.283927070026866,9.825481759513963,16.10940882954083
들처럼 ,-6.283927070026866,9.825481759513963,16.10940882954083
한통운 ,-6.283927070026866,9.825481759513963,16.10940882954083
 다니,-6.283927070026866,9.825481759513963,16.10940882954083
려졌,-6.283927070026866,9.825481759513963,16.10940882954083
 출발,-6.283927070026866,9.825481759513963,16.10940882954083
저히 ,-6.283927070026866,9.825481759513963,16.10940882954083
래약국 ,-6.283927070026866,9.825481759513963,16.10940882954083
 직항,-6.283927070026866,9.825481759513963,16.10940882954083
 쿠팡 ,-6.283927070026866,9.825481759513963,16.10940882954083
제품이 ,-6.283927070026866,9.825481759513963,16.10940882954083
조제하는,-6.283927070026866,9.825481759513963,16.10940882954083
저히,-6.283927070026866,9.825481759513963,16.10940882954083
조제하,-6.283927070026866,9.825481759513963,16.10940882954083
조제,-6.283927070026866,9.825481759513963,16.10940882954083
됐죠,-6.283927070026866,9.825481759513963,16.10940882954083
전화로,-6.283927070026866,9.825481759513963,16.10940882954083
 직항 ,-6.283927070026866,9.825481759513963,16.10940882954083
저가,-6.283927070026866,9.825481759513963,16.10940882954083
저가 ,-6.283927070026866,9.825481759513963,16.10940882954083
좋다,-6.283927070026866,9.825481759513963,16.10940882954083
95,-6.283927070026866,9.825481759513963,16.10940882954083
 출고되,-6.283927070026866,9.825481759513963,16.10940882954083
 등록금,-6.283927070026866,9.825481759513963,16.10940882954083
루 ,-6.283927070026866,9.825481759513963,16.10940882954083
학습 ,-6.283927070026866,9.825481759513963,16.10940882954083
학습지 ,-6.283927070026866,9.825481759513963,16.10940882954083
 비즈,-6.283927070026866,9.825481759513963,16.10940882954083
 머그잔,-6.283927070026866,9.825481759513963,16.10940882954083
나오나요,-6.283927070026866,9.825481759513963,16.10940882954083
편치가,-6.283927070026866,9.825481759513963,16.10940882954083
편치가 ,-6.283927070026866,9.825481759513963,16.10940882954083
금방 ,-6.283927070026866,9.825481759513963,16.10940882954083
상담사 ,-6.283927070026866,9.825481759513963,16.10940882954083
 전화로,-6.283927070026866,9.825481759513963,16.10940882954083
1번가 ,-6.283927070026866,9.825481759513963,16.10940882954083
 걸리니,-6.283927070026866,9.825481759513963,16.10940882954083
하루 ,-6.283927070026866,9.825481759513963,16.10940882954083
 이사 ,-6.283927070026866,9.825481759513963,16.10940882954083
네요? ,-6.283927070026866,9.825481759513963,16.10940882954083
행시간,-6.283927070026866,9.825481759513963,16.10940882954083
네요?,-6.283927070026866,9.825481759513963,16.10940882954083
 머그,-6.283927070026866,9.825481759513963,16.10940882954083
 머,-6.283927070026866,9.825481759513963,16.10940882954083
담사 ,-6.283927070026866,9.825481759513963,16.10940882954083
 금방,-6.283927070026866,9.825481759513963,16.10940882954083
 금방 ,-6.283927070026866,9.825481759513963,16.10940882954083
수령 ,-6.283927070026866,9.825481759513963,16.10940882954083
부과,-6.283927070026866,9.825481759513963,16.10940882954083
 화요,-6.283927070026866,9.825481759513963,16.10940882954083
스석,-6.283927070026866,9.825481759513963,16.10940882954083
나오나,-6.283927070026866,9.825481759513963,16.10940882954083
금방,-6.283927070026866,9.825481759513963,16.10940882954083
이사 ,-6.283927070026866,9.825481759513963,16.10940882954083
니스,-6.283927070026866,9.825481759513963,16.10940882954083
 반찬도,-6.283927070026866,9.825481759513963,16.10940882954083
 cj대,-6.283927070026866,9.825481759513963,16.10940882954083
 상환,-6.283927070026866,9.825481759513963,16.10940882954083
 화요일,-6.283927070026866,9.825481759513963,16.10940882954083
0분에 ,-6.283927070026866,9.825481759513963,16.10940882954083
걸리니,-6.283927070026866,9.825481759513963,16.10940882954083
우저가 ,-6.283927070026866,9.825481759513963,16.10940882954083
찬도 ,-6.283927070026866,9.825481759513963,16.10940882954083
찬도,-6.283927070026866,9.825481759513963,16.10940882954083
우저가,-6.283927070026866,9.825481759513963,16.10940882954083
니스석,-6.283927070026866,9.825481759513963,16.10940882954083
통운 ,-6.283927070026866,9.825481759513963,16.10940882954083
걸리니까,-6.283927070026866,9.825481759513963,16.10940882954083
앙의원 ,-6.283927070026866,9.825481759513963,16.10940882954083
우리은행,-6.283927070026866,9.825481759513963,16.10940882954083
았으면 ,-6.283927070026866,9.825481759513963,16.10940882954083
았으면,-6.283927070026866,9.825481759513963,16.10940882954083
았으,-6.283927070026866,9.825481759513963,16.10940882954083
우리은,-6.283927070026866,9.825481759513963,16.10940882954083
상환,-6.283927070026866,9.825481759513963,16.10940882954083
상제 ,-6.283927070026866,9.825481759513963,16.10940882954083
행시,-6.283927070026866,9.825481759513963,16.10940882954083
피부,-6.283927070026866,9.825481759513963,16.10940882954083
월요일 ,-6.283927070026866,9.825481759513963,16.10940882954083
피부과,-6.283927070026866,9.825481759513963,16.10940882954083
하던데 ,-6.283927070026866,9.825481759513963,16.10940882954083
"네네, ",-6.283927070026866,9.825481759513963,16.10940882954083
 학습 ,-6.283927070026866,9.825481759513963,16.10940882954083
 하루 ,-6.283927070026866,9.825481759513963,16.10940882954083
 오세,-6.283927070026866,9.825481759513963,16.10940882954083
싶은데요,-6.283927070026866,9.825481759513963,16.10940882954083
 오세요,-6.283927070026866,9.825481759513963,16.10940882954083
5000,-6.283927070026866,9.825481759513963,16.10940882954083
더라도,-6.283927070026866,9.825481759513963,16.10940882954083
더라도 ,-6.283927070026866,9.825481759513963,16.10940882954083
리은행,-6.283927070026866,9.825481759513963,16.10940882954083
리은,-6.283927070026866,9.825481759513963,16.10940882954083
 비행시,-6.283927070026866,9.825481759513963,16.10940882954083
화요일,-6.283927070026866,9.825481759513963,16.10940882954083
화요,-6.283927070026866,9.825481759513963,16.10940882954083
핑몰들처,-6.283927070026866,9.825481759513963,16.10940882954083
 비즈니,-6.283927070026866,9.825481759513963,16.10940882954083
비즈,-6.283927070026866,9.825481759513963,16.10940882954083
화로,-6.283927070026866,9.825481759513963,16.10940882954083
 주문할,-6.283927070026866,9.825481759513963,16.10940882954083
쓰레기,-6.283927070026866,9.825481759513963,16.10940882954083
쓰레,-6.283927070026866,9.825481759513963,16.10940882954083
습지 ,-6.283927070026866,9.825481759513963,16.10940882954083
그잔,-6.283927070026866,9.825481759513963,16.10940882954083
아내 ,-6.283927070026866,9.825481759513963,16.10940882954083
 순 ,-6.283927070026866,9.825481759513963,16.10940882954083
 좋다,-6.283927070026866,9.825481759513963,16.10940882954083
 수령 ,-6.283927070026866,9.825481759513963,16.10940882954083
"네네,",-6.283927070026866,9.825481759513963,16.10940882954083
마우저가,-6.283927070026866,9.825481759513963,16.10940882954083
 조제하,-6.283927070026866,9.825481759513963,16.10940882954083
 조제,-6.283927070026866,9.825481759513963,16.10940882954083
02동,-6.437840022526251,9.671568807014578,16.10940882954083
억지 ,-6.437840022526251,9.671568807014578,16.10940882954083
하더라고,-6.437840022526251,9.671568807014578,16.10940882954083
 채식주,-6.437840022526251,9.671568807014578,16.10940882954083
한으로 ,-6.437840022526251,9.671568807014578,16.10940882954083
 비행,-6.437840022526251,9.671568807014578,16.10940882954083
 사은품,-6.437840022526251,9.671568807014578,16.10940882954083
 사은,-6.437840022526251,9.671568807014578,16.10940882954083
하더라,-6.437840022526251,9.671568807014578,16.10940882954083
하더,-6.437840022526251,9.671568807014578,16.10940882954083
202동,-6.437840022526251,9.671568807014578,16.10940882954083
한스,-6.437840022526251,9.671568807014578,16.10940882954083
"0,0",-6.437840022526251,9.671568807014578,16.10940882954083
사용량이,-6.437840022526251,9.671568807014578,16.10940882954083
사은품,-6.437840022526251,9.671568807014578,16.10940882954083
식주의,-6.437840022526251,9.671568807014578,16.10940882954083
한으로,-6.437840022526251,9.671568807014578,16.10940882954083
사은,-6.437840022526251,9.671568807014578,16.10940882954083
제품이,-6.437840022526251,9.671568807014578,16.10940882954083
 당장,-6.437840022526251,9.671568807014578,16.10940882954083
제한으,-6.437840022526251,9.671568807014578,16.10940882954083
 사용량,-6.437840022526251,9.671568807014578,16.10940882954083
"0,00",-6.437840022526251,9.671568807014578,16.10940882954083
 당장 ,-6.437840022526251,9.671568807014578,16.10940882954083
상담해,-6.437840022526251,9.671568807014578,16.10940882954083
 출고해,-6.437840022526251,9.671568807014578,16.10940882954083
제한으로,-6.437840022526251,9.671568807014578,16.10940882954083
사용량,-6.437840022526251,9.671568807014578,16.10940882954083
한으,-6.437840022526251,9.671568807014578,16.10940882954083
인좌,-6.437840022526251,9.671568807014578,16.10940882954083
02동이,-6.437840022526251,9.671568807014578,16.10940882954083
 상담해,-6.437840022526251,9.671568807014578,16.10940882954083
스크,-6.437840022526251,9.671568807014578,16.10940882954083
스크팩,-6.437840022526251,9.671568807014578,16.10940882954083
스크팩으,-6.437840022526251,9.671568807014578,16.10940882954083
습 ,-6.437840022526251,9.671568807014578,16.10940882954083
아내,-6.437840022526251,9.671568807014578,16.10940882954083
 타 ,-6.437840022526251,9.671568807014578,16.10940882954083
시간도,-6.437840022526251,9.671568807014578,16.10940882954083
시간도 ,-6.437840022526251,9.671568807014578,16.10940882954083
" 10,",-6.437840022526251,9.671568807014578,16.10940882954083
 시니,-6.437840022526251,9.671568807014578,16.10940882954083
 시니어,-6.437840022526251,9.671568807014578,16.10940882954083
10시에,-6.437840022526251,9.671568807014578,16.10940882954083
 식단표,-6.437840022526251,9.671568807014578,16.10940882954083
시니어,-6.437840022526251,9.671568807014578,16.10940882954083
시니어 ,-6.437840022526251,9.671568807014578,16.10940882954083
쌓여있는,-6.437840022526251,9.671568807014578,16.10940882954083
쌓여있,-6.437840022526251,9.671568807014578,16.10940882954083
되셔서,-6.437840022526251,9.671568807014578,16.10940882954083
쌓여,-6.437840022526251,9.671568807014578,16.10940882954083
핑몰도,-6.437840022526251,9.671568807014578,16.10940882954083
핑몰도 ,-6.437840022526251,9.671568807014578,16.10940882954083
핑몰들,-6.437840022526251,9.671568807014578,16.10940882954083
되셔서 ,-6.437840022526251,9.671568807014578,16.10940882954083
 쌓,-6.437840022526251,9.671568807014578,16.10940882954083
 쌓여,-6.437840022526251,9.671568807014578,16.10940882954083
 쌓여있,-6.437840022526251,9.671568807014578,16.10940882954083
 아내,-6.437840022526251,9.671568807014578,16.10940882954083
식단표,-6.437840022526251,9.671568807014578,16.10940882954083
식주,-6.437840022526251,9.671568807014578,16.10940882954083
"10,0",-6.437840022526251,9.671568807014578,16.10940882954083
"10,",-6.437840022526251,9.671568807014578,16.10940882954083
금요일 ,-6.437840022526251,9.671568807014578,16.10940882954083
국택배입,-6.437840022526251,9.671568807014578,16.10940882954083
서울내,-6.437840022526251,9.671568807014578,16.10940882954083
 편치,-6.437840022526251,9.671568807014578,16.10940882954083
0시에,-6.437840022526251,9.671568807014578,16.10940882954083
서울내과,-6.437840022526251,9.671568807014578,16.10940882954083
0시에 ,-6.437840022526251,9.671568807014578,16.10940882954083
 서울내,-6.437840022526251,9.671568807014578,16.10940882954083
강병원 ,-6.437840022526251,9.671568807014578,16.10940882954083
팡로켓 ,-6.437840022526251,9.671568807014578,16.10940882954083
팩으,-6.437840022526251,9.671568807014578,16.10940882954083
제공이 ,-6.437840022526251,9.671568807014578,16.10940882954083
팩으로,-6.437840022526251,9.671568807014578,16.10940882954083
하여 ,-6.437840022526251,9.671568807014578,16.10940882954083
 억지 ,-6.437840022526251,9.671568807014578,16.10940882954083
제공이,-6.437840022526251,9.671568807014578,16.10940882954083
 뉴욕,-6.437840022526251,9.671568807014578,16.10940882954083
적립만,-6.437840022526251,9.671568807014578,16.10940882954083
적립만 ,-6.437840022526251,9.671568807014578,16.10940882954083
편치,-6.437840022526251,9.671568807014578,16.10940882954083
 카드로,-6.437840022526251,9.671568807014578,16.10940882954083
속도,-6.437840022526251,9.671568807014578,16.10940882954083
속도 ,-6.437840022526251,9.671568807014578,16.10940882954083
송되,-6.437840022526251,9.671568807014578,16.10940882954083
 내과,-6.437840022526251,9.671568807014578,16.10940882954083
 속도,-6.437840022526251,9.671568807014578,16.10940882954083
 속도 ,-6.437840022526251,9.671568807014578,16.10940882954083
 케이,-6.437840022526251,9.671568807014578,16.10940882954083
쇼핑몰도,-6.437840022526251,9.671568807014578,16.10940882954083
쇼핑몰들,-6.437840022526251,9.671568807014578,16.10940882954083
팩으로 ,-6.437840022526251,9.671568807014578,16.10940882954083
간도 ,-6.437840022526251,9.671568807014578,16.10940882954083
식주의자,-6.437840022526251,9.671568807014578,16.10940882954083
마스크팩,-6.437840022526251,9.671568807014578,16.10940882954083
 해결,-6.437840022526251,9.671568807014578,16.10940882954083
 적립만,-6.437840022526251,9.671568807014578,16.10940882954083
닉인데요,-6.437840022526251,9.671568807014578,16.10940882954083
닉인데,-6.437840022526251,9.671568807014578,16.10940882954083
닉인,-6.437840022526251,9.671568807014578,16.10940882954083
 무료,-6.437840022526251,9.671568807014578,16.10940882954083
 무인,-6.437840022526251,9.671568807014578,16.10940882954083
니어 ,-6.437840022526251,9.671568807014578,16.10940882954083
일리지를,-6.437840022526251,9.671568807014578,16.10940882954083
할인좌,-6.437840022526251,9.671568807014578,16.10940882954083
할인좌석,-6.437840022526251,9.671568807014578,16.10940882954083
 만료 ,-6.437840022526251,9.671568807014578,16.10940882954083
동일 ,-6.437840022526251,9.671568807014578,16.10940882954083
 제품이,-6.437840022526251,9.671568807014578,16.10940882954083
능한 ,-6.437840022526251,9.671568807014578,16.10940882954083
마스크,-6.437840022526251,9.671568807014578,16.10940882954083
채식주,-6.437840022526251,9.671568807014578,16.10940882954083
채식주의,-6.437840022526251,9.671568807014578,16.10940882954083
립만 ,-6.437840022526251,9.671568807014578,16.10940882954083
능하죠?,-6.437840022526251,9.671568807014578,16.10940882954083
렇군요,-6.437840022526251,9.671568807014578,16.10940882954083
립만,-6.437840022526251,9.671568807014578,16.10940882954083
렇군,-6.437840022526251,9.671568807014578,16.10940882954083
능하죠,-6.437840022526251,9.671568807014578,16.10940882954083
죽어서 ,-6.437840022526251,9.671568807014578,16.10940882954083
울내과,-6.437840022526251,9.671568807014578,16.10940882954083
당장 ,-6.437840022526251,9.671568807014578,16.10940882954083
당장,-6.437840022526251,9.671568807014578,16.10940882954083
진행하시,-6.437840022526251,9.671568807014578,16.10940882954083
무인,-6.437840022526251,9.671568807014578,16.10940882954083
이럴 ,-6.437840022526251,9.671568807014578,16.10940882954083
매도,-6.437840022526251,9.671568807014578,16.10940882954083
매도 ,-6.437840022526251,9.671568807014578,16.10940882954083
담해,-6.437840022526251,9.671568807014578,16.10940882954083
 한스,-6.437840022526251,9.671568807014578,16.10940882954083
매하시겠,-6.437840022526251,9.671568807014578,16.10940882954083
 제공이,-6.437840022526251,9.671568807014578,16.10940882954083
 한자,-6.437840022526251,9.671568807014578,16.10940882954083
단표,-6.437840022526251,9.671568807014578,16.10940882954083
 할인좌,-6.437840022526251,9.671568807014578,16.10940882954083
 제한으,-6.437840022526251,9.671568807014578,16.10940882954083
로켓 ,-6.437840022526251,9.671568807014578,16.10940882954083
구매도,-6.437840022526251,9.671568807014578,16.10940882954083
구매도 ,-6.437840022526251,9.671568807014578,16.10940882954083
해야겠네,-6.437840022526251,9.671568807014578,16.10940882954083
롯데온 ,-6.437840022526251,9.671568807014578,16.10940882954083
롯데택,-6.437840022526251,9.671568807014578,16.10940882954083
몰도,-6.437840022526251,9.671568807014578,16.10940882954083
롯데택배,-6.437840022526251,9.671568807014578,16.10940882954083
몰도 ,-6.437840022526251,9.671568807014578,16.10940882954083
 그렇군,-6.437840022526251,9.671568807014578,16.10940882954083
몰들,-6.437840022526251,9.671568807014578,16.10940882954083
만료 ,-6.437840022526251,9.671568807014578,16.10940882954083
무료,-6.437840022526251,9.671568807014578,16.10940882954083
은품,-6.437840022526251,9.671568807014578,16.10940882954083
울내,-6.437840022526251,9.671568807014578,16.10940882954083
뉴욕,-6.437840022526251,9.671568807014578,16.10940882954083
 죽어서,-6.437840022526251,9.671568807014578,16.10940882954083
여있는데,-6.437840022526251,9.671568807014578,16.10940882954083
리지를,-6.437840022526251,9.671568807014578,16.10940882954083
 동일 ,-6.437840022526251,9.671568807014578,16.10940882954083
 마스크,-6.437840022526251,9.671568807014578,16.10940882954083
 보상제,-6.437840022526251,9.671568807014578,16.10940882954083
리닉인,-6.437840022526251,9.671568807014578,16.10940882954083
2동,-6.437840022526251,9.671568807014578,16.10940882954083
데택배,-6.437840022526251,9.671568807014578,16.10940882954083
간도,-6.437840022526251,9.671568807014578,16.10940882954083
데택,-6.437840022526251,9.671568807014578,16.10940882954083
리닉인데,-6.437840022526251,9.671568807014578,16.10940882954083
됐으,-6.437840022526251,9.671568807014578,16.10940882954083
크팩,-6.437840022526251,9.671568807014578,16.10940882954083
여있는,-6.437840022526251,9.671568807014578,16.10940882954083
 하던,-6.437840022526251,9.671568807014578,16.10940882954083
여있,-6.437840022526251,9.671568807014578,16.10940882954083
인좌석,-6.437840022526251,9.671568807014578,16.10940882954083
 날짜에,-6.437840022526251,9.671568807014578,16.10940882954083
크팩으,-6.437840022526251,9.671568807014578,16.10940882954083
크팩으로,-6.437840022526251,9.671568807014578,16.10940882954083
 부리,-6.437840022526251,9.671568807014578,16.10940882954083
 부리는,-6.437840022526251,9.671568807014578,16.10940882954083
클리닉인,-6.437840022526251,9.671568807014578,16.10940882954083
비행,-6.437840022526251,9.671568807014578,16.10940882954083
 롯데택,-6.437840022526251,9.671568807014578,16.10940882954083
데온 ,-6.437840022526251,9.671568807014578,16.10940882954083
인인증,-6.437840022526251,9.671568807014578,16.10940882954083
 구매도,-6.437840022526251,9.671568807014578,16.10940882954083
리지를 ,-6.437840022526251,9.671568807014578,16.10940882954083
2동이,-6.437840022526251,9.671568807014578,16.10940882954083
그렇군,-6.437840022526251,9.671568807014578,16.10940882954083
청하시겠,-6.437840022526251,9.671568807014578,16.10940882954083
죽어서,-6.437840022526251,9.671568807014578,16.10940882954083
가능하죠,-6.437840022526251,9.671568807014578,16.10940882954083
용하시겠,-6.437840022526251,9.671568807014578,16.10940882954083
 되셔서,-6.437840022526251,9.671568807014578,16.10940882954083
청하시면,-6.437840022526251,9.671568807014578,16.10940882954083
가능한 ,-6.437840022526251,9.671568807014578,16.10940882954083
용량이 ,-6.437840022526251,9.671568807014578,16.10940882954083
용량이,-6.437840022526251,9.671568807014578,16.10940882954083
용량,-6.437840022526251,9.671568807014578,16.10940882954083
부리는 ,-6.437840022526251,9.671568807014578,16.10940882954083
 하던데,-6.437840022526251,9.671568807014578,16.10940882954083
그렇군요,-6.437840022526251,9.671568807014578,16.10940882954083
출고해,-6.437840022526251,9.671568807014578,16.10940882954083
"리는데,",-6.437840022526251,9.671568807014578,16.10940882954083
 이럴 ,-6.437840022526251,9.671568807014578,16.10940882954083
행하시,-6.437840022526251,9.671568807014578,16.10940882954083
행하시면,-6.437840022526251,9.671568807014578,16.10940882954083
구매하시,-6.437840022526251,9.671568807014578,16.10940882954083
한자,-6.437840022526251,9.671568807014578,16.10940882954083
2동이 ,-6.437840022526251,9.671568807014578,16.10940882954083
해결,-6.437840022526251,9.671568807014578,16.10940882954083
" 나야,",-6.571193082560018,9.53821574698081,16.10940882954083
 학습지,-6.571193082560018,9.53821574698081,16.10940882954083
주의자,-6.571193082560018,9.53821574698081,16.10940882954083
데온,-6.571193082560018,9.53821574698081,16.10940882954083
죽어,-6.571193082560018,9.53821574698081,16.10940882954083
 나야,-6.571193082560018,9.53821574698081,16.10940882954083
남긴다,-6.571193082560018,9.53821574698081,16.10940882954083
긴다거,-6.571193082560018,9.53821574698081,16.10940882954083
카드로,-6.571193082560018,9.53821574698081,16.10940882954083
"나야, ",-6.571193082560018,9.53821574698081,16.10940882954083
 결제 ,-6.571193082560018,9.53821574698081,16.10940882954083
하죠?,-6.571193082560018,9.53821574698081,16.10940882954083
터로 ,-6.571193082560018,9.53821574698081,16.10940882954083
터로,-6.571193082560018,9.53821574698081,16.10940882954083
친절하,-6.571193082560018,9.53821574698081,16.10940882954083
친절하게,-6.571193082560018,9.53821574698081,16.10940882954083
카드로 ,-6.571193082560018,9.53821574698081,16.10940882954083
나야,-6.571193082560018,9.53821574698081,16.10940882954083
낙지를,-6.571193082560018,9.53821574698081,16.10940882954083
낙지를 ,-6.571193082560018,9.53821574698081,16.10940882954083
크카드 ,-6.571193082560018,9.53821574698081,16.10940882954083
날짜에,-6.571193082560018,9.53821574698081,16.10940882954083
날짜에 ,-6.571193082560018,9.53821574698081,16.10940882954083
남긴다거,-6.571193082560018,9.53821574698081,16.10940882954083
 남긴,-6.571193082560018,9.53821574698081,16.10940882954083
"나야,",-6.571193082560018,9.53821574698081,16.10940882954083
000원,-6.571193082560018,9.53821574698081,16.10940882954083
긴다거나,-6.571193082560018,9.53821574698081,16.10940882954083
남긴,-6.571193082560018,9.53821574698081,16.10940882954083
 항공 ,-6.571193082560018,9.53821574698081,16.10940882954083
다렸어.,-6.571193082560018,9.53821574698081,16.10940882954083
포구,-6.571193082560018,9.53821574698081,16.10940882954083
 해?,-6.571193082560018,9.53821574698081,16.10940882954083
돌아,-6.571193082560018,9.53821574698081,16.10940882954083
 해? ,-6.571193082560018,9.53821574698081,16.10940882954083
짜에,-6.571193082560018,9.53821574698081,16.10940882954083
니어,-6.571193082560018,9.53821574698081,16.10940882954083
 남긴다,-6.571193082560018,9.53821574698081,16.10940882954083
찬 ,-6.571193082560018,9.53821574698081,16.10940882954083
 검수,-6.571193082560018,9.53821574698081,16.10940882954083
 검수 ,-6.571193082560018,9.53821574698081,16.10940882954083
하네요,-6.571193082560018,9.53821574698081,16.10940882954083
채식,-6.571193082560018,9.53821574698081,16.10940882954083
하죠? ,-6.571193082560018,9.53821574698081,16.10940882954083
하네요.,-6.571193082560018,9.53821574698081,16.10940882954083
짜에 ,-6.571193082560018,9.53821574698081,16.10940882954083
 롯데온,-6.571193082560018,9.53821574698081,16.10940882954083
학습지,-6.571193082560018,9.53821574698081,16.10940882954083
리니까,-6.571193082560018,9.53821574698081,16.10940882954083
함에,-6.571193082560018,9.53821574698081,16.10940882954083
함에 ,-6.571193082560018,9.53821574698081,16.10940882954083
 죽어,-6.571193082560018,9.53821574698081,16.10940882954083
우저,-6.571193082560018,9.53821574698081,16.10940882954083
리니,-6.571193082560018,9.53821574698081,16.10940882954083
배송비 ,-6.571193082560018,9.53821574698081,16.10940882954083
리니까 ,-6.571193082560018,9.53821574698081,16.10940882954083
렸어. ,-6.571193082560018,9.53821574698081,16.10940882954083
 반찬 ,-6.571193082560018,9.53821574698081,16.10940882954083
 뜨,-6.571193082560018,9.53821574698081,16.10940882954083
항공 ,-6.571193082560018,9.53821574698081,16.10940882954083
반찬 ,-6.571193082560018,9.53821574698081,16.10940882954083
 마스,-6.571193082560018,9.53821574698081,16.10940882954083
공 ,-6.571193082560018,9.53821574698081,16.10940882954083
롯데온,-6.571193082560018,9.53821574698081,16.10940882954083
렸어.,-6.571193082560018,9.53821574698081,16.10940882954083
 미래,-6.571193082560018,9.53821574698081,16.10940882954083
래약국,-6.571193082560018,9.53821574698081,16.10940882954083
 채식,-6.571193082560018,9.53821574698081,16.10940882954083
 오류,-6.571193082560018,9.53821574698081,16.10940882954083
 왜요?,-6.571193082560018,9.53821574698081,16.10940882954083
한은행,-6.571193082560018,9.53821574698081,16.10940882954083
 돌아,-6.571193082560018,9.53821574698081,16.10940882954083
래약,-6.571193082560018,9.53821574698081,16.10940882954083
결제 ,-6.571193082560018,9.53821574698081,16.10940882954083
왜요? ,-6.571193082560018,9.53821574698081,16.10940882954083
 이럴,-6.571193082560018,9.53821574698081,16.10940882954083
부리는,-6.571193082560018,9.53821574698081,16.10940882954083
부리,-6.571193082560018,9.53821574698081,16.10940882954083
 이슈로,-6.571193082560018,9.53821574698081,16.10940882954083
보상제,-6.571193082560018,9.53821574698081,16.10940882954083
왜요?,-6.571193082560018,9.53821574698081,16.10940882954083
 미래약,-6.571193082560018,9.53821574698081,16.10940882954083
미래약국,-6.571193082560018,9.53821574698081,16.10940882954083
검수 ,-6.571193082560018,9.53821574698081,16.10940882954083
이럴,-6.571193082560018,9.53821574698081,16.10940882954083
이긴 ,-6.571193082560018,9.53821574698081,16.10940882954083
g마켓 ,-6.571193082560018,9.53821574698081,16.10940882954083
매번 ,-6.571193082560018,9.53821574698081,16.10940882954083
 매번 ,-6.571193082560018,9.53821574698081,16.10940882954083
 매번,-6.571193082560018,9.53821574698081,16.10940882954083
매번,-6.571193082560018,9.53821574698081,16.10940882954083
마우저,-6.571193082560018,9.53821574698081,16.10940882954083
마스,-6.571193082560018,9.53821574698081,16.10940882954083
마음이,-6.571193082560018,9.53821574698081,16.10940882954083
마음이 ,-6.571193082560018,9.53821574698081,16.10940882954083
해?,-6.571193082560018,9.53821574698081,16.10940882954083
해? ,-6.571193082560018,9.53821574698081,16.10940882954083
이슈로,-6.571193082560018,9.53821574698081,16.10940882954083
이슈로 ,-6.571193082560018,9.53821574698081,16.10940882954083
이긴,-6.571193082560018,9.53821574698081,16.10940882954083
 마포구,-6.571193082560018,9.53821574698081,16.10940882954083
 마우저,-6.571193082560018,9.53821574698081,16.10940882954083
 무제,-6.571193082560018,9.53821574698081,16.10940882954083
 마음이,-6.571193082560018,9.53821574698081,16.10940882954083
미래약,-6.571193082560018,9.53821574698081,16.10940882954083
미래,-6.571193082560018,9.53821574698081,16.10940882954083
 저처,-6.571193082560018,9.53821574698081,16.10940882954083
 저처럼,-6.571193082560018,9.53821574698081,16.10940882954083
 무제한,-6.571193082560018,9.53821574698081,16.10940882954083
무제한 ,-6.571193082560018,9.53821574698081,16.10940882954083
명확하,-6.571193082560018,9.53821574698081,16.10940882954083
무제한,-6.571193082560018,9.53821574698081,16.10940882954083
"은데,",-6.571193082560018,9.53821574698081,16.10940882954083
"은데, ",-6.571193082560018,9.53821574698081,16.10940882954083
무제,-6.571193082560018,9.53821574698081,16.10940882954083
 명확하,-6.571193082560018,9.53821574698081,16.10940882954083
명확하게,-6.571193082560018,9.53821574698081,16.10940882954083
한은,-6.571193082560018,9.53821574698081,16.10940882954083
오류,-6.571193082560018,9.53821574698081,16.10940882954083
드로,-6.571193082560018,9.53821574698081,16.10940882954083
 억지,-6.571193082560018,9.53821574698081,16.10940882954083
 친절,-6.571193082560018,9.53821574698081,16.10940882954083
 산낙지,-6.571193082560018,9.53821574698081,16.10940882954083
 살 ,-6.571193082560018,9.53821574698081,16.10940882954083
저처,-6.571193082560018,9.53821574698081,16.10940882954083
저처럼,-6.571193082560018,9.53821574698081,16.10940882954083
저처럼 ,-6.571193082560018,9.53821574698081,16.10940882954083
약국,-6.571193082560018,9.53821574698081,16.10940882954083
 친절하,-6.571193082560018,9.53821574698081,16.10940882954083
드로 ,-6.571193082560018,9.53821574698081,16.10940882954083
검수,-6.571193082560018,9.53821574698081,16.10940882954083
"야, ",-6.571193082560018,9.53821574698081,16.10940882954083
"야,",-6.571193082560018,9.53821574698081,16.10940882954083
센터로,-6.571193082560018,9.53821574698081,16.10940882954083
센터로 ,-6.571193082560018,9.53821574698081,16.10940882954083
송비 ,-6.571193082560018,9.53821574698081,16.10940882954083
어때,-6.571193082560018,9.53821574698081,16.10940882954083
 어때?,-6.571193082560018,9.53821574698081,16.10940882954083
 어때,-6.571193082560018,9.53821574698081,16.10940882954083
슈로,-6.571193082560018,9.53821574698081,16.10940882954083
슈로 ,-6.571193082560018,9.53821574698081,16.10940882954083
절하,-6.571193082560018,9.53821574698081,16.10940882954083
절하게,-6.571193082560018,9.53821574698081,16.10940882954083
절하게 ,-6.571193082560018,9.53821574698081,16.10940882954083
습지,-6.571193082560018,9.53821574698081,16.10940882954083
객센터로,-6.571193082560018,9.53821574698081,16.10940882954083
 신한,-6.571193082560018,9.53821574698081,16.10940882954083
 신한은,-6.571193082560018,9.53821574698081,16.10940882954083
신한은행,-6.571193082560018,9.53821574698081,16.10940882954083
신한은,-6.571193082560018,9.53821574698081,16.10940882954083
신한,-6.571193082560018,9.53821574698081,16.10940882954083
 산낙,-6.571193082560018,9.53821574698081,16.10940882954083
마포구,-6.571193082560018,9.53821574698081,16.10940882954083
상제,-6.571193082560018,9.53821574698081,16.10940882954083
억지,-6.571193082560018,9.53821574698081,16.10940882954083
산낙,-6.571193082560018,9.53821574698081,16.10940882954083
어때?,-6.571193082560018,9.53821574698081,16.10940882954083
산낙지,-6.571193082560018,9.53821574698081,16.10940882954083
어때? ,-6.571193082560018,9.53821574698081,16.10940882954083
"중인데,",-6.688837393099998,9.42057143644083,16.10940882954083
 2시에,-6.688837393099998,9.42057143644083,16.10940882954083
비스입니,-6.688837393099998,9.42057143644083,16.10940882954083
 명확,-6.688837393099998,9.42057143644083,16.10940882954083
명확,-6.688837393099998,9.42057143644083,16.10940882954083
근처인데,-6.688837393099998,9.42057143644083,16.10940882954083
 결과지,-6.688837393099998,9.42057143644083,16.10940882954083
다행이네,-6.688837393099998,9.42057143644083,16.10940882954083
근처인,-6.688837393099998,9.42057143644083,16.10940882954083
해서요.,-6.688837393099998,9.42057143644083,16.10940882954083
158,-6.688837393099998,9.42057143644083,16.10940882954083
 적립금,-6.688837393099998,9.42057143644083,16.10940882954083
1588,-6.688837393099998,9.42057143644083,16.10940882954083
아드리겠,-6.688837393099998,9.42057143644083,16.10940882954083
과지,-6.688837393099998,9.42057143644083,16.10940882954083
 158,-6.688837393099998,9.42057143644083,16.10940882954083
타고 ,-6.688837393099998,9.42057143644083,16.10940882954083
타고,-6.688837393099998,9.42057143644083,16.10940882954083
안내 ,-6.688837393099998,9.42057143644083,16.10940882954083
비스입,-6.688837393099998,9.42057143644083,16.10940882954083
알림,-6.688837393099998,9.42057143644083,16.10940882954083
알림 ,-6.688837393099998,9.42057143644083,16.10940882954083
해서요,-6.688837393099998,9.42057143644083,16.10940882954083
 근처인,-6.688837393099998,9.42057143644083,16.10940882954083
과지 ,-6.688837393099998,9.42057143644083,16.10940882954083
금일이,-6.688837393099998,9.42057143644083,16.10940882954083
만료,-6.688837393099998,9.42057143644083,16.10940882954083
객센터 ,-6.688837393099998,9.42057143644083,16.10940882954083
하셨던 ,-6.688837393099998,9.42057143644083,16.10940882954083
g닷컴 ,-6.688837393099998,9.42057143644083,16.10940882954083
하셨던,-6.688837393099998,9.42057143644083,16.10940882954083
 제도가,-6.688837393099998,9.42057143644083,16.10940882954083
 제도,-6.688837393099998,9.42057143644083,16.10940882954083
 가능할,-6.688837393099998,9.42057143644083,16.10940882954083
택배인데,-6.688837393099998,9.42057143644083,16.10940882954083
택배인,-6.688837393099998,9.42057143644083,16.10940882954083
 안내 ,-6.688837393099998,9.42057143644083,16.10940882954083
 왜요,-6.688837393099998,9.42057143644083,16.10940882954083
닷컴 ,-6.688837393099998,9.42057143644083,16.10940882954083
 알림,-6.688837393099998,9.42057143644083,16.10940882954083
 알림 ,-6.688837393099998,9.42057143644083,16.10940882954083
텔레콤 ,-6.688837393099998,9.42057143644083,16.10940882954083
힘들,-6.688837393099998,9.42057143644083,16.10940882954083
같아. ,-6.688837393099998,9.42057143644083,16.10940882954083
같아.,-6.688837393099998,9.42057143644083,16.10940882954083
금일이 ,-6.688837393099998,9.42057143644083,16.10940882954083
컴 ,-6.688837393099998,9.42057143644083,16.10940882954083
콤 ,-6.688837393099998,9.42057143644083,16.10940882954083
센터 ,-6.688837393099998,9.42057143644083,16.10940882954083
출금일이,-6.688837393099998,9.42057143644083,16.10940882954083
가능할,-6.688837393099998,9.42057143644083,16.10940882954083
예정되어,-6.688837393099998,9.42057143644083,16.10940882954083
배인,-6.688837393099998,9.42057143644083,16.10940882954083
배인데,-6.688837393099998,9.42057143644083,16.10940882954083
배인데요,-6.688837393099998,9.42057143644083,16.10940882954083
청하셨,-6.688837393099998,9.42057143644083,16.10940882954083
청하셨던,-6.688837393099998,9.42057143644083,16.10940882954083
냐고?,-6.688837393099998,9.42057143644083,16.10940882954083
 7시 ,-6.688837393099998,9.42057143644083,16.10940882954083
냐고? ,-6.688837393099998,9.42057143644083,16.10940882954083
 힘들,-6.688837393099998,9.42057143644083,16.10940882954083
요청하셨,-6.688837393099998,9.42057143644083,16.10940882954083
석으,-6.688837393099998,9.42057143644083,16.10940882954083
요금제으,-6.688837393099998,9.42057143644083,16.10940882954083
00원 ,-6.688837393099998,9.42057143644083,16.10940882954083
왜요,-6.688837393099998,9.42057143644083,16.10940882954083
행이네,-6.688837393099998,9.42057143644083,16.10940882954083
행이네요,-6.688837393099998,9.42057143644083,16.10940882954083
 인천점,-6.688837393099998,9.42057143644083,16.10940882954083
 이틀 ,-6.688837393099998,9.42057143644083,16.10940882954083
 이틀,-6.688837393099998,9.42057143644083,16.10940882954083
2시에,-6.688837393099998,9.42057143644083,16.10940882954083
출금일,-6.688837393099998,9.42057143644083,16.10940882954083
서비스입,-6.688837393099998,9.42057143644083,16.10940882954083
예정되,-6.688837393099998,9.42057143644083,16.10940882954083
"건데요,",-6.688837393099998,9.42057143644083,16.10940882954083
 잡아드,-6.688837393099998,9.42057143644083,16.10940882954083
 같아.,-6.688837393099998,9.42057143644083,16.10940882954083
정되어 ,-6.688837393099998,9.42057143644083,16.10940882954083
착하냐,-6.688837393099998,9.42057143644083,16.10940882954083
착하냐고,-6.688837393099998,9.42057143644083,16.10940882954083
착할,-6.688837393099998,9.42057143644083,16.10940882954083
하냐고?,-6.688837393099998,9.42057143644083,16.10940882954083
착할 ,-6.688837393099998,9.42057143644083,16.10940882954083
결과지,-6.688837393099998,9.42057143644083,16.10940882954083
틀 ,-6.688837393099998,9.42057143644083,16.10940882954083
능할,-6.688837393099998,9.42057143644083,16.10940882954083
 잔액 ,-6.688837393099998,9.42057143644083,16.10940882954083
처인데 ,-6.688837393099998,9.42057143644083,16.10940882954083
0원 ,-6.688837393099998,9.42057143644083,16.10940882954083
 잔액,-6.688837393099998,9.42057143644083,16.10940882954083
 잔,-6.688837393099998,9.42057143644083,16.10940882954083
결과지 ,-6.688837393099998,9.42057143644083,16.10940882954083
 예정되,-6.688837393099998,9.42057143644083,16.10940882954083
 음식,-6.688837393099998,9.42057143644083,16.10940882954083
석으로 ,-6.688837393099998,9.42057143644083,16.10940882954083
석으로,-6.688837393099998,9.42057143644083,16.10940882954083
처인,-6.688837393099998,9.42057143644083,16.10940882954083
처인데,-6.688837393099998,9.42057143644083,16.10940882954083
하던데,-6.688837393099998,9.42057143644083,16.10940882954083
금제으로,-6.688837393099998,9.42057143644083,16.10940882954083
"있는데,",-6.688837393099998,9.42057143644083,16.10940882954083
588-,-6.688837393099998,9.42057143644083,16.10940882954083
도착할,-6.688837393099998,9.42057143644083,16.10940882954083
도착하냐,-6.688837393099998,9.42057143644083,16.10940882954083
 출금일,-6.688837393099998,9.42057143644083,16.10940882954083
 주식 ,-6.688837393099998,9.42057143644083,16.10940882954083
립금,-6.688837393099998,9.42057143644083,16.10940882954083
적립금,-6.688837393099998,9.42057143644083,16.10940882954083
잡아드리,-6.688837393099998,9.42057143644083,16.10940882954083
잡아드,-6.688837393099998,9.42057143644083,16.10940882954083
 타고,-6.688837393099998,9.42057143644083,16.10940882954083
 만료,-6.688837393099998,9.42057143644083,16.10940882954083
인천점,-6.688837393099998,9.42057143644083,16.10940882954083
 도착할,-6.688837393099998,9.42057143644083,16.10940882954083
림 ,-6.688837393099998,9.42057143644083,16.10940882954083
잔액 ,-6.688837393099998,9.42057143644083,16.10940882954083
잔액,-6.688837393099998,9.42057143644083,16.10940882954083
금제으,-6.688837393099998,9.42057143644083,16.10940882954083
도착할 ,-6.688837393099998,9.42057143644083,16.10940882954083
588,-6.688837393099998,9.42057143644083,16.10940882954083
제으로 ,-6.688837393099998,9.42057143644083,16.10940882954083
주식 ,-6.688837393099998,9.42057143644083,16.10940882954083
정되어,-6.688837393099998,9.42057143644083,16.10940882954083
레콤 ,-6.688837393099998,9.42057143644083,16.10940882954083
7시 ,-6.688837393099998,9.42057143644083,16.10940882954083
제으,-6.688837393099998,9.42057143644083,16.10940882954083
 타고 ,-6.688837393099998,9.42057143644083,16.10940882954083
8-,-6.688837393099998,9.42057143644083,16.10940882954083
88-,-6.688837393099998,9.42057143644083,16.10940882954083
이틀 ,-6.688837393099998,9.42057143644083,16.10940882954083
이틀,-6.688837393099998,9.42057143644083,16.10940882954083
제으로,-6.688837393099998,9.42057143644083,16.10940882954083
되도록 ,-6.688837393099998,9.42057143644083,16.10940882954083
제도가,-6.688837393099998,9.42057143644083,16.10940882954083
제도가 ,-6.688837393099998,9.42057143644083,16.10940882954083
"어머, ",-6.794086914806881,9.315321914733948,16.10940882954083
대한통,-6.794086914806881,9.315321914733948,16.10940882954083
탈퇴,-6.794086914806881,9.315321914733948,16.10940882954083
빴어.,-6.794086914806881,9.315321914733948,16.10940882954083
빴어. ,-6.794086914806881,9.315321914733948,16.10940882954083
 불편 ,-6.794086914806881,9.315321914733948,16.10940882954083
다!,-6.794086914806881,9.315321914733948,16.10940882954083
잖아.,-6.794086914806881,9.315321914733948,16.10940882954083
잖아. ,-6.794086914806881,9.315321914733948,16.10940882954083
바빴어.,-6.794086914806881,9.315321914733948,16.10940882954083
통운,-6.794086914806881,9.315321914733948,16.10940882954083
바빴어,-6.794086914806881,9.315321914733948,16.10940882954083
바빴,-6.794086914806881,9.315321914733948,16.10940882954083
잡아,-6.794086914806881,9.315321914733948,16.10940882954083
 그래?,-6.794086914806881,9.315321914733948,16.10940882954083
cj,-6.794086914806881,9.315321914733948,16.10940882954083
대한통운,-6.794086914806881,9.315321914733948,16.10940882954083
 마우,-6.794086914806881,9.315321914733948,16.10940882954083
 오랜만,-6.794086914806881,9.315321914733948,16.10940882954083
 오랜,-6.794086914806881,9.315321914733948,16.10940882954083
 해외 ,-6.794086914806881,9.315321914733948,16.10940882954083
빴어,-6.794086914806881,9.315321914733948,16.10940882954083
"어머,",-6.794086914806881,9.315321914733948,16.10940882954083
마켓 ,-6.794086914806881,9.315321914733948,16.10940882954083
래?,-6.794086914806881,9.315321914733948,16.10940882954083
래? ,-6.794086914806881,9.315321914733948,16.10940882954083
마트 ,-6.794086914806881,9.315321914733948,16.10940882954083
한통,-6.794086914806881,9.315321914733948,16.10940882954083
오나,-6.794086914806881,9.315321914733948,16.10940882954083
오나요,-6.794086914806881,9.315321914733948,16.10940882954083
오나요?,-6.794086914806881,9.315321914733948,16.10940882954083
한통운,-6.794086914806881,9.315321914733948,16.10940882954083
오랜,-6.794086914806881,9.315321914733948,16.10940882954083
오랜만,-6.794086914806881,9.315321914733948,16.10940882954083
오랜만이,-6.794086914806881,9.315321914733948,16.10940882954083
동이체 ,-6.794086914806881,9.315321914733948,16.10940882954083
봤잖아.,-6.794086914806881,9.315321914733948,16.10940882954083
봤잖아,-6.794086914806881,9.315321914733948,16.10940882954083
봤잖,-6.794086914806881,9.315321914733948,16.10940882954083
번가 ,-6.794086914806881,9.315321914733948,16.10940882954083
 배송비,-6.794086914806881,9.315321914733948,16.10940882954083
 드려서,-6.794086914806881,9.315321914733948,16.10940882954083
 이전 ,-6.794086914806881,9.315321914733948,16.10940882954083
배송해 ,-6.794086914806881,9.315321914733948,16.10940882954083
예정이었,-6.794086914806881,9.315321914733948,16.10940882954083
 지내?,-6.794086914806881,9.315321914733948,16.10940882954083
 바빴어,-6.794086914806881,9.315321914733948,16.10940882954083
내?,-6.794086914806881,9.315321914733948,16.10940882954083
랜만,-6.794086914806881,9.315321914733948,16.10940882954083
내? ,-6.794086914806881,9.315321914733948,16.10940882954083
불편 ,-6.794086914806881,9.315321914733948,16.10940882954083
 봤잖아,-6.794086914806881,9.315321914733948,16.10940882954083
 봤잖,-6.794086914806881,9.315321914733948,16.10940882954083
 바빴,-6.794086914806881,9.315321914733948,16.10940882954083
연될,-6.794086914806881,9.315321914733948,16.10940882954083
배송비,-6.794086914806881,9.315321914733948,16.10940882954083
연될 ,-6.794086914806881,9.315321914733948,16.10940882954083
발급해 ,-6.794086914806881,9.315321914733948,16.10940882954083
 낙지,-6.794086914806881,9.315321914733948,16.10940882954083
랜만이,-6.794086914806881,9.315321914733948,16.10940882954083
랜만이다,-6.794086914806881,9.315321914733948,16.10940882954083
 지연될,-6.794086914806881,9.315321914733948,16.10940882954083
 cj,-6.794086914806881,9.315321914733948,16.10940882954083
 잡아,-6.794086914806881,9.315321914733948,16.10940882954083
다! ,-6.794086914806881,9.315321914733948,16.10940882954083
1인 ,-6.794086914806881,9.315321914733948,16.10940882954083
 1인 ,-6.794086914806881,9.315321914733948,16.10940882954083
이다!,-6.794086914806881,9.315321914733948,16.10940882954083
1번가,-6.794086914806881,9.315321914733948,16.10940882954083
 좌석,-6.794086914806881,9.315321914733948,16.10940882954083
지내?,-6.794086914806881,9.315321914733948,16.10940882954083
지내? ,-6.794086914806881,9.315321914733948,16.10940882954083
"머,",-6.794086914806881,9.315321914733948,16.10940882954083
"머, ",-6.794086914806881,9.315321914733948,16.10940882954083
그래?,-6.794086914806881,9.315321914733948,16.10940882954083
기준 ,-6.794086914806881,9.315321914733948,16.10940882954083
 뉴,-6.794086914806881,9.315321914733948,16.10940882954083
송비,-6.794086914806881,9.315321914733948,16.10940882954083
길에,-6.794086914806881,9.315321914733948,16.10940882954083
먹자,-6.794086914806881,9.315321914733948,16.10940882954083
"먹자,",-6.794086914806881,9.315321914733948,16.10940882954083
이다! ,-6.794086914806881,9.315321914733948,16.10940882954083
마우,-6.794086914806881,9.315321914733948,16.10940882954083
지연될,-6.794086914806881,9.315321914733948,16.10940882954083
이었던 ,-6.794086914806881,9.315321914733948,16.10940882954083
이었던,-6.794086914806881,9.315321914733948,16.10940882954083
급해 ,-6.794086914806881,9.315321914733948,16.10940882954083
 길에,-6.794086914806881,9.315321914733948,16.10940882954083
그래? ,-6.794086914806881,9.315321914733948,16.10940882954083
만이다,-6.794086914806881,9.315321914733948,16.10940882954083
만이다!,-6.794086914806881,9.315321914733948,16.10940882954083
 탈퇴,-6.794086914806881,9.315321914733948,16.10940882954083
11번가,-6.794086914806881,9.315321914733948,16.10940882954083
 기준 ,-6.794086914806881,9.315321914733948,16.10940882954083
 길에 ,-6.794086914806881,9.315321914733948,16.10940882954083
 탈,-6.794086914806881,9.315321914733948,16.10940882954083
 좌,-6.794086914806881,9.315321914733948,16.10940882954083
정이었,-6.794086914806881,9.315321914733948,16.10940882954083
정이었던,-6.794086914806881,9.315321914733948,16.10940882954083
 먹자,-6.794086914806881,9.315321914733948,16.10940882954083
병원 ,-6.794086914806881,9.315321914733948,16.10940882954083
지연될 ,-6.794086914806881,9.315321914733948,16.10940882954083
드려서 ,-6.794086914806881,9.315321914733948,16.10940882954083
 마트 ,-6.794086914806881,9.315321914733948,16.10940882954083
드려서,-6.794086914806881,9.315321914733948,16.10940882954083
해외 ,-6.794086914806881,9.315321914733948,16.10940882954083
길에 ,-6.794086914806881,9.315321914733948,16.10940882954083
이전 ,-6.794086914806881,9.315321914733948,16.10940882954083
이체 ,-6.794086914806881,9.315321914733948,16.10940882954083
" 어머,",-6.794086914806881,9.315321914733948,16.10940882954083
 1인,-6.794086914806881,9.315321914733948,16.10940882954083
"먹자, ",-6.794086914806881,9.315321914733948,16.10940882954083
" 먹자,",-6.794086914806881,9.315321914733948,16.10940882954083
하루,-6.889306272214339,9.22010255732649,16.10940882954083
 산,-6.889306272214339,9.22010255732649,16.10940882954083
강병,-6.889306272214339,9.22010255732649,16.10940882954083
국택배,-6.889306272214339,9.22010255732649,16.10940882954083
스입니,-6.889306272214339,9.22010255732649,16.10940882954083
스입니다,-6.889306272214339,9.22010255732649,16.10940882954083
한가족,-6.889306272214339,9.22010255732649,16.10940882954083
한가족 ,-6.889306272214339,9.22010255732649,16.10940882954083
스입,-6.889306272214339,9.22010255732649,16.10940882954083
 다행이,-6.889306272214339,9.22010255732649,16.10940882954083
 안되는,-6.889306272214339,9.22010255732649,16.10940882954083
국택,-6.889306272214339,9.22010255732649,16.10940882954083
 쿠팡로,-6.889306272214339,9.22010255732649,16.10940882954083
제도,-6.889306272214339,9.22010255732649,16.10940882954083
서비스,-6.889306272214339,9.22010255732649,16.10940882954083
정도면,-6.889306272214339,9.22010255732649,16.10940882954083
서비,-6.889306272214339,9.22010255732649,16.10940882954083
어/,-6.889306272214339,9.22010255732649,16.10940882954083
어/ ,-6.889306272214339,9.22010255732649,16.10940882954083
 중앙의,-6.889306272214339,9.22010255732649,16.10940882954083
 인천,-6.889306272214339,9.22010255732649,16.10940882954083
정도면 ,-6.889306272214339,9.22010255732649,16.10940882954083
강병원,-6.889306272214339,9.22010255732649,16.10940882954083
 서비스,-6.889306272214339,9.22010255732649,16.10940882954083
좋겠네요,-6.889306272214339,9.22010255732649,16.10940882954083
 서비,-6.889306272214339,9.22010255732649,16.10940882954083
효기간이,-6.889306272214339,9.22010255732649,16.10940882954083
안되는,-6.889306272214339,9.22010255732649,16.10940882954083
한강병원,-6.889306272214339,9.22010255732649,16.10940882954083
비스,-6.889306272214339,9.22010255732649,16.10940882954083
 소포 ,-6.889306272214339,9.22010255732649,16.10940882954083
같네,-6.889306272214339,9.22010255732649,16.10940882954083
택배입,-6.889306272214339,9.22010255732649,16.10940882954083
택배입니,-6.889306272214339,9.22010255732649,16.10940882954083
 우체,-6.889306272214339,9.22010255732649,16.10940882954083
 케,-6.889306272214339,9.22010255732649,16.10940882954083
같네요.,-6.889306272214339,9.22010255732649,16.10940882954083
 어/ ,-6.889306272214339,9.22010255732649,16.10940882954083
품질,-6.889306272214339,9.22010255732649,16.10940882954083
 우체국,-6.889306272214339,9.22010255732649,16.10940882954083
쿠팡로켓,-6.889306272214339,9.22010255732649,16.10940882954083
쿠팡로,-6.889306272214339,9.22010255732649,16.10940882954083
앙의,-6.889306272214339,9.22010255732649,16.10940882954083
팡로켓,-6.889306272214339,9.22010255732649,16.10940882954083
 어/,-6.889306272214339,9.22010255732649,16.10940882954083
한강병,-6.889306272214339,9.22010255732649,16.10940882954083
팡로,-6.889306272214339,9.22010255732649,16.10940882954083
한강,-6.889306272214339,9.22010255732649,16.10940882954083
앙의원,-6.889306272214339,9.22010255732649,16.10940882954083
좋겠네,-6.889306272214339,9.22010255732649,16.10940882954083
소포 ,-6.889306272214339,9.22010255732649,16.10940882954083
같네요,-6.889306272214339,9.22010255732649,16.10940882954083
 품질,-6.889306272214339,9.22010255732649,16.10940882954083
 g마켓,-6.889306272214339,9.22010255732649,16.10940882954083
 한가,-6.889306272214339,9.22010255732649,16.10940882954083
배입니다,-6.889306272214339,9.22010255732649,16.10940882954083
배입니,-6.889306272214339,9.22010255732649,16.10940882954083
g마,-6.889306272214339,9.22010255732649,16.10940882954083
g마켓,-6.889306272214339,9.22010255732649,16.10940882954083
중앙의,-6.889306272214339,9.22010255732649,16.10940882954083
우체,-6.889306272214339,9.22010255732649,16.10940882954083
우체국,-6.889306272214339,9.22010255732649,16.10940882954083
도면 ,-6.889306272214339,9.22010255732649,16.10940882954083
 한가족,-6.889306272214339,9.22010255732649,16.10940882954083
우체국택,-6.889306272214339,9.22010255732649,16.10940882954083
 마트,-6.889306272214339,9.22010255732649,16.10940882954083
"인데,",-6.889306272214339,9.22010255732649,16.10940882954083
다행이,-6.889306272214339,9.22010255732649,16.10940882954083
"인데, ",-6.889306272214339,9.22010255732649,16.10940882954083
 g마,-6.889306272214339,9.22010255732649,16.10940882954083
 g,-6.889306272214339,9.22010255732649,16.10940882954083
 같네요,-6.889306272214339,9.22010255732649,16.10940882954083
 같네,-6.889306272214339,9.22010255732649,16.10940882954083
 정도면,-6.889306272214339,9.22010255732649,16.10940882954083
인천,-6.889306272214339,9.22010255732649,16.10940882954083
중앙의원,-6.889306272214339,9.22010255732649,16.10940882954083
도면,-6.889306272214339,9.22010255732649,16.10940882954083
 한강,-6.889306272214339,9.22010255732649,16.10940882954083
로켓,-6.889306272214339,9.22010255732649,16.10940882954083
 한강병,-6.889306272214339,9.22010255732649,16.10940882954083
체국택배,-6.889306272214339,9.22010255732649,16.10940882954083
체국택,-6.889306272214339,9.22010255732649,16.10940882954083
 좋겠네,-6.889306272214339,9.22010255732649,16.10940882954083
체국,-6.889306272214339,9.22010255732649,16.10940882954083
 하루,-6.889306272214339,9.22010255732649,16.10940882954083
강남클,-6.976241957571643,9.133166871969186,16.10940882954083
업일,-6.976241957571643,9.133166871969186,16.10940882954083
남클리,-6.976241957571643,9.133166871969186,16.10940882954083
남클리닉,-6.976241957571643,9.133166871969186,16.10940882954083
강남클리,-6.976241957571643,9.133166871969186,16.10940882954083
파손,-6.976241957571643,9.133166871969186,16.10940882954083
파손이,-6.976241957571643,9.133166871969186,16.10940882954083
파손이 ,-6.976241957571643,9.133166871969186,16.10940882954083
 오는,-6.976241957571643,9.133166871969186,16.10940882954083
재발급 ,-6.976241957571643,9.133166871969186,16.10940882954083
업일 ,-6.976241957571643,9.133166871969186,16.10940882954083
항은,-6.976241957571643,9.133166871969186,16.10940882954083
클리닉,-6.976241957571643,9.133166871969186,16.10940882954083
세트로,-6.976241957571643,9.133166871969186,16.10940882954083
세트로 ,-6.976241957571643,9.133166871969186,16.10940882954083
 재발송,-6.976241957571643,9.133166871969186,16.10940882954083
리닉,-6.976241957571643,9.133166871969186,16.10940882954083
남클,-6.976241957571643,9.133166871969186,16.10940882954083
인되어 ,-6.976241957571643,9.133166871969186,16.10940882954083
재발송 ,-6.976241957571643,9.133166871969186,16.10940882954083
사항은 ,-6.976241957571643,9.133166871969186,16.10940882954083
재발송,-6.976241957571643,9.133166871969186,16.10940882954083
두시면,-6.976241957571643,9.133166871969186,16.10940882954083
확인되어,-6.976241957571643,9.133166871969186,16.10940882954083
 영업일,-6.976241957571643,9.133166871969186,16.10940882954083
사항은,-6.976241957571643,9.133166871969186,16.10940882954083
 모레 ,-6.976241957571643,9.133166871969186,16.10940882954083
 처방,-6.976241957571643,9.133166871969186,16.10940882954083
인되어,-6.976241957571643,9.133166871969186,16.10940882954083
 사항은,-6.976241957571643,9.133166871969186,16.10940882954083
 모레,-6.976241957571643,9.133166871969186,16.10940882954083
 전체 ,-6.976241957571643,9.133166871969186,16.10940882954083
모레 ,-6.976241957571643,9.133166871969186,16.10940882954083
모레,-6.976241957571643,9.133166871969186,16.10940882954083
 오래 ,-6.976241957571643,9.133166871969186,16.10940882954083
두시면 ,-6.976241957571643,9.133166871969186,16.10940882954083
두시,-6.976241957571643,9.133166871969186,16.10940882954083
장해 ,-6.976241957571643,9.133166871969186,16.10940882954083
오래 ,-6.976241957571643,9.133166871969186,16.10940882954083
친절,-6.976241957571643,9.133166871969186,16.10940882954083
 포장해,-6.976241957571643,9.133166871969186,16.10940882954083
 파손,-6.976241957571643,9.133166871969186,16.10940882954083
처방,-6.976241957571643,9.133166871969186,16.10940882954083
 세트로,-6.976241957571643,9.133166871969186,16.10940882954083
항은 ,-6.976241957571643,9.133166871969186,16.10940882954083
 쿠폰 ,-6.976241957571643,9.133166871969186,16.10940882954083
 수거해,-6.976241957571643,9.133166871969186,16.10940882954083
 강남클,-6.976241957571643,9.133166871969186,16.10940882954083
수거해,-6.976241957571643,9.133166871969186,16.10940882954083
 이사,-6.976241957571643,9.133166871969186,16.10940882954083
 배송해,-6.976241957571643,9.133166871969186,16.10940882954083
 가니 ,-6.976241957571643,9.133166871969186,16.10940882954083
기간이 ,-6.976241957571643,9.133166871969186,16.10940882954083
레 ,-6.976241957571643,9.133166871969186,16.10940882954083
 택배 ,-6.976241957571643,9.133166871969186,16.10940882954083
 두시,-6.976241957571643,9.133166871969186,16.10940882954083
 두시면,-6.976241957571643,9.133166871969186,16.10940882954083
수거해 ,-6.976241957571643,9.133166871969186,16.10940882954083
 오는 ,-6.976241957571643,9.133166871969186,16.10940882954083
손이,-6.976241957571643,9.133166871969186,16.10940882954083
전체 ,-6.976241957571643,9.133166871969186,16.10940882954083
영업일,-6.976241957571643,9.133166871969186,16.10940882954083
거해 ,-6.976241957571643,9.133166871969186,16.10940882954083
포장해,-6.976241957571643,9.133166871969186,16.10940882954083
포장해 ,-6.976241957571643,9.133166871969186,16.10940882954083
영업일 ,-6.976241957571643,9.133166871969186,16.10940882954083
손이 ,-6.976241957571643,9.133166871969186,16.10940882954083
아이들 ,-6.976241957571643,9.133166871969186,16.10940882954083
거해,-6.976241957571643,9.133166871969186,16.10940882954083
 파손이,-6.976241957571643,9.133166871969186,16.10940882954083
 길인데,-7.056220614004165,9.053188215536665,16.10940882954083
 길인,-7.056220614004165,9.053188215536665,16.10940882954083
길인데 ,-7.056220614004165,9.053188215536665,16.10940882954083
 sk텔,-7.056220614004165,9.053188215536665,16.10940882954083
마켓,-7.056220614004165,9.053188215536665,16.10940882954083
길인데,-7.056220614004165,9.053188215536665,16.10940882954083
sg닷,-7.056220614004165,9.053188215536665,16.10940882954083
길인,-7.056220614004165,9.053188215536665,16.10940882954083
 다녀오,-7.056220614004165,9.053188215536665,16.10940882954083
sg,-7.056220614004165,9.053188215536665,16.10940882954083
 ssg,-7.056220614004165,9.053188215536665,16.10940882954083
 예정인,-7.056220614004165,9.053188215536665,16.10940882954083
 예정입,-7.056220614004165,9.053188215536665,16.10940882954083
g닷,-7.056220614004165,9.053188215536665,16.10940882954083
k텔,-7.056220614004165,9.053188215536665,16.10940882954083
 ss,-7.056220614004165,9.053188215536665,16.10940882954083
 가격 ,-7.056220614004165,9.053188215536665,16.10940882954083
효기,-7.056220614004165,9.053188215536665,16.10940882954083
 타르트,-7.056220614004165,9.053188215536665,16.10940882954083
k텔레콤,-7.056220614004165,9.053188215536665,16.10940882954083
이체,-7.056220614004165,9.053188215536665,16.10940882954083
 가겠습,-7.056220614004165,9.053188215536665,16.10940882954083
 매주,-7.056220614004165,9.053188215536665,16.10940882954083
다녀오,-7.056220614004165,9.053188215536665,16.10940882954083
매주 ,-7.056220614004165,9.053188215536665,16.10940882954083
매주,-7.056220614004165,9.053188215536665,16.10940882954083
통화하자,-7.056220614004165,9.053188215536665,16.10940882954083
포장,-7.056220614004165,9.053188215536665,16.10940882954083
닷컴,-7.056220614004165,9.053188215536665,16.10940882954083
k텔레,-7.056220614004165,9.053188215536665,16.10940882954083
맡겨드릴,-7.056220614004165,9.053188215536665,16.10940882954083
 매주 ,-7.056220614004165,9.053188215536665,16.10940882954083
효기간,-7.056220614004165,9.053188215536665,16.10940882954083
 타르,-7.056220614004165,9.053188215536665,16.10940882954083
다녀오는,-7.056220614004165,9.053188215536665,16.10940882954083
g닷컴,-7.056220614004165,9.053188215536665,16.10940882954083
 유효,-7.056220614004165,9.053188215536665,16.10940882954083
예정입니,-7.056220614004165,9.053188215536665,16.10940882954083
녀오,-7.056220614004165,9.053188215536665,16.10940882954083
유효기간,-7.056220614004165,9.053188215536665,16.10940882954083
유효기,-7.056220614004165,9.053188215536665,16.10940882954083
유효,-7.056220614004165,9.053188215536665,16.10940882954083
"인데요,",-7.056220614004165,9.053188215536665,16.10940882954083
타르트,-7.056220614004165,9.053188215536665,16.10940882954083
타르,-7.056220614004165,9.053188215536665,16.10940882954083
일리지로,-7.056220614004165,9.053188215536665,16.10940882954083
 밥 ,-7.056220614004165,9.053188215536665,16.10940882954083
자동이체,-7.056220614004165,9.053188215536665,16.10940882954083
 밥,-7.056220614004165,9.053188215536665,16.10940882954083
자동이,-7.056220614004165,9.053188215536665,16.10940882954083
천점,-7.056220614004165,9.053188215536665,16.10940882954083
르트,-7.056220614004165,9.053188215536665,16.10940882954083
sk텔레,-7.056220614004165,9.053188215536665,16.10940882954083
녀오는,-7.056220614004165,9.053188215536665,16.10940882954083
예정입,-7.056220614004165,9.053188215536665,16.10940882954083
예정인데,-7.056220614004165,9.053188215536665,16.10940882954083
 자동이,-7.056220614004165,9.053188215536665,16.10940882954083
예정인,-7.056220614004165,9.053188215536665,16.10940882954083
ss,-7.056220614004165,9.053188215536665,16.10940882954083
배송해,-7.056220614004165,9.053188215536665,16.10940882954083
겨드릴,-7.056220614004165,9.053188215536665,16.10940882954083
ssg,-7.056220614004165,9.053188215536665,16.10940882954083
 품,-7.056220614004165,9.053188215536665,16.10940882954083
 댁,-7.056220614004165,9.053188215536665,16.10940882954083
 포장,-7.056220614004165,9.053188215536665,16.10940882954083
가격 ,-7.056220614004165,9.053188215536665,16.10940882954083
ssg닷,-7.056220614004165,9.053188215536665,16.10940882954083
 유효기,-7.056220614004165,9.053188215536665,16.10940882954083
동이체,-7.056220614004165,9.053188215536665,16.10940882954083
겨드릴게,-7.056220614004165,9.053188215536665,16.10940882954083
녀오는 ,-7.056220614004165,9.053188215536665,16.10940882954083
화하자.,-7.056220614004165,9.053188215536665,16.10940882954083
 댁에,-7.056220614004165,9.053188215536665,16.10940882954083
텔레콤,-7.056220614004165,9.053188215536665,16.10940882954083
텔레,-7.056220614004165,9.053188215536665,16.10940882954083
 사전에,-7.056220614004165,9.053188215536665,16.10940882954083
 댁에 ,-7.056220614004165,9.053188215536665,16.10940882954083
리지로 ,-7.056220614004165,9.053188215536665,16.10940882954083
댁에,-7.056220614004165,9.053188215536665,16.10940882954083
사전에 ,-7.056220614004165,9.053188215536665,16.10940882954083
려주시면,-7.056220614004165,9.053188215536665,16.10940882954083
댁에 ,-7.056220614004165,9.053188215536665,16.10940882954083
sg닷컴,-7.056220614004165,9.053188215536665,16.10940882954083
레콤,-7.056220614004165,9.053188215536665,16.10940882954083
사전에,-7.056220614004165,9.053188215536665,16.10940882954083
리지로,-7.056220614004165,9.053188215536665,16.10940882954083
sk텔,-7.056220614004165,9.053188215536665,16.10940882954083
화하자,-7.056220614004165,9.053188215536665,16.10940882954083
 식단,-7.130273681828667,8.979135147712162,16.10940882954083
번가,-7.130273681828667,8.979135147712162,16.10940882954083
가니 ,-7.130273681828667,8.979135147712162,16.10940882954083
 이내로,-7.130273681828667,8.979135147712162,16.10940882954083
담사입,-7.130273681828667,8.979135147712162,16.10940882954083
 두고,-7.130273681828667,8.979135147712162,16.10940882954083
수거 ,-7.130273681828667,8.979135147712162,16.10940882954083
먹을,-7.130273681828667,8.979135147712162,16.10940882954083
담사입니,-7.130273681828667,8.979135147712162,16.10940882954083
먹을 ,-7.130273681828667,8.979135147712162,16.10940882954083
즈로,-7.130273681828667,8.979135147712162,16.10940882954083
 먹을,-7.130273681828667,8.979135147712162,16.10940882954083
한진,-7.130273681828667,8.979135147712162,16.10940882954083
식단,-7.130273681828667,8.979135147712162,16.10940882954083
격 ,-7.130273681828667,8.979135147712162,16.10940882954083
신청하시,-7.130273681828667,8.979135147712162,16.10940882954083
심은 ,-7.130273681828667,8.979135147712162,16.10940882954083
접수됐습,-7.130273681828667,8.979135147712162,16.10940882954083
즈로 ,-7.130273681828667,8.979135147712162,16.10940882954083
금제 ,-7.130273681828667,8.979135147712162,16.10940882954083
 먹을 ,-7.130273681828667,8.979135147712162,16.10940882954083
이내로,-7.130273681828667,8.979135147712162,16.10940882954083
이내로 ,-7.130273681828667,8.979135147712162,16.10940882954083
병원,-7.130273681828667,8.979135147712162,16.10940882954083
심은,-7.130273681828667,8.979135147712162,16.10940882954083
할인,-7.130273681828667,8.979135147712162,16.10940882954083
접수됐,-7.130273681828667,8.979135147712162,16.10940882954083
 수거 ,-7.130273681828667,8.979135147712162,16.10940882954083
한진택,-7.130273681828667,8.979135147712162,16.10940882954083
한진택배,-7.130273681828667,8.979135147712162,16.10940882954083
 두고 ,-7.130273681828667,8.979135147712162,16.10940882954083
기사님이,-7.130273681828667,8.979135147712162,16.10940882954083
청하시,-7.130273681828667,8.979135147712162,16.10940882954083
항공권 ,-7.130273681828667,8.979135147712162,16.10940882954083
/반,-7.130273681828667,8.979135147712162,16.10940882954083
 달부터,-7.130273681828667,8.979135147712162,16.10940882954083
이즈로 ,-7.130273681828667,8.979135147712162,16.10940882954083
리됩니다,-7.130273681828667,8.979135147712162,16.10940882954083
항공권,-7.130273681828667,8.979135147712162,16.10940882954083
 접수됐,-7.130273681828667,8.979135147712162,16.10940882954083
환/반품,-7.130273681828667,8.979135147712162,16.10940882954083
사님이,-7.130273681828667,8.979135147712162,16.10940882954083
진택,-7.130273681828667,8.979135147712162,16.10940882954083
진택배,-7.130273681828667,8.979135147712162,16.10940882954083
 달부,-7.130273681828667,8.979135147712162,16.10940882954083
환/반,-7.130273681828667,8.979135147712162,16.10940882954083
환/,-7.130273681828667,8.979135147712162,16.10940882954083
 항공권,-7.130273681828667,8.979135147712162,16.10940882954083
/반품,-7.130273681828667,8.979135147712162,16.10940882954083
사님이 ,-7.130273681828667,8.979135147712162,16.10940882954083
공권,-7.130273681828667,8.979135147712162,16.10940882954083
공권 ,-7.130273681828667,8.979135147712162,16.10940882954083
사이즈 ,-7.130273681828667,8.979135147712162,16.10940882954083
 처리됩,-7.130273681828667,8.979135147712162,16.10940882954083
사이즈로,-7.130273681828667,8.979135147712162,16.10940882954083
교환/,-7.130273681828667,8.979135147712162,16.10940882954083
교환/반,-7.130273681828667,8.979135147712162,16.10940882954083
상담사입,-7.130273681828667,8.979135147712162,16.10940882954083
근처,-7.130273681828667,8.979135147712162,16.10940882954083
요금제 ,-7.130273681828667,8.979135147712162,16.10940882954083
유심은 ,-7.130273681828667,8.979135147712162,16.10940882954083
이즈로,-7.130273681828667,8.979135147712162,16.10940882954083
이즈 ,-7.130273681828667,8.979135147712162,16.10940882954083
유심은,-7.130273681828667,8.979135147712162,16.10940882954083
처리됩니,-7.130273681828667,8.979135147712162,16.10940882954083
내과,-7.130273681828667,8.979135147712162,16.10940882954083
처리됩,-7.130273681828667,8.979135147712162,16.10940882954083
달부터 ,-7.130273681828667,8.979135147712162,16.10940882954083
달부터,-7.130273681828667,8.979135147712162,16.10940882954083
 소포,-7.130273681828667,8.979135147712162,16.10940882954083
달부,-7.130273681828667,8.979135147712162,16.10940882954083
 한진,-7.130273681828667,8.979135147712162,16.10940882954083
소포,-7.130273681828667,8.979135147712162,16.10940882954083
 한진택,-7.130273681828667,8.979135147712162,16.10940882954083
/반품 ,-7.130273681828667,8.979135147712162,16.10940882954083
 할인,-7.130273681828667,8.979135147712162,16.10940882954083
 근처,-7.130273681828667,8.979135147712162,16.10940882954083
두고 ,-7.130273681828667,8.979135147712162,16.10940882954083
원하시,-7.130273681828667,8.979135147712162,16.10940882954083
 유심은,-7.130273681828667,8.979135147712162,16.10940882954083
 유심,-7.130273681828667,8.979135147712162,16.10940882954083
 원하시,-7.130273681828667,8.979135147712162,16.10940882954083
 원하,-7.130273681828667,8.979135147712162,16.10940882954083
원하시면,-7.130273681828667,8.979135147712162,16.10940882954083
리됩,-7.130273681828667,8.979135147712162,16.10940882954083
리됩니,-7.130273681828667,8.979135147712162,16.10940882954083
유심,-7.130273681828667,8.979135147712162,16.10940882954083
 교환/,-7.130273681828667,8.979135147712162,16.10940882954083
환불은,-7.199218967125121,8.910189862415708,16.10940882954083
환불은 ,-7.199218967125121,8.910189862415708,16.10940882954083
휴 ,-7.199218967125121,8.910189862415708,16.10940882954083
딸기,-7.199218967125121,8.910189862415708,16.10940882954083
핑몰,-7.199218967125121,8.910189862415708,16.10940882954083
두고,-7.199218967125121,8.910189862415708,16.10940882954083
 롯데,-7.199218967125121,8.910189862415708,16.10940882954083
 롯,-7.199218967125121,8.910189862415708,16.10940882954083
 주소가,-7.199218967125121,8.910189862415708,16.10940882954083
 주식,-7.199218967125121,8.910189862415708,16.10940882954083
 딸기 ,-7.199218967125121,8.910189862415708,16.10940882954083
 딸기,-7.199218967125121,8.910189862415708,16.10940882954083
 딸,-7.199218967125121,8.910189862415708,16.10940882954083
롯데,-7.199218967125121,8.910189862415708,16.10940882954083
딸기 ,-7.199218967125121,8.910189862415708,16.10940882954083
점이나,-7.199218967125121,8.910189862415708,16.10940882954083
 쇼핑몰,-7.199218967125121,8.910189862415708,16.10940882954083
점이나 ,-7.199218967125121,8.910189862415708,16.10940882954083
송하러,-7.199218967125121,8.910189862415708,16.10940882954083
제휴,-7.199218967125121,8.910189862415708,16.10940882954083
제휴 ,-7.199218967125121,8.910189862415708,16.10940882954083
송하러 ,-7.199218967125121,8.910189862415708,16.10940882954083
주소가,-7.199218967125121,8.910189862415708,16.10940882954083
주소가 ,-7.199218967125121,8.910189862415708,16.10940882954083
쇼핑몰,-7.199218967125121,8.910189862415708,16.10940882954083
주식,-7.199218967125121,8.910189862415708,16.10940882954083
 제휴 ,-7.199218967125121,8.910189862415708,16.10940882954083
 제휴,-7.199218967125121,8.910189862415708,16.10940882954083
의점이나,-7.199218967125121,8.910189862415708,16.10940882954083
멤버,-7.199218967125121,8.910189862415708,16.10940882954083
사용하실,-7.199218967125121,8.910189862415708,16.10940882954083
 와 ,-7.199218967125121,8.910189862415708,16.10940882954083
불은 ,-7.199218967125121,8.910189862415708,16.10940882954083
불은,-7.199218967125121,8.910189862415708,16.10940882954083
 배송하,-7.199218967125121,8.910189862415708,16.10940882954083
버십 ,-7.199218967125121,8.910189862415708,16.10940882954083
버십,-7.199218967125121,8.910189862415708,16.10940882954083
용하실,-7.199218967125121,8.910189862415708,16.10940882954083
용하실 ,-7.199218967125121,8.910189862415708,16.10940882954083
배송하러,-7.199218967125121,8.910189862415708,16.10940882954083
배송하,-7.199218967125121,8.910189862415708,16.10940882954083
 문의 ,-7.199218967125121,8.910189862415708,16.10940882954083
소멸 ,-7.199218967125121,8.910189862415708,16.10940882954083
 멤버십,-7.199218967125121,8.910189862415708,16.10940882954083
 멤버,-7.199218967125121,8.910189862415708,16.10940882954083
 멤,-7.199218967125121,8.910189862415708,16.10940882954083
멸 ,-7.199218967125121,8.910189862415708,16.10940882954083
멤버십 ,-7.199218967125121,8.910189862415708,16.10940882954083
멤버십,-7.199218967125121,8.910189862415708,16.10940882954083
 환불은,-7.199218967125121,8.910189862415708,16.10940882954083
 소멸 ,-7.199218967125121,8.910189862415708,16.10940882954083
000점,-7.199218967125121,8.910189862415708,16.10940882954083
편의점이,-7.199218967125121,8.910189862415708,16.10940882954083
00점이,-7.199218967125121,8.910189862415708,16.10940882954083
0점이 ,-7.199218967125121,8.910189862415708,16.10940882954083
0점이,-7.199218967125121,8.910189862415708,16.10940882954083
렸으,-7.2637158484881965,8.845692981052455,16.10940882954065
발송해 ,-7.2637158484881965,8.845692981052455,16.10940882954065
0원,-7.2637158484881965,8.845692981052455,16.10940882954065
 검토가,-7.2637158484881965,8.845692981052455,16.10940882954065
 검토,-7.2637158484881965,8.845692981052455,16.10940882954065
 편의점,-7.2637158484881965,8.845692981052455,16.10940882954065
회수가 ,-7.2637158484881965,8.845692981052455,16.10940882954065
 맡겨드,-7.2637158484881965,8.845692981052455,16.10940882954065
팅 ,-7.2637158484881965,8.845692981052455,16.10940882954065
결과는 ,-7.2637158484881965,8.845692981052455,16.10940882954065
결과는,-7.2637158484881965,8.845692981052455,16.10940882954065
렸으니,-7.2637158484881965,8.845692981052455,16.10940882954065
회수가,-7.2637158484881965,8.845692981052455,16.10940882954065
주문하신,-7.2637158484881965,8.845692981052455,16.10940882954065
 앱 ,-7.2637158484881965,8.845692981052455,16.10940882954065
 가격,-7.2637158484881965,8.845692981052455,16.10940882954065
의는 ,-7.2637158484881965,8.845692981052455,16.10940882954065
밥 ,-7.2637158484881965,8.845692981052455,16.10940882954065
맡겨드,-7.2637158484881965,8.845692981052455,16.10940882954065
 맡겨,-7.2637158484881965,8.845692981052455,16.10940882954065
맡겨,-7.2637158484881965,8.845692981052455,16.10940882954065
 드렸으,-7.2637158484881965,8.845692981052455,16.10940882954065
검토,-7.2637158484881965,8.845692981052455,16.10940882954065
검토가,-7.2637158484881965,8.845692981052455,16.10940882954065
토가,-7.2637158484881965,8.845692981052455,16.10940882954065
토가 ,-7.2637158484881965,8.845692981052455,16.10940882954065
검토가 ,-7.2637158484881965,8.845692981052455,16.10940882954065
구매하신,-7.2637158484881965,8.845692981052455,16.10940882954065
 결과는,-7.2637158484881965,8.845692981052455,16.10940882954065
 채팅,-7.2637158484881965,8.845692981052455,16.10940882954065
 채팅 ,-7.2637158484881965,8.845692981052455,16.10940882954065
 출고,-7.2637158484881965,8.845692981052455,16.10940882954065
00원,-7.2637158484881965,8.845692981052455,16.10940882954065
이용해 ,-7.2637158484881965,8.845692981052455,16.10940882954065
드렸으니,-7.2637158484881965,8.845692981052455,16.10940882954065
드렸으,-7.2637158484881965,8.845692981052455,16.10940882954065
의는,-7.2637158484881965,8.845692981052455,16.10940882954065
편의점,-7.2637158484881965,8.845692981052455,16.10940882954065
렸으니 ,-7.2637158484881965,8.845692981052455,16.10940882954065
용해 ,-7.2637158484881965,8.845692981052455,16.10940882954065
 문의는,-7.2637158484881965,8.845692981052455,16.10940882954065
문의는 ,-7.2637158484881965,8.845692981052455,16.10940882954065
가격,-7.2637158484881965,8.845692981052455,16.10940882954065
앱 ,-7.2637158484881965,8.845692981052455,16.10940882954065
채팅,-7.2637158484881965,8.845692981052455,16.10940882954065
 강남,-7.2637158484881965,8.845692981052455,16.10940882954065
채팅 ,-7.2637158484881965,8.845692981052455,16.10940882954065
강남,-7.2637158484881965,8.845692981052455,16.10940882954065
겨드,-7.2637158484881965,8.845692981052455,16.10940882954065
문의는,-7.2637158484881965,8.845692981052455,16.10940882954065
 회수가,-7.2637158484881965,8.845692981052455,16.10940882954065
출고,-7.2637158484881965,8.845692981052455,16.10940882954065
약하,-7.324303727887344,8.785105101653308,16.10940882954065
같아서요,-7.324303727887344,8.785105101653308,16.10940882954065
kt ,-7.324303727887344,8.785105101653308,16.10940882954065
편하신,-7.324303727887344,8.785105101653308,16.10940882954065
분증만,-7.324303727887344,8.785105101653308,16.10940882954065
비하실,-7.324303727887344,8.785105101653308,16.10940882954065
분증만 ,-7.324303727887344,8.785105101653308,16.10940882954065
문해 ,-7.324303727887344,8.785105101653308,16.10940882954065
 없고요,-7.324303727887344,8.785105101653308,16.10940882954065
약하신 ,-7.324303727887344,8.785105101653308,16.10940882954065
비하실 ,-7.324303727887344,8.785105101653308,16.10940882954065
플러스 ,-7.324303727887344,8.785105101653308,16.10940882954065
"없고요,",-7.324303727887344,8.785105101653308,16.10940882954065
러스 ,-7.324303727887344,8.785105101653308,16.10940882954065
약하신,-7.324303727887344,8.785105101653308,16.10940882954065
인하시는,-7.324303727887344,8.785105101653308,16.10940882954065
 kt ,-7.324303727887344,8.785105101653308,16.10940882954065
없고요,-7.324303727887344,8.785105101653308,16.10940882954065
방문해 ,-7.324303727887344,8.785105101653308,16.10940882954065
과입니다,-7.324303727887344,8.785105101653308,16.10940882954065
져오시면,-7.324303727887344,8.785105101653308,16.10940882954065
져오시,-7.324303727887344,8.785105101653308,16.10940882954065
7시,-7.324303727887344,8.785105101653308,16.10940882954065
가져오시,-7.324303727887344,8.785105101653308,16.10940882954065
 나왔는,-7.324303727887344,8.785105101653308,16.10940882954065
예약하,-7.324303727887344,8.785105101653308,16.10940882954065
신분증만,-7.324303727887344,8.785105101653308,16.10940882954065
과입,-7.324303727887344,8.785105101653308,16.10940882954065
켓 ,-7.324303727887344,8.785105101653308,16.10940882954065
증만,-7.324303727887344,8.785105101653308,16.10940882954065
 예약하,-7.324303727887344,8.785105101653308,16.10940882954065
증만 ,-7.324303727887344,8.785105101653308,16.10940882954065
좌석,-7.324303727887344,8.785105101653308,16.10940882954065
 7시,-7.324303727887344,8.785105101653308,16.10940882954065
나왔는데,-7.324303727887344,8.785105101653308,16.10940882954065
나왔는,-7.324303727887344,8.785105101653308,16.10940882954065
 편하신,-7.324303727887344,8.785105101653308,16.10940882954065
과입니,-7.324303727887344,8.785105101653308,16.10940882954065
준비하실,-7.324303727887344,8.785105101653308,16.10940882954065
편하신 ,-7.324303727887344,8.785105101653308,16.10940882954065
예약하신,-7.324303727887344,8.785105101653308,16.10940882954065
방문하시,-7.381429480667439,8.727979348873212,16.10940882954065
 준비하,-7.381429480667439,8.727979348873212,16.10940882954065
 점검 ,-7.381429480667439,8.727979348873212,16.10940882954065
유지하,-7.381429480667439,8.727979348873212,16.10940882954065
 점검,-7.381429480667439,8.727979348873212,16.10940882954065
유지하시,-7.381429480667439,8.727979348873212,16.10940882954065
 방문 ,-7.381429480667439,8.727979348873212,16.10940882954065
 미사,-7.381429480667439,8.727979348873212,16.10940882954065
 kt,-7.381429480667439,8.727979348873212,16.10940882954065
 정기 ,-7.381429480667439,8.727979348873212,16.10940882954065
 미사용,-7.381429480667439,8.727979348873212,16.10940882954065
 오랫동,-7.381429480667439,8.727979348873212,16.10940882954065
미사용 ,-7.381429480667439,8.727979348873212,16.10940882954065
성화 ,-7.381429480667439,8.727979348873212,16.10940882954065
 있어?,-7.381429480667439,8.727979348873212,16.10940882954065
미사용,-7.381429480667439,8.727979348873212,16.10940882954065
방문 ,-7.381429480667439,8.727979348873212,16.10940882954065
미사,-7.381429480667439,8.727979348873212,16.10940882954065
문하시,-7.381429480667439,8.727979348873212,16.10940882954065
문하시거,-7.381429480667439,8.727979348873212,16.10940882954065
kt,-7.381429480667439,8.727979348873212,16.10940882954065
성화,-7.381429480667439,8.727979348873212,16.10940882954065
 아이들,-7.381429480667439,8.727979348873212,16.10940882954065
영업점 ,-7.381429480667439,8.727979348873212,16.10940882954065
점검,-7.381429480667439,8.727979348873212,16.10940882954065
점검 ,-7.381429480667439,8.727979348873212,16.10940882954065
 오랫,-7.381429480667439,8.727979348873212,16.10940882954065
정기 ,-7.381429480667439,8.727979348873212,16.10940882954065
낙지,-7.381429480667439,8.727979348873212,16.10940882954065
져오,-7.381429480667439,8.727979348873212,16.10940882954065
하시려면,-7.381429480667439,8.727979348873212,16.10940882954065
하시려,-7.381429480667439,8.727979348873212,16.10940882954065
활성,-7.381429480667439,8.727979348873212,16.10940882954065
준비하,-7.381429480667439,8.727979348873212,16.10940882954065
가져오,-7.381429480667439,8.727979348873212,16.10940882954065
중이신,-7.381429480667439,8.727979348873212,16.10940882954065
중이신 ,-7.381429480667439,8.727979348873212,16.10940882954065
영업점,-7.381429480667439,8.727979348873212,16.10940882954065
아이들,-7.381429480667439,8.727979348873212,16.10940882954065
 기사님,-7.381429480667439,8.727979348873212,16.10940882954065
 유지하,-7.381429480667439,8.727979348873212,16.10940882954065
 유지,-7.381429480667439,8.727979348873212,16.10940882954065
지하시,-7.381429480667439,8.727979348873212,16.10940882954065
지하시려,-7.381429480667439,8.727979348873212,16.10940882954065
 영업점,-7.381429480667439,8.727979348873212,16.10940882954065
회수 ,-7.381429480667439,8.727979348873212,16.10940882954065
 소멸,-7.381429480667439,8.727979348873212,16.10940882954065
 활성,-7.381429480667439,8.727979348873212,16.10940882954065
아서요.,-7.381429480667439,8.727979348873212,16.10940882954065
 활성화,-7.381429480667439,8.727979348873212,16.10940882954065
아서요,-7.381429480667439,8.727979348873212,16.10940882954065
 회수 ,-7.381429480667439,8.727979348873212,16.10940882954065
 쿠폰,-7.381429480667439,8.727979348873212,16.10940882954065
활성화,-7.381429480667439,8.727979348873212,16.10940882954065
유지,-7.381429480667439,8.727979348873212,16.10940882954065
소멸,-7.381429480667439,8.727979348873212,16.10940882954065
활성화 ,-7.381429480667439,8.727979348873212,16.10940882954065
오랫,-7.381429480667439,8.727979348873212,16.10940882954065
업점,-7.381429480667439,8.727979348873212,16.10940882954065
업점 ,-7.381429480667439,8.727979348873212,16.10940882954065
오랫동,-7.381429480667439,8.727979348873212,16.10940882954065
랫동,-7.381429480667439,8.727979348873212,16.10940882954065
랫동안,-7.381429480667439,8.727979348873212,16.10940882954065
오랫동안,-7.381429480667439,8.727979348873212,16.10940882954065
랫동안 ,-7.381429480667439,8.727979348873212,16.10940882954065
비하,-7.381429480667439,8.727979348873212,16.10940882954065
있어?,-7.381429480667439,8.727979348873212,16.10940882954065
 가져오,-7.381429480667439,8.727979348873212,16.10940882954065
려서 ,-7.381429480667439,8.727979348873212,16.10940882954065
 중이신,-7.381429480667439,8.727979348873212,16.10940882954065
있어? ,-7.381429480667439,8.727979348873212,16.10940882954065
 학습,-7.435467477979911,8.67394135156074,16.10940882954065
 쿠팡,-7.435467477979911,8.67394135156074,16.10940882954065
 반품 ,-7.435467477979911,8.67394135156074,16.10940882954065
재발급,-7.435467477979911,8.67394135156074,16.10940882954065
유플러스,-7.435467477979911,8.67394135156074,16.10940882954065
유플,-7.435467477979911,8.67394135156074,16.10940882954065
 lg유,-7.435467477979911,8.67394135156074,16.10940882954065
lg유플,-7.435467477979911,8.67394135156074,16.10940882954065
유플러,-7.435467477979911,8.67394135156074,16.10940882954065
lg,-7.435467477979911,8.67394135156074,16.10940882954065
 재발급,-7.435467477979911,8.67394135156074,16.10940882954065
 lg,-7.435467477979911,8.67394135156074,16.10940882954065
lg유,-7.435467477979911,8.67394135156074,16.10940882954065
 반품,-7.435467477979911,8.67394135156074,16.10940882954065
쿠팡,-7.435467477979911,8.67394135156074,16.10940882954065
좋을 ,-7.435467477979911,8.67394135156074,16.10940882954065
매장에,-7.435467477979911,8.67394135156074,16.10940882954065
g유,-7.435467477979911,8.67394135156074,16.10940882954065
g유플,-7.435467477979911,8.67394135156074,16.10940882954065
g유플러,-7.435467477979911,8.67394135156074,16.10940882954065
매장에서,-7.435467477979911,8.67394135156074,16.10940882954065
이네요.,-7.435467477979911,8.67394135156074,16.10940882954065
이네요,-7.435467477979911,8.67394135156074,16.10940882954065
이네,-7.435467477979911,8.67394135156074,16.10940882954065
 매장에,-7.435467477979911,8.67394135156074,16.10940882954065
 좋을 ,-7.435467477979911,8.67394135156074,16.10940882954065
 편하,-7.435467477979911,8.67394135156074,16.10940882954065
학습,-7.435467477979911,8.67394135156074,16.10940882954065
 가져,-7.486734470075216,8.622674359465435,16.10940882954065
사다,-7.486734470075216,8.622674359465435,16.10940882954065
좋을,-7.486734470075216,8.622674359465435,16.10940882954065
줄게.,-7.486734470075216,8.622674359465435,16.10940882954065
줄게. ,-7.486734470075216,8.622674359465435,16.10940882954065
 사다,-7.486734470075216,8.622674359465435,16.10940882954065
 좋을,-7.486734470075216,8.622674359465435,16.10940882954065
사다 ,-7.486734470075216,8.622674359465435,16.10940882954065
 사다 ,-7.486734470075216,8.622674359465435,16.10940882954065
 줄게.,-7.486734470075216,8.622674359465435,16.10940882954065
가져,-7.486734470075216,8.622674359465435,16.10940882954065
배달 ,-7.535500836336482,8.57390799320417,16.10940882954065
기사입니,-7.535500836336482,8.57390799320417,16.10940882954065
 기사입,-7.535500836336482,8.57390799320417,16.10940882954065
 주문하,-7.535500836336482,8.57390799320417,16.10940882954065
 배달 ,-7.535500836336482,8.57390799320417,16.10940882954065
0000,-7.535500836336482,8.57390799320417,16.10940882954065
배달,-7.535500836336482,8.57390799320417,16.10940882954065
 배달,-7.535500836336482,8.57390799320417,16.10940882954065
기사님,-7.535500836336482,8.57390799320417,16.10940882954065
기사입,-7.535500836336482,8.57390799320417,16.10940882954065
가까운 ,-7.581999217017943,8.527409612522709,16.10940882954065
비실에 ,-7.581999217017943,8.527409612522709,16.10940882954065
 정말 ,-7.581999217017943,8.527409612522709,16.10940882954065
까운,-7.581999217017943,8.527409612522709,16.10940882954065
비실에,-7.581999217017943,8.527409612522709,16.10940882954065
주문하,-7.581999217017943,8.527409612522709,16.10940882954065
정이라 ,-7.581999217017943,8.527409612522709,16.10940882954065
정말 ,-7.581999217017943,8.527409612522709,16.10940882954065
 택배,-7.581999217017943,8.527409612522709,16.10940882954065
예정이라,-7.581999217017943,8.527409612522709,16.10940882954065
경비실에,-7.581999217017943,8.527409612522709,16.10940882954065
까운 ,-7.581999217017943,8.527409612522709,16.10940882954065
 가까운,-7.581999217017943,8.527409612522709,16.10940882954065
! ,-7.581999217017943,8.527409612522709,16.10940882954065
가까운,-7.581999217017943,8.527409612522709,16.10940882954065
경비실,-7.626431225526847,8.482977604013804,16.10940882954065
요금제,-7.626431225526847,8.482977604013804,16.10940882954065
 요금제,-7.626431225526847,8.482977604013804,16.10940882954065
비실,-7.626431225526847,8.482977604013804,16.10940882954065
야겠네요,-7.626431225526847,8.482977604013804,16.10940882954065
 담당입,-7.626431225526847,8.482977604013804,16.10940882954065
당입니,-7.626431225526847,8.482977604013804,16.10940882954065
 주 ,-7.626431225526847,8.482977604013804,16.10940882954065
당입니다,-7.626431225526847,8.482977604013804,16.10940882954065
담당입니,-7.626431225526847,8.482977604013804,16.10940882954065
담당입,-7.626431225526847,8.482977604013804,16.10940882954065
야겠네,-7.626431225526847,8.482977604013804,16.10940882954065
당입,-7.626431225526847,8.482977604013804,16.10940882954065
금제,-7.626431225526847,8.482977604013804,16.10940882954065
 경비실,-7.626431225526847,8.482977604013804,16.10940882954065
반찬,-7.626431225526847,8.482977604013804,16.10940882954065
 반찬,-7.626431225526847,8.482977604013804,16.10940882954065
러스,-7.668972731712735,8.440436097827916,16.10940882954065
택배 ,-7.668972731712735,8.440436097827916,16.10940882954065
인트 ,-7.668972731712735,8.440436097827916,16.10940882954065
경비,-7.668972731712735,8.440436097827916,16.10940882954065
정말,-7.668972731712735,8.440436097827916,16.10940882954065
 경비,-7.668972731712735,8.440436097827916,16.10940882954065
포인트 ,-7.668972731712735,8.440436097827916,16.10940882954065
 요금,-7.668972731712735,8.440436097827916,16.10940882954065
플러스,-7.668972731712735,8.440436097827916,16.10940882954065
플러,-7.668972731712735,8.440436097827916,16.10940882954065
 정말,-7.668972731712735,8.440436097827916,16.10940882954065
배 ,-7.668972731712735,8.440436097827916,16.10940882954065
 세트,-7.7097780663691005,8.399630763171551,16.10940882954065
앱에서 ,-7.7097780663691005,8.399630763171551,16.10940882954065
 앱에,-7.7097780663691005,8.399630763171551,16.10940882954065
앱에,-7.7097780663691005,8.399630763171551,16.10940882954065
 앱에서,-7.7097780663691005,8.399630763171551,16.10940882954065
앱에서,-7.7097780663691005,8.399630763171551,16.10940882954065
마일리지,-7.7097780663691005,8.399630763171551,16.10940882954065
 마일리,-7.7097780663691005,8.399630763171551,16.10940882954065
마일리,-7.7097780663691005,8.399630763171551,16.10940882954065
일리지,-7.7097780663691005,8.399630763171551,16.10940882954065
세트,-7.7097780663691005,8.399630763171551,16.10940882954065
일리,-7.7097780663691005,8.399630763171551,16.10940882954065
요금,-7.7097780663691005,8.399630763171551,16.10940882954065
재중이,-7.7489834009401335,8.360425428600518,16.10940882954065
기존 ,-7.7489834009401335,8.360425428600518,16.10940882954065
참해 ,-7.7489834009401335,8.360425428600518,16.10940882954065
참해,-7.7489834009401335,8.360425428600518,16.10940882954065
지참해 ,-7.7489834009401335,8.360425428600518,16.10940882954065
지참해,-7.7489834009401335,8.360425428600518,16.10940882954065
 오실 ,-7.7489834009401335,8.360425428600518,16.10940882954065
 오실,-7.7489834009401335,8.360425428600518,16.10940882954065
 부재,-7.7489834009401335,8.360425428600518,16.10940882954065
부재중이,-7.7489834009401335,8.360425428600518,16.10940882954065
 기존 ,-7.7489834009401335,8.360425428600518,16.10940882954065
재중,-7.7489834009401335,8.360425428600518,16.10940882954065
 마일,-7.7489834009401335,8.360425428600518,16.10940882954065
중이시면,-7.7489834009401335,8.360425428600518,16.10940882954065
송해 ,-7.7489834009401335,8.360425428600518,16.10940882954065
존 ,-7.7489834009401335,8.360425428600518,16.10940882954065
 지참해,-7.7489834009401335,8.360425428600518,16.10940882954065
부재중,-7.7489834009401335,8.360425428600518,16.10940882954065
 부재중,-7.7489834009401335,8.360425428600518,16.10940882954065
부재,-7.7489834009401335,8.360425428600518,16.10940882954065
재중이시,-7.7489834009401335,8.360425428600518,16.10940882954065
상담사,-7.786709489284098,8.322699340256554,16.10940882954065
 상담사,-7.786709489284098,8.322699340256554,16.10940882954065
 수거,-7.786709489284098,8.322699340256554,16.10940882954065
/ ,-7.786709489284098,8.322699340256554,16.10940882954065
담사,-7.786709489284098,8.322699340256554,16.10940882954065
"주시고,",-7.786709489284098,8.322699340256554,16.10940882954065
"시고,",-7.786709489284098,8.322699340256554,16.10940882954065
"시고, ",-7.786709489284098,8.322699340256554,16.10940882954065
항공,-7.823063910751591,8.28634491878906,16.10940882954065
 항공,-7.823063910751591,8.28634491878906,16.10940882954065
정이고요,-7.823063910751591,8.28634491878906,16.10940882954065
정이고,-7.823063910751591,8.28634491878906,16.10940882954065
 사이즈,-7.823063910751591,8.28634491878906,16.10940882954065
사이즈,-7.823063910751591,8.28634491878906,16.10940882954065
 교환 ,-7.823063910751591,8.28634491878906,16.10940882954065
교환 ,-7.823063910751591,8.28634491878906,16.10940882954065
이즈,-7.823063910751591,8.28634491878906,16.10940882954065
예정이고,-7.823063910751591,8.28634491878906,16.10940882954065
"는데, ",-7.858142919612886,8.251265909927765,16.10940882954065
결제,-7.858142919612886,8.251265909927765,16.10940882954065
 결제,-7.858142919612886,8.251265909927765,16.10940882954065
"는데,",-7.858142919612886,8.251265909927765,16.10940882954065
추가 ,-7.89203298093185,8.217375848608802,16.10940882954065
료됐습니,-7.89203298093185,8.217375848608802,16.10940882954065
왔는데요,-7.89203298093185,8.217375848608802,16.10940882954065
 완료됐,-7.89203298093185,8.217375848608802,16.10940882954065
완료됐습,-7.89203298093185,8.217375848608802,16.10940882954065
수거,-7.89203298093185,8.217375848608802,16.10940882954065
완료됐,-7.89203298093185,8.217375848608802,16.10940882954065
료됐,-7.89203298093185,8.217375848608802,16.10940882954065
료됐습,-7.89203298093185,8.217375848608802,16.10940882954065
 추가 ,-7.89203298093185,8.217375848608802,16.10940882954065
재발,-7.92481205459193,8.184596774948721,16.10940882954065
적립,-7.92481205459193,8.184596774948721,16.10940882954065
 적립,-7.92481205459193,8.184596774948721,16.10940882954065
 재발,-7.92481205459193,8.184596774948721,16.10940882954065
영업,-7.956550675461701,8.152858154079306,16.109408829541007
 영업,-7.956550675461701,8.152858154079306,16.109408829541007
"이고요,",-7.956550675461701,8.152858154079306,16.109408829541007
안내드,-7.987312867345031,8.122095962195976,16.109408829541007
안내드려,-7.987312867345031,8.122095962195976,16.109408829541007
 안내드,-7.987312867345031,8.122095962195976,16.109408829541007
내드려요,-7.987312867345031,8.122095962195976,16.109408829541007
내드려,-7.987312867345031,8.122095962195976,16.109408829541007
반품 ,-7.987312867345031,8.122095962195976,16.109408829541007
반품,-7.987312867345031,8.122095962195976,16.109408829541007
구매하,-8.017156920499033,8.092251909041973,16.109408829541007
 구매하,-8.017156920499033,8.092251909041973,16.109408829541007
예약 ,-8.046136056446503,8.063272773094504,16.109408829541007
 예약 ,-8.046136056446503,8.063272773094504,16.109408829541007
포인,-8.074298999140712,8.035109830400295,16.109408829541007
 포인트,-8.074298999140712,8.035109830400295,16.109408829541007
 포인,-8.074298999140712,8.035109830400295,16.109408829541007
포인트,-8.074298999140712,8.035109830400295,16.109408829541007
 쿠,-8.101690467877994,8.007718361663013,16.109408829541007
경 ,-8.154320344998494,7.955088484542513,16.109408829541007
 변경 ,-8.154320344998494,7.955088484542513,16.109408829541007
변경 ,-8.154320344998494,7.955088484542513,16.109408829541007
 회수,-8.154320344998494,7.955088484542513,16.109408829541007
 기사,-8.154320344998494,7.955088484542513,16.109408829541007
회수,-8.154320344998494,7.955088484542513,16.109408829541007
 문의,-8.204318260883896,7.90509056865711,16.109408829541007
 먹,-8.204318260883896,7.90509056865711,16.109408829541007
 앱,-8.204318260883896,7.90509056865711,16.109408829541007
교환,-8.22841000666122,7.880998822879787,16.109408829541007
 교환,-8.22841000666122,7.880998822879787,16.109408829541007
락드렸어,-8.319361085647305,7.790047743893701,16.109408829541007
"데, ",-8.422524013414764,7.686884816126243,16.109408829541007
"데,",-8.422524013414764,7.686884816126243,16.109408829541007
택배,-8.551117730957902,7.558291098583105,16.109408829541007
예정이,-8.58501353648135,7.524395293059657,16.109408829541007
 예정이,-8.58501353648135,7.524395293059657,16.109408829541007
예약,-8.60154010664369,7.507868722897317,16.109408829541007
 예약,-8.60154010664369,7.507868722897317,16.109408829541007
 배송 ,-8.617797983841715,7.491610845699292,16.109408829541007
배송 ,-8.665043425695597,7.4443654038447,16.109408829540296
센터입니,-8.794702540688593,7.314706288851703,16.109408829540296
센터입,-8.794702540688593,7.314706288851703,16.109408829540296
터입,-8.794702540688593,7.314706288851703,16.109408829540296
객센터입,-8.794702540688593,7.314706288851703,16.109408829540296
터입니,-8.794702540688593,7.314706288851703,16.109408829540296
터입니다,-8.794702540688593,7.314706288851703,16.109408829540296
 고객센,-9.001471712068483,7.107937117471813,16.109408829540296
고객센터,-9.001471712068483,7.107937117471813,16.109408829540296
고객센,-9.001471712068483,7.107937117471813,16.109408829540296
객센터,-9.001471712068483,7.107937117471813,16.109408829540296
객센,-9.001471712068483,7.107937117471813,16.109408829540296
 배송,-9.29460533006646,6.814803499473835,16.109408829540296
배송,-9.403230733925302,6.7061780956164165,16.109408829541717
