feature,phishing_score,log_prob_phishing,log_prob_normal
has_short_url,2.568412595184162,9.646733355504857,7.078320760320695
대출,2.288110630030004,9.829054912298812,7.540944282268808
 장,2.1252071590931507,9.646733355504857,7.521526196411706
 당첨,2.1174851129992405,9.829054912298812,7.711569799299571
엄마,2.1174851129992405,9.829054912298812,7.711569799299571
당첨,2.1174851129992405,9.829054912298812,7.711569799299571
 엄마,2.1174851129992405,9.829054912298812,7.711569799299571
모님,2.0698570640099856,9.829054912298812,7.759197848288826
장모,2.0698570640099856,9.829054912298812,7.759197848288826
장모님,2.0698570640099856,9.829054912298812,7.759197848288826
 장모,2.0698570640099856,9.829054912298812,7.759197848288826
 장모님,2.0698570640099856,9.829054912298812,7.759197848288826
 이체,2.0451644514196143,9.829054912298812,7.7838904608791974
좌번호,1.9938711570320633,9.829054912298812,7.8351837552667485
엄마 ,1.9938711570320633,9.829054912298812,7.8351837552667485
 엄마 ,1.9938711570320633,9.829054912298812,7.8351837552667485
좌번,1.9938711570320633,9.829054912298812,7.8351837552667485
계좌번,1.9938711570320633,9.829054912298812,7.8351837552667485
계좌번호,1.9938711570320633,9.829054912298812,7.8351837552667485
수령,1.9806259302820433,9.135907731738866,7.155281801456823
(계좌번,1.9672029099499024,9.829054912298812,7.861852002348909
(계좌,1.9672029099499024,9.829054912298812,7.861852002348909
(계,1.9672029099499024,9.829054912298812,7.861852002348909
좌번호),1.9672029099499024,9.829054912298812,7.861852002348909
번호),1.9672029099499024,9.829054912298812,7.861852002348909
호) ,1.9672029099499024,9.829054912298812,7.861852002348909
 (계좌,1.9672029099499024,9.829054912298812,7.861852002348909
호),1.9672029099499024,9.829054912298812,7.861852002348909
번호) ,1.9672029099499024,9.829054912298812,7.861852002348909
 (계,1.9672029099499024,9.829054912298812,7.861852002348909
 수령,1.9116330587950916,9.241268247396693,7.329635188601602
생계,1.8826455219218392,9.829054912298812,7.946409390376973
지원 ,1.8826455219218392,9.829054912298812,7.946409390376973
모님 ,1.8220209001054037,9.829054912298812,8.007034012193408
긴급,1.8220209001054037,9.829054912298812,8.007034012193408
장모님 ,1.8220209001054037,9.829054912298812,8.007034012193408
한데 ,1.8115496002381084,9.646733355504857,7.8351837552667485
한데,1.8115496002381084,9.646733355504857,7.8351837552667485
 청첩장,1.790272201790824,9.829054912298812,8.038782710507988
청첩장,1.790272201790824,9.829054912298812,8.038782710507988
청첩,1.790272201790824,9.829054912298812,8.038782710507988
 청첩,1.790272201790824,9.829054912298812,8.038782710507988
 청,1.790272201790824,9.829054912298812,8.038782710507988
첩장,1.790272201790824,9.829054912298812,8.038782710507988
... ,1.7740116809190436,9.135907731738866,7.361896050819823
마 ,1.7574823789678344,9.4925826756776,7.735100296709765
내주,1.7574823789678327,9.829054912298812,8.07157253333098
보내주,1.7574823789678327,9.829054912298812,8.07157253333098
 죄송,1.7574823789678327,9.646733355504857,7.889250976537024
죄송,1.7574823789678327,9.646733355504857,7.889250976537024
담 ,1.7574823789678327,9.829054912298812,8.07157253333098
 죄,1.7574823789678327,9.646733355504857,7.889250976537024
 보내주,1.7235808272921513,9.829054912298812,8.10547408500666
 보내,1.718261665814552,8.873543467271375,7.155281801456823
인정,1.688489507480881,9.829054912298812,8.14056540481793
주시면,1.688489507480881,9.829054912298812,8.14056540481793
 조,1.6833744068141128,9.4925826756776,7.809208268863487
.. ,1.6787015011147197,9.040597551934543,7.361896050819823
축하,1.6704710019782034,9.646733355504857,7.9762623535266535
 축하,1.6704710019782034,9.646733355504857,7.9762623535266535
 드립,1.6704710019782034,9.646733355504857,7.9762623535266535
 드립니,1.6704710019782034,9.646733355504857,7.9762623535266535
 드,1.6704710019782034,8.953586174944911,7.283115172966708
안정,1.6704710019782034,9.646733355504857,7.9762623535266535
요...,1.6521218633100077,9.829054912298812,8.176933048988804
요..,1.6521218633100077,9.829054912298812,8.176933048988804
 죄송한,1.6521218633100077,9.829054912298812,8.176933048988804
죄송한,1.6521218633100077,9.829054912298812,8.176933048988804
인정보,1.6521218633100077,9.829054912298812,8.176933048988804
죄송한데,1.6521218633100077,9.829054912298812,8.176933048988804
송한,1.6521218633100077,9.829054912298812,8.176933048988804
송한데 ,1.6521218633100077,9.829054912298812,8.176933048988804
송한데,1.6521218633100077,9.829054912298812,8.176933048988804
저 ,1.6521218633100077,9.829054912298812,8.176933048988804
수령 ,1.6474814837535057,9.359051283053077,7.711569799299571
령 ,1.6474814837535057,9.359051283053077,7.711569799299571
 엄,1.6474814837535057,9.359051283053077,7.711569799299571
계 ,1.6396993433114488,9.646733355504857,8.007034012193408
안되,1.6396993433114488,9.646733355504857,8.007034012193408
 지급,1.6307306733286904,9.4925826756776,7.861852002348909
지급,1.6307306733286904,9.4925826756776,7.861852002348909
 생계,1.6143815353271602,9.829054912298812,8.214673376971652
 결혼,1.6143815353271602,9.829054912298812,8.214673376971652
드릴,1.6143815353271602,9.829054912298812,8.214673376971652
 반송,1.6143815353271602,9.829054912298812,8.214673376971652
인정보 ,1.6143815353271602,9.829054912298812,8.214673376971652
반송,1.6143815353271602,9.829054912298812,8.214673376971652
 개인정,1.6143815353271602,9.829054912298812,8.214673376971652
결혼,1.6143815353271602,9.829054912298812,8.214673376971652
개인정,1.6143815353271602,9.829054912298812,8.214673376971652
개인정보,1.6143815353271602,9.829054912298812,8.214673376971652
드릴게요,1.5751608221738795,9.829054912298812,8.253894090124932
 제가,1.5751608221738795,9.829054912298812,8.253894090124932
드릴게,1.5751608221738795,9.829054912298812,8.253894090124932
릴게,1.5751608221738795,9.829054912298812,8.253894090124932
릴게요,1.5751608221738795,9.829054912298812,8.253894090124932
 제가 ,1.5751608221738795,9.829054912298812,8.253894090124932
게요,1.5751608221738795,9.829054912298812,8.253894090124932
 [국,1.5751608221738795,9.4925826756776,7.91742185350372
생계비,1.5751608221738795,9.829054912298812,8.253894090124932
[국,1.5751608221738795,9.4925826756776,7.91742185350372
비대,1.5751608221738795,9.829054912298812,8.253894090124932
계비,1.5751608221738795,9.829054912298812,8.253894090124932
 지원 ,1.5751608221738795,9.829054912298812,8.253894090124932
롭게 ,1.5751608221738778,9.646733355504857,8.07157253333098
 안되,1.5751608221738778,9.646733355504857,8.07157253333098
롭게,1.5751608221738778,9.646733355504857,8.07157253333098
..,1.5498430141895883,8.260438994384966,6.710595980195378
내주시,1.5343388276536238,9.829054912298812,8.294716084645188
내주시면,1.5343388276536238,9.829054912298812,8.294716084645188
세계 ,1.5343388276536238,9.829054912298812,8.294716084645188
세계,1.5343388276536238,9.829054912298812,8.294716084645188
보내주시,1.5343388276536238,9.829054912298812,8.294716084645188
 원이,1.5343388276536238,9.829054912298812,8.294716084645188
 축,1.5163203221509463,9.4925826756776,7.9762623535266535
드려,1.5163203221509463,9.4925826756776,7.9762623535266535
...,1.5116474164515523,8.873543467271375,7.361896050819823
 있는데,1.506167950686926,9.646733355504857,8.14056540481793
데 ,1.5025901293390431,8.442760551178921,6.940170421839878
수령: ,1.4917792132348282,9.829054912298812,8.337275699063984
보증,1.4917792132348282,9.829054912298812,8.337275699063984
 취,1.4917792132348282,9.829054912298812,8.337275699063984
 수령:,1.4917792132348282,9.829054912298812,8.337275699063984
령:,1.4917792132348282,9.829054912298812,8.337275699063984
보내드,1.4917792132348282,9.829054912298812,8.337275699063984
수령:,1.4917792132348282,9.829054912298812,8.337275699063984
령: ,1.4917792132348282,9.829054912298812,8.337275699063984
 명,1.4917792132348282,9.829054912298812,8.337275699063984
 보내드,1.4917792132348282,9.829054912298812,8.337275699063984
진짜,1.4698003065160528,9.646733355504857,8.176933048988804
지원,1.4698003065160528,8.799435495117654,7.329635188601602
진짜 ,1.4698003065160528,9.646733355504857,8.176933048988804
 진짜,1.4698003065160528,9.646733355504857,8.176933048988804
 진짜 ,1.4698003065160528,9.646733355504857,8.176933048988804
필요,1.4537999651696119,9.4925826756776,8.038782710507988
 채팅방,1.4473274506639946,9.829054912298812,8.381727461634817
계층,1.4473274506639946,9.829054912298812,8.381727461634817
채팅방에,1.4473274506639946,9.829054912298812,8.381727461634817
 채팅,1.4473274506639946,9.829054912298812,8.381727461634817
채팅,1.4473274506639946,9.829054912298812,8.381727461634817
되는데 ,1.4473274506639946,9.829054912298812,8.381727461634817
되는데,1.4473274506639946,9.829054912298812,8.381727461634817
채팅방,1.4473274506639946,9.829054912298812,8.381727461634817
계층 ,1.4473274506639946,9.829054912298812,8.381727461634817
팅방에 ,1.4473274506639946,9.829054912298812,8.381727461634817
팅방,1.4473274506639946,9.829054912298812,8.381727461634817
팅방에,1.4473274506639946,9.829054912298812,8.381727461634817
신청 ,1.4416294295493568,9.359051283053077,7.91742185350372
알려,1.4320599785332053,9.646733355504857,8.214673376971652
제가,1.4320599785332053,9.646733355504857,8.214673376971652
제가 ,1.4320599785332053,9.646733355504857,8.214673376971652
보내,1.4060844921299447,8.548121066836748,7.142036574706803
악음반,1.400807435029101,9.829054912298812,8.42824747726971
정부 ,1.400807435029101,9.829054912298812,8.42824747726971
경품,1.400807435029101,9.829054912298812,8.42824747726971
악음,1.400807435029101,9.829054912298812,8.42824747726971
 경품,1.400807435029101,9.829054912298812,8.42824747726971
시간을,1.400807435029101,9.829054912298812,8.42824747726971
시간을 ,1.400807435029101,9.829054912298812,8.42824747726971
만기,1.400807435029101,9.829054912298812,8.42824747726971
음악음반,1.400807435029101,9.829054912298812,8.42824747726971
약계층 ,1.400807435029101,9.829054912298812,8.42824747726971
안정 ,1.400807435029101,9.829054912298812,8.42824747726971
 음악음,1.400807435029101,9.829054912298812,8.42824747726971
음악음,1.400807435029101,9.829054912298812,8.42824747726971
취약계,1.400807435029101,9.829054912298812,8.42824747726971
 알,1.400807435029101,9.135907731738866,7.735100296709765
약계,1.400807435029101,9.829054912298812,8.42824747726971
음반,1.400807435029101,9.829054912298812,8.42824747726971
셨습니다,1.400807435029101,9.829054912298812,8.42824747726971
간을,1.400807435029101,9.829054912298812,8.42824747726971
취약계층,1.400807435029101,9.829054912298812,8.42824747726971
간을 ,1.400807435029101,9.829054912298812,8.42824747726971
약계층,1.400807435029101,9.829054912298812,8.42824747726971
ㅠ ,1.400807435029101,9.829054912298812,8.42824747726971
취약,1.400807435029101,9.829054912298812,8.42824747726971
 세계 ,1.400807435029101,9.829054912298812,8.42824747726971
셨습니,1.400807435029101,9.829054912298812,8.42824747726971
트의 ,1.400807435029101,9.829054912298812,8.42824747726971
셨습,1.400807435029101,9.829054912298812,8.42824747726971
 급,1.400807435029101,9.829054912298812,8.42824747726971
트의,1.400807435029101,9.829054912298812,8.42824747726971
 세계,1.400807435029101,9.829054912298812,8.42824747726971
 알려,1.3928392653799246,9.646733355504857,8.253894090124932
소득,1.3928392653799246,9.646733355504857,8.253894090124932
어서,1.3827889295264235,9.359051283053077,7.9762623535266535
계좌,1.3710654658303634,8.873543467271375,7.502478001441012
 저,1.3520172708596698,9.040597551934543,7.688580281074873
대출 ,1.352017270859669,9.829054912298812,8.477037641439143
 축하해,1.352017270859669,9.829054912298812,8.477037641439143
부탁 ,1.352017270859669,9.829054912298812,8.477037641439143
탁 ,1.352017270859669,9.829054912298812,8.477037641439143
 전 ,1.352017270859669,9.829054912298812,8.477037641439143
하해 ,1.352017270859669,9.829054912298812,8.477037641439143
하해,1.352017270859669,9.829054912298812,8.477037641439143
 부탁 ,1.352017270859669,9.829054912298812,8.477037641439143
결혼을 ,1.352017270859669,9.829054912298812,8.477037641439143
결혼을,1.352017270859669,9.829054912298812,8.477037641439143
 결혼을,1.352017270859669,9.829054912298812,8.477037641439143
대상,1.352017270859669,9.646733355504857,8.294716084645188
신청:,1.352017270859669,9.829054912298812,8.477037641439143
신청: ,1.352017270859669,9.829054912298812,8.477037641439143
혼을,1.352017270859669,9.829054912298812,8.477037641439143
축하해,1.352017270859669,9.829054912298812,8.477037641439143
혼을 ,1.352017270859669,9.829054912298812,8.477037641439143
축하해 ,1.352017270859669,9.829054912298812,8.477037641439143
출 ,1.352017270859669,9.646733355504857,8.294716084645188
 신청:,1.352017270859669,9.829054912298812,8.477037641439143
청: ,1.352017270859669,9.829054912298812,8.477037641439143
청:,1.352017270859669,9.829054912298812,8.477037641439143
 폰,1.352017270859669,9.829054912298812,8.477037641439143
 수령 ,1.3202685725450891,9.359051283053077,8.038782710507988
 즉,1.3156496266887956,9.4925826756776,8.176933048988804
 즉시,1.3156496266887956,9.4925826756776,8.176933048988804
즉시,1.3156496266887956,9.4925826756776,8.176933048988804
즉시 ,1.3156496266887956,9.4925826756776,8.176933048988804
짜 ,1.3156496266887956,9.4925826756776,8.176933048988804
 즉시 ,1.3156496266887956,9.4925826756776,8.176933048988804
알림,1.3094576564408733,9.646733355504857,8.337275699063984
완료 ,1.3094576564408733,9.646733355504857,8.337275699063984
두 ,1.3094576564408733,9.646733355504857,8.337275699063984
70,1.3094576564408733,9.646733355504857,8.337275699063984
보내줄,1.3007239764721188,9.829054912298812,8.528330935826693
내줄,1.3007239764721188,9.829054912298812,8.528330935826693
이게 ,1.3007239764721188,9.829054912298812,8.528330935826693
정. ,1.3007239764721188,9.829054912298812,8.528330935826693
이게,1.3007239764721188,9.829054912298812,8.528330935826693
 보내줄,1.3007239764721188,9.829054912298812,8.528330935826693
주시면 ,1.3007239764721188,9.829054912298812,8.528330935826693
정.,1.3007239764721188,9.829054912298812,8.528330935826693
없어서,1.3007239764721188,9.829054912298812,8.528330935826693
첨 ,1.3007239764721188,9.829054912298812,8.528330935826693
3.,1.3007239764721188,9.829054912298812,8.528330935826693
 없어서,1.3007239764721188,9.829054912298812,8.528330935826693
환 ,1.3007239764721188,9.829054912298812,8.528330935826693
없어,1.3007239764721188,9.829054912298812,8.528330935826693
 없어,1.3007239764721188,9.829054912298812,8.528330935826693
 될,1.3007239764721188,9.829054912298812,8.528330935826693
되는,1.300723976472118,9.135907731738866,7.8351837552667485
통해 ,1.2874787497220979,9.359051283053077,8.07157253333098
님 ,1.2874787497220979,8.442760551178921,7.155281801456823
 통해 ,1.2874787497220979,9.359051283053077,8.07157253333098
 지원,1.2813997036457163,9.040597551934543,7.759197848288826
 필요,1.2779092987059482,9.4925826756776,8.214673376971652
지금,1.2697791726226964,8.494053845566471,7.224274672943775
 지금,1.2697791726226964,8.494053845566471,7.224274672943775
 준비,1.2650058938700397,9.646733355504857,8.381727461634817
준비,1.2650058938700397,9.646733355504857,8.381727461634817
지금 ,1.2553904351705967,8.494053845566471,7.2386634103958745
 지금 ,1.2553904351705967,8.494053845566471,7.2386634103958745
 신청 ,1.2535771980464165,9.359051283053077,8.10547408500666
 알려주,1.2466567552018422,9.829054912298812,8.58239815709697
부고,1.2466567552018422,9.829054912298812,8.58239815709697
상환 ,1.2466567552018422,9.829054912298812,8.58239815709697
 부담,1.2466567552018422,9.829054912298812,8.58239815709697
 이체 ,1.2466567552018422,9.829054912298812,8.58239815709697
알려주,1.2466567552018422,9.829054912298812,8.58239815709697
관:,1.2466567552018422,9.829054912298812,8.58239815709697
관: ,1.2466567552018422,9.829054912298812,8.58239815709697
 안되는,1.2466567552018422,9.829054912298812,8.58239815709697
미수,1.2466567552018422,9.829054912298812,8.58239815709697
 미수,1.2466567552018422,9.829054912298812,8.58239815709697
안되는,1.2466567552018422,9.829054912298812,8.58239815709697
 드리,1.2466567552018422,9.829054912298812,8.58239815709697
기관:,1.2466567552018422,9.829054912298812,8.58239815709697
 입력 ,1.2466567552018422,9.829054912298812,8.58239815709697
 은행,1.2466567552018422,9.829054912298812,8.58239815709697
이름,1.2466567552018422,9.829054912298812,8.58239815709697
려주,1.2466567552018422,9.829054912298812,8.58239815709697
기관: ,1.2466567552018422,9.829054912298812,8.58239815709697
되셨,1.2466567552018422,9.829054912298812,8.58239815709697
될까,1.2466567552018422,9.829054912298812,8.58239815709697
안되는데,1.2466567552018422,9.829054912298812,8.58239815709697
 와,1.2466567552018422,9.829054912298812,8.58239815709697
국제발,1.2386885855526675,9.4925826756776,8.253894090124932
제발신,1.2386885855526675,9.4925826756776,8.253894090124932
[국제발,1.2386885855526675,9.4925826756776,8.253894090124932
[국제,1.2386885855526675,9.4925826756776,8.253894090124932
국제발신,1.2386885855526675,9.4925826756776,8.253894090124932
제발,1.2386885855526675,9.4925826756776,8.253894090124932
제발신],1.2386885855526675,9.4925826756776,8.253894090124932
 [국제,1.2386885855526675,9.4925826756776,8.253894090124932
좀 ,1.2342342352032851,9.241268247396693,8.007034012193408
 있어요,1.2184858782351462,9.646733355504857,8.42824747726971
 음악,1.2184858782351462,9.646733355504857,8.42824747726971
있어요,1.2184858782351462,9.646733355504857,8.42824747726971
원이,1.2184858782351462,9.359051283053077,8.14056540481793
신청,1.2065096871884302,8.260438994384966,7.053929307196536
has_url,1.2031716432621042,7.588345223022854,6.38517357976075
 좀,1.2024855368887053,9.241268247396693,8.038782710507988
 좀 ,1.2024855368887053,9.241268247396693,8.038782710507988
 주세,1.1978665910324118,9.4925826756776,8.294716084645188
 주세요,1.1978665910324118,9.4925826756776,8.294716084645188
물품,1.1894983413618938,9.829054912298812,8.639556570936918
니다.),1.1894983413618938,9.829054912298812,8.639556570936918
별세,1.1894983413618938,9.829054912298812,8.639556570936918
니?,1.1894983413618938,9.829054912298812,8.639556570936918
 살 ,1.1894983413618938,9.829054912298812,8.639556570936918
크하고,1.1894983413618938,9.829054912298812,8.639556570936918
니? ,1.1894983413618938,9.829054912298812,8.639556570936918
소독,1.1894983413618938,9.829054912298812,8.639556570936918
소독제,1.1894983413618938,9.829054912298812,8.639556570936918
소독제를,1.1894983413618938,9.829054912298812,8.639556570936918
소득·,1.1894983413618938,9.829054912298812,8.639556570936918
크하고 ,1.1894983413618938,9.829054912298812,8.639556570936918
"가, ",1.1894983413618938,9.829054912298812,8.639556570936918
"가,",1.1894983413618938,9.829054912298812,8.639556570936918
 형,1.1894983413618938,9.829054912298812,8.639556570936918
 생계비,1.1894983413618938,9.829054912298812,8.639556570936918
손소독,1.1894983413618938,9.829054912298812,8.639556570936918
제를 ,1.1894983413618938,9.829054912298812,8.639556570936918
손소,1.1894983413618938,9.829054912298812,8.639556570936918
 대량,1.1894983413618938,9.829054912298812,8.639556570936918
알려주는,1.1894983413618938,9.829054912298812,8.639556570936918
 있니,1.1894983413618938,9.829054912298812,8.639556570936918
조기,1.1894983413618938,9.829054912298812,8.639556570936918
조건 ,1.1894983413618938,9.829054912298812,8.639556570936918
 계좌로,1.1894983413618938,9.829054912298812,8.639556570936918
조건,1.1894983413618938,9.829054912298812,8.639556570936918
마스크하,1.1894983413618938,9.829054912298812,8.639556570936918
 00아,1.1894983413618938,9.829054912298812,8.639556570936918
마스크,1.1894983413618938,9.829054912298812,8.639556570936918
마스,1.1894983413618938,9.829054912298812,8.639556570936918
 있니?,1.1894983413618938,9.829054912298812,8.639556570936918
·취,1.1894983413618938,9.829054912298812,8.639556570936918
·취약,1.1894983413618938,9.829054912298812,8.639556570936918
.) ,1.1894983413618938,9.829054912298812,8.639556570936918
영업일 ,1.1894983413618938,9.829054912298812,8.639556570936918
 설 ,1.1894983413618938,9.829054912298812,8.639556570936918
영업일,1.1894983413618938,9.829054912298812,8.639556570936918
소득·취,1.1894983413618938,9.829054912298812,8.639556570936918
 돈이 ,1.1894983413618938,9.829054912298812,8.639556570936918
 돈이,1.1894983413618938,9.829054912298812,8.639556570936918
제를,1.1894983413618938,9.829054912298812,8.639556570936918
 돈,1.1894983413618938,9.829054912298812,8.639556570936918
0아,1.1894983413618938,9.829054912298812,8.639556570936918
 대량으,1.1894983413618938,9.829054912298812,8.639556570936918
0아~,1.1894983413618938,9.829054912298812,8.639556570936918
0아~ ,1.1894983413618938,9.829054912298812,8.639556570936918
크하,1.1894983413618938,9.829054912298812,8.639556570936918
미수령,1.1894983413618938,9.829054912298812,8.639556570936918
미수령 ,1.1894983413618938,9.829054912298812,8.639556570936918
손소독제,1.1894983413618938,9.829054912298812,8.639556570936918
·취약계,1.1894983413618938,9.829054912298812,8.639556570936918
긴급 ,1.1894983413618938,9.829054912298812,8.639556570936918
있니? ,1.1894983413618938,9.829054912298812,8.639556570936918
설 ,1.1894983413618938,9.829054912298812,8.639556570936918
스크하고,1.1894983413618938,9.829054912298812,8.639556570936918
독제를,1.1894983413618938,9.829054912298812,8.639556570936918
독제를 ,1.1894983413618938,9.829054912298812,8.639556570936918
돈이,1.1894983413618938,9.829054912298812,8.639556570936918
돈이 ,1.1894983413618938,9.829054912298812,8.639556570936918
 우체,1.1894983413618938,9.829054912298812,8.639556570936918
 우체국,1.1894983413618938,9.829054912298812,8.639556570936918
저소득,1.1894983413618938,9.829054912298812,8.639556570936918
저소득·,1.1894983413618938,9.829054912298812,8.639556570936918
계비대출,1.1894983413618938,9.829054912298812,8.639556570936918
계비대,1.1894983413618938,9.829054912298812,8.639556570936918
스타,1.1894983413618938,9.829054912298812,8.639556570936918
생계비대,1.1894983413618938,9.829054912298812,8.639556570936918
주는,1.1894983413618938,9.829054912298812,8.639556570936918
스크하,1.1894983413618938,9.829054912298812,8.639556570936918
되셨습,1.1894983413618938,9.829054912298812,8.639556570936918
되셨습니,1.1894983413618938,9.829054912298812,8.639556570936918
스크,1.1894983413618938,9.829054912298812,8.639556570936918
서.,1.1894983413618938,9.829054912298812,8.639556570936918
서..,1.1894983413618938,9.829054912298812,8.639556570936918
-6,1.1894983413618938,9.829054912298812,8.639556570936918
서...,1.1894983413618938,9.829054912298812,8.639556570936918
다.) ,1.1894983413618938,9.829054912298812,8.639556570936918
서가,1.1894983413618938,9.829054912298812,8.639556570936918
서가 ,1.1894983413618938,9.829054912298812,8.639556570936918
독제,1.1894983413618938,9.829054912298812,8.639556570936918
저소,1.1894983413618938,9.829054912298812,8.639556570936918
업일 ,1.1894983413618938,9.829054912298812,8.639556570936918
업일,1.1894983413618938,9.829054912298812,8.639556570936918
 싸게 ,1.1894983413618938,9.829054912298812,8.639556570936918
 싸게,1.1894983413618938,9.829054912298812,8.639556570936918
 싸,1.1894983413618938,9.829054912298812,8.639556570936918
증서,1.1894983413618938,9.829054912298812,8.639556570936918
.),1.1894983413618938,9.829054912298812,8.639556570936918
-대출,1.1894983413618938,9.829054912298812,8.639556570936918
-대,1.1894983413618938,9.829054912298812,8.639556570936918
담을,1.1894983413618938,9.829054912298812,8.639556570936918
담을 ,1.1894983413618938,9.829054912298812,8.639556570936918
살 ,1.1894983413618938,9.829054912298812,8.639556570936918
대량,1.1894983413618938,9.829054912298812,8.639556570936918
대량으,1.1894983413618938,9.829054912298812,8.639556570936918
대량으로,1.1894983413618938,9.829054912298812,8.639556570936918
대책,1.1894983413618938,9.829054912298812,8.639556570936918
대책 ,1.1894983413618938,9.829054912298812,8.639556570936918
 미수령,1.1894983413618938,9.829054912298812,8.639556570936918
 물품,1.1894983413618938,9.829054912298812,8.639556570936918
어서..,1.1894983413618938,9.829054912298812,8.639556570936918
비대출,1.1894983413618938,9.829054912298812,8.639556570936918
 -대,1.1894983413618938,9.829054912298812,8.639556570936918
 -대출,1.1894983413618938,9.829054912298812,8.639556570936918
어서.,1.1894983413618938,9.829054912298812,8.639556570936918
위기,1.1894983413618938,9.829054912298812,8.639556570936918
주는 ,1.1894983413618938,9.829054912298812,8.639556570936918
없어서.,1.1894983413618938,9.829054912298812,8.639556570936918
득·취,1.1894983413618938,9.829054912298812,8.639556570936918
싸게,1.1894983413618938,9.829054912298812,8.639556570936918
"있는데,",1.1894983413618938,9.829054912298812,8.639556570936918
있니,1.1894983413618938,9.829054912298812,8.639556570936918
 손소독,1.1894983413618938,9.829054912298812,8.639556570936918
 마스크,1.1894983413618938,9.829054912298812,8.639556570936918
득·취약,1.1894983413618938,9.829054912298812,8.639556570936918
00아~,1.1894983413618938,9.829054912298812,8.639556570936918
 마스,1.1894983413618938,9.829054912298812,8.639556570936918
 위기,1.1894983413618938,9.829054912298812,8.639556570936918
00아,1.1894983413618938,9.829054912298812,8.639556570936918
득·,1.1894983413618938,9.829054912298812,8.639556570936918
보내줄 ,1.1894983413618938,9.829054912298812,8.639556570936918
싸게 ,1.1894983413618938,9.829054912298812,8.639556570936918
책 ,1.1894983413618938,9.829054912298812,8.639556570936918
아~,1.1894983413618938,9.829054912298812,8.639556570936918
있니?,1.1894983413618938,9.829054912298812,8.639556570936918
려주는 ,1.1894983413618938,9.829054912298812,8.639556570936918
량으로 ,1.1894983413618938,9.829054912298812,8.639556570936918
다.),1.1894983413618938,9.829054912298812,8.639556570936918
량으로,1.1894983413618938,9.829054912298812,8.639556570936918
 별세,1.1894983413618938,9.829054912298812,8.639556570936918
아~ ,1.1894983413618938,9.829054912298812,8.639556570936918
량으,1.1894983413618938,9.829054912298812,8.639556570936918
인인,1.1894983413618938,9.829054912298812,8.639556570936918
 손소,1.1894983413618938,9.829054912298812,8.639556570936918
려주는,1.1894983413618938,9.829054912298812,8.639556570936918
내줄 ,1.1894983413618938,9.829054912298812,8.639556570936918
 보,1.1810594727160293,7.883144763243498,6.702085290527469
내드,1.169695714065714,9.241268247396693,8.07157253333098
본인 ,1.169695714065714,9.646733355504857,8.477037641439143
 있는,1.169695714065714,8.953586174944911,7.7838904608791974
원을 ,1.169695714065714,9.646733355504857,8.477037641439143
 본인 ,1.169695714065714,9.646733355504857,8.477037641439143
통해,1.169695714065714,9.241268247396693,8.07157253333098
원을,1.169695714065714,9.646733355504857,8.477037641439143
 통해,1.169695714065714,9.241268247396693,8.07157253333098
정보,1.1619736679718038,8.873543467271375,7.711569799299571
 필,1.159645378212213,9.135907731738866,7.9762623535266535
내가 ,1.1553069766136161,9.4925826756776,8.337275699063984
 채,1.1553069766136161,9.4925826756776,8.337275699063984
 내가 ,1.1553069766136161,9.4925826756776,8.337275699063984
 내가,1.1553069766136161,9.4925826756776,8.337275699063984
내가,1.1553069766136161,9.4925826756776,8.337275699063984
하세요.,1.1553069766136161,9.4925826756776,8.337275699063984
 생,1.1443779060814254,9.359051283053077,8.214673376971652
게 ,1.1357941623900318,8.142655958728582,7.00686179633855
입금자명,1.1288737195454601,9.829054912298812,8.700181192753352
금자명은,1.1288737195454601,9.829054912298812,8.700181192753352
 이체키,1.1288737195454601,9.829054912298812,8.700181192753352
 와있,1.1288737195454601,9.829054912298812,8.700181192753352
 민망한,1.1288737195454601,9.829054912298812,8.700181192753352
 이체가,1.1288737195454601,9.829054912298812,8.700181192753352
 민망,1.1288737195454601,9.829054912298812,8.700181192753352
 이게,1.1288737195454601,9.829054912298812,8.700181192753352
입금자,1.1288737195454601,9.829054912298812,8.700181192753352
 해서,1.1288737195454601,9.829054912298812,8.700181192753352
이요..,1.1288737195454601,9.829054912298812,8.700181192753352
증서가,1.1288737195454601,9.829054912298812,8.700181192753352
와있거,1.1288737195454601,9.829054912298812,8.700181192753352
급. ,1.1288737195454601,9.829054912298812,8.700181192753352
급.,1.1288737195454601,9.829054912298812,8.700181192753352
 드릴게,1.1288737195454601,9.829054912298812,8.700181192753352
3만원,1.1288737195454601,9.829054912298812,8.700181192753352
삼가,1.1288737195454601,9.829054912298812,8.700181192753352
와있,1.1288737195454601,9.829054912298812,8.700181192753352
 드릴,1.1288737195454601,9.829054912298812,8.700181192753352
명은 ,1.1288737195454601,9.829054912298812,8.700181192753352
 은행이,1.1288737195454601,9.829054912298812,8.700181192753352
 해서 ,1.1288737195454601,9.829054912298812,8.700181192753352
지급.,1.1288737195454601,9.829054912298812,8.700181192753352
지급. ,1.1288737195454601,9.829054912298812,8.700181192753352
551,1.1288737195454601,9.829054912298812,8.700181192753352
일본에,1.1288737195454601,9.829054912298812,8.700181192753352
일본,1.1288737195454601,9.829054912298812,8.700181192753352
제꺼,1.1288737195454601,9.829054912298812,8.700181192753352
제꺼 ,1.1288737195454601,9.829054912298812,8.700181192753352
일본에 ,1.1288737195454601,9.829054912298812,8.700181192753352
민망,1.1288737195454601,9.829054912298812,8.700181192753352
 와있거,1.1288737195454601,9.829054912298812,8.700181192753352
체키,1.1288737195454601,9.829054912298812,8.700181192753352
 되어서,1.1288737195454601,9.829054912298812,8.700181192753352
어가면 ,1.1288737195454601,9.829054912298812,8.700181192753352
 원이요,1.1288737195454601,9.829054912298812,8.700181192753352
어가면,1.1288737195454601,9.829054912298812,8.700181192753352
 먼저 ,1.1288737195454601,9.829054912298812,8.700181192753352
 먼저,1.1288737195454601,9.829054912298812,8.700181192753352
 먼,1.1288737195454601,9.829054912298812,8.700181192753352
체키셔,1.1288737195454601,9.829054912298812,8.700181192753352
청첩장 ,1.1288737195454601,9.829054912298812,8.700181192753352
급히,1.1288737195454601,9.829054912298812,8.700181192753352
 형수님,1.1288737195454601,9.829054912298812,8.700181192753352
인_,1.1288737195454601,9.829054912298812,8.700181192753352
 만료가,1.1288737195454601,9.829054912298812,8.700181192753352
 이름으,1.1288737195454601,9.829054912298812,8.700181192753352
 대출,1.1288737195454601,9.829054912298812,8.700181192753352
 이름,1.1288737195454601,9.829054912298812,8.700181192753352
본에,1.1288737195454601,9.829054912298812,8.700181192753352
본에 ,1.1288737195454601,9.829054912298812,8.700181192753352
인_증,1.1288737195454601,9.829054912298812,8.700181192753352
 이내 ,1.1288737195454601,9.829054912298812,8.700181192753352
첩장 ,1.1288737195454601,9.829054912298812,8.700181192753352
알림],1.1288737195454601,9.829054912298812,8.700181192753352
입했,1.1288737195454601,9.829054912298812,8.700181192753352
있거든,1.1288737195454601,9.829054912298812,8.700181192753352
입했는,1.1288737195454601,9.829054912298812,8.700181192753352
셔 ,1.1288737195454601,9.829054912298812,8.700181192753352
 형수,1.1288737195454601,9.829054912298812,8.700181192753352
이체키,1.1288737195454601,9.829054912298812,8.700181192753352
입했는데,1.1288737195454601,9.829054912298812,8.700181192753352
이체키셔,1.1288737195454601,9.829054912298812,8.700181192753352
 이게 ,1.1288737195454601,9.829054912298812,8.700181192753352
있거,1.1288737195454601,9.829054912298812,8.700181192753352
민망한,1.1288737195454601,9.829054912298812,8.700181192753352
있거든요,1.1288737195454601,9.829054912298812,8.700181192753352
금자,1.1288737195454601,9.829054912298812,8.700181192753352
 될까요,1.1288737195454601,9.829054912298812,8.700181192753352
 될까,1.1288737195454601,9.829054912298812,8.700181192753352
 지급.,1.1288737195454601,9.829054912298812,8.700181192753352
부탁드려,1.1288737195454601,9.829054912298812,8.700181192753352
민망한데,1.1288737195454601,9.829054912298812,8.700181192753352
_증,1.1288737195454601,9.829054912298812,8.700181192753352
체키셔 ,1.1288737195454601,9.829054912298812,8.700181192753352
버십,1.1288737195454601,9.829054912298812,8.700181192753352
금자명,1.1288737195454601,9.829054912298812,8.700181192753352
이요.,1.1288737195454601,9.829054912298812,8.700181192753352
이름으로,1.1288737195454601,9.829054912298812,8.700181192753352
명은,1.1288737195454601,9.829054912298812,8.700181192753352
는데..,1.1288737195454601,9.829054912298812,8.700181192753352
형수님,1.1288737195454601,9.829054912298812,8.700181192753352
형수,1.1288737195454601,9.829054912298812,8.700181192753352
 제꺼,1.1288737195454601,9.829054912298812,8.700181192753352
 제꺼 ,1.1288737195454601,9.829054912298812,8.700181192753352
은행이 ,1.1288737195454601,9.829054912298812,8.700181192753352
 패,1.1288737195454601,9.829054912298812,8.700181192753352
 패키,1.1288737195454601,9.829054912298812,8.700181192753352
은행이,1.1288737195454601,9.829054912298812,8.700181192753352
다..,1.1288737195454601,9.829054912298812,8.700181192753352
다...,1.1288737195454601,9.829054912298812,8.700181192753352
 패키지,1.1288737195454601,9.829054912298812,8.700181192753352
릴게요.,1.1288737195454601,9.829054912298812,8.700181192753352
름으로,1.1288737195454601,9.829054912298812,8.700181192753352
림],1.1288737195454601,9.829054912298812,8.700181192753352
시까,1.1288737195454601,9.829054912298812,8.700181192753352
는데.,1.1288737195454601,9.829054912298812,8.700181192753352
이요,1.1288737195454601,9.829054912298812,8.700181192753352
시까지 ,1.1288737195454601,9.829054912298812,8.700181192753352
이내 ,1.1288737195454601,9.829054912298812,8.700181192753352
까요..,1.1288737195454601,9.829054912298812,8.700181192753352
자로 ,1.1288737195454601,9.829054912298812,8.700181192753352
자로,1.1288737195454601,9.829054912298812,8.700181192753352
탁드려도,1.1288737195454601,9.829054912298812,8.700181192753352
탁드려,1.1288737195454601,9.829054912298812,8.700181192753352
름으로 ,1.1288737195454601,9.829054912298812,8.700181192753352
름으,1.1288737195454601,9.829054912298812,8.700181192753352
 공인인,1.1288737195454601,9.829054912298812,8.700181192753352
 저 ,1.1288737195454601,9.829054912298812,8.700181192753352
자명은,1.1288737195454601,9.829054912298812,8.700181192753352
패키지 ,1.1288737195454601,9.829054912298812,8.700181192753352
패키지,1.1288737195454601,9.829054912298812,8.700181192753352
패키,1.1288737195454601,9.829054912298812,8.700181192753352
려도 ,1.1288737195454601,9.829054912298812,8.700181192753352
려도,1.1288737195454601,9.829054912298812,8.700181192753352
자명은 ,1.1288737195454601,9.829054912298812,8.700181192753352
니다..,1.1288737195454601,9.829054912298812,8.700181192753352
들어가면,1.1288737195454601,9.829054912298812,8.700181192753352
든요 ,1.1288737195454601,9.829054912298812,8.700181192753352
든요,1.1288737195454601,9.829054912298812,8.700181192753352
까요.,1.1288737195454601,9.829054912298812,8.700181192753352
게요.ㅠ,1.1288737195454601,9.829054912298812,8.700181192753352
거든요,1.1288737195454601,9.829054912298812,8.700181192753352
거든요 ,1.1288737195454601,9.829054912298812,8.700181192753352
드려도 ,1.1288737195454601,9.829054912298812,8.700181192753352
드려도,1.1288737195454601,9.829054912298812,8.700181192753352
될까요.,1.1288737195454601,9.829054912298812,8.700181192753352
될까요,1.1288737195454601,9.829054912298812,8.700181192753352
형수님 ,1.1288737195454601,9.829054912298812,8.700181192753352
게요.,1.1288737195454601,9.829054912298812,8.700181192753352
료가,1.1288737195454601,9.829054912298812,8.700181192753352
료가 ,1.1288737195454601,9.829054912298812,8.700181192753352
 팀,1.1288737195454601,9.829054912298812,8.700181192753352
 공인,1.1288737195454601,9.829054912298812,8.700181192753352
시까지,1.1288737195454601,9.829054912298812,8.700181192753352
만료가,1.1288737195454601,9.829054912298812,8.700181192753352
대신 ,1.1288737195454601,9.829054912298812,8.700181192753352
요: ,1.1288737195454601,9.829054912298812,8.700181192753352
 입금자,1.1288737195454601,9.829054912298812,8.700181192753352
망한데 ,1.1288737195454601,9.829054912298812,8.700181192753352
 하 ,1.1288737195454601,9.829054912298812,8.700181192753352
요:,1.1288737195454601,9.829054912298812,8.700181192753352
요.ㅠ ,1.1288737195454601,9.829054912298812,8.700181192753352
먼저,1.1288737195454601,9.829054912298812,8.700181192753352
먼저 ,1.1288737195454601,9.829054912298812,8.700181192753352
공인,1.1288737195454601,9.829054912298812,8.700181192753352
멤버,1.1288737195454601,9.829054912298812,8.700181192753352
공인인,1.1288737195454601,9.829054912298812,8.700181192753352
해요 ,1.1288737195454601,9.829054912298812,8.700181192753352
멤버십,1.1288737195454601,9.829054912298812,8.700181192753352
.ㅠ,1.1288737195454601,9.829054912298812,8.700181192753352
대신,1.1288737195454601,9.829054912298812,8.700181192753352
 삼가,1.1288737195454601,9.829054912298812,8.700181192753352
했는데.,1.1288737195454601,9.829054912298812,8.700181192753352
원이요.,1.1288737195454601,9.829054912298812,8.700181192753352
구입,1.1288737195454601,9.829054912298812,8.700181192753352
구입했,1.1288737195454601,9.829054912298812,8.700181192753352
구입했는,1.1288737195454601,9.829054912298812,8.700181192753352
원이요,1.1288737195454601,9.829054912298812,8.700181192753352
 긴급,1.1288737195454601,9.829054912298812,8.700181192753352
 일본에,1.1288737195454601,9.829054912298812,8.700181192753352
 일본,1.1288737195454601,9.829054912298812,8.700181192753352
와있거든,1.1288737195454601,9.829054912298812,8.700181192753352
망한데,1.1288737195454601,9.829054912298812,8.700181192753352
요.ㅠ,1.1288737195454601,9.829054912298812,8.700181192753352
자명,1.1288737195454601,9.829054912298812,8.700181192753352
키지,1.1288737195454601,9.829054912298812,8.700181192753352
이름으,1.1288737195454601,9.829054912298812,8.700181192753352
증서가 ,1.1288737195454601,9.829054912298812,8.700181192753352
 3만원,1.1288737195454601,9.829054912298812,8.700181192753352
 구입,1.1288737195454601,9.829054912298812,8.700181192753352
 구입했,1.1288737195454601,9.829054912298812,8.700181192753352
.ㅠ ,1.1288737195454601,9.829054912298812,8.700181192753352
만료가 ,1.1288737195454601,9.829054912298812,8.700181192753352
키셔 ,1.1288737195454601,9.829054912298812,8.700181192753352
키지 ,1.1288737195454601,9.829054912298812,8.700181192753352
망한,1.1288737195454601,9.829054912298812,8.700181192753352
키셔,1.1288737195454601,9.829054912298812,8.700181192753352
 3만,1.1288737195454601,9.829054912298812,8.700181192753352
해 ,1.1242333399889564,8.142655958728582,7.018422618739626
고객님 ,1.118402419678164,9.646733355504857,8.528330935826693
 지,1.118402419678164,7.567291813825022,6.448889394146858
 알림,1.118402419678164,9.646733355504857,8.528330935826693
객님 ,1.118402419678164,9.646733355504857,8.528330935826693
국제,1.1051571929281447,9.359051283053077,8.253894090124932
는데,1.0971250212308785,8.442760551178921,7.3456355299480425
정보 ,1.0971250212308785,9.135907731738866,8.038782710507988
 신청,1.0955877419119924,8.393970387009489,7.2983826450974965
해서,1.09418816155757,9.040597551934543,7.946409390376973
장을,1.064335198407889,9.4925826756776,8.42824747726971
23,1.064335198407889,9.4925826756776,8.42824747726971
가능합,1.064335198407889,9.4925826756776,8.42824747726971
가능합니,1.064335198407889,9.4925826756776,8.42824747726971
품을 ,1.064335198407889,9.241268247396693,8.176933048988804
품을,1.064335198407889,9.241268247396693,8.176933048988804
장을 ,1.064335198407889,9.4925826756776,8.42824747726971
능합니다,1.064335198407889,9.4925826756776,8.42824747726971
능합,1.064335198407889,9.4925826756776,8.42824747726971
 가능합,1.064335198407889,9.4925826756776,8.42824747726971
능합니,1.064335198407889,9.4925826756776,8.42824747726971
는데 ,1.0643351984078882,8.873543467271375,7.809208268863487
00님 ,1.0643351984078873,9.829054912298812,8.764719713890925
551-,1.0643351984078873,9.829054912298812,8.764719713890925
 송금,1.0643351984078873,9.829054912298812,8.764719713890925
51-,1.0643351984078873,9.829054912298812,8.764719713890925
 조문 ,1.0643351984078873,9.829054912298812,8.764719713890925
 조문,1.0643351984078873,9.829054912298812,8.764719713890925
할데,1.0643351984078873,9.829054912298812,8.764719713890925
할데가,1.0643351984078873,9.829054912298812,8.764719713890925
 송금할,1.0643351984078873,9.829054912298812,8.764719713890925
급히 ,1.0643351984078873,9.829054912298812,8.764719713890925
일시불 ,1.0643351984078873,9.829054912298812,8.764719713890925
할데가 ,1.0643351984078873,9.829054912298812,8.764719713890925
 제 ,1.0643351984078873,9.646733355504857,8.58239815709697
데가 ,1.0643351984078873,9.829054912298812,8.764719713890925
0/2,1.0643351984078873,9.829054912298812,8.764719713890925
시불 ,1.0643351984078873,9.829054912298812,8.764719713890925
입력 ,1.0643351984078873,9.646733355504857,8.58239815709697
삼가 ,1.0643351984078873,9.829054912298812,8.764719713890925
데가,1.0643351984078873,9.829054912298812,8.764719713890925
하셨,1.0643351984078873,9.829054912298812,8.764719713890925
60,1.0643351984078873,9.829054912298812,8.764719713890925
 반송됩,1.0643351984078873,9.829054912298812,8.764719713890925
송됩니다,1.0643351984078873,9.829054912298812,8.764719713890925
금할,1.0643351984078873,9.829054912298812,8.764719713890925
 기회,1.0643351984078873,9.829054912298812,8.764719713890925
1551,1.0643351984078873,9.829054912298812,8.764719713890925
조문,1.0643351984078873,9.829054912298812,8.764719713890925
 10/,1.0643351984078873,9.829054912298812,8.764719713890925
멤버십 ,1.0643351984078873,9.829054912298812,8.764719713890925
 삼가 ,1.0643351984078873,9.829054912298812,8.764719713890925
 일시불,1.0643351984078873,9.829054912298812,8.764719713890925
버십 ,1.0643351984078873,9.829054912298812,8.764719713890925
체국,1.0643351984078873,9.646733355504857,8.58239815709697
송됩니,1.0643351984078873,9.829054912298812,8.764719713890925
송됩,1.0643351984078873,9.829054912298812,8.764719713890925
 급히 ,1.0643351984078873,9.829054912298812,8.764719713890925
반송됩,1.0643351984078873,9.829054912298812,8.764719713890925
송금할데,1.0643351984078873,9.829054912298812,8.764719713890925
0님 ,1.0643351984078873,9.829054912298812,8.764719713890925
송금할,1.0643351984078873,9.829054912298812,8.764719713890925
우체국,1.0643351984078873,9.646733355504857,8.58239815709697
 00,1.0643351984078873,9.135907731738866,8.07157253333098
우체,1.0643351984078873,9.646733355504857,8.58239815709697
송금,1.0643351984078873,9.829054912298812,8.764719713890925
 급히,1.0643351984078873,9.829054912298812,8.764719713890925
반송됩니,1.0643351984078873,9.829054912298812,8.764719713890925
기회,1.0643351984078873,9.829054912298812,8.764719713890925
10/2,1.0643351984078873,9.829054912298812,8.764719713890925
조문 ,1.0643351984078873,9.829054912298812,8.764719713890925
 앞,1.0643351984078873,9.829054912298812,8.764719713890925
금할데가,1.0643351984078873,9.829054912298812,8.764719713890925
금할데,1.0643351984078873,9.829054912298812,8.764719713890925
155,1.0643351984078873,9.829054912298812,8.764719713890925
 은,1.0643351984078873,9.646733355504857,8.58239815709697
 미,1.0335635397411345,9.040597551934543,8.007034012193408
어요. ,1.0217755839890934,9.359051283053077,8.337275699063984
어요.,1.0217755839890934,9.359051283053077,8.337275699063984
 세,1.0217755839890934,9.359051283053077,8.337275699063984
께서,1.0155450342384569,9.4925826756776,8.477037641439143
 택배,1.0155450342384569,9.4925826756776,8.477037641439143
 택,1.0155450342384569,9.4925826756776,8.477037641439143
어가,1.007176784567939,9.646733355504857,8.639556570936918
0님,1.007176784567939,9.646733355504857,8.639556570936918
지를 ,1.007176784567939,9.646733355504857,8.639556570936918
들어가,1.007176784567939,9.646733355504857,8.639556570936918
 들어가,1.007176784567939,9.646733355504857,8.639556570936918
좌로,1.007176784567939,9.646733355504857,8.639556570936918
상품을,1.007176784567939,9.646733355504857,8.639556570936918
 상품을,1.007176784567939,9.646733355504857,8.639556570936918
꺼 ,1.007176784567939,9.646733355504857,8.639556570936918
계좌로,1.007176784567939,9.646733355504857,8.639556570936918
계좌로 ,1.007176784567939,9.646733355504857,8.639556570936918
 정도,1.007176784567939,9.646733355504857,8.639556570936918
좌로 ,1.007176784567939,9.646733355504857,8.639556570936918
3년,1.007176784567939,9.646733355504857,8.639556570936918
 정도 ,1.007176784567939,9.646733355504857,8.639556570936918
00님,1.007176784567939,9.646733355504857,8.639556570936918
23년,1.007176784567939,9.646733355504857,8.639556570936918
3년 ,1.007176784567939,9.646733355504857,8.639556570936918
23년 ,1.007176784567939,9.646733355504857,8.639556570936918
택 ,1.007176784567939,9.646733355504857,8.639556570936918
줄 ,1.007176784567939,9.646733355504857,8.639556570936918
 살,1.007176784567939,9.646733355504857,8.639556570936918
지를,1.007176784567939,9.646733355504857,8.639556570936918
상품을 ,1.007176784567939,9.646733355504857,8.639556570936918
서류,1.007176784567939,9.646733355504857,8.639556570936918
1-7,0.9953423269209374,9.829054912298812,8.833712585377874
제부결 ,0.9953423269209374,9.829054912298812,8.833712585377874
**5카,0.9953423269209374,9.829054912298812,8.833712585377874
제부결,0.9953423269209374,9.829054912298812,8.833712585377874
제부,0.9953423269209374,9.829054912298812,8.833712585377874
1-70,0.9953423269209374,9.829054912298812,8.833712585377874
 상담 ,0.9953423269209374,9.829054912298812,8.833712585377874
2**5,0.9953423269209374,9.829054912298812,8.833712585377874
신고바랍,0.9953423269209374,9.829054912298812,8.833712585377874
)으,0.9953423269209374,9.829054912298812,8.833712585377874
정하,0.9953423269209374,9.829054912298812,8.833712585377874
상담문,0.9953423269209374,9.829054912298812,8.833712585377874
상담문의,0.9953423269209374,9.829054912298812,8.833712585377874
3만원 ,0.9953423269209374,9.829054912298812,8.833712585377874
장례,0.9953423269209374,9.829054912298812,8.833712585377874
)으로 ,0.9953423269209374,9.829054912298812,8.833712585377874
)으로,0.9953423269209374,9.829054912298812,8.833712585377874
줘 ,0.9953423269209374,9.829054912298812,8.833712585377874
신고바,0.9953423269209374,9.829054912298812,8.833712585377874
장모님께,0.9953423269209374,9.829054912298812,8.833712585377874
12)으,0.9953423269209374,9.829054912298812,8.833712585377874
장해,0.9953423269209374,9.829054912298812,8.833712585377874
 신협:,0.9953423269209374,9.829054912298812,8.833712585377874
12),0.9953423269209374,9.829054912298812,8.833712585377874
 신협,0.9953423269209374,9.829054912298812,8.833712585377874
안되나해,0.9953423269209374,9.829054912298812,8.833712585377874
시면되세,0.9953423269209374,9.829054912298812,8.833712585377874
세곳,0.9953423269209374,9.829054912298812,8.833712585377874
안되나,0.9953423269209374,9.829054912298812,8.833712585377874
송해요,0.9953423269209374,9.829054912298812,8.833712585377874
 안되나,0.9953423269209374,9.829054912298812,8.833712585377874
신협: ,0.9953423269209374,9.829054912298812,8.833712585377874
 수입,0.9953423269209374,9.829054912298812,8.833712585377874
심사,0.9953423269209374,9.829054912298812,8.833712585377874
긴급생,0.9953423269209374,9.829054912298812,8.833712585377874
나해서,0.9953423269209374,9.829054912298812,8.833712585377874
기세곳,0.9953423269209374,9.829054912298812,8.833712585377874
송해,0.9953423269209374,9.829054912298812,8.833712585377874
 여기세,0.9953423269209374,9.829054912298812,8.833712585377874
씩 ,0.9953423269209374,9.829054912298812,8.833712585377874
서요,0.9953423269209374,9.829054912298812,8.833712585377874
나해서요,0.9953423269209374,9.829054912298812,8.833712585377874
0/20,0.9953423269209374,9.829054912298812,8.833712585377874
서요 ,0.9953423269209374,9.829054912298812,8.833712585377874
죄송해요,0.9953423269209374,9.829054912298812,8.833712585377874
송해요 ,0.9953423269209374,9.829054912298812,8.833712585377874
나해,0.9953423269209374,9.829054912298812,8.833712585377874
기세,0.9953423269209374,9.829054912298812,8.833712585377874
죄송해,0.9953423269209374,9.829054912298812,8.833712585377874
012),0.9953423269209374,9.829054912298812,8.833712585377874
2)으,0.9953423269209374,9.829054912298812,8.833712585377874
20 ,0.9953423269209374,9.829054912298812,8.833712585377874
기세곳에,0.9953423269209374,9.829054912298812,8.833712585377874
신협:,0.9953423269209374,9.829054912298812,8.833712585377874
신협,0.9953423269209374,9.829054912298812,8.833712585377874
수입,0.9953423269209374,9.829054912298812,8.833712585377874
*5카,0.9953423269209374,9.829054912298812,8.833712585377874
시면되,0.9953423269209374,9.829054912298812,8.833712585377874
*5카드,0.9953423269209374,9.829054912298812,8.833712585377874
/20,0.9953423269209374,9.829054912298812,8.833712585377874
저대,0.9953423269209374,9.829054912298812,8.833712585377874
/20 ,0.9953423269209374,9.829054912298812,8.833712585377874
세곳에 ,0.9953423269209374,9.829054912298812,8.833712585377874
알림] ,0.9953423269209374,9.829054912298812,8.833712585377874
저대신,0.9953423269209374,9.829054912298812,8.833712585377874
주시면되,0.9953423269209374,9.829054912298812,8.833712585377874
저대신 ,0.9953423269209374,9.829054912298812,8.833712585377874
세곳에,0.9953423269209374,9.829054912298812,8.833712585377874
2)으로,0.9953423269209374,9.829054912298812,8.833712585377874
 신고바,0.9953423269209374,9.829054912298812,8.833712585377874
-701,0.9953423269209374,9.829054912298812,8.833712585377874
자에게 ,0.9953423269209374,9.829054912298812,8.833712585377874
0만원씩,0.9953423269209374,9.829054912298812,8.833712585377874
자에게,0.9953423269209374,9.829054912298812,8.833712585377874
-70,0.9953423269209374,9.829054912298812,8.833712585377874
전문가,0.9953423269209374,9.829054912298812,8.833712585377874
전문가 ,0.9953423269209374,9.829054912298812,8.833712585377874
012,0.9953423269209374,9.829054912298812,8.833712585377874
국외,0.9953423269209374,9.829054912298812,8.833712585377874
상담 ,0.9953423269209374,9.829054912298812,8.833712585377874
림] ,0.9953423269209374,9.829054912298812,8.833712585377874
크:,0.9953423269209374,9.829054912298812,8.833712585377874
크: ,0.9953423269209374,9.829054912298812,8.833712585377874
만원씩 ,0.9953423269209374,9.829054912298812,8.833712585377874
만원씩,0.9953423269209374,9.829054912298812,8.833712585377874
융거래탐,0.9953423269209374,9.829054912298812,8.833712585377874
링크: ,0.9953423269209374,9.829054912298812,8.833712585377874
탐지,0.9953423269209374,9.829054912298812,8.833712585377874
탐지(,0.9953423269209374,9.829054912298812,8.833712585377874
탐지(1,0.9953423269209374,9.829054912298812,8.833712585377874
링크:,0.9953423269209374,9.829054912298812,8.833712585377874
릴게요 ,0.9953423269209374,9.829054912298812,8.833712585377874
이상금융,0.9953423269209374,9.829054912298812,8.833712585377874
 최신,0.9953423269209374,9.829054912298812,8.833712585377874
우체국:,0.9953423269209374,9.829054912298812,8.833712585377874
 팀이 ,0.9953423269209374,9.829054912298812,8.833712585377874
 팀이,0.9953423269209374,9.829054912298812,8.833712585377874
 각 ,0.9953423269209374,9.829054912298812,8.833712585377874
 각,0.9953423269209374,9.829054912298812,8.833712585377874
 저대,0.9953423269209374,9.829054912298812,8.833712585377874
 저대신,0.9953423269209374,9.829054912298812,8.833712585377874
팀이,0.9953423269209374,9.829054912298812,8.833712585377874
팀이 ,0.9953423269209374,9.829054912298812,8.833712585377874
이상금,0.9953423269209374,9.829054912298812,8.833712585377874
카카오 ,0.9953423269209374,9.829054912298812,8.833712585377874
[국외,0.9953423269209374,9.829054912298812,8.833712585377874
문가,0.9953423269209374,9.829054912298812,8.833712585377874
[모바,0.9953423269209374,9.829054912298812,8.833712585377874
[모바일,0.9953423269209374,9.829054912298812,8.833712585377874
체국:,0.9953423269209374,9.829054912298812,8.833712585377874
체국: ,0.9953423269209374,9.829054912298812,8.833712585377874
농현,0.9953423269209374,9.829054912298812,8.833712585377874
 이상금,0.9953423269209374,9.829054912298812,8.833712585377874
민생,0.9953423269209374,9.829054912298812,8.833712585377874
최신 ,0.9953423269209374,9.829054912298812,8.833712585377874
농현은,0.9953423269209374,9.829054912298812,8.833712585377874
문가 ,0.9953423269209374,9.829054912298812,8.833712585377874
올리,0.9953423269209374,9.829054912298812,8.833712585377874
카오 ,0.9953423269209374,9.829054912298812,8.833712585377874
 농현은,0.9953423269209374,9.829054912298812,8.833712585377874
 농현,0.9953423269209374,9.829054912298812,8.833712585377874
 인원,0.9953423269209374,9.829054912298812,8.833712585377874
모님께 ,0.9953423269209374,9.829054912298812,8.833712585377874
모님께,0.9953423269209374,9.829054912298812,8.833712585377874
농현은행,0.9953423269209374,9.829054912298812,8.833712585377874
 긴급생,0.9953423269209374,9.829054912298812,8.833712585377874
면되세요,0.9953423269209374,9.829054912298812,8.833712585377874
면되세,0.9953423269209374,9.829054912298812,8.833712585377874
면되,0.9953423269209374,9.829054912298812,8.833712585377874
 최신 ,0.9953423269209374,9.829054912298812,8.833712585377874
 전문가,0.9953423269209374,9.829054912298812,8.833712585377874
각 ,0.9953423269209374,9.829054912298812,8.833712585377874
 죄송해,0.9953423269209374,9.829054912298812,8.833712585377874
고바,0.9953423269209374,9.829054912298812,8.833712585377874
고바랍,0.9953423269209374,9.829054912298812,8.833712585377874
해드려서,0.9953423269209374,9.829054912298812,8.833712585377874
고바랍니,0.9953423269209374,9.829054912298812,8.833712585377874
현은행,0.9953423269209374,9.829054912298812,8.833712585377874
해서요,0.9953423269209374,9.829054912298812,8.833712585377874
해서요 ,0.9953423269209374,9.829054912298812,8.833712585377874
현은,0.9953423269209374,9.829054912298812,8.833712585377874
 33,0.9953423269209374,9.829054912298812,8.833712585377874
대상자,0.9953423269209374,9.829054912298812,8.833712585377874
당자,0.9953423269209374,9.829054912298812,8.833712585377874
려서 ,0.9953423269209374,9.829054912298812,8.833712585377874
원이에,0.9953423269209374,9.829054912298812,8.833712585377874
담문의,0.9953423269209374,9.829054912298812,8.833712585377874
행:,0.9953423269209374,9.829054912298812,8.833712585377874
행: ,0.9953423269209374,9.829054912298812,8.833712585377874
 20만,0.9953423269209374,9.829054912298812,8.833712585377874
국:,0.9953423269209374,9.829054912298812,8.833712585377874
국: ,0.9953423269209374,9.829054912298812,8.833712585377874
담문,0.9953423269209374,9.829054912298812,8.833712585377874
담당자,0.9953423269209374,9.829054912298812,8.833712585377874
원이에요,0.9953423269209374,9.829054912298812,8.833712585377874
은행:,0.9953423269209374,9.829054912298812,8.833712585377874
도와,0.9953423269209374,9.829054912298812,8.833712585377874
되나,0.9953423269209374,9.829054912298812,8.833712585377874
되나해,0.9953423269209374,9.829054912298812,8.833712585377874
려서,0.9953423269209374,9.829054912298812,8.833712585377874
래탐지(,0.9953423269209374,9.829054912298812,8.833712585377874
래탐지,0.9953423269209374,9.829054912298812,8.833712585377874
래탐,0.9953423269209374,9.829054912298812,8.833712585377874
원씩,0.9953423269209374,9.829054912298812,8.833712585377874
원씩 ,0.9953423269209374,9.829054912298812,8.833712585377874
거래탐,0.9953423269209374,9.829054912298812,8.833712585377874
거래탐지,0.9953423269209374,9.829054912298812,8.833712585377874
하며 ,0.9953423269209374,9.829054912298812,8.833712585377874
드려서 ,0.9953423269209374,9.829054912298812,8.833712585377874
드려서,0.9953423269209374,9.829054912298812,8.833712585377874
 [모바,0.9953423269209374,9.829054912298812,8.833712585377874
 [모,0.9953423269209374,9.829054912298812,8.833712585377874
게요 ,0.9953423269209374,9.829054912298812,8.833712585377874
 [국외,0.9953423269209374,9.829054912298812,8.833712585377874
되세요 ,0.9953423269209374,9.829054912298812,8.833712585377874
협: ,0.9953423269209374,9.829054912298812,8.833712585377874
은행: ,0.9953423269209374,9.829054912298812,8.833712585377874
협:,0.9953423269209374,9.829054912298812,8.833712585377874
현은행:,0.9953423269209374,9.829054912298812,8.833712585377874
되나해서,0.9953423269209374,9.829054912298812,8.833712585377874
[모,0.9953423269209374,9.829054912298812,8.833712585377874
최신,0.9953423269209374,9.829054912298812,8.833712585377874
부결 ,0.9953423269209374,9.829054912298812,8.833712585377874
 올,0.9953423269209374,9.829054912298812,8.833712585377874
여기세,0.9953423269209374,9.829054912298812,8.833712585377874
보내드릴,0.9953423269209374,9.829054912298812,8.833712585377874
급생,0.9953423269209374,9.829054912298812,8.833712585377874
51-7,0.9953423269209374,9.829054912298812,8.833712585377874
(155,0.9953423269209374,9.829054912298812,8.833712585377874
내드릴게,0.9953423269209374,9.829054912298812,8.833712585377874
 링크:,0.9953423269209374,9.829054912298812,8.833712585377874
5카,0.9953423269209374,9.829054912298812,8.833712585377874
5카드,0.9953423269209374,9.829054912298812,8.833712585377874
내드릴,0.9953423269209374,9.829054912298812,8.833712585377874
5카드 ,0.9953423269209374,9.829054912298812,8.833712585377874
지(15,0.9953423269209374,9.829054912298812,8.833712585377874
상금,0.9953423269209374,9.829054912298812,8.833712585377874
701,0.9953423269209374,9.829054912298812,8.833712585377874
기:,0.9953423269209374,9.829054912298812,8.833712585377874
상금융거,0.9953423269209374,9.829054912298812,8.833712585377874
부결,0.9953423269209374,9.829054912298812,8.833712585377874
상금융,0.9953423269209374,9.829054912298812,8.833712585377874
여기세곳,0.9953423269209374,9.829054912298812,8.833712585377874
지(1,0.9953423269209374,9.829054912298812,8.833712585377874
7012,0.9953423269209374,9.829054912298812,8.833712585377874
 통,0.9902272262541674,8.799435495117654,7.809208268863487
배 ,0.9873741572717609,9.241268247396693,8.253894090124932
택배 ,0.9873741572717609,9.241268247396693,8.253894090124932
 별,0.9773238214182598,9.359051283053077,8.381727461634817
택배,0.977323821418258,8.953586174944911,7.9762623535266535
됩니다.,0.9690250186035634,9.040597551934543,8.07157253333098
세요! ,0.9690250186035634,9.040597551934543,8.07157253333098
링크,0.9642517398509058,8.799435495117654,7.8351837552667485
 링크,0.9642517398509058,8.799435495117654,7.8351837552667485
3만,0.9465521627515052,9.241268247396693,8.294716084645188
행이 ,0.9465521627515052,9.646733355504857,8.700181192753352
000님,0.9465521627515052,9.646733355504857,8.700181192753352
여기,0.9465521627515052,9.646733355504857,8.700181192753352
 않으,0.9465521627515052,9.646733355504857,8.700181192753352
해요,0.9465521627515052,9.646733355504857,8.700181192753352
않으,0.9465521627515052,9.646733355504857,8.700181192753352
 긴,0.9465521627515052,9.646733355504857,8.700181192753352
데...,0.9465521627515052,9.646733355504857,8.700181192753352
까요,0.9465521627515052,9.646733355504857,8.700181192753352
데..,0.9465521627515052,9.646733355504857,8.700181192753352
데.,0.9465521627515052,9.646733355504857,8.700181192753352
있는데 ,0.9465521627515052,9.646733355504857,8.700181192753352
오 ,0.9465521627515052,9.646733355504857,8.700181192753352
되어서,0.9465521627515052,9.646733355504857,8.700181192753352
되어서 ,0.9465521627515052,9.646733355504857,8.700181192753352
 여기,0.9465521627515052,9.646733355504857,8.700181192753352
거든,0.9465521627515052,9.646733355504857,8.700181192753352
 정,0.9402825497379093,8.442760551178921,7.502478001441012
드립니다,0.9325659207767636,8.142655958728582,7.210090037951819
드립,0.9325659207767636,8.142655958728582,7.210090037951819
립니,0.9325659207767636,8.142655958728582,7.210090037951819
립니다,0.9325659207767636,8.142655958728582,7.210090037951819
드립니,0.9325659207767636,8.142655958728582,7.210090037951819
18,0.9308038057833663,9.359051283053077,8.42824747726971
어서 ,0.9308038057833663,9.359051283053077,8.42824747726971
 계좌,0.9308038057833663,9.359051283053077,8.42824747726971
 음,0.9308038057833663,9.359051283053077,8.42824747726971
원수가,0.9212343547672148,9.829054912298812,8.907820557531597
 우량,0.9212343547672148,9.829054912298812,8.907820557531597
.(급,0.9212343547672148,9.829054912298812,8.907820557531597
.(급여,0.9212343547672148,9.829054912298812,8.907820557531597
음날,0.9212343547672148,9.829054912298812,8.907820557531597
엔터테,0.9212343547672148,9.829054912298812,8.907820557531597
음날로부,0.9212343547672148,9.829054912298812,8.907820557531597
원내,0.9212343547672148,9.829054912298812,8.907820557531597
 전화 ,0.9212343547672148,9.829054912298812,8.907820557531597
원내용,0.9212343547672148,9.829054912298812,8.907820557531597
 주거,0.9212343547672148,9.829054912298812,8.907820557531597
 주지,0.9212343547672148,9.829054912298812,8.907820557531597
 주지 ,0.9212343547672148,9.829054912298812,8.907820557531597
엔터,0.9212343547672148,9.829054912298812,8.907820557531597
 쿠팡,0.9212343547672148,9.829054912298812,8.907820557531597
 안정 ,0.9212343547672148,9.829054912298812,8.907820557531597
 직원을,0.9212343547672148,9.829054912298812,8.907820557531597
(<u,0.9212343547672148,9.829054912298812,8.907820557531597
원수,0.9212343547672148,9.829054912298812,8.907820557531597
 지장,0.9212343547672148,9.829054912298812,8.907820557531597
어려우니,0.9212343547672148,9.829054912298812,8.907820557531597
 않고,0.9212343547672148,9.829054912298812,8.907820557531597
 않고 ,0.9212343547672148,9.829054912298812,8.907820557531597
음날로,0.9212343547672148,9.829054912298812,8.907820557531597
(<ur,0.9212343547672148,9.829054912298812,8.907820557531597
 우량주,0.9212343547672148,9.829054912298812,8.907820557531597
얼평가,0.9212343547672148,9.829054912298812,8.907820557531597
인지도,0.9212343547672148,9.829054912298812,8.907820557531597
원수가 ,0.9212343547672148,9.829054912298812,8.907820557531597
 주거안,0.9212343547672148,9.829054912298812,8.907820557531597
(급,0.9212343547672148,9.829054912298812,8.907820557531597
-상,0.9212343547672148,9.829054912298812,8.907820557531597
얼평가를,0.9212343547672148,9.829054912298812,8.907820557531597
어올,0.9212343547672148,9.829054912298812,8.907820557531597
원의 ,0.9212343547672148,9.829054912298812,8.907820557531597
일로,0.9212343547672148,9.829054912298812,8.907820557531597
 올릴수,0.9212343547672148,9.829054912298812,8.907820557531597
 온,0.9212343547672148,9.829054912298812,8.907820557531597
어올리,0.9212343547672148,9.829054912298812,8.907820557531597
 취업비,0.9212343547672148,9.829054912298812,8.907820557531597
 취업,0.9212343547672148,9.829054912298812,8.907820557531597
어올리기,0.9212343547672148,9.829054912298812,8.907820557531597
(급여는,0.9212343547672148,9.829054912298812,8.907820557531597
(급여,0.9212343547672148,9.829054912298812,8.907820557531597
자유롭,0.9212343547672148,9.829054912298812,8.907820557531597
 올릴,0.9212343547672148,9.829054912298812,8.907820557531597
자유롭게,0.9212343547672148,9.829054912298812,8.907820557531597
 조기,0.9212343547672148,9.829054912298812,8.907820557531597
 온라,0.9212343547672148,9.829054912298812,8.907820557531597
 온라인,0.9212343547672148,9.829054912298812,8.907820557531597
-957,0.9212343547672148,9.829054912298812,8.907820557531597
 조정,0.9212343547672148,9.829054912298812,8.907820557531597
일로 ,0.9212343547672148,9.829054912298812,8.907820557531597
업무에,0.9212343547672148,9.829054912298812,8.907820557531597
 참여하,0.9212343547672148,9.829054912298812,8.907820557531597
-60분,0.9212343547672148,9.829054912298812,8.907820557531597
위를 ,0.9212343547672148,9.829054912298812,8.907820557531597
 지장을,0.9212343547672148,9.829054912298812,8.907820557531597
인지도와,0.9212343547672148,9.829054912298812,8.907820557531597
 조정하,0.9212343547672148,9.829054912298812,8.907820557531597
인쿠,0.9212343547672148,9.829054912298812,8.907820557531597
-60,0.9212343547672148,9.829054912298812,8.907820557531597
인쿠르,0.9212343547672148,9.829054912298812,8.907820557531597
업비서 ,0.9212343547672148,9.829054912298812,8.907820557531597
인쿠르트,0.9212343547672148,9.829054912298812,8.907820557531597
업무에 ,0.9212343547672148,9.829054912298812,8.907820557531597
입장해 ,0.9212343547672148,9.829054912298812,8.907820557531597
원의,0.9212343547672148,9.829054912298812,8.907820557531597
업비서,0.9212343547672148,9.829054912298812,8.907820557531597
입장해,0.9212343547672148,9.829054912298812,8.907820557531597
 아티스,0.9212343547672148,9.829054912298812,8.907820557531597
 전담 ,0.9212343547672148,9.829054912298812,8.907820557531597
 아티,0.9212343547672148,9.829054912298812,8.907820557531597
업비,0.9212343547672148,9.829054912298812,8.907820557531597
아티,0.9212343547672148,9.829054912298812,8.907820557531597
액>을,0.9212343547672148,9.829054912298812,8.907820557531597
 전담,0.9212343547672148,9.829054912298812,8.907820557531597
 육,0.9212343547672148,9.829054912298812,8.907820557531597
올리기 ,0.9212343547672148,9.829054912298812,8.907820557531597
올릴,0.9212343547672148,9.829054912298812,8.907820557531597
"""을",0.9212343547672148,9.829054912298812,8.907820557531597
"""을 ",0.9212343547672148,9.829054912298812,8.907820557531597
올릴수,0.9212343547672148,9.829054912298812,8.907820557531597
올릴수 ,0.9212343547672148,9.829054912298812,8.907820557531597
여하시,0.9212343547672148,9.829054912298812,8.907820557531597
 인원수,0.9212343547672148,9.829054912298812,8.907820557531597
 인지,0.9212343547672148,9.829054912298812,8.907820557531597
 인지도,0.9212343547672148,9.829054912298812,8.907820557531597
 인쿠,0.9212343547672148,9.829054912298812,8.907820557531597
 인쿠르,0.9212343547672148,9.829054912298812,8.907820557531597
%에,0.9212343547672148,9.829054912298812,8.907820557531597
%에 ,0.9212343547672148,9.829054912298812,8.907820557531597
이자 ,0.9212343547672148,9.829054912298812,8.907820557531597
여하,0.9212343547672148,9.829054912298812,8.907820557531597
이자,0.9212343547672148,9.829054912298812,8.907820557531597
외발,0.9212343547672148,9.829054912298812,8.907820557531597
인원수,0.9212343547672148,9.829054912298812,8.907820557531597
인원수가,0.9212343547672148,9.829054912298812,8.907820557531597
외발신,0.9212343547672148,9.829054912298812,8.907820557531597
외발신],0.9212343547672148,9.829054912298812,8.907820557531597
위기가구,0.9212343547672148,9.829054912298812,8.907820557531597
올리기,0.9212343547672148,9.829054912298812,8.907820557531597
(전,0.9212343547672148,9.829054912298812,8.907820557531597
유롭게,0.9212343547672148,9.829054912298812,8.907820557531597
 육성,0.9212343547672148,9.829054912298812,8.907820557531597
여하시면,0.9212343547672148,9.829054912298812,8.907820557531597
"""13",0.9212343547672148,9.829054912298812,8.907820557531597
 업무에,0.9212343547672148,9.829054912298812,8.907820557531597
인먼,0.9212343547672148,9.829054912298812,8.907820557531597
 업무,0.9212343547672148,9.829054912298812,8.907820557531597
인먼트,0.9212343547672148,9.829054912298812,8.907820557531597
액>을 ,0.9212343547672148,9.829054912298812,8.907820557531597
인먼트에,0.9212343547672148,9.829054912298812,8.907820557531597
온라,0.9212343547672148,9.829054912298812,8.907820557531597
"""131",0.9212343547672148,9.829054912298812,8.907820557531597
온라인,0.9212343547672148,9.829054912298812,8.907820557531597
익률이 ,0.9212343547672148,9.829054912298812,8.907820557531597
익률이,0.9212343547672148,9.829054912298812,8.907820557531597
익률,0.9212343547672148,9.829054912298812,8.907820557531597
 육성되,0.9212343547672148,9.829054912298812,8.907820557531597
 지급 ,0.9212343547672148,9.829054912298812,8.907820557531597
"이트, ",0.9212343547672148,9.829054912298812,8.907820557531597
 지급입,0.9212343547672148,9.829054912298812,8.907820557531597
"이트,",0.9212343547672148,9.829054912298812,8.907820557531597
육성되,0.9212343547672148,9.829054912298812,8.907820557531597
 이자,0.9212343547672148,9.829054912298812,8.907820557531597
 이자 ,0.9212343547672148,9.829054912298812,8.907820557531597
육성되는,0.9212343547672148,9.829054912298812,8.907820557531597
않고 ,0.9212343547672148,9.829054912298812,8.907820557531597
여가시간,0.9212343547672148,9.829054912298812,8.907820557531597
않고,0.9212343547672148,9.829054912298812,8.907820557531597
얼평,0.9212343547672148,9.829054912298812,8.907820557531597
 자유롭,0.9212343547672148,9.829054912298812,8.907820557531597
의> ,0.9212343547672148,9.829054912298812,8.907820557531597
의>,0.9212343547672148,9.829054912298812,8.907820557531597
 준비했,0.9212343547672148,9.829054912298812,8.907820557531597
 원의 ,0.9212343547672148,9.829054912298812,8.907820557531597
 원의,0.9212343547672148,9.829054912298812,8.907820557531597
 장례,0.9212343547672148,9.829054912298812,8.907820557531597
아티스,0.9212343547672148,9.829054912298812,8.907820557531597
 재배,0.9212343547672148,9.829054912298812,8.907820557531597
 재배송,0.9212343547672148,9.829054912298812,8.907820557531597
 원과 ,0.9212343547672148,9.829054912298812,8.907820557531597
"""1",0.9212343547672148,9.829054912298812,8.907820557531597
 저소,0.9212343547672148,9.829054912298812,8.907820557531597
 원과,0.9212343547672148,9.829054912298812,8.907820557531597
위를,0.9212343547672148,9.829054912298812,8.907820557531597
 저소득,0.9212343547672148,9.829054912298812,8.907820557531597
 클릭하,0.9212343547672148,9.829054912298812,8.907820557531597
음반평가,0.9212343547672148,9.829054912298812,8.907820557531597
엔터테인,0.9212343547672148,9.829054912298812,8.907820557531597
유롭게 ,0.9212343547672148,9.829054912298812,8.907820557531597
위기가,0.9212343547672148,9.829054912298812,8.907820557531597
음반평,0.9212343547672148,9.829054912298812,8.907820557531597
음반 ,0.9212343547672148,9.829054912298812,8.907820557531597
 원이에,0.9212343547672148,9.829054912298812,8.907820557531597
 자유,0.9212343547672148,9.829054912298812,8.907820557531597
우량주를,0.9212343547672148,9.829054912298812,8.907820557531597
용·,0.9212343547672148,9.829054912298812,8.907820557531597
안정대책,0.9212343547672148,9.829054912298812,8.907820557531597
안정대,0.9212343547672148,9.829054912298812,8.907820557531597
 여가,0.9212343547672148,9.829054912298812,8.907820557531597
 풀타임,0.9212343547672148,9.829054912298812,8.907820557531597
 입장해,0.9212343547672148,9.829054912298812,8.907820557531597
육성,0.9212343547672148,9.829054912298812,8.907820557531597
 풀타,0.9212343547672148,9.829054912298812,8.907820557531597
 풀,0.9212343547672148,9.829054912298812,8.907820557531597
 여가시,0.9212343547672148,9.829054912298812,8.907820557531597
 최고급,0.9212343547672148,9.829054912298812,8.907820557531597
용·소,0.9212343547672148,9.829054912298812,8.907820557531597
우량주,0.9212343547672148,9.829054912298812,8.907820557531597
 위기가,0.9212343547672148,9.829054912298812,8.907820557531597
여가시,0.9212343547672148,9.829054912298812,8.907820557531597
 준비되,0.9212343547672148,9.829054912298812,8.907820557531597
악음반평,0.9212343547672148,9.829054912298812,8.907820557531597
용·소득,0.9212343547672148,9.829054912298812,8.907820557531597
우니,0.9212343547672148,9.829054912298812,8.907820557531597
악음반 ,0.9212343547672148,9.829054912298812,8.907820557531597
우니 ,0.9212343547672148,9.829054912298812,8.907820557531597
아티스트,0.9212343547672148,9.829054912298812,8.907820557531597
우량,0.9212343547672148,9.829054912298812,8.907820557531597
있어요.,0.9212343547672148,9.829054912298812,8.907820557531597
업무,0.9212343547672148,9.829054912298812,8.907820557531597
시지를 ,0.9212343547672148,9.829054912298812,8.907820557531597
터테,0.9212343547672148,9.829054912298812,8.907820557531597
릴수 ,0.9212343547672148,9.829054912298812,8.907820557531597
·소득,0.9212343547672148,9.829054912298812,8.907820557531597
·소,0.9212343547672148,9.829054912298812,8.907820557531597
 경품을,0.9212343547672148,9.829054912298812,8.907820557531597
yp엔터,0.9212343547672148,9.829054912298812,8.907820557531597
yp엔,0.9212343547672148,9.829054912298812,8.907820557531597
yp,0.9212343547672148,9.829054912298812,8.907820557531597
클릭하고,0.9212343547672148,9.829054912298812,8.907820557531597
클릭하,0.9212343547672148,9.829054912298812,8.907820557531597
p엔터테,0.9212343547672148,9.829054912298812,8.907820557531597
p엔터,0.9212343547672148,9.829054912298812,8.907820557531597
p엔,0.9212343547672148,9.829054912298812,8.907820557531597
많아 ,0.9212343547672148,9.829054912298812,8.907820557531597
매주,0.9212343547672148,9.829054912298812,8.907820557531597
매주 ,0.9212343547672148,9.829054912298812,8.907820557531597
 근로자,0.9212343547672148,9.829054912298812,8.907820557531597
쿠르트의,0.9212343547672148,9.829054912298812,8.907820557531597
먼트에,0.9212343547672148,9.829054912298812,8.907820557531597
쿠르트,0.9212343547672148,9.829054912298812,8.907820557531597
먼트에서,0.9212343547672148,9.829054912298812,8.907820557531597
쿠르,0.9212343547672148,9.829054912298812,8.907820557531597
메시지를,0.9212343547672148,9.829054912298812,8.907820557531597
 기회도,0.9212343547672148,9.829054912298812,8.907820557531597
릴수,0.9212343547672148,9.829054912298812,8.907820557531597
터테인,0.9212343547672148,9.829054912298812,8.907820557531597
jyp,0.9212343547672148,9.829054912298812,8.907820557531597
터테인먼,0.9212343547672148,9.829054912298812,8.907820557531597
가구,0.9212343547672148,9.829054912298812,8.907820557531597
트에,0.9212343547672148,9.829054912298812,8.907820557531597
"트, ",0.9212343547672148,9.829054912298812,8.907820557531597
"트,",0.9212343547672148,9.829054912298812,8.907820557531597
통이 ,0.9212343547672148,9.829054912298812,8.907820557531597
통이,0.9212343547672148,9.829054912298812,8.907820557531597
률이,0.9212343547672148,9.829054912298812,8.907820557531597
률이 ,0.9212343547672148,9.829054912298812,8.907820557531597
르트,0.9212343547672148,9.829054912298812,8.907820557531597
르트의,0.9212343547672148,9.829054912298812,8.907820557531597
르트의 ,0.9212343547672148,9.829054912298812,8.907820557531597
리고요,0.9212343547672148,9.829054912298812,8.907820557531597
리고요 ,0.9212343547672148,9.829054912298812,8.907820557531597
리기 ,0.9212343547672148,9.829054912298812,8.907820557531597
리얼,0.9212343547672148,9.829054912298812,8.907820557531597
리얼평,0.9212343547672148,9.829054912298812,8.907820557531597
리얼평가,0.9212343547672148,9.829054912298812,8.907820557531597
릭하,0.9212343547672148,9.829054912298812,8.907820557531597
릭하고,0.9212343547672148,9.829054912298812,8.907820557531597
릭하고 ,0.9212343547672148,9.829054912298812,8.907820557531597
테인먼트,0.9212343547672148,9.829054912298812,8.907820557531597
테인먼,0.9212343547672148,9.829054912298812,8.907820557531597
테인,0.9212343547672148,9.829054912298812,8.907820557531597
jyp엔,0.9212343547672148,9.829054912298812,8.907820557531597
jy,0.9212343547672148,9.829054912298812,8.907820557531597
트에서 ,0.9212343547672148,9.829054912298812,8.907820557531597
 담당자,0.9212343547672148,9.829054912298812,8.907820557531597
민경제,0.9212343547672148,9.829054912298812,8.907820557531597
민경제 ,0.9212343547672148,9.829054912298812,8.907820557531597
최고급 ,0.9212343547672148,9.829054912298812,8.907820557531597
최고급,0.9212343547672148,9.829054912298812,8.907820557531597
민생안,0.9212343547672148,9.829054912298812,8.907820557531597
민생안정,0.9212343547672148,9.829054912298812,8.907820557531597
"바이트,",0.9212343547672148,9.829054912298812,8.907820557531597
 당첨을,0.9212343547672148,9.829054912298812,8.907820557531597
바일로,0.9212343547672148,9.829054912298812,8.907820557531597
바일로 ,0.9212343547672148,9.829054912298812,8.907820557531597
반송 ,0.9212343547672148,9.829054912298812,8.907820557531597
반평,0.9212343547672148,9.829054912298812,8.907820557531597
반평가,0.9212343547672148,9.829054912298812,8.907820557531597
시지를,0.9212343547672148,9.829054912298812,8.907820557531597
[국외발,0.9212343547672148,9.829054912298812,8.907820557531597
밤 ,0.9212343547672148,9.829054912298812,8.907820557531597
방안,0.9212343547672148,9.829054912298812,8.907820557531597
>을 ,0.9212343547672148,9.829054912298812,8.907820557531597
>을,0.9212343547672148,9.829054912298812,8.907820557531597
청첩장을,0.9212343547672148,9.829054912298812,8.907820557531597
<상담문,0.9212343547672148,9.829054912298812,8.907820557531597
<상담,0.9212343547672148,9.829054912298812,8.907820557531597
<상,0.9212343547672148,9.829054912298812,8.907820557531597
민경,0.9212343547672148,9.829054912298812,8.907820557531597
 달하는,0.9212343547672148,9.829054912298812,8.907820557531597
 김0,0.9212343547672148,9.829054912298812,8.907820557531597
 달하,0.9212343547672148,9.829054912298812,8.907820557531597
 김00,0.9212343547672148,9.829054912298812,8.907820557531597
명함,0.9212343547672148,9.829054912298812,8.907820557531597
 끌어,0.9212343547672148,9.829054912298812,8.907820557531597
 끌어올,0.9212343547672148,9.829054912298812,8.907820557531597
명함 ,0.9212343547672148,9.829054912298812,8.907820557531597
취업비서,0.9212343547672148,9.829054912298812,8.907820557531597
취업비,0.9212343547672148,9.829054912298812,8.907820557531597
취업,0.9212343547672148,9.829054912298812,8.907820557531597
모바일로,0.9212343547672148,9.829054912298812,8.907820557531597
출기간,0.9212343547672148,9.829054912298812,8.907820557531597
출기,0.9212343547672148,9.829054912298812,8.907820557531597
모집하,0.9212343547672148,9.829054912298812,8.907820557531597
모집하고,0.9212343547672148,9.829054912298812,8.907820557531597
무시간을,0.9212343547672148,9.829054912298812,8.907820557531597
무에,0.9212343547672148,9.829054912298812,8.907820557531597
무에 ,0.9212343547672148,9.829054912298812,8.907820557531597
무조,0.9212343547672148,9.829054912298812,8.907820557531597
무조건,0.9212343547672148,9.829054912298812,8.907820557531597
무조건 ,0.9212343547672148,9.829054912298812,8.907820557531597
문의>,0.9212343547672148,9.829054912298812,8.907820557531597
문의> ,0.9212343547672148,9.829054912298812,8.907820557531597
 다음날,0.9212343547672148,9.829054912298812,8.907820557531597
물품 ,0.9212343547672148,9.829054912298812,8.907820557531597
트에서,0.9212343547672148,9.829054912298812,8.907820557531597
로자,0.9212343547672148,9.829054912298812,8.907820557531597
 두 ,0.9212343547672148,9.829054912298812,8.907820557531597
 -상,0.9212343547672148,9.829054912298812,8.907820557531597
급여는 ,0.9212343547672148,9.829054912298812,8.907820557531597
급여는,0.9212343547672148,9.829054912298812,8.907820557531597
급여,0.9212343547672148,9.829054912298812,8.907820557531597
금액>을,0.9212343547672148,9.829054912298812,8.907820557531597
능하며 ,0.9212343547672148,9.829054912298812,8.907820557531597
니다.(,0.9212343547672148,9.829054912298812,8.907820557531597
근로자,0.9212343547672148,9.829054912298812,8.907820557531597
호> ,0.9212343547672148,9.829054912298812,8.907820557531597
" ""1",0.9212343547672148,9.829054912298812,8.907820557531597
다.(,0.9212343547672148,9.829054912298812,8.907820557531597
다.(급,0.9212343547672148,9.829054912298812,8.907820557531597
다음날,0.9212343547672148,9.829054912298812,8.907820557531597
다음날로,0.9212343547672148,9.829054912298812,8.907820557531597
국외발신,0.9212343547672148,9.829054912298812,8.907820557531597
국외발,0.9212343547672148,9.829054912298812,8.907820557531597
달하,0.9212343547672148,9.829054912298812,8.907820557531597
달하는,0.9212343547672148,9.829054912298812,8.907820557531597
달하는 ,0.9212343547672148,9.829054912298812,8.907820557531597
담당자에,0.9212343547672148,9.829054912298812,8.907820557531597
 20-,0.9212343547672148,9.829054912298812,8.907820557531597
담문의>,0.9212343547672148,9.829054912298812,8.907820557531597
당자에,0.9212343547672148,9.829054912298812,8.907820557531597
당자에게,0.9212343547672148,9.829054912298812,8.907820557531597
급입,0.9212343547672148,9.829054912298812,8.907820557531597
급입니,0.9212343547672148,9.829054912298812,8.907820557531597
당첨을 ,0.9212343547672148,9.829054912298812,8.907820557531597
급입니다,0.9212343547672148,9.829054912298812,8.907820557531597
" ""13",0.9212343547672148,9.829054912298812,8.907820557531597
께하고,0.9212343547672148,9.829054912298812,8.907820557531597
께하고 ,0.9212343547672148,9.829054912298812,8.907820557531597
끌어,0.9212343547672148,9.829054912298812,8.907820557531597
끌어올,0.9212343547672148,9.829054912298812,8.907820557531597
김00입,0.9212343547672148,9.829054912298812,8.907820557531597
김00,0.9212343547672148,9.829054912298812,8.907820557531597
김0,0.9212343547672148,9.829054912298812,8.907820557531597
끌어올리,0.9212343547672148,9.829054912298812,8.907820557531597
기회도 ,0.9212343547672148,9.829054912298812,8.907820557531597
기회도,0.9212343547672148,9.829054912298812,8.907820557531597
회도 ,0.9212343547672148,9.829054912298812,8.907820557531597
회도,0.9212343547672148,9.829054912298812,8.907820557531597
날로,0.9212343547672148,9.829054912298812,8.907820557531597
날로부,0.9212343547672148,9.829054912298812,8.907820557531597
날로부터,0.9212343547672148,9.829054912298812,8.907820557531597
기상환 ,0.9212343547672148,9.829054912298812,8.907820557531597
기상환,0.9212343547672148,9.829054912298812,8.907820557531597
기상,0.9212343547672148,9.829054912298812,8.907820557531597
내서,0.9212343547672148,9.829054912298812,8.907820557531597
내서 ,0.9212343547672148,9.829054912298812,8.907820557531597
기가구,0.9212343547672148,9.829054912298812,8.907820557531597
기: ,0.9212343547672148,9.829054912298812,8.907820557531597
당첨을,0.9212343547672148,9.829054912298812,8.907820557531597
대면,0.9212343547672148,9.829054912298812,8.907820557531597
로부터 ,0.9212343547672148,9.829054912298812,8.907820557531597
람의 ,0.9212343547672148,9.829054912298812,8.907820557531597
량주를,0.9212343547672148,9.829054912298812,8.907820557531597
량주를 ,0.9212343547672148,9.829054912298812,8.907820557531597
려요.,0.9212343547672148,9.829054912298812,8.907820557531597
려요. ,0.9212343547672148,9.829054912298812,8.907820557531597
려우니,0.9212343547672148,9.829054912298812,8.907820557531597
려우니 ,0.9212343547672148,9.829054912298812,8.907820557531597
풀타임 ,0.9212343547672148,9.829054912298812,8.907820557531597
풀타임,0.9212343547672148,9.829054912298812,8.907820557531597
풀타,0.9212343547672148,9.829054912298812,8.907820557531597
평가를 ,0.9212343547672148,9.829054912298812,8.907820557531597
평가를,0.9212343547672148,9.829054912298812,8.907820557531597
"평가, ",0.9212343547672148,9.829054912298812,8.907820557531597
"평가,",0.9212343547672148,9.829054912298812,8.907820557531597
가시간을,0.9212343547672148,9.829054912298812,8.907820557531597
가시간,0.9212343547672148,9.829054912298812,8.907820557531597
령하,0.9212343547672148,9.829054912298812,8.907820557531597
 ♥,0.9212343547672148,9.829054912298812,8.907820557531597
 ♥ ,0.9212343547672148,9.829054912298812,8.907820557531597
로부,0.9212343547672148,9.829054912298812,8.907820557531597
티스트의,0.9212343547672148,9.829054912298812,8.907820557531597
티스트,0.9212343547672148,9.829054912298812,8.907820557531597
티스,0.9212343547672148,9.829054912298812,8.907820557531597
로부터,0.9212343547672148,9.829054912298812,8.907820557531597
량주,0.9212343547672148,9.829054912298812,8.907820557531597
람의,0.9212343547672148,9.829054912298812,8.907820557531597
 30-,0.9212343547672148,9.829054912298812,8.907820557531597
라인,0.9212343547672148,9.829054912298812,8.907820557531597
 33.,0.9212343547672148,9.829054912298812,8.907820557531597
대출기,0.9212343547672148,9.829054912298812,8.907820557531597
대출기간,0.9212343547672148,9.829054912298812,8.907820557531597
고요 ,0.9212343547672148,9.829054912298812,8.907820557531597
고요,0.9212343547672148,9.829054912298812,8.907820557531597
고급 ,0.9212343547672148,9.829054912298812,8.907820557531597
고급,0.9212343547672148,9.829054912298812,8.907820557531597
함께하고,0.9212343547672148,9.829054912298812,8.907820557531597
도와 ,0.9212343547672148,9.829054912298812,8.907820557531597
계비 ,0.9212343547672148,9.829054912298812,8.907820557531597
 <상,0.9212343547672148,9.829054912298812,8.907820557531597
 <상담,0.9212343547672148,9.829054912298812,8.907820557531597
경품을 ,0.9212343547672148,9.829054912298812,8.907820557531597
경품을,0.9212343547672148,9.829054912298812,8.907820557531597
경제 ,0.9212343547672148,9.829054912298812,8.907820557531597
경제,0.9212343547672148,9.829054912298812,8.907820557531597
드려요.,0.9212343547672148,9.829054912298812,8.907820557531597
거안정,0.9212343547672148,9.829054912298812,8.907820557531597
거안,0.9212343547672148,9.829054912298812,8.907820557531597
드리고요,0.9212343547672148,9.829054912298812,8.907820557531597
 j,0.9212343547672148,9.829054912298812,8.907820557531597
 jy,0.9212343547672148,9.829054912298812,8.907820557531597
 jyp,0.9212343547672148,9.829054912298812,8.907820557531597
 두,0.9212343547672148,9.829054912298812,8.907820557531597
"반평가,",0.9212343547672148,9.829054912298812,8.907820557531597
새정부,0.9212343547672148,9.829054912298812,8.907820557531597
 비대,0.9212343547672148,9.829054912298812,8.907820557531597
성되는,0.9212343547672148,9.829054912298812,8.907820557531597
조정하여,0.9212343547672148,9.829054912298812,8.907820557531597
조정하,0.9212343547672148,9.829054912298812,8.907820557531597
성되는 ,0.9212343547672148,9.829054912298812,8.907820557531597
 부담 ,0.9212343547672148,9.829054912298812,8.907820557531597
조정,0.9212343547672148,9.829054912298812,8.907820557531597
조기상환,0.9212343547672148,9.829054912298812,8.907820557531597
조기상,0.9212343547672148,9.829054912298812,8.907820557531597
 분석해,0.9212343547672148,9.829054912298812,8.907820557531597
세하,0.9212343547672148,9.829054912298812,8.907820557531597
세하셨,0.9212343547672148,9.829054912298812,8.907820557531597
 비대면,0.9212343547672148,9.829054912298812,8.907820557531597
설치,0.9212343547672148,9.829054912298812,8.907820557531597
정하여 ,0.9212343547672148,9.829054912298812,8.907820557531597
 사람의,0.9212343547672148,9.829054912298812,8.907820557531597
정하여,0.9212343547672148,9.829054912298812,8.907820557531597
"131""",0.9212343547672148,9.829054912298812,8.907820557531597
10-9,0.9212343547672148,9.829054912298812,8.907820557531597
소통,0.9212343547672148,9.829054912298812,8.907820557531597
소통이,0.9212343547672148,9.829054912298812,8.907820557531597
소통이 ,0.9212343547672148,9.829054912298812,8.907820557531597
"1""을 ",0.9212343547672148,9.829054912298812,8.907820557531597
"1""을",0.9212343547672148,9.829054912298812,8.907820557531597
"1""",0.9212343547672148,9.829054912298812,8.907820557531597
성되,0.9212343547672148,9.829054912298812,8.907820557531597
석해 ,0.9212343547672148,9.829054912298812,8.907820557531597
0입니,0.9212343547672148,9.829054912298812,8.907820557531597
생계비 ,0.9212343547672148,9.829054912298812,8.907820557531597
3.5,0.9212343547672148,9.829054912298812,8.907820557531597
준비되어,0.9212343547672148,9.829054912298812,8.907820557531597
준비되,0.9212343547672148,9.829054912298812,8.907820557531597
주지 ,0.9212343547672148,9.829054912298812,8.907820557531597
 방안,0.9212343547672148,9.829054912298812,8.907820557531597
새롭,0.9212343547672148,9.829054912298812,8.907820557531597
새롭게,0.9212343547672148,9.829054912298812,8.907820557531597
주지,0.9212343547672148,9.829054912298812,8.907820557531597
새롭게 ,0.9212343547672148,9.829054912298812,8.907820557531597
새정,0.9212343547672148,9.829054912298812,8.907820557531597
새정부 ,0.9212343547672148,9.829054912298812,8.907820557531597
생안,0.9212343547672148,9.829054912298812,8.907820557531597
20-,0.9212343547672148,9.829054912298812,8.907820557531597
생안정,0.9212343547672148,9.829054912298812,8.907820557531597
생안정대,0.9212343547672148,9.829054912298812,8.907820557531597
주거안정,0.9212343547672148,9.829054912298812,8.907820557531597
주거안,0.9212343547672148,9.829054912298812,8.907820557531597
주거,0.9212343547672148,9.829054912298812,8.907820557531597
서민,0.9212343547672148,9.829054912298812,8.907820557531597
서민경,0.9212343547672148,9.829054912298812,8.907820557531597
 별세하,0.9212343547672148,9.829054912298812,8.907820557531597
서민경제,0.9212343547672148,9.829054912298812,8.907820557531597
석해,0.9212343547672148,9.829054912298812,8.907820557531597
 보내서,0.9212343547672148,9.829054912298812,8.907820557531597
0입니다,0.9212343547672148,9.829054912298812,8.907820557531597
0입,0.9212343547672148,9.829054912298812,8.907820557531597
30-6,0.9212343547672148,9.829054912298812,8.907820557531597
전담 ,0.9212343547672148,9.829054912298812,8.907820557531597
0-6,0.9212343547672148,9.829054912298812,8.907820557531597
수익률,0.9212343547672148,9.829054912298812,8.907820557531597
 순,0.9212343547672148,9.829054912298812,8.907820557531597
 순위,0.9212343547672148,9.829054912298812,8.907820557531597
 순위를,0.9212343547672148,9.829054912298812,8.907820557531597
수익률이,0.9212343547672148,9.829054912298812,8.907820557531597
수입을,0.9212343547672148,9.829054912298812,8.907820557531597
수입을 ,0.9212343547672148,9.829054912298812,8.907820557531597
순위,0.9212343547672148,9.829054912298812,8.907820557531597
순위를,0.9212343547672148,9.829054912298812,8.907820557531597
순위를 ,0.9212343547672148,9.829054912298812,8.907820557531597
전담,0.9212343547672148,9.829054912298812,8.907820557531597
0-9,0.9212343547672148,9.829054912298812,8.907820557531597
스트의,0.9212343547672148,9.829054912298812,8.907820557531597
스트의 ,0.9212343547672148,9.829054912298812,8.907820557531597
재배송 ,0.9212343547672148,9.829054912298812,8.907820557531597
재배송,0.9212343547672148,9.829054912298812,8.907820557531597
재배,0.9212343547672148,9.829054912298812,8.907820557531597
.8,0.9212343547672148,9.829054912298812,8.907820557531597
장해 ,0.9212343547672148,9.829054912298812,8.907820557531597
.59%,0.9212343547672148,9.829054912298812,8.907820557531597
.59,0.9212343547672148,9.829054912298812,8.907820557531597
.5,0.9212343547672148,9.829054912298812,8.907820557531597
 심사,0.9212343547672148,9.829054912298812,8.907820557531597
0-60,0.9212343547672148,9.829054912298812,8.907820557531597
 수입을,0.9212343547672148,9.829054912298812,8.907820557531597
 새,0.9212343547672148,9.135907731738866,8.214673376971652
송완료 ,0.9212343547672148,9.829054912298812,8.907820557531597
 새롭,0.9212343547672148,9.829054912298812,8.907820557531597
 새롭게,0.9212343547672148,9.829054912298812,8.907820557531597
 새정,0.9212343547672148,9.829054912298812,8.907820557531597
 새정부,0.9212343547672148,9.829054912298812,8.907820557531597
 서민,0.9212343547672148,9.829054912298812,8.907820557531597
 서민경,0.9212343547672148,9.829054912298812,8.907820557531597
정대책 ,0.9212343547672148,9.829054912298812,8.907820557531597
정대책,0.9212343547672148,9.829054912298812,8.907820557531597
정대,0.9212343547672148,9.829054912298812,8.907820557531597
0분의 ,0.9212343547672148,9.829054912298812,8.907820557531597
0분의,0.9212343547672148,9.829054912298812,8.907820557531597
 소통,0.9212343547672148,9.829054912298812,8.907820557531597
 수익률,0.9212343547672148,9.829054912298812,8.907820557531597
 소통이,0.9212343547672148,9.829054912298812,8.907820557531597
010-,0.9212343547672148,9.829054912298812,8.907820557531597
00입니,0.9212343547672148,9.829054912298812,8.907820557531597
00입,0.9212343547672148,9.829054912298812,8.907820557531597
수령하,0.9212343547672148,9.829054912298812,8.907820557531597
 수령하,0.9212343547672148,9.829054912298812,8.907820557531597
전화 ,0.9212343547672148,9.829054912298812,8.907820557531597
전화,0.9212343547672148,9.135907731738866,8.214673376971652
수익,0.9212343547672148,9.829054912298812,8.907820557531597
0-95,0.9212343547672148,9.829054912298812,8.907820557531597
 수익,0.9212343547672148,9.829054912298812,8.907820557531597
3.59,0.9212343547672148,9.829054912298812,8.907820557531597
 반송 ,0.9212343547672148,9.829054912298812,8.907820557531597
 밤 ,0.9212343547672148,9.829054912298812,8.907820557531597
지원내,0.9212343547672148,9.829054912298812,8.907820557531597
집하고 ,0.9212343547672148,9.829054912298812,8.907820557531597
 매주,0.9212343547672148,9.829054912298812,8.907820557531597
 매주 ,0.9212343547672148,9.829054912298812,8.907820557531597
집하고,0.9212343547672148,9.829054912298812,8.907820557531597
집하,0.9212343547672148,9.829054912298812,8.907820557531597
부담을,0.9212343547672148,9.829054912298812,8.907820557531597
부담을 ,0.9212343547672148,9.829054912298812,8.907820557531597
60분의,0.9212343547672148,9.829054912298812,8.907820557531597
 명함,0.9212343547672148,9.829054912298812,8.907820557531597
 명함 ,0.9212343547672148,9.829054912298812,8.907820557531597
60분,0.9212343547672148,9.829054912298812,8.907820557531597
분석해,0.9212343547672148,9.829054912298812,8.907820557531597
분석해 ,0.9212343547672148,9.829054912298812,8.907820557531597
 모집하,0.9212343547672148,9.829054912298812,8.907820557531597
직원을 ,0.9212343547672148,9.829054912298812,8.907820557531597
직원을,0.9212343547672148,9.829054912298812,8.907820557531597
59%에,0.9212343547672148,9.829054912298812,8.907820557531597
 밤,0.9212343547672148,9.829054912298812,8.907820557531597
지장을 ,0.9212343547672148,9.829054912298812,8.907820557531597
지장을,0.9212343547672148,9.829054912298812,8.907820557531597
지장,0.9212343547672148,9.829054912298812,8.907820557531597
 무조,0.9212343547672148,9.829054912298812,8.907820557531597
 무조건,0.9212343547672148,9.829054912298812,8.907820557531597
 매일 ,0.9212343547672148,9.829054912298812,8.907820557531597
부담 ,0.9212343547672148,9.829054912298812,8.907820557531597
참여하,0.9212343547672148,9.829054912298812,8.907820557531597
9%,0.9212343547672148,9.829054912298812,8.907820557531597
 드리고,0.9212343547672148,9.829054912298812,8.907820557531597
번호> ,0.9212343547672148,9.829054912298812,8.907820557531597
별세하,0.9212343547672148,9.829054912298812,8.907820557531597
별세하셨,0.9212343547672148,9.829054912298812,8.907820557531597
9570,0.9212343547672148,9.829054912298812,8.907820557531597
첩장을 ,0.9212343547672148,9.829054912298812,8.907820557531597
첩장을,0.9212343547672148,9.829054912298812,8.907820557531597
보기:,0.9212343547672148,9.829054912298812,8.907820557531597
9%에 ,0.9212343547672148,9.829054912298812,8.907820557531597
9%에,0.9212343547672148,9.829054912298812,8.907820557531597
첨을 ,0.9212343547672148,9.829054912298812,8.907820557531597
참여하시,0.9212343547672148,9.829054912298812,8.907820557531597
첨을,0.9212343547672148,9.829054912298812,8.907820557531597
보내드립,0.9212343547672148,9.829054912298812,8.907820557531597
보내서,0.9212343547672148,9.829054912298812,8.907820557531597
보내서 ,0.9212343547672148,9.829054912298812,8.907820557531597
 리얼,0.9212343547672148,9.829054912298812,8.907820557531597
 리얼평,0.9212343547672148,9.829054912298812,8.907820557531597
70-*,0.9212343547672148,9.829054912298812,8.907820557531597
70-,0.9212343547672148,9.829054912298812,8.907820557531597
 만기,0.9212343547672148,9.829054912298812,8.907820557531597
 많아 ,0.9212343547672148,9.829054912298812,8.907820557531597
지원내용,0.9212343547672148,9.829054912298812,8.907820557531597
59%,0.9212343547672148,9.829054912298812,8.907820557531597
비대면,0.9212343547672148,9.829054912298812,8.907820557531597
지급 ,0.9212343547672148,9.829054912298812,8.907820557531597
비했,0.9212343547672148,9.829054912298812,8.907820557531597
570-,0.9212343547672148,9.829054912298812,8.907820557531597
 민생,0.9212343547672148,9.829054912298812,8.907820557531597
비서 ,0.9212343547672148,9.829054912298812,8.907820557531597
비되어 ,0.9212343547672148,9.829054912298812,8.907820557531597
 민생안,0.9212343547672148,9.829054912298812,8.907820557531597
비했어요,0.9212343547672148,9.829054912298812,8.907820557531597
사람의,0.9212343547672148,9.829054912298812,8.907820557531597
비되어,0.9212343547672148,9.829054912298812,8.907820557531597
지도와,0.9212343547672148,9.829054912298812,8.907820557531597
사람의 ,0.9212343547672148,9.829054912298812,8.907820557531597
지급입니,0.9212343547672148,9.829054912298812,8.907820557531597
지급입,0.9212343547672148,9.829054912298812,8.907820557531597
비했어,0.9212343547672148,9.829054912298812,8.907820557531597
"31""을",0.9212343547672148,9.829054912298812,8.907820557531597
준비했,0.9212343547672148,9.829054912298812,8.907820557531597
유롭,0.9212343547672148,9.829054912298812,8.907820557531597
33.5,0.9212343547672148,9.829054912298812,8.907820557531597
지도와 ,0.9212343547672148,9.829054912298812,8.907820557531597
비되,0.9212343547672148,9.829054912298812,8.907820557531597
준비했어,0.9212343547672148,9.829054912298812,8.907820557531597
570,0.9212343547672148,9.829054912298812,8.907820557531597
 물품 ,0.9212343547672148,9.829054912298812,8.907820557531597
33.,0.9212343547672148,9.829054912298812,8.907820557531597
"31""",0.9212343547672148,9.829054912298812,8.907820557531597
상담,0.9166991996018234,8.605279480676696,7.688580281074873
 01,0.9101845185806301,9.4925826756776,8.58239815709697
보기,0.9101845185806301,9.4925826756776,8.58239815709697
 신고,0.9101845185806301,9.4925826756776,8.58239815709697
링크를 ,0.9101845185806301,9.4925826756776,8.58239815709697
문 ,0.9101845185806301,9.4925826756776,8.58239815709697
 링크를,0.9101845185806301,9.4925826756776,8.58239815709697
링크를,0.9101845185806301,9.4925826756776,8.58239815709697
크를 ,0.9101845185806301,9.4925826756776,8.58239815709697
크를,0.9101845185806301,9.4925826756776,8.58239815709697
 발송,0.9039925483327096,9.241268247396693,8.337275699063984
방에 ,0.9039925483327096,9.241268247396693,8.337275699063984
방에,0.9039925483327096,9.241268247396693,8.337275699063984
발송,0.9039925483327096,9.241268247396693,8.337275699063984
있는데,0.9000321471166117,9.040597551934543,8.14056540481793
립니다.,0.8985429435651433,8.260438994384966,7.361896050819823
정부,0.8820136416139341,9.135907731738866,8.253894090124932
내드립,0.8820136416139341,9.359051283053077,8.477037641439143
내드립니,0.8820136416139341,9.359051283053077,8.477037641439143
저희,0.8820136416139324,9.646733355504857,8.764719713890925
세요!,0.8820136416139324,8.953586174944911,8.07157253333098
 없,0.8820136416139324,8.953586174944911,8.07157253333098
 모두 ,0.8820136416139324,9.646733355504857,8.764719713890925
 리,0.8820136416139324,9.646733355504857,8.764719713890925
모두 ,0.8820136416139324,9.646733355504857,8.764719713890925
보를 ,0.8820136416139324,9.646733355504857,8.764719713890925
보를,0.8820136416139324,9.646733355504857,8.764719713890925
했어,0.8820136416139324,9.646733355504857,8.764719713890925
정보를,0.8820136416139324,9.646733355504857,8.764719713890925
요청,0.8820136416139324,9.646733355504857,8.764719713890925
 저희,0.8820136416139324,9.646733355504857,8.764719713890925
0/,0.8820136416139324,9.646733355504857,8.764719713890925
정보를 ,0.8820136416139324,9.646733355504857,8.764719713890925
10/,0.8820136416139324,9.646733355504857,8.764719713890925
 송,0.8820136416139324,9.646733355504857,8.764719713890925
 정보를,0.8820136416139324,9.646733355504857,8.764719713890925
l> ,0.8789319750765259,7.2641055548372755,6.38517357976075
l>,0.8789319750765259,7.2641055548372755,6.38517357976075
<url,0.8789319750765259,7.2641055548372755,6.38517357976075
<u,0.8789319750765259,7.2641055548372755,6.38517357976075
<ur,0.8789319750765259,7.2641055548372755,6.38517357976075
rl>,0.8789319750765259,7.2641055548372755,6.38517357976075
rl> ,0.8789319750765259,7.2641055548372755,6.38517357976075
url>,0.8789319750765259,7.2641055548372755,6.38517357976075
ur,0.8636645029457375,7.248838082706487,6.38517357976075
rl,0.8636645029457375,7.248838082706487,6.38517357976075
url,0.8636645029457375,7.248838082706487,6.38517357976075
"데,",0.8530261047406817,9.4925826756776,8.639556570936918
세요 ,0.8530261047406817,8.799435495117654,7.946409390376973
"데, ",0.8530261047406817,9.4925826756776,8.639556570936918
51,0.8530261047406817,9.4925826756776,8.639556570936918
"는데,",0.8530261047406817,9.4925826756776,8.639556570936918
"는데, ",0.8530261047406817,9.4925826756776,8.639556570936918
 클,0.8530261047406817,9.4925826756776,8.639556570936918
 클릭,0.8530261047406817,9.4925826756776,8.639556570936918
" """,0.8530261047406817,9.4925826756776,8.639556570936918
클릭,0.8530261047406817,9.4925826756776,8.639556570936918
 나 ,0.8530261047406817,9.4925826756776,8.639556570936918
정도,0.8530261047406817,9.4925826756776,8.639556570936918
정도 ,0.8530261047406817,9.4925826756776,8.639556570936918
 농,0.8530261047406817,9.4925826756776,8.639556570936918
품권 ,0.8460816323878699,8.605279480676696,7.759197848288826
상품권 ,0.8460816323878699,8.605279480676696,7.759197848288826
태입,0.8411916470936784,9.829054912298812,8.987863265205133
태입니,0.8411916470936784,9.829054912298812,8.987863265205133
립니다!,0.8411916470936784,9.829054912298812,8.987863265205133
태입니다,0.8411916470936784,9.829054912298812,8.987863265205133
지막 ,0.8411916470936784,9.829054912298812,8.987863265205133
 결 ,0.8411916470936784,9.829054912298812,8.987863265205133
 결과 ,0.8411916470936784,9.829054912298812,8.987863265205133
식장,0.8411916470936784,9.829054912298812,8.987863265205133
연결해,0.8411916470936784,9.829054912298812,8.987863265205133
특별 ,0.8411916470936784,9.829054912298812,8.987863265205133
령하지 ,0.8411916470936784,9.829054912298812,8.987863265205133
인인_,0.8411916470936784,9.829054912298812,8.987863265205133
타벅스 ,0.8411916470936784,9.829054912298812,8.987863265205133
인인_증,0.8411916470936784,9.829054912298812,8.987863265205133
인_증서,0.8411916470936784,9.829054912298812,8.987863265205133
타벅스,0.8411916470936784,9.829054912298812,8.987863265205133
타벅,0.8411916470936784,9.829054912298812,8.987863265205133
마지,0.8411916470936784,9.829054912298812,8.987863265205133
마지막,0.8411916470936784,9.829054912298812,8.987863265205133
마지막 ,0.8411916470936784,9.829054912298812,8.987863265205133
 부고,0.8411916470936784,9.829054912298812,8.987863265205133
ssg ,0.8411916470936784,9.829054912298812,8.987863265205133
ssg,0.8411916470936784,9.829054912298812,8.987863265205133
ss,0.8411916470936784,9.829054912298812,8.987863265205133
sg ,0.8411916470936784,9.829054912298812,8.987863265205133
sg,0.8411916470936784,9.829054912298812,8.987863265205133
s2,0.8411916470936784,9.829054912298812,8.987863265205133
령하지,0.8411916470936784,9.829054912298812,8.987863265205133
친께,0.8411916470936784,9.829054912298812,8.987863265205133
예정.,0.8411916470936784,9.829054912298812,8.987863265205133
 군과,0.8411916470936784,9.829054912298812,8.987863265205133
 [마지,0.8411916470936784,9.829054912298812,8.987863265205133
 [무,0.8411916470936784,9.829054912298812,8.987863265205133
 [무료,0.8411916470936784,9.829054912298812,8.987863265205133
 폰 ,0.8411916470936784,9.829054912298812,8.987863265205133
 필수.,0.8411916470936784,9.829054912298812,8.987863265205133
 필요:,0.8411916470936784,9.829054912298812,8.987863265205133
갤럭시,0.8411916470936784,9.829054912298812,8.987863265205133
 한정.,0.8411916470936784,9.829054912298812,8.987863265205133
갤럭,0.8411916470936784,9.829054912298812,8.987863265205133
드폰,0.8411916470936784,9.829054912298812,8.987863265205133
객님께 ,0.8411916470936784,9.829054912298812,8.987863265205133
 상태입,0.8411916470936784,9.829054912298812,8.987863265205133
필요: ,0.8411916470936784,9.829054912298812,8.987863265205133
필요:,0.8411916470936784,9.829054912298812,8.987863265205133
라인 ,0.8411916470936784,9.829054912298812,8.987863265205133
 상태,0.8411916470936784,9.829054912298812,8.987863265205133
필수. ,0.8411916470936784,9.829054912298812,8.987863265205133
필수.,0.8411916470936784,9.829054912298812,8.987863265205133
 핸,0.8411916470936784,9.829054912298812,8.987863265205133
 핸드,0.8411916470936784,9.829054912298812,8.987863265205133
 핸드폰,0.8411916470936784,9.829054912298812,8.987863265205133
 ss,0.8411916470936784,9.829054912298812,8.987863265205133
 ssg,0.8411916470936784,9.829054912298812,8.987863265205133
소멸됩니,0.8411916470936784,9.829054912298812,8.987863265205133
온라인 ,0.8411916470936784,9.829054912298812,8.987863265205133
소멸됩,0.8411916470936784,9.829054912298812,8.987863265205133
럭시,0.8411916470936784,9.829054912298812,8.987863265205133
예정. ,0.8411916470936784,9.829054912298812,8.987863265205133
만원을,0.8411916470936784,9.829054912298812,8.987863265205133
 군과 ,0.8411916470936784,9.829054912298812,8.987863265205133
상으,0.8411916470936784,9.829054912298812,8.987863265205133
 양의,0.8411916470936784,9.829054912298812,8.987863265205133
벅스,0.8411916470936784,9.829054912298812,8.987863265205133
벅스 ,0.8411916470936784,9.829054912298812,8.987863265205133
상태입니,0.8411916470936784,9.829054912298812,8.987863265205133
상태입,0.8411916470936784,9.829054912298812,8.987863265205133
안내:,0.8411916470936784,9.829054912298812,8.987863265205133
상태,0.8411916470936784,9.829054912298812,8.987863265205133
보관,0.8411916470936784,9.829054912298812,8.987863265205133
 알림],0.8411916470936784,9.829054912298812,8.987863265205133
첩장] ,0.8411916470936784,9.829054912298812,8.987863265205133
보기: ,0.8411916470936784,9.829054912298812,8.987863265205133
상으로,0.8411916470936784,9.829054912298812,8.987863265205133
첩장],0.8411916470936784,9.829054912298812,8.987863265205133
증정],0.8411916470936784,9.829054912298812,8.987863265205133
결해,0.8411916470936784,9.829054912298812,8.987863265205133
첨되셨습,0.8411916470936784,9.829054912298812,8.987863265205133
아닐,0.8411916470936784,9.829054912298812,8.987863265205133
첨되셨,0.8411916470936784,9.829054912298812,8.987863265205133
첨되,0.8411916470936784,9.829054912298812,8.987863265205133
증정] ,0.8411916470936784,9.829054912298812,8.987863265205133
 않으면,0.8411916470936784,9.829054912298812,8.987863265205133
86,0.8411916470936784,9.829054912298812,8.987863265205133
 반,0.8411916470936784,8.730442623630703,7.889250976537024
 멤,0.8411916470936784,9.829054912298812,8.987863265205133
 멤버,0.8411916470936784,9.829054912298812,8.987863265205133
 멤버십,0.8411916470936784,9.829054912298812,8.987863265205133
4일 ,0.8411916470936784,9.829054912298812,8.987863265205133
 민,0.8411916470936784,9.135907731738866,8.294716084645188
 양의 ,0.8411916470936784,9.829054912298812,8.987863265205133
청첩장],0.8411916470936784,9.829054912298812,8.987863265205133
않으면,0.8411916470936784,9.829054912298812,8.987863265205133
않으면 ,0.8411916470936784,9.829054912298812,8.987863265205133
만원을 ,0.8411916470936784,9.829054912298812,8.987863265205133
 예정.,0.8411916470936784,9.829054912298812,8.987863265205133
친께서 ,0.8411916470936784,9.829054912298812,8.987863265205133
친께서,0.8411916470936784,9.829054912298812,8.987863265205133
멸됩,0.8411916470936784,9.829054912298812,8.987863265205133
멸됩니,0.8411916470936784,9.829054912298812,8.987863265205133
멸됩니다,0.8411916470936784,9.829054912298812,8.987863265205133
 연결해,0.8411916470936784,9.829054912298812,8.987863265205133
2.,0.8411916470936784,9.829054912298812,8.987863265205133
양의 ,0.8411916470936784,9.829054912298812,8.987863265205133
양의,0.8411916470936784,9.829054912298812,8.987863265205133
 보기:,0.8411916470936784,9.829054912298812,8.987863265205133
gs,0.8411916470936784,9.829054912298812,8.987863265205133
 보관,0.8411916470936784,9.829054912298812,8.987863265205133
추첨 ,0.8411916470936784,9.829054912298812,8.987863265205133
추첨,0.8411916470936784,9.829054912298812,8.987863265205133
_증서가,0.8411916470936784,9.829054912298812,8.987863265205133
_증서,0.8411916470936784,9.829054912298812,8.987863265205133
 당첨 ,0.8411916470936784,9.829054912298812,8.987863265205133
 당첨되,0.8411916470936784,9.829054912298812,8.987863265205133
 아닐,0.8411916470936784,9.829054912298812,8.987863265205133
[무료 ,0.8411916470936784,9.829054912298812,8.987863265205133
[무료,0.8411916470936784,9.829054912298812,8.987863265205133
[무,0.8411916470936784,9.829054912298812,8.987863265205133
[마지막,0.8411916470936784,9.829054912298812,8.987863265205133
[마지,0.8411916470936784,9.829054912298812,8.987863265205133
[마,0.8411916470936784,9.829054912298812,8.987863265205133
 [마,0.8411916470936784,9.829054912298812,8.987863265205133
지막,0.8411916470936784,9.829054912298812,8.987863265205133
한정. ,0.8411916470936784,9.829054912298812,8.987863265205133
핸드,0.8411916470936784,9.829054912298812,8.987863265205133
스타벅,0.8411916470936784,9.829054912298812,8.987863265205133
수령하지,0.8411916470936784,9.829054912298812,8.987863265205133
 스타벅,0.8411916470936784,9.829054912298812,8.987863265205133
내:,0.8411916470936784,9.829054912298812,8.987863265205133
 추첨 ,0.8411916470936784,9.829054912298812,8.987863265205133
군과,0.8411916470936784,9.829054912298812,8.987863265205133
핸드폰,0.8411916470936784,9.829054912298812,8.987863265205133
당첨되,0.8411916470936784,9.829054912298812,8.987863265205133
당첨되셨,0.8411916470936784,9.829054912298812,8.987863265205133
공인인_,0.8411916470936784,9.829054912298812,8.987863265205133
 (<u,0.8411916470936784,9.829054912298812,8.987863265205133
한정.,0.8411916470936784,9.829054912298812,8.987863265205133
 설치,0.8411916470936784,9.829054912298812,8.987863265205133
 특별 ,0.8411916470936784,9.829054912298812,8.987863265205133
군과 ,0.8411916470936784,9.829054912298812,8.987863265205133
수취,0.8411916470936784,9.829054912298812,8.987863265205133
 스타,0.8411916470936784,9.829054912298812,8.987863265205133
수.,0.8411916470936784,9.829054912298812,8.987863265205133
 소멸됩,0.8411916470936784,9.829054912298812,8.987863265205133
 추첨,0.8411916470936784,9.829054912298812,8.987863265205133
 증정],0.8411916470936784,9.829054912298812,8.987863265205133
수. ,0.8411916470936784,9.829054912298812,8.987863265205133
당첨 ,0.8411916470936784,9.829054912298812,8.987863265205133
 (<,0.8411916470936784,9.829054912298812,8.987863265205133
스타벅스,0.8411916470936784,9.829054912298812,8.987863265205133
026년,0.8411916470936784,9.829054912298812,8.987863265205133
 입력,0.830720347226384,9.359051283053077,8.528330935826693
 정보,0.830720347226384,9.359051283053077,8.528330935826693
1-,0.830720347226384,9.359051283053077,8.528330935826693
 링,0.8307203472263831,8.665904102493132,7.8351837552667485
있는,0.8213890197974987,8.605279480676696,7.7838904608791974
번거롭,0.8130207701269825,9.646733355504857,8.833712585377874
번거롭게,0.8130207701269825,9.646733355504857,8.833712585377874
 대상,0.8130207701269825,9.646733355504857,8.833712585377874
 전문,0.8130207701269825,9.646733355504857,8.833712585377874
 2**,0.8130207701269825,9.646733355504857,8.833712585377874
주를,0.8130207701269825,9.646733355504857,8.833712585377874
번거,0.8130207701269825,9.646733355504857,8.833712585377874
20만,0.8130207701269825,9.646733355504857,8.833712585377874
:<,0.8130207701269825,9.646733355504857,8.833712585377874
되는 ,0.8130207701269825,9.241268247396693,8.42824747726971
되세,0.8130207701269825,9.646733355504857,8.833712585377874
 해드,0.8130207701269825,9.646733355504857,8.833712585377874
010,0.8130207701269825,9.646733355504857,8.833712585377874
해드려,0.8130207701269825,9.646733355504857,8.833712585377874
입장,0.8130207701269825,9.646733355504857,8.833712585377874
곳에 ,0.8130207701269825,9.646733355504857,8.833712585377874
[2,0.8130207701269825,9.646733355504857,8.833712585377874
주를 ,0.8130207701269825,9.646733355504857,8.833712585377874
비서,0.8130207701269825,9.646733355504857,8.833712585377874
 번거,0.8130207701269825,9.646733355504857,8.833712585377874
 번거롭,0.8130207701269825,9.646733355504857,8.833712585377874
 요청,0.8130207701269825,9.646733355504857,8.833712585377874
금융 ,0.8130207701269825,9.646733355504857,8.833712585377874
저희 ,0.8130207701269825,9.646733355504857,8.833712585377874
되세요,0.8130207701269825,9.646733355504857,8.833712585377874
 해드려,0.8130207701269825,9.646733355504857,8.833712585377874
음악,0.8130207701269825,9.241268247396693,8.42824747726971
 2*,0.8130207701269825,9.646733355504857,8.833712585377874
 받을 ,0.8130207701269825,9.646733355504857,8.833712585377874
담당,0.8130207701269825,9.646733355504857,8.833712585377874
20만원,0.8130207701269825,9.646733355504857,8.833712585377874
 입장,0.8130207701269825,9.646733355504857,8.833712585377874
전문,0.8130207701269825,9.646733355504857,8.833712585377874
거롭게 ,0.8130207701269825,9.646733355504857,8.833712585377874
 저희 ,0.8130207701269825,9.646733355504857,8.833712585377874
융 ,0.8130207701269825,9.646733355504857,8.833712585377874
거롭게,0.8130207701269825,9.646733355504857,8.833712585377874
 [2,0.8130207701269825,9.646733355504857,8.833712585377874
거롭,0.8130207701269825,9.646733355504857,8.833712585377874
인원,0.8130207701269825,9.646733355504857,8.833712585377874
 금융 ,0.8130207701269825,9.646733355504857,8.833712585377874
희 ,0.8130207701269825,9.646733355504857,8.833712585377874
 받을,0.8130207701269825,9.646733355504857,8.833712585377874
 결,0.7950022646243031,8.260438994384966,7.465436729760663
하 ,0.7924014829242481,9.4925826756776,8.700181192753352
내일,0.7924014829242481,9.4925826756776,8.700181192753352
했는,0.7924014829242481,9.4925826756776,8.700181192753352
했는데,0.7924014829242481,9.4925826756776,8.700181192753352
 내일,0.7924014829242481,9.4925826756776,8.700181192753352
 g,0.7924014829242481,9.4925826756776,8.700181192753352
2*,0.7924014829242481,9.4925826756776,8.700181192753352
2**,0.7924014829242481,9.4925826756776,8.700181192753352
롯데,0.7924014829242481,9.4925826756776,8.700181192753352
 택배 ,0.7924014829242481,9.4925826756776,8.700181192753352
어요,0.7924014829242463,8.799435495117654,8.007034012193408
권 ,0.7824840462668998,8.494053845566471,7.711569799299571
청 ,0.7824840462668998,8.494053845566471,7.711569799299571
근데 ,0.7766531259561074,9.359051283053077,8.58239815709697
근데,0.7766531259561074,9.359051283053077,8.58239815709697
 근데,0.7766531259561074,9.359051283053077,8.58239815709697
 근데 ,0.7766531259561074,9.359051283053077,8.58239815709697
 자세,0.7766531259561074,9.359051283053077,8.58239815709697
자세,0.7766531259561074,9.359051283053077,8.58239815709697
벤트,0.7700957254099476,8.605279480676696,7.8351837552667485
이벤트,0.7700957254099476,8.605279480676696,7.8351837552667485
이벤트 ,0.7700957254099476,8.605279480676696,7.8351837552667485
벤트 ,0.7700957254099476,8.605279480676696,7.8351837552667485
이벤,0.7700957254099476,8.605279480676696,7.8351837552667485
 이벤트,0.7700957254099476,8.605279480676696,7.8351837552667485
 이벤,0.7700957254099476,8.605279480676696,7.8351837552667485
 수,0.7696844566400145,7.279609741373241,6.509925284733226
 <u,0.7680693822647164,7.2641055548372755,6.496036172572559
 <ur,0.7680693822647164,7.2641055548372755,6.496036172572559
에게 ,0.7642306059575503,9.241268247396693,8.477037641439143
습니다 ,0.7642306059575503,9.241268247396693,8.477037641439143
 일시,0.7642306059575503,9.241268247396693,8.477037641439143
 최,0.7579609929439544,8.260438994384966,7.502478001441012
cu,0.7541802701040492,9.829054912298812,9.074874642194763
ns,0.7541802701040492,9.829054912298812,9.074874642194763
 캐시백,0.7541802701040492,9.829054912298812,9.074874642194763
선정,0.7541802701040492,9.829054912298812,9.074874642194763
캐시백,0.7541802701040492,9.829054912298812,9.074874642194763
(민,0.7541802701040492,9.829054912298812,9.074874642194763
(신,0.7541802701040492,9.829054912298812,9.074874642194763
 취소,0.7541802701040492,9.829054912298812,9.074874642194763
그램,0.7541802701040492,9.829054912298812,9.074874642194763
ip,0.7541802701040492,9.829054912298812,9.074874642194763
ip ,0.7541802701040492,9.829054912298812,9.074874642194763
캐시백 ,0.7541802701040492,9.829054912298812,9.074874642194763
발송완료,0.7541802701040492,9.829054912298812,9.074874642194763
야되,0.7541802701040492,9.829054912298812,9.074874642194763
자정,0.7541802701040492,9.829054912298812,9.074874642194763
안내.,0.7541802701040492,9.829054912298812,9.074874642194763
 발송.,0.7541802701040492,9.829054912298812,9.074874642194763
내: ,0.7541802701040492,9.829054912298812,9.074874642194763
상으로 ,0.7541802701040492,9.829054912298812,9.074874642194763
내. ,0.7541802701040492,9.829054912298812,9.074874642194763
내.,0.7541802701040492,9.829054912298812,9.074874642194763
수리,0.7541802701040492,9.829054912298812,9.074874642194763
수진,0.7541802701040492,9.829054912298812,9.074874642194763
 찾,0.7541802701040492,9.829054912298812,9.074874642194763
위반,0.7541802701040492,9.829054912298812,9.074874642194763
 발송완,0.7541802701040492,9.829054912298812,9.074874642194763
첨! ,0.7541802701040492,9.829054912298812,9.074874642194763
78,0.7541802701040492,9.829054912298812,9.074874642194763
첨!,0.7541802701040492,9.829054912298812,9.074874642194763
사진,0.7541802701040492,9.829054912298812,9.074874642194763
 수리,0.7541802701040492,9.829054912298812,9.074874642194763
 안내:,0.7541802701040492,9.829054912298812,9.074874642194763
 안내.,0.7541802701040492,9.829054912298812,9.074874642194763
 미신청,0.7541802701040492,9.829054912298812,9.074874642194763
 미신,0.7541802701040492,9.829054912298812,9.074874642194763
안내. ,0.7541802701040492,9.829054912298812,9.074874642194763
안내: ,0.7541802701040492,9.829054912298812,9.074874642194763
미신,0.7541802701040492,9.829054912298812,9.074874642194763
서는,0.7541802701040492,9.829054912298812,9.074874642194763
미신청,0.7541802701040492,9.829054912298812,9.074874642194763
미신청 ,0.7541802701040492,9.829054912298812,9.074874642194763
금:,0.7541802701040492,9.829054912298812,9.074874642194763
액>. ,0.7541802701040492,9.829054912298812,9.074874642194763
액>.,0.7541802701040492,9.829054912298812,9.074874642194763
/카,0.7541802701040492,9.829054912298812,9.074874642194763
 당첨!,0.7541802701040492,9.829054912298812,9.074874642194763
서류 ,0.7541802701040492,9.829054912298812,9.074874642194763
서는 ,0.7541802701040492,9.829054912298812,9.074874642194763
금액>.,0.7541802701040492,9.829054912298812,9.074874642194763
수진 ,0.7541802701040492,9.829054912298812,9.074874642194763
[부고,0.7541802701040492,9.829054912298812,9.074874642194763
[부,0.7541802701040492,9.829054912298812,9.074874642194763
발송.,0.7541802701040492,9.829054912298812,9.074874642194763
발송. ,0.7541802701040492,9.829054912298812,9.074874642194763
발송완,0.7541802701040492,9.829054912298812,9.074874642194763
/카카,0.7541802701040492,9.829054912298812,9.074874642194763
/카카오,0.7541802701040492,9.829054912298812,9.074874642194763
>. ,0.7541802701040492,9.829054912298812,9.074874642194763
>.,0.7541802701040492,9.829054912298812,9.074874642194763
인하여 ,0.7541802701040492,9.829054912298812,9.074874642194763
 결제부,0.7541802701040492,9.829054912298812,9.074874642194763
인하여,0.7541802701040492,9.829054912298812,9.074874642194763
 선정,0.7541802701040492,9.829054912298812,9.074874642194763
 [부고,0.7541802701040492,9.829054912298812,9.074874642194763
수),0.7541802701040492,9.829054912298812,9.074874642194763
 v,0.7541802701040492,9.829054912298812,9.074874642194763
 vi,0.7541802701040492,9.829054912298812,9.074874642194763
 vip,0.7541802701040492,9.829054912298812,9.074874642194763
검토,0.7541802701040492,9.829054912298812,9.074874642194763
vip,0.7541802701040492,9.829054912298812,9.074874642194763
vip ,0.7541802701040492,9.829054912298812,9.074874642194763
품: ,0.7541802701040492,9.829054912298812,9.074874642194763
품:,0.7541802701040492,9.829054912298812,9.074874642194763
세보,0.7541802701040492,9.829054912298812,9.074874642194763
영자,0.7541802701040492,9.829054912298812,9.074874642194763
 ◆,0.7541802701040492,9.829054912298812,9.074874642194763
류 ,0.7541802701040492,9.829054912298812,9.074874642194763
 사진,0.7541802701040492,9.829054912298812,9.074874642194763
세보기,0.7541802701040492,9.829054912298812,9.074874642194763
 [부,0.7541802701040492,9.829054912298812,9.074874642194763
통보,0.7541802701040492,9.829054912298812,9.074874642194763
시행,0.7541802701040492,9.829054912298812,9.074874642194763
(3,0.7541802701040492,9.829054912298812,9.074874642194763
수) ,0.7541802701040492,9.829054912298812,9.074874642194763
정까,0.7541802701040492,9.829054912298812,9.074874642194763
송장 ,0.7541802701040492,9.829054912298812,9.074874642194763
 자정,0.7541802701040492,9.829054912298812,9.074874642194763
결제부결,0.7541802701040492,9.829054912298812,9.074874642194763
 자정까,0.7541802701040492,9.829054912298812,9.074874642194763
송.,0.7541802701040492,9.829054912298812,9.074874642194763
결제부,0.7541802701040492,9.829054912298812,9.074874642194763
 gs,0.7541802701040492,9.829054912298812,9.074874642194763
sn,0.7541802701040492,9.829054912298812,9.074874642194763
sns,0.7541802701040492,9.829054912298812,9.074874642194763
송. ,0.7541802701040492,9.829054912298812,9.074874642194763
시백 ,0.7541802701040492,9.829054912298812,9.074874642194763
운송장 ,0.7541802701040492,9.829054912298812,9.074874642194763
시백,0.7541802701040492,9.829054912298812,9.074874642194763
자정까,0.7541802701040492,9.829054912298812,9.074874642194763
정까지만,0.7541802701040492,9.829054912298812,9.074874642194763
당첨!,0.7541802701040492,9.829054912298812,9.074874642194763
자정까지,0.7541802701040492,9.829054912298812,9.074874642194763
당첨! ,0.7541802701040492,9.829054912298812,9.074874642194763
정까지,0.7541802701040492,9.829054912298812,9.074874642194763
제출,0.7541802701040492,9.829054912298812,9.074874642194763
해서 ,0.7458814672893546,9.040597551934543,8.294716084645188
바로 ,0.7458814672893546,9.040597551934543,8.294716084645188
인증,0.7458814672893546,9.040597551934543,8.294716084645188
 많아,0.7389127979732599,9.646733355504857,8.907820557531597
인:,0.7389127979732599,9.646733355504857,8.907820557531597
<전화,0.7389127979732599,9.646733355504857,8.907820557531597
<전화번,0.7389127979732599,9.646733355504857,8.907820557531597
023년,0.7389127979732599,9.646733355504857,8.907820557531597
있어요!,0.7389127979732599,9.646733355504857,8.907820557531597
 t,0.7389127979732599,9.646733355504857,8.907820557531597
-95,0.7389127979732599,9.646733355504857,8.907820557531597
 어려,0.7389127979732599,9.646733355504857,8.907820557531597
 어려우,0.7389127979732599,9.646733355504857,8.907820557531597
무료 ,0.7389127979732599,9.646733355504857,8.907820557531597
용하여,0.7389127979732599,9.646733355504857,8.907820557531597
방법: ,0.7389127979732599,9.646733355504857,8.907820557531597
귀하,0.7389127979732599,9.646733355504857,8.907820557531597
 안정,0.7389127979732599,9.646733355504857,8.907820557531597
-9,0.7389127979732599,9.646733355504857,8.907820557531597
분의 ,0.7389127979732599,9.646733355504857,8.907820557531597
여가,0.7389127979732599,9.646733355504857,8.907820557531597
려요,0.7389127979732599,9.646733355504857,8.907820557531597
려우,0.7389127979732599,9.646733355504857,8.907820557531597
분의,0.7389127979732599,9.646733355504857,8.907820557531597
<전,0.7389127979732599,9.646733355504857,8.907820557531597
보세요!,0.7389127979732599,9.646733355504857,8.907820557531597
인: ,0.7389127979732599,9.646733355504857,8.907820557531597
이용하여,0.7389127979732599,9.646733355504857,8.907820557531597
8시,0.7389127979732599,9.646733355504857,8.907820557531597
하드립니,0.7389127979732599,9.646733355504857,8.907820557531597
하드립,0.7389127979732599,9.646733355504857,8.907820557531597
하드,0.7389127979732599,9.646733355504857,8.907820557531597
했어요,0.7389127979732599,9.646733355504857,8.907820557531597
했어요.,0.7389127979732599,9.646733355504857,8.907820557531597
인지,0.7389127979732599,9.646733355504857,8.907820557531597
직원,0.7389127979732599,9.646733355504857,8.907820557531597
드려요,0.7389127979732599,9.646733355504857,8.907820557531597
많아,0.7389127979732599,9.646733355504857,8.907820557531597
1년,0.7389127979732599,9.646733355504857,8.907820557531597
법: ,0.7389127979732599,9.646733355504857,8.907820557531597
법:,0.7389127979732599,9.646733355504857,8.907820557531597
번호>,0.7389127979732599,9.646733355504857,8.907820557531597
 드려요,0.7389127979732599,9.646733355504857,8.907820557531597
 귀하,0.7389127979732599,9.646733355504857,8.907820557531597
원(,0.7389127979732599,9.646733355504857,8.907820557531597
 최고,0.7389127979732599,9.646733355504857,8.907820557531597
(<,0.7389127979732599,9.646733355504857,8.907820557531597
 드려,0.7389127979732599,9.646733355504857,8.907820557531597
 010,0.7389127979732599,9.646733355504857,8.907820557531597
방법:,0.7389127979732599,9.646733355504857,8.907820557531597
 담당,0.7389127979732599,9.646733355504857,8.907820557531597
131,0.7389127979732599,9.646733355504857,8.907820557531597
has_phone,0.7389127979732599,9.646733355504857,8.907820557531597
 담,0.7389127979732599,9.646733355504857,8.907820557531597
 (1,0.7389127979732599,9.646733355504857,8.907820557531597
023,0.7389127979732599,9.646733355504857,8.907820557531597
화번호>,0.7389127979732599,9.646733355504857,8.907820557531597
문의하세,0.7389127979732599,9.646733355504857,8.907820557531597
호>,0.7389127979732599,9.646733355504857,8.907820557531597
최고,0.7389127979732599,9.646733355504857,8.907820557531597
 직원,0.7389127979732599,9.646733355504857,8.907820557531597
어려우,0.7389127979732599,9.646733355504857,8.907820557531597
취소,0.7389127979732599,9.646733355504857,8.907820557531597
원과 ,0.7389127979732599,9.646733355504857,8.907820557531597
 결과,0.7389127979732599,9.646733355504857,8.907820557531597
 님,0.7389127979732599,9.646733355504857,8.907820557531597
어려,0.7389127979732599,9.646733355504857,8.907820557531597
자유,0.7389127979732599,9.646733355504857,8.907820557531597
드리고,0.7389127979732599,9.646733355504857,8.907820557531597
축하드,0.7389127979732599,9.646733355504857,8.907820557531597
축하드립,0.7389127979732599,9.646733355504857,8.907820557531597
타임 ,0.7389127979732599,9.646733355504857,8.907820557531597
2023,0.7389127979732599,9.646733355504857,8.907820557531597
여는 ,0.7389127979732599,9.646733355504857,8.907820557531597
여는,0.7389127979732599,9.646733355504857,8.907820557531597
 축하드,0.7389127979732599,9.646733355504857,8.907820557531597
용하여 ,0.7389127979732599,9.646733355504857,8.907820557531597
 끌,0.7389127979732599,9.646733355504857,8.907820557531597
원과,0.7389127979732599,9.646733355504857,8.907820557531597
타임,0.7389127979732599,9.646733355504857,8.907820557531597
하세요,0.7358311314358525,8.219616999864712,7.48378586842886
하세,0.7358311314358525,8.219616999864712,7.48378586842886
 당,0.7303290542818681,8.142655958728582,7.412326904446714
내일 ,0.7278629617866752,9.4925826756776,8.764719713890925
 내일 ,0.7278629617866752,9.4925826756776,8.764719713890925
십 ,0.7278629617866752,9.4925826756776,8.764719713890925
며 ,0.7278629617866752,9.4925826756776,8.764719713890925
히 ,0.719494712116159,9.359051283053077,8.639556570936918
 삼,0.719494712116159,9.359051283053077,8.639556570936918
진 ,0.7129373115700002,9.241268247396693,8.528330935826693
 들어,0.7129373115700002,9.241268247396693,8.528330935826693
 중,0.7129373115700002,9.241268247396693,8.528330935826693
 전,0.7093009439266158,8.071196994746439,7.361896050819823
2),0.7076602544691557,9.135907731738866,8.42824747726971
 바로 ,0.7033218528705589,9.040597551934543,8.337275699063984
요 ,0.6902862865331025,7.588345223022854,6.898058936489751
요! ,0.6848455767029842,8.494053845566471,7.809208268863487
세요,0.6772192289679202,7.449508778168638,6.772289549200718
 18,0.6588700902997253,9.4925826756776,8.833712585377874
상자,0.6588700902997253,9.4925826756776,8.833712585377874
 입금,0.6588700902997253,9.359051283053077,8.700181192753352
 한국 ,0.6588700902997253,9.359051283053077,8.700181192753352
부담,0.6588700902997253,9.040597551934543,8.381727461634817
 하루 ,0.6588700902997253,9.4925826756776,8.833712585377874
하루 ,0.6588700902997253,9.4925826756776,8.833712585377874
반 ,0.6588700902997253,9.4925826756776,8.833712585377874
입금,0.6588700902997253,9.359051283053077,8.700181192753352
 더 ,0.6588700902997253,9.4925826756776,8.833712585377874
지(,0.6588700902997253,9.4925826756776,8.833712585377874
**5,0.6588700902997253,9.4925826756776,8.833712585377874
더 ,0.6588700902997253,9.4925826756776,8.833712585377874
께서 ,0.6588700902997253,9.4925826756776,8.833712585377874
5만,0.6588700902997253,9.4925826756776,8.833712585377874
 전화,0.6588700902997253,9.4925826756776,8.833712585377874
*5,0.6588700902997253,9.4925826756776,8.833712585377874
가면,0.6588700902997253,9.359051283053077,8.700181192753352
한국 ,0.6588700902997253,9.359051283053077,8.700181192753352
가면 ,0.6588700902997253,9.359051283053077,8.700181192753352
곳에,0.6588700902997253,9.4925826756776,8.833712585377874
 선정되,0.6588700902997235,9.829054912298812,9.170184821999088
사소송,0.6588700902997235,9.829054912298812,9.170184821999088
47,0.6588700902997235,9.646733355504857,8.987863265205133
사소,0.6588700902997235,9.829054912298812,9.170184821999088
사소송),0.6588700902997235,9.829054912298812,9.170184821999088
 진단,0.6588700902997235,9.829054912298812,9.170184821999088
4일,0.6588700902997235,9.646733355504857,8.987863265205133
생활,0.6588700902997235,9.829054912298812,9.170184821999088
송)검토,0.6588700902997235,9.829054912298812,9.170184821999088
 보관 ,0.6588700902997235,9.829054912298812,9.170184821999088
셨기에,0.6588700902997235,9.829054912298812,9.170184821999088
셨기,0.6588700902997235,9.829054912298812,9.170184821999088
서류:,0.6588700902997235,9.829054912298812,9.170184821999088
서류: ,0.6588700902997235,9.829054912298812,9.170184821999088
세하셨기,0.6588700902997235,9.829054912298812,9.170184821999088
제완,0.6588700902997235,9.829054912298812,9.170184821999088
제완료,0.6588700902997235,9.829054912298812,9.170184821999088
제완료 ,0.6588700902997235,9.829054912298812,9.170184821999088
세보기<,0.6588700902997235,9.829054912298812,9.170184821999088
정 ,0.6588700902997235,8.799435495117654,8.14056540481793
수령을,0.6588700902997235,9.829054912298812,9.170184821999088
선정되,0.6588700902997235,9.829054912298812,9.170184821999088
 부재,0.6588700902997235,9.646733355504857,8.987863265205133
송),0.6588700902997235,9.829054912298812,9.170184821999088
선정되셨,0.6588700902997235,9.829054912298812,9.170184821999088
선택 ,0.6588700902997235,9.829054912298812,9.170184821999088
 보증,0.6588700902997235,9.829054912298812,9.170184821999088
설치 ,0.6588700902997235,9.829054912298812,9.170184821999088
셨기에 ,0.6588700902997235,9.829054912298812,9.170184821999088
11일,0.6588700902997235,9.829054912298812,9.170184821999088
정되셨,0.6588700902997235,9.829054912298812,9.170184821999088
2차(민,0.6588700902997235,9.829054912298812,9.170184821999088
 수령을,0.6588700902997235,9.829054912298812,9.170184821999088
정되셨습,0.6588700902997235,9.829054912298812,9.170184821999088
 선택 ,0.6588700902997235,9.829054912298812,9.170184821999088
정] ,0.6588700902997235,9.646733355504857,8.987863265205133
소송)검,0.6588700902997235,9.829054912298812,9.170184821999088
소송),0.6588700902997235,9.829054912298812,9.170184821999088
 손,0.6588700902997235,9.135907731738866,8.477037641439143
소송,0.6588700902997235,9.829054912298812,9.170184821999088
정],0.6588700902997235,9.646733355504857,8.987863265205133
11번가,0.6588700902997235,9.829054912298812,9.170184821999088
 소멸),0.6588700902997235,9.829054912298812,9.170184821999088
소멸) ,0.6588700902997235,9.829054912298812,9.170184821999088
2차(,0.6588700902997235,9.829054912298812,9.170184821999088
수령을 ,0.6588700902997235,9.829054912298812,9.170184821999088
1번가,0.6588700902997235,9.829054912298812,9.170184821999088
25 ,0.6588700902997235,9.829054912298812,9.170184821999088
소멸),0.6588700902997235,9.829054912298812,9.170184821999088
11번,0.6588700902997235,9.829054912298812,9.170184821999088
송)검,0.6588700902997235,9.829054912298812,9.170184821999088
 진단서,0.6588700902997235,9.829054912298812,9.170184821999088
지연,0.6588700902997235,9.829054912298812,9.170184821999088
하셨기,0.6588700902997235,9.829054912298812,9.170184821999088
필요서,0.6588700902997235,9.829054912298812,9.170184821999088
필요서류,0.6588700902997235,9.829054912298812,9.170184821999088
드폰 ,0.6588700902997235,9.829054912298812,9.170184821999088
하나 ,0.6588700902997235,9.829054912298812,9.170184821999088
드리,0.6588700902997235,9.241268247396693,8.58239815709697
건강검,0.6588700902997235,9.829054912298812,9.170184821999088
건강검진,0.6588700902997235,9.829054912298812,9.170184821999088
하셨기에,0.6588700902997235,9.829054912298812,9.170184821999088
하합니다,0.6588700902997235,9.829054912298812,9.170184821999088
검진,0.6588700902997235,9.829054912298812,9.170184821999088
검진 ,0.6588700902997235,9.829054912298812,9.170184821999088
 [sn,0.6588700902997235,9.829054912298812,9.170184821999088
하합,0.6588700902997235,9.829054912298812,9.170184821999088
 [2차,0.6588700902997235,9.829054912298812,9.170184821999088
하합니,0.6588700902997235,9.829054912298812,9.170184821999088
경품:,0.6588700902997235,9.829054912298812,9.170184821999088
필요 ,0.6588700902997235,9.829054912298812,9.170184821999088
강검진 ,0.6588700902997235,9.829054912298812,9.170184821999088
강검진,0.6588700902997235,9.829054912298812,9.170184821999088
강검,0.6588700902997235,9.829054912298812,9.170184821999088
 갤,0.6588700902997235,9.829054912298812,9.170184821999088
통보],0.6588700902997235,9.829054912298812,9.170184821999088
통보] ,0.6588700902997235,9.829054912298812,9.170184821999088
통운,0.6588700902997235,9.829054912298812,9.170184821999088
류: ,0.6588700902997235,9.829054912298812,9.170184821999088
류:,0.6588700902997235,9.829054912298812,9.170184821999088
롯데 ,0.6588700902997235,9.829054912298812,9.170184821999088
특별,0.6588700902997235,9.646733355504857,8.987863265205133
가요,0.6588700902997235,9.829054912298812,9.170184821999088
가요?,0.6588700902997235,9.829054912298812,9.170184821999088
가요? ,0.6588700902997235,9.829054912298812,9.170184821999088
려드,0.6588700902997235,9.646733355504857,8.987863265205133
램/카카,0.6588700902997235,9.829054912298812,9.170184821999088
램/카,0.6588700902997235,9.829054912298812,9.170184821999088
램/,0.6588700902997235,9.829054912298812,9.170184821999088
경품: ,0.6588700902997235,9.829054912298812,9.170184821999088
고],0.6588700902997235,9.646733355504857,8.987863265205133
 갤럭시,0.6588700902997235,9.829054912298812,9.170184821999088
기<u,0.6588700902997235,9.829054912298812,9.170184821999088
 11일,0.6588700902997235,9.829054912298812,9.170184821999088
금: ,0.6588700902997235,9.829054912298812,9.170184821999088
금융지,0.6588700902997235,9.829054912298812,9.170184821999088
금융지원,0.6588700902997235,9.829054912298812,9.170184821999088
확인이,0.6588700902997235,9.829054912298812,9.170184821999088
급생활,0.6588700902997235,9.829054912298812,9.170184821999088
기<,0.6588700902997235,9.829054912298812,9.170184821999088
기<ur,0.6588700902997235,9.829054912298812,9.170184821999088
고] ,0.6588700902997235,9.646733355504857,8.987863265205133
기간 ,0.6588700902997235,8.953586174944911,8.294716084645188
확인이 ,0.6588700902997235,9.829054912298812,9.170184821999088
확인하세,0.6588700902997235,9.829054912298812,9.170184821999088
 (유효,0.6588700902997235,9.829054912298812,9.170184821999088
 (유,0.6588700902997235,9.829054912298812,9.170184821999088
긴급생활,0.6588700902997235,9.829054912298812,9.170184821999088
 (3,0.6588700902997235,9.829054912298812,9.170184821999088
그램/카,0.6588700902997235,9.829054912298812,9.170184821999088
그램/,0.6588700902997235,9.829054912298812,9.170184821999088
혜택 ,0.6588700902997235,9.646733355504857,8.987863265205133
단서,0.6588700902997235,9.829054912298812,9.170184821999088
합니다!,0.6588700902997235,9.646733355504857,8.987863265205133
 5만원,0.6588700902997235,9.646733355504857,8.987863265205133
해도,0.6588700902997235,9.829054912298812,9.170184821999088
해도 ,0.6588700902997235,9.829054912298812,9.170184821999088
고용,0.6588700902997235,9.829054912298812,9.170184821999088
고장,0.6588700902997235,9.829054912298812,9.170184821999088
공공,0.6588700902997235,9.829054912298812,9.170184821999088
핸드폰 ,0.6588700902997235,9.829054912298812,9.170184821999088
당첨자로,0.6588700902997235,9.829054912298812,9.170184821999088
당첨자,0.6588700902997235,9.829054912298812,9.170184821999088
당첨] ,0.6588700902997235,9.829054912298812,9.170184821999088
당첨],0.6588700902997235,9.829054912298812,9.170184821999088
 24,0.6588700902997235,9.646733355504857,8.987863265205133
 23,0.6588700902997235,9.646733355504857,8.987863265205133
단서 ,0.6588700902997235,9.829054912298812,9.170184821999088
 갤럭,0.6588700902997235,9.829054912298812,9.170184821999088
토대상 ,0.6588700902997235,9.829054912298812,9.170184821999088
지연 ,0.6588700902997235,9.829054912298812,9.170184821999088
보관 ,0.6588700902997235,9.829054912298812,9.170184821999088
첨] ,0.6588700902997235,9.829054912298812,9.170184821999088
첨자,0.6588700902997235,9.829054912298812,9.170184821999088
보기<u,0.6588700902997235,9.829054912298812,9.170184821999088
첨자로,0.6588700902997235,9.829054912298812,9.170184821999088
첨자로 ,0.6588700902997235,9.829054912298812,9.170184821999088
보기<,0.6588700902997235,9.829054912298812,9.170184821999088
96,0.6588700902997235,9.829054912298812,9.170184821999088
보] ,0.6588700902997235,9.829054912298812,9.170184821999088
[sn,0.6588700902997235,9.829054912298812,9.170184821999088
보],0.6588700902997235,9.829054912298812,9.170184821999088
별 ,0.6588700902997235,9.646733355504857,8.987863265205133
 드리겠,0.6588700902997235,9.829054912298812,9.170184821999088
:<전,0.6588700902997235,9.829054912298812,9.170184821999088
:<전화,0.6588700902997235,9.829054912298812,9.170184821999088
번가,0.6588700902997235,9.829054912298812,9.170184821999088
[2차,0.6588700902997235,9.829054912298812,9.170184821999088
87,0.6588700902997235,9.646733355504857,8.987863265205133
 롯데 ,0.6588700902997235,9.829054912298812,9.170184821999088
첨],0.6588700902997235,9.829054912298812,9.170184821999088
처를 ,0.6588700902997235,9.829054912298812,9.170184821999088
지원),0.6588700902997235,9.829054912298812,9.170184821999088
지원) ,0.6588700902997235,9.829054912298812,9.170184821999088
5만원,0.6588700902997235,9.646733355504857,8.987863265205133
진단,0.6588700902997235,9.829054912298812,9.170184821999088
진단서,0.6588700902997235,9.829054912298812,9.170184821999088
진단서 ,0.6588700902997235,9.829054912298812,9.170184821999088
부탁,0.6588700902997235,8.442760551178921,7.7838904608791974
부재,0.6588700902997235,9.646733355504857,8.987863265205133
62,0.6588700902997235,9.829054912298812,9.170184821999088
찍어,0.6588700902997235,9.829054912298812,9.170184821999088
66,0.6588700902997235,9.829054912298812,9.170184821999088
부고] ,0.6588700902997235,9.829054912298812,9.170184821999088
부고],0.6588700902997235,9.829054912298812,9.170184821999088
찾아,0.6588700902997235,9.829054912298812,9.170184821999088
처를,0.6588700902997235,9.829054912298812,9.170184821999088
[2차(,0.6588700902997235,9.829054912298812,9.170184821999088
[sns,0.6588700902997235,9.829054912298812,9.170184821999088
토대상,0.6588700902997235,9.829054912298812,9.170184821999088
타그,0.6588700902997235,9.829054912298812,9.170184821999088
 금융지,0.6588700902997235,9.829054912298812,9.170184821999088
ns ,0.6588700902997235,9.829054912298812,9.170184821999088
만원. ,0.6588700902997235,9.829054912298812,9.170184821999088
만원.,0.6588700902997235,9.829054912298812,9.170184821999088
 군,0.6588700902997235,9.646733355504857,8.987863265205133
s ,0.6588700902997235,9.829054912298812,9.170184821999088
sns ,0.6588700902997235,9.829054912298812,9.170184821999088
타그램,0.6588700902997235,9.829054912298812,9.170184821999088
청해,0.6588700902997235,9.829054912298812,9.170184821999088
막 ,0.6588700902997235,9.646733355504857,8.987863265205133
타그램/,0.6588700902997235,9.829054912298812,9.170184821999088
 공공,0.6588700902997235,9.829054912298812,9.170184821999088
 고용,0.6588700902997235,9.829054912298812,9.170184821999088
 경품:,0.6588700902997235,9.829054912298812,9.170184821999088
 건강검,0.6588700902997235,9.829054912298812,9.170184821999088
토대,0.6588700902997235,9.829054912298812,9.170184821999088
멸),0.6588700902997235,9.829054912298812,9.170184821999088
멸) ,0.6588700902997235,9.829054912298812,9.170184821999088
 수취,0.6588700902997235,9.829054912298812,9.170184821999088
명절,0.6588700902997235,9.829054912298812,9.170184821999088
[부고],0.6588700902997235,9.829054912298812,9.170184821999088
 대상자,0.6588700902997235,9.829054912298812,9.170184821999088
 당첨자,0.6588700902997235,9.829054912298812,9.170184821999088
민준 ,0.6588700902997235,9.829054912298812,9.170184821999088
민준,0.6588700902997235,9.829054912298812,9.170184821999088
 당첨],0.6588700902997235,9.829054912298812,9.170184821999088
민사소송,0.6588700902997235,9.829054912298812,9.170184821999088
민사소,0.6588700902997235,9.829054912298812,9.170184821999088
민사,0.6588700902997235,9.829054912298812,9.170184821999088
" 님, ",0.6588700902997235,9.829054912298812,9.170184821999088
" 님,",0.6588700902997235,9.829054912298812,9.170184821999088
축하합,0.6588700902997235,9.829054912298812,9.170184821999088
축하합니,0.6588700902997235,9.829054912298812,9.170184821999088
gs2,0.6588700902997235,9.829054912298812,9.170184821999088
gs25,0.6588700902997235,9.829054912298812,9.170184821999088
전자 ,0.6588700902997235,9.829054912298812,9.170184821999088
께서는,0.6588700902997235,9.829054912298812,9.170184821999088
오류,0.6588700902997235,9.829054912298812,9.170184821999088
)검토,0.6588700902997235,9.829054912298812,9.170184821999088
 시행,0.6588700902997235,9.829054912298812,9.170184821999088
(유,0.6588700902997235,9.829054912298812,9.170184821999088
 인스타,0.6588700902997235,9.829054912298812,9.170184821999088
 인스,0.6588700902997235,9.829054912298812,9.170184821999088
이체,0.6588700902997235,8.442760551178921,7.7838904608791974
시아 ,0.6588700902997235,9.829054912298812,9.170184821999088
 혜택 ,0.6588700902997235,9.646733355504857,8.987863265205133
시아,0.6588700902997235,9.829054912298812,9.170184821999088
 특별,0.6588700902997235,9.646733355504857,8.987863265205133
 통보,0.6588700902997235,9.829054912298812,9.170184821999088
자세보,0.6588700902997235,9.829054912298812,9.170184821999088
 없음,0.6588700902997235,9.829054912298812,9.170184821999088
)검,0.6588700902997235,9.829054912298812,9.170184821999088
(민사,0.6588700902997235,9.829054912298812,9.170184821999088
자금,0.6588700902997235,9.829054912298812,9.170184821999088
스타그,0.6588700902997235,9.829054912298812,9.170184821999088
스타그램,0.6588700902997235,9.829054912298812,9.170184821999088
(유효,0.6588700902997235,9.829054912298812,9.170184821999088
 앱 ,0.6588700902997235,9.829054912298812,9.170184821999088
융지원,0.6588700902997235,9.829054912298812,9.170184821999088
 자세보,0.6588700902997235,9.829054912298812,9.170184821999088
 축하합,0.6588700902997235,9.829054912298812,9.170184821999088
이내,0.6588700902997235,8.953586174944911,8.294716084645188
장] ,0.6588700902997235,9.646733355504857,8.987863265205133
장],0.6588700902997235,9.646733355504857,8.987863265205133
장: ,0.6588700902997235,9.829054912298812,9.170184821999088
 일정,0.6588700902997235,9.646733355504857,8.987863265205133
장:,0.6588700902997235,9.829054912298812,9.170184821999088
요서류:,0.6588700902997235,9.829054912298812,9.170184821999088
요서류,0.6588700902997235,9.829054912298812,9.170184821999088
요서,0.6588700902997235,9.829054912298812,9.170184821999088
 필요 ,0.6588700902997235,9.829054912298812,9.170184821999088
(유효기,0.6588700902997235,9.829054912298812,9.170184821999088
자세보기,0.6588700902997235,9.829054912298812,9.170184821999088
(민사소,0.6588700902997235,9.829054912298812,9.170184821999088
융지,0.6588700902997235,9.829054912298812,9.170184821999088
인증서,0.6588700902997235,9.829054912298812,9.170184821999088
인스타그,0.6588700902997235,9.829054912298812,9.170184821999088
 찾아,0.6588700902997235,9.829054912298812,9.170184821999088
신청해,0.6588700902997235,9.829054912298812,9.170184821999088
에게,0.6588700902997235,9.135907731738866,8.477037641439143
알려드,0.6588700902997235,9.646733355504857,8.987863265205133
 쿠팡 ,0.6588700902997235,9.829054912298812,9.170184821999088
 신청해,0.6588700902997235,9.829054912298812,9.170184821999088
으로 ,0.6588700902997235,7.800906665006527,7.142036574706803
원.,0.6588700902997235,9.829054912298812,9.170184821999088
심사 ,0.6588700902997235,9.829054912298812,9.170184821999088
인스,0.6588700902997235,9.829054912298812,9.170184821999088
인스타,0.6588700902997235,9.829054912298812,9.170184821999088
 진,0.6588700902997235,8.442760551178921,7.7838904608791974
원. ,0.6588700902997235,9.829054912298812,9.170184821999088
 오류,0.6588700902997235,9.829054912298812,9.170184821999088
 이내,0.6588700902997235,8.953586174944911,8.294716084645188
융지원 ,0.6588700902997235,9.829054912298812,9.170184821999088
인인증,0.6588700902997235,9.829054912298812,9.170184821999088
영수,0.6588700902997235,9.829054912298812,9.170184821999088
 엄마폰,0.6588700902997235,9.829054912298812,9.170184821999088
께서는 ,0.6588700902997235,9.829054912298812,9.170184821999088
)검토대,0.6588700902997235,9.829054912298812,9.170184821999088
 부탁,0.6588700902997227,8.494053845566471,7.8351837552667485
을 ,0.6538575484761786,6.8333226387448205,6.179465090268642
금 ,0.6468938992530084,7.700823206449544,7.053929307196536
 20,0.6378166811018904,8.260438994384966,7.622622313283076
요!,0.633552282315434,8.442760551178921,7.809208268863487
으로,0.6335522823154331,7.749613370618976,7.1160610883035424
주시,0.6322018432175618,8.494053845566471,7.861852002348909
증 ,0.6163104758809279,8.953586174944911,8.337275699063984
 구,0.6123500746648318,9.040597551934543,8.42824747726971
평가,0.6123500746648318,9.040597551934543,8.42824747726971
년 ,0.6100799261302914,8.393970387009489,7.7838904608791974
입력,0.6075767959121734,9.135907731738866,8.528330935826693
건 ,0.6075767959121734,9.135907731738866,8.528330935826693
주세요,0.6017116764597752,8.548121066836748,7.946409390376973
1일,0.6017116764597752,9.241268247396693,8.639556570936918
주세,0.6017116764597752,8.548121066836748,7.946409390376973
 다음,0.5943315691621525,9.359051283053077,8.764719713890925
인증 ,0.5943315691621525,9.359051283053077,8.764719713890925
 운송장,0.5943315691621525,9.359051283053077,8.764719713890925
 운송,0.5943315691621525,9.359051283053077,8.764719713890925
 000,0.5943315691621525,9.359051283053077,8.764719713890925
요.,0.588665831626475,7.360955380827193,6.772289549200718
중 ,0.5847621181460028,9.4925826756776,8.907820557531597
입을,0.5847621181460028,9.4925826756776,8.907820557531597
2월 ,0.5847621181460028,9.4925826756776,8.907820557531597
10-,0.5847621181460028,9.4925826756776,8.907820557531597
리기,0.5847621181460028,9.4925826756776,8.907820557531597
으면 ,0.5847621181460028,9.4925826756776,8.907820557531597
으면,0.5847621181460028,9.4925826756776,8.907820557531597
자세한,0.5847621181460028,9.4925826756776,8.907820557531597
 접,0.5847621181460028,9.4925826756776,8.907820557531597
화번,0.5847621181460028,9.4925826756776,8.907820557531597
가를,0.5847621181460028,9.4925826756776,8.907820557531597
화번호,0.5847621181460028,9.4925826756776,8.907820557531597
가를 ,0.5847621181460028,9.4925826756776,8.907820557531597
의하세,0.5847621181460028,9.4925826756776,8.907820557531597
전화번호,0.5847621181460028,9.4925826756776,8.907820557531597
전화번,0.5847621181460028,9.4925826756776,8.907820557531597
기가,0.5847621181460028,9.4925826756776,8.907820557531597
입을 ,0.5847621181460028,9.4925826756776,8.907820557531597
 자세한,0.5847621181460028,9.4925826756776,8.907820557531597
세한,0.5847621181460028,9.4925826756776,8.907820557531597
의하세요,0.5847621181460028,9.4925826756776,8.907820557531597
세한 ,0.5847621181460028,9.4925826756776,8.907820557531597
 롯,0.5847621181460028,9.4925826756776,8.907820557531597
 롯데,0.5847621181460028,9.4925826756776,8.907820557531597
자세한 ,0.5847621181460028,9.4925826756776,8.907820557531597
 안,0.5733479168615618,7.327618960559601,6.754271043698039
인되,0.5718587133100943,9.646733355504857,9.074874642194763
 확인되,0.5718587133100943,9.646733355504857,9.074874642194763
 혜택을,0.5718587133100943,9.646733355504857,9.074874642194763
없이,0.5718587133100943,9.646733355504857,9.074874642194763
려드립니,0.5718587133100943,9.646733355504857,9.074874642194763
결 ,0.5718587133100943,8.953586174944911,8.381727461634817
려드립,0.5718587133100943,9.646733355504857,9.074874642194763
없이 ,0.5718587133100943,9.646733355504857,9.074874642194763
대상 ,0.5718587133100943,9.646733355504857,9.074874642194763
알려드립,0.5718587133100943,9.646733355504857,9.074874642194763
택을 ,0.5718587133100943,9.646733355504857,9.074874642194763
있어,0.5718587133100943,8.548121066836748,7.9762623535266535
택을,0.5718587133100943,9.646733355504857,9.074874642194763
마감,0.5718587133100943,9.646733355504857,9.074874642194763
혜택을,0.5718587133100943,9.646733355504857,9.074874642194763
 최대,0.5718587133100943,8.953586174944911,8.381727461634817
 최대 ,0.5718587133100943,8.953586174944911,8.381727461634817
 알려드,0.5718587133100943,9.646733355504857,9.074874642194763
54,0.5718587133100943,9.646733355504857,9.074874642194763
 (2,0.5718587133100943,9.646733355504857,9.074874642194763
 마감,0.5718587133100943,9.646733355504857,9.074874642194763
혜택을 ,0.5718587133100943,9.646733355504857,9.074874642194763
내],0.5718587133100943,9.646733355504857,9.074874642194763
안내],0.5718587133100943,9.646733355504857,9.074874642194763
확인되,0.5718587133100943,9.646733355504857,9.074874642194763
상품권,0.5678983120939964,8.302998608803762,7.735100296709765
품권,0.5678983120939964,8.302998608803762,7.735100296709765
 상품권,0.5678983120939964,8.302998608803762,7.735100296709765
 주소,0.5635599104953997,9.040597551934543,8.477037641439143
우 ,0.5604300174864711,8.665904102493132,8.10547408500666
0만,0.5604300174864711,8.665904102493132,8.10547408500666
녕하세요,0.5587866317427403,8.393970387009489,7.8351837552667485
녕하세,0.5587866317427403,8.393970387009489,7.8351837552667485
안녕하세,0.5587866317427403,8.393970387009489,7.8351837552667485
 본인,0.5535095746418985,8.730442623630703,8.176933048988804
본인,0.5535095746418985,8.730442623630703,8.176933048988804
887,0.5535095746418968,9.829054912298812,9.275545337656915
8시까,0.5535095746418968,9.829054912298812,9.275545337656915
8:00,0.5535095746418968,9.829054912298812,9.275545337656915
8:0,0.5535095746418968,9.829054912298812,9.275545337656915
80.,0.5535095746418968,9.829054912298812,9.275545337656915
el,0.5535095746418968,9.829054912298812,9.275545337656915
8:,0.5535095746418968,9.829054912298812,9.275545337656915
80.8,0.5535095746418968,9.829054912298812,9.275545337656915
86%,0.5535095746418968,9.829054912298812,9.275545337656915
887.,0.5535095746418968,9.829054912298812,9.275545337656915
86%대,0.5535095746418968,9.829054912298812,9.275545337656915
약정,0.5535095746418968,9.829054912298812,9.275545337656915
(수),0.5535095746418968,9.829054912298812,9.275545337656915
치기간 ,0.5535095746418968,9.829054912298812,9.275545337656915
g마,0.5535095746418968,9.829054912298812,9.275545337656915
87.,0.5535095746418968,9.829054912298812,9.275545337656915
(신용,0.5535095746418968,9.829054912298812,9.275545337656915
87.4,0.5535095746418968,9.829054912298812,9.275545337656915
g마켓,0.5535095746418968,9.829054912298812,9.275545337656915
치기간,0.5535095746418968,9.829054912298812,9.275545337656915
 않을,0.5535095746418968,9.829054912298812,9.275545337656915
g마켓 ,0.5535095746418968,9.829054912298812,9.275545337656915
아가지,0.5535095746418968,9.829054912298812,9.275545337656915
아가지 ,0.5535095746418968,9.829054912298812,9.275545337656915
출규제,0.5535095746418968,9.829054912298812,9.275545337656915
치기,0.5535095746418968,9.829054912298812,9.275545337656915
심사후 ,0.5535095746418968,9.829054912298812,9.275545337656915
(수) ,0.5535095746418968,9.829054912298812,9.275545337656915
(신용·,0.5535095746418968,9.829054912298812,9.275545337656915
취인 ,0.5535095746418968,9.829054912298812,9.275545337656915
취인,0.5535095746418968,9.829054912298812,9.275545337656915
보내줘,0.5535095746418968,9.829054912298812,9.275545337656915
)저,0.5535095746418968,9.829054912298812,9.275545337656915
(만기시,0.5535095746418968,9.829054912298812,9.275545337656915
보증비율,0.5535095746418968,9.829054912298812,9.275545337656915
처리,0.5535095746418968,9.135907731738866,8.58239815709697
7.47,0.5535095746418968,9.829054912298812,9.275545337656915
7.4,0.5535095746418968,9.829054912298812,9.275545337656915
보증재단,0.5535095746418968,9.829054912298812,9.275545337656915
661-,0.5535095746418968,9.829054912298812,9.275545337656915
661,0.5535095746418968,9.829054912298812,9.275545337656915
마켓 ,0.5535095746418968,9.829054912298812,9.275545337656915
신청하시,0.5535095746418968,9.829054912298812,9.275545337656915
신청일 ,0.5535095746418968,9.829054912298812,9.275545337656915
마켓,0.5535095746418968,9.829054912298812,9.275545337656915
(3 ,0.5535095746418968,9.829054912298812,9.275545337656915
tel,0.5535095746418968,9.829054912298812,9.275545337656915
(2)긴,0.5535095746418968,9.829054912298812,9.275545337656915
(2),0.5535095746418968,9.829054912298812,9.275545337656915
64% ,0.5535095746418968,9.829054912298812,9.275545337656915
(1년간,0.5535095746418968,9.829054912298812,9.275545337656915
64%,0.5535095746418968,9.829054912298812,9.275545337656915
(1년,0.5535095746418968,9.829054912298812,9.275545337656915
부사,0.5535095746418968,9.829054912298812,9.275545337656915
보증재,0.5535095746418968,9.829054912298812,9.275545337656915
보증비,0.5535095746418968,9.829054912298812,9.275545337656915
(만기,0.5535095746418968,9.829054912298812,9.275545337656915
보증기관,0.5535095746418968,9.829054912298812,9.275545337656915
(만,0.5535095746418968,9.829054912298812,9.275545337656915
8시까지,0.5535095746418968,9.829054912298812,9.275545337656915
보유자도,0.5535095746418968,9.829054912298812,9.275545337656915
(리)금,0.5535095746418968,9.829054912298812,9.275545337656915
보증),0.5535095746418968,9.829054912298812,9.275545337656915
(리),0.5535095746418968,9.829054912298812,9.275545337656915
(리,0.5535095746418968,9.829054912298812,9.275545337656915
심사후,0.5535095746418968,9.829054912298812,9.275545337656915
 오류로,0.5535095746418968,9.829054912298812,9.275545337656915
크에서,0.5535095746418968,9.829054912298812,9.275545337656915
크에서 ,0.5535095746418968,9.829054912298812,9.275545337656915
일(수),0.5535095746418968,9.829054912298812,9.275545337656915
일(수,0.5535095746418968,9.829054912298812,9.275545337656915
보증) ,0.5535095746418968,9.829054912298812,9.275545337656915
746 ,0.5535095746418968,9.829054912298812,9.275545337656915
746,0.5535095746418968,9.829054912298812,9.275545337656915
 완료하,0.5535095746418968,9.829054912298812,9.275545337656915
클릭해,0.5535095746418968,9.829054912298812,9.275545337656915
보증기,0.5535095746418968,9.829054912298812,9.275545337656915
보유자,0.5535095746418968,9.829054912298812,9.275545337656915
(전액보,0.5535095746418968,9.829054912298812,9.275545337656915
(전액,0.5535095746418968,9.829054912298812,9.275545337656915
반려일,0.5535095746418968,9.829054912298812,9.275545337656915
)금분,0.5535095746418968,9.829054912298812,9.275545337656915
 대책 ,0.5535095746418968,9.829054912298812,9.275545337656915
 대책,0.5535095746418968,9.829054912298812,9.275545337656915
)금,0.5535095746418968,9.829054912298812,9.275545337656915
타사항,0.5535095746418968,9.829054912298812,9.275545337656915
안정·생,0.5535095746418968,9.829054912298812,9.275545337656915
 당행에,0.5535095746418968,9.829054912298812,9.275545337656915
반려일 ,0.5535095746418968,9.829054912298812,9.275545337656915
안정·,0.5535095746418968,9.829054912298812,9.275545337656915
)긴,0.5535095746418968,9.829054912298812,9.275545337656915
안으로 ,0.5535095746418968,9.829054912298812,9.275545337656915
안으로,0.5535095746418968,9.829054912298812,9.275545337656915
반려,0.5535095746418968,9.829054912298812,9.275545337656915
안으,0.5535095746418968,9.829054912298812,9.275545337656915
 당행,0.5535095746418968,9.829054912298812,9.275545337656915
자도,0.5535095746418968,9.829054912298812,9.275545337656915
]0,0.5535095746418968,9.829054912298812,9.275545337656915
 약정),0.5535095746418968,9.829054912298812,9.275545337656915
)금분할,0.5535095746418968,9.829054912298812,9.275545337656915
 대출규,0.5535095746418968,9.829054912298812,9.275545337656915
아래의,0.5535095746418968,9.829054912298812,9.275545337656915
방안으,0.5535095746418968,9.829054912298812,9.275545337656915
"방비,",0.5535095746418968,9.829054912298812,9.275545337656915
)저소,0.5535095746418968,9.829054912298812,9.275545337656915
방비,0.5535095746418968,9.829054912298812,9.275545337656915
방안 ,0.5535095746418968,9.829054912298812,9.275545337656915
밥상 ,0.5535095746418968,9.829054912298812,9.275545337656915
밥상,0.5535095746418968,9.829054912298812,9.275545337656915
않을,0.5535095746418968,9.829054912298812,9.275545337656915
않을 ,0.5535095746418968,9.829054912298812,9.275545337656915
방안으로,0.5535095746418968,9.829054912298812,9.275545337656915
)긴급,0.5535095746418968,9.829054912298812,9.275545337656915
)저소득,0.5535095746418968,9.829054912298812,9.275545337656915
배송이,0.5535095746418968,9.829054912298812,9.275545337656915
 대출기,0.5535095746418968,9.829054912298812,9.275545337656915
배송이 ,0.5535095746418968,9.829054912298812,9.275545337656915
)대상자,0.5535095746418968,9.829054912298812,9.275545337656915
)대상,0.5535095746418968,9.829054912298812,9.275545337656915
)대,0.5535095746418968,9.829054912298812,9.275545337656915
)긴급 ,0.5535095746418968,9.829054912298812,9.275545337656915
]00,0.5535095746418968,9.829054912298812,9.275545337656915
전액보,0.5535095746418968,9.829054912298812,9.275545337656915
앞두고,0.5535095746418968,9.829054912298812,9.275545337656915
*세부,0.5535095746418968,9.829054912298812,9.275545337656915
(정,0.5535095746418968,9.829054912298812,9.275545337656915
별도 ,0.5535095746418968,9.829054912298812,9.275545337656915
별세 ,0.5535095746418968,9.829054912298812,9.275545337656915
9:00,0.5535095746418968,9.829054912298812,9.275545337656915
9:0,0.5535095746418968,9.829054912298812,9.275545337656915
 앞두고,0.5535095746418968,9.829054912298812,9.275545337656915
문의처를,0.5535095746418968,9.829054912298812,9.275545337656915
*세,0.5535095746418968,9.829054912298812,9.275545337656915
*세부사,0.5535095746418968,9.829054912298812,9.275545337656915
앞두고 ,0.5535095746418968,9.829054912298812,9.275545337656915
 앞두,0.5535095746418968,9.829054912298812,9.275545337656915
(전자 ,0.5535095746418968,9.829054912298812,9.275545337656915
905 ,0.5535095746418968,9.829054912298812,9.275545337656915
(전자,0.5535095746418968,9.829054912298812,9.275545337656915
"방비, ",0.5535095746418968,9.829054912298812,9.275545337656915
905,0.5535095746418968,9.829054912298812,9.275545337656915
 않을 ,0.5535095746418968,9.829054912298812,9.275545337656915
아래의 ,0.5535095746418968,9.829054912298812,9.275545337656915
문자메,0.5535095746418968,9.829054912298812,9.275545337656915
문자메시,0.5535095746418968,9.829054912298812,9.275545337656915
물가 ,0.5535095746418968,9.829054912298812,9.275545337656915
(정부,0.5535095746418968,9.829054912298812,9.275545337656915
 약정,0.5535095746418968,9.829054912298812,9.275545337656915
 없음),0.5535095746418968,9.829054912298812,9.275545337656915
자도 ,0.5535095746418968,9.829054912298812,9.275545337656915
"(주말,",0.5535095746418968,9.829054912298812,9.275545337656915
(주말,0.5535095746418968,9.829054912298812,9.275545337656915
액보,0.5535095746418968,9.829054912298812,9.275545337656915
액보증,0.5535095746418968,9.829054912298812,9.275545337656915
액보증),0.5535095746418968,9.829054912298812,9.275545337656915
미확인,0.5535095746418968,9.829054912298812,9.275545337656915
미확,0.5535095746418968,9.829054912298812,9.275545337656915
(조기상,0.5535095746418968,9.829054912298812,9.275545337656915
(조기,0.5535095746418968,9.829054912298812,9.275545337656915
:00(,0.5535095746418968,9.829054912298812,9.275545337656915
(조,0.5535095746418968,9.829054912298812,9.275545337656915
야되는,0.5535095746418968,9.829054912298812,9.275545337656915
야되는데,0.5535095746418968,9.829054912298812,9.275545337656915
(정부지,0.5535095746418968,9.829054912298812,9.275545337656915
 대상으,0.5535095746418968,9.829054912298812,9.275545337656915
전액,0.5535095746418968,9.829054912298812,9.275545337656915
링크에서,0.5535095746418968,9.829054912298812,9.275545337656915
화상,0.5535095746418968,9.829054912298812,9.275545337656915
 주소지,0.5535095746418968,9.829054912298812,9.275545337656915
화상담을,0.5535095746418968,9.829054912298812,9.275545337656915
확인,0.5535095746418968,7.883144763243498,7.329635188601602
금리,0.5535095746418968,9.829054912298812,9.275545337656915
금리:,0.5535095746418968,9.829054912298812,9.275545337656915
금리: ,0.5535095746418968,9.829054912298812,9.275545337656915
금분,0.5535095746418968,9.829054912298812,9.275545337656915
금분할,0.5535095746418968,9.829054912298812,9.275545337656915
금분할상,0.5535095746418968,9.829054912298812,9.275545337656915
능하,0.5535095746418968,9.135907731738866,8.58239815709697
 09:,0.5535095746418968,9.829054912298812,9.275545337656915
 -필요,0.5535095746418968,9.829054912298812,9.275545337656915
 -필,0.5535095746418968,9.829054912298812,9.275545337656915
급),0.5535095746418968,9.829054912298812,9.275545337656915
급) ,0.5535095746418968,9.829054912298812,9.275545337656915
 -취급,0.5535095746418968,9.829054912298812,9.275545337656915
 -취,0.5535095746418968,9.829054912298812,9.275545337656915
 -지원,0.5535095746418968,9.829054912298812,9.275545337656915
 -지,0.5535095746418968,9.829054912298812,9.275545337656915
급기,0.5535095746418968,9.829054912298812,9.275545337656915
급기관,0.5535095746418968,9.829054912298812,9.275545337656915
급기관:,0.5535095746418968,9.829054912298812,9.275545337656915
 -주관,0.5535095746418968,9.829054912298812,9.275545337656915
화상담,0.5535095746418968,9.829054912298812,9.275545337656915
근로자와,0.5535095746418968,9.829054912298812,9.275545337656915
급생계비,0.5535095746418968,9.829054912298812,9.275545337656915
근로자 ,0.5535095746418968,9.829054912298812,9.275545337656915
행되는,0.5535095746418968,9.829054912298812,9.275545337656915
 정지,0.5535095746418968,9.829054912298812,9.275545337656915
행되는 ,0.5535095746418968,9.829054912298812,9.275545337656915
행에서,0.5535095746418968,9.829054912298812,9.275545337656915
원예,0.5535095746418968,9.829054912298812,9.275545337656915
단되었습,0.5535095746418968,9.829054912298812,9.275545337656915
행에서 ,0.5535095746418968,9.829054912298812,9.275545337656915
국택,0.5535095746418968,9.829054912298812,9.275545337656915
국택배,0.5535095746418968,9.829054912298812,9.275545337656915
원예산,0.5535095746418968,9.829054912298812,9.275545337656915
원예산:,0.5535095746418968,9.829054912298812,9.275545337656915
단되었,0.5535095746418968,9.829054912298812,9.275545337656915
단되,0.5535095746418968,9.829054912298812,9.275545337656915
 18시,0.5535095746418968,9.829054912298812,9.275545337656915
 18:,0.5535095746418968,9.829054912298812,9.275545337656915
 166,0.5535095746418968,9.829054912298812,9.275545337656915
 제출,0.5535095746418968,9.829054912298812,9.275545337656915
귀하께,0.5535095746418968,9.829054912298812,9.275545337656915
귀하께서,0.5535095746418968,9.829054912298812,9.275545337656915
규모,0.5535095746418968,9.829054912298812,9.275545337656915
규모 ,0.5535095746418968,9.829054912298812,9.275545337656915
규제,0.5535095746418968,9.829054912298812,9.275545337656915
규제 ,0.5535095746418968,9.829054912298812,9.275545337656915
급생계,0.5535095746418968,9.829054912298812,9.275545337656915
위기 ,0.5535095746418968,9.829054912298812,9.275545337656915
 2.6,0.5535095746418968,9.829054912298812,9.275545337656915
 *세,0.5535095746418968,9.829054912298812,9.275545337656915
위로 ,0.5535095746418968,9.829054912298812,9.275545337656915
환기간,0.5535095746418968,9.829054912298812,9.275545337656915
환기간 ,0.5535095746418968,9.829054912298812,9.275545337656915
환방,0.5535095746418968,9.829054912298812,9.275545337656915
환방법,0.5535095746418968,9.829054912298812,9.275545337656915
환방법:,0.5535095746418968,9.829054912298812,9.275545337656915
활 ,0.5535095746418968,9.829054912298812,9.275545337656915
 중단,0.5535095746418968,9.829054912298812,9.275545337656915
 (정부,0.5535095746418968,9.829054912298812,9.275545337656915
 (정,0.5535095746418968,9.829054912298812,9.275545337656915
 중단되,0.5535095746418968,9.829054912298812,9.275545337656915
획재,0.5535095746418968,9.829054912298812,9.275545337656915
획재정,0.5535095746418968,9.829054912298812,9.275545337656915
획재정부,0.5535095746418968,9.829054912298812,9.275545337656915
휴 ,0.5535095746418968,9.829054912298812,9.275545337656915
율 ,0.5535095746418968,9.829054912298812,9.275545337656915
나만 ,0.5535095746418968,9.829054912298812,9.275545337656915
나만,0.5535095746418968,9.829054912298812,9.275545337656915
 (3 ,0.5535095746418968,9.829054912298812,9.275545337656915
 (2),0.5535095746418968,9.829054912298812,9.275545337656915
 (1),0.5535095746418968,9.829054912298812,9.275545337656915
" ""긴급",0.5535095746418968,9.829054912298812,9.275545337656915
" ""긴",0.5535095746418968,9.829054912298812,9.275545337656915
환기,0.5535095746418968,9.829054912298812,9.275545337656915
 *세부,0.5535095746418968,9.829054912298812,9.275545337656915
급생활 ,0.5535095746418968,9.829054912298812,9.275545337656915
확인하여,0.5535095746418968,9.829054912298812,9.275545337656915
 -주,0.5535095746418968,9.829054912298812,9.275545337656915
 -접수,0.5535095746418968,9.829054912298812,9.275545337656915
 -접,0.5535095746418968,9.829054912298812,9.275545337656915
융자조건,0.5535095746418968,9.829054912298812,9.275545337656915
융자조,0.5535095746418968,9.829054912298812,9.275545337656915
 -신청,0.5535095746418968,9.829054912298812,9.275545337656915
 -신,0.5535095746418968,9.829054912298812,9.275545337656915
 -상환,0.5535095746418968,9.829054912298812,9.275545337656915
 -상담,0.5535095746418968,9.829054912298812,9.275545337656915
 -보증,0.5535095746418968,9.829054912298812,9.275545337656915
 -보,0.5535095746418968,9.829054912298812,9.275545337656915
급자,0.5535095746418968,9.829054912298812,9.275545337656915
급자금,0.5535095746418968,9.829054912298812,9.275545337656915
급자금:,0.5535095746418968,9.829054912298812,9.275545337656915
 -문의,0.5535095746418968,9.829054912298812,9.275545337656915
 -문,0.5535095746418968,9.829054912298812,9.275545337656915
 -만기,0.5535095746418968,9.829054912298812,9.275545337656915
 -만,0.5535095746418968,9.829054912298812,9.275545337656915
융자,0.5535095746418968,9.829054912298812,9.275545337656915
 -긴급,0.5535095746418968,9.829054912298812,9.275545337656915
 -긴,0.5535095746418968,9.829054912298812,9.275545337656915
위로,0.5535095746418968,9.829054912298812,9.275545337656915
확인하신,0.5535095746418968,9.829054912298812,9.275545337656915
 2.,0.5535095746418968,9.829054912298812,9.275545337656915
행되,0.5535095746418968,9.829054912298812,9.275545337656915
타사항 ,0.5535095746418968,9.829054912298812,9.275545337656915
례 ,0.5535095746418968,9.829054912298812,9.275545337656915
 ☎️,0.5535095746418968,9.829054912298812,9.275545337656915
영수 ,0.5535095746418968,9.829054912298812,9.275545337656915
부사항은,0.5535095746418968,9.829054912298812,9.275545337656915
오류로,0.5535095746418968,9.829054912298812,9.275545337656915
오류로 ,0.5535095746418968,9.829054912298812,9.275545337656915
품은,0.5535095746418968,9.829054912298812,9.275545337656915
품은 ,0.5535095746418968,9.829054912298812,9.275545337656915
프리,0.5535095746418968,9.829054912298812,9.275545337656915
프리랜,0.5535095746418968,9.829054912298812,9.275545337656915
프리랜서,0.5535095746418968,9.829054912298812,9.275545337656915
 tel,0.5535095746418968,9.829054912298812,9.275545337656915
 te,0.5535095746418968,9.829054912298812,9.275545337656915
 인_,0.5535095746418968,9.829054912298812,9.275545337656915
 인_증,0.5535095746418968,9.829054912298812,9.275545337656915
등에,0.5535095746418968,9.829054912298812,9.275545337656915
득안정 ,0.5535095746418968,9.829054912298812,9.275545337656915
완료하,0.5535095746418968,9.829054912298812,9.275545337656915
득안정,0.5535095746418968,9.829054912298812,9.275545337656915
득안,0.5535095746418968,9.829054912298812,9.275545337656915
하께,0.5535095746418968,9.829054912298812,9.275545337656915
하께서,0.5535095746418968,9.829054912298812,9.275545337656915
득 ,0.5535095746418968,9.829054912298812,9.275545337656915
 일시상,0.5535095746418968,9.829054912298812,9.275545337656915
가능하,0.5535095746418968,9.135907731738866,8.58239815709697
파손,0.5535095746418968,9.829054912298812,9.275545337656915
 g마,0.5535095746418968,9.829054912298812,9.275545337656915
특고·프,0.5535095746418968,9.829054912298812,9.275545337656915
(1)저,0.5535095746418968,9.829054912298812,9.275545337656915
(1),0.5535095746418968,9.829054912298812,9.275545337656915
%대 ,0.5535095746418968,9.829054912298812,9.275545337656915
%대,0.5535095746418968,9.829054912298812,9.275545337656915
%(전액,0.5535095746418968,9.829054912298812,9.275545337656915
%(전,0.5535095746418968,9.829054912298812,9.275545337656915
%(,0.5535095746418968,9.829054912298812,9.275545337656915
 갱신),0.5535095746418968,9.829054912298812,9.275545337656915
 갱신,0.5535095746418968,9.829054912298812,9.275545337656915
 갱,0.5535095746418968,9.829054912298812,9.275545337656915
"""긴급 ",0.5535095746418968,9.829054912298812,9.275545337656915
"""긴급",0.5535095746418968,9.829054912298812,9.275545337656915
"""긴",0.5535095746418968,9.829054912298812,9.275545337656915
☎️,0.5535095746418968,9.829054912298812,9.275545337656915
통신,0.5535095746418968,9.829054912298812,9.275545337656915
통신사,0.5535095746418968,9.829054912298812,9.275545337656915
류로 ,0.5535095746418968,9.829054912298812,9.275545337656915
류로,0.5535095746418968,9.829054912298812,9.275545337656915
연결해서,0.5535095746418968,9.829054912298812,9.275545337656915
가계,0.5535095746418968,9.829054912298812,9.275545337656915
 가계,0.5535095746418968,9.829054912298812,9.275545337656915
특고,0.5535095746418968,9.829054912298812,9.275545337656915
특고·,0.5535095746418968,9.829054912298812,9.275545337656915
 g마켓,0.5535095746418968,9.829054912298812,9.275545337656915
하께서는,0.5535095746418968,9.829054912298812,9.275545337656915
 23년,0.5535095746418968,9.829054912298812,9.275545337656915
 3천,0.5535095746418968,9.829054912298812,9.275545337656915
 장례 ,0.5535095746418968,9.829054912298812,9.275545337656915
원(신,0.5535095746418968,9.829054912298812,9.275545337656915
원(신용,0.5535095746418968,9.829054912298812,9.275545337656915
대한통운,0.5535095746418968,9.829054912298812,9.275545337656915
대한통,0.5535095746418968,9.829054912298812,9.275545337656915
 3영업,0.5535095746418968,9.829054912298812,9.275545337656915
 3영,0.5535095746418968,9.829054912298812,9.275545337656915
해야되,0.5535095746418968,9.829054912298812,9.275545337656915
해외에,0.5535095746418968,9.829054912298812,9.275545337656915
해외에서,0.5535095746418968,9.829054912298812,9.275545337656915
 3.8,0.5535095746418968,9.829054912298812,9.275545337656915
 3.,0.5535095746418968,9.829054912298812,9.275545337656915
원공,0.5535095746418968,9.829054912298812,9.275545337656915
 2조 ,0.5535095746418968,9.829054912298812,9.275545337656915
 2조,0.5535095746418968,9.829054912298812,9.275545337656915
 2영업,0.5535095746418968,9.829054912298812,9.275545337656915
 2영,0.5535095746418968,9.829054912298812,9.275545337656915
 2억원,0.5535095746418968,9.829054912298812,9.275545337656915
원공고,0.5535095746418968,9.829054912298812,9.275545337656915
 2억,0.5535095746418968,9.829054912298812,9.275545337656915
원공고 ,0.5535095746418968,9.829054912298812,9.275545337656915
원내용 ,0.5535095746418968,9.829054912298812,9.275545337656915
원내용을,0.5535095746418968,9.829054912298812,9.275545337656915
원(리),0.5535095746418968,9.829054912298812,9.275545337656915
 3천만,0.5535095746418968,9.829054912298812,9.275545337656915
하나만,0.5535095746418968,9.829054912298812,9.275545337656915
원(리,0.5535095746418968,9.829054912298812,9.275545337656915
하나만 ,0.5535095746418968,9.829054912298812,9.275545337656915
 일정요,0.5535095746418968,9.829054912298812,9.275545337656915
 하나만,0.5535095746418968,9.829054912298812,9.275545337656915
하셨습,0.5535095746418968,9.829054912298812,9.275545337656915
하셨습니,0.5535095746418968,9.829054912298812,9.275545337656915
 폰이,0.5535095746418968,9.829054912298812,9.275545337656915
결해서,0.5535095746418968,9.829054912298812,9.275545337656915
결해서 ,0.5535095746418968,9.829054912298812,9.275545337656915
한:,0.5535095746418968,9.829054912298812,9.275545337656915
한: ,0.5535095746418968,9.829054912298812,9.275545337656915
 파손,0.5535095746418968,9.829054912298812,9.275545337656915
한도,0.5535095746418968,9.829054912298812,9.275545337656915
한도:,0.5535095746418968,9.829054912298812,9.275545337656915
한도: ,0.5535095746418968,9.829054912298812,9.275545337656915
한통,0.5535095746418968,9.829054912298812,9.275545337656915
한통운,0.5535095746418968,9.829054912298812,9.275545337656915
할상,0.5535095746418968,9.829054912298812,9.275545337656915
할상환,0.5535095746418968,9.829054912298812,9.275545337656915
 5천억,0.5535095746418968,9.829054912298812,9.275545337656915
"할상환,",0.5535095746418968,9.829054912298812,9.275545337656915
 잠깐,0.5535095746418968,9.829054912298812,9.275545337656915
 잠깐 ,0.5535095746418968,9.829054912298812,9.275545337656915
 48,0.5535095746418968,9.829054912298812,9.275545337656915
부사항,0.5535095746418968,9.829054912298812,9.275545337656915
앞두,0.5535095746418968,9.829054912298812,9.275545337656915
.64%,0.5535095746418968,9.829054912298812,9.275545337656915
정·,0.5535095746418968,9.829054912298812,9.275545337656915
080.,0.5535095746418968,9.829054912298812,9.275545337656915
 설치 ,0.5535095746418968,9.829054912298812,9.275545337656915
2영업일,0.5535095746418968,9.829054912298812,9.275545337656915
2영업,0.5535095746418968,9.829054912298812,9.275545337656915
2영,0.5535095746418968,9.829054912298812,9.275545337656915
2억원 ,0.5535095746418968,9.829054912298812,9.275545337656915
2억원,0.5535095746418968,9.829054912298812,9.275545337656915
2억,0.5535095746418968,9.829054912298812,9.275545337656915
 방안 ,0.5535095746418968,9.829054912298812,9.275545337656915
 방안으,0.5535095746418968,9.829054912298812,9.275545337656915
09:,0.5535095746418968,9.829054912298812,9.275545337656915
4746,0.5535095746418968,9.829054912298812,9.275545337656915
09:0,0.5535095746418968,9.829054912298812,9.275545337656915
주소지 ,0.5535095746418968,9.829054912298812,9.275545337656915
주소지,0.5535095746418968,9.829054912298812,9.275545337656915
2조,0.5535095746418968,9.829054912298812,9.275545337656915
0(주,0.5535095746418968,9.829054912298812,9.275545337656915
2조 ,0.5535095746418968,9.829054912298812,9.275545337656915
사후 ,0.5535095746418968,9.829054912298812,9.275545337656915
 아래의,0.5535095746418968,9.829054912298812,9.275545337656915
"상환, ",0.5535095746418968,9.829054912298812,9.275545337656915
상환기,0.5535095746418968,9.829054912298812,9.275545337656915
산: ,0.5535095746418968,9.829054912298812,9.275545337656915
산:,0.5535095746418968,9.829054912298812,9.275545337656915
상환기간,0.5535095746418968,9.829054912298812,9.275545337656915
사후,0.5535095746418968,9.829054912298812,9.275545337656915
상환방법,0.5535095746418968,9.829054912298812,9.275545337656915
-문,0.5535095746418968,9.829054912298812,9.275545337656915
송이,0.5535095746418968,9.829054912298812,9.275545337656915
-문의,0.5535095746418968,9.829054912298812,9.275545337656915
상환방,0.5535095746418968,9.829054912298812,9.275545337656915
0%(,0.5535095746418968,9.829054912298812,9.275545337656915
0%(전,0.5535095746418968,9.829054912298812,9.275545337656915
생계 ,0.5535095746418968,9.829054912298812,9.275545337656915
생계부,0.5535095746418968,9.829054912298812,9.275545337656915
-주관기,0.5535095746418968,9.829054912298812,9.275545337656915
생계부담,0.5535095746418968,9.829054912298812,9.275545337656915
-상환방,0.5535095746418968,9.829054912298812,9.275545337656915
정·생계,0.5535095746418968,9.829054912298812,9.275545337656915
-신,0.5535095746418968,9.829054912298812,9.275545337656915
-신청,0.5535095746418968,9.829054912298812,9.275545337656915
-신청기,0.5535095746418968,9.829054912298812,9.275545337656915
 별도 ,0.5535095746418968,9.829054912298812,9.275545337656915
 별세 ,0.5535095746418968,9.829054912298812,9.275545337656915
-접,0.5535095746418968,9.829054912298812,9.275545337656915
-접수,0.5535095746418968,9.829054912298812,9.275545337656915
-접수방,0.5535095746418968,9.829054912298812,9.275545337656915
수방법,0.5535095746418968,9.829054912298812,9.275545337656915
-주,0.5535095746418968,9.829054912298812,9.275545337656915
수방법:,0.5535095746418968,9.829054912298812,9.275545337656915
00(주,0.5535095746418968,9.829054912298812,9.275545337656915
00(,0.5535095746418968,9.829054912298812,9.275545337656915
-상환,0.5535095746418968,9.829054912298812,9.275545337656915
-상담가,0.5535095746418968,9.829054912298812,9.275545337656915
빙서,0.5535095746418968,9.829054912298812,9.275545337656915
수방,0.5535095746418968,9.829054912298812,9.275545337656915
0(주말,0.5535095746418968,9.829054912298812,9.275545337656915
 배송이,0.5535095746418968,9.829054912298812,9.275545337656915
-문의 ,0.5535095746418968,9.829054912298812,9.275545337656915
신사,0.5535095746418968,9.829054912298812,9.275545337656915
-보,0.5535095746418968,9.829054912298812,9.275545337656915
생활 ,0.5535095746418968,9.829054912298812,9.275545337656915
-보증,0.5535095746418968,9.829054912298812,9.275545337656915
-상담,0.5535095746418968,9.829054912298812,9.275545337656915
-보증기,0.5535095746418968,9.829054912298812,9.275545337656915
주면,0.5535095746418968,9.829054912298812,9.275545337656915
빙서류 ,0.5535095746418968,9.829054912298812,9.275545337656915
수정해 ,0.5535095746418968,9.829054912298812,9.275545337656915
빙서류,0.5535095746418968,9.829054912298812,9.275545337656915
정·생,0.5535095746418968,9.829054912298812,9.275545337656915
전화상,0.5535095746418968,9.829054912298812,9.275545337656915
"상환,",0.5535095746418968,9.829054912298812,9.275545337656915
송이 ,0.5535095746418968,9.829054912298812,9.275545337656915
상과,0.5535095746418968,9.829054912298812,9.275545337656915
스비 ,0.5535095746418968,9.829054912298812,9.275545337656915
중단되었,0.5535095746418968,9.829054912298812,9.275545337656915
스비,0.5535095746418968,9.829054912298812,9.275545337656915
-긴,0.5535095746418968,9.829054912298812,9.275545337656915
상담을 ,0.5535095746418968,9.829054912298812,9.275545337656915
상담을,0.5535095746418968,9.829054912298812,9.275545337656915
상담안내,0.5535095746418968,9.829054912298812,9.275545337656915
3영,0.5535095746418968,9.829054912298812,9.275545337656915
3영업,0.5535095746418968,9.829054912298812,9.275545337656915
3영업일,0.5535095746418968,9.829054912298812,9.275545337656915
-대출한,0.5535095746418968,9.829054912298812,9.275545337656915
-만,0.5535095746418968,9.829054912298812,9.275545337656915
-만기,0.5535095746418968,9.829054912298812,9.275545337656915
-만기도,0.5535095746418968,9.829054912298812,9.275545337656915
상품은,0.5535095746418968,9.829054912298812,9.275545337656915
중단되,0.5535095746418968,9.829054912298812,9.275545337656915
-대출기,0.5535095746418968,9.829054912298812,9.275545337656915
중단,0.5535095746418968,9.829054912298812,9.275545337656915
접수(,0.5535095746418968,9.829054912298812,9.275545337656915
-긴급자,0.5535095746418968,9.829054912298812,9.275545337656915
-대출금,0.5535095746418968,9.829054912298812,9.275545337656915
상승으,0.5535095746418968,9.829054912298812,9.275545337656915
상승,0.5535095746418968,9.829054912298812,9.275545337656915
상되오니,0.5535095746418968,9.829054912298812,9.275545337656915
01월 ,0.5535095746418968,9.829054912298812,9.275545337656915
상자로,0.5535095746418968,9.829054912298812,9.275545337656915
상되,0.5535095746418968,9.829054912298812,9.275545337656915
접수(전,0.5535095746418968,9.829054912298812,9.275545337656915
접수방,0.5535095746418968,9.829054912298812,9.275545337656915
390,0.5535095746418968,9.829054912298812,9.275545337656915
상자로 ,0.5535095746418968,9.829054912298812,9.275545337656915
3905,0.5535095746418968,9.829054912298812,9.275545337656915
상되오,0.5535095746418968,9.829054912298812,9.275545337656915
상품은 ,0.5535095746418968,9.829054912298812,9.275545337656915
 밥,0.5535095746418968,9.829054912298812,9.275545337656915
3천,0.5535095746418968,9.829054912298812,9.275545337656915
접수방법,0.5535095746418968,9.829054912298812,9.275545337656915
수(,0.5535095746418968,9.829054912298812,9.275545337656915
쇼핑,0.5535095746418968,9.829054912298812,9.275545337656915
01,0.5535095746418968,8.442760551178921,7.889250976537024
상담가,0.5535095746418968,9.829054912298812,9.275545337656915
상담: ,0.5535095746418968,9.829054912298812,9.275545337656915
상담:,0.5535095746418968,9.829054912298812,9.275545337656915
 반려일,0.5535095746418968,9.829054912298812,9.275545337656915
04,0.5535095746418968,9.829054912298812,9.275545337656915
 반려,0.5535095746418968,9.829054912298812,9.275545337656915
 시행되,0.5535095746418968,9.829054912298812,9.275545337656915
승으,0.5535095746418968,9.829054912298812,9.275545337656915
승으로,0.5535095746418968,9.829054912298812,9.275545337656915
승으로 ,0.5535095746418968,9.829054912298812,9.275545337656915
상과 ,0.5535095746418968,9.829054912298812,9.275545337656915
상담가능,0.5535095746418968,9.829054912298812,9.275545337656915
수(전,0.5535095746418968,9.829054912298812,9.275545337656915
3천만,0.5535095746418968,9.829054912298812,9.275545337656915
3.86,0.5535095746418968,9.829054912298812,9.275545337656915
3천만원,0.5535095746418968,9.829054912298812,9.275545337656915
상담안,0.5535095746418968,9.829054912298812,9.275545337656915
4%,0.5535095746418968,9.829054912298812,9.275545337656915
4% ,0.5535095746418968,9.829054912298812,9.275545337656915
상담신청,0.5535095746418968,9.829054912298812,9.275545337656915
상담신,0.5535095746418968,9.829054912298812,9.275545337656915
수취인 ,0.5535095746418968,9.829054912298812,9.275545337656915
수(전자,0.5535095746418968,9.829054912298812,9.275545337656915
 속에,0.5535095746418968,9.829054912298812,9.275545337656915
 속에 ,0.5535095746418968,9.829054912298812,9.275545337656915
3.8,0.5535095746418968,9.829054912298812,9.275545337656915
수취인,0.5535095746418968,9.829054912298812,9.275545337656915
 밥상,0.5535095746418968,9.829054912298812,9.275545337656915
 밥상 ,0.5535095746418968,9.829054912298812,9.275545337656915
상승으로,0.5535095746418968,9.829054912298812,9.275545337656915
-주관,0.5535095746418968,9.829054912298812,9.275545337656915
00%(,0.5535095746418968,9.829054912298812,9.275545337656915
5천억,0.5535095746418968,9.829054912298812,9.275545337656915
소지 ,0.5535095746418968,9.829054912298812,9.275545337656915
신용보증,0.5535095746418968,9.829054912298812,9.275545337656915
 심사후,0.5535095746418968,9.829054912298812,9.275545337656915
 수정해,0.5535095746418968,9.829054912298812,9.275545337656915
신청기한,0.5535095746418968,9.829054912298812,9.275545337656915
 불법,0.5535095746418968,9.829054912298812,9.275545337656915
수정,0.5535095746418968,9.829054912298812,9.275545337656915
0-1,0.5535095746418968,9.829054912298812,9.275545337656915
6%,0.5535095746418968,9.829054912298812,9.275545337656915
6%대,0.5535095746418968,9.829054912298812,9.275545337656915
6%대 ,0.5535095746418968,9.829054912298812,9.275545337656915
 수취인,0.5535095746418968,9.829054912298812,9.275545337656915
 심사 ,0.5535095746418968,9.829054912298812,9.275545337656915
.86%,0.5535095746418968,9.829054912298812,9.275545337656915
신청방,0.5535095746418968,9.829054912298812,9.275545337656915
5천억 ,0.5535095746418968,9.829054912298812,9.275545337656915
166,0.5535095746418968,9.829054912298812,9.275545337656915
 미확인,0.5535095746418968,9.829054912298812,9.275545337656915
 상승으,0.5535095746418968,9.829054912298812,9.275545337656915
.887,0.5535095746418968,9.829054912298812,9.275545337656915
18시,0.5535095746418968,9.829054912298812,9.275545337656915
분할상,0.5535095746418968,9.829054912298812,9.275545337656915
분할,0.5535095746418968,9.829054912298812,9.275545337656915
.88,0.5535095746418968,9.829054912298812,9.275545337656915
18:0,0.5535095746418968,9.829054912298812,9.275545337656915
18:,0.5535095746418968,9.829054912298812,9.275545337656915
신),0.5535095746418968,9.829054912298812,9.275545337656915
신용·소,0.5535095746418968,9.829054912298812,9.275545337656915
시행되는,0.5535095746418968,9.829054912298812,9.275545337656915
시행되,0.5535095746418968,9.829054912298812,9.275545337656915
신용보,0.5535095746418968,9.829054912298812,9.275545337656915
" 불가,",0.5535095746418968,9.829054912298812,9.275545337656915
1661,0.5535095746418968,9.829054912298812,9.275545337656915
 수정,0.5535095746418968,9.829054912298812,9.275545337656915
 상승,0.5535095746418968,9.829054912298812,9.275545337656915
정부지,0.5535095746418968,9.829054912298812,9.275545337656915
부지원 ,0.5535095746418968,9.829054912298812,9.275545337656915
부지원,0.5535095746418968,9.829054912298812,9.275545337656915
.47,0.5535095746418968,9.829054912298812,9.275545337656915
소득 ,0.5535095746418968,9.829054912298812,9.275545337656915
재.,0.5535095746418968,9.829054912298812,9.275545337656915
부재.,0.5535095746418968,9.829054912298812,9.275545337656915
신청방법,0.5535095746418968,9.829054912298812,9.275545337656915
.474,0.5535095746418968,9.829054912298812,9.275545337656915
장례 ,0.5535095746418968,9.829054912298812,9.275545337656915
 상담:,0.5535095746418968,9.829054912298812,9.275545337656915
소득안,0.5535095746418968,9.829054912298812,9.275545337656915
소득안정,0.5535095746418968,9.829054912298812,9.275545337656915
.6,0.5535095746418968,9.829054912298812,9.275545337656915
61-,0.5535095746418968,9.829054912298812,9.275545337656915
10년 ,0.5535095746418968,9.829054912298812,9.275545337656915
61-3,0.5535095746418968,9.829054912298812,9.275545337656915
.64,0.5535095746418968,9.829054912298812,9.275545337656915
11일(,0.5535095746418968,9.829054912298812,9.275545337656915
전액보증,0.5535095746418968,9.829054912298812,9.275545337656915
소됩니다,0.5535095746418968,9.829054912298812,9.275545337656915
시상환 ,0.5535095746418968,9.829054912298812,9.275545337656915
정해 ,0.5535095746418968,9.829054912298812,9.275545337656915
정해,0.5535095746418968,9.829054912298812,9.275545337656915
정지,0.5535095746418968,9.829054912298812,9.275545337656915
부지,0.5535095746418968,9.829054912298812,9.275545337656915
정요건을,0.5535095746418968,9.829054912298812,9.275545337656915
정요건,0.5535095746418968,9.829054912298812,9.275545337656915
정요,0.5535095746418968,9.829054912298812,9.275545337656915
.4,0.5535095746418968,9.829054912298812,9.275545337656915
부재. ,0.5535095746418968,9.829054912298812,9.275545337656915
시상환,0.5535095746418968,9.829054912298812,9.275545337656915
 상담신,0.5535095746418968,9.829054912298812,9.275545337656915
소됩,0.5535095746418968,9.829054912298812,9.275545337656915
소됩니,0.5535095746418968,9.829054912298812,9.275545337656915
정부지원,0.5535095746418968,9.829054912298812,9.275545337656915
신용·,0.5535095746418968,9.829054912298812,9.275545337656915
신속 ,0.5535095746418968,9.829054912298812,9.275545337656915
분할상환,0.5535095746418968,9.829054912298812,9.275545337656915
비대출 ,0.5535095746418968,9.829054912298812,9.275545337656915
2)긴급,0.5535095746418968,9.829054912298812,9.275545337656915
2)긴,0.5535095746418968,9.829054912298812,9.275545337656915
-취급기,0.5535095746418968,9.829054912298812,9.275545337656915
-필,0.5535095746418968,9.829054912298812,9.275545337656915
"비대출""",0.5535095746418968,9.829054912298812,9.275545337656915
 수수,0.5535095746418968,9.829054912298812,9.275545337656915
-필요,0.5535095746418968,9.829054912298812,9.275545337656915
 신용보,0.5535095746418968,9.829054912298812,9.275545337656915
1일(수,0.5535095746418968,9.829054912298812,9.275545337656915
-필요서,0.5535095746418968,9.829054912298812,9.275545337656915
 보증비,0.5535095746418968,9.829054912298812,9.275545337656915
 생계부,0.5535095746418968,9.829054912298812,9.275545337656915
 수수료,0.5535095746418968,9.829054912298812,9.275545337656915
"불가,",0.5535095746418968,9.829054912298812,9.275545337656915
재. ,0.5535095746418968,9.829054912298812,9.275545337656915
 신속 ,0.5535095746418968,9.829054912298812,9.275545337656915
-39,0.5535095746418968,9.829054912298812,9.275545337656915
2.6,0.5535095746418968,9.829054912298812,9.275545337656915
비율 ,0.5535095746418968,9.829054912298812,9.275545337656915
20-1,0.5535095746418968,9.829054912298812,9.275545337656915
 보내줘,0.5535095746418968,9.829054912298812,9.275545337656915
2.64,0.5535095746418968,9.829054912298812,9.275545337656915
비율,0.5535095746418968,9.829054912298812,9.275545337656915
 미확,0.5535095746418968,9.829054912298812,9.275545337656915
-지,0.5535095746418968,9.829054912298812,9.275545337656915
 보유자,0.5535095746418968,9.829054912298812,9.275545337656915
 물가 ,0.5535095746418968,9.829054912298812,9.275545337656915
비대출】,0.5535095746418968,9.829054912298812,9.275545337656915
-지원,0.5535095746418968,9.829054912298812,9.275545337656915
-지원예,0.5535095746418968,9.829054912298812,9.275545337656915
-취,0.5535095746418968,9.829054912298812,9.275545337656915
-취급,0.5535095746418968,9.829054912298812,9.275545337656915
-390,0.5535095746418968,9.829054912298812,9.275545337656915
 생계 ,0.5535095746418968,9.829054912298812,9.275545337656915
 보험,0.5535095746418968,9.829054912298812,9.275545337656915
비대면으,0.5535095746418968,9.829054912298812,9.275545337656915
 상품은,0.5535095746418968,9.829054912298812,9.275545337656915
세부사,0.5535095746418968,9.829054912298812,9.275545337656915
세부사항,0.5535095746418968,9.829054912298812,9.275545337656915
속되는,0.5535095746418968,9.829054912298812,9.275545337656915
속되,0.5535095746418968,9.829054912298812,9.275545337656915
1)저,0.5535095746418968,9.829054912298812,9.275545337656915
1)저소,0.5535095746418968,9.829054912298812,9.275545337656915
"비, ",0.5535095746418968,9.829054912298812,9.275545337656915
"비,",0.5535095746418968,9.829054912298812,9.275545337656915
1-3,0.5535095746418968,9.829054912298812,9.275545337656915
수정해,0.5535095746418968,9.829054912298812,9.275545337656915
1-39,0.5535095746418968,9.829054912298812,9.275545337656915
불법,0.5535095746418968,9.829054912298812,9.275545337656915
18시까,0.5535095746418968,9.829054912298812,9.275545337656915
"불가, ",0.5535095746418968,9.829054912298812,9.275545337656915
 부담을,0.5535095746418968,9.829054912298812,9.275545337656915
비대면 ,0.5535095746418968,9.829054912298812,9.275545337656915
시상,0.5535095746418968,9.829054912298812,9.275545337656915
속에,0.5535095746418968,9.829054912298812,9.275545337656915
 상환기,0.5535095746418968,9.829054912298812,9.275545337656915
1년간 ,0.5535095746418968,9.829054912298812,9.275545337656915
1년간,0.5535095746418968,9.829054912298812,9.275545337656915
0.88,0.5535095746418968,9.829054912298812,9.275545337656915
0.8,0.5535095746418968,9.829054912298812,9.275545337656915
속에 ,0.5535095746418968,9.829054912298812,9.275545337656915
 부재.,0.5535095746418968,9.829054912298812,9.275545337656915
-긴급,0.5535095746418968,9.829054912298812,9.275545337656915
신) ,0.5535095746418968,9.829054912298812,9.275545337656915
속되는 ,0.5535095746418968,9.829054912298812,9.275545337656915
세부,0.5535095746418968,9.829054912298812,9.275545337656915
를 ,0.5493078877881983,7.468200911180791,6.9188930233925925
 설,0.5455414049927221,8.799435495117654,8.253894090124932
 추,0.5438007605149355,8.302998608803762,7.759197848288826
행이,0.5410870546433415,9.241268247396693,8.700181192753352
연 ,0.5410870546433415,9.241268247396693,8.700181192753352
이체가 ,0.5410870546433415,9.241268247396693,8.700181192753352
이체가,0.5410870546433415,9.241268247396693,8.700181192753352
 요,0.5410870546433415,9.241268247396693,8.700181192753352
체가 ,0.5410870546433415,9.241268247396693,8.700181192753352
체가,0.5410870546433415,9.241268247396693,8.700181192753352
가 ,0.5410870546433406,6.938683154402647,6.397596099759307
녕하,0.5382421025111102,8.347450371374597,7.809208268863487
 안녕하,0.5382421025111102,8.347450371374597,7.809208268863487
안녕하,0.5382421025111102,8.347450371374597,7.809208268863487
다!,0.5362677682073915,8.873543467271375,8.337275699063984
0만원,0.5362677682073915,8.873543467271375,8.337275699063984
니다!,0.5362677682073915,8.873543467271375,8.337275699063984
니다! ,0.5362677682073915,8.873543467271375,8.337275699063984
다! ,0.5362677682073915,8.873543467271375,8.337275699063984
 많,0.5362677682073915,8.873543467271375,8.337275699063984
최대 ,0.5362677682073915,8.873543467271375,8.337275699063984
최대,0.5362677682073915,8.873543467271375,8.337275699063984
> ,0.5288169620515264,6.626308469360495,6.097491507308969
리고,0.5253386976752026,9.359051283053077,8.833712585377874
화 ,0.5253386976752026,9.359051283053077,8.833712585377874
해드,0.5253386976752026,9.359051283053077,8.833712585377874
루 ,0.5253386976752026,9.359051283053077,8.833712585377874
 인증 ,0.5253386976752026,9.359051283053077,8.833712585377874
.(,0.5253386976752026,9.359051283053077,8.833712585377874
주세요.,0.5253386976752008,8.665904102493132,8.14056540481793
님께 ,0.5253386976752008,8.953586174944911,8.42824747726971
들어,0.5122666161078495,9.040597551934543,8.528330935826693
 인증,0.5122666161078495,9.040597551934543,8.528330935826693
 확인,0.5122666161078477,7.941985263266432,7.429718647158584
금융,0.5093383563287599,8.548121066836748,8.038782710507988
 접수,0.5047194104724664,9.4925826756776,8.987863265205133
 필수,0.5047194104724664,9.4925826756776,8.987863265205133
6년,0.5047194104724664,9.4925826756776,8.987863265205133
26년 ,0.5047194104724664,9.4925826756776,8.987863265205133
6년 ,0.5047194104724664,9.4925826756776,8.987863265205133
26년,0.5047194104724664,9.4925826756776,8.987863265205133
연결,0.5047194104724664,9.4925826756776,8.987863265205133
심으로 ,0.5047194104724664,9.4925826756776,8.987863265205133
 5만,0.5047194104724664,9.4925826756776,8.987863265205133
고객님께,0.5047194104724664,9.4925826756776,8.987863265205133
님께,0.5047194104724664,8.799435495117654,8.294716084645188
g ,0.5047194104724664,9.4925826756776,8.987863265205133
객님께,0.5047194104724664,9.4925826756776,8.987863265205133
필수,0.5047194104724664,9.4925826756776,8.987863265205133
내용,0.5047194104724664,8.799435495117654,8.294716084645188
 연결,0.5047194104724664,9.4925826756776,8.987863265205133
 진심으,0.5047194104724664,9.4925826756776,8.987863265205133
진심으로,0.5047194104724664,9.4925826756776,8.987863265205133
 중 ,0.5047194104724664,9.4925826756776,8.987863265205133
진심으,0.5047194104724664,9.4925826756776,8.987863265205133
 보기,0.5047194104724664,9.4925826756776,8.987863265205133
심으,0.5047194104724664,9.4925826756776,8.987863265205133
심으로,0.5047194104724664,9.4925826756776,8.987863265205133
아래 ,0.4963511608019484,9.135907731738866,8.639556570936918
 있는 ,0.4963511608019484,9.135907731738866,8.639556570936918
 아래 ,0.4963511608019484,9.135907731738866,8.639556570936918
 가능하,0.4963511608019484,9.135907731738866,8.639556570936918
영업,0.4963511608019484,9.135907731738866,8.639556570936918
하세요!,0.4963511608019484,9.135907731738866,8.639556570936918
능하며,0.4963511608019484,9.135907731738866,8.639556570936918
있는 ,0.4963511608019484,9.135907731738866,8.639556570936918
가능하며,0.4963511608019484,9.135907731738866,8.639556570936918
안녕,0.49379033994027477,8.302998608803762,7.809208268863487
 안녕,0.49379033994027477,8.302998608803762,7.809208268863487
층 ,0.4918160056365579,8.873543467271375,8.381727461634817
 준,0.4918160056365579,8.873543467271375,8.381727461634817
 확,0.48241365295816685,7.912132300116751,7.429718647158584
 내,0.47654853350576953,8.037295443070757,7.560746909564988
돼? ,0.47654853350576865,9.646733355504857,9.170184821999088
 대한,0.47654853350576865,9.646733355504857,9.170184821999088
위해 ,0.47654853350576865,9.241268247396693,8.764719713890925
돼?,0.47654853350576865,9.646733355504857,9.170184821999088
 되었습,0.47654853350576865,9.646733355504857,9.170184821999088
청을 ,0.47654853350576865,9.646733355504857,9.170184821999088
 확인:,0.47654853350576865,9.646733355504857,9.170184821999088
안내] ,0.47654853350576865,9.646733355504857,9.170184821999088
 안내],0.47654853350576865,9.646733355504857,9.170184821999088
 주소를,0.47654853350576865,9.646733355504857,9.170184821999088
확인:,0.47654853350576865,9.646733355504857,9.170184821999088
5만원 ,0.47654853350576865,9.646733355504857,9.170184821999088
청을,0.47654853350576865,9.646733355504857,9.170184821999088
내] ,0.47654853350576865,9.646733355504857,9.170184821999088
 체,0.47654853350576865,9.241268247396693,8.764719713890925
주소를,0.47654853350576865,9.646733355504857,9.170184821999088
 6월 ,0.47654853350576865,9.646733355504857,9.170184821999088
요금 ,0.47654853350576865,9.646733355504857,9.170184821999088
인에,0.47654853350576865,9.646733355504857,9.170184821999088
 [s,0.47654853350576865,9.646733355504857,9.170184821999088
확인: ,0.47654853350576865,9.646733355504857,9.170184821999088
배],0.47654853350576865,9.646733355504857,9.170184821999088
인에게,0.47654853350576865,9.646733355504857,9.170184821999088
주소를 ,0.47654853350576865,9.646733355504857,9.170184821999088
[s,0.47654853350576865,9.646733355504857,9.170184821999088
인에게 ,0.47654853350576865,9.646733355504857,9.170184821999088
 위해 ,0.47654853350576865,9.241268247396693,8.764719713890925
다음,0.47654853350576865,9.241268247396693,8.764719713890925
와 ,0.47654853350576865,8.953586174944911,8.477037641439143
05 ,0.47654853350576865,9.646733355504857,9.170184821999088
전자,0.47654853350576865,9.646733355504857,9.170184821999088
신청을,0.47654853350576865,9.646733355504857,9.170184821999088
 기간,0.47654853350576865,9.646733355504857,9.170184821999088
신한 ,0.47654853350576865,9.646733355504857,9.170184821999088
61,0.47654853350576865,9.646733355504857,9.170184821999088
크에,0.47654853350576865,9.646733355504857,9.170184821999088
모바,0.47654853350576865,8.393970387009489,7.91742185350372
모바일,0.47654853350576865,8.393970387009489,7.91742185350372
내용 ,0.47654853350576865,9.646733355504857,9.170184821999088
신청을 ,0.47654853350576865,9.646733355504857,9.170184821999088
바일,0.47654853350576865,8.393970387009489,7.91742185350372
6월 ,0.47654853350576865,9.646733355504857,9.170184821999088
산 ,0.47654853350576865,9.646733355504857,9.170184821999088
 부,0.46215979605366986,7.700823206449544,7.2386634103958745
하며,0.4581993948375729,9.040597551934543,8.58239815709697
 후 ,0.4540756776537096,8.142655958728582,7.688580281074873
 잠,0.45123072552148,9.359051283053077,8.907820557531597
 변경,0.45123072552148,9.359051283053077,8.907820557531597
수가,0.45123072552148,9.359051283053077,8.907820557531597
 근로,0.45123072552148,9.359051283053077,8.907820557531597
 업,0.45123072552148,9.359051283053077,8.907820557531597
♥ ,0.45123072552148,9.359051283053077,8.907820557531597
수가 ,0.45123072552148,9.359051283053077,8.907820557531597
될 ,0.45123072552148,9.359051283053077,8.907820557531597
 귀,0.45123072552148,9.359051283053077,8.907820557531597
 앱,0.45123072552148,9.359051283053077,8.907820557531597
변경,0.45123072552148,9.359051283053077,8.907820557531597
근로,0.45123072552148,9.359051283053077,8.907820557531597
하세요 ,0.4452959900016644,8.873543467271375,8.42824747726971
아 ,0.4452959900016644,8.873543467271375,8.42824747726971
 있어,0.4426469818300873,8.548121066836748,8.10547408500666
 인,0.43901061418670384,7.800906665006527,7.361896050819823
l:<,0.4357265389855147,9.829054912298812,9.393328373313297
될가요,0.4357265389855147,9.829054912298812,9.393328373313297
 신세계,0.4357265389855147,9.829054912298812,9.393328373313297
통운] ,0.4357265389855147,9.829054912298812,9.393328373313297
통운],0.4357265389855147,9.829054912298812,9.393328373313297
57-,0.4357265389855147,9.829054912298812,9.393328373313297
신]0,0.4357265389855147,9.829054912298812,9.393328373313297
57-6,0.4357265389855147,9.829054912298812,9.393328373313297
신세계,0.4357265389855147,9.829054912298812,9.393328373313297
l:<전,0.4357265389855147,9.829054912298812,9.393328373313297
 알림.,0.4357265389855147,9.829054912298812,9.393328373313297
l:,0.4357265389855147,9.829054912298812,9.393328373313297
규가입 ,0.4357265389855147,9.829054912298812,9.393328373313297
6만 ,0.4357265389855147,9.829054912298812,9.393328373313297
규가입,0.4357265389855147,9.829054912298812,9.393328373313297
규가,0.4357265389855147,9.829054912298812,9.393328373313297
될가,0.4357265389855147,9.829054912298812,9.393328373313297
될가요?,0.4357265389855147,9.829054912298812,9.393328373313297
수님 ,0.4357265389855147,9.135907731738866,8.700181192753352
el:,0.4357265389855147,9.829054912298812,9.393328373313297
527,0.4357265389855147,9.829054912298812,9.393328373313297
-63-,0.4357265389855147,9.829054912298812,9.393328373313297
527*,0.4357265389855147,9.829054912298812,9.393328373313297
 컴,0.4357265389855147,9.829054912298812,9.393328373313297
편의점,0.4357265389855147,9.829054912298812,9.393328373313297
편의,0.4357265389855147,9.829054912298812,9.393328373313297
 될가,0.4357265389855147,9.829054912298812,9.393328373313297
 신세,0.4357265389855147,9.829054912298812,9.393328373313297
 될가요,0.4357265389855147,9.829054912298812,9.393328373313297
 신규가,0.4357265389855147,9.829054912298812,9.393328373313297
-63,0.4357265389855147,9.829054912298812,9.393328373313297
-527,0.4357265389855147,9.829054912298812,9.393328373313297
el:<,0.4357265389855147,9.829054912298812,9.393328373313297
 당사자,0.4357265389855147,9.829054912298812,9.393328373313297
 발인,0.4357265389855147,9.829054912298812,9.393328373313297
cj대한,0.4357265389855147,9.829054912298812,9.393328373313297
 발인:,0.4357265389855147,9.829054912298812,9.393328373313297
63-5,0.4357265389855147,9.829054912298812,9.393328373313297
 257,0.4357265389855147,9.829054912298812,9.393328373313297
j대한,0.4357265389855147,9.829054912298812,9.393328373313297
 아닐시,0.4357265389855147,9.829054912298812,9.393328373313297
j대한통,0.4357265389855147,9.829054912298812,9.393328373313297
신세,0.4357265389855147,9.829054912298812,9.393328373313297
63-,0.4357265389855147,9.829054912298812,9.393328373313297
7-63,0.4357265389855147,9.829054912298812,9.393328373313297
시. ,0.4357265389855147,9.829054912298812,9.393328373313297
사자,0.4357265389855147,9.829054912298812,9.393328373313297
 위해,0.4357265389855147,9.135907731738866,8.700181192753352
신세계 ,0.4357265389855147,9.829054912298812,9.393328373313297
3-5,0.4357265389855147,9.829054912298812,9.393328373313297
사자 ,0.4357265389855147,9.829054912298812,9.393328373313297
]000,0.4357265389855147,9.829054912298812,9.393328373313297
발인: ,0.4357265389855147,9.829054912298812,9.393328373313297
신]00,0.4357265389855147,9.829054912298812,9.393328373313297
발인:,0.4357265389855147,9.829054912298812,9.393328373313297
아닐시,0.4357265389855147,9.829054912298812,9.393328373313297
알림.,0.4357265389855147,9.829054912298812,9.393328373313297
아닐시 ,0.4357265389855147,9.829054912298812,9.393328373313297
[롯,0.4357265389855147,9.829054912298812,9.393328373313297
️ ,0.4357265389855147,9.829054912298812,9.393328373313297
[롯데,0.4357265389855147,9.829054912298812,9.393328373313297
7-6,0.4357265389855147,9.829054912298812,9.393328373313297
3-52,0.4357265389855147,9.829054912298812,9.393328373313297
시.,0.4357265389855147,9.829054912298812,9.393328373313297
27*,0.4357265389855147,9.829054912298812,9.393328373313297
발신]0,0.4357265389855147,9.829054912298812,9.393328373313297
257,0.4357265389855147,9.829054912298812,9.393328373313297
257-,0.4357265389855147,9.829054912298812,9.393328373313297
위해,0.4357265389855147,9.135907731738866,8.700181192753352
발인,0.4357265389855147,9.829054912298812,9.393328373313297
신규가,0.4357265389855147,9.829054912298812,9.393328373313297
신규가입,0.4357265389855147,9.829054912298812,9.393328373313297
 특,0.4357265389855147,9.135907731738866,8.700181192753352
27**,0.4357265389855147,9.829054912298812,9.393328373313297
알림. ,0.4357265389855147,9.829054912298812,9.393328373313297
바쁘,0.4357265389855147,9.829054912298812,9.393328373313297
료 ,0.4300285178708769,8.347450371374597,7.91742185350372
 원,0.4292956486552235,7.774931178603266,7.3456355299480425
신고,0.4252552391182185,8.953586174944911,8.528330935826693
 추가 ,0.422481312235492,8.494053845566471,8.07157253333098
추가 ,0.422481312235492,8.494053845566471,8.07157253333098
 동의 ,0.41770803348283714,9.4925826756776,9.074874642194763
오니,0.41770803348283714,9.4925826756776,9.074874642194763
48,0.41770803348283714,9.4925826756776,9.074874642194763
오니 ,0.41770803348283714,9.4925826756776,9.074874642194763
 필요합,0.41770803348283714,9.4925826756776,9.074874642194763
관 ,0.41770803348283714,9.4925826756776,9.074874642194763
3일,0.41770803348283714,9.4925826756776,9.074874642194763
신청하,0.41770803348283714,9.4925826756776,9.074874642194763
요합,0.41770803348283714,9.4925826756776,9.074874642194763
0만 ,0.41770803348283714,9.4925826756776,9.074874642194763
까지만,0.41770803348283714,9.4925826756776,9.074874642194763
 신청하,0.41770803348283714,9.4925826756776,9.074874642194763
100,0.41770803348283714,9.4925826756776,9.074874642194763
 캐시,0.41770803348283714,9.4925826756776,9.074874642194763
필요합,0.41770803348283714,9.4925826756776,9.074874642194763
요합니다,0.41770803348283714,9.4925826756776,9.074874642194763
요합니,0.41770803348283714,9.4925826756776,9.074874642194763
필요합니,0.41770803348283714,9.4925826756776,9.074874642194763
 잘,0.41770803348283714,9.4925826756776,9.074874642194763
90,0.41770803348283714,9.4925826756776,9.074874642194763
까지만 ,0.41770803348283714,9.4925826756776,9.074874642194763
동의 ,0.41770803348283714,9.4925826756776,9.074874642194763
 되었,0.41770803348283714,9.4925826756776,9.074874642194763
해야,0.41770803348283714,9.4925826756776,9.074874642194763
청하,0.41770803348283714,9.4925826756776,9.074874642194763
46,0.41770803348283714,9.4925826756776,9.074874642194763
추가,0.41770803348283536,8.393970387009489,7.9762623535266535
송 ,0.41770803348283536,8.393970387009489,7.9762623535266535
 추가,0.41770803348283536,8.393970387009489,7.9762623535266535
 <,0.4141782027793113,6.57868042037124,6.164502217591929
세요.,0.41201001236819756,7.972756921933185,7.560746909564988
(15,0.40755566201881877,9.241268247396693,8.833712585377874
 여,0.407555662018817,8.548121066836748,8.14056540481793
57,0.40104098099762453,9.040597551934543,8.639556570936918
55,0.40104098099762453,9.040597551934543,8.639556570936918
 예정,0.39650582583223226,8.873543467271375,8.477037641439143
 가능,0.3931669245667182,8.037295443070757,7.644128518504039
세요. ,0.39180730505067807,7.972756921933185,7.580949616882507
자 ,0.3818833069646903,8.004505620247766,7.622622313283076
 확인하,0.37118801784794364,8.799435495117654,8.42824747726971
39,0.37118801784794364,9.359051283053077,8.987863265205133
 아래,0.37118801784794364,8.799435495117654,8.42824747726971
안내드립,0.37118801784794364,9.359051283053077,8.987863265205133
경우 ,0.37118801784794364,8.665904102493132,8.294716084645188
바로,0.37118801784794364,8.665904102493132,8.294716084645188
1월 ,0.37118801784794364,9.359051283053077,8.987863265205133
확인하,0.37118801784794364,8.799435495117654,8.42824747726971
27,0.37118801784794364,9.359051283053077,8.987863265205133
아래,0.37118801784794364,8.799435495117654,8.42824747726971
의:,0.37118801784794186,9.646733355504857,9.275545337656915
귀하의,0.37118801784794186,9.646733355504857,9.275545337656915
 1년 ,0.37118801784794186,9.646733355504857,9.275545337656915
대한 ,0.37118801784794186,9.646733355504857,9.275545337656915
 알림 ,0.37118801784794186,9.646733355504857,9.275545337656915
신청일,0.37118801784794186,9.646733355504857,9.275545337656915
수신한 ,0.37118801784794186,9.646733355504857,9.275545337656915
 문의처,0.37118801784794186,9.646733355504857,9.275545337656915
 5천,0.37118801784794186,9.646733355504857,9.275545337656915
되오,0.37118801784794186,9.646733355504857,9.275545337656915
5천,0.37118801784794186,9.646733355504857,9.275545337656915
행에,0.37118801784794186,9.646733355504857,9.275545337656915
1년 ,0.37118801784794186,9.646733355504857,9.275545337656915
 수신한,0.37118801784794186,9.646733355504857,9.275545337656915
 1년,0.37118801784794186,9.646733355504857,9.275545337656915
손 ,0.37118801784794186,9.646733355504857,9.275545337656915
1일(,0.37118801784794186,9.646733355504857,9.275545337656915
1일 ,0.37118801784794186,9.646733355504857,9.275545337656915
외에,0.37118801784794186,9.646733355504857,9.275545337656915
기획,0.37118801784794186,9.646733355504857,9.275545337656915
의처,0.37118801784794186,9.646733355504857,9.275545337656915
 링크에,0.37118801784794186,9.646733355504857,9.275545337656915
청일,0.37118801784794186,9.646733355504857,9.275545337656915
 정보 ,0.37118801784794186,9.646733355504857,9.275545337656915
분증 ,0.37118801784794186,9.646733355504857,9.275545337656915
 [20,0.37118801784794186,9.646733355504857,9.275545337656915
되오니,0.37118801784794186,9.646733355504857,9.275545337656915
 신청일,0.37118801784794186,9.646733355504857,9.275545337656915
10년,0.37118801784794186,9.646733355504857,9.275545337656915
100%,0.37118801784794186,9.646733355504857,9.275545337656915
되오니 ,0.37118801784794186,9.646733355504857,9.275545337656915
내용을,0.37118801784794186,9.646733355504857,9.275545337656915
락 ,0.37118801784794186,9.646733355504857,9.275545337656915
3 ,0.37118801784794186,9.646733355504857,9.275545337656915
[202,0.37118801784794186,9.646733355504857,9.275545337656915
르는 ,0.37118801784794186,9.646733355504857,9.275545337656915
르는,0.37118801784794186,9.646733355504857,9.275545337656915
 강,0.37118801784794186,9.646733355504857,9.275545337656915
[20,0.37118801784794186,9.646733355504857,9.275545337656915
기대,0.37118801784794186,9.646733355504857,9.275545337656915
주말,0.37118801784794186,9.646733355504857,9.275545337656915
일(,0.37118801784794186,9.646733355504857,9.275545337656915
료하지 ,0.37118801784794186,9.646733355504857,9.275545337656915
료하지,0.37118801784794186,9.646733355504857,9.275545337656915
료하,0.37118801784794186,9.646733355504857,9.275545337656915
42,0.37118801784794186,9.646733355504857,9.275545337656915
 방금 ,0.37118801784794186,9.646733355504857,9.275545337656915
0년 ,0.37118801784794186,9.646733355504857,9.275545337656915
만원(,0.37118801784794186,9.646733355504857,9.275545337656915
수신한,0.37118801784794186,9.646733355504857,9.275545337656915
연락 ,0.37118801784794186,9.646733355504857,9.275545337656915
인되어,0.37118801784794186,9.646733355504857,9.275545337656915
인되어 ,0.37118801784794186,9.646733355504857,9.275545337656915
쿠팡,0.37118801784794186,9.135907731738866,8.764719713890925
알림 ,0.37118801784794186,9.646733355504857,9.275545337656915
년간 ,0.37118801784794186,9.646733355504857,9.275545337656915
년간,0.37118801784794186,9.646733355504857,9.275545337656915
 01월,0.37118801784794186,9.646733355504857,9.275545337656915
택배],0.37118801784794186,9.646733355504857,9.275545337656915
택배] ,0.37118801784794186,9.646733355504857,9.275545337656915
타사,0.37118801784794186,9.646733355504857,9.275545337656915
"환, ",0.37118801784794186,9.646733355504857,9.275545337656915
474,0.37118801784794186,9.646733355504857,9.275545337656915
확인되어,0.37118801784794186,9.646733355504857,9.275545337656915
 대한 ,0.37118801784794186,9.646733355504857,9.275545337656915
방금,0.37118801784794186,9.646733355504857,9.275545337656915
te,0.37118801784794186,9.646733355504857,9.275545337656915
신분증 ,0.37118801784794186,9.646733355504857,9.275545337656915
방금 ,0.37118801784794186,9.646733355504857,9.275545337656915
2일 ,0.37118801784794186,9.646733355504857,9.275545337656915
"환,",0.37118801784794186,9.646733355504857,9.275545337656915
0(,0.37118801784794186,9.646733355504857,9.275545337656915
 귀하의,0.37118801784794186,9.646733355504857,9.275545337656915
링크에,0.37118801784794186,9.646733355504857,9.275545337656915
면으,0.37118801784794186,9.646733355504857,9.275545337656915
 기대,0.37118801784794186,9.646733355504857,9.275545337656915
물가,0.37118801784794186,9.646733355504857,9.275545337656915
문의:,0.37118801784794186,9.646733355504857,9.275545337656915
-52,0.37118801784794186,9.646733355504857,9.275545337656915
기(,0.37118801784794186,9.646733355504857,9.275545337656915
 연락 ,0.37118801784794186,9.646733355504857,9.275545337656915
면으로 ,0.37118801784794186,9.646733355504857,9.275545337656915
면으로,0.37118801784794186,9.646733355504857,9.275545337656915
 없이,0.37118801784794186,9.646733355504857,9.275545337656915
상자 ,0.37118801784794186,9.646733355504857,9.275545337656915
01월,0.37118801784794186,9.646733355504857,9.275545337656915
감이,0.37118801784794186,9.646733355504857,9.275545337656915
감이 ,0.37118801784794186,9.646733355504857,9.275545337656915
 기획,0.37118801784794186,9.646733355504857,9.275545337656915
문의처,0.37118801784794186,9.646733355504857,9.275545337656915
내용을 ,0.37118801784794186,9.646733355504857,9.275545337656915
000,0.37118801784794186,8.953586174944911,8.58239815709697
배] ,0.37118801784794186,9.646733355504857,9.275545337656915
-5,0.37118801784794186,9.646733355504857,9.275545337656915
 ☎,0.37118801784794186,9.646733355504857,9.275545337656915
00%,0.37118801784794186,9.646733355504857,9.275545337656915
 없이 ,0.37118801784794186,9.646733355504857,9.275545337656915
 물가,0.37118801784794186,9.646733355504857,9.275545337656915
기타,0.37118801784794186,9.646733355504857,9.275545337656915
 10년,0.37118801784794186,9.646733355504857,9.275545337656915
 방금,0.37118801784794186,9.646733355504857,9.275545337656915
가스,0.37118801784794186,9.646733355504857,9.275545337656915
니다.,0.3579427910979218,6.414612303886636,6.056669512788714
다.,0.34930530659843484,6.401540222319283,6.052234915720848
서 ,0.3476575204377488,6.984145528479405,6.636488008041656
 한국,0.34041635918119084,9.040597551934543,8.700181192753352
입니다 ,0.34041635918119084,9.040597551934543,8.700181192753352
2월,0.3334476898650962,9.241268247396693,8.907820557531597
 많은 ,0.3334476898650962,9.241268247396693,8.907820557531597
 모바일,0.3334476898650962,8.548121066836748,8.214673376971652
 모바,0.3334476898650962,8.548121066836748,8.214673376971652
주 ,0.3334476898650962,9.241268247396693,8.907820557531597
많은 ,0.3334476898650962,9.241268247396693,8.907820557531597
많은,0.3334476898650962,9.241268247396693,8.907820557531597
스트,0.3334476898650962,9.241268247396693,8.907820557531597
957,0.3334476898650962,9.241268247396693,8.907820557531597
3만 ,0.3334476898650962,9.241268247396693,8.907820557531597
 많은,0.3334476898650962,9.241268247396693,8.907820557531597
 바로,0.328628403429148,8.665904102493132,8.337275699063984
원) ,0.3223978536785115,9.4925826756776,9.170184821999088
 6월,0.3223978536785115,9.4925826756776,9.170184821999088
 /,0.3223978536785115,9.4925826756776,9.170184821999088
12월 ,0.3223978536785115,9.4925826756776,9.170184821999088
6월,0.3223978536785115,9.4925826756776,9.170184821999088
5일,0.3223978536785115,9.4925826756776,9.170184821999088
소를,0.3223978536785115,9.4925826756776,9.170184821999088
5일 ,0.3223978536785115,9.4925826756776,9.170184821999088
3일 ,0.3223978536785115,9.4925826756776,9.170184821999088
보유,0.3223978536785115,9.4925826756776,9.170184821999088
소지,0.3223978536785115,9.4925826756776,9.170184821999088
 잘 ,0.3223978536785115,9.4925826756776,9.170184821999088
소를 ,0.3223978536785115,9.4925826756776,9.170184821999088
 1일,0.3223978536785115,9.4925826756776,9.170184821999088
 100,0.3223978536785115,9.4925826756776,9.170184821999088
기에 ,0.3223978536785115,9.4925826756776,9.170184821999088
1번,0.3223978536785115,9.4925826756776,9.170184821999088
리겠,0.3223978536785115,9.4925826756776,9.170184821999088
드리겠,0.3223978536785115,9.4925826756776,9.170184821999088
리겠습,0.3223978536785115,9.4925826756776,9.170184821999088
리겠습니,0.3223978536785115,9.4925826756776,9.170184821999088
가지 ,0.3223978536785115,9.4925826756776,9.170184821999088
 보유,0.3223978536785115,9.4925826756776,9.170184821999088
있어 ,0.3223978536785115,9.4925826756776,9.170184821999088
 있어 ,0.3223978536785115,9.4925826756776,9.170184821999088
 12월,0.3223978536785115,9.4925826756776,9.170184821999088
[1,0.3223978536785115,9.4925826756776,9.170184821999088
용을 ,0.3223978536785115,9.4925826756776,9.170184821999088
터로,0.3223978536785115,9.4925826756776,9.170184821999088
예산,0.3223978536785115,9.4925826756776,9.170184821999088
용을,0.3223978536785115,9.4925826756776,9.170184821999088
드리겠습,0.3223978536785115,9.4925826756776,9.170184821999088
 건강,0.3223978536785115,9.4925826756776,9.170184821999088
잘 ,0.3223978536785115,9.4925826756776,9.170184821999088
. ,0.3220553292702979,5.7617390224646305,5.439683693194333
로 ,0.31780014442988147,6.747144942503769,6.429344798073887
국 ,0.3140296040079935,8.953586174944911,8.639556570936918
 ~ ,0.3140296040079935,8.953586174944911,8.639556570936918
 상담,0.3105633960315082,8.605279480676696,8.294716084645188
품 ,0.3105633960315082,8.605279480676696,8.294716084645188
됩니다,0.30866766086660924,8.347450371374597,8.038782710507988
됩니,0.30866766086660924,8.347450371374597,8.038782710507988
보 ,0.30866766086660924,8.347450371374597,8.038782710507988
통운 ,0.302195146360992,9.829054912298812,9.52685976593782
(2일 ,0.302195146360992,9.829054912298812,9.52685976593782
(2일,0.302195146360992,9.829054912298812,9.52685976593782
 직,0.302195146360992,9.135907731738866,8.833712585377874
 (2일,0.302195146360992,9.829054912298812,9.52685976593782
한통운 ,0.302195146360992,9.829054912298812,9.52685976593782
 더,0.302195146360992,9.135907731738866,8.833712585377874
 금,0.3021951463609902,8.442760551178921,8.14056540481793
제 ,0.2959645966103537,8.302998608803762,8.007034012193408
 있습니,0.2942269767118155,8.548121066836748,8.253894090124932
 있습,0.2942269767118155,8.548121066836748,8.253894090124932
접수,0.2911453101744055,8.873543467271375,8.58239815709697
력 ,0.2911453101744055,8.873543467271375,8.58239815709697
하고,0.289509986833675,7.912132300116751,7.622622313283076
요? ,0.2841766408583144,9.359051283053077,9.074874642194763
 동의,0.2841766408583144,9.359051283053077,9.074874642194763
실패 ,0.2841766408583144,9.359051283053077,9.074874642194763
 캐,0.2841766408583144,9.359051283053077,9.074874642194763
실패,0.2841766408583144,9.359051283053077,9.074874642194763
패 ,0.2841766408583144,9.359051283053077,9.074874642194763
백 ,0.2841766408583144,9.359051283053077,9.074874642194763
문의 ,0.2841766408583144,9.359051283053077,9.074874642194763
험 ,0.2841766408583144,9.359051283053077,9.074874642194763
동의,0.2841766408583144,9.359051283053077,9.074874642194763
 실패 ,0.2841766408583144,9.359051283053077,9.074874642194763
 처리,0.2841766408583144,9.359051283053077,9.074874642194763
 실패,0.2841766408583144,9.359051283053077,9.074874642194763
vi,0.2841766408583144,9.359051283053077,9.074874642194763
 개인,0.2793804685948196,8.494053845566471,8.214673376971652
상환,0.275877838043618,8.347450371374597,8.07157253333098
 운,0.275877838043618,9.040597551934543,8.764719713890925
자에,0.275877838043618,9.040597551934543,8.764719713890925
하고 ,0.26800378161271166,7.912132300116751,7.644128518504039
니다. ,0.2676909394390359,6.504018891602221,6.236327952163185
대 ,0.26582750219011686,8.442760551178921,8.176933048988804
 제,0.26245481771147716,7.431159639500441,7.168704821788964
일 ,0.25948402826794137,7.031773577468659,6.772289549200718
다. ,0.2587100344212523,6.489732934354744,6.231022899933492
 네,0.2534049821915598,9.646733355504857,9.393328373313297
 발신,0.2534049821915598,9.646733355504857,9.393328373313297
안전,0.2534049821915598,9.646733355504857,9.393328373313297
 진심,0.2534049821915598,9.241268247396693,8.987863265205133
금),0.2534049821915598,9.646733355504857,9.393328373313297
무료로,0.2534049821915598,9.241268247396693,8.987863265205133
안내드,0.2534049821915598,9.241268247396693,8.987863265205133
무료로 ,0.2534049821915598,9.241268247396693,8.987863265205133
 무료로,0.2534049821915598,9.241268247396693,8.987863265205133
자가,0.2534049821915598,9.646733355504857,9.393328373313297
7***,0.2534049821915598,9.646733355504857,9.393328373313297
이버,0.2534049821915598,9.646733355504857,9.393328373313297
네이버,0.2534049821915598,9.646733355504857,9.393328373313297
림. ,0.2534049821915598,9.646733355504857,9.393328373313297
림.,0.2534049821915598,9.646733355504857,9.393328373313297
한국,0.2534049821915598,8.953586174944911,8.700181192753352
하였습니,0.2534049821915598,9.646733355504857,9.393328373313297
하였습,0.2534049821915598,9.646733355504857,9.393328373313297
하였,0.2534049821915598,9.646733355504857,9.393328373313297
있어?,0.2534049821915598,9.646733355504857,9.393328373313297
-7,0.2534049821915598,8.953586174944911,8.700181192753352
네이,0.2534049821915598,9.646733355504857,9.393328373313297
있어? ,0.2534049821915598,9.646733355504857,9.393328373313297
귀하의 ,0.2534049821915598,9.646733355504857,9.393328373313297
진심,0.2534049821915598,9.241268247396693,8.987863265205133
료로 ,0.2534049821915598,9.241268247396693,8.987863265205133
료로,0.2534049821915598,9.241268247396693,8.987863265205133
 도착,0.2534049821915598,9.241268247396693,8.987863265205133
14일,0.2534049821915598,9.646733355504857,9.393328373313297
49,0.2534049821915598,9.646733355504857,9.393328373313297
~ ,0.25340498219155805,8.260438994384966,8.007034012193408
고 ,0.24530777195893982,7.311358439687821,7.066050667728881
수 ,0.24270969307481138,7.588345223022854,7.3456355299480425
 0,0.24197628636793667,7.654303190814651,7.412326904446714
가능,0.24113488959974472,7.724920758028604,7.48378586842886
있습니다,0.2401597554415389,8.494053845566471,8.253894090124932
있습니,0.2401597554415389,8.494053845566471,8.253894090124932
있습,0.2401597554415389,8.494053845566471,8.253894090124932
 입,0.23901624473945926,7.883144763243498,7.644128518504039
 ~,0.23398689633445713,8.873543467271375,8.639556570936918
 달,0.22808717420726943,9.135907731738866,8.907820557531597
 보세,0.22808717420726943,9.135907731738866,8.907820557531597
매일 ,0.22808717420726943,9.135907731738866,8.907820557531597
송완,0.22808717420726943,9.135907731738866,8.907820557531597
먼트,0.22808717420726943,9.135907731738866,8.907820557531597
바일 ,0.22808717420726943,8.442760551178921,8.214673376971652
 함께하,0.22808717420726943,9.135907731738866,8.907820557531597
송완료,0.22808717420726943,9.135907731738866,8.907820557531597
 보세요,0.22808717420726943,9.135907731738866,8.907820557531597
함께하,0.22808717420726943,9.135907731738866,8.907820557531597
보세요,0.22808717420726943,9.135907731738866,8.907820557531597
보세,0.22808717420726943,9.135907731738866,8.907820557531597
부터 ,0.22808717420726943,9.135907731738866,8.907820557531597
께하,0.22808717420726943,9.135907731738866,8.907820557531597
 재,0.22808717420726943,9.135907731738866,8.907820557531597
모바일 ,0.22808717420726943,8.442760551178921,8.214673376971652
지도,0.22808717420726943,9.135907731738866,8.907820557531597
 물,0.22355201904187894,8.605279480676696,8.381727461634817
 수 ,0.22355201904187805,7.912132300116751,7.688580281074873
요. ,0.2189188061203895,7.360955380827193,7.142036574706803
지원금,0.2170373380206847,9.4925826756776,9.275545337656915
하시기,0.2170373380206847,9.4925826756776,9.275545337656915
하시기 ,0.2170373380206847,9.4925826756776,9.275545337656915
46 ,0.2170373380206847,9.4925826756776,9.275545337656915
원금,0.2170373380206847,9.4925826756776,9.275545337656915
 돼,0.2170373380206847,9.4925826756776,9.275545337656915
경 ,0.2170373380206847,9.4925826756776,9.275545337656915
터로 ,0.2170373380206847,9.4925826756776,9.275545337656915
림 ,0.2170373380206847,9.4925826756776,9.275545337656915
""" ",0.2170373380206847,9.4925826756776,9.275545337656915
폰이,0.2170373380206847,9.4925826756776,9.275545337656915
별도,0.2170373380206847,9.4925826756776,9.275545337656915
롯데택배,0.2170373380206847,9.4925826756776,9.275545337656915
 09,0.2170373380206847,9.4925826756776,9.275545337656915
0년,0.2170373380206847,9.4925826756776,9.275545337656915
변경 ,0.2170373380206847,9.4925826756776,9.275545337656915
롯데택,0.2170373380206847,9.4925826756776,9.275545337656915
 별도,0.2170373380206847,9.4925826756776,9.275545337656915
하의,0.2170373380206847,9.4925826756776,9.275545337656915
2일,0.2170373380206847,9.4925826756776,9.275545337656915
8만 ,0.2170373380206847,9.4925826756776,9.275545337656915
용이 ,0.2170373380206847,9.4925826756776,9.275545337656915
65,0.2170373380206847,9.4925826756776,9.275545337656915
어? ,0.2170373380206847,9.4925826756776,9.275545337656915
 소식,0.2170373380206847,9.4925826756776,9.275545337656915
7.,0.2170373380206847,9.4925826756776,9.275545337656915
 40,0.2170373380206847,9.4925826756776,9.275545337656915
데택,0.2170373380206847,9.4925826756776,9.275545337656915
-2,0.2170373380206847,9.4925826756776,9.275545337656915
소식,0.2170373380206847,9.4925826756776,9.275545337656915
 빠,0.2170373380206847,9.4925826756776,9.275545337656915
데택배,0.2170373380206847,9.4925826756776,9.275545337656915
 변경 ,0.2170373380206847,9.4925826756776,9.275545337656915
89,0.2170373380206847,9.4925826756776,9.275545337656915
속 ,0.2170373380206847,9.4925826756776,9.275545337656915
발송되었,0.2170373380206847,9.4925826756776,9.275545337656915
용이,0.2170373380206847,9.4925826756776,9.275545337656915
번호,0.2170373380206838,7.546672526622285,7.329635188601602
안내,0.21418426903827825,7.774931178603266,7.560746909564988
 개,0.21258298767130412,8.219616999864712,8.007034012193408
랍니다.,0.21258298767130412,8.219616999864712,8.007034012193408
착순,0.2068849665566681,9.040597551934543,8.833712585377874
에요 ,0.2068849665566681,9.040597551934543,8.833712585377874
금융거래,0.2068849665566681,9.040597551934543,8.833712585377874
이에요 ,0.2068849665566681,9.040597551934543,8.833712585377874
금융거,0.2068849665566681,9.040597551934543,8.833712585377874
융거래,0.2068849665566681,9.040597551934543,8.833712585377874
이에요,0.2068849665566681,9.040597551934543,8.833712585377874
선착,0.2068849665566681,9.040597551934543,8.833712585377874
선착순,0.2068849665566681,9.040597551934543,8.833712585377874
운 ,0.2068849665566681,9.040597551934543,8.833712585377874
융거,0.2068849665566681,9.040597551934543,8.833712585377874
 한정,0.2068849665566681,9.040597551934543,8.833712585377874
한정,0.2068849665566681,9.040597551934543,8.833712585377874
95,0.2068849665566681,9.040597551934543,8.833712585377874
바랍,0.20413393318477624,8.18039628671143,7.9762623535266535
랍니,0.20413393318477624,8.18039628671143,7.9762623535266535
랍니다,0.20413393318477624,8.18039628671143,7.9762623535266535
입니다.,0.20413393318477624,8.18039628671143,7.9762623535266535
 (,0.2036815468391291,7.233800205341947,7.0301186585028175
면 ,0.20305109604594396,7.413141133997763,7.210090037951819
 들,0.20211168780400968,8.730442623630703,8.528330935826693
부 ,0.19752452379710128,8.302998608803762,8.10547408500666
만 ,0.19624656835161058,7.449508778168638,7.253262209817027
 후,0.19456448216862565,7.883144763243498,7.688580281074873
팡 ,0.18886646105398874,9.359051283053077,9.170184821999088
정되,0.18886646105398874,9.359051283053077,9.170184821999088
 신분,0.18886646105398874,9.359051283053077,9.170184821999088
원),0.18886646105398874,9.359051283053077,9.170184821999088
12월,0.18886646105398874,9.359051283053077,9.170184821999088
쿠팡 ,0.18886646105398874,9.359051283053077,9.170184821999088
배송 ,0.18886646105398874,8.442760551178921,8.253894090124932
0.,0.18886646105398874,9.359051283053077,9.170184821999088
 연락,0.18886646105398697,8.953586174944911,8.764719713890925
 있,0.1863942719085987,7.044043670060473,6.8576493981518745
20,0.1847764758024626,7.546672526622285,7.361896050819823
 상품,0.18143148256647024,7.449508778168638,7.2680772956021675
문의,0.17544344072184792,8.037295443070757,7.861852002348909
5 ,0.17336227451802344,8.873543467271375,8.700181192753352
13,0.17336227451802344,8.873543467271375,8.700181192753352
바랍니,0.17336227451802166,8.18039628671143,8.007034012193408
바랍니다,0.17336227451802166,8.18039628671143,8.007034012193408
 우,0.17051732238579298,8.347450371374597,8.176933048988804
요?,0.16639360520193058,9.241268247396693,9.074874642194763
께 ,0.16639360520193058,8.548121066836748,8.381727461634817
가입 ,0.16639360520193058,9.241268247396693,9.074874642194763
확인 ,0.16639360520193058,8.548121066836748,8.381727461634817
 안내드,0.16639360520193058,9.241268247396693,9.074874642194763
기한,0.16639360520193058,9.241268247396693,9.074874642194763
입 ,0.16639360520193058,9.241268247396693,9.074874642194763
안 ,0.16639360520193058,9.241268247396693,9.074874642194763
 연,0.1663936052019288,8.142655958728582,7.9762623535266535
 신,0.1643936045352632,6.9276333182160625,6.763239713680799
니다,0.16354865306969835,6.026846772877873,5.863298119808174
 상,0.16121492972347795,6.961156010254705,6.7999410805312275
하지 ,0.15987892418073635,8.799435495117654,8.639556570936918
사 ,0.15987892418073635,8.799435495117654,8.639556570936918
방법,0.15987892418073635,8.799435495117654,8.639556570936918
결과 ,0.14804446653373304,9.135907731738866,8.987863265205133
겠습,0.14804446653373304,9.135907731738866,8.987863265205133
도착,0.14804446653373304,9.135907731738866,8.987863265205133
 소멸,0.14804446653373304,8.730442623630703,8.58239815709697
7월,0.14804446653373304,9.829054912298812,9.681010445765079
이체 ,0.14804446653373304,8.730442623630703,8.58239815709697
하여 ,0.14804446653373304,8.219616999864712,8.07157253333098
겠습니,0.14804446653373304,9.135907731738866,8.987863265205133
겠습니다,0.14804446653373304,9.135907731738866,8.987863265205133
 되어,0.14804446653373304,8.730442623630703,8.58239815709697
1월,0.14804446653373304,9.135907731738866,8.987863265205133
소멸,0.14804446653373304,8.730442623630703,8.58239815709697
2만 ,0.14804446653373304,9.135907731738866,8.987863265205133
 7월,0.14804446653373304,9.829054912298812,9.681010445765079
00,0.14530848671485863,7.327618960559601,7.182310473844742
 3,0.14477114118876333,7.506667192008586,7.361896050819823
전 ,0.14007629688455658,8.393970387009489,8.253894090124932
되어 ,0.1375731666664386,8.665904102493132,8.528330935826693
 위,0.1347992397837121,7.800906665006527,7.6661074252228145
어요!,0.13277699440294555,9.040597551934543,8.907820557531597
 202,0.13277699440294555,8.347450371374597,8.214673376971652
착순 ,0.13277699440294555,9.040597551934543,8.907820557531597
30-,0.13277699440294555,9.040597551934543,8.907820557531597
가시,0.13277699440294555,9.040597551934543,8.907820557531597
 선착,0.13277699440294555,9.040597551934543,8.907820557531597
(1,0.13277699440294555,8.347450371374597,8.214673376971652
부터,0.13277699440294555,9.040597551934543,8.907820557531597
 되,0.13277699440294555,8.347450371374597,8.214673376971652
어요! ,0.13277699440294555,9.040597551934543,8.907820557531597
 선착순,0.13277699440294555,9.040597551934543,8.907820557531597
외 ,0.13277699440294555,9.040597551934543,8.907820557531597
선착순 ,0.13277699440294555,9.040597551934543,8.907820557531597
입니,0.13080266009922692,7.774931178603266,7.644128518504039
시면,0.12824183923755328,7.912132300116751,7.7838904608791974
 주,0.1273642612961945,7.395441556898362,7.2680772956021675
 2,0.12311508349120714,6.961156010254705,6.838040926763498
상품,0.12229197043131812,7.360955380827193,7.2386634103958745
부탁해,0.11987358956703709,9.646733355504857,9.52685976593782
97,0.11987358956703709,9.646733355504857,9.52685976593782
전하,0.11987358956703709,9.646733355504857,9.52685976593782
자가 ,0.11987358956703709,9.646733355504857,9.52685976593782
및 ,0.11987358956703709,8.037295443070757,7.91742185350372
받을,0.11987358956703709,8.953586174944911,8.833712585377874
받을 ,0.11987358956703709,8.953586174944911,8.833712585377874
10만,0.11987358956703709,8.953586174944911,8.833712585377874
 부탁해,0.11987358956703709,9.646733355504857,9.52685976593782
대한,0.11987358956703709,8.953586174944911,8.833712585377874
이에,0.11987358956703709,8.953586174944911,8.833712585377874
여름,0.11987358956703709,9.646733355504857,9.52685976593782
탁해,0.11987358956703709,9.646733355504857,9.52685976593782
 배달,0.11987358956703709,9.646733355504857,9.52685976593782
임 ,0.11987358956703709,8.953586174944911,8.833712585377874
나 ,0.11232638393165395,8.494053845566471,8.381727461634817
 혜택,0.11232638393165395,8.494053845566471,8.381727461634817
입니다,0.10882375338045147,7.774931178603266,7.6661074252228145
 자,0.10882375338045147,7.774931178603266,7.6661074252228145
운송,0.10882375338045058,8.873543467271375,8.764719713890925
거래,0.10882375338045058,8.873543467271375,8.764719713890925
장 ,0.10882375338045058,8.18039628671143,8.07157253333098
운송장,0.10882375338045058,8.873543467271375,8.764719713890925
 도,0.10882375338045058,8.873543467271375,8.764719713890925
해줘,0.09925430236430266,9.4925826756776,9.393328373313297
이라,0.09925430236430266,9.4925826756776,9.393328373313297
 보이,0.09925430236430266,9.4925826756776,9.393328373313297
으니 ,0.09925430236430266,9.4925826756776,9.393328373313297
/ ,0.09925430236430266,9.4925826756776,9.393328373313297
 타인,0.09925430236430266,9.4925826756776,9.393328373313297
 25,0.09925430236430266,9.4925826756776,9.393328373313297
 코드,0.09925430236430266,9.4925826756776,9.393328373313297
94,0.09925430236430266,9.4925826756776,9.393328373313297
나와,0.09925430236430266,9.4925826756776,9.393328373313297
을금,0.09925430236430266,9.4925826756776,9.393328373313297
 코,0.09925430236430266,9.4925826756776,9.393328373313297
하의 ,0.09925430236430266,9.4925826756776,9.393328373313297
을금고,0.09925430236430266,9.4925826756776,9.393328373313297
7**,0.09925430236430266,9.4925826756776,9.393328373313297
시고 ,0.09925430236430266,9.4925826756776,9.393328373313297
 [1,0.09925430236430266,9.4925826756776,9.393328373313297
한진,0.09925430236430266,9.4925826756776,9.393328373313297
한진택,0.09925430236430266,9.4925826756776,9.393328373313297
한진택배,0.09925430236430266,9.4925826756776,9.393328373313297
금고,0.09925430236430266,9.4925826756776,9.393328373313297
타인,0.09925430236430266,9.4925826756776,9.393328373313297
새마,0.09925430236430266,9.4925826756776,9.393328373313297
새마을,0.09925430236430266,9.4925826756776,9.393328373313297
sk,0.09925430236430266,9.4925826756776,9.393328373313297
마을금고,0.09925430236430266,9.4925826756776,9.393328373313297
마을금,0.09925430236430266,9.4925826756776,9.393328373313297
4.,0.09925430236430266,9.4925826756776,9.393328373313297
마을,0.09925430236430266,9.4925826756776,9.393328373313297
많이,0.09925430236430266,9.4925826756776,9.393328373313297
3-,0.09925430236430266,9.4925826756776,9.393328373313297
코드,0.09925430236430266,9.4925826756776,9.393328373313297
 식,0.09925430236430266,9.4925826756776,9.393328373313297
새마을금,0.09925430236430266,9.4925826756776,9.393328373313297
립니다 ,0.09925430236430266,9.4925826756776,9.393328373313297
 힘,0.09925430236430266,9.4925826756776,9.393328373313297
만원,0.09675117214618201,7.526469819304766,7.429718647158584
has_amount,0.09355628124966309,7.654303190814651,7.560746909564988
 및,0.09088605269378469,8.037295443070757,7.946409390376973
 및 ,0.09088605269378469,8.037295443070757,7.946409390376973
 대,0.09088605269378469,7.631830334962593,7.540944282268808
 난,0.08350594539616196,9.359051283053077,9.275545337656915
 시간 ,0.08350594539616196,9.359051283053077,9.275545337656915
 정부,0.08350594539616196,9.359051283053077,9.275545337656915
 남,0.08350594539616196,9.359051283053077,9.275545337656915
 발송되,0.08350594539616196,9.359051283053077,9.275545337656915
분증,0.08350594539616196,9.359051283053077,9.275545337656915
신분증,0.08350594539616196,9.359051283053077,9.275545337656915
발송되,0.08350594539616196,9.359051283053077,9.275545337656915
080,0.08350594539616196,9.359051283053077,9.275545337656915
 신분증,0.08350594539616196,9.359051283053077,9.275545337656915
체 ,0.08350594539616196,8.665904102493132,8.58239815709697
8만,0.08350594539616196,9.359051283053077,9.275545337656915
4만 ,0.08350594539616196,9.359051283053077,9.275545337656915
 080,0.08350594539616196,9.359051283053077,9.275545337656915
연장 ,0.08350594539616196,9.359051283053077,9.275545337656915
 확인 ,0.08350594539616196,8.665904102493132,8.58239815709697
어?,0.08350594539616196,9.359051283053077,9.275545337656915
 안내,0.08013326091752226,7.941985263266432,7.861852002348909
is_long_text,0.07820089316646861,7.007676025889599,6.92947513272313
래 ,0.07694854485000313,8.605279480676696,8.528330935826693
기관,0.07694854485000313,8.605279480676696,8.528330935826693
0-,0.07694854485000224,7.912132300116751,7.8351837552667485
준 ,0.07108342539760493,9.241268247396693,9.170184821999088
가지,0.07108342539760493,9.241268247396693,9.170184821999088
 하는,0.07108342539760493,9.241268247396693,9.170184821999088
 타,0.07108342539760493,9.241268247396693,9.170184821999088
기에,0.07108342539760493,9.241268247396693,9.170184821999088
 선택,0.07108342539760493,9.241268247396693,9.170184821999088
내역,0.07108342539760493,9.241268247396693,9.170184821999088
선택,0.07108342539760493,9.241268247396693,9.170184821999088
 08,0.07108342539760493,9.241268247396693,9.170184821999088
 금융,0.07108342539760493,8.548121066836748,8.477037641439143
되어,0.07108342539760315,8.142655958728582,8.07157253333098
부탁드,0.06580636829676045,8.494053845566471,8.42824747726971
탁드,0.06580636829676045,8.494053845566471,8.42824747726971
 매,0.06580636829676045,8.494053845566471,8.42824747726971
켓 ,0.0610330895441038,9.135907731738866,9.074874642194763
 12,0.0610330895441038,9.135907731738866,9.074874642194763
혜택,0.0610330895441038,8.442760551178921,8.381727461634817
지만,0.0610330895441038,9.135907731738866,9.074874642194763
12,0.0610330895441038,8.442760551178921,8.381727461634817
지만 ,0.0610330895441038,9.135907731738866,9.074874642194763
 방,0.05669468794550525,8.393970387009489,8.337275699063984
 해외,0.05273428672940916,9.040597551934543,8.987863265205133
63,0.05273428672940916,9.040597551934543,8.987863265205133
 단,0.05273428672940916,9.040597551934543,8.987863265205133
해외,0.05273428672940916,9.040597551934543,8.987863265205133
인 ,0.05088071808008543,7.631830334962593,7.580949616882507
과 ,0.050280297767841375,7.912132300116751,7.861852002348909
 시 ,0.04910451867882948,8.302998608803762,8.253894090124932
습니,0.04796100797674985,7.189997582683553,7.142036574706803
내용은 ,0.04576561741331453,8.953586174944911,8.907820557531597
순 ,0.04576561741331453,8.953586174944911,8.907820557531597
내용은,0.04576561741331453,8.953586174944911,8.907820557531597
 심,0.04576561741331453,8.953586174944911,8.907820557531597
사람,0.04576561741331453,8.953586174944911,8.907820557531597
숫자> ,0.04576561741331453,8.953586174944911,8.907820557531597
 처,0.04576561741331453,8.953586174944911,8.907820557531597
문의하,0.04576561741331453,8.953586174944911,8.907820557531597
자> ,0.04576561741331453,8.953586174944911,8.907820557531597
 문의하,0.04576561741331453,8.953586174944911,8.907820557531597
 사람,0.04576561741331453,8.953586174944911,8.907820557531597
 s,0.04576561741331453,8.953586174944911,8.907820557531597
 내용은,0.04576561741331453,8.953586174944911,8.907820557531597
어 ,0.04268395087590804,8.219616999864712,8.176933048988804
습니다.,0.03592716841302668,7.431159639500441,7.395232471087414
송장,0.0347157812267298,8.799435495117654,8.764719713890925
습니다,0.0347157812267298,7.189997582683553,7.155281801456823
문자,0.03241428423845072,8.071196994746439,8.038782710507988
수님,0.02634753155621361,8.665904102493132,8.639556570936918
하지,0.02634753155621361,8.665904102493132,8.639556570936918
: ,0.021152714679109508,6.175802635828027,6.154649921148917
 김,0.01979013101005478,8.548121066836748,8.528330935826693
 부탁드,0.01979013101005478,8.548121066836748,8.528330935826693
신][,0.017016204127328294,8.494053845566471,8.477037641439143
발신][,0.017016204127328294,8.494053845566471,8.477037641439143
][,0.017016204127328294,8.494053845566471,8.477037641439143
상 ,0.006544904260033846,8.260438994384966,8.253894090124932
10,0.004943622893059718,7.526469819304766,7.521526196411706
 마,0.0034632377226255784,8.18039628671143,8.176933048988804
 한,0.0020905539106514937,8.142655958728582,8.14056540481793
 선,-0.0003755385845405357,8.071196994746439,8.07157253333098
 이,-0.0035054315934672786,6.363319009499086,6.366824441092553
간 ,-0.006878116072106977,7.854973886276802,7.861852002348909
원 ,-0.0095844776698506,7.05646619005903,7.066050667728881
후 ,-0.014074382942702357,7.546672526622285,7.560746909564988
 모,-0.014074382942702357,7.546672526622285,7.560746909564988
센터로,-0.03427709026022008,9.4925826756776,9.52685976593782
스뱅크],-0.03427709026022008,9.359051283053077,9.393328373313297
님께서,-0.03427709026022008,9.4925826756776,9.52685976593782
 많이,-0.03427709026022008,9.4925826756776,9.52685976593782
원이 ,-0.03427709026022008,9.359051283053077,9.393328373313297
줘. ,-0.03427709026022008,9.4925826756776,9.52685976593782
줘.,-0.03427709026022008,9.4925826756776,9.52685976593782
정입니,-0.03427709026022008,9.040597551934543,9.074874642194763
정입,-0.03427709026022008,9.040597551934543,9.074874642194763
센터로 ,-0.03427709026022008,9.4925826756776,9.52685976593782
 14,-0.03427709026022008,9.359051283053077,9.393328373313297
 모두,-0.03427709026022008,8.665904102493132,8.700181192753352
4년 ,-0.03427709026022008,9.359051283053077,9.393328373313297
7*,-0.03427709026022008,9.359051283053077,9.393328373313297
 링크 ,-0.03427709026022008,9.040597551934543,9.074874642194763
 등 ,-0.03427709026022008,8.799435495117654,8.833712585377874
션 ,-0.03427709026022008,9.4925826756776,9.52685976593782
링크 ,-0.03427709026022008,9.040597551934543,9.074874642194763
보험 ,-0.03427709026022008,9.359051283053077,9.393328373313297
아서,-0.03427709026022008,9.359051283053077,9.393328373313297
예정입니,-0.03427709026022008,9.040597551934543,9.074874642194763
예정입,-0.03427709026022008,9.040597551934543,9.074874642194763
아직,-0.03427709026022008,9.4925826756776,9.52685976593782
 ] ,-0.03427709026022008,9.4925826756776,9.52685976593782
 아직,-0.03427709026022008,9.4925826756776,9.52685976593782
 경우 ,-0.03427709026022008,8.665904102493132,8.700181192753352
 회원,-0.03427709026022008,8.799435495117654,8.833712585377874
eb ,-0.03427709026022008,9.359051283053077,9.393328373313297
모두,-0.03427709026022008,8.665904102493132,8.700181192753352
류가,-0.03427709026022008,9.4925826756776,9.52685976593782
09,-0.03427709026022008,9.040597551934543,9.074874642194763
류가 ,-0.03427709026022008,9.4925826756776,9.52685976593782
03,-0.03427709026022008,9.359051283053077,9.393328373313297
p ,-0.03427709026022008,9.040597551934543,9.074874642194763
 예정입,-0.03427709026022008,9.040597551934543,9.074874642194763
일),-0.03427709026022008,9.040597551934543,9.074874642194763
꼭 ,-0.03427709026022008,9.359051283053077,9.393328373313297
일) ,-0.03427709026022008,9.040597551934543,9.074874642194763
web ,-0.03427709026022008,9.359051283053077,9.393328373313297
아서 ,-0.03427709026022008,9.359051283053077,9.393328373313297
 ],-0.03427709026022008,9.4925826756776,9.52685976593782
 초,-0.03427709026022008,9.359051283053077,9.393328373313297
뱅크 ,-0.03427709026022008,9.4925826756776,9.52685976593782
 내용,-0.03427709026022008,8.799435495117654,8.833712585377874
11월 ,-0.03427709026022008,9.359051283053077,9.393328373313297
정입니다,-0.03427709026022008,9.040597551934543,9.074874642194763
 혜,-0.03427709026022008,8.347450371374597,8.381727461634817
드렸,-0.03427709026022008,9.4925826756776,9.52685976593782
 꼭 ,-0.03427709026022008,9.359051283053077,9.393328373313297
번 ,-0.03427709026022008,8.799435495117654,8.833712585377874
24년 ,-0.03427709026022008,9.359051283053077,9.393328373313297
[ ,-0.03427709026022008,9.4925826756776,9.52685976593782
 [ ,-0.03427709026022008,9.4925826756776,9.52685976593782
 임,-0.034277090260221854,8.953586174944911,8.987863265205133
인이,-0.034277090260221854,9.135907731738866,9.170184821999088
7만 ,-0.034277090260221854,9.241268247396693,9.275545337656915
일정,-0.034277090260221854,8.953586174944911,8.987863265205133
크 ,-0.034277090260221854,8.873543467271375,8.907820557531597
 신청이,-0.034277090260221854,9.241268247396693,9.275545337656915
청기,-0.034277090260221854,9.135907731738866,9.170184821999088
신청이 ,-0.034277090260221854,9.241268247396693,9.275545337656915
아이,-0.034277090260221854,9.646733355504857,9.681010445765079
없음,-0.034277090260221854,9.135907731738866,9.170184821999088
신청이,-0.034277090260221854,9.241268247396693,9.275545337656915
(주,-0.034277090260221854,9.241268247396693,9.275545337656915
신청기,-0.034277090260221854,9.135907731738866,9.170184821999088
인하,-0.034277090260221854,8.302998608803762,8.337275699063984
) ,-0.034277090260221854,6.738012458940496,6.772289549200718
31,-0.034277090260221854,8.873543467271375,8.907820557531597
상을 ,-0.034277090260221854,9.646733355504857,9.681010445765079
상을,-0.034277090260221854,9.646733355504857,9.681010445765079
하여,-0.034277090260221854,8.004505620247766,8.038782710507988
 근,-0.034277090260221854,7.912132300116751,7.946409390376973
7만,-0.034277090260221854,9.241268247396693,9.275545337656915
 양,-0.034277090260221854,8.953586174944911,8.987863265205133
 10만,-0.034277090260221854,8.953586174944911,8.987863265205133
.1,-0.034277090260221854,9.646733355504857,9.681010445765079
가능(,-0.034277090260221854,9.135907731738866,9.170184821999088
객님,-0.034277090260221854,7.854973886276802,7.889250976537024
인이 ,-0.034277090260221854,9.135907731738866,9.170184821999088
하게 ,-0.034277090260221854,8.873543467271375,8.907820557531597
고객님,-0.034277090260221854,7.854973886276802,7.889250976537024
니까 ,-0.034277090260221854,9.241268247396693,9.275545337656915
효기간 ,-0.034277090260221854,9.135907731738866,9.170184821999088
조 ,-0.034277090260221854,9.241268247396693,9.275545337656915
송되었습,-0.034277090260221854,8.873543467271375,8.907820557531597
능(,-0.034277090260221854,9.135907731738866,9.170184821999088
10만원,-0.034277090260221854,8.953586174944911,8.987863265205133
송되었,-0.034277090260221854,8.873543467271375,8.907820557531597
완료,-0.06706691308321311,8.004505620247766,8.07157253333098
 만,-0.0706447344310952,8.106288314557709,8.176933048988804
 받,-0.08079710589511357,8.347450371374597,8.42824747726971
일시,-0.08306725442965401,8.393970387009489,8.477037641439143
 11,-0.08306725442965401,8.393970387009489,8.477037641439143
 결제,-0.085570384647772,8.442760551178921,8.528330935826693
니다 ,-0.0914355041001702,7.854973886276802,7.946409390376973
 고객님,-0.0914355041001702,7.854973886276802,7.946409390376973
 현,-0.0914355041001702,8.548121066836748,8.639556570936918
만료,-0.09490171207665554,8.605279480676696,8.700181192753352
 만료,-0.09490171207665554,8.605279480676696,8.700181192753352
재 ,-0.09490171207665554,8.605279480676696,8.700181192753352
기간,-0.09490171207665732,7.912132300116751,8.007034012193408
연락,-0.09881561139779294,8.665904102493132,8.764719713890925
현재,-0.09881561139779294,8.665904102493132,8.764719713890925
자동 ,-0.09881561139779294,8.665904102493132,8.764719713890925
 시간,-0.09881561139779294,8.665904102493132,8.764719713890925
 자동 ,-0.09881561139779294,8.665904102493132,8.764719713890925
 현재,-0.09881561139779294,8.665904102493132,8.764719713890925
회원,-0.10326996174717173,8.730442623630703,8.833712585377874
? ,-0.10326996174717262,7.631830334962593,7.735100296709765
 문자,-0.10573605424236554,8.071196994746439,8.176933048988804
 본,-0.10573605424236554,8.071196994746439,8.176933048988804
59,-0.10838506241394263,8.799435495117654,8.907820557531597
송되,-0.10838506241394263,8.799435495117654,8.907820557531597
64,-0.10838506241394263,8.799435495117654,8.907820557531597
0-**,-0.10838506241394263,8.799435495117654,8.907820557531597
의하,-0.10838506241394263,8.799435495117654,8.907820557531597
0-*,-0.10838506241394263,8.799435495117654,8.907820557531597
구매,-0.11431979793375824,8.873543467271375,8.987863265205133
상품 ,-0.11431979793375824,8.873543467271375,8.987863265205133
 회원님,-0.11431979793375824,8.873543467271375,8.987863265205133
 상품 ,-0.11431979793375824,8.873543467271375,8.987863265205133
40,-0.11431979793375824,8.873543467271375,8.987863265205133
경우,-0.11431979793375824,8.18039628671143,8.294716084645188
회원님,-0.11431979793375824,8.873543467271375,8.987863265205133
0 ,-0.11765869919927141,8.219616999864712,8.337275699063984
22,-0.1212884672498511,8.953586174944911,9.074874642194763
거 ,-0.1212884672498511,8.953586174944911,9.074874642194763
 무,-0.12388924894990971,7.883144763243498,8.007034012193408
 바,-0.12524886846594807,7.609851428243817,7.735100296709765
주소,-0.12524886846594896,8.302998608803762,8.42824747726971
시면 ,-0.12665041039123714,7.912132300116751,8.038782710507988
합니다.,-0.12665041039123714,7.912132300116751,8.038782710507988
80,-0.12958727006454573,9.040597551934543,9.170184821999088
주소 ,-0.12958727006454573,9.040597551934543,9.170184821999088
1만 ,-0.12958727006454573,9.040597551934543,9.170184821999088
아가,-0.12958727006454573,9.040597551934543,9.170184821999088
0만원 ,-0.12958727006454573,9.040597551934543,9.170184821999088
앱 ,-0.12958727006454573,9.040597551934543,9.170184821999088
 가능 ,-0.12958727006454573,9.040597551934543,9.170184821999088
법 ,-0.12958727006454573,9.040597551934543,9.170184821999088
세 ,-0.12958727006454573,9.040597551934543,9.170184821999088
58,-0.12958727006454573,9.040597551934543,9.170184821999088
의 ,-0.1353732071315905,6.79410192559154,6.92947513272313
 아,-0.13605978457016388,7.311358439687821,7.4474182242579845
까 ,-0.13963760591804864,9.135907731738866,9.275545337656915
공휴,-0.13963760591804864,9.135907731738866,9.275545337656915
 주소 ,-0.13963760591804864,9.135907731738866,9.275545337656915
9만 ,-0.13963760591804864,9.135907731738866,9.275545337656915
공휴일,-0.13963760591804864,9.135907731738866,9.275545337656915
 영업,-0.13963760591804864,9.135907731738866,9.275545337656915
청이,-0.13963760591804864,9.135907731738866,9.275545337656915
4만,-0.13963760591804864,9.135907731738866,9.275545337656915
 공휴,-0.13963760591804864,9.135907731738866,9.275545337656915
연장,-0.13963760591804864,9.135907731738866,9.275545337656915
 구매,-0.13963760591804864,9.135907731738866,9.275545337656915
휴일,-0.13963760591804864,9.135907731738866,9.275545337656915
-3,-0.13963760591804864,9.135907731738866,9.275545337656915
4 ,-0.13963760591804864,9.135907731738866,9.275545337656915
"능하며,",-0.13963760591804864,9.135907731738866,9.275545337656915
청이 ,-0.13963760591804864,9.135907731738866,9.275545337656915
 가능(,-0.13963760591804864,9.135907731738866,9.275545337656915
1 ,-0.13963760591804864,9.135907731738866,9.275545337656915
 10,-0.13963760591804864,7.749613370618976,7.889250976537024
 공휴일,-0.13963760591804864,9.135907731738866,9.275545337656915
0%,-0.13963760591804864,9.135907731738866,9.275545337656915
휴일 ,-0.13963760591804864,9.135907731738866,9.275545337656915
공휴일 ,-0.13963760591804864,9.135907731738866,9.275545337656915
지 ,-0.1424906749004542,7.081783998043321,7.224274672943775
카카오,-0.14550272537044684,8.494053845566471,8.639556570936918
카오,-0.14550272537044684,8.494053845566471,8.639556570936918
카카,-0.14550272537044684,8.494053845566471,8.639556570936918
 비,-0.14550272537044684,8.494053845566471,8.639556570936918
금액>,-0.1476057755672251,7.413141133997763,7.560746909564988
<금액,-0.1476057755672251,7.413141133997763,7.560746909564988
<금액>,-0.1476057755672251,7.413141133997763,7.560746909564988
<금,-0.1476057755672251,7.413141133997763,7.560746909564988
액>,-0.1476057755672251,7.413141133997763,7.560746909564988
급 ,-0.14868744143796597,7.8275749120886875,7.9762623535266535
청],-0.1520601259166039,9.241268247396693,9.393328373313297
ㅠㅠ,-0.1520601259166039,9.241268247396693,9.393328373313297
024년,-0.1520601259166039,9.241268247396693,9.393328373313297
 가입 ,-0.1520601259166039,9.241268247396693,9.393328373313297
시고,-0.1520601259166039,9.241268247396693,9.393328373313297
 꼭,-0.1520601259166039,9.241268247396693,9.393328373313297
24년,-0.1520601259166039,9.241268247396693,9.393328373313297
신규,-0.1520601259166039,9.241268247396693,9.393328373313297
이상,-0.1520601259166039,8.548121066836748,8.700181192753352
11월,-0.1520601259166039,9.241268247396693,9.393328373313297
보이,-0.1520601259166039,9.241268247396693,9.393328373313297
마트,-0.1520601259166039,9.241268247396693,9.393328373313297
른 ,-0.1520601259166039,9.241268247396693,9.393328373313297
4년,-0.1520601259166039,9.241268247396693,9.393328373313297
[토스뱅,-0.1520601259166039,9.241268247396693,9.393328373313297
입하,-0.1520601259166039,9.241268247396693,9.393328373313297
7-,-0.1520601259166039,9.241268247396693,9.393328373313297
6만,-0.1520601259166039,9.241268247396693,9.393328373313297
가입하,-0.1520601259166039,9.241268247396693,9.393328373313297
75,-0.1520601259166039,9.241268247396693,9.393328373313297
 11월,-0.1520601259166039,9.241268247396693,9.393328373313297
동 ,-0.1520601259166039,8.548121066836748,8.700181192753352
 신규,-0.1520601259166039,9.241268247396693,9.393328373313297
납부,-0.1520601259166039,9.241268247396693,9.393328373313297
시간,-0.15206012591660478,7.631830334962593,7.7838904608791974
일시불,-0.1594402332142284,8.605279480676696,8.764719713890925
시불,-0.1594402332142284,8.605279480676696,8.764719713890925
 공,-0.16348882174022883,7.941985263266432,8.10547408500666
콜센터,-0.16780848288474282,9.359051283053077,9.52685976593782
 비밀번,-0.16780848288474282,9.359051283053077,9.52685976593782
분실,-0.16780848288474282,9.359051283053077,9.52685976593782
라고 ,-0.16780848288474282,9.359051283053077,9.52685976593782
 로그,-0.16780848288474282,9.359051283053077,9.52685976593782
 비밀,-0.16780848288474282,9.359051283053077,9.52685976593782
이랑,-0.16780848288474282,9.359051283053077,9.52685976593782
라고,-0.16780848288474282,9.359051283053077,9.52685976593782
아.,-0.16780848288474282,9.359051283053077,9.52685976593782
-8,-0.16780848288474282,9.359051283053077,9.52685976593782
이랑 ,-0.16780848288474282,9.359051283053077,9.52685976593782
더라,-0.16780848288474282,9.359051283053077,9.52685976593782
1.,-0.16780848288474282,9.359051283053077,9.52685976593782
콜센,-0.16780848288474282,9.359051283053077,9.52685976593782
한은행 ,-0.16780848288474282,9.359051283053077,9.52685976593782
그인,-0.16780848288474282,9.359051283053077,9.52685976593782
 있을,-0.16780848288474282,9.359051283053077,9.52685976593782
 로그인,-0.16780848288474282,9.359051283053077,9.52685976593782
26,-0.16780848288474282,8.665904102493132,8.833712585377874
/1,-0.16780848288474282,9.359051283053077,9.52685976593782
있을,-0.16780848288474282,9.359051283053077,9.52685976593782
택스 ,-0.16780848288474282,9.359051283053077,9.52685976593782
로그인,-0.16780848288474282,9.359051283053077,9.52685976593782
로그,-0.16780848288474282,9.359051283053077,9.52685976593782
페이지,-0.16780848288474282,9.359051283053077,9.52685976593782
민은행],-0.16780848288474282,9.359051283053077,9.52685976593782
손택스 ,-0.16780848288474282,9.359051283053077,9.52685976593782
비밀번호,-0.16780848288474282,9.359051283053077,9.52685976593782
비밀번,-0.16780848288474282,9.359051283053077,9.52685976593782
비밀,-0.16780848288474282,9.359051283053077,9.52685976593782
 현재 ,-0.16780848288474282,8.665904102493132,8.833712585377874
현재 ,-0.16780848288474282,8.665904102493132,8.833712585377874
밀번호,-0.16780848288474282,9.359051283053077,9.52685976593782
밀번,-0.16780848288474282,9.359051283053077,9.52685976593782
 해,-0.17085262526597234,7.588345223022854,7.759197848288826
내 ,-0.1714782117737066,7.774931178603266,7.946409390376973
 4,-0.1773779339008943,8.037295443070757,8.214673376971652
 변,-0.1773779339008943,8.730442623630703,8.907820557531597
 매일,-0.1773779339008943,8.730442623630703,8.907820557531597
도 ,-0.1838088242311855,7.161826705716857,7.3456355299480425
이 ,-0.18433778483595464,6.6344717799996555,6.81880956483561
2026,-0.18842777008747902,8.799435495117654,8.987863265205133
활동,-0.18842777008747902,9.4925826756776,9.681010445765079
(월,-0.18842777008747902,9.4925826756776,9.681010445765079
 많이 ,-0.18842777008747902,9.4925826756776,9.681010445765079
7일 ,-0.18842777008747902,9.4925826756776,9.681010445765079
적으로 ,-0.18842777008747902,9.4925826756776,9.681010445765079
7일,-0.18842777008747902,9.4925826756776,9.681010445765079
많이 ,-0.18842777008747902,9.4925826756776,9.681010445765079
 주시,-0.18842777008747902,8.799435495117654,8.987863265205133
 주문,-0.18842777008747902,9.4925826756776,9.681010445765079
 주시기,-0.18842777008747902,8.799435495117654,8.987863265205133
원님,-0.18842777008747902,8.799435495117654,8.987863265205133
026,-0.18842777008747902,8.799435495117654,8.987863265205133
 않,-0.1884277700874808,7.883144763243498,8.07157253333098
은행,-0.1919060344638046,7.567291813825022,7.759197848288826
메시,-0.196796019757997,8.442760551178921,8.639556570936918
메시지,-0.196796019757997,8.442760551178921,8.639556570936918
 배송 ,-0.196796019757997,8.442760551178921,8.639556570936918
 나,-0.20133117492338748,8.18039628671143,8.381727461634817
캐시,-0.20133117492338748,8.873543467271375,9.074874642194763
 증,-0.20612734718688053,8.494053845566471,8.700181192753352
예정,-0.20863047740499852,8.219616999864712,8.42824747726971
개인,-0.21016775672388555,8.004505620247766,8.214673376971652
 소,-0.21120779841930037,7.8275749120886875,8.038782710507988
보험,-0.21659864705417675,8.953586174944911,9.170184821999088
비 ,-0.21659864705417675,8.260438994384966,8.477037641439143
문자 ,-0.21659864705417675,8.548121066836748,8.764719713890925
가입,-0.21659864705417675,8.548121066836748,8.764719713890925
 이상,-0.21659864705417675,8.548121066836748,8.764719713890925
 봐,-0.21659864705417675,9.646733355504857,9.863332002559034
6 ,-0.21659864705417675,8.953586174944911,9.170184821999088
금액,-0.22533232702293127,7.204386320135653,7.429718647158584
에요,-0.22843310470117828,8.605279480676696,8.833712585377874
 기,-0.23210283359014205,7.774931178603266,8.007034012193408
드시,-0.23494778572237252,9.040597551934543,9.275545337656915
수수료,-0.23494778572237252,9.040597551934543,9.275545337656915
9만,-0.23494778572237252,9.040597551934543,9.275545337656915
 반드시,-0.23494778572237252,9.040597551934543,9.275545337656915
 낮,-0.23494778572237252,9.040597551934543,9.275545337656915
 이용 ,-0.23494778572237252,9.040597551934543,9.275545337656915
모 ,-0.23494778572237252,9.040597551934543,9.275545337656915
025년,-0.23494778572237252,9.040597551934543,9.275545337656915
% ,-0.23494778572237252,9.040597551934543,9.275545337656915
드시 ,-0.23494778572237252,9.040597551934543,9.275545337656915
수수,-0.23494778572237252,9.040597551934543,9.275545337656915
 상환,-0.23494778572237252,9.040597551934543,9.275545337656915
대폰,-0.23494778572237252,9.040597551934543,9.275545337656915
 외 ,-0.23494778572237252,9.040597551934543,9.275545337656915
인의,-0.23494778572237252,9.040597551934543,9.275545337656915
니까,-0.23494778572237252,9.040597551934543,9.275545337656915
수수료 ,-0.23494778572237252,9.040597551934543,9.275545337656915
 예상,-0.23494778572237252,9.040597551934543,9.275545337656915
정),-0.23494778572237252,9.040597551934543,9.275545337656915
 아니,-0.23494778572237252,9.040597551934543,9.275545337656915
반드시 ,-0.23494778572237252,9.040597551934543,9.275545337656915
반드시,-0.23494778572237252,9.040597551934543,9.275545337656915
반드,-0.23494778572237252,9.040597551934543,9.275545337656915
(수,-0.23494778572237252,9.040597551934543,9.275545337656915
회원님 ,-0.23494778572237252,9.040597551934543,9.275545337656915
기간연,-0.23494778572237252,9.040597551934543,9.275545337656915
수료 ,-0.23494778572237252,9.040597551934543,9.275545337656915
인의 ,-0.23494778572237252,9.040597551934543,9.275545337656915
방법 ,-0.23494778572237252,9.040597551934543,9.275545337656915
간연,-0.23494778572237252,9.040597551934543,9.275545337656915
휴대폰,-0.23494778572237252,9.040597551934543,9.275545337656915
정) ,-0.23494778572237252,9.040597551934543,9.275545337656915
예상,-0.23494778572237252,9.040597551934543,9.275545337656915
"하며, ",-0.23494778572237252,9.040597551934543,9.275545337656915
 약,-0.23494778572237252,9.040597551934543,9.275545337656915
52,-0.23494778572237252,9.040597551934543,9.275545337656915
 반드,-0.23494778572237252,9.040597551934543,9.275545337656915
아니,-0.23494778572237252,9.040597551934543,9.275545337656915
"하며,",-0.23494778572237252,9.040597551934543,9.275545337656915
원님 ,-0.23494778572237252,9.040597551934543,9.275545337656915
이용 ,-0.23494778572237252,9.040597551934543,9.275545337656915
 <금,-0.2390715029062349,7.449508778168638,7.688580281074873
 <금액,-0.2390715029062349,7.449508778168638,7.688580281074873
아르바이,-0.24191645503846537,8.665904102493132,8.907820557531597
아르바,-0.24191645503846537,8.665904102493132,8.907820557531597
아르,-0.24191645503846537,8.665904102493132,8.907820557531597
 근무시,-0.24191645503846537,8.665904102493132,8.907820557531597
치 ,-0.24191645503846537,8.665904102493132,8.907820557531597
바이트,-0.24191645503846537,8.665904102493132,8.907820557531597
르바,-0.24191645503846537,8.665904102493132,8.907820557531597
 아르바,-0.24191645503846537,8.665904102493132,8.907820557531597
르바이,-0.24191645503846537,8.665904102493132,8.907820557531597
무시,-0.24191645503846537,8.665904102493132,8.907820557531597
르바이트,-0.24191645503846537,8.665904102493132,8.907820557531597
 아르,-0.24191645503846537,8.665904102493132,8.907820557531597
무시간,-0.24191645503846537,8.665904102493132,8.907820557531597
근무시간,-0.24191645503846537,8.665904102493132,8.907820557531597
함께,-0.24191645503846537,8.665904102493132,8.907820557531597
근무시,-0.24191645503846537,8.665904102493132,8.907820557531597
결과,-0.24191645503846537,8.665904102493132,8.907820557531597
 함께,-0.24191645503846537,8.665904102493132,8.907820557531597
 박,-0.24191645503846537,8.665904102493132,8.907820557531597
호 ,-0.24558618392742915,8.393970387009489,8.639556570936918
 다,-0.24785119055828098,8.18039628671143,8.42824747726971
11,-0.25050019872985807,7.854973886276802,8.10547408500666
 가,-0.2509481270688143,7.094687402879228,7.3456355299480425
트 ,-0.2525306562802401,7.506667192008586,7.759197848288826
으니,-0.2574206415744307,9.135907731738866,9.393328373313297
기 ,-0.2574206415744307,7.344148262510812,7.6015689040852426
 입니다,-0.2574206415744307,8.730442623630703,8.987863265205133
 입니,-0.2574206415744307,8.730442623630703,8.987863265205133
번호 ,-0.2574206415744307,8.442760551178921,8.700181192753352
결제,-0.2574206415744307,8.219616999864712,8.477037641439143
액:,-0.2574206415744307,9.135907731738866,9.393328373313297
b ,-0.2574206415744307,9.135907731738866,9.393328373313297
조치 ,-0.2574206415744307,9.135907731738866,9.393328373313297
단 ,-0.2574206415744307,9.135907731738866,9.393328373313297
조치,-0.2574206415744307,9.135907731738866,9.393328373313297
찰청 ,-0.2574206415744307,9.135907731738866,9.393328373313297
까지 ,-0.2678919414417269,8.260438994384966,8.528330935826693
74,-0.27543914707710826,8.799435495117654,9.074874642194763
하신 ,-0.27543914707710826,8.799435495117654,9.074874642194763
하신,-0.27543914707710826,8.799435495117654,9.074874642194763
무료,-0.27789917291797295,7.8275749120886875,8.10547408500666
 13,-0.28559151854112663,9.241268247396693,9.52685976593782
[cj대,-0.28559151854112663,9.241268247396693,9.52685976593782
용은,-0.28559151854112663,8.548121066836748,8.833712585377874
"객님,",-0.28559151854112663,9.241268247396693,9.52685976593782
용은 ,-0.28559151854112663,8.548121066836748,8.833712585377874
02 ,-0.28559151854112663,9.241268247396693,9.52685976593782
"객님, ",-0.28559151854112663,9.241268247396693,9.52685976593782
 기한,-0.28559151854112663,9.241268247396693,9.52685976593782
"고객님,",-0.28559151854112663,9.241268247396693,9.52685976593782
결제 ,-0.28559151854112663,9.241268247396693,9.52685976593782
",무",-0.28559151854112663,9.241268247396693,9.52685976593782
용안,-0.28559151854112663,9.241268247396693,9.52685976593782
740,-0.28559151854112663,9.241268247396693,9.52685976593782
 시,-0.2855915185411275,7.449508778168638,7.735100296709765
 위한 ,-0.29210619956232087,8.347450371374597,8.639556570936918
 위한,-0.29210619956232087,8.347450371374597,8.639556570936918
시기,-0.29210619956232087,8.347450371374597,8.639556570936918
위한 ,-0.29210619956232087,8.347450371374597,8.639556570936918
위한,-0.29210619956232087,8.347450371374597,8.639556570936918
월 ,-0.29210619956232176,7.654303190814651,7.946409390376973
요금,-0.29664135472771314,8.873543467271375,9.170184821999088
024,-0.29664135472771314,8.873543467271375,9.170184821999088
2024,-0.29664135472771314,8.873543467271375,9.170184821999088
99,-0.29664135472771314,8.873543467271375,9.170184821999088
하면 ,-0.29664135472771314,8.873543467271375,9.170184821999088
에 ,-0.2999802559932272,6.6510010819508665,6.950981337944094
시간:,-0.30254107685490084,8.605279480676696,8.907820557531597
시간: ,-0.30254107685490084,8.605279480676696,8.907820557531597
제외,-0.30254107685490084,8.605279480676696,8.907820557531597
 제외,-0.30254107685490084,8.605279480676696,8.907820557531597
바이,-0.30254107685490084,8.605279480676696,8.907820557531597
불 ,-0.30621080574386284,8.393970387009489,8.700181192753352
까지,-0.31190882685850063,7.941985263266432,8.253894090124932
에서 ,-0.31386195247938353,7.724920758028604,8.038782710507988
 경,-0.31517947572662397,7.546672526622285,7.861852002348909
[우리은,-0.32195916271200176,9.359051283053077,9.681010445765079
족 ,-0.32195916271200176,9.359051283053077,9.681010445765079
적으로,-0.32195916271200176,9.359051283053077,9.681010445765079
8일,-0.32195916271200176,9.359051283053077,9.681010445765079
적으,-0.32195916271200176,9.359051283053077,9.681010445765079
isa ,-0.32195916271200176,9.359051283053077,9.681010445765079
주문,-0.32195916271200176,9.359051283053077,9.681010445765079
 진행,-0.32195916271200176,9.359051283053077,9.681010445765079
am,-0.32195916271200176,9.359051283053077,9.681010445765079
 [우,-0.32195916271200176,9.359051283053077,9.681010445765079
 여러,-0.32195916271200176,9.359051283053077,9.681010445765079
여러,-0.32195916271200176,9.359051283053077,9.681010445765079
구 ,-0.32195916271200176,8.665904102493132,8.987863265205133
.09,-0.32195916271200176,9.359051283053077,9.681010445765079
2만,-0.32195916271200176,8.665904102493132,8.987863265205133
행복,-0.32195916271200176,9.359051283053077,9.681010445765079
n ,-0.32195916271200176,9.359051283053077,9.681010445765079
/0,-0.32195916271200176,9.359051283053077,9.681010445765079
 cj대,-0.32195916271200176,9.359051283053077,9.681010445765079
다 ,-0.32195916271200264,7.567291813825022,7.889250976537024
 바랍니,-0.32195916271200353,8.260438994384966,8.58239815709697
 바랍,-0.32195916271200353,8.260438994384966,8.58239815709697
 국,-0.32195916271200353,8.953586174944911,9.275545337656915
크],-0.32195916271200353,8.953586174944911,9.275545337656915
5년 ,-0.32195916271200353,8.953586174944911,9.275545337656915
이내에 ,-0.32195916271200353,8.953586174944911,9.275545337656915
이내에,-0.32195916271200353,8.953586174944911,9.275545337656915
크] ,-0.32195916271200353,8.953586174944911,9.275545337656915
스뱅크,-0.32195916271200353,8.953586174944911,9.275545337656915
 속,-0.32195916271200353,8.953586174944911,9.275545337656915
수료,-0.32195916271200353,8.953586174944911,9.275545337656915
4/,-0.32195916271200353,8.953586174944911,9.275545337656915
메시지는,-0.32195916271200353,8.953586174944911,9.275545337656915
지는 ,-0.32195916271200353,8.953586174944911,9.275545337656915
 적,-0.32195916271200353,8.953586174944911,9.275545337656915
25년,-0.32195916271200353,8.953586174944911,9.275545337656915
 이내에,-0.32195916271200353,8.953586174944911,9.275545337656915
뱅크] ,-0.32195916271200353,8.953586174944911,9.275545337656915
뱅크],-0.32195916271200353,8.953586174944911,9.275545337656915
항은,-0.32195916271200353,8.953586174944911,9.275545337656915
토스뱅크,-0.32195916271200353,8.953586174944911,9.275545337656915
항은 ,-0.32195916271200353,8.953586174944911,9.275545337656915
토스뱅,-0.32195916271200353,8.953586174944911,9.275545337656915
스뱅,-0.32195916271200353,8.953586174944911,9.275545337656915
5년,-0.32195916271200353,8.953586174944911,9.275545337656915
시지는 ,-0.32195916271200353,8.953586174944911,9.275545337656915
지는,-0.32195916271200353,8.953586174944911,9.275545337656915
운송장번,-0.32195916271200353,8.953586174944911,9.275545337656915
25년 ,-0.32195916271200353,8.953586174944911,9.275545337656915
사항은 ,-0.32195916271200353,8.953586174944911,9.275545337656915
사항은,-0.32195916271200353,8.953586174944911,9.275545337656915
시지는,-0.32195916271200353,8.953586174944911,9.275545337656915
하나,-0.33655796213315625,8.302998608803762,8.639556570936918
시지,-0.33655796213315625,8.302998608803762,8.639556570936918
에서,-0.33795950405844355,7.700823206449544,8.038782710507988
 [,-0.3427101068170417,6.086634691256846,6.429344798073887
는 ,-0.3428243011759644,6.7111050060205715,7.053929307196536
(2,-0.3444320185640599,8.730442623630703,9.074874642194763
하는,-0.3479346491152633,8.18039628671143,8.528330935826693
/2,-0.35273082137875456,8.347450371374597,8.700181192753352
 휴대폰,-0.35273082137875456,9.040597551934543,9.393328373313297
시기 ,-0.35273082137875456,8.347450371374597,8.700181192753352
있으,-0.35273082137875456,9.040597551934543,9.393328373313297
 휴대,-0.35273082137875456,9.040597551934543,9.393328373313297
 22,-0.35273082137875456,9.040597551934543,9.393328373313297
 있으,-0.35273082137875456,9.040597551934543,9.393328373313297
거야,-0.35273082137875456,9.040597551934543,9.393328373313297
 눌러,-0.35273082137875456,9.040597551934543,9.393328373313297
 눌,-0.35273082137875456,9.040597551934543,9.393328373313297
눌러,-0.35273082137875456,9.040597551934543,9.393328373313297
조회,-0.35273082137875456,9.040597551934543,9.393328373313297
 당사,-0.35273082137875456,9.040597551934543,9.393328373313297
증정,-0.3596994906948492,8.548121066836748,8.907820557531597
 당일,-0.3596994906948492,8.548121066836748,8.907820557531597
 하나,-0.3596994906948492,8.548121066836748,8.907820557531597
 문자 ,-0.3596994906948492,8.548121066836748,8.907820557531597
 당일 ,-0.3596994906948492,8.548121066836748,8.907820557531597
함 ,-0.3596994906948492,8.548121066836748,8.907820557531597
 하,-0.36375629139046417,7.395441556898362,7.759197848288826
 26,-0.3707493268814339,9.4925826756776,9.863332002559034
수업,-0.3707493268814339,9.4925826756776,9.863332002559034
 수업,-0.3707493268814339,9.4925826756776,9.863332002559034
이션 ,-0.3707493268814339,9.4925826756776,9.863332002559034
 버,-0.3707493268814339,9.4925826756776,9.863332002559034
 8,-0.3707493268814339,8.799435495117654,9.170184821999088
하면,-0.3707493268814339,8.799435495117654,9.170184821999088
객님의,-0.3825837845284372,8.605279480676696,8.987863265205133
객님의 ,-0.3825837845284372,8.605279480676696,8.987863265205133
고객님의,-0.3825837845284372,8.605279480676696,8.987863265205133
 누,-0.3909520341989534,9.135907731738866,9.52685976593782
손택,-0.3909520341989534,9.135907731738866,9.52685976593782
우리은,-0.3909520341989534,9.135907731738866,9.52685976593782
급금,-0.3909520341989534,9.135907731738866,9.52685976593782
우리은행,-0.3909520341989534,9.135907731738866,9.52685976593782
등 ,-0.3909520341989534,8.442760551178921,8.833712585377874
제휴,-0.3909520341989534,9.135907731738866,9.52685976593782
환급금,-0.3909520341989534,9.135907731738866,9.52685976593782
35,-0.3909520341989534,9.135907731738866,9.52685976593782
 하루,-0.3909520341989534,8.442760551178921,8.833712585377874
 갑,-0.3909520341989534,9.135907731738866,9.52685976593782
2) ,-0.3909520341989534,9.135907731738866,9.52685976593782
배송완,-0.3909520341989534,9.135907731738866,9.52685976593782
액: ,-0.3909520341989534,9.135907731738866,9.52685976593782
36,-0.3909520341989534,9.135907731738866,9.52685976593782
 복,-0.3909520341989534,9.135907731738866,9.52685976593782
배송완료,-0.3909520341989534,9.135907731738866,9.52685976593782
리은,-0.3909520341989534,9.135907731738866,9.52685976593782
나은행],-0.3909520341989534,9.135907731738866,9.52685976593782
제휴사,-0.3909520341989534,9.135907731738866,9.52685976593782
리은행,-0.3909520341989534,9.135907731738866,9.52685976593782
22시,-0.3909520341989534,9.135907731738866,9.52685976593782
[하,-0.3909520341989534,9.135907731738866,9.52685976593782
 환급금,-0.3909520341989534,9.135907731738866,9.52685976593782
[카,-0.3909520341989534,9.135907731738866,9.52685976593782
[카카,-0.3909520341989534,9.135907731738866,9.52685976593782
[카카오,-0.3909520341989534,9.135907731738866,9.52685976593782
 22시,-0.3909520341989534,9.135907731738866,9.52685976593782
손택스,-0.3909520341989534,9.135907731738866,9.52685976593782
휴사,-0.3909520341989534,9.135907731738866,9.52685976593782
[하나,-0.3909520341989534,9.135907731738866,9.52685976593782
[하나은,-0.3909520341989534,9.135907731738866,9.52685976593782
 손택,-0.3909520341989534,9.135907731738866,9.52685976593782
 손택스,-0.3909520341989534,9.135907731738866,9.52685976593782
택스,-0.3909520341989534,9.135907731738866,9.52685976593782
하루,-0.3909520341989534,8.442760551178921,8.833712585377874
예정 ,-0.3909520341989534,9.135907731738866,9.52685976593782
어있,-0.3909520341989534,9.135907731738866,9.52685976593782
해주시,-0.3909520341989534,9.135907731738866,9.52685976593782
송장번호,-0.4020018703855399,8.873543467271375,9.275545337656915
송장번,-0.4020018703855399,8.873543467271375,9.275545337656915
 따,-0.4020018703855399,8.873543467271375,9.275545337656915
내에 ,-0.4020018703855399,8.873543467271375,9.275545337656915
장번,-0.4020018703855399,8.873543467271375,9.275545337656915
기간: ,-0.4020018703855399,8.873543467271375,9.275545337656915
기간:,-0.4020018703855399,8.873543467271375,9.275545337656915
장번호,-0.4020018703855399,8.873543467271375,9.275545337656915
내에,-0.4020018703855399,8.873543467271375,9.275545337656915
장번호 ,-0.4020018703855399,8.873543467271375,9.275545337656915
 일,-0.40402411576630737,7.431159639500441,7.8351837552667485
 문,-0.4051366691909104,7.175812947691597,7.580949616882507
안내 ,-0.40584064669270425,8.071196994746439,8.477037641439143
 문의,-0.40584064669270425,8.071196994746439,8.477037641439143
*** ,-0.40584064669270425,8.071196994746439,8.477037641439143
:00 ,-0.408970539701631,8.665904102493132,9.074874642194763
 무료수,-0.408970539701631,8.665904102493132,9.074874642194763
무료수신,-0.408970539701631,8.665904102493132,9.074874642194763
무료수,-0.408970539701631,8.665904102493132,9.074874642194763
료수신거,-0.408970539701631,8.665904102493132,9.074874642194763
료수신,-0.408970539701631,8.665904102493132,9.074874642194763
이트,-0.4137667119651258,8.494053845566471,8.907820557531597
당일,-0.4137667119651258,8.494053845566471,8.907820557531597
당일 ,-0.4137667119651258,8.494053845566471,8.907820557531597
 모집,-0.4137667119651258,8.494053845566471,8.907820557531597
되었,-0.41564464678932644,7.724920758028604,8.14056540481793
자동,-0.4172693425163274,8.347450371374597,8.764719713890925
 자동,-0.4172693425163274,8.347450371374597,8.764719713890925
202,-0.4172693425163283,7.654303190814651,8.07157253333098
발신],-0.41785948711887855,6.7111050060205715,7.12896449313945
신],-0.41785948711887855,6.7111050060205715,7.12896449313945
 번,-0.4199395710722058,8.219616999864712,8.639556570936918
간:,-0.4199395710722058,8.219616999864712,8.639556570936918
간: ,-0.4199395710722058,8.219616999864712,8.639556570936918
오늘,-0.42374185702194467,8.004505620247766,8.42824747726971
 오늘,-0.42374185702194467,8.004505620247766,8.42824747726971
니 ,-0.42514339894723285,7.912132300116751,8.337275699063984
발신,-0.4266701168010334,6.702294376338417,7.12896449313945
만원 ,-0.42893128226417065,7.609851428243817,8.038782710507988
신 ,-0.42893128226417065,7.609851428243817,8.038782710507988
! ,-0.43516553134097347,6.747144942503769,7.182310473844742
[kb국,-0.4397421983683856,9.241268247396693,9.681010445765079
[kb,-0.4397421983683856,9.241268247396693,9.681010445765079
[k,-0.4397421983683856,9.241268247396693,9.681010445765079
신한카드,-0.4397421983683856,9.241268247396693,9.681010445765079
 받아,-0.4397421983683856,8.953586174944911,9.393328373313297
 신청기,-0.4397421983683856,9.241268247396693,9.681010445765079
15,-0.4397421983683856,8.037295443070757,8.477037641439143
소 ,-0.4397421983683856,8.548121066836748,8.987863265205133
84,-0.4397421983683856,9.241268247396693,9.681010445765079
츠 ,-0.4397421983683856,9.241268247396693,9.681010445765079
 납,-0.4397421983683856,9.241268247396693,9.681010445765079
 신한은,-0.4397421983683856,9.241268247396693,9.681010445765079
 납부,-0.4397421983683856,9.241268247396693,9.681010445765079
신한카,-0.4397421983683856,9.241268247396693,9.681010445765079
j대,-0.4397421983683856,8.953586174944911,9.393328373313297
신한,-0.4397421983683856,8.393970387009489,8.833712585377874
33,-0.4397421983683856,8.260438994384966,8.700181192753352
받아,-0.4397421983683856,8.953586174944911,9.393328373313297
[토,-0.4397421983683856,8.953586174944911,9.393328373313297
[토스,-0.4397421983683856,8.953586174944911,9.393328373313297
9월 ,-0.4397421983683856,9.241268247396693,9.681010445765079
접 ,-0.4397421983683856,9.241268247396693,9.681010445765079
1만,-0.4397421983683856,7.941985263266432,8.381727461634817
 안 ,-0.4397421983683856,9.241268247396693,9.681010445765079
0시,-0.4397421983683856,8.953586174944911,9.393328373313297
cj대,-0.4397421983683856,8.953586174944911,9.393328373313297
 거 ,-0.4397421983683856,9.241268247396693,9.681010445765079
 열,-0.4397421983683856,9.241268247396693,9.681010445765079
)! ,-0.4397421983683856,9.241268247396693,9.681010445765079
)!,-0.4397421983683856,9.241268247396693,9.681010445765079
9월,-0.4397421983683856,9.241268247396693,9.681010445765079
제품,-0.4397421983683856,8.953586174944911,9.393328373313297
오뱅크],-0.4397421983683856,9.241268247396693,9.681010445765079
한카드,-0.4397421983683856,9.241268247396693,9.681010445765079
금을 ,-0.4397421983683856,9.241268247396693,9.681010445765079
 외,-0.4397421983683856,8.730442623630703,9.170184821999088
 [하,-0.4397421983683856,9.241268247396693,9.681010445765079
되었습,-0.4397421983683856,7.774931178603266,8.214673376971652
 증정,-0.4397421983683856,8.548121066836748,8.987863265205133
 [하나,-0.4397421983683856,9.241268247396693,9.681010445765079
한카,-0.4397421983683856,9.241268247396693,9.681010445765079
 50,-0.4397421983683856,9.241268247396693,9.681010445765079
용도,-0.4397421983683856,9.241268247396693,9.681010445765079
되었습니,-0.4397421983683856,7.774931178603266,8.214673376971652
록 ,-0.4397421983683856,9.241268247396693,9.681010445765079
건강,-0.4397421983683856,8.730442623630703,9.170184821999088
 nh,-0.4397421983683856,9.241268247396693,9.681010445765079
용안내,-0.4397421983683856,9.241268247396693,9.681010445765079
 nh농,-0.4397421983683856,9.241268247396693,9.681010445765079
협은행 ,-0.4397421983683856,9.241268247396693,9.681010445765079
금을,-0.4397421983683856,9.241268247396693,9.681010445765079
시 ,-0.4492209423229294,6.775053730620845,7.224274672943775
] ,-0.45117089419200873,6.04486527838055,6.496036172572559
 계,-0.4554905553365254,7.972756921933185,8.42824747726971
하시,-0.4554905553365254,7.972756921933185,8.42824747726971
 6,-0.4571339410802544,8.071196994746439,8.528330935826693
has_web_tag,-0.4575998157683925,6.7111050060205715,7.168704821788964
금액> ,-0.4591602842254874,7.487249106151485,7.946409390376973
액> ,-0.4591602842254874,7.487249106151485,7.946409390376973
-***,-0.4617211050871628,8.302998608803762,8.764719713890925
한 ,-0.4627317165930842,7.248838082706487,7.711569799299571
 메시,-0.46506000635267597,8.442760551178921,8.907820557531597
매일,-0.46506000635267597,8.442760551178921,8.907820557531597
숫자>,-0.46506000635267597,8.442760551178921,8.907820557531597
<긴,-0.46506000635267597,8.442760551178921,8.907820557531597
<긴숫,-0.46506000635267597,8.442760551178921,8.907820557531597
<긴숫자,-0.46506000635267597,8.442760551178921,8.907820557531597
 메시지,-0.46506000635267597,8.442760551178921,8.907820557531597
긴숫자,-0.46506000635267597,8.442760551178921,8.907820557531597
모집,-0.46506000635267597,8.442760551178921,8.907820557531597
 분석,-0.46506000635267597,8.442760551178921,8.907820557531597
분석,-0.46506000635267597,8.442760551178921,8.907820557531597
긴숫,-0.46506000635267597,8.442760551178921,8.907820557531597
긴숫자>,-0.46506000635267597,8.442760551178921,8.907820557531597
었습니,-0.46506000635267597,7.749613370618976,8.214673376971652
었습,-0.46506000635267597,7.749613370618976,8.214673376971652
자>,-0.46506000635267597,8.442760551178921,8.907820557531597
 등,-0.46714117255650045,7.8275749120886875,8.294716084645188
+ ,-0.46959516151806646,8.605279480676696,9.074874642194763
 ·,-0.46959516151806646,8.605279480676696,9.074874642194763
 + ,-0.46959516151806646,8.605279480676696,9.074874642194763
 무료,-0.4725320211913768,8.004505620247766,8.477037641439143
찰청,-0.4761098425392607,8.799435495117654,9.275545337656915
 카카오,-0.4761098425392607,8.799435495117654,9.275545337656915
 [c,-0.4761098425392607,8.799435495117654,9.275545337656915
1),-0.4761098425392607,8.799435495117654,9.275545337656915
 카카,-0.4761098425392607,8.799435495117654,9.275545337656915
나은,-0.4761098425392607,8.799435495117654,9.275545337656915
 분,-0.4805641928886395,8.219616999864712,8.700181192753352
 5,-0.4823018127871812,7.854973886276802,8.337275699063984
[우,-0.4862622140032773,9.040597551934543,9.52685976593782
발견,-0.4862622140032773,9.040597551934543,9.52685976593782
 배송되,-0.4862622140032773,9.040597551934543,9.52685976593782
오뱅,-0.4862622140032773,9.040597551934543,9.52685976593782
대폰 ,-0.4862622140032773,9.040597551934543,9.52685976593782
카오뱅크,-0.4862622140032773,9.040597551934543,9.52685976593782
 제품,-0.4862622140032773,9.040597551934543,9.52685976593782
배송되,-0.4862622140032773,9.040597551934543,9.52685976593782
158,-0.4862622140032773,9.040597551934543,9.52685976593782
장소 ,-0.4862622140032773,9.040597551934543,9.52685976593782
카카오뱅,-0.4862622140032773,9.040597551934543,9.52685976593782
어.,-0.4862622140032773,9.040597551934543,9.52685976593782
카오뱅,-0.4862622140032773,9.040597551934543,9.52685976593782
 발견,-0.4862622140032773,9.040597551934543,9.52685976593782
배송되었,-0.4862622140032773,9.040597551934543,9.52685976593782
이지,-0.4862622140032773,9.040597551934543,9.52685976593782
99-,-0.4862622140032773,9.040597551934543,9.52685976593782
 신한,-0.4862622140032773,9.040597551934543,9.52685976593782
하게,-0.4862622140032773,8.347450371374597,8.833712585377874
휴대폰 ,-0.4862622140032773,9.040597551934543,9.52685976593782
오뱅크,-0.4862622140032773,9.040597551934543,9.52685976593782
a ,-0.4862622140032773,9.040597551934543,9.52685976593782
:1,-0.4862622140032773,9.040597551934543,9.52685976593782
bc,-0.4862622140032773,9.040597551934543,9.52685976593782
 :) ,-0.4862622140032773,9.040597551934543,9.52685976593782
하는 ,-0.4862622140032773,8.347450371374597,8.833712585377874
 :),-0.4862622140032773,9.040597551934543,9.52685976593782
 고,-0.48626221400327907,7.094687402879228,7.580949616882507
 오늘 ,-0.4910354927559357,8.037295443070757,8.528330935826693
오늘 ,-0.4910354927559357,8.037295443070757,8.528330935826693
24,-0.4910354927559357,8.037295443070757,8.528330935826693
야 ,-0.4938094196386622,8.494053845566471,8.987863265205133
주시기,-0.4938094196386622,8.494053845566471,8.987863265205133
주시기 ,-0.4938094196386622,8.494053845566471,8.987863265205133
 9,-0.4938094196386622,8.494053845566471,8.987863265205133
05,-0.4938094196386622,8.494053845566471,8.987863265205133
 1만,-0.4969006122083357,8.142655958728582,8.639556570936918
1만원,-0.4969006122083357,8.142655958728582,8.639556570936918
 1만원,-0.4969006122083357,8.142655958728582,8.639556570936918
25,-0.49858269839131886,7.883144763243498,8.381727461634817
 발,-0.5003668201848219,7.506667192008586,8.007034012193408
02,-0.5008966215217168,7.360955380827193,7.861852002348909
2차,-0.5042807195059567,8.665904102493132,9.170184821999088
5*,-0.5042807195059567,9.359051283053077,9.863332002559034
 좋아,-0.5042807195059567,9.359051283053077,9.863332002559034
d ,-0.5042807195059567,9.359051283053077,9.863332002559034
그래,-0.5042807195059567,9.359051283053077,9.863332002559034
원경,-0.5042807195059567,9.359051283053077,9.863332002559034
1개,-0.5042807195059567,9.359051283053077,9.863332002559034
유효기간,-0.5042807195059567,8.665904102493132,9.170184821999088
 엄청,-0.5042807195059567,9.359051283053077,9.863332002559034
 어떤,-0.5042807195059567,9.359051283053077,9.863332002559034
 10:,-0.5042807195059567,9.359051283053077,9.863332002559034
 그래,-0.5042807195059567,9.359051283053077,9.863332002559034
 어떤 ,-0.5042807195059567,9.359051283053077,9.863332002559034
유효기,-0.5042807195059567,8.665904102493132,9.170184821999088
효기,-0.5042807195059567,8.665904102493132,9.170184821999088
볼 ,-0.5042807195059567,9.359051283053077,9.863332002559034
너무,-0.5042807195059567,9.359051283053077,9.863332002559034
너무 ,-0.5042807195059567,9.359051283053077,9.863332002559034
 볼,-0.5042807195059567,9.359051283053077,9.863332002559034
10:,-0.5042807195059567,9.359051283053077,9.863332002559034
효기간,-0.5042807195059567,8.665904102493132,9.170184821999088
 너무 ,-0.5042807195059567,9.359051283053077,9.863332002559034
 너무,-0.5042807195059567,9.359051283053077,9.863332002559034
 볼 ,-0.5042807195059567,9.359051283053077,9.863332002559034
이션,-0.5042807195059567,9.359051283053077,9.863332002559034
좋아,-0.5042807195059567,9.359051283053077,9.863332002559034
0:,-0.5042807195059567,9.359051283053077,9.863332002559034
었습니다,-0.5042807195059567,7.749613370618976,8.253894090124932
08,-0.5042807195059567,8.665904102493132,9.170184821999088
"0,",-0.5042807195059567,9.359051283053077,9.863332002559034
88,-0.5042807195059567,8.665904102493132,9.170184821999088
유효,-0.5042807195059567,8.665904102493132,9.170184821999088
 원 ,-0.5042807195059575,7.972756921933185,8.477037641439143
등록,-0.5138501705221081,8.393970387009489,8.907820557531597
 참여,-0.5138501705221081,8.393970387009489,8.907820557531597
 16,-0.5138501705221081,8.393970387009489,8.907820557531597
참여,-0.5138501705221081,8.393970387009489,8.907820557531597
 o,-0.519784906041922,8.873543467271375,9.393328373313297
 02,-0.519784906041922,8.873543467271375,9.393328373313297
 경우,-0.519784906041922,8.18039628671143,8.700181192753352
17,-0.519784906041922,8.873543467271375,9.393328373313297
 휴,-0.519784906041922,8.873543467271375,9.393328373313297
늘 ,-0.523825315578927,8.004505620247766,8.528330935826693
합니다,-0.5238253155789279,7.311358439687821,7.8351837552667485
합니,-0.5238253155789279,7.311358439687821,7.8351837552667485
 <긴숫,-0.5267535753580148,8.548121066836748,9.074874642194763
뱅크,-0.5267535753580148,8.548121066836748,9.074874642194763
 <긴,-0.5267535753580148,8.548121066836748,9.074874642194763
 건,-0.5267535753580148,8.548121066836748,9.074874642194763
료수,-0.5267535753580148,8.548121066836748,9.074874642194763
 서,-0.5307139765741127,8.302998608803762,8.833712585377874
 참,-0.5307139765741127,8.302998608803762,8.833712585377874
 1,-0.5414262392969036,6.239995793467086,6.78142203276399
 스,-0.5451027140262124,8.442760551178921,8.987863265205133
 않습니,-0.5451027140262124,9.135907731738866,9.681010445765079
 않습,-0.5451027140262124,9.135907731738866,9.681010445765079
환급금 ,-0.5451027140262124,9.135907731738866,9.681010445765079
음으로,-0.5451027140262124,9.135907731738866,9.681010445765079
국세,-0.5451027140262124,9.135907731738866,9.681010445765079
드],-0.5451027140262124,9.135907731738866,9.681010445765079
국세청,-0.5451027140262124,9.135907731738866,9.681010445765079
 마음으,-0.5451027140262124,9.135907731738866,9.681010445765079
충전,-0.5451027140262124,9.135907731738866,9.681010445765079
-12,-0.5451027140262124,9.135907731738866,9.681010445765079
 실시,-0.5451027140262124,9.135907731738866,9.681010445765079
이터,-0.5451027140262124,9.135907731738866,9.681010445765079
신속,-0.5451027140262124,8.730442623630703,9.275545337656915
 실,-0.5451027140262124,8.219616999864712,8.764719713890925
 실시간,-0.5451027140262124,9.135907731738866,9.681010445765079
않습,-0.5451027140262124,9.135907731738866,9.681010445765079
 내 ,-0.5451027140262124,9.135907731738866,9.681010445765079
않습니,-0.5451027140262124,9.135907731738866,9.681010445765079
않습니다,-0.5451027140262124,9.135907731738866,9.681010445765079
음으,-0.5451027140262124,9.135907731738866,9.681010445765079
이번 ,-0.5451027140262124,9.135907731738866,9.681010445765079
방문,-0.5451027140262124,9.135907731738866,9.681010445765079
 이번 ,-0.5451027140262124,9.135907731738866,9.681010445765079
음으로 ,-0.5451027140262124,9.135907731738866,9.681010445765079
라 ,-0.5451027140262124,8.730442623630703,9.275545337656915
 단 ,-0.5451027140262124,9.135907731738866,9.681010445765079
감염,-0.5451027140262124,9.135907731738866,9.681010445765079
카드] ,-0.5451027140262124,9.135907731738866,9.681010445765079
카드],-0.5451027140262124,9.135907731738866,9.681010445765079
 마음,-0.5451027140262124,9.135907731738866,9.681010445765079
55 ,-0.5451027140262124,9.135907731738866,9.681010445765079
 [카카,-0.5451027140262124,9.135907731738866,9.681010445765079
아닌,-0.5451027140262124,9.135907731738866,9.681010445765079
 [카,-0.5451027140262124,9.135907731738866,9.681010445765079
적립,-0.5451027140262124,9.135907731738866,9.681010445765079
차량 ,-0.5451027140262124,9.135907731738866,9.681010445765079
드] ,-0.5451027140262124,9.135907731738866,9.681010445765079
 소멸예,-0.5451027140262124,9.135907731738866,9.681010445765079
실시,-0.5451027140262124,9.135907731738866,9.681010445765079
민은행 ,-0.5451027140262124,9.135907731738866,9.681010445765079
실시간,-0.5451027140262124,9.135907731738866,9.681010445765079
-11,-0.5451027140262124,9.135907731738866,9.681010445765079
보호,-0.5451027140262124,9.135907731738866,9.681010445765079
한은행],-0.5451027140262124,9.135907731738866,9.681010445765079
 신속,-0.5451027140262124,8.730442623630703,9.275545337656915
 만 ,-0.5451027140262124,9.135907731738866,9.681010445765079
4),-0.5451027140262124,9.135907731738866,9.681010445765079
 적립,-0.5451027140262124,9.135907731738866,9.681010445765079
국세청 ,-0.5451027140262124,9.135907731738866,9.681010445765079
멸예정,-0.5451027140262124,9.135907731738866,9.681010445765079
 방문,-0.5451027140262124,9.135907731738866,9.681010445765079
음과 ,-0.5451027140262124,9.135907731738866,9.681010445765079
 보호,-0.5451027140262124,9.135907731738866,9.681010445765079
수님의 ,-0.5451027140262124,9.135907731738866,9.681010445765079
마음으,-0.5451027140262124,9.135907731738866,9.681010445765079
255,-0.5451027140262124,9.135907731738866,9.681010445765079
마음으로,-0.5451027140262124,9.135907731738866,9.681010445765079
멸예,-0.5451027140262124,9.135907731738866,9.681010445765079
수님의,-0.5451027140262124,9.135907731738866,9.681010445765079
휴대,-0.5451027140262124,8.730442623630703,9.275545337656915
24 ,-0.5451027140262124,9.135907731738866,9.681010445765079
성 ,-0.5451027140262124,9.135907731738866,9.681010445765079
품이 ,-0.5451027140262124,8.730442623630703,9.275545337656915
255 ,-0.5451027140262124,9.135907731738866,9.681010445765079
마음,-0.5451027140262124,9.135907731738866,9.681010445765079
음과,-0.5451027140262124,9.135907731738866,9.681010445765079
조회 ,-0.5451027140262124,9.135907731738866,9.681010445765079
세청,-0.5451027140262124,9.135907731738866,9.681010445765079
세청 ,-0.5451027140262124,9.135907731738866,9.681010445765079
어야 ,-0.5451027140262124,9.135907731738866,9.681010445765079
없음 ,-0.5451027140262124,9.135907731738866,9.681010445765079
어야,-0.5451027140262124,9.135907731738866,9.681010445765079
급금 ,-0.5451027140262124,9.135907731738866,9.681010445765079
소멸예정,-0.5451027140262124,9.135907731738866,9.681010445765079
m ,-0.5451027140262124,9.135907731738866,9.681010445765079
소멸예,-0.5451027140262124,9.135907731738866,9.681010445765079
신] ,-0.5518594964890919,6.8433729745983225,7.395232471087414
발신] ,-0.5518594964890919,6.8433729745983225,7.395232471087414
용 ,-0.5555740138935077,7.972756921933185,8.528330935826693
 함,-0.5603701861569998,8.347450371374597,8.907820557531597
 메,-0.5603701861569998,8.347450371374597,8.907820557531597
실 ,-0.5603701861569998,8.347450371374597,8.907820557531597
배송,-0.5616320159774233,7.327618960559601,7.889250976537024
여 ,-0.564905341322393,7.506667192008586,8.07157253333098
 예,-0.5697953266165836,7.724920758028604,8.294716084645188
검찰청,-0.5732735909929083,8.953586174944911,9.52685976593782
 폐,-0.5732735909929083,8.953586174944911,9.52685976593782
받으,-0.5732735909929083,8.953586174944911,9.52685976593782
 로,-0.5732735909929083,8.953586174944911,9.52685976593782
회 ,-0.5732735909929083,8.953586174944911,9.52685976593782
"요,",-0.5732735909929083,8.953586174944911,9.52685976593782
"님,",-0.5732735909929083,8.260438994384966,8.833712585377874
폐기,-0.5732735909929083,8.953586174944911,9.52685976593782
"님, ",-0.5732735909929083,8.260438994384966,8.833712585377874
 받으,-0.5732735909929083,8.953586174944911,9.52685976593782
"요, ",-0.5732735909929083,8.953586174944911,9.52685976593782
모든 ,-0.5732735909929083,8.953586174944911,9.52685976593782
:),-0.5732735909929083,8.953586174944911,9.52685976593782
:) ,-0.5732735909929083,8.953586174944911,9.52685976593782
네. ,-0.5732735909929083,8.953586174944911,9.52685976593782
모든,-0.5732735909929083,8.953586174944911,9.52685976593782
대검,-0.5732735909929083,8.953586174944911,9.52685976593782
대검찰,-0.5732735909929083,8.953586174944911,9.52685976593782
 폐기,-0.5732735909929083,8.953586174944911,9.52685976593782
대검찰청,-0.5732735909929083,8.953586174944911,9.52685976593782
검찰,-0.5732735909929083,8.953586174944911,9.52685976593782
 피,-0.5732735909929083,8.953586174944911,9.52685976593782
 +,-0.5808207966282914,8.494053845566471,9.074874642194763
 -,-0.5883114683574489,6.540653024782001,7.12896449313945
통지,-0.5938928781956427,8.799435495117654,9.393328373313297
하나은행,-0.5938928781956427,8.799435495117654,9.393328373313297
나은행,-0.5938928781956427,8.799435495117654,9.393328373313297
하나은,-0.5938928781956427,8.799435495117654,9.393328373313297
:0,-0.5938928781956427,8.106288314557709,8.700181192753352
44,-0.5938928781956427,8.799435495117654,9.393328373313297
명 ,-0.5938928781956445,8.393970387009489,8.987863265205133
** ,-0.6006725651810232,7.8275749120886875,8.42824747726971
리 ,-0.6048219487278352,8.302998608803762,8.907820557531597
 k,-0.6096412351637834,8.665904102493132,9.275545337656915
품이,-0.6096412351637834,8.665904102493132,9.275545337656915
", ",-0.6207401282318319,6.421212987917988,7.04195311614982
금이체가,-0.6220637551623405,9.241268247396693,9.863332002559034
14,-0.6220637551623405,8.548121066836748,9.170184821999088
",어디서",-0.6220637551623405,9.241268247396693,9.863332002559034
"제든,어",-0.6220637551623405,9.241268247396693,9.863332002559034
주)에이,-0.6220637551623405,9.241268247396693,9.863332002559034
부족,-0.6220637551623405,9.241268247396693,9.863332002559034
",어디",-0.6220637551623405,9.241268247396693,9.863332002559034
신청기관,-0.6220637551623405,9.241268247396693,9.863332002559034
계좌(,-0.6220637551623405,9.241268247396693,9.863332002559034
도파,-0.6220637551623405,9.241268247396693,9.863332002559034
소멸 ,-0.6220637551623405,9.241268247396693,9.863332002559034
11),-0.6220637551623405,9.241268247396693,9.863332002559034
주)에,-0.6220637551623405,9.241268247396693,9.863332002559034
도파우치,-0.6220637551623405,9.241268247396693,9.863332002559034
도파우,-0.6220637551623405,9.241268247396693,9.863332002559034
부자,-0.6220637551623405,9.241268247396693,9.863332002559034
부탁드립,-0.6220637551623405,8.548121066836748,9.170184821999088
부자번,-0.6220637551623405,9.241268247396693,9.863332002559034
부자번호,-0.6220637551623405,9.241268247396693,9.863332002559034
"제든,",-0.6220637551623405,9.241268247396693,9.863332002559034
고객님.,-0.6220637551623405,9.241268247396693,9.863332002559034
 (귀여,-0.6220637551623405,9.241268247396693,9.863332002559034
 복조리,-0.6220637551623405,9.241268247396693,9.863332002559034
 복조,-0.6220637551623405,9.241268247396693,9.863332002559034
계좌(9,-0.6220637551623405,9.241268247396693,9.863332002559034
위하여,-0.6220637551623405,9.241268247396693,9.863332002559034
 본인이,-0.6220637551623405,9.241268247396693,9.863332002559034
휴대용,-0.6220637551623405,9.241268247396693,9.863332002559034
휴대용/,-0.6220637551623405,9.241268247396693,9.863332002559034
74)에,-0.6220637551623405,9.241268247396693,9.863332002559034
납부자번,-0.6220637551623405,9.241268247396693,9.863332002559034
7405,-0.6220637551623405,9.241268247396693,9.863332002559034
이치,-0.6220637551623405,9.241268247396693,9.863332002559034
이치앤,-0.6220637551623405,9.241268247396693,9.863332002559034
납부자,-0.6220637551623405,9.241268247396693,9.863332002559034
출금을 ,-0.6220637551623405,9.241268247396693,9.863332002559034
",무엇이",-0.6220637551623405,9.241268247396693,9.863332002559034
",무엇",-0.6220637551623405,9.241268247396693,9.863332002559034
송예정시,-0.6220637551623405,9.241268247396693,9.863332002559034
나디 ,-0.6220637551623405,9.241268247396693,9.863332002559034
나디,-0.6220637551623405,9.241268247396693,9.863332002559034
이치앤에,-0.6220637551623405,9.241268247396693,9.863332002559034
유행하,-0.6220637551623405,9.241268247396693,9.863332002559034
05),-0.6220637551623405,9.241268247396693,9.863332002559034
05) ,-0.6220637551623405,9.241268247396693,9.863332002559034
송정보 ,-0.6220637551623405,9.241268247396693,9.863332002559034
송출,-0.6220637551623405,9.241268247396693,9.863332002559034
송출발,-0.6220637551623405,9.241268247396693,9.863332002559034
송출발],-0.6220637551623405,9.241268247396693,9.863332002559034
7-19,-0.6220637551623405,9.241268247396693,9.863332002559034
",어",-0.6220637551623405,9.241268247396693,9.863332002559034
좌(95,-0.6220637551623405,9.241268247396693,9.863332002559034
복조,-0.6220637551623405,9.241268247396693,9.863332002559034
부당출금,-0.6220637551623405,9.241268247396693,9.863332002559034
좌(9,-0.6220637551623405,9.241268247396693,9.863332002559034
부당출,-0.6220637551623405,9.241268247396693,9.863332002559034
부당,-0.6220637551623405,9.241268247396693,9.863332002559034
좌(,-0.6220637551623405,9.241268247396693,9.863332002559034
위하,-0.6220637551623405,9.241268247396693,9.863332002559034
-19,-0.6220637551623405,9.241268247396693,9.863332002559034
위하여 ,-0.6220637551623405,9.241268247396693,9.863332002559034
 (귀,-0.6220637551623405,9.241268247396693,9.863332002559034
기관명:,-0.6220637551623405,9.241268247396693,9.863332002559034
기관번,-0.6220637551623405,9.241268247396693,9.863332002559034
기관번호,-0.6220637551623405,9.241268247396693,9.863332002559034
 부당,-0.6220637551623405,9.241268247396693,9.863332002559034
 부당출,-0.6220637551623405,9.241268247396693,9.863332002559034
엇이든,-0.6220637551623405,9.241268247396693,9.863332002559034
본인이,-0.6220637551623405,9.241268247396693,9.863332002559034
조리 ,-0.6220637551623405,9.241268247396693,9.863332002559034
7-1,-0.6220637551623405,9.241268247396693,9.863332002559034
출금을,-0.6220637551623405,9.241268247396693,9.863332002559034
복조리 ,-0.6220637551623405,9.241268247396693,9.863332002559034
복조리,-0.6220637551623405,9.241268247396693,9.863332002559034
회사,-0.6220637551623405,9.241268247396693,9.863332002559034
운/,-0.6220637551623405,9.241268247396693,9.863332002559034
용/,-0.6220637551623405,9.241268247396693,9.863332002559034
 통지,-0.6220637551623405,9.241268247396693,9.863332002559034
/다,-0.6220637551623405,9.241268247396693,9.863332002559034
/다용,-0.6220637551623405,9.241268247396693,9.863332002559034
생일),-0.6220637551623405,9.241268247396693,9.863332002559034
생일) ,-0.6220637551623405,9.241268247396693,9.863332002559034
/다용도,-0.6220637551623405,9.241268247396693,9.863332002559034
 반갑,-0.6220637551623405,9.241268247396693,9.863332002559034
 반갑습,-0.6220637551623405,9.241268247396693,9.863332002559034
 통지하,-0.6220637551623405,9.241268247396693,9.863332002559034
4)에,-0.6220637551623405,9.241268247396693,9.863332002559034
4)에 ,-0.6220637551623405,9.241268247396693,9.863332002559034
4-74,-0.6220637551623405,9.241268247396693,9.863332002559034
405,-0.6220637551623405,9.241268247396693,9.863332002559034
이(연락,-0.6220637551623405,9.241268247396693,9.863332002559034
405),-0.6220637551623405,9.241268247396693,9.863332002559034
서든,-0.6220637551623405,9.241268247396693,9.863332002559034
시작,-0.6220637551623405,9.241268247396693,9.863332002559034
44-7,-0.6220637551623405,9.241268247396693,9.863332002559034
" 선택,",-0.6220637551623405,9.241268247396693,9.863332002559034
"서든,",-0.6220637551623405,9.241268247396693,9.863332002559034
사용안내,-0.6220637551623405,9.241268247396693,9.863332002559034
"서든,무",-0.6220637551623405,9.241268247396693,9.863332002559034
사용안,-0.6220637551623405,9.241268247396693,9.863332002559034
 소멸 ,-0.6220637551623405,9.241268247396693,9.863332002559034
이(연,-0.6220637551623405,9.241268247396693,9.863332002559034
 06,-0.6220637551623405,9.241268247396693,9.863332002559034
 파우치,-0.6220637551623405,9.241268247396693,9.863332002559034
 무인,-0.6220637551623405,9.241268247396693,9.863332002559034
"다,",-0.6220637551623405,9.241268247396693,9.863332002559034
우치/생,-0.6220637551623405,9.241268247396693,9.863332002559034
우치/,-0.6220637551623405,9.241268247396693,9.863332002559034
우치 ,-0.6220637551623405,9.241268247396693,9.863332002559034
운/휴대,-0.6220637551623405,9.241268247396693,9.863332002559034
다용,-0.6220637551623405,9.241268247396693,9.863332002559034
다용도,-0.6220637551623405,9.241268247396693,9.863332002559034
3)로 ,-0.6220637551623405,9.241268247396693,9.863332002559034
다용도파,-0.6220637551623405,9.241268247396693,9.863332002559034
확인할 ,-0.6220637551623405,9.241268247396693,9.863332002559034
3)로,-0.6220637551623405,9.241268247396693,9.863332002559034
귀여운/,-0.6220637551623405,9.241268247396693,9.863332002559034
확인할,-0.6220637551623405,9.241268247396693,9.863332002559034
 파우,-0.6220637551623405,9.241268247396693,9.863332002559034
33),-0.6220637551623405,9.241268247396693,9.863332002559034
정시간,-0.6220637551623405,9.241268247396693,9.863332002559034
33)로,-0.6220637551623405,9.241268247396693,9.863332002559034
 무인락,-0.6220637551623405,9.241268247396693,9.863332002559034
정시간 ,-0.6220637551623405,9.241268247396693,9.863332002559034
"습니다,",-0.6220637551623405,9.241268247396693,9.863332002559034
333),-0.6220637551623405,9.241268247396693,9.863332002559034
"다, ",-0.6220637551623405,9.241268247396693,9.863332002559034
출발],-0.6220637551623405,9.241268247396693,9.863332002559034
3333,-0.6220637551623405,9.241268247396693,9.863332002559034
닌 ,-0.6220637551623405,9.241268247396693,9.863332002559034
관번호:,-0.6220637551623405,9.241268247396693,9.863332002559034
 배송정,-0.6220637551623405,9.241268247396693,9.863332002559034
청기관명,-0.6220637551623405,9.241268247396693,9.863332002559034
 17-,-0.6220637551623405,9.241268247396693,9.863332002559034
금계좌(,-0.6220637551623405,9.241268247396693,9.863332002559034
이든 ,-0.6220637551623405,9.241268247396693,9.863332002559034
대용,-0.6220637551623405,9.241268247396693,9.863332002559034
대용/,-0.6220637551623405,9.241268247396693,9.863332002559034
대용/다,-0.6220637551623405,9.241268247396693,9.863332002559034
용도파우,-0.6220637551623405,9.241268247396693,9.863332002559034
 등록/,-0.6220637551623405,9.241268247396693,9.863332002559034
용도파,-0.6220637551623405,9.241268247396693,9.863332002559034
청기관,-0.6220637551623405,9.241268247396693,9.863332002559034
/휴,-0.6220637551623405,9.241268247396693,9.863332002559034
운/휴,-0.6220637551623405,9.241268247396693,9.863332002559034
5) ,-0.6220637551623405,9.241268247396693,9.863332002559034
19시 ,-0.6220637551623405,9.241268247396693,9.863332002559034
-740,-0.6220637551623405,9.241268247396693,9.863332002559034
/휴대용,-0.6220637551623405,9.241268247396693,9.863332002559034
17-1,-0.6220637551623405,9.241268247396693,9.863332002559034
-74,-0.6220637551623405,9.241268247396693,9.863332002559034
-333,-0.6220637551623405,9.241268247396693,9.863332002559034
-33,-0.6220637551623405,9.241268247396693,9.863332002559034
용/다용,-0.6220637551623405,9.241268247396693,9.863332002559034
17-,-0.6220637551623405,9.241268247396693,9.863332002559034
용/다,-0.6220637551623405,9.241268247396693,9.863332002559034
-19시,-0.6220637551623405,9.241268247396693,9.863332002559034
"선택, ",-0.6220637551623405,9.241268247396693,9.863332002559034
용안내 ,-0.6220637551623405,9.241268247396693,9.863332002559034
"선택,",-0.6220637551623405,9.241268247396693,9.863332002559034
이든,-0.6220637551623405,9.241268247396693,9.863332002559034
관번호,-0.6220637551623405,9.241268247396693,9.863332002559034
관번,-0.6220637551623405,9.241268247396693,9.863332002559034
 사용안,-0.6220637551623405,9.241268247396693,9.863332002559034
관명: ,-0.6220637551623405,9.241268247396693,9.863332002559034
관명:,-0.6220637551623405,9.241268247396693,9.863332002559034
/생,-0.6220637551623405,9.241268247396693,9.863332002559034
당출,-0.6220637551623405,9.241268247396693,9.863332002559034
당출금,-0.6220637551623405,9.241268247396693,9.863332002559034
/생일,-0.6220637551623405,9.241268247396693,9.863332002559034
당출금을,-0.6220637551623405,9.241268247396693,9.863332002559034
/생일),-0.6220637551623405,9.241268247396693,9.863332002559034
처:,-0.6220637551623405,9.241268247396693,9.863332002559034
처: ,-0.6220637551623405,9.241268247396693,9.863332002559034
 (주),-0.6220637551623405,9.241268247396693,9.863332002559034
 (주,-0.6220637551623405,9.241268247396693,9.863332002559034
 164,-0.6220637551623405,9.241268247396693,9.863332002559034
/조,-0.6220637551623405,9.241268247396693,9.863332002559034
/조회,-0.6220637551623405,9.241268247396693,9.863332002559034
574,-0.6220637551623405,9.241268247396693,9.863332002559034
/조회 ,-0.6220637551623405,9.241268247396693,9.863332002559034
574),-0.6220637551623405,9.241268247396693,9.863332002559034
"니다, ",-0.6220637551623405,9.241268247396693,9.863332002559034
"니다,",-0.6220637551623405,9.241268247396693,9.863332002559034
/휴대,-0.6220637551623405,9.241268247396693,9.863332002559034
엇이든 ,-0.6220637551623405,9.241268247396693,9.863332002559034
록/,-0.6220637551623405,9.241268247396693,9.863332002559034
가나디 ,-0.6220637551623405,9.241268247396693,9.863332002559034
 위하여,-0.6220637551623405,9.241268247396693,9.863332002559034
_배송출,-0.6220637551623405,9.241268247396693,9.863332002559034
 위하,-0.6220637551623405,9.241268247396693,9.863332002559034
탁드립,-0.6220637551623405,8.548121066836748,9.170184821999088
탁드립니,-0.6220637551623405,8.548121066836748,9.170184821999088
자번호:,-0.6220637551623405,9.241268247396693,9.863332002559034
c*,-0.6220637551623405,9.241268247396693,9.863332002559034
c**,-0.6220637551623405,9.241268247396693,9.863332002559034
c***,-0.6220637551623405,9.241268247396693,9.863332002559034
자번호,-0.6220637551623405,9.241268247396693,9.863332002559034
자번,-0.6220637551623405,9.241268247396693,9.863332002559034
가나디,-0.6220637551623405,9.241268247396693,9.863332002559034
e)!,-0.6220637551623405,9.241268247396693,9.863332002559034
가나,-0.6220637551623405,9.241268247396693,9.863332002559034
9-3,-0.6220637551623405,9.241268247396693,9.863332002559034
록/조,-0.6220637551623405,9.241268247396693,9.863332002559034
"택,",-0.6220637551623405,9.241268247396693,9.863332002559034
"택, ",-0.6220637551623405,9.241268247396693,9.863332002559034
록/조회,-0.6220637551623405,9.241268247396693,9.863332002559034
록되었,-0.6220637551623405,9.241268247396693,9.863332002559034
록되었습,-0.6220637551623405,9.241268247396693,9.863332002559034
 c**,-0.6220637551623405,9.241268247396693,9.863332002559034
터(15,-0.6220637551623405,9.241268247396693,9.863332002559034
)에이치,-0.6220637551623405,9.241268247396693,9.863332002559034
 c*,-0.6220637551623405,9.241268247396693,9.863332002559034
예방하,-0.6220637551623405,9.241268247396693,9.863332002559034
예방하기,-0.6220637551623405,9.241268247396693,9.863332002559034
 아래와,-0.6220637551623405,9.241268247396693,9.863332002559034
"디서든,",-0.6220637551623405,9.241268247396693,9.863332002559034
아래와,-0.6220637551623405,9.241268247396693,9.863332002559034
아래와 ,-0.6220637551623405,9.241268247396693,9.863332002559034
 확인할,-0.6220637551623405,9.241268247396693,9.863332002559034
인락커 ,-0.6220637551623405,9.241268247396693,9.863332002559034
락처,-0.6220637551623405,9.241268247396693,9.863332002559034
락처:,-0.6220637551623405,9.241268247396693,9.863332002559034
락처: ,-0.6220637551623405,9.241268247396693,9.863332002559034
락커,-0.6220637551623405,9.241268247396693,9.863332002559034
락커 ,-0.6220637551623405,9.241268247396693,9.863332002559034
발] ,-0.6220637551623405,9.241268247396693,9.863332002559034
발],-0.6220637551623405,9.241268247396693,9.863332002559034
예정시간,-0.6220637551623405,9.241268247396693,9.863332002559034
예정시,-0.6220637551623405,9.241268247396693,9.863332002559034
반갑습니,-0.6220637551623405,9.241268247396693,9.863332002559034
반갑습,-0.6220637551623405,9.241268247396693,9.863332002559034
반갑,-0.6220637551623405,9.241268247396693,9.863332002559034
래와,-0.6220637551623405,9.241268247396693,9.863332002559034
래와 ,-0.6220637551623405,9.241268247396693,9.863332002559034
갑습니다,-0.6220637551623405,9.241268247396693,9.863332002559034
갑습니,-0.6220637551623405,9.241268247396693,9.863332002559034
갑습,-0.6220637551623405,9.241268247396693,9.863332002559034
 아닌 ,-0.6220637551623405,9.241268247396693,9.863332002559034
)에이,-0.6220637551623405,9.241268247396693,9.863332002559034
e)! ,-0.6220637551623405,9.241268247396693,9.863332002559034
디서든,-0.6220637551623405,9.241268247396693,9.863332002559034
에프 ,-0.6220637551623405,9.241268247396693,9.863332002559034
파우치/,-0.6220637551623405,9.241268247396693,9.863332002559034
(연락처,-0.6220637551623405,9.241268247396693,9.863332002559034
어디서든,-0.6220637551623405,9.241268247396693,9.863332002559034
(연락,-0.6220637551623405,9.241268247396693,9.863332002559034
(연,-0.6220637551623405,9.241268247396693,9.863332002559034
페이 ,-0.6220637551623405,9.241268247396693,9.863332002559034
페이(,-0.6220637551623405,9.241268247396693,9.863332002559034
 예방하,-0.6220637551623405,9.241268247396693,9.863332002559034
인할,-0.6220637551623405,9.241268247396693,9.863332002559034
페이(연,-0.6220637551623405,9.241268247396693,9.863332002559034
인할 ,-0.6220637551623405,9.241268247396693,9.863332002559034
에프,-0.6220637551623405,9.241268247396693,9.863332002559034
무인락커,-0.6220637551623405,9.241268247396693,9.863332002559034
에이치앤,-0.6220637551623405,9.241268247396693,9.863332002559034
 오네(,-0.6220637551623405,9.241268247396693,9.863332002559034
(귀여운,-0.6220637551623405,9.241268247396693,9.863332002559034
(귀여,-0.6220637551623405,9.241268247396693,9.863332002559034
에이치,-0.6220637551623405,9.241268247396693,9.863332002559034
"언제든,",-0.6220637551623405,9.241268247396693,9.863332002559034
(귀,-0.6220637551623405,9.241268247396693,9.863332002559034
(9,-0.6220637551623405,9.241268247396693,9.863332002559034
(957,-0.6220637551623405,9.241268247396693,9.863332002559034
(95,-0.6220637551623405,9.241268247396693,9.863332002559034
엇이,-0.6220637551623405,9.241268247396693,9.863332002559034
ne)!,-0.6220637551623405,9.241268247396693,9.863332002559034
파우치 ,-0.6220637551623405,9.241268247396693,9.863332002559034
 ㅋ,-0.6220637551623405,9.241268247396693,9.863332002559034
 ㅋㅋ,-0.6220637551623405,9.241268247396693,9.863332002559034
무인락,-0.6220637551623405,9.241268247396693,9.863332002559034
무인,-0.6220637551623405,9.241268247396693,9.863332002559034
무엇이든,-0.6220637551623405,9.241268247396693,9.863332002559034
무엇이,-0.6220637551623405,9.241268247396693,9.863332002559034
무엇,-0.6220637551623405,9.241268247396693,9.863332002559034
 거야?,-0.6220637551623405,9.241268247396693,9.863332002559034
 거야,-0.6220637551623405,9.241268247396693,9.863332002559034
연락처:,-0.6220637551623405,9.241268247396693,9.863332002559034
연락처,-0.6220637551623405,9.241268247396693,9.863332002559034
(주)에,-0.6220637551623405,9.241268247396693,9.863332002559034
(주),-0.6220637551623405,9.241268247396693,9.863332002559034
 가입,-0.6220637551623405,8.548121066836748,9.170184821999088
여운/휴,-0.6220637551623405,9.241268247396693,9.863332002559034
여운/,-0.6220637551623405,9.241268247396693,9.863332002559034
통지하,-0.6220637551623405,9.241268247396693,9.863332002559034
통지하고,-0.6220637551623405,9.241268247396693,9.863332002559034
앤에,-0.6220637551623405,9.241268247396693,9.863332002559034
 가나디,-0.6220637551623405,9.241268247396693,9.863332002559034
앤에프,-0.6220637551623405,9.241268247396693,9.863332002559034
앤에프 ,-0.6220637551623405,9.241268247396693,9.863332002559034
 가나,-0.6220637551623405,9.241268247396693,9.863332002559034
(159,-0.6220637551623405,9.241268247396693,9.863332002559034
 ㅋㅋ.,-0.6220637551623405,9.241268247396693,9.863332002559034
아님의 ,-0.6220637551623405,9.241268247396693,9.863332002559034
본인이 ,-0.6220637551623405,9.241268247396693,9.863332002559034
 [nh,-0.6220637551623405,9.241268247396693,9.863332002559034
치앤,-0.6220637551623405,9.241268247396693,9.863332002559034
커 ,-0.6220637551623405,9.241268247396693,9.863332002559034
치앤에,-0.6220637551623405,9.241268247396693,9.863332002559034
:36,-0.6220637551623405,9.241268247396693,9.863332002559034
등록/조,-0.6220637551623405,9.241268247396693,9.863332002559034
방하,-0.6220637551623405,9.241268247396693,9.863332002559034
"든,무",-0.6220637551623405,9.241268247396693,9.863332002559034
방하기 ,-0.6220637551623405,9.241268247396693,9.863332002559034
객님. ,-0.6220637551623405,9.241268247396693,9.863332002559034
 기관번,-0.6220637551623405,9.241268247396693,9.863332002559034
오페이 ,-0.6220637551623405,9.241268247396693,9.863332002559034
등록/,-0.6220637551623405,9.241268247396693,9.863332002559034
인락,-0.6220637551623405,9.241268247396693,9.863332002559034
방하기,-0.6220637551623405,9.241268247396693,9.863332002559034
인락커,-0.6220637551623405,9.241268247396693,9.863332002559034
출발] ,-0.6220637551623405,9.241268247396693,9.863332002559034
배송정,-0.6220637551623405,9.241268247396693,9.863332002559034
치앤에프,-0.6220637551623405,9.241268247396693,9.863332002559034
배송정보,-0.6220637551623405,9.241268247396693,9.863332002559034
*아님의,-0.6220637551623405,9.241268247396693,9.863332002559034
99-3,-0.6220637551623405,9.241268247396693,9.863332002559034
 납부자,-0.6220637551623405,9.241268247396693,9.863332002559034
배송출,-0.6220637551623405,9.241268247396693,9.863332002559034
배송출발,-0.6220637551623405,9.241268247396693,9.863332002559034
아닌 ,-0.6220637551623405,9.241268247396693,9.863332002559034
"든,무엇",-0.6220637551623405,9.241268247396693,9.863332002559034
"든,어디",-0.6220637551623405,9.241268247396693,9.863332002559034
아님의,-0.6220637551623405,9.241268247396693,9.863332002559034
9574,-0.6220637551623405,9.241268247396693,9.863332002559034
"든,어",-0.6220637551623405,9.241268247396693,9.863332002559034
치/생일,-0.6220637551623405,9.241268247396693,9.863332002559034
9-33,-0.6220637551623405,9.241268247396693,9.863332002559034
치/생,-0.6220637551623405,9.241268247396693,9.863332002559034
등록되었,-0.6220637551623405,9.241268247396693,9.863332002559034
치/,-0.6220637551623405,9.241268247396693,9.863332002559034
 [n,-0.6220637551623405,9.241268247396693,9.863332002559034
오페이(,-0.6220637551623405,9.241268247396693,9.863332002559034
객님.,-0.6220637551623405,9.241268247396693,9.863332002559034
:00,-0.6220637551623422,8.142655958728582,8.764719713890925
고객,-0.6247701167600841,7.134427731528742,7.759197848288826
21,-0.6321140910158416,8.442760551178921,9.074874642194763
혜택이 ,-0.6404128938305362,9.040597551934543,9.681010445765079
 10시,-0.6404128938305362,9.040597551934543,9.681010445765079
택이,-0.6404128938305362,9.040597551934543,9.681010445765079
자에 ,-0.6404128938305362,9.040597551934543,9.681010445765079
용하고,-0.6404128938305362,9.040597551934543,9.681010445765079
혜택이,-0.6404128938305362,9.040597551934543,9.681010445765079
 kb,-0.6404128938305362,9.040597551934543,9.681010445765079
 kb국,-0.6404128938305362,9.040597551934543,9.681010445765079
 혜택이,-0.6404128938305362,9.040597551934543,9.681010445765079
택이 ,-0.6404128938305362,9.040597551934543,9.681010445765079
민국,-0.6404128938305362,9.040597551934543,9.681010445765079
바람,-0.6404128938305362,9.040597551934543,9.681010445765079
바람 ,-0.6404128938305362,9.040597551934543,9.681010445765079
번호로 ,-0.6404128938305362,9.040597551934543,9.681010445765079
00 ,-0.6404128938305362,8.347450371374597,8.987863265205133
^),-0.6404128938305362,9.040597551934543,9.681010445765079
30~,-0.6404128938305362,9.040597551934543,9.681010445765079
차량,-0.6404128938305362,9.040597551934543,9.681010445765079
장하시,-0.6404128938305362,9.040597551934543,9.681010445765079
완료],-0.6404128938305362,9.040597551934543,9.681010445765079
가능 ,-0.6404128938305362,8.347450371374597,8.987863265205133
c ,-0.6404128938305362,9.040597551934543,9.681010445765079
가세요,-0.6404128938305362,9.040597551934543,9.681010445765079
호로 ,-0.6404128938305362,9.040597551934543,9.681010445765079
지하,-0.6404128938305362,9.040597551934543,9.681010445765079
호로,-0.6404128938305362,9.040597551934543,9.681010445765079
10시,-0.6404128938305362,9.040597551934543,9.681010445765079
가세,-0.6404128938305362,9.040597551934543,9.681010445765079
아가세요,-0.6404128938305362,9.040597551934543,9.681010445765079
아가세,-0.6404128938305362,9.040597551934543,9.681010445765079
의사,-0.6404128938305362,9.040597551934543,9.681010445765079
물 ,-0.6404128938305362,9.040597551934543,9.681010445765079
어. ,-0.6404128938305362,9.040597551934543,9.681010445765079
 9시,-0.6404128938305362,9.040597551934543,9.681010445765079
완료] ,-0.6404128938305362,9.040597551934543,9.681010445765079
번호로,-0.6404128938305362,9.040597551934543,9.681010445765079
기하,-0.6404128938305362,9.040597551934543,9.681010445765079
 뭐,-0.6404128938305362,9.040597551934543,9.681010445765079
받아가,-0.6404128938305362,9.040597551934543,9.681010445765079
받아가세,-0.6404128938305362,9.040597551934543,9.681010445765079
료] ,-0.6404128938305362,9.040597551934543,9.681010445765079
 비용은,-0.6404128938305362,9.040597551934543,9.681010445765079
장하시면,-0.6404128938305362,9.040597551934543,9.681010445765079
 받아가,-0.6404128938305362,9.040597551934543,9.681010445765079
능 ,-0.6404128938305362,8.347450371374597,8.987863265205133
 우리,-0.6404128938305362,9.040597551934543,9.681010445765079
 따라,-0.6404128938305362,9.040597551934543,9.681010445765079
/선,-0.6404128938305362,9.040597551934543,9.681010445765079
 숫,-0.6404128938305362,9.040597551934543,9.681010445765079
제2,-0.6404128938305362,9.040597551934543,9.681010445765079
제20,-0.6404128938305362,9.040597551934543,9.681010445765079
액은,-0.6404128938305362,9.040597551934543,9.681010445765079
 숫자,-0.6404128938305362,9.040597551934543,9.681010445765079
액은 ,-0.6404128938305362,9.040597551934543,9.681010445765079
대한민,-0.6404128938305362,9.040597551934543,9.681010445765079
대한민국,-0.6404128938305362,9.040597551934543,9.681010445765079
은행 ,-0.6404128938305362,8.347450371374597,8.987863265205133
 동,-0.6404128938305362,8.347450371374597,8.987863265205133
분으로,-0.6404128938305362,9.040597551934543,9.681010445765079
분으,-0.6404128938305362,9.040597551934543,9.681010445765079
 실적,-0.6404128938305362,9.040597551934543,9.681010445765079
따라,-0.6404128938305362,9.040597551934543,9.681010445765079
 제2,-0.6404128938305362,9.040597551934543,9.681010445765079
신도,-0.6404128938305362,9.040597551934543,9.681010445765079
실적,-0.6404128938305362,9.040597551934543,9.681010445765079
한민국,-0.6404128938305362,9.040597551934543,9.681010445765079
비용은 ,-0.6404128938305362,9.040597551934543,9.681010445765079
비용은,-0.6404128938305362,9.040597551934543,9.681010445765079
비용,-0.6404128938305362,9.040597551934543,9.681010445765079
0분으로,-0.6404128938305362,9.040597551934543,9.681010445765079
0분으,-0.6404128938305362,9.040597551934543,9.681010445765079
거래 ,-0.6404128938305362,9.040597551934543,9.681010445765079
 비용,-0.6404128938305362,9.040597551934543,9.681010445765079
 카드 ,-0.6404128938305362,8.347450371374597,8.987863265205133
 제20,-0.6404128938305362,9.040597551934543,9.681010445765079
금액은 ,-0.6404128938305362,9.040597551934543,9.681010445765079
금액은,-0.6404128938305362,9.040597551934543,9.681010445765079
료],-0.6404128938305362,9.040597551934543,9.681010445765079
한민,-0.6404128938305362,9.040597551934543,9.681010445765079
 158,-0.6404128938305362,9.040597551934543,9.681010445765079
0~,-0.6404128938305362,9.040597551934543,9.681010445765079
 번호로,-0.6404128938305362,9.040597551934543,9.681010445765079
 [토스,-0.6404128938305362,9.040597551934543,9.681010445765079
 [토,-0.6404128938305362,9.040597551934543,9.681010445765079
람 ,-0.6404128938305362,9.040597551934543,9.681010445765079
주셔,-0.6404128938305362,9.040597551934543,9.681010445765079
[우리,-0.6404128938305362,9.040597551934543,9.681010445765079
[신한은,-0.6404128938305362,9.040597551934543,9.681010445765079
만족,-0.6404128938305362,9.040597551934543,9.681010445765079
인하기,-0.6533162986664447,8.873543467271375,9.52685976593782
확인하기,-0.6533162986664447,8.873543467271375,9.52685976593782
숫자,-0.6533162986664447,8.18039628671143,8.833712585377874
네.,-0.6533162986664447,8.873543467271375,9.52685976593782
인하기 ,-0.6533162986664447,8.873543467271375,9.52685976593782
번호:,-0.6533162986664447,8.873543467271375,9.52685976593782
호:,-0.6533162986664447,8.873543467271375,9.52685976593782
식 ,-0.6533162986664447,8.873543467271375,9.52685976593782
민원,-0.6533162986664447,8.873543467271375,9.52685976593782
하시면 ,-0.6584313993332156,8.106288314557709,8.764719713890925
하시면,-0.6584313993332156,8.106288314557709,8.764719713890925
국민은,-0.6628857496825944,8.730442623630703,9.393328373313297
농협,-0.6628857496825944,8.730442623630703,9.393328373313297
한은행,-0.6628857496825944,8.730442623630703,9.393328373313297
민은행,-0.6628857496825944,8.730442623630703,9.393328373313297
민은,-0.6628857496825944,8.730442623630703,9.393328373313297
신한은행,-0.6628857496825944,8.730442623630703,9.393328373313297
국민은행,-0.6628857496825944,8.730442623630703,9.393328373313297
수신,-0.6628857496825944,8.037295443070757,8.700181192753352
 30,-0.6628857496825944,8.037295443070757,8.700181192753352
신한은,-0.6628857496825944,8.730442623630703,9.393328373313297
랑 ,-0.6628857496825944,8.730442623630703,9.393328373313297
폰 ,-0.6628857496825953,7.631830334962593,8.294716084645188
"며,",-0.6702658569802189,8.605279480676696,9.275545337656915
9:,-0.6702658569802189,8.605279480676696,9.275545337656915
된 ,-0.6702658569802189,8.605279480676696,9.275545337656915
"며, ",-0.6702658569802189,8.605279480676696,9.275545337656915
 고객,-0.6747805373347449,7.134427731528742,7.809208268863487
신분,-0.6761309764326171,8.494053845566471,9.170184821999088
 영,-0.6809042551852738,8.393970387009489,9.074874642194763
 안내 ,-0.6848646564013716,8.302998608803762,8.987863265205133
용하,-0.6935227191444859,8.071196994746439,8.764719713890925
스 ,-0.6975713076704864,7.941985263266432,8.639556570936918
 ■,-0.7033267192411063,7.724920758028604,8.42824747726971
신거부,-0.7274242708201655,8.347450371374597,9.074874642194763
신거,-0.7274242708201655,8.347450371374597,9.074874642194763
수신거부,-0.7274242708201655,8.347450371374597,9.074874642194763
거부,-0.7274242708201655,8.347450371374597,9.074874642194763
 ▶,-0.7274242708201655,8.665904102493132,9.393328373313297
수신거,-0.7274242708201655,8.347450371374597,9.074874642194763
[신한,-0.7274242708201655,8.799435495117654,9.52685976593782
당사,-0.7274242708201655,8.665904102493132,9.393328373313297
 [cj,-0.7274242708201655,8.799435495117654,9.52685976593782
한은,-0.7274242708201655,8.665904102493132,9.393328373313297
2 ,-0.7274242708201655,8.665904102493132,9.393328373313297
님의 ,-0.7274242708201664,7.972756921933185,8.700181192753352
님의,-0.7274242708201664,7.972756921933185,8.700181192753352
으려면,-0.7274242708201673,9.135907731738866,9.863332002559034
약이,-0.7274242708201673,9.135907731738866,9.863332002559034
유료주차,-0.7274242708201673,9.135907731738866,9.863332002559034
약 ,-0.7274242708201673,9.135907731738866,9.863332002559034
약된 ,-0.7274242708201673,9.135907731738866,9.863332002559034
(433,-0.7274242708201673,9.135907731738866,9.863332002559034
 카페가,-0.7274242708201673,9.135907731738866,9.863332002559034
있는데요,-0.7274242708201673,9.135907731738866,9.863332002559034
약된,-0.7274242708201673,9.135907731738866,9.863332002559034
(제,-0.7274242708201673,9.135907731738866,9.863332002559034
'스미,-0.7274242708201673,9.135907731738866,9.863332002559034
 불가),-0.7274242708201673,9.135907731738866,9.863332002559034
일오,-0.7274242708201673,9.135907731738866,9.863332002559034
'스미싱,-0.7274242708201673,9.135907731738866,9.863332002559034
제공,-0.7274242708201673,8.953586174944911,9.681010445765079
 오시면,-0.7274242708201673,9.135907731738866,9.863332002559034
 여행 ,-0.7274242708201673,9.135907731738866,9.863332002559034
일에 ,-0.7274242708201673,8.953586174944911,9.681010445765079
오시면 ,-0.7274242708201673,9.135907731738866,9.863332002559034
(suv,-0.7274242708201673,9.135907731738866,9.863332002559034
 불,-0.7274242708201673,7.854973886276802,8.58239815709697
여운,-0.7274242708201673,9.135907731738866,9.863332002559034
싱예,-0.7274242708201673,9.135907731738866,9.863332002559034
제4,-0.7274242708201673,9.135907731738866,9.863332002559034
일매,-0.7274242708201673,9.135907731738866,9.863332002559034
 이용해,-0.7274242708201673,8.953586174944911,9.681010445765079
제4공,-0.7274242708201673,9.135907731738866,9.863332002559034
일매일,-0.7274242708201673,9.135907731738866,9.863332002559034
제4공영,-0.7274242708201673,9.135907731738866,9.863332002559034
일매일 ,-0.7274242708201673,9.135907731738866,9.863332002559034
원되,-0.7274242708201673,9.135907731738866,9.863332002559034
(s,-0.7274242708201673,9.135907731738866,9.863332002559034
원되지,-0.7274242708201673,9.135907731738866,9.863332002559034
(su,-0.7274242708201673,9.135907731738866,9.863332002559034
원되지 ,-0.7274242708201673,9.135907731738866,9.863332002559034
업시간 ,-0.7274242708201673,9.135907731738866,9.863332002559034
 지도,-0.7274242708201673,9.135907731738866,9.863332002559034
업시간,-0.7274242708201673,9.135907731738866,9.863332002559034
업시,-0.7274242708201673,9.135907731738866,9.863332002559034
'가,-0.7274242708201673,9.135907731738866,9.863332002559034
 엠퍼,-0.7274242708201673,9.135907731738866,9.863332002559034
수자(위,-0.7274242708201673,9.135907731738866,9.863332002559034
'가 ,-0.7274242708201673,9.135907731738866,9.863332002559034
'스,-0.7274242708201673,9.135907731738866,9.863332002559034
 엠퍼러,-0.7274242708201673,9.135907731738866,9.863332002559034
으려면?,-0.7274242708201673,9.135907731738866,9.863332002559034
(제휴사,-0.7274242708201673,9.135907731738866,9.863332002559034
(제휴,-0.7274242708201673,9.135907731738866,9.863332002559034
약이 ,-0.7274242708201673,9.135907731738866,9.863332002559034
제목,-0.7274242708201673,9.135907731738866,9.863332002559034
유료주,-0.7274242708201673,9.135907731738866,9.863332002559034
완료되었,-0.7274242708201673,8.953586174944911,9.681010445765079
 출금계,-0.7274242708201673,9.135907731738866,9.863332002559034
(예약된,-0.7274242708201673,9.135907731738866,9.863332002559034
(예약,-0.7274242708201673,9.135907731738866,9.863332002559034
0088,-0.7274242708201673,9.135907731738866,9.863332002559034
(예,-0.7274242708201673,9.135907731738866,9.863332002559034
"입차, ",-0.7274242708201673,9.135907731738866,9.863332002559034
008,-0.7274242708201673,9.135907731738866,9.863332002559034
 진료,-0.7274242708201673,9.135907731738866,9.863332002559034
 주차료,-0.7274242708201673,9.135907731738866,9.863332002559034
싱예방서,-0.7274242708201673,9.135907731738866,9.863332002559034
"입차,",-0.7274242708201673,9.135907731738866,9.863332002559034
 주차타,-0.7274242708201673,9.135907731738866,9.863332002559034
 오네 ,-0.7274242708201673,9.135907731738866,9.863332002559034
(위,-0.7274242708201673,9.135907731738866,9.863332002559034
엠퍼러,-0.7274242708201673,9.135907731738866,9.863332002559034
완료되,-0.7274242708201673,8.953586174944911,9.681010445765079
",내부통",-0.7274242708201673,9.135907731738866,9.863332002559034
입차,-0.7274242708201673,9.135907731738866,9.863332002559034
엠퍼,-0.7274242708201673,9.135907731738866,9.863332002559034
제목없,-0.7274242708201673,9.135907731738866,9.863332002559034
입니다!,-0.7274242708201673,8.953586174944911,9.681010445765079
",내부",-0.7274242708201673,9.135907731738866,9.863332002559034
 예약이,-0.7274242708201673,9.135907731738866,9.863332002559034
 예상환,-0.7274242708201673,9.135907731738866,9.863332002559034
 최초 ,-0.7274242708201673,9.135907731738866,9.863332002559034
",내",-0.7274242708201673,9.135907731738866,9.863332002559034
 이용으,-0.7274242708201673,9.135907731738866,9.863332002559034
제목없음,-0.7274242708201673,9.135907731738866,9.863332002559034
일오네,-0.7274242708201673,9.135907731738866,9.863332002559034
 출차,-0.7274242708201673,9.135907731738866,9.863332002559034
유료,-0.7274242708201673,9.135907731738866,9.863332002559034
일오네(,-0.7274242708201673,9.135907731738866,9.863332002559034
(위탁장,-0.7274242708201673,9.135907731738866,9.863332002559034
"일, ",-0.7274242708201673,9.135907731738866,9.863332002559034
수자(,-0.7274242708201673,9.135907731738866,9.863332002559034
수자,-0.7274242708201673,9.135907731738866,9.863332002559034
 지도 ,-0.7274242708201673,9.135907731738866,9.863332002559034
 최초,-0.7274242708201673,9.135907731738866,9.863332002559034
 해당사,-0.7274242708201673,9.135907731738866,9.863332002559034
 출차 ,-0.7274242708201673,9.135907731738866,9.863332002559034
(16,-0.7274242708201673,9.135907731738866,9.863332002559034
(164,-0.7274242708201673,9.135907731738866,9.863332002559034
언제 ,-0.7274242708201673,9.135907731738866,9.863332002559034
 브라운,-0.7274242708201673,9.135907731738866,9.863332002559034
 영업시,-0.7274242708201673,9.135907731738866,9.863332002559034
엠퍼러웍,-0.7274242708201673,9.135907731738866,9.863332002559034
 신부제,-0.7274242708201673,9.135907731738866,9.863332002559034
언어 ,-0.7274242708201673,9.135907731738866,9.863332002559034
 브,-0.7274242708201673,9.135907731738866,9.863332002559034
 브라,-0.7274242708201673,9.135907731738866,9.863332002559034
어회화스,-0.7274242708201673,9.135907731738866,9.863332002559034
(위탁,-0.7274242708201673,9.135907731738866,9.863332002559034
"일,",-0.7274242708201673,9.135907731738866,9.863332002559034
어있는데,-0.7274242708201673,9.135907731738866,9.863332002559034
어있는,-0.7274242708201673,9.135907731738866,9.863332002559034
 완료,-0.7274242708201673,8.260438994384966,8.987863265205133
 지원되,-0.7274242708201673,9.135907731738866,9.863332002559034
" 원,",-0.7274242708201673,9.135907731738866,9.863332002559034
스',-0.7274242708201673,9.135907731738866,9.863332002559034
 신0,-0.7274242708201673,9.135907731738866,9.863332002559034
 아플,-0.7274242708201673,9.135907731738866,9.863332002559034
 자동으,-0.7274242708201673,9.135907731738866,9.863332002559034
 설명,-0.7274242708201673,8.953586174944911,9.681010445765079
이(,-0.7274242708201673,9.135907731738866,9.863332002559034
 플레임,-0.7274242708201673,9.135907731738866,9.863332002559034
예방서,-0.7274242708201673,9.135907731738866,9.863332002559034
*구,-0.7274242708201673,9.135907731738866,9.863332002559034
예방서비,-0.7274242708201673,9.135907731738866,9.863332002559034
 평균),-0.7274242708201673,9.135907731738866,9.863332002559034
 평일,-0.7274242708201673,9.135907731738866,9.863332002559034
 평일 ,-0.7274242708201673,9.135907731738866,9.863332002559034
.0,-0.7274242708201673,8.442760551178921,9.170184821999088
.* ,-0.7274242708201673,9.135907731738866,9.863332002559034
신0,-0.7274242708201673,9.135907731738866,9.863332002559034
신0점,-0.7274242708201673,9.135907731738866,9.863332002559034
신0점 ,-0.7274242708201673,9.135907731738866,9.863332002559034
예상환,-0.7274242708201673,9.135907731738866,9.863332002559034
 평균,-0.7274242708201673,9.135907731738866,9.863332002559034
정각,-0.7274242708201673,9.135907731738866,9.863332002559034
정각에,-0.7274242708201673,9.135907731738866,9.863332002559034
 편리,-0.7274242708201673,9.135907731738866,9.863332002559034
*우],-0.7274242708201673,9.135907731738866,9.863332002559034
 않아,-0.7274242708201673,8.953586174944911,9.681010445765079
.ㆍ보내,-0.7274242708201673,9.135907731738866,9.863332002559034
.ㆍ보,-0.7274242708201673,9.135907731738866,9.863332002559034
 선불 ,-0.7274242708201673,9.135907731738866,9.863332002559034
.ㆍ,-0.7274242708201673,9.135907731738866,9.863332002559034
영업시,-0.7274242708201673,9.135907731738866,9.863332002559034
 선불충,-0.7274242708201673,9.135907731738866,9.863332002559034
정각에 ,-0.7274242708201673,9.135907731738866,9.863332002559034
시설,-0.7274242708201673,9.135907731738866,9.863332002559034
시설관,-0.7274242708201673,9.135907731738866,9.863332002559034
영업시간,-0.7274242708201673,9.135907731738866,9.863332002559034
시설관리,-0.7274242708201673,9.135907731738866,9.863332002559034
 편안,-0.7274242708201673,9.135907731738866,9.863332002559034
 편안한,-0.7274242708201673,9.135907731738866,9.863332002559034
 아플리,-0.7274242708201673,9.135907731738866,9.863332002559034
예상환급,-0.7274242708201673,9.135907731738866,9.863332002559034
.*,-0.7274242708201673,9.135907731738866,9.863332002559034
*구 ,-0.7274242708201673,9.135907731738866,9.863332002559034
 시설,-0.7274242708201673,9.135907731738866,9.863332002559034
아플,-0.7274242708201673,9.135907731738866,9.863332002559034
*수님의,-0.7274242708201673,9.135907731738866,9.863332002559034
" 일, ",-0.7274242708201673,9.135907731738866,9.863332002559034
신부제,-0.7274242708201673,9.135907731738866,9.863332002559034
-008,-0.7274242708201673,9.135907731738866,9.863332002559034
 시설관,-0.7274242708201673,9.135907731738866,9.863332002559034
신부제4,-0.7274242708201673,9.135907731738866,9.863332002559034
 시간정,-0.7274242708201673,9.135907731738866,9.863332002559034
신부유,-0.7274242708201673,9.135907731738866,9.863332002559034
 환급신,-0.7274242708201673,9.135907731738866,9.863332002559034
인수자,-0.7274242708201673,9.135907731738866,9.863332002559034
" 입차,",-0.7274242708201673,9.135907731738866,9.863332002559034
 입차,-0.7274242708201673,9.135907731738866,9.863332002559034
오네 ,-0.7274242708201673,9.135907731738866,9.863332002559034
인수,-0.7274242708201673,9.135907731738866,9.863332002559034
 환급 ,-0.7274242708201673,9.135907731738866,9.863332002559034
신부유료,-0.7274242708201673,9.135907731738866,9.863332002559034
아플리,-0.7274242708201673,9.135907731738866,9.863332002559034
 아닌,-0.7274242708201673,9.135907731738866,9.863332002559034
장소),-0.7274242708201673,9.135907731738866,9.863332002559034
예약된,-0.7274242708201673,9.135907731738866,9.863332002559034
예약된 ,-0.7274242708201673,9.135907731738866,9.863332002559034
예약이,-0.7274242708201673,9.135907731738866,9.863332002559034
예약이 ,-0.7274242708201673,9.135907731738866,9.863332002559034
신고액,-0.7274242708201673,9.135907731738866,9.863332002559034
신고액 ,-0.7274242708201673,9.135907731738866,9.863332002559034
장소) ,-0.7274242708201673,9.135907731738866,9.863332002559034
*수님 ,-0.7274242708201673,9.135907731738866,9.863332002559034
" 일,",-0.7274242708201673,9.135907731738866,9.863332002559034
아플리케,-0.7274242708201673,9.135907731738866,9.863332002559034
 플레,-0.7274242708201673,9.135907731738866,9.863332002559034
이용으로,-0.7274242708201673,9.135907731738866,9.863332002559034
이용으,-0.7274242708201673,9.135907731738866,9.863332002559034
인수자(,-0.7274242708201673,9.135907731738866,9.863332002559034
점과 ,-0.7274242708201673,9.135907731738866,9.863332002559034
점과,-0.7274242708201673,9.135907731738866,9.863332002559034
**1,-0.7274242708201673,8.953586174944911,9.681010445765079
 실물이,-0.7274242708201673,9.135907731738866,9.863332002559034
스'가,-0.7274242708201673,9.135907731738866,9.863332002559034
시는길 ,-0.7274242708201673,9.135907731738866,9.863332002559034
 제공,-0.7274242708201673,8.953586174944911,9.681010445765079
"원, ",-0.7274242708201673,9.135907731738866,9.863332002559034
"원,",-0.7274242708201673,9.135907731738866,9.863332002559034
 언어,-0.7274242708201673,9.135907731738866,9.863332002559034
 토스 ,-0.7274242708201673,9.135907731738866,9.863332002559034
 웃,-0.7274242708201673,9.135907731738866,9.863332002559034
 웃음,-0.7274242708201673,9.135907731738866,9.863332002559034
 어디서,-0.7274242708201673,9.135907731738866,9.863332002559034
 토요,-0.7274242708201673,9.135907731738866,9.863332002559034
)건,-0.7274242708201673,9.135907731738866,9.863332002559034
 웃음과,-0.7274242708201673,9.135907731738866,9.863332002559034
 토요일,-0.7274242708201673,9.135907731738866,9.863332002559034
 후드,-0.7274242708201673,9.135907731738866,9.863332002559034
)건물,-0.7274242708201673,9.135907731738866,9.863332002559034
)건물내,-0.7274242708201673,9.135907731738866,9.863332002559034
 분석근,-0.7274242708201673,9.135907731738866,9.863332002559034
실시간 ,-0.7274242708201673,9.135907731738866,9.863332002559034
 언어 ,-0.7274242708201673,9.135907731738866,9.863332002559034
스터디 ,-0.7274242708201673,9.135907731738866,9.863332002559034
스터디,-0.7274242708201673,9.135907731738866,9.863332002559034
 제목,-0.7274242708201673,9.135907731738866,9.863332002559034
스'가 ,-0.7274242708201673,9.135907731738866,9.863332002559034
 신부,-0.7274242708201673,9.135907731738866,9.863332002559034
스미,-0.7274242708201673,9.135907731738866,9.863332002559034
스미싱,-0.7274242708201673,9.135907731738866,9.863332002559034
스미싱예,-0.7274242708201673,9.135907731738866,9.863332002559034
오시면,-0.7274242708201673,9.135907731738866,9.863332002559034
 제목없,-0.7274242708201673,9.135907731738866,9.863332002559034
 엠,-0.7274242708201673,9.135907731738866,9.863332002559034
 후드집,-0.7274242708201673,9.135907731738866,9.863332002559034
' ,-0.7274242708201673,9.135907731738866,9.863332002559034
 언제 ,-0.7274242708201673,9.135907731738866,9.863332002559034
 사람들,-0.7274242708201673,9.135907731738866,9.863332002559034
 텐퍼,-0.7274242708201673,9.135907731738866,9.863332002559034
 인터,-0.7274242708201673,9.135907731738866,9.863332002559034
 인터넷,-0.7274242708201673,9.135907731738866,9.863332002559034
 텐퍼센,-0.7274242708201673,9.135907731738866,9.863332002559034
오시는길,-0.7274242708201673,9.135907731738866,9.863332002559034
-125,-0.7274242708201673,9.135907731738866,9.863332002559034
웍스 ,-0.7274242708201673,9.135907731738866,9.863332002559034
 하나의,-0.7274242708201673,9.135907731738866,9.863332002559034
운m,-0.7274242708201673,9.135907731738866,9.863332002559034
)의,-0.7274242708201673,9.135907731738866,9.863332002559034
시간정,-0.7274242708201673,9.135907731738866,9.863332002559034
이용해,-0.7274242708201673,8.953586174944911,9.681010445765079
시간정각,-0.7274242708201673,9.135907731738866,9.863332002559034
않아,-0.7274242708201673,8.953586174944911,9.681010445765079
 신0점,-0.7274242708201673,9.135907731738866,9.863332002559034
 피그먼,-0.7274242708201673,9.135907731738866,9.863332002559034
자(위탁,-0.7274242708201673,9.135907731738866,9.863332002559034
)의 ,-0.7274242708201673,9.135907731738866,9.863332002559034
안한 ,-0.7274242708201673,9.135907731738866,9.863332002559034
안한,-0.7274242708201673,9.135907731738866,9.863332002559034
 피그,-0.7274242708201673,9.135907731738866,9.863332002559034
 실물,-0.7274242708201673,9.135907731738866,9.863332002559034
시는,-0.7274242708201673,8.953586174944911,9.681010445765079
시는길,-0.7274242708201673,9.135907731738866,9.863332002559034
시30분,-0.7274242708201673,9.135907731738866,9.863332002559034
시30,-0.7274242708201673,9.135907731738866,9.863332002559034
웍스,-0.7274242708201673,9.135907731738866,9.863332002559034
웃음,-0.7274242708201673,9.135907731738866,9.863332002559034
실물이 ,-0.7274242708201673,9.135907731738866,9.863332002559034
자(,-0.7274242708201673,9.135907731738866,9.863332002559034
)신,-0.7274242708201673,9.135907731738866,9.863332002559034
웃음과 ,-0.7274242708201673,9.135907731738866,9.863332002559034
)신부,-0.7274242708201673,9.135907731738866,9.863332002559034
웃음과,-0.7274242708201673,9.135907731738866,9.863332002559034
습니다★,-0.7274242708201673,9.135907731738866,9.863332002559034
)신부유,-0.7274242708201673,9.135907731738866,9.863332002559034
시3,-0.7274242708201673,9.135907731738866,9.863332002559034
" 원, ",-0.7274242708201673,9.135907731738866,9.863332002559034
자(위,-0.7274242708201673,9.135907731738866,9.863332002559034
)에 ,-0.7274242708201673,9.135907731738866,9.863332002559034
실물이,-0.7274242708201673,9.135907731738866,9.863332002559034
운m ,-0.7274242708201673,9.135907731738866,9.863332002559034
 상담진,-0.7274242708201673,9.135907731738866,9.863332002559034
 상세,-0.7274242708201673,8.548121066836748,9.275545337656915
싱예방,-0.7274242708201673,9.135907731738866,9.863332002559034
브라운,-0.7274242708201673,9.135907731738866,9.863332002559034
 ㆍ운송,-0.7274242708201673,9.135907731738866,9.863332002559034
i카드 ,-0.7274242708201673,9.135907731738866,9.863332002559034
협은행],-0.7274242708201673,9.135907731738866,9.863332002559034
is,-0.7274242708201673,8.953586174944911,9.681010445765079
isa,-0.7274242708201673,8.953586174944911,9.681010445765079
 17,-0.7274242708201673,8.953586174944911,9.681010445765079
통지],-0.7274242708201673,9.135907731738866,9.863332002559034
통지] ,-0.7274242708201673,9.135907731738866,9.863332002559034
i카드(,-0.7274242708201673,9.135907731738866,9.863332002559034
토요일 ,-0.7274242708201673,9.135907731738866,9.863332002559034
 가능성,-0.7274242708201673,9.135907731738866,9.863332002559034
대리점,-0.7274242708201673,9.135907731738866,9.863332002559034
명: ,-0.7274242708201673,9.135907731738866,9.863332002559034
명:,-0.7274242708201673,9.135907731738866,9.863332002559034
대리점과,-0.7274242708201673,9.135907731738866,9.863332002559034
행합니다,-0.7274242708201673,9.135907731738866,9.863332002559034
ic,-0.7274242708201673,9.135907731738866,9.863332002559034
토요일,-0.7274242708201673,9.135907731738866,9.863332002559034
ki,-0.7274242708201673,8.953586174944911,9.681010445765079
텐퍼센,-0.7274242708201673,9.135907731738866,9.863332002559034
 건물,-0.7274242708201673,9.135907731738866,9.863332002559034
 건 ,-0.7274242708201673,9.135907731738866,9.863332002559034
e) ,-0.7274242708201673,9.135907731738866,9.863332002559034
텐퍼,-0.7274242708201673,9.135907731738866,9.863332002559034
무료주차,-0.7274242708201673,9.135907731738866,9.863332002559034
무료주,-0.7274242708201673,9.135907731738866,9.863332002559034
텐퍼센트,-0.7274242708201673,9.135907731738866,9.863332002559034
토요,-0.7274242708201673,9.135907731738866,9.863332002559034
"무료, ",-0.7274242708201673,9.135907731738866,9.863332002559034
"무료,",-0.7274242708201673,9.135907731738866,9.863332002559034
토스 ,-0.7274242708201673,9.135907731738866,9.863332002559034
목없음 ,-0.7274242708201673,9.135907731738866,9.863332002559034
목없음,-0.7274242708201673,9.135907731738866,9.863332002559034
목없,-0.7274242708201673,9.135907731738866,9.863332002559034
 ㆍ인수,-0.7274242708201673,9.135907731738866,9.863332002559034
kis,-0.7274242708201673,8.953586174944911,9.681010445765079
otp ,-0.7274242708201673,9.135907731738866,9.863332002559034
퍼러웍스,-0.7274242708201673,9.135907731738866,9.863332002559034
매일매일,-0.7274242708201673,9.135907731738866,9.863332002559034
매일매,-0.7274242708201673,9.135907731738866,9.863332002559034
 ★주차,-0.7274242708201673,9.135907731738866,9.863332002559034
 ★주,-0.7274242708201673,9.135907731738866,9.863332002559034
퍼러,-0.7274242708201673,9.135907731738866,9.863332002559034
퍼러웍,-0.7274242708201673,9.135907731738866,9.863332002559034
퍼센,-0.7274242708201673,9.135907731738866,9.863332002559034
매일오네,-0.7274242708201673,9.135907731738866,9.863332002559034
퍼센트,-0.7274242708201673,9.135907731738866,9.863332002559034
퍼센트 ,-0.7274242708201673,9.135907731738866,9.863332002559034
페가,-0.7274242708201673,9.135907731738866,9.863332002559034
페가 ,-0.7274242708201673,9.135907731738866,9.863332002559034
on,-0.7274242708201673,9.135907731738866,9.863332002559034
ot,-0.7274242708201673,9.135907731738866,9.863332002559034
매일오,-0.7274242708201673,9.135907731738866,9.863332002559034
ne) ,-0.7274242708201673,9.135907731738866,9.863332002559034
kisa,-0.7274242708201673,8.953586174944911,9.681010445765079
행합니,-0.7274242708201673,9.135907731738866,9.863332002559034
kt,-0.7274242708201673,9.135907731738866,9.863332002559034
과: ,-0.7274242708201673,9.135907731738866,9.863332002559034
과:,-0.7274242708201673,9.135907731738866,9.863332002559034
kt ,-0.7274242708201673,9.135907731738866,9.863332002559034
l ,-0.7274242708201673,9.135907731738866,9.863332002559034
 ㆍ인,-0.7274242708201673,9.135907731738866,9.863332002559034
 ㆍ운,-0.7274242708201673,9.135907731738866,9.863332002559034
"공동체,",-0.7274242708201673,9.135907731738866,9.863332002559034
 ㆍ상품,-0.7274242708201673,9.135907731738866,9.863332002559034
 ㆍ상,-0.7274242708201673,9.135907731738866,9.863332002559034
행합,-0.7274242708201673,9.135907731738866,9.863332002559034
행하,-0.7274242708201673,9.135907731738866,9.863332002559034
티켓 ,-0.7274242708201673,9.135907731738866,9.863332002559034
먼트 ,-0.7274242708201673,9.135907731738866,9.863332002559034
 건물 ,-0.7274242708201673,9.135907731738866,9.863332002559034
관리 ,-0.7274242708201673,9.135907731738866,9.863332002559034
터디 ,-0.7274242708201673,9.135907731738866,9.863332002559034
밝은 ,-0.7274242708201673,9.135907731738866,9.863332002559034
방서비,-0.7274242708201673,9.135907731738866,9.863332002559034
방서,-0.7274242708201673,9.135907731738866,9.863332002559034
케 ,-0.7274242708201673,9.135907731738866,9.863332002559034
 *아님,-0.7274242708201673,9.135907731738866,9.863332002559034
[nh,-0.7274242708201673,9.135907731738866,9.863332002559034
[nh농,-0.7274242708201673,9.135907731738866,9.863332002559034
화스터디,-0.7274242708201673,9.135907731738866,9.863332002559034
?: ,-0.7274242708201673,9.135907731738866,9.863332002559034
화스터,-0.7274242708201673,9.135907731738866,9.863332002559034
화스,-0.7274242708201673,9.135907731738866,9.863332002559034
[배,-0.7274242708201673,8.548121066836748,9.275545337656915
 1),-0.7274242708201673,9.135907731738866,9.863332002559034
 1)건,-0.7274242708201673,9.135907731738866,9.863332002559034
 10월,-0.7274242708201673,8.953586174944911,9.681010445765079
방서비스,-0.7274242708201673,9.135907731738866,9.863332002559034
?:,-0.7274242708201673,9.135907731738866,9.863332002559034
터디,-0.7274242708201673,9.135907731738866,9.863332002559034
카드를 ,-0.7274242708201673,9.135907731738866,9.863332002559034
다★,-0.7274242708201673,9.135907731738866,9.863332002559034
다★ ,-0.7274242708201673,9.135907731738866,9.863332002559034
층에,-0.7274242708201673,9.135907731738866,9.863332002559034
층에 ,-0.7274242708201673,9.135907731738866,9.863332002559034
카드(4,-0.7274242708201673,9.135907731738866,9.863332002559034
카드를,-0.7274242708201673,9.135907731738866,9.863332002559034
배송! ,-0.7274242708201673,9.135907731738866,9.863332002559034
 기계,-0.7274242708201673,9.135907731738866,9.863332002559034
배송!,-0.7274242708201673,9.135907731738866,9.863332002559034
 기관,-0.7274242708201673,9.135907731738866,9.863332002559034
 *아,-0.7274242708201673,9.135907731738866,9.863332002559034
 기계식,-0.7274242708201673,9.135907731738866,9.863332002559034
카페가,-0.7274242708201673,9.135907731738866,9.863332002559034
카페가 ,-0.7274242708201673,9.135907731738866,9.863332002559034
담진,-0.7274242708201673,9.135907731738866,9.863332002559034
담진행,-0.7274242708201673,9.135907731738866,9.863332002559034
받으려면,-0.7274242708201673,9.135907731738866,9.863332002559034
문타,-0.7274242708201673,9.135907731738866,9.863332002559034
물내 ,-0.7274242708201673,9.135907731738866,9.863332002559034
물내,-0.7274242708201673,9.135907731738866,9.863332002559034
당사항,-0.7274242708201673,9.135907731738866,9.863332002559034
당사항 ,-0.7274242708201673,9.135907731738866,9.863332002559034
문타워 ,-0.7274242708201673,9.135907731738866,9.863332002559034
문타워,-0.7274242708201673,9.135907731738866,9.863332002559034
 경북 ,-0.7274242708201673,9.135907731738866,9.863332002559034
받으려,-0.7274242708201673,9.135907731738866,9.863332002559034
 경북,-0.7274242708201673,9.135907731738866,9.863332002559034
문의하여,-0.7274242708201673,9.135907731738866,9.863332002559034
관명,-0.7274242708201673,9.135907731738866,9.863332002559034
터 ,-0.7274242708201673,7.912132300116751,8.639556570936918
터(16,-0.7274242708201673,9.135907731738866,9.863332002559034
터넷,-0.7274242708201673,9.135907731738866,9.863332002559034
물이,-0.7274242708201673,9.135907731738866,9.863332002559034
물이 ,-0.7274242708201673,9.135907731738866,9.863332002559034
호조,-0.7274242708201673,9.135907731738866,9.863332002559034
미싱,-0.7274242708201673,9.135907731738866,9.863332002559034
미싱예,-0.7274242708201673,9.135907731738866,9.863332002559034
미싱예방,-0.7274242708201673,9.135907731738866,9.863332002559034
탁장소),-0.7274242708201673,9.135907731738866,9.863332002559034
호조치,-0.7274242708201673,9.135907731738866,9.863332002559034
_배송완,-0.7274242708201673,9.135907731738866,9.863332002559034
 곧,-0.7274242708201673,8.953586174944911,9.681010445765079
 곧 ,-0.7274242708201673,8.953586174944911,9.681010445765079
 공동,-0.7274242708201673,9.135907731738866,9.863332002559034
 공동체,-0.7274242708201673,9.135907731738866,9.863332002559034
호조치 ,-0.7274242708201673,9.135907731738866,9.863332002559034
바로가,-0.7274242708201673,9.135907731738866,9.863332002559034
바로가기,-0.7274242708201673,9.135907731738866,9.863332002559034
담진행합,-0.7274242708201673,9.135907731738866,9.863332002559034
otp,-0.7274242708201673,9.135907731738866,9.863332002559034
편리,-0.7274242708201673,9.135907731738866,9.863332002559034
출차 ,-0.7274242708201673,9.135907731738866,9.863332002559034
되어요,-0.7274242708201673,9.135907731738866,9.863332002559034
 kt ,-0.7274242708201673,9.135907731738866,9.863332002559034
 kt,-0.7274242708201673,9.135907731738866,9.863332002559034
ㆍ인수,-0.7274242708201673,9.135907731738866,9.863332002559034
ㆍ인수자,-0.7274242708201673,9.135907731738866,9.863332002559034
가능(s,-0.7274242708201673,9.135907731738866,9.863332002559034
가능성,-0.7274242708201673,9.135907731738866,9.863332002559034
되어요!,-0.7274242708201673,9.135907731738866,9.863332002559034
"료, ",-0.7274242708201673,9.135907731738866,9.863332002559034
가능성 ,-0.7274242708201673,9.135907731738866,9.863332002559034
하나의,-0.7274242708201673,9.135907731738866,9.863332002559034
하나의 ,-0.7274242708201673,9.135907731738866,9.863332002559034
각에,-0.7274242708201673,9.135907731738866,9.863332002559034
각에 ,-0.7274242708201673,9.135907731738866,9.863332002559034
되어있,-0.7274242708201673,9.135907731738866,9.863332002559034
"료,",-0.7274242708201673,9.135907731738866,9.863332002559034
ㆍ인,-0.7274242708201673,9.135907731738866,9.863332002559034
결과: ,-0.7274242708201673,9.135907731738866,9.863332002559034
ㆍ상품명,-0.7274242708201673,9.135907731738866,9.863332002559034
ㆍ보내,-0.7274242708201673,9.135907731738866,9.863332002559034
 ot,-0.7274242708201673,9.135907731738866,9.863332002559034
ㆍ보내는,-0.7274242708201673,9.135907731738866,9.863332002559034
ㆍ상,-0.7274242708201673,9.135907731738866,9.863332002559034
함께하는,-0.7274242708201673,9.135907731738866,9.863332002559034
ㆍ상품,-0.7274242708201673,9.135907731738866,9.863332002559034
료주차장,-0.7274242708201673,9.135907731738866,9.863332002559034
ㆍ운송장,-0.7274242708201673,9.135907731738866,9.863332002559034
료주차 ,-0.7274242708201673,9.135907731738866,9.863332002559034
ㆍ운,-0.7274242708201673,9.135907731738866,9.863332002559034
ㆍ운송,-0.7274242708201673,9.135907731738866,9.863332002559034
 n,-0.7274242708201673,8.953586174944911,9.681010445765079
료는 ,-0.7274242708201673,9.135907731738866,9.863332002559034
료는,-0.7274242708201673,9.135907731738866,9.863332002559034
되어있는,-0.7274242708201673,9.135907731738866,9.863332002559034
간이,-0.7274242708201673,8.953586174944911,9.681010445765079
편안,-0.7274242708201673,9.135907731738866,9.863332002559034
드집업,-0.7274242708201673,9.135907731738866,9.863332002559034
건물내 ,-0.7274242708201673,9.135907731738866,9.863332002559034
때 ,-0.7274242708201673,8.953586174944911,9.681010445765079
 7층,-0.7274242708201673,9.135907731738866,9.863332002559034
 :1,-0.7274242708201673,9.135907731738866,9.863332002559034
 7층 ,-0.7274242708201673,9.135907731738866,9.863332002559034
드집업 ,-0.7274242708201673,9.135907731738866,9.863332002559034
드집,-0.7274242708201673,9.135907731738866,9.863332002559034
 6분,-0.7274242708201673,9.135907731738866,9.863332002559034
거:,-0.7274242708201673,9.135907731738866,9.863332002559034
건물내,-0.7274242708201673,9.135907731738866,9.863332002559034
건물 ,-0.7274242708201673,9.135907731738866,9.863332002559034
거: ,-0.7274242708201673,9.135907731738866,9.863332002559034
거야?,-0.7274242708201673,9.135907731738866,9.863332002559034
 9 ,-0.7274242708201673,9.135907731738866,9.863332002559034
 6분),-0.7274242708201673,9.135907731738866,9.863332002559034
라운,-0.7274242708201673,9.135907731738866,9.863332002559034
간이 ,-0.7274242708201673,8.953586174944911,9.681010445765079
러웍,-0.7274242708201673,9.135907731738866,9.863332002559034
간정,-0.7274242708201673,9.135907731738866,9.863332002559034
레임 ,-0.7274242708201673,9.135907731738866,9.863332002559034
레임,-0.7274242708201673,9.135907731738866,9.863332002559034
간정각,-0.7274242708201673,9.135907731738866,9.863332002559034
러웍스 ,-0.7274242708201673,9.135907731738866,9.863332002559034
러웍스,-0.7274242708201673,9.135907731738866,9.863332002559034
간정각에,-0.7274242708201673,9.135907731738866,9.863332002559034
라운m,-0.7274242708201673,9.135907731738866,9.863332002559034
람들의 ,-0.7274242708201673,9.135907731738866,9.863332002559034
람들의,-0.7274242708201673,9.135907731738866,9.863332002559034
람들,-0.7274242708201673,9.135907731738866,9.863332002559034
결과:,-0.7274242708201673,9.135907731738866,9.863332002559034
 [신한,-0.7274242708201673,8.953586174944911,9.681010445765079
라운m ,-0.7274242708201673,9.135907731738866,9.863332002559034
ㆍ보,-0.7274242708201673,9.135907731738866,9.863332002559034
 otp,-0.7274242708201673,9.135907731738866,9.863332002559034
경북,-0.7274242708201673,9.135907731738866,9.863332002559034
"데요, ",-0.7274242708201673,9.135907731738866,9.863332002559034
 2) ,-0.7274242708201673,9.135907731738866,9.863332002559034
데요,-0.7274242708201673,9.135907731738866,9.863332002559034
"데요,",-0.7274242708201673,9.135907731738866,9.863332002559034
v차,-0.7274242708201673,9.135907731738866,9.863332002559034
v차량,-0.7274242708201673,9.135907731738866,9.863332002559034
v차량 ,-0.7274242708201673,9.135907731738866,9.863332002559034
평균,-0.7274242708201673,9.135907731738866,9.863332002559034
고액,-0.7274242708201673,9.135907731738866,9.863332002559034
평균),-0.7274242708201673,9.135907731738866,9.863332002559034
평균) ,-0.7274242708201673,9.135907731738866,9.863332002559034
평일,-0.7274242708201673,9.135907731738866,9.863332002559034
평일 ,-0.7274242708201673,9.135907731738866,9.863332002559034
폐기하,-0.7274242708201673,9.135907731738866,9.863332002559034
폐기하시,-0.7274242708201673,9.135907731738866,9.863332002559034
 2),-0.7274242708201673,9.135907731738866,9.863332002559034
고액 ,-0.7274242708201673,9.135907731738866,9.863332002559034
피그먼트,-0.7274242708201673,9.135907731738866,9.863332002559034
공동체,-0.7274242708201673,9.135907731738866,9.863332002559034
sa,-0.7274242708201673,8.953586174944911,9.681010445765079
su,-0.7274242708201673,9.135907731738866,9.863332002559034
suv,-0.7274242708201673,9.135907731738866,9.863332002559034
편안한,-0.7274242708201673,9.135907731738866,9.863332002559034
편안한 ,-0.7274242708201673,9.135907731738866,9.863332002559034
suv차,-0.7274242708201673,9.135907731738866,9.863332002559034
공동,-0.7274242708201673,9.135907731738866,9.863332002559034
uv차량,-0.7274242708201673,9.135907731738866,9.863332002559034
tp,-0.7274242708201673,9.135907731738866,9.863332002559034
tp ,-0.7274242708201673,9.135907731738866,9.863332002559034
uv,-0.7274242708201673,9.135907731738866,9.863332002559034
 1층에,-0.7274242708201673,9.135907731738866,9.863332002559034
uv차,-0.7274242708201673,9.135907731738866,9.863332002559034
곧 ,-0.7274242708201673,8.953586174944911,9.681010445765079
데이터,-0.7274242708201673,9.135907731738866,9.863332002559034
 2시,-0.7274242708201673,9.135907731738866,9.863332002559034
 2시3,-0.7274242708201673,9.135907731738866,9.863332002559034
계식 ,-0.7274242708201673,9.135907731738866,9.863332002559034
해당사,-0.7274242708201673,9.135907731738866,9.863332002559034
★주차,-0.7274242708201673,9.135907731738866,9.863332002559034
★주차 ,-0.7274242708201673,9.135907731738866,9.863332002559034
리가,-0.7274242708201673,8.953586174944911,9.681010445765079
 w,-0.7274242708201673,9.135907731738866,9.863332002559034
 52 ,-0.7274242708201673,9.135907731738866,9.863332002559034
계식,-0.7274242708201673,9.135907731738866,9.863332002559034
 3),-0.7274242708201673,9.135907731738866,9.863332002559034
플레임,-0.7274242708201673,9.135907731738866,9.863332002559034
플레임 ,-0.7274242708201673,9.135907731738866,9.863332002559034
경북 ,-0.7274242708201673,9.135907731738866,9.863332002559034
플리케 ,-0.7274242708201673,9.135907731738866,9.863332002559034
피그,-0.7274242708201673,9.135907731738866,9.863332002559034
피그먼,-0.7274242708201673,9.135907731738866,9.863332002559034
★주,-0.7274242708201673,9.135907731738866,9.863332002559034
해당사항,-0.7274242708201673,9.135907731738866,9.863332002559034
 52,-0.7274242708201673,9.135907731738866,9.863332002559034
"동체, ",-0.7274242708201673,9.135907731738866,9.863332002559034
"동체,",-0.7274242708201673,9.135907731738866,9.863332002559034
동체,-0.7274242708201673,9.135907731738866,9.863332002559034
리점,-0.7274242708201673,9.135907731738866,9.863332002559034
리점과,-0.7274242708201673,9.135907731738866,9.863332002559034
리점과 ,-0.7274242708201673,9.135907731738866,9.863332002559034
동*구 ,-0.7274242708201673,9.135907731738866,9.863332002559034
동*구,-0.7274242708201673,9.135907731738866,9.863332002559034
 3분),-0.7274242708201673,9.135907731738866,9.863332002559034
리케 ,-0.7274242708201673,9.135907731738866,9.863332002559034
 3개 ,-0.7274242708201673,9.135907731738866,9.863332002559034
해주시기,-0.7274242708201673,9.135907731738866,9.863332002559034
 3)신,-0.7274242708201673,9.135907731738866,9.863332002559034
해지 ,-0.7274242708201673,9.135907731738866,9.863332002559034
환급 ,-0.7274242708201673,9.135907731738866,9.863332002559034
거야? ,-0.7274242708201673,9.135907731738866,9.863332002559034
출차,-0.7274242708201673,9.135907731738866,9.863332002559034
35),-0.7274242708201673,9.135907731738866,9.863332002559034
상환급액,-0.7274242708201673,9.135907731738866,9.863332002559034
상환급,-0.7274242708201673,9.135907731738866,9.863332002559034
3)신,-0.7274242708201673,9.135907731738866,9.863332002559034
3)신부,-0.7274242708201673,9.135907731738866,9.863332002559034
 문타,-0.7274242708201673,9.135907731738866,9.863332002559034
능(su,-0.7274242708201673,9.135907731738866,9.863332002559034
 (예,-0.7274242708201673,9.135907731738866,9.863332002559034
 (예약,-0.7274242708201673,9.135907731738866,9.863332002559034
능성,-0.7274242708201673,9.135907731738866,9.863332002559034
30분으,-0.7274242708201673,9.135907731738866,9.863332002559034
능성 ,-0.7274242708201673,9.135907731738866,9.863332002559034
지원되,-0.7274242708201673,9.135907731738866,9.863332002559034
지원되지,-0.7274242708201673,9.135907731738866,9.863332002559034
금계좌,-0.7274242708201673,9.135907731738866,9.863332002559034
335,-0.7274242708201673,9.135907731738866,9.863332002559034
능(s,-0.7274242708201673,9.135907731738866,9.863332002559034
 문타워,-0.7274242708201673,9.135907731738866,9.863332002559034
지도 ,-0.7274242708201673,9.135907731738866,9.863332002559034
회화스,-0.7274242708201673,9.135907731738866,9.863332002559034
서비스 ,-0.7274242708201673,9.135907731738866,9.863332002559034
22시 ,-0.7274242708201673,9.135907731738866,9.863332002559034
지],-0.7274242708201673,9.135907731738866,9.863332002559034
생일,-0.7274242708201673,9.135907731738866,9.863332002559034
지] ,-0.7274242708201673,9.135907731738866,9.863332002559034
회화스터,-0.7274242708201673,9.135907731738866,9.863332002559034
 바로가,-0.7274242708201673,9.135907731738866,9.863332002559034
"는데요,",-0.7274242708201673,9.135907731738866,9.863332002559034
는길,-0.7274242708201673,9.135907731738866,9.863332002559034
는길 ,-0.7274242708201673,9.135907731738866,9.863332002559034
2시 ,-0.7274242708201673,9.135907731738866,9.863332002559034
2시3,-0.7274242708201673,9.135907731738866,9.863332002559034
2시30,-0.7274242708201673,9.135907731738866,9.863332002559034
는데요,-0.7274242708201673,9.135907731738866,9.863332002559034
335),-0.7274242708201673,9.135907731738866,9.863332002559034
35)의,-0.7274242708201673,9.135907731738866,9.863332002559034
 받으려,-0.7274242708201673,9.135907731738866,9.863332002559034
 무료주,-0.7274242708201673,9.135907731738866,9.863332002559034
44-0,-0.7274242708201673,9.135907731738866,9.863332002559034
진행합,-0.7274242708201673,9.135907731738866,9.863332002559034
진행합니,-0.7274242708201673,9.135907731738866,9.863332002559034
집업,-0.7274242708201673,9.135907731738866,9.863332002559034
4공,-0.7274242708201673,9.135907731738866,9.863332002559034
4공영,-0.7274242708201673,9.135907731738866,9.863332002559034
집업 ,-0.7274242708201673,9.135907731738866,9.863332002559034
 매일오,-0.7274242708201673,9.135907731738866,9.863332002559034
사용 ,-0.7274242708201673,8.548121066836748,9.275545337656915
 매일매,-0.7274242708201673,9.135907731738866,9.863332002559034
"차,",-0.7274242708201673,9.135907731738866,9.863332002559034
4공영주,-0.7274242708201673,9.135907731738866,9.863332002559034
"차, ",-0.7274242708201673,9.135907731738866,9.863332002559034
사람들의,-0.7274242708201673,9.135907731738866,9.863332002559034
사람들,-0.7274242708201673,9.135907731738866,9.863332002559034
4335,-0.7274242708201673,9.135907731738866,9.863332002559034
433,-0.7274242708201673,9.135907731738866,9.863332002559034
 (제,-0.7274242708201673,9.135907731738866,9.863332002559034
" 무료,",-0.7274242708201673,9.135907731738866,9.863332002559034
상세,-0.7274242708201673,8.548121066836748,9.275545337656915
지하고,-0.7274242708201673,9.135907731738866,9.863332002559034
3개 ,-0.7274242708201673,9.135907731738866,9.863332002559034
상담진행,-0.7274242708201673,9.135907731738866,9.863332002559034
상담진,-0.7274242708201673,9.135907731738866,9.863332002559034
지하고 ,-0.7274242708201673,9.135907731738866,9.863332002559034
병원,-0.7274242708201673,9.135907731738866,9.863332002559034
진료,-0.7274242708201673,9.135907731738866,9.863332002559034
3분) ,-0.7274242708201673,9.135907731738866,9.863332002559034
 몽,-0.7274242708201673,9.135907731738866,9.863332002559034
4-0,-0.7274242708201673,9.135907731738866,9.863332002559034
금계,-0.7274242708201673,9.135907731738866,9.863332002559034
4-00,-0.7274242708201673,9.135907731738866,9.863332002559034
4-7,-0.7274242708201673,9.135907731738866,9.863332002559034
서비스',-0.7274242708201673,9.135907731738866,9.863332002559034
석결과 ,-0.7274242708201673,9.135907731738866,9.863332002559034
차료는,-0.7274242708201673,9.135907731738866,9.863332002559034
후드집업,-0.7274242708201673,9.135907731738866,9.863332002559034
0점,-0.7274242708201673,9.135907731738866,9.863332002559034
0점 ,-0.7274242708201673,9.135907731738866,9.863332002559034
1)건,-0.7274242708201673,9.135907731738866,9.863332002559034
1)건물,-0.7274242708201673,9.135907731738866,9.863332002559034
휴사 ,-0.7274242708201673,9.135907731738866,9.863332002559034
 본인의,-0.7274242708201673,9.135907731738866,9.863332002559034
10월,-0.7274242708201673,8.953586174944911,9.681010445765079
10월 ,-0.7274242708201673,8.953586174944911,9.681010445765079
125,-0.7274242708201673,9.135907731738866,9.863332002559034
1255,-0.7274242708201673,9.135907731738866,9.863332002559034
 보호조,-0.7274242708201673,9.135907731738866,9.863332002559034
 보내는,-0.7274242708201673,9.135907731738866,9.863332002559034
소) ,-0.7274242708201673,9.135907731738866,9.863332002559034
소),-0.7274242708201673,9.135907731738866,9.863332002559034
1588,-0.7274242708201673,9.135907731738866,9.863332002559034
긴 ,-0.7274242708201673,9.135907731738866,9.863332002559034
조리,-0.7274242708201673,9.135907731738866,9.863332002559034
나의 ,-0.7274242708201673,9.135907731738866,9.863332002559034
088,-0.7274242708201673,9.135907731738866,9.863332002559034
께하는,-0.7274242708201673,9.135907731738866,9.863332002559034
송정보,-0.7274242708201673,9.135907731738866,9.863332002559034
송정,-0.7274242708201673,9.135907731738866,9.863332002559034
께하는 ,-0.7274242708201673,9.135907731738866,9.863332002559034
 '스,-0.7274242708201673,9.135907731738866,9.863332002559034
송완료],-0.7274242708201673,9.135907731738866,9.863332002559034
088),-0.7274242708201673,9.135907731738866,9.863332002559034
0월 ,-0.7274242708201673,8.953586174944911,9.681010445765079
 '스미,-0.7274242708201673,9.135907731738866,9.863332002559034
제휴사 ,-0.7274242708201673,9.135907731738866,9.863332002559034
나의,-0.7274242708201673,9.135907731738866,9.863332002559034
송! ,-0.7274242708201673,9.135907731738866,9.863332002559034
송!,-0.7274242708201673,9.135907731738866,9.863332002559034
0월,-0.7274242708201673,8.953586174944911,9.681010445765079
기관명,-0.7274242708201673,9.135907731738866,9.863332002559034
후드집,-0.7274242708201673,9.135907731738866,9.863332002559034
석결과:,-0.7274242708201673,9.135907731738866,9.863332002559034
기계식 ,-0.7274242708201673,9.135907731738866,9.863332002559034
설관리,-0.7274242708201673,9.135907731738866,9.863332002559034
설관,-0.7274242708201673,9.135907731738866,9.863332002559034
 밝은 ,-0.7274242708201673,9.135907731738866,9.863332002559034
1층에,-0.7274242708201673,9.135907731738866,9.863332002559034
1층에 ,-0.7274242708201673,9.135907731738866,9.863332002559034
급신고액,-0.7274242708201673,9.135907731738866,9.863332002559034
선불충전,-0.7274242708201673,9.135907731738866,9.863332002559034
선불충,-0.7274242708201673,9.135907731738866,9.863332002559034
급신고,-0.7274242708201673,9.135907731738866,9.863332002559034
급신,-0.7274242708201673,9.135907731738866,9.863332002559034
선불 ,-0.7274242708201673,9.135907731738866,9.863332002559034
효기간이,-0.7274242708201673,9.135907731738866,9.863332002559034
석근거:,-0.7274242708201673,9.135907731738866,9.863332002559034
석근거,-0.7274242708201673,9.135907731738866,9.863332002559034
석근,-0.7274242708201673,9.135907731738866,9.863332002559034
설관리 ,-0.7274242708201673,9.135907731738866,9.863332002559034
급액:,-0.7274242708201673,9.135907731738866,9.863332002559034
급액: ,-0.7274242708201673,9.135907731738866,9.863332002559034
내부,-0.7274242708201673,9.135907731738866,9.863332002559034
기계식,-0.7274242708201673,9.135907731738866,9.863332002559034
기계,-0.7274242708201673,9.135907731738866,9.863332002559034
15분 ,-0.7274242708201673,9.135907731738866,9.863332002559034
센트 ,-0.7274242708201673,9.135907731738866,9.863332002559034
센트,-0.7274242708201673,9.135907731738866,9.863332002559034
후드,-0.7274242708201673,9.135907731738866,9.863332002559034
 배송!,-0.7274242708201673,9.135907731738866,9.863332002559034
주차타워,-0.7274242708201673,9.135907731738866,9.863332002559034
19시,-0.7274242708201673,9.135907731738866,9.863332002559034
내부통,-0.7274242708201673,9.135907731738866,9.863332002559034
내부통지,-0.7274242708201673,9.135907731738866,9.863332002559034
주차료,-0.7274242708201673,9.135907731738866,9.863332002559034
주차료는,-0.7274242708201673,9.135907731738866,9.863332002559034
주차타,-0.7274242708201673,9.135907731738866,9.863332002559034
차료,-0.7274242708201673,9.135907731738866,9.863332002559034
3분),-0.7274242708201673,9.135907731738866,9.863332002559034
차료는 ,-0.7274242708201673,9.135907731738866,9.863332002559034
근거,-0.7274242708201673,9.135907731738866,9.863332002559034
다.ㆍ보,-0.7274242708201673,9.135907731738866,9.863332002559034
다.ㆍ,-0.7274242708201673,9.135907731738866,9.863332002559034
귀여,-0.7274242708201673,9.135907731738866,9.863332002559034
귀여운,-0.7274242708201673,9.135907731738866,9.863332002559034
부제,-0.7274242708201673,9.135907731738866,9.863332002559034
부제4,-0.7274242708201673,9.135907731738866,9.863332002559034
부제4공,-0.7274242708201673,9.135907731738866,9.863332002559034
다.* ,-0.7274242708201673,9.135907731738866,9.863332002559034
다.*,-0.7274242708201673,9.135907731738866,9.863332002559034
균),-0.7274242708201673,9.135907731738866,9.863332002559034
균) ,-0.7274242708201673,9.135907731738866,9.863332002559034
 대리점,-0.7274242708201673,9.135907731738866,9.863332002559034
환급신고,-0.7274242708201673,9.135907731738866,9.863332002559034
그먼,-0.7274242708201673,9.135907731738866,9.863332002559034
그먼트,-0.7274242708201673,9.135907731738866,9.863332002559034
차타,-0.7274242708201673,9.135907731738866,9.863332002559034
 ** ,-0.7274242708201673,9.135907731738866,9.863332002559034
그먼트 ,-0.7274242708201673,9.135907731738866,9.863332002559034
부통,-0.7274242708201673,9.135907731738866,9.863332002559034
부통지,-0.7274242708201673,9.135907731738866,9.863332002559034
부통지],-0.7274242708201673,9.135907731738866,9.863332002559034
북 ,-0.7274242708201673,9.135907731738866,9.863332002559034
님. ,-0.7274242708201673,9.135907731738866,9.863332002559034
님.,-0.7274242708201673,9.135907731738866,9.863332002559034
"체, ",-0.7274242708201673,9.135907731738866,9.863332002559034
"체,",-0.7274242708201673,9.135907731738866,9.863332002559034
 데,-0.7274242708201673,9.135907731738866,9.863332002559034
초 ,-0.7274242708201673,9.135907731738866,9.863332002559034
환급신,-0.7274242708201673,9.135907731738866,9.863332002559034
최초,-0.7274242708201673,9.135907731738866,9.863332002559034
74),-0.7274242708201673,9.135907731738866,9.863332002559034
출발,-0.7274242708201673,9.135907731738866,9.863332002559034
88-1,-0.7274242708201673,9.135907731738866,9.863332002559034
88-,-0.7274242708201673,9.135907731738866,9.863332002559034
88)로,-0.7274242708201673,9.135907731738866,9.863332002559034
88),-0.7274242708201673,9.135907731738866,9.863332002559034
8-12,-0.7274242708201673,9.135907731738866,9.863332002559034
8-1,-0.7274242708201673,9.135907731738866,9.863332002559034
8)로 ,-0.7274242708201673,9.135907731738866,9.863332002559034
8)로,-0.7274242708201673,9.135907731738866,9.863332002559034
8),-0.7274242708201673,9.135907731738866,9.863332002559034
7층 ,-0.7274242708201673,9.135907731738866,9.863332002559034
7층,-0.7274242708201673,9.135907731738866,9.863332002559034
보호조,-0.7274242708201673,9.135907731738866,9.863332002559034
부유료주,-0.7274242708201673,9.135907731738866,9.863332002559034
보호조치,-0.7274242708201673,9.135907731738866,9.863332002559034
출금계좌,-0.7274242708201673,9.135907731738866,9.863332002559034
본인의,-0.7274242708201673,9.135907731738866,9.863332002559034
본인의 ,-0.7274242708201673,9.135907731738866,9.863332002559034
6분) ,-0.7274242708201673,9.135907731738866,9.863332002559034
출금계,-0.7274242708201673,9.135907731738866,9.863332002559034
6분),-0.7274242708201673,9.135907731738866,9.863332002559034
6분,-0.7274242708201673,9.135907731738866,9.863332002559034
다^^),-0.7274242708201673,9.135907731738866,9.863332002559034
최초 ,-0.7274242708201673,9.135907731738866,9.863332002559034
부유,-0.7274242708201673,9.135907731738866,9.863332002559034
부유료,-0.7274242708201673,9.135907731738866,9.863332002559034
분석근,-0.7274242708201673,9.135907731738866,9.863332002559034
환급액:,-0.7274242708201673,9.135907731738866,9.863332002559034
588,-0.7274242708201673,9.135907731738866,9.863332002559034
 마다,-0.7274242708201673,9.135907731738866,9.863332002559034
5.,-0.7274242708201673,8.953586174944911,9.681010445765079
니다.ㆍ,-0.7274242708201673,9.135907731738866,9.863332002559034
 되어요,-0.7274242708201673,9.135907731738866,9.863332002559034
 되어있,-0.7274242708201673,9.135907731738866,9.863332002559034
5분 ,-0.7274242708201673,9.135907731738866,9.863332002559034
불충전,-0.7274242708201673,9.135907731738866,9.863332002559034
 마다 ,-0.7274242708201673,9.135907731738866,9.863332002559034
 (제휴,-0.7274242708201673,9.135907731738866,9.863332002559034
5)의 ,-0.7274242708201673,9.135907731738866,9.863332002559034
니다★,-0.7274242708201673,9.135907731738866,9.863332002559034
차타워 ,-0.7274242708201673,9.135907731738866,9.863332002559034
니다.*,-0.7274242708201673,9.135907731738866,9.863332002559034
불가),-0.7274242708201673,9.135907731738866,9.863332002559034
비스'가,-0.7274242708201673,9.135907731738866,9.863332002559034
근거: ,-0.7274242708201673,9.135907731738866,9.863332002559034
불충전금,-0.7274242708201673,9.135907731738866,9.863332002559034
비스 ,-0.7274242708201673,9.135907731738866,9.863332002559034
비스',-0.7274242708201673,9.135907731738866,9.863332002559034
불가) ,-0.7274242708201673,9.135907731738866,9.863332002559034
불충,-0.7274242708201673,9.135907731738866,9.863332002559034
5)의,-0.7274242708201673,9.135907731738866,9.863332002559034
근거:,-0.7274242708201673,9.135907731738866,9.863332002559034
 데이,-0.7274242708201673,9.135907731738866,9.863332002559034
 동*구,-0.7274242708201673,9.135907731738866,9.863332002559034
브라,-0.7274242708201673,9.135907731738866,9.863332002559034
차타워,-0.7274242708201673,9.135907731738866,9.863332002559034
588-,-0.7274242708201673,9.135907731738866,9.863332002559034
니다★ ,-0.7274242708201673,9.135907731738866,9.863332002559034
브라운m,-0.7274242708201673,9.135907731738866,9.863332002559034
분석근거,-0.7274242708201673,9.135907731738866,9.863332002559034
 데이터,-0.7274242708201673,9.135907731738866,9.863332002559034
52 ,-0.7274242708201673,9.135907731738866,9.863332002559034
0분,-0.7625155906314358,8.071196994746439,8.833712585377874
이용하,-0.7625155906314358,8.071196994746439,8.833712585377874
 이용하,-0.7625155906314358,8.071196994746439,8.833712585377874
 어,-0.7625155906314358,8.071196994746439,8.833712585377874
 근무,-0.7651645988030147,8.142655958728582,8.907820557531597
근무,-0.7651645988030147,8.142655958728582,8.907820557531597
시간 ,-0.7682462653404212,8.219616999864712,8.987863265205133
 완,-0.7682462653404212,8.219616999864712,8.987863265205133
신거부 ,-0.7762144349895994,8.393970387009489,9.170184821999088
거부 ,-0.7762144349895994,8.393970387009489,9.170184821999088
기도,-0.7814914920904439,8.494053845566471,9.275545337656915
 수신,-0.7814914920904439,8.494053845566471,9.275545337656915
 오전 ,-0.7880488926366009,8.605279480676696,9.393328373313297
우리,-0.7880488926366009,8.605279480676696,9.393328373313297
 오전,-0.7880488926366009,8.605279480676696,9.393328373313297
28,-0.7880488926366009,8.605279480676696,9.393328373313297
 사용 ,-0.7880488926366009,8.605279480676696,9.393328373313297
kb국민,-0.7964171423071171,8.730442623630703,9.52685976593782
b국민은,-0.7964171423071171,8.730442623630703,9.52685976593782
b국민,-0.7964171423071171,8.730442623630703,9.52685976593782
b국,-0.7964171423071171,8.730442623630703,9.52685976593782
9-,-0.7964171423071171,8.730442623630703,9.52685976593782
2-,-0.7964171423071171,8.730442623630703,9.52685976593782
kb국,-0.7964171423071171,8.730442623630703,9.52685976593782
kb,-0.7964171423071171,8.730442623630703,9.52685976593782
2시,-0.7964171423071171,8.730442623630703,9.52685976593782
[신,-0.7964171423071171,8.730442623630703,9.52685976593782
* ,-0.796417142307118,7.631830334962593,8.42824747726971
 배송,-0.8074669784937027,7.487249106151485,8.294716084645188
료되었습,-0.8074669784937036,8.873543467271375,9.681010445765079
료되었,-0.8074669784937036,8.873543467271375,9.681010445765079
 과,-0.8074669784937036,8.873543467271375,9.681010445765079
용해,-0.8074669784937036,8.873543467271375,9.681010445765079
진행,-0.8074669784937036,8.873543467271375,9.681010445765079
네 ,-0.8074669784937036,8.873543467271375,9.681010445765079
 ***,-0.8074669784937036,8.873543467271375,9.681010445765079
객센터 ,-0.8074669784937036,8.873543467271375,9.681010445765079
 인하,-0.8074669784937036,8.873543467271375,9.681010445765079
 [신,-0.8074669784937036,8.873543467271375,9.681010445765079
*1,-0.8074669784937036,8.873543467271375,9.681010445765079
 1을 ,-0.8227344506244911,9.040597551934543,9.863332002559034
 0**,-0.8227344506244911,9.040597551934543,9.863332002559034
인/bc,-0.8227344506244911,9.040597551934543,9.863332002559034
인/b,-0.8227344506244911,9.040597551934543,9.863332002559034
 제공 ,-0.8227344506244911,9.040597551934543,9.863332002559034
혜택! ,-0.8227344506244911,9.040597551934543,9.863332002559034
응모 ,-0.8227344506244911,9.040597551934543,9.863332002559034
 1층,-0.8227344506244911,9.040597551934543,9.863332002559034
혜택!,-0.8227344506244911,9.040597551934543,9.863332002559034
 15분,-0.8227344506244911,9.040597551934543,9.863332002559034
 지갑 ,-0.8227344506244911,9.040597551934543,9.863332002559034
 지갑,-0.8227344506244911,9.040597551934543,9.863332002559034
할인] ,-0.8227344506244911,9.040597551934543,9.863332002559034
환하여야,-0.8227344506244911,9.040597551934543,9.863332002559034
 (★,-0.8227344506244911,9.040597551934543,9.863332002559034
함)은,-0.8227344506244911,9.040597551934543,9.863332002559034
함)은 ,-0.8227344506244911,9.040597551934543,9.863332002559034
인/,-0.8227344506244911,9.040597551934543,9.863332002559034
 (★답,-0.8227344506244911,9.040597551934543,9.863332002559034
 1을,-0.8227344506244911,9.040597551934543,9.863332002559034
 5점 ,-0.8227344506244911,9.040597551934543,9.863332002559034
익 ,-0.8227344506244911,9.040597551934543,9.863332002559034
할인],-0.8227344506244911,9.040597551934543,9.863332002559034
환하여,-0.8227344506244911,9.040597551934543,9.863332002559034
호(2,-0.8227344506244911,9.040597551934543,9.863332002559034
한정) ,-0.8227344506244911,9.040597551934543,9.863332002559034
이막,-0.8227344506244911,9.040597551934543,9.863332002559034
이익 ,-0.8227344506244911,9.040597551934543,9.863332002559034
이익,-0.8227344506244911,9.040597551934543,9.863332002559034
호에요.,-0.8227344506244911,9.040597551934543,9.863332002559034
호에요,-0.8227344506244911,9.040597551934543,9.863332002559034
 4/2,-0.8227344506244911,9.040597551934543,9.863332002559034
 4/,-0.8227344506244911,9.040597551934543,9.863332002559034
의해,-0.8227344506244911,9.040597551934543,9.863332002559034
의해주,-0.8227344506244911,9.040597551934543,9.863332002559034
의해주세,-0.8227344506244911,9.040597551934543,9.863332002559034
 3분,-0.8227344506244911,9.040597551934543,9.863332002559034
호는 ,-0.8227344506244911,9.040597551934543,9.863332002559034
이용하고,-0.8227344506244911,9.040597551934543,9.863332002559034
 3개,-0.8227344506244911,9.040597551934543,9.863332002559034
회화,-0.8227344506244911,9.040597551934543,9.863332002559034
호는,-0.8227344506244911,9.040597551934543,9.863332002559034
회비등 ,-0.8227344506244911,9.040597551934543,9.863332002559034
 2만원,-0.8227344506244911,9.040597551934543,9.863332002559034
 2만,-0.8227344506244911,9.040597551934543,9.863332002559034
 제한 ,-0.8227344506244911,9.040597551934543,9.863332002559034
회비등,-0.8227344506244911,9.040597551934543,9.863332002559034
회비,-0.8227344506244911,9.040597551934543,9.863332002559034
호(20,-0.8227344506244911,9.040597551934543,9.863332002559034
호(,-0.8227344506244911,9.040597551934543,9.863332002559034
의필 ,-0.8227344506244911,9.040597551934543,9.863332002559034
환능,-0.8227344506244911,9.040597551934543,9.863332002559034
환능력 ,-0.8227344506244911,9.040597551934543,9.863332002559034
 (본 ,-0.8227344506244911,9.040597551934543,9.863332002559034
응모되지,-0.8227344506244911,9.040597551934543,9.863332002559034
함께 ,-0.8227344506244911,9.040597551934543,9.863332002559034
"의,불",-0.8227344506244911,9.040597551934543,9.863332002559034
"의,불편",-0.8227344506244911,9.040597551934543,9.863332002559034
 준법감,-0.8227344506244911,9.040597551934543,9.863332002559034
융거래 ,-0.8227344506244911,9.040597551934543,9.863332002559034
 준법,-0.8227344506244911,9.040597551934543,9.863332002559034
의무 ,-0.8227344506244911,9.040597551934543,9.863332002559034
융소,-0.8227344506244911,9.040597551934543,9.863332002559034
 5점,-0.8227344506244911,9.040597551934543,9.863332002559034
" 전,",-0.8227344506244911,9.040597551934543,9.863332002559034
" 전, ",-0.8227344506244911,9.040597551934543,9.863332002559034
융소비,-0.8227344506244911,9.040597551934543,9.863332002559034
융소비자,-0.8227344506244911,9.040597551934543,9.863332002559034
의사항,-0.8227344506244911,9.040597551934543,9.863332002559034
환능력,-0.8227344506244911,9.040597551934543,9.863332002559034
의사항 ,-0.8227344506244911,9.040597551934543,9.863332002559034
의필,-0.8227344506244911,9.040597551934543,9.863332002559034
 인기,-0.8227344506244911,9.040597551934543,9.863332002559034
합니다^,-0.8227344506244911,9.040597551934543,9.863332002559034
 제한,-0.8227344506244911,9.040597551934543,9.863332002559034
환급액,-0.8227344506244911,9.040597551934543,9.863332002559034
 (본,-0.8227344506244911,9.040597551934543,9.863332002559034
응모되,-0.8227344506244911,9.040597551934543,9.863332002559034
제일에 ,-0.8227344506244911,9.040597551934543,9.863332002559034
인],-0.8227344506244911,9.040597551934543,9.863332002559034
 등),-0.8227344506244911,9.040597551934543,9.863332002559034
"체시,",-0.8227344506244911,9.040597551934543,9.863332002559034
적정,-0.8227344506244911,9.040597551934543,9.863332002559034
 대비,-0.8227344506244911,9.040597551934543,9.863332002559034
 대비 ,-0.8227344506244911,9.040597551934543,9.863332002559034
체결 ,-0.8227344506244911,9.040597551934543,9.863332002559034
적정시,-0.8227344506244911,9.040597551934543,9.863332002559034
적정시(,-0.8227344506244911,9.040597551934543,9.863332002559034
체결,-0.8227344506244911,9.040597551934543,9.863332002559034
 대하,-0.8227344506244911,9.040597551934543,9.863332002559034
 대하여,-0.8227344506244911,9.040597551934543,9.863332002559034
 숫자 ,-0.8227344506244911,9.040597551934543,9.863332002559034
 동*,-0.8227344506244911,9.040597551934543,9.863332002559034
" 등),",-0.8227344506244911,9.040597551934543,9.863332002559034
인] ,-0.8227344506244911,9.040597551934543,9.863332002559034
 따라 ,-0.8227344506244911,9.040597551934543,9.863332002559034
 수신거,-0.8227344506244911,9.040597551934543,9.863332002559034
 속의 ,-0.8227344506244911,9.040597551934543,9.863332002559034
 만료되,-0.8227344506244911,9.040597551934543,9.863332002559034
 속의,-0.8227344506244911,9.040597551934543,9.863332002559034
 소중한,-0.8227344506244911,9.040597551934543,9.863332002559034
 소중,-0.8227344506244911,9.040597551934543,9.863332002559034
 말일,-0.8227344506244911,9.040597551934543,9.863332002559034
 말일 ,-0.8227344506244911,9.040597551934543,9.863332002559034
 설명받,-0.8227344506244911,9.040597551934543,9.863332002559034
정기,-0.8227344506244911,9.040597551934543,9.863332002559034
정기간,-0.8227344506244911,9.040597551934543,9.863332002559034
"체시,모",-0.8227344506244911,9.040597551934543,9.863332002559034
적에서 ,-0.8227344506244911,9.040597551934543,9.863332002559034
체크/,-0.8227344506244911,9.040597551934543,9.863332002559034
적에서,-0.8227344506244911,9.040597551934543,9.863332002559034
장기,-0.8227344506244911,9.040597551934543,9.863332002559034
장기간,-0.8227344506244911,9.040597551934543,9.863332002559034
장기간:,-0.8227344506244911,9.040597551934543,9.863332002559034
 심의,-0.8227344506244911,9.040597551934543,9.863332002559034
쿠폰』 ,-0.8227344506244911,9.040597551934543,9.863332002559034
 실적에,-0.8227344506244911,9.040597551934543,9.863332002559034
쿠폰』,-0.8227344506244911,9.040597551934543,9.863332002559034
쿠폰] ,-0.8227344506244911,9.040597551934543,9.863332002559034
쿠폰],-0.8227344506244911,9.040597551934543,9.863332002559034
 금융거,-0.8227344506244911,9.040597551934543,9.863332002559034
 금융소,-0.8227344506244911,9.040597551934543,9.863332002559034
코] ,-0.8227344506244911,9.040597551934543,9.863332002559034
코],-0.8227344506244911,9.040597551934543,9.863332002559034
카이막,-0.8227344506244911,9.040597551934543,9.863332002559034
 낮음,-0.8227344506244911,9.040597551934543,9.863332002559034
장하면,-0.8227344506244911,9.040597551934543,9.863332002559034
장하면 ,-0.8227344506244911,9.040597551934543,9.863332002559034
 낮음 ,-0.8227344506244911,9.040597551934543,9.863332002559034
 눌러 ,-0.8227344506244911,9.040597551934543,9.863332002559034
 당사에,-0.8227344506244911,9.040597551934543,9.863332002559034
 대리인,-0.8227344506244911,9.040597551934543,9.863332002559034
 시에는,-0.8227344506244911,9.040597551934543,9.863332002559034
체크/교,-0.8227344506244911,9.040597551934543,9.863332002559034
 시에,-0.8227344506244911,9.040597551934543,9.863332002559034
적에,-0.8227344506244911,9.040597551934543,9.863332002559034
정기간연,-0.8227344506244911,9.040597551934543,9.863332002559034
 상환하,-0.8227344506244911,9.040597551934543,9.863332002559034
 상품설,-0.8227344506244911,9.040597551934543,9.863332002559034
 방법 ,-0.8227344506244911,9.040597551934543,9.863332002559034
 배송만,-0.8227344506244911,9.040597551934543,9.863332002559034
 배송예,-0.8227344506244911,9.040597551934543,9.863332002559034
주셔서 ,-0.8227344506244911,9.040597551934543,9.863332002559034
제공 ,-0.8227344506244911,9.040597551934543,9.863332002559034
주셔서,-0.8227344506244911,9.040597551934543,9.863332002559034
 번호는,-0.8227344506244911,9.040597551934543,9.863332002559034
 번호에,-0.8227344506244911,9.040597551934543,9.863332002559034
 법인,-0.8227344506244911,9.040597551934543,9.863332002559034
 법인/,-0.8227344506244911,9.040597551934543,9.863332002559034
 변제,-0.8227344506244911,9.040597551934543,9.863332002559034
제든,-0.8227344506244911,9.040597551934543,9.863332002559034
 변제 ,-0.8227344506244911,9.040597551934543,9.863332002559034
족도 ,-0.8227344506244911,9.040597551934543,9.863332002559034
족도,-0.8227344506244911,9.040597551934543,9.863332002559034
 부적,-0.8227344506244911,9.040597551934543,9.863332002559034
 부적정,-0.8227344506244911,9.040597551934543,9.863332002559034
져요 ,-0.8227344506244911,9.040597551934543,9.863332002559034
져요,-0.8227344506244911,9.040597551934543,9.863332002559034
제한 ,-0.8227344506244911,9.040597551934543,9.863332002559034
 불이익,-0.8227344506244911,9.040597551934543,9.863332002559034
 불이,-0.8227344506244911,9.040597551934543,9.863332002559034
제한,-0.8227344506244911,9.040597551934543,9.863332002559034
제하실 ,-0.8227344506244911,9.040597551934543,9.863332002559034
제하실,-0.8227344506244911,9.040597551934543,9.863332002559034
제하,-0.8227344506244911,9.040597551934543,9.863332002559034
 배*신,-0.8227344506244911,9.040597551934543,9.863332002559034
준법,-0.8227344506244911,9.040597551934543,9.863332002559034
 상품명,-0.8227344506244911,9.040597551934543,9.863332002559034
준법감,-0.8227344506244911,9.040597551934543,9.863332002559034
 문앞 ,-0.8227344506244911,9.040597551934543,9.863332002559034
" 문의,",-0.8227344506244911,9.040597551934543,9.863332002559034
 문의해,-0.8227344506244911,9.040597551934543,9.863332002559034
 상세사,-0.8227344506244911,9.040597551934543,9.863332002559034
 문자에,-0.8227344506244911,9.040597551934543,9.863332002559034
 상세 ,-0.8227344506244911,9.040597551934543,9.863332002559034
 상담이,-0.8227344506244911,9.040597551934543,9.863332002559034
 사항 ,-0.8227344506244911,9.040597551934543,9.863332002559034
정시(,-0.8227344506244911,9.040597551934543,9.863332002559034
정시(개,-0.8227344506244911,9.040597551934543,9.863332002559034
 사이,-0.8227344506244911,9.040597551934543,9.863332002559034
 사용액,-0.8227344506244911,9.040597551934543,9.863332002559034
 바람,-0.8227344506244911,9.040597551934543,9.863332002559034
 바람 ,-0.8227344506244911,9.040597551934543,9.863332002559034
지갑 ,-0.8227344506244911,9.040597551934543,9.863332002559034
지갑,-0.8227344506244911,9.040597551934543,9.863332002559034
 발견 ,-0.8227344506244911,9.040597551934543,9.863332002559034
 사라져,-0.8227344506244911,9.040597551934543,9.863332002559034
중한 ,-0.8227344506244911,9.040597551934543,9.863332002559034
 사라,-0.8227344506244911,9.040597551934543,9.863332002559034
중한,-0.8227344506244911,9.040597551934543,9.863332002559034
 밝,-0.8227344506244911,9.040597551934543,9.863332002559034
 밝은,-0.8227344506244911,9.040597551934543,9.863332002559034
준법감시,-0.8227344506244911,9.040597551934543,9.863332002559034
제202,-0.8227344506244911,9.040597551934543,9.863332002559034
크/,-0.8227344506244911,9.040597551934543,9.863332002559034
크/교,-0.8227344506244911,9.040597551934543,9.863332002559034
 심의필,-0.8227344506244911,9.040597551934543,9.863332002559034
플리,-0.8227344506244911,9.040597551934543,9.863332002559034
프트/체,-0.8227344506244911,9.040597551934543,9.863332002559034
프트/,-0.8227344506244911,9.040597551934543,9.863332002559034
프트,-0.8227344506244911,9.040597551934543,9.863332002559034
 완료되,-0.8227344506244911,9.040597551934543,9.863332002559034
 ‘,-0.8227344506244911,9.040597551934543,9.863332002559034
 ‘1,-0.8227344506244911,9.040597551934543,9.863332002559034
 ‘1’,-0.8227344506244911,9.040597551934543,9.863332002559034
품설명서,-0.8227344506244911,9.040597551934543,9.863332002559034
품설명,-0.8227344506244911,9.040597551934543,9.863332002559034
품설,-0.8227344506244911,9.040597551934543,9.863332002559034
 오후 ,-0.8227344506244911,9.040597551934543,9.863332002559034
품권은 ,-0.8227344506244911,9.040597551934543,9.863332002559034
품권은,-0.8227344506244911,9.040597551934543,9.863332002559034
 ※개,-0.8227344506244911,9.040597551934543,9.863332002559034
 ※개인,-0.8227344506244911,9.040597551934543,9.863332002559034
 오후,-0.8227344506244911,9.040597551934543,9.863332002559034
 ※상,-0.8227344506244911,9.040597551934543,9.863332002559034
 ※상환,-0.8227344506244911,9.040597551934543,9.863332002559034
 ※일,-0.8227344506244911,9.040597551934543,9.863332002559034
 ※일정,-0.8227344506244911,9.040597551934543,9.863332002559034
 ①,-0.8227344506244911,9.040597551934543,9.863332002559034
 ① ,-0.8227344506244911,9.040597551934543,9.863332002559034
폰』 ,-0.8227344506244911,9.040597551934543,9.863332002559034
폰』,-0.8227344506244911,9.040597551934543,9.863332002559034
폰] ,-0.8227344506244911,9.040597551934543,9.863332002559034
플레,-0.8227344506244911,9.040597551934543,9.863332002559034
플리케,-0.8227344506244911,9.040597551934543,9.863332002559034
포함)은,-0.8227344506244911,9.040597551934543,9.863332002559034
필 ,-0.8227344506244911,9.040597551934543,9.863332002559034
한정),-0.8227344506244911,9.040597551934543,9.863332002559034
인기,-0.8227344506244911,9.040597551934543,9.863332002559034
 의무 ,-0.8227344506244911,9.040597551934543,9.863332002559034
한민국v,-0.8227344506244911,9.040597551934543,9.863332002559034
 [대,-0.8227344506244911,9.040597551934543,9.863332002559034
하여야 ,-0.8227344506244911,9.040597551934543,9.863332002559034
 응모되,-0.8227344506244911,9.040597551934543,9.863332002559034
하여야,-0.8227344506244911,9.040597551934543,9.863332002559034
 [대한,-0.8227344506244911,9.040597551934543,9.863332002559034
 응모 ,-0.8227344506244911,9.040597551934543,9.863332002559034
 [맥,-0.8227344506244911,9.040597551934543,9.863332002559034
 [맥도,-0.8227344506244911,9.040597551934543,9.863332002559034
 [총,-0.8227344506244911,9.040597551934543,9.863332002559034
 [총 ,-0.8227344506244911,9.040597551934543,9.863332002559034
하락할 ,-0.8227344506244911,9.040597551934543,9.863332002559034
하락할,-0.8227344506244911,9.040597551934543,9.863332002559034
"하락시,",-0.8227344506244911,9.040597551934543,9.863332002559034
하락시,-0.8227344506244911,9.040597551934543,9.863332002559034
 a,-0.8227344506244911,9.040597551934543,9.863332002559034
 위탁장,-0.8227344506244911,9.040597551934543,9.863332002559034
 위탁,-0.8227344506244911,9.040597551934543,9.863332002559034
 cj국,-0.8227344506244911,9.040597551934543,9.863332002559034
인터,-0.8227344506244911,9.040597551934543,9.863332002559034
인트,-0.8227344506244911,9.040597551934543,9.863332002559034
인트 ,-0.8227344506244911,9.040597551934543,9.863332002559034
폰],-0.8227344506244911,9.040597551934543,9.863332002559034
포함 ,-0.8227344506244911,9.040597551934543,9.863332002559034
크/교통,-0.8227344506244911,9.040597551934543,9.863332002559034
통요금은,-0.8227344506244911,9.040597551934543,9.863332002559034
통요,-0.8227344506244911,9.040597551934543,9.863332002559034
 개인신,-0.8227344506244911,9.040597551934543,9.863332002559034
 결제일,-0.8227344506244911,9.040597551934543,9.863332002559034
 결제하,-0.8227344506244911,9.040597551934543,9.863332002559034
자>*,-0.8227344506244911,9.040597551934543,9.863332002559034
자>**,-0.8227344506244911,9.040597551934543,9.863332002559034
택! ,-0.8227344506244911,9.040597551934543,9.863332002559034
택!,-0.8227344506244911,9.040597551934543,9.863332002559034
 양*아,-0.8227344506244911,9.040597551934543,9.863332002559034
 양*,-0.8227344506244911,9.040597551934543,9.863332002559034
 약관을,-0.8227344506244911,9.040597551934543,9.863332002559034
" 경우,",-0.8227344506244911,9.040597551934543,9.863332002559034
 약관,-0.8227344506244911,9.040597551934543,9.863332002559034
탄신도시,-0.8227344506244911,9.040597551934543,9.863332002559034
 않아요,-0.8227344506244911,9.040597551934543,9.863332002559034
탄신도,-0.8227344506244911,9.040597551934543,9.863332002559034
탄신,-0.8227344506244911,9.040597551934543,9.863332002559034
 계약체,-0.8227344506244911,9.040597551934543,9.863332002559034
탁장소 ,-0.8227344506244911,9.040597551934543,9.863332002559034
 고객 ,-0.8227344506244911,9.040597551934543,9.863332002559034
 고객부,-0.8227344506244911,9.040597551934543,9.863332002559034
 과도,-0.8227344506244911,9.040597551934543,9.863332002559034
 과도시,-0.8227344506244911,9.040597551934543,9.863332002559034
 권리,-0.8227344506244911,9.040597551934543,9.863332002559034
 권리가,-0.8227344506244911,9.040597551934543,9.863332002559034
통요금,-0.8227344506244911,9.040597551934543,9.863332002559034
 언제든,-0.8227344506244911,9.040597551934543,9.863332002559034
포인트 ,-0.8227344506244911,9.040597551934543,9.863332002559034
트/,-0.8227344506244911,9.040597551934543,9.863332002559034
포인트,-0.8227344506244911,9.040597551934543,9.863332002559034
포인,-0.8227344506244911,9.040597551934543,9.863332002559034
평가시 ,-0.8227344506244911,9.040597551934543,9.863332002559034
평가시,-0.8227344506244911,9.040597551934543,9.863332002559034
 ②,-0.8227344506244911,9.040597551934543,9.863332002559034
 ② ,-0.8227344506244911,9.040597551934543,9.863332002559034
 ③,-0.8227344506244911,9.040597551934543,9.863332002559034
 ③ ,-0.8227344506244911,9.040597551934543,9.863332002559034
일정기,-0.8227344506244911,9.040597551934543,9.863332002559034
일정기간,-0.8227344506244911,9.040597551934543,9.863332002559034
 오시는,-0.8227344506244911,9.040597551934543,9.863332002559034
편접수 ,-0.8227344506244911,9.040597551934543,9.863332002559034
편접수,-0.8227344506244911,9.040597551934543,9.863332002559034
편접,-0.8227344506244911,9.040597551934543,9.863332002559034
 『,-0.8227344506244911,9.040597551934543,9.863332002559034
 『배,-0.8227344506244911,9.040597551934543,9.863332002559034
 『배달,-0.8227344506244911,9.040597551934543,9.863332002559034
 ㅎㅎ.,-0.8227344506244911,9.040597551934543,9.863332002559034
 영어회,-0.8227344506244911,9.040597551934543,9.863332002559034
 영어,-0.8227344506244911,9.040597551934543,9.863332002559034
제일에,-0.8227344506244911,9.040597551934543,9.863332002559034
 연회비,-0.8227344506244911,9.040597551934543,9.863332002559034
 연회,-0.8227344506244911,9.040597551934543,9.863332002559034
트/체크,-0.8227344506244911,9.040597551934543,9.863332002559034
트/체,-0.8227344506244911,9.040597551934543,9.863332002559034
)은 ,-0.8227344506244911,9.040597551934543,9.863332002559034
니다^^,-0.8227344506244911,9.040597551934543,9.863332002559034
불이익,-0.8227344506244911,9.040597551934543,9.863332002559034
만족도 ,-0.8227344506244911,9.040597551934543,9.863332002559034
밝은,-0.8227344506244911,9.040597551934543,9.863332002559034
[n,-0.8227344506244911,9.040597551934543,9.863332002559034
[cj국,-0.8227344506244911,9.040597551934543,9.863332002559034
-**0,-0.8227344506244911,9.040597551934543,9.863332002559034
-**1,-0.8227344506244911,9.040597551934543,9.863332002559034
>***,-0.8227344506244911,9.040597551934543,9.863332002559034
>**,-0.8227344506244911,9.040597551934543,9.863332002559034
-005,-0.8227344506244911,9.040597551934543,9.863332002559034
>*,-0.8227344506244911,9.040597551934543,9.863332002559034
배*신,-0.8227344506244911,9.040597551934543,9.863332002559034
배*신님,-0.8227344506244911,9.040597551934543,9.863332002559034
배달앱,-0.8227344506244911,9.040597551934543,9.863332002559034
배달앱 ,-0.8227344506244911,9.040597551934543,9.863332002559034
배송만,-0.8227344506244911,9.040597551934543,9.863332002559034
배송만족,-0.8227344506244911,9.040597551934543,9.863332002559034
[대,-0.8227344506244911,9.040597551934543,9.863332002559034
실적에,-0.8227344506244911,9.040597551934543,9.863332002559034
실적에서,-0.8227344506244911,9.040597551934543,9.863332002559034
심의,-0.8227344506244911,9.040597551934543,9.863332002559034
발견 ,-0.8227344506244911,9.040597551934543,9.863332002559034
[맥도날,-0.8227344506244911,9.040597551934543,9.863332002559034
[맥도,-0.8227344506244911,9.040597551934543,9.863332002559034
",모",-0.8227344506244911,9.040597551934543,9.863332002559034
심의필 ,-0.8227344506244911,9.040597551934543,9.863332002559034
심의필,-0.8227344506244911,9.040597551934543,9.863332002559034
",모든",-0.8227344506244911,9.040597551934543,9.863332002559034
",불편접",-0.8227344506244911,9.040597551934543,9.863332002559034
",모든 ",-0.8227344506244911,9.040597551934543,9.863332002559034
",불",-0.8227344506244911,9.040597551934543,9.863332002559034
[맥,-0.8227344506244911,9.040597551934543,9.863332002559034
[대한민,-0.8227344506244911,9.040597551934543,9.863332002559034
[대한,-0.8227344506244911,9.040597551934543,9.863332002559034
",불편",-0.8227344506244911,9.040597551934543,9.863332002559034
배송예,-0.8227344506244911,9.040597551934543,9.863332002559034
배송예정,-0.8227344506244911,9.040597551934543,9.863332002559034
:3,-0.8227344506244911,9.040597551934543,9.863332002559034
시코,-0.8227344506244911,9.040597551934543,9.863332002559034
9시 ,-0.8227344506244911,9.040597551934543,9.863332002559034
부담이,-0.8227344506244911,9.040597551934543,9.863332002559034
부담이에,-0.8227344506244911,9.040597551934543,9.863332002559034
630-,-0.8227344506244911,9.040597551934543,9.863332002559034
시코] ,-0.8227344506244911,9.040597551934543,9.863332002559034
시코],-0.8227344506244911,9.040597551934543,9.863332002559034
630,-0.8227344506244911,9.040597551934543,9.863332002559034
변제,-0.8227344506244911,9.040597551934543,9.863332002559034
.29,-0.8227344506244911,9.040597551934543,9.863332002559034
6.30,-0.8227344506244911,9.040597551934543,9.863332002559034
시에는 ,-0.8227344506244911,9.040597551934543,9.863332002559034
시에는,-0.8227344506244911,9.040597551934543,9.863332002559034
시에,-0.8227344506244911,9.040597551934543,9.863332002559034
.29 ,-0.8227344506244911,9.040597551934543,9.863332002559034
변제 ,-0.8227344506244911,9.040597551934543,9.863332002559034
법인/b,-0.8227344506244911,9.040597551934543,9.863332002559034
번호는,-0.8227344506244911,9.040597551934543,9.863332002559034
신님께 ,-0.8227344506244911,9.040597551934543,9.863332002559034
번호는 ,-0.8227344506244911,9.040597551934543,9.863332002559034
번호에,-0.8227344506244911,9.040597551934543,9.863332002559034
번호에요,-0.8227344506244911,9.040597551934543,9.863332002559034
법감,-0.8227344506244911,9.040597551934543,9.863332002559034
법감시,-0.8227344506244911,9.040597551934543,9.863332002559034
신도시,-0.8227344506244911,9.040597551934543,9.863332002559034
신님께,-0.8227344506244911,9.040597551934543,9.863332002559034
법인/,-0.8227344506244911,9.040597551934543,9.863332002559034
신님,-0.8227344506244911,9.040597551934543,9.863332002559034
-c,-0.8227344506244911,9.040597551934543,9.863332002559034
-cp,-0.8227344506244911,9.040597551934543,9.863332002559034
-cpc,-0.8227344506244911,9.040597551934543,9.863332002559034
법감시 ,-0.8227344506244911,9.040597551934543,9.863332002559034
법인,-0.8227344506244911,9.040597551934543,9.863332002559034
[총,-0.8227344506244911,9.040597551934543,9.863332002559034
*우,-0.8227344506244911,9.040597551934543,9.863332002559034
[총 ,-0.8227344506244911,9.040597551934543,9.863332002559034
않아요.,-0.8227344506244911,9.040597551934543,9.863332002559034
명받,-0.8227344506244911,9.040597551934543,9.863332002559034
명받을,-0.8227344506244911,9.040597551934543,9.863332002559034
명받을 ,-0.8227344506244911,9.040597551934543,9.863332002559034
1을 ,-0.8227344506244911,9.040597551934543,9.863332002559034
명서 ,-0.8227344506244911,9.040597551934543,9.863332002559034
)은,-0.8227344506244911,9.040597551934543,9.863332002559034
않아요,-0.8227344506244911,9.040597551934543,9.863332002559034
멕시코],-0.8227344506244911,9.040597551934543,9.863332002559034
모되,-0.8227344506244911,9.040597551934543,9.863332002559034
모되지,-0.8227344506244911,9.040597551934543,9.863332002559034
모되지 ,-0.8227344506244911,9.040597551934543,9.863332002559034
무료),-0.8227344506244911,9.040597551934543,9.863332002559034
무료) ,-0.8227344506244911,9.040597551934543,9.863332002559034
er,-0.8227344506244911,9.040597551934543,9.863332002559034
앞 ,-0.8227344506244911,9.040597551934543,9.863332002559034
멕시코,-0.8227344506244911,9.040597551934543,9.863332002559034
**0,-0.8227344506244911,9.040597551934543,9.863332002559034
약관을,-0.8227344506244911,9.040597551934543,9.863332002559034
양*아,-0.8227344506244911,9.040597551934543,9.863332002559034
양*,-0.8227344506244911,9.040597551934543,9.863332002559034
약체결 ,-0.8227344506244911,9.040597551934543,9.863332002559034
약체결,-0.8227344506244911,9.040597551934543,9.863332002559034
약체,-0.8227344506244911,9.040597551934543,9.863332002559034
약관을 ,-0.8227344506244911,9.040597551934543,9.863332002559034
약관,-0.8227344506244911,9.040597551934543,9.863332002559034
멕시,-0.8227344506244911,9.040597551934543,9.863332002559034
말일,-0.8227344506244911,9.040597551934543,9.863332002559034
말일 ,-0.8227344506244911,9.040597551934543,9.863332002559034
액에서 ,-0.8227344506244911,9.040597551934543,9.863332002559034
액에서,-0.8227344506244911,9.040597551934543,9.863332002559034
액에,-0.8227344506244911,9.040597551934543,9.863332002559034
메시지 ,-0.8227344506244911,9.040597551934543,9.863332002559034
cpc-,-0.8227344506244911,9.040597551934543,9.863332002559034
**0-,-0.8227344506244911,9.040597551934543,9.863332002559034
^) ,-0.8227344506244911,9.040597551934543,9.863332002559034
아요.,-0.8227344506244911,9.040597551934543,9.863332002559034
c-0,-0.8227344506244911,9.040597551934543,9.863332002559034
c-,-0.8227344506244911,9.040597551934543,9.863332002559034
민국v,-0.8227344506244911,9.040597551934543,9.863332002559034
민국vs,-0.8227344506244911,9.040597551934543,9.863332002559034
*신님,-0.8227344506244911,9.040597551934543,9.863332002559034
아요. ,-0.8227344506244911,9.040597551934543,9.863332002559034
아요,-0.8227344506244911,9.040597551934543,9.863332002559034
c/,-0.8227344506244911,9.040597551934543,9.863332002559034
bc/선,-0.8227344506244911,9.040597551934543,9.863332002559034
bc/,-0.8227344506244911,9.040597551934543,9.863332002559034
^^) ,-0.8227344506244911,9.040597551934543,9.863332002559034
*신님께,-0.8227344506244911,9.040597551934543,9.863332002559034
^^),-0.8227344506244911,9.040597551934543,9.863332002559034
*아 ,-0.8227344506244911,9.040597551934543,9.863332002559034
c-00,-0.8227344506244911,9.040597551934543,9.863332002559034
c/선,-0.8227344506244911,9.040597551934543,9.863332002559034
**14,-0.8227344506244911,9.040597551934543,9.863332002559034
*0-,-0.8227344506244911,9.040597551934543,9.863332002559034
문앞 ,-0.8227344506244911,9.040597551934543,9.863332002559034
cpc,-0.8227344506244911,9.040597551934543,9.863332002559034
cp,-0.8227344506244911,9.040597551934543,9.863332002559034
"문의,",-0.8227344506244911,9.040597551934543,9.863332002559034
"문의,불",-0.8227344506244911,9.040597551934543,9.863332002559034
*0,-0.8227344506244911,9.040597551934543,9.863332002559034
*0-*,-0.8227344506244911,9.040597551934543,9.863332002559034
문자에 ,-0.8227344506244911,9.040597551934543,9.863332002559034
*14,-0.8227344506244911,9.040597551934543,9.863332002559034
*14(,-0.8227344506244911,9.040597551934543,9.863332002559034
문의해,-0.8227344506244911,9.040597551934543,9.863332002559034
문의해주,-0.8227344506244911,9.040597551934543,9.863332002559034
c/선불,-0.8227344506244911,9.040597551934543,9.863332002559034
문자에,-0.8227344506244911,9.040597551934543,9.863332002559034
6.3,-0.8227344506244911,9.040597551934543,9.863332002559034
.30,-0.8227344506244911,9.040597551934543,9.863332002559034
.30~,-0.8227344506244911,9.040597551934543,9.863332002559034
10분 ,-0.8227344506244911,9.040597551934543,9.863332002559034
4(무,-0.8227344506244911,9.040597551934543,9.863332002559034
4(,-0.8227344506244911,9.040597551934543,9.863332002559034
소비자는,-0.8227344506244911,9.040597551934543,9.863332002559034
소비자,-0.8227344506244911,9.040597551934543,9.863332002559034
3분,-0.8227344506244911,9.040597551934543,9.863332002559034
상담이,-0.8227344506244911,9.040597551934543,9.863332002559034
10시 ,-0.8227344506244911,9.040597551934543,9.863332002559034
4/2,-0.8227344506244911,9.040597551934543,9.863332002559034
상담이 ,-0.8227344506244911,9.040597551934543,9.863332002559034
3개,-0.8227344506244911,9.040597551934543,9.863332002559034
상세 ,-0.8227344506244911,9.040597551934543,9.863332002559034
14(,-0.8227344506244911,9.040597551934543,9.863332002559034
14(무,-0.8227344506244911,9.040597551934543,9.863332002559034
상세사,-0.8227344506244911,9.040597551934543,9.863332002559034
4(무료,-0.8227344506244911,9.040597551934543,9.863332002559034
4/24,-0.8227344506244911,9.040597551934543,9.863332002559034
159,-0.8227344506244911,9.040597551934543,9.863332002559034
4까지,-0.8227344506244911,9.040597551934543,9.863332002559034
0~2,-0.8227344506244911,9.040597551934543,9.863332002559034
0~20,-0.8227344506244911,9.040597551934543,9.863332002559034
사라,-0.8227344506244911,9.040597551934543,9.863332002559034
사라져,-0.8227344506244911,9.040597551934543,9.863332002559034
사라져요,-0.8227344506244911,9.040597551934543,9.863332002559034
4까지),-0.8227344506244911,9.040597551934543,9.863332002559034
4까,-0.8227344506244911,9.040597551934543,9.863332002559034
소중,-0.8227344506244911,9.040597551934543,9.863332002559034
사용액,-0.8227344506244911,9.040597551934543,9.863332002559034
속의 ,-0.8227344506244911,9.040597551934543,9.863332002559034
속의,-0.8227344506244911,9.040597551934543,9.863332002559034
사용액 ,-0.8227344506244911,9.040597551934543,9.863332002559034
소중한 ,-0.8227344506244911,9.040597551934543,9.863332002559034
소중한,-0.8227344506244911,9.040597551934543,9.863332002559034
상세사항,-0.8227344506244911,9.040597551934543,9.863332002559034
1599,-0.8227344506244911,9.040597551934543,9.863332002559034
송만족,-0.8227344506244911,9.040597551934543,9.863332002559034
24까,-0.8227344506244911,9.040597551934543,9.863332002559034
세사,-0.8227344506244911,9.040597551934543,9.863332002559034
25.,-0.8227344506244911,9.040597551934543,9.863332002559034
1’,-0.8227344506244911,9.040597551934543,9.863332002559034
1’을,-0.8227344506244911,9.040597551934543,9.863332002559034
24까지,-0.8227344506244911,9.040597551934543,9.863332002559034
1’을 ,-0.8227344506244911,9.040597551934543,9.863332002559034
선불/,-0.8227344506244911,9.040597551934543,9.863332002559034
세사항은,-0.8227344506244911,9.040597551934543,9.863332002559034
선불/기,-0.8227344506244911,9.040597551934543,9.863332002559034
1층,-0.8227344506244911,9.040597551934543,9.863332002559034
1을,-0.8227344506244911,9.040597551934543,9.863332002559034
설명서 ,-0.8227344506244911,9.040597551934543,9.863332002559034
설명서,-0.8227344506244911,9.040597551934543,9.863332002559034
설명받을,-0.8227344506244911,9.040597551934543,9.863332002559034
세사항,-0.8227344506244911,9.040597551934543,9.863332002559034
25.0,-0.8227344506244911,9.040597551934543,9.863332002559034
15분,-0.8227344506244911,9.040597551934543,9.863332002559034
상환능력,-0.8227344506244911,9.040597551934543,9.863332002559034
상품권은,-0.8227344506244911,9.040597551934543,9.863332002559034
상품설,-0.8227344506244911,9.040597551934543,9.863332002559034
상품설명,-0.8227344506244911,9.040597551934543,9.863332002559034
30~2,-0.8227344506244911,9.040597551934543,9.863332002559034
30-c,-0.8227344506244911,9.040597551934543,9.863332002559034
상환능,-0.8227344506244911,9.040597551934543,9.863332002559034
상환하,-0.8227344506244911,9.040597551934543,9.863332002559034
250,-0.8227344506244911,9.040597551934543,9.863332002559034
상환하여,-0.8227344506244911,9.040597551934543,9.863332002559034
2만원 ,-0.8227344506244911,9.040597551934543,9.863332002559034
2만원,-0.8227344506244911,9.040597551934543,9.863332002559034
생 ,-0.8227344506244911,9.040597551934543,9.863332002559034
26.0,-0.8227344506244911,9.040597551934543,9.863332002559034
2506,-0.8227344506244911,9.040597551934543,9.863332002559034
송만,-0.8227344506244911,9.040597551934543,9.863332002559034
송만족도,-0.8227344506244911,9.040597551934543,9.863332002559034
6.29,-0.8227344506244911,9.040597551934543,9.863332002559034
/기프트,-0.8227344506244911,9.040597551934543,9.863332002559034
시(개,-0.8227344506244911,9.040597551934543,9.863332002559034
시(,-0.8227344506244911,9.040597551934543,9.863332002559034
5호,-0.8227344506244911,9.040597551934543,9.863332002559034
/교통요,-0.8227344506244911,9.040597551934543,9.863332002559034
/기,-0.8227344506244911,9.040597551934543,9.863332002559034
/기프,-0.8227344506244911,9.040597551934543,9.863332002559034
분으로 ,-0.8227344506244911,9.040597551934543,9.863332002559034
5호(,-0.8227344506244911,9.040597551934543,9.863332002559034
5점 ,-0.8227344506244911,9.040597551934543,9.863332002559034
5점,-0.8227344506244911,9.040597551934543,9.863332002559034
/선불,-0.8227344506244911,9.040597551934543,9.863332002559034
/선불/,-0.8227344506244911,9.040597551934543,9.863332002559034
5분,-0.8227344506244911,9.040597551934543,9.863332002559034
불/,-0.8227344506244911,9.040597551934543,9.863332002559034
시(개인,-0.8227344506244911,9.040597551934543,9.863332002559034
5호(2,-0.8227344506244911,9.040597551934543,9.863332002559034
숫자>*,-0.8227344506244911,9.040597551934543,9.863332002559034
6.06,-0.8227344506244911,9.040597551934543,9.863332002559034
부적,-0.8227344506244911,9.040597551934543,9.863332002559034
부적정,-0.8227344506244911,9.040597551934543,9.863332002559034
부적정시,-0.8227344506244911,9.040597551934543,9.863332002559034
6.2,-0.8227344506244911,9.040597551934543,9.863332002559034
/24,-0.8227344506244911,9.040597551934543,9.863332002559034
/24까,-0.8227344506244911,9.040597551934543,9.863332002559034
6.0,-0.8227344506244911,9.040597551934543,9.863332002559034
"시,모",-0.8227344506244911,9.040597551934543,9.863332002559034
/b,-0.8227344506244911,9.040597551934543,9.863332002559034
/bc,-0.8227344506244911,9.040597551934543,9.863332002559034
/bc/,-0.8227344506244911,9.040597551934543,9.863332002559034
/교,-0.8227344506244911,9.040597551934543,9.863332002559034
/교통,-0.8227344506244911,9.040597551934543,9.863332002559034
"시,모든",-0.8227344506244911,9.040597551934543,9.863332002559034
/체,-0.8227344506244911,9.040597551934543,9.863332002559034
숫자 ,-0.8227344506244911,9.040597551934543,9.863332002559034
송예,-0.8227344506244911,9.040597551934543,9.863332002559034
05호(,-0.8227344506244911,9.040597551934543,9.863332002559034
5.06,-0.8227344506244911,9.040597551934543,9.863332002559034
비등,-0.8227344506244911,9.040597551934543,9.863332002559034
05호,-0.8227344506244911,9.040597551934543,9.863332002559034
비등 ,-0.8227344506244911,9.040597551934543,9.863332002559034
5.0,-0.8227344506244911,9.040597551934543,9.863332002559034
비자,-0.8227344506244911,9.040597551934543,9.863332002559034
비자는,-0.8227344506244911,9.040597551934543,9.863332002559034
025.,-0.8227344506244911,9.040597551934543,9.863332002559034
비자는 ,-0.8227344506244911,9.040597551934543,9.863332002559034
06.2,-0.8227344506244911,9.040597551934543,9.863332002559034
06.3,-0.8227344506244911,9.040597551934543,9.863332002559034
063,-0.8227344506244911,9.040597551934543,9.863332002559034
0630,-0.8227344506244911,9.040597551934543,9.863332002559034
송예정,-0.8227344506244911,9.040597551934543,9.863332002559034
0250,-0.8227344506244911,9.040597551934543,9.863332002559034
506,-0.8227344506244911,9.040597551934543,9.863332002559034
/체크,-0.8227344506244911,9.040597551934543,9.863332002559034
0-cp,-0.8227344506244911,9.040597551934543,9.863332002559034
/체크/,-0.8227344506244911,9.040597551934543,9.863332002559034
불/기,-0.8227344506244911,9.040597551934543,9.863332002559034
불/기프,-0.8227344506244911,9.040597551934543,9.863332002559034
0**-,-0.8227344506244911,9.040597551934543,9.863332002559034
599-,-0.8227344506244911,9.040597551934543,9.863332002559034
0-c,-0.8227344506244911,9.040597551934543,9.863332002559034
599,-0.8227344506244911,9.040597551934543,9.863332002559034
5063,-0.8227344506244911,9.040597551934543,9.863332002559034
유의사항,-0.8227344506244911,9.040597551934543,9.863332002559034
005,-0.8227344506244911,9.040597551934543,9.863332002559034
005호,-0.8227344506244911,9.040597551934543,9.863332002559034
불이익 ,-0.8227344506244911,9.040597551934543,9.863332002559034
불편접,-0.8227344506244911,9.040597551934543,9.863332002559034
불편접수,-0.8227344506244911,9.040597551934543,9.863332002559034
양*아 ,-0.8227344506244911,9.040597551934543,9.863332002559034
명서,-0.8227344506244911,9.040597551934543,9.863332002559034
설명받,-0.8227344506244911,9.040597551934543,9.863332002559034
 혜택!,-0.8227344506244911,9.040597551934543,9.863332002559034
"락시,",-0.8227344506244911,9.040597551934543,9.863332002559034
오시는,-0.8227344506244911,9.040597551934543,9.863332002559034
 평가,-0.8227344506244911,9.040597551934543,9.863332002559034
락시,-0.8227344506244911,9.040597551934543,9.863332002559034
라져요 ,-0.8227344506244911,9.040597551934543,9.863332002559034
교통요,-0.8227344506244911,9.040597551934543,9.863332002559034
라져요,-0.8227344506244911,9.040597551934543,9.863332002559034
라져,-0.8227344506244911,9.040597551934543,9.863332002559034
담이 ,-0.8227344506244911,9.040597551934543,9.863332002559034
따라 ,-0.8227344506244911,9.040597551934543,9.863332002559034
오후,-0.8227344506244911,9.040597551934543,9.863332002559034
오후 ,-0.8227344506244911,9.040597551934543,9.863332002559034
등록되지,-0.8227344506244911,9.040597551934543,9.863332002559034
국vs멕,-0.8227344506244911,9.040597551934543,9.863332002559034
담이에,-0.8227344506244911,9.040597551934543,9.863332002559034
"등), ",-0.8227344506244911,9.040597551934543,9.863332002559034
"등),",-0.8227344506244911,9.040597551934543,9.863332002559034
등),-0.8227344506244911,9.040597551934543,9.863332002559034
들의 ,-0.8227344506244911,9.040597551934543,9.863332002559034
들의,-0.8227344506244911,9.040597551934543,9.863332002559034
용해 ,-0.8227344506244911,9.040597551934543,9.863332002559034
(수수료,-0.8227344506244911,9.040597551934543,9.863332002559034
담이에요,-0.8227344506244911,9.040597551934543,9.863332002559034
객부,-0.8227344506244911,9.040597551934543,9.863332002559034
객부담,-0.8227344506244911,9.040597551934543,9.863332002559034
 함께 ,-0.8227344506244911,9.040597551934543,9.863332002559034
"락시, ",-0.8227344506244911,9.040597551934543,9.863332002559034
락할,-0.8227344506244911,9.040597551934543,9.863332002559034
락할 ,-0.8227344506244911,9.040597551934543,9.863332002559034
"우,",-0.8227344506244911,9.040597551934543,9.863332002559034
영주차,-0.8227344506244911,9.040597551934543,9.863332002559034
영주차장,-0.8227344506244911,9.040597551934543,9.863332002559034
ㅎㅎ.,-0.8227344506244911,9.040597551934543,9.863332002559034
ㅎㅎ. ,-0.8227344506244911,9.040597551934543,9.863332002559034
용액 ,-0.8227344506244911,9.040597551934543,9.863332002559034
료),-0.8227344506244911,9.040597551934543,9.863332002559034
가),-0.8227344506244911,9.040597551934543,9.863332002559034
가) ,-0.8227344506244911,9.040597551934543,9.863332002559034
가기,-0.8227344506244911,9.040597551934543,9.863332002559034
가기 ,-0.8227344506244911,9.040597551934543,9.863332002559034
록되지 ,-0.8227344506244911,9.040597551934543,9.863332002559034
록되지,-0.8227344506244911,9.040597551934543,9.863332002559034
가세요.,-0.8227344506244911,9.040597551934543,9.863332002559034
우리카,-0.8227344506244911,9.040597551934543,9.863332002559034
국vs,-0.8227344506244911,9.040597551934543,9.863332002559034
가시 ,-0.8227344506244911,9.040597551934543,9.863332002559034
려면,-0.8227344506244911,9.040597551934543,9.863332002559034
간연체,-0.8227344506244911,9.040597551934543,9.863332002559034
국v,-0.8227344506244911,9.040597551934543,9.863332002559034
간연체시,-0.8227344506244911,9.040597551934543,9.863332002559034
감시,-0.8227344506244911,9.040597551934543,9.863332002559034
감시 ,-0.8227344506244911,9.040597551934543,9.863332002559034
"우, ",-0.8227344506244911,9.040597551934543,9.863332002559034
갑 ,-0.8227344506244911,9.040597551934543,9.863332002559034
교통요금,-0.8227344506244911,9.040597551934543,9.863332002559034
객부담이,-0.8227344506244911,9.040597551934543,9.863332002559034
드를 ,-0.8227344506244911,9.040597551934543,9.863332002559034
 함 ,-0.8227344506244911,9.040597551934543,9.863332002559034
 포함 ,-0.8227344506244911,9.040597551934543,9.863332002559034
당사에 ,-0.8227344506244911,9.040597551934543,9.863332002559034
대금(,-0.8227344506244911,9.040597551934543,9.863332002559034
대금(수,-0.8227344506244911,9.040597551934543,9.863332002559034
"과도시,",-0.8227344506244911,9.040597551934543,9.863332002559034
대리인,-0.8227344506244911,9.040597551934543,9.863332002559034
 포인트,-0.8227344506244911,9.040597551934543,9.863332002559034
대리인 ,-0.8227344506244911,9.040597551934543,9.863332002559034
고객부,-0.8227344506244911,9.040597551934543,9.863332002559034
 포인,-0.8227344506244911,9.040597551934543,9.863332002559034
과도시,-0.8227344506244911,9.040597551934543,9.863332002559034
고객부담,-0.8227344506244911,9.040597551934543,9.863332002559034
공 ,-0.8227344506244911,9.040597551934543,9.863332002559034
대하여 ,-0.8227344506244911,9.040597551934543,9.863332002559034
대하여,-0.8227344506244911,9.040597551934543,9.863332002559034
대비,-0.8227344506244911,9.040597551934543,9.863332002559034
용금액에,-0.8227344506244911,9.040597551934543,9.863332002559034
용금액은,-0.8227344506244911,9.040597551934543,9.863332002559034
대하,-0.8227344506244911,9.040597551934543,9.863332002559034
공영,-0.8227344506244911,9.040597551934543,9.863332002559034
용대금 ,-0.8227344506244911,9.040597551934543,9.863332002559034
대비 ,-0.8227344506244911,9.040597551934543,9.863332002559034
용대금(,-0.8227344506244911,9.040597551934543,9.863332002559034
공영주,-0.8227344506244911,9.040597551934543,9.863332002559034
공영주차,-0.8227344506244911,9.040597551934543,9.863332002559034
과도,-0.8227344506244911,9.040597551934543,9.863332002559034
"도시,",-0.8227344506244911,9.040597551934543,9.863332002559034
"도시, ",-0.8227344506244911,9.040597551934543,9.863332002559034
드를,-0.8227344506244911,9.040597551934543,9.863332002559034
고객 ,-0.8227344506244911,9.040597551934543,9.863332002559034
답장기,-0.8227344506244911,9.040597551934543,9.863332002559034
 평가시,-0.8227344506244911,9.040597551934543,9.863332002559034
 할인],-0.8227344506244911,9.040597551934543,9.863332002559034
견 ,-0.8227344506244911,9.040597551934543,9.863332002559034
답장기간,-0.8227344506244911,9.040597551934543,9.863332002559034
결제일,-0.8227344506244911,9.040597551934543,9.863332002559034
결제일에,-0.8227344506244911,9.040597551934543,9.863332002559034
 한정),-0.8227344506244911,9.040597551934543,9.863332002559034
답장하면,-0.8227344506244911,9.040597551934543,9.863332002559034
결제하,-0.8227344506244911,9.040597551934543,9.863332002559034
 하락할,-0.8227344506244911,9.040597551934543,9.863332002559034
 하락시,-0.8227344506244911,9.040597551934543,9.863332002559034
답장하시,-0.8227344506244911,9.040597551934543,9.863332002559034
요금은,-0.8227344506244911,9.040597551934543,9.863332002559034
결제하실,-0.8227344506244911,9.040597551934543,9.863332002559034
요금은 ,-0.8227344506244911,9.040597551934543,9.863332002559034
 플,-0.8227344506244911,9.040597551934543,9.863332002559034
용하고 ,-0.8227344506244911,9.040597551934543,9.863332002559034
요일 ,-0.8227344506244911,9.040597551934543,9.863332002559034
"경우,",-0.8227344506244911,9.040597551934543,9.863332002559034
"경우, ",-0.8227344506244911,9.040597551934543,9.863332002559034
당사에,-0.8227344506244911,9.040597551934543,9.863332002559034
계약체,-0.8227344506244911,9.040597551934543,9.863332002559034
계약체결,-0.8227344506244911,9.040597551934543,9.863332002559034
동*,-0.8227344506244911,9.040597551934543,9.863332002559034
영주,-0.8227344506244911,9.040597551934543,9.863332002559034
료) ,-0.8227344506244911,9.040597551934543,9.863332002559034
우리카드,-0.8227344506244911,9.040597551934543,9.863332002559034
※상,-0.8227344506244911,9.040597551934543,9.863332002559034
마다 ,-0.8227344506244911,9.040597551934543,9.863332002559034
금은,-0.8227344506244911,9.040597551934543,9.863332002559034
마다,-0.8227344506244911,9.040597551934543,9.863332002559034
금융소비,-0.8227344506244911,9.040597551934543,9.863332002559034
금융소,-0.8227344506244911,9.040597551934543,9.863332002559034
 카이,-0.8227344506244911,9.040597551934543,9.863332002559034
~20,-0.8227344506244911,9.040597551934543,9.863332002559034
(개인신,-0.8227344506244911,9.040597551934543,9.863332002559034
 카이막,-0.8227344506244911,9.040597551934543,9.863332002559034
눌러 ,-0.8227344506244911,9.040597551934543,9.863332002559034
금액에서,-0.8227344506244911,9.040597551934543,9.863332002559034
~202,-0.8227344506244911,9.040597551934543,9.863332002559034
‘1,-0.8227344506244911,9.040597551934543,9.863332002559034
‘1’,-0.8227344506244911,9.040597551934543,9.863332002559034
금액에,-0.8227344506244911,9.040597551934543,9.863332002559034
‘1’을,-0.8227344506244911,9.040597551934543,9.863332002559034
능력,-0.8227344506244911,9.040597551934543,9.863332002559034
’을,-0.8227344506244911,9.040597551934543,9.863332002559034
(개인,-0.8227344506244911,9.040597551934543,9.863332002559034
(개,-0.8227344506244911,9.040597551934543,9.863332002559034
(★답장,-0.8227344506244911,9.040597551934543,9.863332002559034
(★답,-0.8227344506244911,9.040597551934543,9.863332002559034
(★,-0.8227344506244911,9.040597551934543,9.863332002559034
’을 ,-0.8227344506244911,9.040597551934543,9.863332002559034
능력 ,-0.8227344506244911,9.040597551934543,9.863332002559034
ㅎ. ,-0.8227344506244911,9.040597551934543,9.863332002559034
※개인,-0.8227344506244911,9.040597551934543,9.863332002559034
언제든,-0.8227344506244911,9.040597551934543,9.863332002559034
vs멕시,-0.8227344506244911,9.040597551934543,9.863332002559034
vs멕,-0.8227344506244911,9.040597551934543,9.863332002559034
낮음,-0.8227344506244911,9.040597551934543,9.863332002559034
(수수,-0.8227344506244911,9.040597551934543,9.863332002559034
만족도,-0.8227344506244911,9.040597551934543,9.863332002559034
(본 ,-0.8227344506244911,9.040597551934543,9.863332002559034
(본,-0.8227344506244911,9.040597551934543,9.863332002559034
(무료),-0.8227344506244911,9.040597551934543,9.863332002559034
유의사,-0.8227344506244911,9.040597551934543,9.863332002559034
(무료,-0.8227344506244911,9.040597551934543,9.863332002559034
(무,-0.8227344506244911,9.040597551934543,9.863332002559034
pc-,-0.8227344506244911,9.040597551934543,9.863332002559034
pc-0,-0.8227344506244911,9.040597551934543,9.863332002559034
기프트/,-0.8227344506244911,9.040597551934543,9.863332002559034
기프트,-0.8227344506244911,9.040597551934543,9.863332002559034
낮음 ,-0.8227344506244911,9.040597551934543,9.863332002559034
vs,-0.8227344506244911,9.040597551934543,9.863332002559034
만료되,-0.8227344506244911,9.040597551934543,9.863332002559034
s멕,-0.8227344506244911,9.040597551934543,9.863332002559034
s멕시,-0.8227344506244911,9.040597551934543,9.863332002559034
기프,-0.8227344506244911,9.040597551934543,9.863332002559034
어회,-0.8227344506244911,9.040597551934543,9.863332002559034
어회화,-0.8227344506244911,9.040597551934543,9.863332002559034
s멕시코,-0.8227344506244911,9.040597551934543,9.863332002559034
언어,-0.8227344506244911,9.040597551934543,9.863332002559034
기간연체,-0.8227344506244911,9.040597551934543,9.863332002559034
t ,-0.8227344506244911,9.040597551934543,9.863332002559034
급액,-0.8227344506244911,9.040597551934543,9.863332002559034
금은 ,-0.8227344506244911,9.040597551934543,9.863332002559034
※개인신,-0.8227344506244911,9.040597551934543,9.863332002559034
※개,-0.8227344506244911,9.040597551934543,9.863332002559034
※상환,-0.8227344506244911,9.040597551934543,9.863332002559034
권리,-0.8227344506244911,9.040597551934543,9.863332002559034
여야,-0.8227344506244911,9.040597551934543,9.863332002559034
여야 ,-0.8227344506244911,9.040597551934543,9.863332002559034
금(수수,-0.8227344506244911,9.040597551934543,9.863332002559034
★답장,-0.8227344506244911,9.040597551934543,9.863332002559034
★답장기,-0.8227344506244911,9.040597551934543,9.863332002559034
『배,-0.8227344506244911,9.040597551934543,9.863332002559034
권은 ,-0.8227344506244911,9.040597551934543,9.863332002559034
연체,-0.8227344506244911,9.040597551934543,9.863332002559034
연체시,-0.8227344506244911,9.040597551934543,9.863332002559034
권은,-0.8227344506244911,9.040597551934543,9.863332002559034
권리가 ,-0.8227344506244911,9.040597551934543,9.863332002559034
권리가,-0.8227344506244911,9.040597551934543,9.863332002559034
『배달,-0.8227344506244911,9.040597551934543,9.863332002559034
③ ,-0.8227344506244911,9.040597551934543,9.863332002559034
『배달앱,-0.8227344506244911,9.040597551934543,9.863332002559034
달앱,-0.8227344506244911,9.040597551934543,9.863332002559034
』 ,-0.8227344506244911,9.040597551934543,9.863332002559034
"연체시,",-0.8227344506244911,9.040597551934543,9.863332002559034
달앱 ,-0.8227344506244911,9.040597551934543,9.863332002559034
ㅎ.,-0.8227344506244911,9.040597551934543,9.863332002559034
연회,-0.8227344506244911,9.040597551934543,9.863332002559034
연회비,-0.8227344506244911,9.040597551934543,9.863332002559034
연회비등,-0.8227344506244911,9.040597551934543,9.863332002559034
영어,-0.8227344506244911,9.040597551934543,9.863332002559034
영어회,-0.8227344506244911,9.040597551934543,9.863332002559034
영어회화,-0.8227344506244911,9.040597551934543,9.863332002559034
★답,-0.8227344506244911,9.040597551934543,9.863332002559034
용액,-0.8227344506244911,9.040597551934543,9.863332002559034
리인,-0.8227344506244911,9.040597551934543,9.863332002559034
에요.,-0.8227344506244911,9.040597551934543,9.863332002559034
금(수,-0.8227344506244911,9.040597551934543,9.863332002559034
니다^,-0.8227344506244911,9.040597551934543,9.863332002559034
 쿠폰],-0.8227344506244911,9.040597551934543,9.863332002559034
※상환능,-0.8227344506244911,9.040597551934543,9.863332002559034
※일,-0.8227344506244911,9.040597551934543,9.863332002559034
※일정,-0.8227344506244911,9.040597551934543,9.863332002559034
※일정기,-0.8227344506244911,9.040597551934543,9.863332002559034
① ,-0.8227344506244911,9.040597551934543,9.863332002559034
② ,-0.8227344506244911,9.040597551934543,9.863332002559034
리케,-0.8227344506244911,9.040597551934543,9.863332002559034
리카드,-0.8227344506244911,9.040597551934543,9.863332002559034
 쿠폰』,-0.8227344506244911,9.040597551934543,9.863332002559034
다^^,-0.8227344506244911,9.040597551934543,9.863332002559034
리인 ,-0.8227344506244911,9.040597551934543,9.863332002559034
에요. ,-0.8227344506244911,9.040597551934543,9.863332002559034
 텐,-0.8227344506244911,9.040597551934543,9.863332002559034
다^,-0.8227344506244911,9.040597551934543,9.863332002559034
 등록,-0.832784786477994,8.442760551178921,9.275545337656915
50,-0.8452073064765493,8.548121066836748,9.393328373313297
오전 ,-0.8452073064765493,8.548121066836748,9.393328373313297
오전,-0.8452073064765493,8.548121066836748,9.393328373313297
1만원 ,-0.8452073064765511,8.142655958728582,8.987863265205133
 배,-0.8493140884292032,7.327618960559601,8.176933048988804
 [we,-0.8519869934619289,6.728962623420578,7.580949616882507
 [w,-0.8519869934619289,6.728962623420578,7.580949616882507
[w,-0.8519869934619289,6.728962623420578,7.580949616882507
[we,-0.8519869934619289,6.728962623420578,7.580949616882507
[web,-0.8519869934619289,6.728962623420578,7.580949616882507
카드 ,-0.8552576423300513,7.526469819304766,8.381727461634817
11/,-0.8609556634446882,8.665904102493132,9.52685976593782
1:00,-0.8609556634446882,8.665904102493132,9.52685976593782
1:0,-0.8609556634446882,8.665904102493132,9.52685976593782
 11/,-0.8609556634446882,8.665904102493132,9.52685976593782
1/,-0.8609556634446882,8.665904102493132,9.52685976593782
페이,-0.8609556634446882,8.665904102493132,9.52685976593782
장소,-0.8609556634446882,8.665904102493132,9.52685976593782
인시,-0.8609556634446882,8.665904102493132,9.52685976593782
인시 ,-0.8609556634446882,8.665904102493132,9.52685976593782
16,-0.8609556634446891,7.972756921933185,8.833712585377874
h농협은,-0.8815749506474244,8.799435495117654,9.681010445765079
해주세,-0.8815749506474244,8.799435495117654,9.681010445765079
 카드,-0.8815749506474244,8.106288314557709,8.987863265205133
164,-0.8815749506474244,8.799435495117654,9.681010445765079
농협은행,-0.8815749506474244,8.799435495117654,9.681010445765079
3),-0.8815749506474244,8.799435495117654,9.681010445765079
량 ,-0.8815749506474244,8.799435495117654,9.681010445765079
h농협,-0.8815749506474244,8.799435495117654,9.681010445765079
농협은,-0.8815749506474244,8.799435495117654,9.681010445765079
h농,-0.8815749506474244,8.799435495117654,9.681010445765079
nh,-0.8815749506474244,8.799435495117654,9.681010445765079
43,-0.8815749506474244,8.799435495117654,9.681010445765079
nh농,-0.8815749506474244,8.799435495117654,9.681010445765079
해주세요,-0.8815749506474244,8.799435495117654,9.681010445765079
nh농협,-0.8815749506474244,8.799435495117654,9.681010445765079
협은행,-0.8815749506474244,8.799435495117654,9.681010445765079
협은,-0.8815749506474244,8.799435495117654,9.681010445765079
길 ,-0.8815749506474244,8.799435495117654,9.681010445765079
 회,-0.8815749506474262,7.883144763243498,8.764719713890925
eb,-0.8873889205128451,6.693560696369662,7.580949616882507
we,-0.8873889205128451,6.693560696369662,7.580949616882507
web,-0.8873889205128451,6.693560696369662,7.580949616882507
행] ,-0.8944783554833329,8.18039628671143,9.074874642194763
행],-0.8944783554833329,8.18039628671143,9.074874642194763
불가,-0.8944783554833329,8.18039628671143,9.074874642194763
은행],-0.8944783554833329,8.18039628671143,9.074874642194763
은행] ,-0.8944783554833329,8.18039628671143,9.074874642194763
 교통,-0.8992745277468259,8.494053845566471,9.393328373313297
사항,-0.9033149372838309,8.004505620247766,8.907820557531597
포함),-0.9097458276141221,8.953586174944911,9.863332002559034
cj대검,-0.9097458276141221,8.953586174944911,9.863332002559034
문앞,-0.9097458276141221,8.953586174944911,9.863332002559034
cj국민,-0.9097458276141221,8.953586174944911,9.863332002559034
 계약,-0.9097458276141221,8.953586174944911,9.863332002559034
cjki,-0.9097458276141221,8.953586174944911,9.863332002559034
cjk,-0.9097458276141221,8.953586174944911,9.863332002559034
님을,-0.9097458276141221,8.953586174944911,9.863332002559034
환하,-0.9097458276141221,8.953586174944911,9.863332002559034
 때 ,-0.9097458276141221,8.953586174944911,9.863332002559034
26.,-0.9097458276141221,8.953586174944911,9.863332002559034
j대검찰,-0.9097458276141221,8.953586174944911,9.863332002559034
pc,-0.9097458276141221,8.953586174944911,9.863332002559034
날드 ,-0.9097458276141221,8.953586174944911,9.863332002559034
2-*,-0.9097458276141221,8.953586174944911,9.863332002559034
티켓,-0.9097458276141221,8.953586174944911,9.863332002559034
 ㅎ,-0.9097458276141221,8.953586174944911,9.863332002559034
2-**,-0.9097458276141221,8.953586174944911,9.863332002559034
 ㅎㅎ,-0.9097458276141221,8.953586174944911,9.863332002559034
j대검,-0.9097458276141221,8.953586174944911,9.863332002559034
지) ,-0.9097458276141221,8.953586174944911,9.863332002559034
j국민건,-0.9097458276141221,8.953586174944911,9.863332002559034
j국민,-0.9097458276141221,8.953586174944911,9.863332002559034
jkis,-0.9097458276141221,8.953586174944911,9.863332002559034
jki,-0.9097458276141221,8.953586174944911,9.863332002559034
jk,-0.9097458276141221,8.953586174944911,9.863332002559034
~2,-0.9097458276141221,8.953586174944911,9.863332002559034
 문앞,-0.9097458276141221,8.953586174944911,9.863332002559034
님을 ,-0.9097458276141221,8.953586174944911,9.863332002559034
리카,-0.9097458276141221,8.953586174944911,9.863332002559034
그럼 ,-0.9097458276141221,8.953586174944911,9.863332002559034
 5월 ,-0.9097458276141221,8.953586174944911,9.863332002559034
 10분,-0.9097458276141221,8.953586174944911,9.863332002559034
8-,-0.9097458276141221,8.953586174944911,9.863332002559034
객 ,-0.9097458276141221,8.953586174944911,9.863332002559034
객님을 ,-0.9097458276141221,8.953586174944911,9.863332002559034
건강보,-0.9097458276141221,8.953586174944911,9.863332002559034
호에,-0.9097458276141221,8.953586174944911,9.863332002559034
건강보험,-0.9097458276141221,8.953586174944911,9.863332002559034
함),-0.9097458276141221,8.953586174944911,9.863332002559034
체크,-0.9097458276141221,8.953586174944911,9.863332002559034
 5월,-0.9097458276141221,8.953586174944911,9.863332002559034
 나도 ,-0.9097458276141221,8.953586174944911,9.863332002559034
체시,-0.9097458276141221,8.953586174944911,9.863332002559034
계약,-0.9097458276141221,8.953586174944911,9.863332002559034
관을 ,-0.9097458276141221,8.953586174944911,9.863332002559034
관을,-0.9097458276141221,8.953586174944911,9.863332002559034
대금 ,-0.9097458276141221,8.953586174944911,9.863332002559034
5월 ,-0.9097458276141221,8.953586174944911,9.863332002559034
5월,-0.9097458276141221,8.953586174944911,9.863332002559034
도날드 ,-0.9097458276141221,8.953586174944911,9.863332002559034
고객님을,-0.9097458276141221,8.953586174944911,9.863332002559034
라면,-0.9097458276141221,8.953586174944911,9.863332002559034
 나도,-0.9097458276141221,8.953586174944911,9.863332002559034
민건,-0.9097458276141221,8.953586174944911,9.863332002559034
 그럼 ,-0.9097458276141221,8.953586174944911,9.863332002559034
그럼,-0.9097458276141221,8.953586174944911,9.863332002559034
민건강,-0.9097458276141221,8.953586174944911,9.863332002559034
민건강보,-0.9097458276141221,8.953586174944911,9.863332002559034
다는,-0.9097458276141221,8.953586174944911,9.863332002559034
다는 ,-0.9097458276141221,8.953586174944911,9.863332002559034
리가 ,-0.9097458276141221,8.953586174944911,9.863332002559034
키링,-0.9097458276141221,8.953586174944911,9.863332002559034
 권,-0.9097458276141221,8.953586174944911,9.863332002559034
 그럼,-0.9097458276141221,8.953586174944911,9.863332002559034
 0*,-0.9097458276141221,8.953586174944911,9.863332002559034
사에,-0.9097458276141221,8.953586174944911,9.863332002559034
 02-,-0.9097458276141221,8.953586174944911,9.863332002559034
국민건강,-0.9097458276141221,8.953586174944911,9.863332002559034
국민건,-0.9097458276141221,8.953586174944911,9.863332002559034
ㅎㅎ,-0.9097458276141221,8.953586174944911,9.863332002559034
배*,-0.9097458276141221,8.953586174944911,9.863332002559034
카이,-0.9097458276141221,8.953586174944911,9.863332002559034
강보,-0.9097458276141221,8.953586174944911,9.863332002559034
강보험,-0.9097458276141221,8.953586174944911,9.863332002559034
사에 ,-0.9097458276141221,8.953586174944911,9.863332002559034
객님을,-0.9097458276141221,8.953586174944911,9.863332002559034
유행,-0.9097458276141221,8.953586174944911,9.863332002559034
"),",-0.9097458276141221,8.953586174944911,9.863332002559034
 수신 ,-0.9097458276141221,8.953586174944911,9.863332002559034
"), ",-0.9097458276141221,8.953586174944911,9.863332002559034
까지),-0.9097458276141221,8.953586174944911,9.863332002559034
*신,-0.9097458276141221,8.953586174944911,9.863332002559034
실물,-0.9097458276141221,8.953586174944911,9.863332002559034
-**,-0.9097458276141221,7.854973886276802,8.764719713890925
전용 ,-0.9097458276141221,8.953586174944911,9.863332002559034
접수 ,-0.9097458276141221,8.953586174944911,9.863332002559034
업 ,-0.9097458276141221,8.953586174944911,9.863332002559034
.3,-0.9097458276141221,8.953586174944911,9.863332002559034
 사항,-0.9097458276141221,8.953586174944911,9.863332002559034
수신 ,-0.9097458276141221,8.953586174944911,9.863332002559034
02-*,-0.9097458276141221,8.953586174944911,9.863332002559034
026.,-0.9097458276141221,8.953586174944911,9.863332002559034
0시 ,-0.9097458276141221,8.953586174944911,9.863332002559034
 예방,-0.9097458276141221,8.953586174944911,9.863332002559034
에이,-0.9097458276141221,8.953586174944911,9.863332002559034
 법,-0.9097458276141221,8.953586174944911,9.863332002559034
용으로 ,-0.9097458276141221,8.953586174944911,9.863332002559034
으려,-0.9097458276141221,8.953586174944911,9.863332002559034
 키,-0.9097458276141221,8.953586174944911,9.863332002559034
 키링,-0.9097458276141221,8.953586174944911,9.863332002559034
 전용 ,-0.9097458276141221,8.953586174944911,9.863332002559034
"의,",-0.9097458276141221,8.953586174944911,9.863332002559034
의무,-0.9097458276141221,8.953586174944911,9.863332002559034
용으로,-0.9097458276141221,8.953586174944911,9.863332002559034
(202,-0.9097458276141221,8.953586174944911,9.863332002559034
용으,-0.9097458276141221,8.953586174944911,9.863332002559034
 포함),-0.9097458276141221,8.953586174944911,9.863332002559034
 의무,-0.9097458276141221,8.953586174944911,9.863332002559034
 유행,-0.9097458276141221,8.953586174944911,9.863332002559034
 유의 ,-0.9097458276141221,8.953586174944911,9.863332002559034
 우주,-0.9097458276141221,8.953586174944911,9.863332002559034
주),-0.9097458276141221,8.953586174944911,9.863332002559034
까지) ,-0.9097458276141221,8.953586174944911,9.863332002559034
 배*,-0.9097458276141221,8.953586174944911,9.863332002559034
web발,-0.9151658950834607,6.728962623420578,7.644128518504039
b발,-0.9151658950834607,6.728962623420578,7.644128518504039
eb발,-0.9151658950834607,6.728962623420578,7.644128518504039
eb발신,-0.9151658950834607,6.728962623420578,7.644128518504039
b발신,-0.9151658950834607,6.728962623420578,7.644128518504039
b발신],-0.9151658950834607,6.728962623420578,7.644128518504039
은 ,-0.9166662704586948,6.684902633626548,7.6015689040852426
 오,-0.9166662704586956,6.972584706078329,7.889250976537024
1:,-0.9215802852611237,8.605279480676696,9.52685976593782
 4월,-0.9215802852611237,8.605279480676696,9.52685976593782
 4월 ,-0.9215802852611237,8.605279480676696,9.52685976593782
4월 ,-0.9215802852611237,8.605279480676696,9.52685976593782
4월,-0.9215802852611237,8.605279480676696,9.52685976593782
 21,-0.9215802852611237,8.605279480676696,9.52685976593782
하기 ,-0.9280949662823179,8.347450371374597,9.275545337656915
 파,-0.9280949662823179,8.347450371374597,9.275545337656915
드 ,-0.9337607038179954,7.360955380827193,8.294716084645188
행 ,-0.9350636355984117,7.972756921933185,8.907820557531597
-*,-0.937144801802237,7.8275749120886875,8.764719713890925
02-,-0.9505678221343761,8.730442623630703,9.681010445765079
 이번,-0.9505678221343761,8.730442623630703,9.681010445765079
하실,-0.9505678221343761,8.730442623630703,9.681010445765079
하실 ,-0.9505678221343761,8.730442623630703,9.681010445765079
 ※,-0.9505678221343761,7.2641055548372755,8.214673376971652
 어디,-0.9505678221343761,8.730442623630703,9.681010445765079
 21시,-0.9505678221343761,8.730442623630703,9.681010445765079
환불 ,-0.9505678221343761,8.730442623630703,9.681010445765079
관리,-0.9505678221343761,8.730442623630703,9.681010445765079
지되,-0.9505678221343761,8.730442623630703,9.681010445765079
 콘,-0.9505678221343761,8.730442623630703,9.681010445765079
 환불 ,-0.9505678221343761,8.730442623630703,9.681010445765079
이번,-0.9505678221343761,8.730442623630703,9.681010445765079
하기,-0.9725467288531533,8.302998608803762,9.275545337656915
토스,-0.9725467288531533,8.302998608803762,9.275545337656915
[c,-0.9725467288531533,8.302998608803762,9.275545337656915
30,-0.9816584092044076,7.546672526622285,8.528330935826693
 것,-0.9897885352876585,8.873543467271375,9.863332002559034
^^,-0.9897885352876585,8.873543467271375,9.863332002559034
333,-0.9897885352876585,8.873543467271375,9.863332002559034
셔서,-0.9897885352876585,8.873543467271375,9.863332002559034
전용,-0.9897885352876585,8.873543467271375,9.863332002559034
 개인뱅,-0.9897885352876585,8.873543467271375,9.863332002559034
데이,-0.9897885352876585,8.873543467271375,9.863332002559034
.2,-0.9897885352876585,8.873543467271375,9.863332002559034
야? ,-0.9897885352876585,8.873543467271375,9.863332002559034
 콘서트,-0.9897885352876585,8.873543467271375,9.863332002559034
파우치,-0.9897885352876585,8.873543467271375,9.863332002559034
 방법,-0.9897885352876585,8.873543467271375,9.863332002559034
서트,-0.9897885352876585,8.873543467271375,9.863332002559034
번호: ,-0.9897885352876585,8.873543467271375,9.863332002559034
금(,-0.9897885352876585,8.873543467271375,9.863332002559034
나도 ,-0.9897885352876585,8.873543467271375,9.863332002559034
나도,-0.9897885352876585,8.873543467271375,9.863332002559034
 7,-0.9897885352876585,8.18039628671143,9.170184821999088
콘서트,-0.9897885352876585,8.873543467271375,9.863332002559034
 콘서,-0.9897885352876585,8.873543467271375,9.863332002559034
제일,-0.9897885352876585,8.873543467271375,9.863332002559034
카카오페,-0.9897885352876585,8.873543467271375,9.863332002559034
불편,-0.9897885352876585,8.873543467271375,9.863332002559034
우치,-0.9897885352876585,8.873543467271375,9.863332002559034
파우,-0.9897885352876585,8.873543467271375,9.863332002559034
"든,",-0.9897885352876585,8.873543467271375,9.863332002559034
콘서,-0.9897885352876585,8.873543467271375,9.863332002559034
여행 ,-0.9897885352876585,8.873543467271375,9.863332002559034
 전용,-0.9897885352876585,8.873543467271375,9.863332002559034
개인뱅킹,-0.9897885352876585,8.873543467271375,9.863332002559034
오페이,-0.9897885352876585,8.873543467271375,9.863332002559034
111,-0.9897885352876585,8.873543467271375,9.863332002559034
오페,-0.9897885352876585,8.873543467271375,9.863332002559034
카오페,-0.9897885352876585,8.873543467271375,9.863332002559034
10분,-0.9897885352876585,8.873543467271375,9.863332002559034
유의 ,-0.9897885352876585,8.873543467271375,9.863332002559034
스터,-0.9897885352876585,8.873543467271375,9.863332002559034
카오페이,-0.9897885352876585,8.873543467271375,9.863332002559034
개인뱅,-0.9897885352876585,8.873543467271375,9.863332002559034
지),-0.9897885352876585,8.873543467271375,9.863332002559034
(43,-0.9897885352876585,8.873543467271375,9.863332002559034
인뱅,-0.9897885352876585,8.873543467271375,9.863332002559034
 불가,-0.9897885352876585,8.18039628671143,9.170184821999088
시지 ,-0.9897885352876585,8.873543467271375,9.863332002559034
1*,-0.9897885352876585,8.873543467271375,9.863332002559034
셔서 ,-0.9897885352876585,8.873543467271375,9.863332002559034
 여행,-0.9897885352876585,8.873543467271375,9.863332002559034
인뱅킹 ,-0.9897885352876585,8.873543467271375,9.863332002559034
1**,-0.9897885352876585,8.873543467271375,9.863332002559034
0**,-0.9897885352876585,8.873543467271375,9.863332002559034
호: ,-0.9897885352876585,8.873543467271375,9.863332002559034
인뱅킹,-0.9897885352876585,8.873543467271375,9.863332002559034
주소:,-1.0151063432719472,8.665904102493132,9.681010445765079
 또는,-1.0151063432719472,8.665904102493132,9.681010445765079
-01,-1.0151063432719472,8.665904102493132,9.681010445765079
 용,-1.0151063432719472,8.665904102493132,9.681010445765079
 또는 ,-1.0151063432719472,8.665904102493132,9.681010445765079
에도,-1.0151063432719472,8.665904102493132,9.681010445765079
21시,-1.0151063432719472,8.665904102493132,9.681010445765079
무지,-1.0151063432719472,8.665904102493132,9.681010445765079
셔도,-1.0151063432719472,8.665904102493132,9.681010445765079
또는 ,-1.0151063432719472,8.665904102493132,9.681010445765079
비쿠폰 ,-1.0151063432719472,8.665904102493132,9.681010445765079
주소: ,-1.0151063432719472,8.665904102493132,9.681010445765079
소비쿠,-1.0151063432719472,8.665904102493132,9.681010445765079
소: ,-1.0151063432719472,8.665904102493132,9.681010445765079
소:,-1.0151063432719472,8.665904102493132,9.681010445765079
 소비쿠,-1.0151063432719472,8.665904102493132,9.681010445765079
 소비,-1.0151063432719472,8.665904102493132,9.681010445765079
9시,-1.0151063432719472,8.665904102493132,9.681010445765079
소비쿠폰,-1.0151063432719472,8.665904102493132,9.681010445765079
또는,-1.0151063432719472,8.665904102493132,9.681010445765079
4-,-1.0151063432719472,8.665904102493132,9.681010445765079
비쿠,-1.0151063432719472,8.665904102493132,9.681010445765079
비쿠폰,-1.0151063432719472,8.665904102493132,9.681010445765079
 m,-1.0151063432719472,8.665904102493132,9.681010445765079
항 ,-1.015106343271949,8.260438994384966,9.275545337656915
해주,-1.015106343271949,8.260438994384966,9.275545337656915
-1,-1.015106343271949,8.260438994384966,9.275545337656915
19,-1.015106343271949,8.260438994384966,9.275545337656915
사항 ,-1.015106343271949,8.260438994384966,9.275545337656915
출금,-1.027528863270506,8.142655958728582,9.170184821999088
 19,-1.0328059203713487,8.494053845566471,9.52685976593782
8 ,-1.0328059203713487,8.494053845566471,9.52685976593782
 같,-1.0458780019387,8.347450371374597,9.393328373313297
2025,-1.0559283377922029,8.219616999864712,9.275545337656915
025,-1.0559283377922029,8.219616999864712,9.275545337656915
어디서,-1.0638965074413793,8.799435495117654,9.863332002559034
신속하게,-1.0638965074413793,8.799435495117654,9.863332002559034
o-ne,-1.0638965074413793,8.799435495117654,9.863332002559034
 같은 ,-1.0638965074413793,8.799435495117654,9.863332002559034
(광고),-1.0638965074413793,8.106288314557709,9.170184821999088
 예약,-1.0638965074413793,8.799435495117654,9.863332002559034
일요일에,-1.0638965074413793,8.799435495117654,9.863332002559034
 오네,-1.0638965074413793,8.799435495117654,9.863332002559034
644-,-1.0638965074413793,8.799435495117654,9.863332002559034
-n,-1.0638965074413793,8.799435495117654,9.863332002559034
도날드,-1.0638965074413793,8.799435495117654,9.863332002559034
644,-1.0638965074413793,8.799435495117654,9.863332002559034
-ne),-1.0638965074413793,8.799435495117654,9.863332002559034
맥도날드,-1.0638965074413793,8.799435495117654,9.863332002559034
ne),-1.0638965074413793,8.799435495117654,9.863332002559034
무 ,-1.0638965074413793,8.799435495117654,9.863332002559034
야?,-1.0638965074413793,8.799435495117654,9.863332002559034
맥도,-1.0638965074413793,8.799435495117654,9.863332002559034
o-n,-1.0638965074413793,8.799435495117654,9.863332002559034
_배송,-1.0638965074413793,8.799435495117654,9.863332002559034
도날,-1.0638965074413793,8.799435495117654,9.863332002559034
 가격,-1.0638965074413793,8.799435495117654,9.863332002559034
맥도날,-1.0638965074413793,8.799435495117654,9.863332002559034
-ne,-1.0638965074413793,8.799435495117654,9.863332002559034
o-,-1.0638965074413793,8.799435495117654,9.863332002559034
신][c,-1.0638965074413793,8.799435495117654,9.863332002559034
 때,-1.0638965074413793,8.799435495117654,9.863332002559034
속하게,-1.0638965074413793,8.799435495117654,9.863332002559034
러 ,-1.0638965074413793,8.799435495117654,9.863332002559034
교통,-1.0638965074413793,8.106288314557709,9.170184821999088
_배,-1.0638965074413793,8.799435495117654,9.863332002559034
하게!,-1.0638965074413793,8.799435495117654,9.863332002559034
하게!!,-1.0638965074413793,8.799435495117654,9.863332002559034
5),-1.0638965074413793,8.799435495117654,9.863332002559034
][cj,-1.0638965074413793,8.799435495117654,9.863332002559034
][c,-1.0638965074413793,8.799435495117654,9.863332002559034
 카페,-1.0638965074413793,8.799435495117654,9.863332002559034
럼 ,-1.0638965074413793,8.799435495117654,9.863332002559034
속하게!,-1.0638965074413793,8.799435495117654,9.863332002559034
 먹,-1.0638965074413793,8.799435495117654,9.863332002559034
금이체 ,-1.0638965074413793,8.799435495117654,9.863332002559034
오네(o,-1.0638965074413793,8.799435495117654,9.863332002559034
(광고,-1.0638965074413793,8.106288314557709,9.170184821999088
개 ,-1.0638965074413793,8.799435495117654,9.863332002559034
같은 ,-1.0638965074413793,8.799435495117654,9.863332002559034
네(o-,-1.0638965074413793,8.799435495117654,9.863332002559034
네(o,-1.0638965074413793,8.799435495117654,9.863332002559034
네(,-1.0638965074413793,8.799435495117654,9.863332002559034
44-,-1.0638965074413793,8.799435495117654,9.863332002559034
날드,-1.0638965074413793,8.799435495117654,9.863332002559034
광고),-1.0638965074413793,8.106288314557709,9.170184821999088
오네(,-1.0638965074413793,8.799435495117654,9.863332002559034
게!,-1.0638965074413793,8.799435495117654,9.863332002559034
일에도,-1.0638965074413793,8.799435495117654,9.863332002559034
 (광,-1.0638965074413793,8.106288314557709,9.170184821999088
(o-n,-1.0638965074413793,8.799435495117654,9.863332002559034
(o-,-1.0638965074413793,8.799435495117654,9.863332002559034
(o,-1.0638965074413793,8.799435495117654,9.863332002559034
요일에도,-1.0638965074413793,8.799435495117654,9.863332002559034
1644,-1.0638965074413793,8.799435495117654,9.863332002559034
(광,-1.0638965074413793,8.106288314557709,9.170184821999088
(4,-1.0638965074413793,8.799435495117654,9.863332002559034
광고,-1.0638965074413793,8.106288314557709,9.170184821999088
디서,-1.0638965074413793,8.799435495117654,9.863332002559034
김*아님,-1.0638965074413793,8.799435495117654,9.863332002559034
고),-1.0638965074413793,8.106288314557709,9.170184821999088
 (광고,-1.0638965074413793,8.106288314557709,9.170184821999088
e),-1.0638965074413793,8.799435495117654,9.863332002559034
게!!,-1.0638965074413793,8.799435495117654,9.863332002559034
요일에,-1.0638965074413793,8.799435495117654,9.863332002559034
게!! ,-1.0638965074413793,8.799435495117654,9.863332002559034
일에도 ,-1.0638965074413793,8.799435495117654,9.863332002559034
 할,-1.0757309650883826,8.605279480676696,9.681010445765079
디 ,-1.0757309650883826,8.605279480676696,9.681010445765079
증정!,-1.0757309650883826,8.605279480676696,9.681010445765079
당 ,-1.0757309650883826,8.605279480676696,9.681010445765079
 발생할,-1.0757309650883826,8.605279480676696,9.681010445765079
발생할 ,-1.0757309650883826,8.605279480676696,9.681010445765079
정!,-1.0757309650883826,8.605279480676696,9.681010445765079
 편,-1.0757309650883826,8.605279480676696,9.681010445765079
6*,-1.0757309650883826,8.605279480676696,9.681010445765079
장하,-1.0757309650883826,8.605279480676696,9.681010445765079
생할 ,-1.0757309650883826,8.605279480676696,9.681010445765079
 또,-1.0757309650883826,8.605279480676696,9.681010445765079
증정! ,-1.0757309650883826,8.605279480676696,9.681010445765079
생할,-1.0757309650883826,8.605279480676696,9.681010445765079
발생할,-1.0757309650883826,8.605279480676696,9.681010445765079
정! ,-1.0757309650883826,8.605279480676696,9.681010445765079
 *,-1.0874270048515742,7.67729270903935,8.764719713890925
 15,-1.0903297645095353,8.302998608803762,9.393328373313297
 번호,-1.0903297645095353,8.302998608803762,9.393328373313297
 교,-1.0903297645095353,8.302998608803762,9.393328373313297
감사,-1.0903297645095353,8.302998608803762,9.393328373313297
 응,-1.0903297645095353,8.302998608803762,9.393328373313297
이용,-1.0920673844080753,7.161826705716857,8.253894090124932
 c,-1.0951490509454853,8.18039628671143,9.275545337656915
 사,-1.1069138925250703,7.107759484446581,8.214673376971652
박*,-1.132889378928331,8.730442623630703,9.863332002559034
박*수,-1.132889378928331,8.730442623630703,9.863332002559034
박*수님,-1.132889378928331,8.730442623630703,9.863332002559034
장(도보,-1.132889378928331,8.730442623630703,9.863332002559034
"아님,",-1.132889378928331,8.730442623630703,9.863332002559034
1시,-1.132889378928331,8.548121066836748,9.681010445765079
*수,-1.132889378928331,8.730442623630703,9.863332002559034
*수님,-1.132889378928331,8.730442623630703,9.863332002559034
"아님, ",-1.132889378928331,8.730442623630703,9.863332002559034
민족,-1.132889378928331,8.548121066836748,9.681010445765079
타워,-1.132889378928331,8.730442623630703,9.863332002559034
타워 ,-1.132889378928331,8.730442623630703,9.863332002559034
장(도,-1.132889378928331,8.730442623630703,9.863332002559034
 박*,-1.132889378928331,8.730442623630703,9.863332002559034
 일요,-1.132889378928331,8.730442623630703,9.863332002559034
 같은,-1.132889378928331,8.730442623630703,9.863332002559034
록되,-1.132889378928331,8.730442623630703,9.863332002559034
프 ,-1.132889378928331,8.730442623630703,9.863332002559034
 u,-1.132889378928331,8.730442623630703,9.863332002559034
 환불이,-1.132889378928331,8.730442623630703,9.863332002559034
료주차,-1.132889378928331,8.730442623630703,9.863332002559034
료주,-1.132889378928331,8.730442623630703,9.863332002559034
 min,-1.132889378928331,8.730442623630703,9.863332002559034
 mi,-1.132889378928331,8.730442623630703,9.863332002559034
가격,-1.132889378928331,8.730442623630703,9.863332002559034
석결,-1.132889378928331,8.730442623630703,9.863332002559034
같은,-1.132889378928331,8.730442623630703,9.863332002559034
서비스에,-1.132889378928331,8.730442623630703,9.863332002559034
 환급,-1.132889378928331,8.393970387009489,9.52685976593782
석결과,-1.132889378928331,8.730442623630703,9.863332002559034
 해지되,-1.132889378928331,8.730442623630703,9.863332002559034
등록되,-1.132889378928331,8.730442623630703,9.863332002559034
 이상 ,-1.132889378928331,8.548121066836748,9.681010445765079
든 ,-1.132889378928331,8.393970387009489,9.52685976593782
 7 ,-1.132889378928331,8.730442623630703,9.863332002559034
두를,-1.132889378928331,8.730442623630703,9.863332002559034
건물,-1.132889378928331,8.730442623630703,9.863332002559034
(20,-1.132889378928331,8.730442623630703,9.863332002559034
에는 ,-1.132889378928331,8.730442623630703,9.863332002559034
ini,-1.132889378928331,8.730442623630703,9.863332002559034
 일요일,-1.132889378928331,8.730442623630703,9.863332002559034
ini카,-1.132889378928331,8.730442623630703,9.863332002559034
모두를 ,-1.132889378928331,8.730442623630703,9.863332002559034
모두를,-1.132889378928331,8.730442623630703,9.863332002559034
자는 ,-1.132889378928331,8.730442623630703,9.863332002559034
자는,-1.132889378928331,8.730442623630703,9.863332002559034
i카,-1.132889378928331,8.730442623630703,9.863332002559034
i카드,-1.132889378928331,8.730442623630703,9.863332002559034
)에,-1.132889378928331,8.730442623630703,9.863332002559034
이상 ,-1.132889378928331,8.548121066836748,9.681010445765079
mini,-1.132889378928331,8.730442623630703,9.863332002559034
에는,-1.132889378928331,8.730442623630703,9.863332002559034
ne,-1.132889378928331,8.730442623630703,9.863332002559034
ni카,-1.132889378928331,8.730442623630703,9.863332002559034
ni카드,-1.132889378928331,8.730442623630703,9.863332002559034
(도보 ,-1.132889378928331,8.730442623630703,9.863332002559034
(도보,-1.132889378928331,8.730442623630703,9.863332002559034
일요일,-1.132889378928331,8.730442623630703,9.863332002559034
일요,-1.132889378928331,8.730442623630703,9.863332002559034
해지되었,-1.132889378928331,8.730442623630703,9.863332002559034
해지되,-1.132889378928331,8.730442623630703,9.863332002559034
"*아님,",-1.132889378928331,8.730442623630703,9.863332002559034
장(,-1.132889378928331,8.730442623630703,9.863332002559034
두를 ,-1.132889378928331,8.730442623630703,9.863332002559034
보내는,-1.132889378928331,8.730442623630703,9.863332002559034
 모두를,-1.132889378928331,8.730442623630703,9.863332002559034
카페,-1.132889378928331,8.730442623630703,9.863332002559034
달의민족,-1.132889378928331,8.548121066836748,9.681010445765079
내는,-1.132889378928331,8.730442623630703,9.863332002559034
내는분,-1.132889378928331,8.730442623630703,9.863332002559034
내는분 ,-1.132889378928331,8.730442623630703,9.863332002559034
속하,-1.132889378928331,8.730442623630703,9.863332002559034
 상품이,-1.132889378928331,8.730442623630703,9.863332002559034
 분석결,-1.132889378928331,8.730442623630703,9.863332002559034
달의민,-1.132889378928331,8.548121066836748,9.681010445765079
달의,-1.132889378928331,8.548121066836748,9.681010445765079
차장(,-1.132889378928331,8.730442623630703,9.863332002559034
배달의,-1.132889378928331,8.548121066836748,9.681010445765079
차장(도,-1.132889378928331,8.730442623630703,9.863332002559034
정시,-1.132889378928331,8.730442623630703,9.863332002559034
비스에 ,-1.132889378928331,8.730442623630703,9.863332002559034
비스에,-1.132889378928331,8.730442623630703,9.863332002559034
는분,-1.132889378928331,8.730442623630703,9.863332002559034
배달의민,-1.132889378928331,8.548121066836748,9.681010445765079
분),-1.132889378928331,8.730442623630703,9.863332002559034
분) ,-1.132889378928331,8.730442623630703,9.863332002559034
분석결,-1.132889378928331,8.730442623630703,9.863332002559034
분석결과,-1.132889378928331,8.730442623630703,9.863332002559034
는분 ,-1.132889378928331,8.730442623630703,9.863332002559034
신속하,-1.132889378928331,8.730442623630703,9.863332002559034
 등록되,-1.132889378928331,8.730442623630703,9.863332002559034
스에 ,-1.132889378928331,8.730442623630703,9.863332002559034
0*,-1.132889378928331,8.730442623630703,9.863332002559034
워 ,-1.132889378928331,8.730442623630703,9.863332002559034
주차장(,-1.132889378928331,8.730442623630703,9.863332002559034
사이,-1.132889378928331,8.730442623630703,9.863332002559034
의민족,-1.132889378928331,8.548121066836748,9.681010445765079
상품이 ,-1.132889378928331,8.730442623630703,9.863332002559034
30분 ,-1.132889378928331,8.730442623630703,9.863332002559034
 박*수,-1.132889378928331,8.730442623630703,9.863332002559034
 신속하,-1.132889378928331,8.730442623630703,9.863332002559034
 선불,-1.132889378928331,8.730442623630703,9.863332002559034
의민,-1.132889378928331,8.548121066836748,9.681010445765079
지되었,-1.132889378928331,8.730442623630703,9.863332002559034
지되었습,-1.132889378928331,8.730442623630703,9.863332002559034
보내는분,-1.132889378928331,8.730442623630703,9.863332002559034
 너,-1.132889378928331,8.730442623630703,9.863332002559034
상품이,-1.132889378928331,8.730442623630703,9.863332002559034
우주,-1.132889378928331,8.730442623630703,9.863332002559034
사용,-1.1582071869126214,7.749613370618976,8.907820557531597
***,-1.1700683821700855,6.518511898904787,7.688580281074873
 이용,-1.1754489933471266,7.161826705716857,8.337275699063984
 관련,-1.1869566001986076,8.494053845566471,9.681010445765079
 말,-1.1869566001986076,8.494053845566471,9.681010445765079
관련,-1.1869566001986076,8.494053845566471,9.681010445765079
료되,-1.1869566001986076,8.494053845566471,9.681010445765079
어디,-1.1869566001986076,8.494053845566471,9.681010445765079
**,-1.1932525286554219,5.962029272801401,7.155281801456823
근만,-1.197427900065902,8.665904102493132,9.863332002559034
스토,-1.197427900065902,8.665904102493132,9.863332002559034
파*,-1.197427900065902,8.665904102493132,9.863332002559034
에도 ,-1.197427900065902,8.665904102493132,9.863332002559034
파*토,-1.197427900065902,8.665904102493132,9.863332002559034
근만가,-1.197427900065902,8.665904102493132,9.863332002559034
일급,-1.197427900065902,8.665904102493132,9.863332002559034
일급 ,-1.197427900065902,8.665904102493132,9.863332002559034
 일급,-1.197427900065902,8.665904102493132,9.863332002559034
파*토 ,-1.197427900065902,8.665904102493132,9.863332002559034
도됩니다,-1.197427900065902,8.665904102493132,9.863332002559034
근무지주,-1.197427900065902,8.665904102493132,9.863332002559034
스토아신,-1.197427900065902,8.665904102493132,9.863332002559034
스토아,-1.197427900065902,8.665904102493132,9.863332002559034
 일급 ,-1.197427900065902,8.665904102493132,9.863332002559034
만가능 ,-1.197427900065902,8.665904102493132,9.863332002559034
6*7,-1.197427900065902,8.665904102493132,9.863332002559034
 답안,-1.197427900065902,8.665904102493132,9.863332002559034
일하고,-1.197427900065902,8.665904102493132,9.863332002559034
만가,-1.197427900065902,8.665904102493132,9.863332002559034
도됩니,-1.197427900065902,8.665904102493132,9.863332002559034
/29,-1.197427900065902,8.665904102493132,9.863332002559034
*토,-1.197427900065902,8.665904102493132,9.863332002559034
환불이 ,-1.197427900065902,8.665904102493132,9.863332002559034
 오시,-1.197427900065902,8.665904102493132,9.863332002559034
환불이,-1.197427900065902,8.665904102493132,9.863332002559034
품명,-1.197427900065902,8.665904102493132,9.863332002559034
일하고 ,-1.197427900065902,8.665904102493132,9.863332002559034
일하,-1.197427900065902,8.665904102493132,9.863332002559034
만가능,-1.197427900065902,8.665904102493132,9.863332002559034
근만가능,-1.197427900065902,8.665904102493132,9.863332002559034
 답안하,-1.197427900065902,8.665904102493132,9.863332002559034
ni,-1.197427900065902,8.665904102493132,9.863332002559034
/29 ,-1.197427900065902,8.665904102493132,9.863332002559034
근무지,-1.197427900065902,8.665904102493132,9.863332002559034
 ▶ ,-1.197427900065902,8.665904102493132,9.863332002559034
 2차 ,-1.197427900065902,8.665904102493132,9.863332002559034
6*7 ,-1.197427900065902,8.665904102493132,9.863332002559034
28 ,-1.197427900065902,8.665904102493132,9.863332002559034
 30분,-1.197427900065902,8.665904102493132,9.863332002559034
01:,-1.197427900065902,8.665904102493132,9.863332002559034
품명 ,-1.197427900065902,8.665904102493132,9.863332002559034
16:0,-1.197427900065902,8.665904102493132,9.863332002559034
하셔도됩,-1.197427900065902,8.665904102493132,9.863332002559034
위탁장,-1.197427900065902,8.665904102493132,9.863332002559034
 하루!,-1.197427900065902,8.665904102493132,9.863332002559034
오시,-1.197427900065902,8.665904102493132,9.863332002559034
 의,-1.197427900065902,8.665904102493132,9.863332002559034
위탁장소,-1.197427900065902,8.665904102493132,9.863332002559034
1/29,-1.197427900065902,8.665904102493132,9.863332002559034
11/2,-1.197427900065902,8.665904102493132,9.863332002559034
지주소:,-1.197427900065902,8.665904102493132,9.863332002559034
지주소,-1.197427900065902,8.665904102493132,9.863332002559034
지주,-1.197427900065902,8.665904102493132,9.863332002559034
상품명,-1.197427900065902,8.665904102493132,9.863332002559034
▶ ,-1.197427900065902,8.665904102493132,9.863332002559034
 할인,-1.197427900065902,8.665904102493132,9.863332002559034
상품명 ,-1.197427900065902,8.665904102493132,9.863332002559034
셔도됩니,-1.197427900065902,8.665904102493132,9.863332002559034
셔도됩,-1.197427900065902,8.665904102493132,9.863332002559034
 6*,-1.197427900065902,8.665904102493132,9.863332002559034
 물류,-1.197427900065902,8.665904102493132,9.863332002559034
 6*7,-1.197427900065902,8.665904102493132,9.863332002559034
 물류센,-1.197427900065902,8.665904102493132,9.863332002559034
됩니다~,-1.197427900065902,8.665904102493132,9.863332002559034
2차 ,-1.197427900065902,8.665904102493132,9.863332002559034
16:,-1.197427900065902,8.665904102493132,9.863332002559034
하셔도,-1.197427900065902,8.665904102493132,9.863332002559034
위탁,-1.197427900065902,8.665904102493132,9.863332002559034
1/2,-1.197427900065902,8.665904102493132,9.863332002559034
하루! ,-1.197427900065902,8.665904102493132,9.863332002559034
0-01,-1.197427900065902,8.665904102493132,9.863332002559034
여행,-1.197427900065902,8.665904102493132,9.863332002559034
 용인,-1.197427900065902,8.665904102493132,9.863332002559034
 용인시,-1.197427900065902,8.665904102493132,9.863332002559034
 좋,-1.197427900065902,8.665904102493132,9.863332002559034
불이 ,-1.197427900065902,8.665904102493132,9.863332002559034
00-0,-1.197427900065902,8.665904102493132,9.863332002559034
계신분은,-1.197427900065902,8.665904102493132,9.863332002559034
류센터 ,-1.197427900065902,8.665904102493132,9.863332002559034
류센터,-1.197427900065902,8.665904102493132,9.863332002559034
류센,-1.197427900065902,8.665904102493132,9.863332002559034
도됩,-1.197427900065902,8.665904102493132,9.863332002559034
01:0,-1.197427900065902,8.665904102493132,9.863332002559034
루! ,-1.197427900065902,8.665904102493132,9.863332002559034
루!,-1.197427900065902,8.665904102493132,9.863332002559034
차출근만,-1.197427900065902,8.665904102493132,9.863332002559034
차출근,-1.197427900065902,8.665904102493132,9.863332002559034
계신분,-1.197427900065902,8.665904102493132,9.863332002559034
 유효,-1.197427900065902,8.665904102493132,9.863332002559034
1시 ,-1.197427900065902,8.665904102493132,9.863332002559034
 유효기,-1.197427900065902,8.665904102493132,9.863332002559034
경기도 ,-1.197427900065902,8.665904102493132,9.863332002559034
하루!,-1.197427900065902,8.665904102493132,9.863332002559034
 2차,-1.197427900065902,8.665904102493132,9.863332002559034
*토 ,-1.197427900065902,8.665904102493132,9.863332002559034
6:00,-1.197427900065902,8.665904102493132,9.863332002559034
:00-,-1.197427900065902,8.665904102493132,9.863332002559034
아신부점,-1.197427900065902,8.665904102493132,9.863332002559034
***-,-1.197427900065902,8.665904102493132,9.863332002559034
용스토아,-1.197427900065902,8.665904102493132,9.863332002559034
아신부,-1.197427900065902,8.665904102493132,9.863332002559034
용스토,-1.197427900065902,8.665904102493132,9.863332002559034
용스,-1.197427900065902,8.665904102493132,9.863332002559034
토아,-1.197427900065902,8.665904102493132,9.863332002559034
토아신,-1.197427900065902,8.665904102493132,9.863332002559034
토아신부,-1.197427900065902,8.665904102493132,9.863332002559034
 근무지,-1.197427900065902,8.665904102493132,9.863332002559034
안하,-1.197427900065902,8.665904102493132,9.863332002559034
아신,-1.197427900065902,8.665904102493132,9.863332002559034
 **로,-1.197427900065902,8.665904102493132,9.863332002559034
통비,-1.197427900065902,8.665904102493132,9.863332002559034
통비 ,-1.197427900065902,8.665904102493132,9.863332002559034
교통비,-1.197427900065902,8.665904102493132,9.863332002559034
:28 ,-1.197427900065902,8.665904102493132,9.863332002559034
교통비 ,-1.197427900065902,8.665904102493132,9.863332002559034
 자차,-1.197427900065902,8.665904102493132,9.863332002559034
:28,-1.197427900065902,8.665904102493132,9.863332002559034
답안,-1.197427900065902,8.665904102493132,9.863332002559034
토 ,-1.197427900065902,8.665904102493132,9.863332002559034
 쌍,-1.197427900065902,8.665904102493132,9.863332002559034
 쌍용,-1.197427900065902,8.665904102493132,9.863332002559034
 파*,-1.197427900065902,8.665904102493132,9.863332002559034
용인시 ,-1.197427900065902,8.665904102493132,9.863332002559034
자차,-1.197427900065902,8.665904102493132,9.863332002559034
자차출,-1.197427900065902,8.665904102493132,9.863332002559034
자차출근,-1.197427900065902,8.665904102493132,9.863332002559034
용인시,-1.197427900065902,8.665904102493132,9.863332002559034
 16:,-1.197427900065902,8.665904102493132,9.863332002559034
물류,-1.197427900065902,8.665904102493132,9.863332002559034
물류센,-1.197427900065902,8.665904102493132,9.863332002559034
물류센터,-1.197427900065902,8.665904102493132,9.863332002559034
 계신분,-1.197427900065902,8.665904102493132,9.863332002559034
 쌍용스,-1.197427900065902,8.665904102493132,9.863332002559034
무지주소,-1.197427900065902,8.665904102493132,9.863332002559034
무지주,-1.197427900065902,8.665904102493132,9.863332002559034
"전, ",-1.197427900065902,8.665904102493132,9.863332002559034
"전,",-1.197427900065902,8.665904102493132,9.863332002559034
탁장소,-1.197427900065902,8.665904102493132,9.863332002559034
탁장,-1.197427900065902,8.665904102493132,9.863332002559034
무시간:,-1.197427900065902,8.665904102493132,9.863332002559034
-01:,-1.197427900065902,8.665904102493132,9.863332002559034
 파*토,-1.197427900065902,8.665904102493132,9.863332002559034
:2,-1.197427900065902,8.665904102493132,9.863332002559034
신분은 ,-1.197427900065902,8.665904102493132,9.863332002559034
쌍용,-1.197427900065902,8.665904102493132,9.863332002559034
답안하,-1.197427900065902,8.665904102493132,9.863332002559034
 일하고,-1.197427900065902,8.665904102493132,9.863332002559034
9:2,-1.197427900065902,8.665904102493132,9.863332002559034
 교통비,-1.197427900065902,8.665904102493132,9.863332002559034
바이트 ,-1.197427900065902,8.665904102493132,9.863332002559034
 자차출,-1.197427900065902,8.665904102493132,9.863332002559034
 일하,-1.197427900065902,8.665904102493132,9.863332002559034
신분은,-1.197427900065902,8.665904102493132,9.863332002559034
9:28,-1.197427900065902,8.665904102493132,9.863332002559034
답안하셔,-1.197427900065902,8.665904102493132,9.863332002559034
21시 ,-1.197427900065902,8.665904102493132,9.863332002559034
 토스,-1.197427900065902,8.665904102493132,9.863332002559034
안하셔도,-1.197427900065902,8.665904102493132,9.863332002559034
mi,-1.197427900065902,8.665904102493132,9.863332002559034
19:2,-1.197427900065902,8.665904102493132,9.863332002559034
출근만가,-1.197427900065902,8.665904102493132,9.863332002559034
안하셔,-1.197427900065902,8.665904102493132,9.863332002559034
출근만,-1.197427900065902,8.665904102493132,9.863332002559034
min,-1.197427900065902,8.665904102493132,9.863332002559034
쌍용스토,-1.197427900065902,8.665904102493132,9.863332002559034
신부점,-1.197427900065902,8.665904102493132,9.863332002559034
출근,-1.197427900065902,8.665904102493132,9.863332002559034
신부점 ,-1.197427900065902,8.665904102493132,9.863332002559034
쌍용스,-1.197427900065902,8.665904102493132,9.863332002559034
 카,-1.2129320866018665,7.487249106151485,8.700181192753352
센터 ,-1.2129320866018674,8.18039628671143,9.393328373313297
국민,-1.2129320866018674,8.18039628671143,9.393328373313297
[cj,-1.223861157134058,8.302998608803762,9.52685976593782
카드,-1.2256711123792972,7.069044972265891,8.294716084645188
할 ,-1.2281995587326566,7.941985263266432,9.170184821999088
 cj,-1.2382498945861578,8.442760551178921,9.681010445765079
 발생,-1.2382498945861578,8.442760551178921,9.681010445765079
외돼요.,-1.2580525218823375,8.605279480676696,9.863332002559034
 계신,-1.2580525218823375,8.605279480676696,9.863332002559034
외돼,-1.2580525218823375,8.605279480676696,9.863332002559034
할부)로,-1.2580525218823375,8.605279480676696,9.863332002559034
오픈,-1.2580525218823375,8.605279480676696,9.863332002559034
외돼요,-1.2580525218823375,8.605279480676696,9.863332002559034
0일까지,-1.2580525218823375,8.605279480676696,9.863332002559034
0일까,-1.2580525218823375,8.605279480676696,9.863332002559034
이용대금,-1.2580525218823375,8.605279480676696,9.863332002559034
오픈뱅,-1.2580525218823375,8.605279480676696,9.863332002559034
하락,-1.2580525218823375,8.605279480676696,9.863332002559034
 해당 ,-1.2580525218823375,8.605279480676696,9.863332002559034
경기도,-1.2580525218823375,8.605279480676696,9.863332002559034
용카드(,-1.2580525218823375,8.605279480676696,9.863332002559034
가합니다,-1.2580525218823375,8.605279480676696,9.863332002559034
가합니,-1.2580525218823375,8.605279480676696,9.863332002559034
가합,-1.2580525218823375,8.605279480676696,9.863332002559034
오픈뱅킹,-1.2580525218823375,8.605279480676696,9.863332002559034
담이,-1.2580525218823375,8.605279480676696,9.863332002559034
이용대,-1.2580525218823375,8.605279480676696,9.863332002559034
드(일시,-1.2580525218823375,8.605279480676696,9.863332002559034
계신,-1.2580525218823375,8.605279480676696,9.863332002559034
드(일,-1.2580525218823375,8.605279480676696,9.863332002559034
잔여,-1.2580525218823375,8.605279480676696,9.863332002559034
김*아,-1.2580525218823375,8.605279480676696,9.863332002559034
할부),-1.2580525218823375,8.605279480676696,9.863332002559034
잔여 ,-1.2580525218823375,8.605279480676696,9.863332002559034
할부,-1.2580525218823375,8.605279480676696,9.863332002559034
",할부)",-1.2580525218823375,8.605279480676696,9.863332002559034
",할부",-1.2580525218823375,8.605279480676696,9.863332002559034
답장 ,-1.2580525218823375,8.605279480676696,9.863332002559034
 이용금,-1.2580525218823375,8.605279480676696,9.863332002559034
",할",-1.2580525218823375,8.605279480676696,9.863332002559034
 =,-1.2580525218823375,8.605279480676696,9.863332002559034
30일까,-1.2580525218823375,8.605279480676696,9.863332002559034
용하시면,-1.2580525218823375,8.605279480676696,9.863332002559034
하셔,-1.2580525218823375,8.605279480676696,9.863332002559034
 증정!,-1.2580525218823375,8.605279480676696,9.863332002559034
완료!,-1.2580525218823375,8.605279480676696,9.863332002559034
 ==,-1.2580525218823375,8.605279480676696,9.863332002559034
 경기도,-1.2580525218823375,8.605279480676696,9.863332002559034
 ===,-1.2580525218823375,8.605279480676696,9.863332002559034
=== ,-1.2580525218823375,8.605279480676696,9.863332002559034
 하락,-1.2580525218823375,8.605279480676696,9.863332002559034
 잔여,-1.2580525218823375,8.605279480676696,9.863332002559034
답장하,-1.2580525218823375,8.605279480676696,9.863332002559034
 공연,-1.2580525218823375,8.605279480676696,9.863332002559034
완료! ,-1.2580525218823375,8.605279480676696,9.863332002559034
 이용대,-1.2580525218823375,8.605279480676696,9.863332002559034
**로 ,-1.2580525218823375,8.605279480676696,9.863332002559034
*로 ,-1.2580525218823375,8.605279480676696,9.863332002559034
j국,-1.2580525218823375,8.605279480676696,9.863332002559034
않은 ,-1.2580525218823375,8.605279480676696,9.863332002559034
않은,-1.2580525218823375,8.605279480676696,9.863332002559034
다~,-1.2580525218823375,8.605279480676696,9.863332002559034
언제,-1.2580525218823375,8.605279480676696,9.863332002559034
"시, ",-1.2580525218823375,8.605279480676696,9.863332002559034
용금액,-1.2580525218823375,8.605279480676696,9.863332002559034
용대,-1.2580525218823375,8.605279480676696,9.863332002559034
· ,-1.2580525218823375,8.605279480676696,9.863332002559034
 김*아,-1.2580525218823375,8.605279480676696,9.863332002559034
도보,-1.2580525218823375,8.605279480676696,9.863332002559034
"일시불,",-1.2580525218823375,8.605279480676696,9.863332002559034
 오픈,-1.2580525218823375,8.605279480676696,9.863332002559034
도보 ,-1.2580525218823375,8.605279480676696,9.863332002559034
다~ ,-1.2580525218823375,8.605279480676696,9.863332002559034
분은,-1.2580525218823375,8.605279480676696,9.863332002559034
분은 ,-1.2580525218823375,8.605279480676696,9.863332002559034
 오픈뱅,-1.2580525218823375,8.605279480676696,9.863332002559034
in,-1.2580525218823375,8.605279480676696,9.863332002559034
용대금,-1.2580525218823375,8.605279480676696,9.863332002559034
용금,-1.2580525218823375,8.605279480676696,9.863332002559034
)[배달,-1.2580525218823375,8.605279480676696,9.863332002559034
차출,-1.2580525218823375,8.605279480676696,9.863332002559034
부점 ,-1.2580525218823375,8.605279480676696,9.863332002559034
부)로 ,-1.2580525218823375,8.605279480676696,9.863332002559034
부)로,-1.2580525218823375,8.605279480676696,9.863332002559034
 언제,-1.2580525218823375,8.605279480676696,9.863332002559034
.06,-1.2580525218823375,8.605279480676696,9.863332002559034
.06.,-1.2580525218823375,8.605279480676696,9.863332002559034
(일시불,-1.2580525218823375,8.605279480676696,9.863332002559034
(일시,-1.2580525218823375,8.605279480676696,9.863332002559034
부),-1.2580525218823375,8.605279480676696,9.863332002559034
니다~,-1.2580525218823375,8.605279480676696,9.863332002559034
니다~ ,-1.2580525218823375,8.605279480676696,9.863332002559034
(일,-1.2580525218823375,8.605279480676696,9.863332002559034
 답장 ,-1.2580525218823375,8.605279480676696,9.863332002559034
 답장하,-1.2580525218823375,8.605279480676696,9.863332002559034
"시불,할",-1.2580525218823375,8.605279480676696,9.863332002559034
 제외돼,-1.2580525218823375,8.605279480676696,9.863332002559034
"시불,",-1.2580525218823375,8.605279480676696,9.863332002559034
)[배,-1.2580525218823375,8.605279480676696,9.863332002559034
 대리,-1.2580525218823375,8.605279480676696,9.863332002559034
부점,-1.2580525218823375,8.605279480676696,9.863332002559034
"불,",-1.2580525218823375,8.605279480676696,9.863332002559034
"불,할",-1.2580525218823375,8.605279480676696,9.863332002559034
"불,할부",-1.2580525218823375,8.605279480676696,9.863332002559034
돼요.,-1.2580525218823375,8.605279480676696,9.863332002559034
예방,-1.2580525218823375,8.605279480676696,9.863332002559034
**로,-1.2580525218823375,8.605279480676696,9.863332002559034
6:0,-1.2580525218823375,8.605279480676696,9.863332002559034
 불가합,-1.2580525218823375,8.605279480676696,9.863332002559034
19:,-1.2580525218823375,8.605279480676696,9.863332002559034
용인,-1.2580525218823375,8.605279480676696,9.863332002559034
제외돼,-1.2580525218823375,8.605279480676696,9.863332002559034
제외돼요,-1.2580525218823375,8.605279480676696,9.863332002559034
대리,-1.2580525218823375,8.605279480676696,9.863332002559034
 완료!,-1.2580525218823375,8.605279480676696,9.863332002559034
료! ,-1.2580525218823375,8.605279480676696,9.863332002559034
*7,-1.2580525218823375,8.605279480676696,9.863332002559034
*7 ,-1.2580525218823375,8.605279480676696,9.863332002559034
료!,-1.2580525218823375,8.605279480676696,9.863332002559034
돼요. ,-1.2580525218823375,8.605279480676696,9.863332002559034
06.,-1.2580525218823375,8.605279480676696,9.863332002559034
cj국,-1.2580525218823375,8.605279480676696,9.863332002559034
해당 ,-1.2580525218823375,8.605279480676696,9.863332002559034
 잔여 ,-1.2580525218823375,8.605279480676696,9.863332002559034
 않은,-1.2580525218823375,8.605279480676696,9.863332002559034
카드(일,-1.2580525218823375,8.605279480676696,9.863332002559034
00-,-1.2580525218823375,8.605279480676696,9.863332002559034
스에,-1.2580525218823375,8.605279480676696,9.863332002559034
= ,-1.2580525218823375,8.605279480676696,9.863332002559034
고)[배,-1.2580525218823375,8.605279480676696,9.863332002559034
0-0,-1.2580525218823375,8.605279480676696,9.863332002559034
!! ,-1.2580525218823375,8.605279480676696,9.863332002559034
불가합,-1.2580525218823375,8.605279480676696,9.863332002559034
불가합니,-1.2580525218823375,8.605279480676696,9.863332002559034
 · ,-1.2580525218823375,8.605279480676696,9.863332002559034
(도,-1.2580525218823375,8.605279480676696,9.863332002559034
 19:,-1.2580525218823375,8.605279480676696,9.863332002559034
픈뱅,-1.2580525218823375,8.605279480676696,9.863332002559034
픈뱅킹,-1.2580525218823375,8.605279480676696,9.863332002559034
픈뱅킹 ,-1.2580525218823375,8.605279480676696,9.863332002559034
이용금,-1.2580525218823375,8.605279480676696,9.863332002559034
 않은 ,-1.2580525218823375,8.605279480676696,9.863332002559034
== ,-1.2580525218823375,8.605279480676696,9.863332002559034
이용금액,-1.2580525218823375,8.605279480676696,9.863332002559034
돼요,-1.2580525218823375,8.605279480676696,9.863332002559034
 쿠,-1.287040058755589,7.546672526622285,8.833712585377874
요일,-1.28704005875559,8.393970387009489,9.681010445765079
설명,-1.28704005875559,8.393970387009489,9.681010445765079
발생,-1.28704005875559,8.393970387009489,9.681010445765079
 서비스,-1.28704005875559,8.393970387009489,9.681010445765079
 신용,-1.28704005875559,7.883144763243498,9.170184821999088
0일,-1.28704005875559,8.393970387009489,9.681010445765079
 서비,-1.28704005875559,8.393970387009489,9.681010445765079
****,-1.3087800453919956,6.905893331579656,8.214673376971652
6:,-1.3152109357222859,8.548121066836748,9.863332002559034
출금이,-1.3152109357222859,8.548121066836748,9.863332002559034
출금이체,-1.3152109357222859,8.548121066836748,9.863332002559034
[배달,-1.3152109357222859,8.548121066836748,9.863332002559034
-00,-1.3152109357222859,8.548121066836748,9.863332002559034
주차 ,-1.3152109357222859,8.548121066836748,9.863332002559034
응모,-1.3152109357222859,8.548121066836748,9.863332002559034
일까지 ,-1.3152109357222859,8.548121066836748,9.863332002559034
도시,-1.3152109357222859,8.548121066836748,9.863332002559034
포함,-1.3152109357222859,8.548121066836748,9.863332002559034
 김*,-1.3152109357222859,8.548121066836748,9.863332002559034
민족] ,-1.3152109357222859,8.548121066836748,9.863332002559034
[배달의,-1.3152109357222859,8.548121066836748,9.863332002559034
의민족],-1.3152109357222859,8.548121066836748,9.863332002559034
 포함,-1.3152109357222859,8.548121066836748,9.863332002559034
 관련 ,-1.3152109357222859,8.548121066836748,9.863332002559034
민족],-1.3152109357222859,8.548121066836748,9.863332002559034
대금,-1.3152109357222859,8.548121066836748,9.863332002559034
관련 ,-1.3152109357222859,8.548121066836748,9.863332002559034
*로,-1.3152109357222859,8.548121066836748,9.863332002559034
*-**,-1.3152109357222859,8.548121066836748,9.863332002559034
터(1,-1.3152109357222859,8.548121066836748,9.863332002559034
*-*,-1.3152109357222859,8.548121066836748,9.863332002559034
**-*,-1.3152109357222859,8.548121066836748,9.863332002559034
공연,-1.3152109357222859,8.548121066836748,9.863332002559034
모집합,-1.3152109357222859,8.548121066836748,9.863332002559034
 유의,-1.3152109357222859,8.548121066836748,9.863332002559034
모집합니,-1.3152109357222859,8.548121066836748,9.863332002559034
 이후 ,-1.3152109357222859,8.548121066836748,9.863332002559034
족],-1.3152109357222859,8.548121066836748,9.863332002559034
기도 ,-1.3152109357222859,8.548121066836748,9.863332002559034
집합,-1.3152109357222859,8.548121066836748,9.863332002559034
집합니,-1.3152109357222859,8.548121066836748,9.863332002559034
집합니다,-1.3152109357222859,8.548121066836748,9.863332002559034
할인,-1.3152109357222859,8.548121066836748,9.863332002559034
 응모,-1.3152109357222859,8.548121066836748,9.863332002559034
족] ,-1.3152109357222859,8.548121066836748,9.863332002559034
 이후,-1.3152109357222859,8.548121066836748,9.863332002559034
 모집합,-1.3152109357222859,8.548121066836748,9.863332002559034
금이체,-1.3152109357222859,8.548121066836748,9.863332002559034
센터(1,-1.3152109357222859,8.548121066836748,9.863332002559034
금이,-1.3152109357222859,8.548121066836748,9.863332002559034
이트 ,-1.3152109357222859,8.548121066836748,9.863332002559034
김*,-1.3152109357222859,8.548121066836748,9.863332002559034
 출금이,-1.3152109357222859,8.548121066836748,9.863332002559034
련 ,-1.3152109357222859,8.548121066836748,9.863332002559034
 ',-1.3152109357222859,8.548121066836748,9.863332002559034
일에,-1.3335600743904816,8.347450371374597,9.681010445765079
소비,-1.3335600743904816,8.347450371374597,9.681010445765079
 거,-1.34646347922639,8.18039628671143,9.52685976593782
환급,-1.34646347922639,8.18039628671143,9.52685976593782
배달,-1.34646347922639,8.18039628671143,9.52685976593782
신용,-1.3655116741970836,7.468200911180791,8.833712585377874
아님,-1.3692781569925625,8.494053845566471,9.863332002559034
차장,-1.3692781569925625,8.494053845566471,9.863332002559034
 경기,-1.3692781569925625,8.494053845566471,9.863332002559034
*아님,-1.3692781569925625,8.494053845566471,9.863332002559034
 본 ,-1.3692781569925625,8.494053845566471,9.863332002559034
30일,-1.3692781569925625,8.494053845566471,9.863332002559034
이후 ,-1.3692781569925625,8.494053845566471,9.863332002559034
이후,-1.3692781569925625,8.494053845566471,9.863332002559034
용하시,-1.3692781569925625,8.494053845566471,9.863332002559034
주차장,-1.3692781569925625,8.494053845566471,9.863332002559034
이용하시,-1.3692781569925625,8.494053845566471,9.863332002559034
오네,-1.3692781569925625,8.494053845566471,9.863332002559034
참여 ,-1.3692781569925625,8.494053845566471,9.863332002559034
 참여 ,-1.3692781569925625,8.494053845566471,9.863332002559034
일까지,-1.3692781569925625,8.494053845566471,9.863332002559034
예약,-1.3692781569925625,8.494053845566471,9.863332002559034
일까,-1.3692781569925625,8.494053845566471,9.863332002559034
 30일,-1.3692781569925625,8.494053845566471,9.863332002559034
!!,-1.3692781569925625,8.494053845566471,9.863332002559034
경기,-1.3692781569925625,8.494053845566471,9.863332002559034
 출금,-1.378011836961317,8.302998608803762,9.681010445765079
용카드 ,-1.378011836961317,8.302998608803762,9.681010445765079
 사용,-1.3952536433958223,7.774931178603266,9.170184821999088
7 ,-1.4205714513801109,8.106288314557709,9.52685976593782
 잔액,-1.4205714513801109,8.106288314557709,9.52685976593782
잔액,-1.4205714513801109,8.106288314557709,9.52685976593782
 관,-1.4205714513801109,8.106288314557709,9.52685976593782
터(,-1.4205714513801126,8.442760551178921,9.863332002559034
 발급 ,-1.4205714513801126,8.442760551178921,9.863332002559034
유의,-1.4205714513801126,8.442760551178921,9.863332002559034
센터(,-1.4205714513801126,8.442760551178921,9.863332002559034
발급 ,-1.4205714513801126,8.442760551178921,9.863332002559034
 ★ ,-1.4205714513801126,8.442760551178921,9.863332002559034
해지,-1.4205714513801126,8.442760551178921,9.863332002559034
객센터(,-1.4205714513801126,8.442760551178921,9.863332002559034
 해지,-1.4205714513801126,8.442760551178921,9.863332002559034
 ㆍ,-1.4205714513801126,8.442760551178921,9.863332002559034
액 ,-1.4479704255682275,7.8275749120886875,9.275545337656915
 감,-1.4556627711913812,8.071196994746439,9.52685976593782
 잔액 ,-1.4613934459003666,8.219616999864712,9.681010445765079
잔액 ,-1.4613934459003666,8.219616999864712,9.681010445765079
★ ,-1.4613934459003666,8.219616999864712,9.681010445765079
선불,-1.4693616155495448,8.393970387009489,9.863332002559034
ㅋ.,-1.4693616155495448,8.393970387009489,9.863332002559034
ㅋㅋ.,-1.4693616155495448,8.393970387009489,9.863332002559034
0분 ,-1.4693616155495448,8.393970387009489,9.863332002559034
ㅋ. ,-1.4693616155495448,8.393970387009489,9.863332002559034
ㅋㅋ. ,-1.4693616155495448,8.393970387009489,9.863332002559034
 총 ,-1.4693616155495448,8.393970387009489,9.863332002559034
 평,-1.4693616155495448,8.393970387009489,9.863332002559034
30분,-1.4693616155495448,8.393970387009489,9.863332002559034
서비스,-1.500614159053649,8.18039628671143,9.681010445765079
비스,-1.500614159053649,8.18039628671143,9.681010445765079
서비,-1.500614159053649,8.18039628671143,9.681010445765079
 환불,-1.500614159053649,8.18039628671143,9.681010445765079
29,-1.500614159053649,8.18039628671143,9.681010445765079
해당,-1.5158816311844365,8.347450371374597,9.863332002559034
불이,-1.5158816311844365,8.347450371374597,9.863332002559034
발급,-1.5158816311844365,8.347450371374597,9.863332002559034
감사합,-1.5158816311844365,8.347450371374597,9.863332002559034
 토,-1.5158816311844365,8.347450371374597,9.863332002559034
감사합니,-1.5158816311844365,8.347450371374597,9.863332002559034
 총,-1.5158816311844365,8.347450371374597,9.863332002559034
사합,-1.5158816311844365,8.347450371374597,9.863332002559034
사합니,-1.5158816311844365,8.347450371374597,9.863332002559034
카드(,-1.5158816311844365,8.347450371374597,9.863332002559034
사합니다,-1.5158816311844365,8.347450371374597,9.863332002559034
 해당,-1.5158816311844365,8.347450371374597,9.863332002559034
29 ,-1.5158816311844365,8.347450371374597,9.863332002559034
 감사합,-1.5158816311844365,8.347450371374597,9.863332002559034
드(,-1.5158816311844365,8.347450371374597,9.863332002559034
 발급,-1.5158816311844365,8.347450371374597,9.863332002559034
 언,-1.5158816311844365,8.347450371374597,9.863332002559034
06,-1.5383544870364965,8.142655958728582,9.681010445765079
환불,-1.5383544870364965,8.142655958728582,9.681010445765079
 ★,-1.5383544870364965,8.142655958728582,9.681010445765079
"시,",-1.560333393755272,8.302998608803762,9.863332002559034
 땡,-1.560333393755272,8.302998608803762,9.863332002559034
 땡겨,-1.560333393755272,8.302998608803762,9.863332002559034
 땡겨요,-1.560333393755272,8.302998608803762,9.863332002559034
용평점,-1.560333393755272,8.302998608803762,9.863332002559034
땡겨요 ,-1.560333393755272,8.302998608803762,9.863332002559034
인신용평,-1.560333393755272,8.302998608803762,9.863332002559034
회신 ,-1.560333393755272,8.302998608803762,9.863332002559034
인신용,-1.560333393755272,8.302998608803762,9.863332002559034
인신,-1.560333393755272,8.302998608803762,9.863332002559034
 주차,-1.560333393755272,8.302998608803762,9.863332002559034
개인신,-1.560333393755272,8.302998608803762,9.863332002559034
신용평,-1.560333393755272,8.302998608803762,9.863332002559034
용평,-1.560333393755272,8.302998608803762,9.863332002559034
신용평점,-1.560333393755272,8.302998608803762,9.863332002559034
땡겨,-1.560333393755272,8.302998608803762,9.863332002559034
용평점 ,-1.560333393755272,8.302998608803762,9.863332002559034
 감사,-1.560333393755272,8.302998608803762,9.863332002559034
평점,-1.560333393755272,8.302998608803762,9.863332002559034
평점 ,-1.560333393755272,8.302998608803762,9.863332002559034
개인신용,-1.560333393755272,8.302998608803762,9.863332002559034
땡겨요,-1.560333393755272,8.302998608803762,9.863332002559034
 회신 ,-1.560333393755272,8.302998608803762,9.863332002559034
겨요,-1.560333393755272,8.302998608803762,9.863332002559034
되지,-1.560333393755272,8.302998608803762,9.863332002559034
되지 ,-1.560333393755272,8.302998608803762,9.863332002559034
겨요 ,-1.560333393755272,8.302998608803762,9.863332002559034
 환,-1.5747221312073707,7.700823206449544,9.275545337656915
※ ,-1.5818395989762344,7.588345223022854,9.170184821999088
 ※ ,-1.5818395989762344,7.588345223022854,9.170184821999088
센터,-1.5818395989762344,7.588345223022854,9.170184821999088
cj,-1.5924217083067704,7.800906665006527,9.393328373313297
*-,-1.6028930081740675,8.260438994384966,9.863332002559034
합니다 ,-1.6028930081740675,8.260438994384966,9.863332002559034
**-,-1.6028930081740675,8.260438994384966,9.863332002559034
 그,-1.6098134510186402,8.071196994746439,9.681010445765079
)[,-1.6437150026943215,8.219616999864712,9.863332002559034
회신,-1.6437150026943215,8.219616999864712,9.863332002559034
 회신,-1.6437150026943215,8.219616999864712,9.863332002559034
 포,-1.6437150026943215,8.219616999864712,9.863332002559034
뱅킹 ,-1.6437150026943215,8.219616999864712,9.863332002559034
고)[,-1.6437150026943215,8.219616999864712,9.863332002559034
광고)[,-1.6437150026943215,8.219616999864712,9.863332002559034
킹 ,-1.6437150026943215,8.219616999864712,9.863332002559034
 출,-1.6765048255173127,8.004505620247766,9.681010445765079
고객센,-1.6765048255173127,8.004505620247766,9.681010445765079
고객센터,-1.6765048255173127,8.004505620247766,9.681010445765079
객센,-1.6765048255173127,8.004505620247766,9.681010445765079
 고객센,-1.6765048255173127,8.004505620247766,9.681010445765079
객센터,-1.6765048255173127,8.004505620247766,9.681010445765079
6.,-1.682935715847604,8.18039628671143,9.863332002559034
ㅋㅋ,-1.682935715847604,8.18039628671143,9.863332002559034
차 ,-1.6992848538491323,7.8275749120886875,9.52685976593782
9 ,-1.7082535238318934,7.972756921933185,9.681010445765079
총 ,-1.7206760438304514,8.142655958728582,9.863332002559034
신부,-1.7206760438304514,8.142655958728582,9.863332002559034
본 ,-1.7206760438304514,8.142655958728582,9.863332002559034
 쿠폰 ,-1.7570436880013247,8.106288314557709,9.863332002559034
*아,-1.7570436880013247,8.106288314557709,9.863332002559034
 **,-1.768878145648328,7.912132300116751,9.681010445765079
 잔,-1.7772463953188442,7.749613370618976,9.52685976593782
있음 ,-1.792135007812595,8.071196994746439,9.863332002559034
 있음 ,-1.792135007812595,8.071196994746439,9.863332002559034
 답장,-1.792135007812595,8.071196994746439,9.863332002559034
-0,-1.7978656825215804,7.883144763243498,9.681010445765079
용카드,-1.7978656825215804,7.883144763243498,9.681010445765079
신용카드,-1.7978656825215804,7.883144763243498,9.681010445765079
신용카,-1.7978656825215804,7.883144763243498,9.681010445765079
 신용카,-1.7978656825215804,7.883144763243498,9.681010445765079
용카,-1.7978656825215804,7.883144763243498,9.681010445765079
티머니,-1.8260365594882764,8.037295443070757,9.863332002559034
 티머,-1.8260365594882764,8.037295443070757,9.863332002559034
머니 ,-1.8260365594882764,8.037295443070757,9.863332002559034
티머니 ,-1.8260365594882764,8.037295443070757,9.863332002559034
 티머니,-1.8260365594882764,8.037295443070757,9.863332002559034
머니,-1.8260365594882764,8.037295443070757,9.863332002559034
티머,-1.8260365594882764,8.037295443070757,9.863332002559034
)로,-1.8905750806258483,7.972756921933185,9.863332002559034
 있음,-1.8905750806258483,7.972756921933185,9.863332002559034
)로 ,-1.8905750806258483,7.972756921933185,9.863332002559034
있음,-1.8905750806258483,7.972756921933185,9.863332002559034
음 ,-1.8950294309752271,7.631830334962593,9.52685976593782
쿠폰 ,-1.9060792671618128,7.774931178603266,9.681010445765079
 유,-1.9060792671618128,7.774931178603266,9.681010445765079
뱅킹,-1.921346739292602,7.941985263266432,9.863332002559034
점 ,-1.9801872393155344,7.546672526622285,9.52685976593782
답장,-1.9801872393155353,7.883144763243498,9.863332002559034
 티,-1.9801872393155353,7.883144763243498,9.863332002559034
분 ,-2.062425337552507,7.800906665006527,9.863332002559034
 - ,-2.1058754544790306,6.594305738274321,8.700181192753352
 답,-2.113718631940058,7.749613370618976,9.863332002559034
- ,-2.1292228184760216,6.57095837427733,8.700181192753352
 쿠폰,-2.1343379191427934,7.546672526622285,9.681010445765079
■ ,-2.1384112445304293,7.724920758028604,9.863332002559034
 ■ ,-2.1384112445304293,7.724920758028604,9.863332002559034
쿠폰,-2.182711503427008,7.344148262510812,9.52685976593782
 :,-2.1937613396135944,6.57095837427733,8.764719713890925
 : ,-2.1967155515110255,6.7111050060205715,8.907820557531597
주차,-2.209028811744383,7.654303190814651,9.863332002559034
====,-3.8758776313918215,5.987454371167212,9.863332002559034
===,-3.926097388370848,5.937234614188186,9.863332002559034
==,-3.9739152627213414,5.889416739837692,9.863332002559034
