sample_id,split,label,label_id,parent_call_id,source_id,source_dataset,source_audio_path,audio_path,start_sec,end_sec,duration_sec,text,qa_status,qa_flags,is_augmented,augmentation,call_type,original_sample_id,original_split
train_normal_00001,train,normal,0,D60_J91_S00000448,D60_J91_S00000448_seg001,aihub,data\normal_aihub\prepared_diverse\audio\D60_J91_S00000448\D60_J91_S00000448_seg001.wav,audio/normal/train_normal_00001.wav,0.0,15.011,15.011,네. 고객님 중앙교육의 이진혁 상담원입니다. 안녕하세요 결제 때문에 전화드렸어요. 분당 살때 중앙교육 학습지 몇 년 했었고요. 지금은 학습지 이용 안하고 있거든요. 그리고 저희 서초로 이사도 했고요.,SOURCE_TEXT,,False,,D60_J91,normal_source_00024,unassigned
train_normal_00002,train,normal,0,D60_J91_S00000532,D60_J91_S00000532_seg003,aihub,data\normal_aihub\prepared_diverse\audio\D60_J91_S00000532\D60_J91_S00000532_seg003.wav,audio/normal/train_normal_00002.wav,0.0,15.68,15.68,"n/ 네, 알아본 결과 학습 종료가* 안된 걸로 나와있습니다. n/ 학습이 종료가 안 (됐다고요)/(됐다구요)? b/ 저희 저번에 분명히 끝내고 이사까지 했는데요? n/ 죄송합니다. n/ b/ 선생님하고 어떻게 이야기됐길래 학습 종료가 안 돼요? n/ b/ 알아보고 처리해 드리겠습니다.",SOURCE_TEXT,,False,,D60_J91,normal_source_00047,unassigned
train_normal_00003,train,normal,0,D60_J91_S00000553,D60_J91_S00000553_seg003,aihub,data\normal_aihub\prepared_diverse\audio\D60_J91_S00000553\D60_J91_S00000553_seg003.wav,audio/normal/train_normal_00003.wav,0.0,15.677,15.677,"아/ 네, 알아본 결과 학습 종료가 아직 안 된 걸로 나와있습니다. 학습이 종료가 안됐다구요? 저희 저번에 분명히 끝내고 이사까지 했는데요? 아/ 죄송합니다. 선생님하고 어떻게 이야기가 됐길래 학습 종료가 안 돼요? 아/ 알아보고 네, 처리해 드리겠습니다.",SOURCE_TEXT,,False,,D60_J91,normal_source_00069,unassigned
train_normal_00004,train,normal,0,D60_J91_S00000585,D60_J91_S00000585_seg001,aihub,data\normal_aihub\prepared_diverse\audio\D60_J91_S00000585\D60_J91_S00000585_seg001.wav,audio/normal/train_normal_00004.wav,0.0,15.702,15.702,"안녕하세요, 고객님. 레벨업 학습지에 이현서 상담원입니다. 어떤 일로 전화 주셨을까요? n/ 안녕하세요? 올해(1월)/(일 월)부터 학습지 등록한 오수 엄마인데요. 학습 관련으로 문의 드릴 게 있어서 전화드렸어요. 선생님이 원래 이렇게 자주 바뀌나요?",SOURCE_TEXT,,False,,D60_J91,normal_source_00077,unassigned
train_normal_00005,train,normal,0,D60_J91_S00000585,D60_J91_S00000585_seg006,aihub,data\normal_aihub\prepared_diverse\audio\D60_J91_S00000585\D60_J91_S00000585_seg006.wav,audio/normal/train_normal_00005.wav,0.0,16.715,16.715,죄송합니다. 선생님이 자주 바뀔 거면 아이가 뭘 얼마나 학습했는지 공유가 되어야지. 아무 정보도 안 넘어간 것 같더라고요. n/ 이번에 그만두신 전 선생님도 첫날에 아이한테 어디까지 배웠는지 물어보더라고요. 그건 회사 측에서 공유가 되어야 하는 부분 아닌가요?,SOURCE_TEXT,,False,,D60_J91,normal_source_00082,unassigned
train_normal_00006,train,normal,0,D60_J91_S00000599,D60_J91_S00000599_seg001,aihub,data\normal_aihub\prepared_diverse\audio\D60_J91_S00000599\D60_J91_S00000599_seg001.wav,audio/normal/train_normal_00006.wav,0.0,15.385,15.385,"n/ 네, 고객님, 중앙교육의 이진혁 상담원입니다. n/ 안녕하세요. 결제 때문에 전화드렸어요. n/ 분당 살 때 중앙교육 학습지 몇 년 했었고요. 지금은 학습지 이용 안 하고 있거든요. 그럼 그리고 저희 서초 이사도 했고요.",SOURCE_TEXT,,False,,D60_J91,normal_source_00089,unassigned
train_normal_00007,train,normal,0,D60_J91_S00000599,D60_J91_S00000599_seg007,aihub,data\normal_aihub\prepared_diverse\audio\D60_J91_S00000599\D60_J91_S00000599_seg007.wav,audio/normal/train_normal_00007.wav,0.0,16.418,16.418,n/ 그러면 이거 어떻게 처리해줄 (거예요)/(거에요)? n/ 저희는 지금 당장 학습 종료해주시고요. n/ 저희 결제된 금액 환불 처리해줬으면 좋겠어요. n/ 저희 이사 오고 나고+ 나서 바로는 결제 안 됐어요. 그러고 한 달 지나서 갑자기 결제되는 거 좀 이상하지 않나요?,SOURCE_TEXT,,False,,D60_J91,normal_source_00095,unassigned
train_normal_00008,train,normal,0,D60_J91_S00000637,D60_J91_S00000637_seg006,aihub,data\normal_aihub\prepared_diverse\audio\D60_J91_S00000637\D60_J91_S00000637_seg006.wav,audio/normal/train_normal_00008.wav,0.0,15.288,15.288,"한 번 이해하고 넘어갔으면 좀 더 조심해줘야 되는 거 아닌가요? 그렇습니다. (그러면)/(그러믄) 이거 어떻게 처리해줄 (거예요)/(거에요)? 저는 지금 당장 학습 종료도 해주시고요, 저희 결제된 금액 환불 처리해줬으면 좋겠어요. 저희 이사 오고 나서 바로는 결제가 안 됐어요.",SOURCE_TEXT,,False,,D60_J91,normal_source_00127,unassigned
train_normal_00009,train,normal,0,D60_J91_S00000637,D60_J91_S00000637_seg002,aihub,data\normal_aihub\prepared_diverse\audio\D60_J91_S00000637\D60_J91_S00000637_seg002.wav,audio/normal/train_normal_00009.wav,0.0,17.538,17.538,"저희 지금 여기 학습지 이용을 안하고+ 안 하고 있어요. 어떻게 된 건가요? 알아보겠습니다. 네, 빨리 알아봐 주세요. 그때 분명히 선생님하고도 잘 인사했고 마치고 끝냈는데, 갑자기 결제 문자 와서 놀랐거든요. 네, 알아본 결과 학습 종료가 안된 걸로 나와있습니다.",SOURCE_TEXT,,False,,D60_J91,normal_source_00123,unassigned
train_normal_00010,train,normal,0,D60_J91_S00000684,D60_J91_S00000684_seg002,aihub,data\normal_aihub\prepared_diverse\audio\D60_J91_S00000684\D60_J91_S00000684_seg002.wav,audio/normal/train_normal_00010.wav,0.0,15.673,15.673,"n/ 알아보겠습니다. n/ 네, 빨리 알아봐 주세요. 그때 분명히 (선생님)/(슨생님)하고는 잘 인사했고, 마치고 끝냈는데 갑자기 이것 때문에 이제 와서 놀랐거든요. n/ 네, 알아본 결과 학습 종료가 안된 걸로 나와있습니다. 학습이 종료가 안 됐다고요? 저희 저번에 분명히 끝내고 이사까지 했는데요. n/ 죄송합니다.",SOURCE_TEXT,,False,,D60_J91,normal_source_00169,unassigned
train_normal_00011,train,normal,0,D60_J91_S00000714,D60_J91_S00000714_seg001,aihub,data\normal_aihub\prepared_diverse\audio\D60_J91_S00000714\D60_J91_S00000714_seg001.wav,audio/normal/train_normal_00011.wav,0.0,15.533,15.533,"n/ 네, 고객님. 중앙교육의 이진혁 상담원입니다. n/ 안녕하세요, 결제 때문에 전화드렸어요. n/ 분당 살 때 중앙교육 학습지 몇 년 (했었고요)/(해씄구요). 지금은 학습지 이용 안 하고 (있거든요)/(있그든요). 그리고 저희 서초로 이사도 했고요. n/ 네, 고객님.",SOURCE_TEXT,,False,,D60_J91,normal_source_00177,unassigned
train_normal_00012,train,normal,0,D60_J91_S00000714,D60_J91_S00000714_seg003,aihub,data\normal_aihub\prepared_diverse\audio\D60_J91_S00000714\D60_J91_S00000714_seg003.wav,audio/normal/train_normal_00012.wav,0.0,17.088,17.088,"n/ 네, 알아본 결과 학습 종료가 안 된 걸로 나와있습니다. n/ 학습 종료가 안 됐다고요? 저희 저번에 분명히 끝내고 (이사)/(이차*)까지 했는데요? 네, 죄송합니다. 선생님하고 (어떻게)/(어뜨케) 이야기가 됐길래 학습 종료가 안 돼요? 어/ 알아보고 처리해 드리겠습니다.",SOURCE_TEXT,,False,,D60_J91,normal_source_00179,unassigned
train_normal_00013,train,normal,0,D60_J91_S00000743,D60_J91_S00000743_seg007,aihub,data\normal_aihub\prepared_diverse\audio\D60_J91_S00000743\D60_J91_S00000743_seg007.wav,audio/normal/train_normal_00013.wav,0.0,15.317,15.317,n/ 저희 이사 오고 나서 바로는 결제가 안 됐어요. 그러고 (1달)/(한 달) 지나서 갑자기 결제되는 게 좀 이상하지 않아요? 계속 결제됐으면 모르겠는데 갑자기 승인 뜨니까 놀랐다고요. 죄송합니다. 확인 후 처리드리도+ 처리해 드리겠습니다.,SOURCE_TEXT,,False,,D60_J91,normal_source_00203,unassigned
train_normal_00014,train,normal,0,D60_J91_S00000773,D60_J91_S00000773_seg003,aihub,data\normal_aihub\prepared_diverse\audio\D60_J91_S00000773\D60_J91_S00000773_seg003.wav,audio/normal/train_normal_00014.wav,0.0,15.168,15.168,"네, 알아본 결과 학습 종료가 안 된 걸로 나와 있습니다. n/ n/ 학습이 종료가 안 됐다고요? 저희 저번+ 저번에 분명히 끝내고 이사까지 했는데요. 죄송합니다. n/ 선생님하고 어떻게 이야기가 됐길래 학습 종료가 안 돼요?",SOURCE_TEXT,,False,,D60_J91,normal_source_00220,unassigned
train_normal_00015,train,normal,0,D60_J91_S00000794,D60_J91_S00000794_seg006,aihub,data\normal_aihub\prepared_diverse\audio\D60_J91_S00000794\D60_J91_S00000794_seg006.wav,audio/normal/train_normal_00015.wav,0.0,15.093,15.093,n/ 저희 이사하고 나서 바로는 결제가 안 됐어요. n/ 그러고 (1달)/(한 달) 지나서 갑자기 결제되는 게 (좀)/(쫌) 이상하지 않아요? 계속 결제됐으면 모르겠는데 갑자기 승인 뜨니까 놀랐다고요. n/ 죄송합니다. 확인 후 처리해 드리겠습니다. n/ 환불은 얼마나 걸리는데요?,SOURCE_TEXT,,False,,D60_J91,normal_source_00235,unassigned
train_normal_00016,train,normal,0,D60_J91_S00000850,D60_J91_S00000850_seg002,aihub,data\normal_aihub\prepared_diverse\audio\D60_J91_S00000850\D60_J91_S00000850_seg002.wav,audio/normal/train_normal_00016.wav,0.0,17.514,17.514,"n/ 알아보겠습니다. n/ 네, 빨리 알아봐 주세요. 그때 분명히 선생님하고도 잘 인사했고 마치고 끝냈는데 갑자기 결제 문자 와서 놀랐거든요. n/ 네, 알아본 결과 학습 종료가 안 된 걸로 나와있습니다. n/ 학습이 종료가 안 (됐다고요)/(됐다구요)? 저희 저번에 분명히 끝내고 이사까지 했는데요?",SOURCE_TEXT,,False,,D60_J91,normal_source_00252,unassigned
train_normal_00017,train,normal,0,D60_J91_S00001018,D60_J91_S00001018_seg017,aihub,data\normal_aihub\prepared_diverse\audio\D60_J91_S00001018\D60_J91_S00001018_seg017.wav,audio/normal/train_normal_00017.wav,0.0,13.828,13.828,"n/ 원하시는 강의에 원하는 날짜만큼 선택할 수 있습니다. n/ 네, 확인 감사합니다. n/ 추가적인 문의 사항 있으면 언제든지 문의 부탁드립니다. 쉐어링 스터디 상담사 홍길동이었습니다. 감사합니다.",SOURCE_TEXT,,False,,D60_J91,normal_source_00276,unassigned
train_normal_00018,train,normal,0,D60_J91_S00001018,D60_J91_S00001018_seg002,aihub,data\normal_aihub\prepared_diverse\audio\D60_J91_S00001018\D60_J91_S00001018_seg002.wav,audio/normal/train_normal_00018.wav,0.0,15.503,15.503,"n/ 가입할 때 필수 말고 선택인 회원 약관이 있는데 제가 어제는 회원가입을 급하게 하느라고 n/ u/ 같은데, 맞나요? 약관 동의 여부 체크를 먼저 확인하겠습니다. n/ 네+ 네, 아마 제가 다 동의한다고 표시했는데 한 거 같거든요?",SOURCE_TEXT,,False,,D60_J91,normal_source_00261,unassigned
train_normal_00019,train,normal,0,D60_J91_S00001029,D60_J91_S00001029_seg017,aihub,data\normal_aihub\prepared_diverse\audio\D60_J91_S00001029\D60_J91_S00001029_seg017.wav,audio/normal/train_normal_00019.wav,0.0,13.885,13.885,n/ 원하시는 강의에 원하는 날짜만큼 선택할 수 있습니다. n/ 네+ 네. 확인 감사합니다. b/ n/ 추가적인 문의사항 있으시면 언제든지 문의 부탁드립니다. 쉐어링 스터디 상담사 홍길동이었습니다. 감사합니다.,SOURCE_TEXT,,False,,D60_J91,normal_source_00293,unassigned
train_normal_00020,train,normal,0,D60_J91_S00001066,D60_J91_S00001066_seg020,aihub,data\normal_aihub\prepared_diverse\audio\D60_J91_S00001066\D60_J91_S00001066_seg020.wav,audio/normal/train_normal_00020.wav,0.0,13.256,13.256,원하시는 강의에 원하는 날짜만큼 선택할 수 있습니다. 네네 확인 감사합니다. n/ 추가적인 문의 사항 있으면 언제든지 문의 부탁드립니다. 쉐어링 스터디 상담사 홍길동이었습니다. 감사합니다.,SOURCE_TEXT,,False,,D60_J91,normal_source_00330,unassigned
train_normal_00021,train,normal,0,D60_J91_S00001112,D60_J91_S00001112_seg018,aihub,data\normal_aihub\prepared_diverse\audio\D60_J91_S00001112\D60_J91_S00001112_seg018.wav,audio/normal/train_normal_00021.wav,0.0,14.557,14.557,"n/ 원하시는 강의에 원하는 날짜만큼 선택할 수 있습니다. n/ 네, 네, 확인 감사합니다. n/ 추가적인 무며+ 문의 사항 있으면 언제든지 문의 부탁드립니다. 쉐어링 스터디 상담사 홍길동이었습니다. 감사합니다.",SOURCE_TEXT,,False,,D60_J91,normal_source_00348,unassigned
train_normal_00022,train,normal,0,D60_J91_S00001157,D60_J91_S00001157_seg017,aihub,data\normal_aihub\prepared_diverse\audio\D60_J91_S00001157\D60_J91_S00001157_seg017.wav,audio/normal/train_normal_00022.wav,0.0,10.647,10.647,"n/ 원하시는 강의 원하는 날짜 맞게 선택할 수 있습니다. n/ 네+ 네, 확인 감사합니다. n/ 추가적인 문의사항 있으면 언제든지 문의 부탁드립니다. b/ 쉐어링 스터디 상담원 홍길동이었습니다.",SOURCE_TEXT,,False,,D60_J91,normal_source_00382,unassigned
train_normal_00023,train,normal,0,D60_J91_S00001185,D60_J91_S00001185_seg016,aihub,data\normal_aihub\prepared_diverse\audio\D60_J91_S00001185\D60_J91_S00001185_seg016.wav,audio/normal/train_normal_00023.wav,0.0,12.885,12.885,"원하시는 강의에 원하는 날짜만큼 선택할 수 있습니다. n/ 아/ 네+ 네, 감사해요. 추가적인 문의 사항 있으면 언제든지 문의 부탁드립니다. 쉐어링 스터디 상담사 홍길동이었습니다. 감사합니다.",SOURCE_TEXT,,False,,D60_J91,normal_source_00398,unassigned
train_normal_00024,train,normal,0,D60_J91_S00001232,D60_J91_S00001232_seg008,aihub,data\normal_aihub\prepared_diverse\audio\D60_J91_S00001232\D60_J91_S00001232_seg008.wav,audio/normal/train_normal_00024.wav,0.0,14.073,14.073,"n/ 가격 할인 이벤트나 신규 강의 같은 혜택도 전달받기 어렵나요? n/ 네, 동의해 주시지 않으면 어렵습니다. n/ 아/ 그러면 그 끝만 별도로 동의할게요. n/ 네, 고객님. 수정하겠습니다.",SOURCE_TEXT,,False,,D60_J91,normal_source_00406,unassigned
train_normal_00025,train,normal,0,D60_J91_S00001265,D60_J91_S00001265_seg017,aihub,data\normal_aihub\prepared_diverse\audio\D60_J91_S00001265\D60_J91_S00001265_seg017.wav,audio/normal/train_normal_00025.wav,0.0,12.611,12.611,"n/ 원하시는 강의에 원하는 날짜만큼 선택할 수 있습니다. n/ 네네, 확인 감사합니다. n/ 추가적인 문의 사항 있으면 언제든지 문의 부탁드립니다. 쉐어링 스터디 상담사 홍길동이었습니다. 감사합니다.",SOURCE_TEXT,,False,,D60_J91,normal_source_00453,unassigned
train_normal_00026,train,normal,0,D60_J91_S00001307,D60_J91_S00001307_seg017,aihub,data\normal_aihub\prepared_diverse\audio\D60_J91_S00001307\D60_J91_S00001307_seg017.wav,audio/normal/train_normal_00026.wav,0.0,12.311,12.311,"n/ 원하시는 강의에 원하는 날짜만큼 선택할 수 있습니다. n/ 네+ 네, 확인 감사합니다. n/ 추가적인 문의사항이 있으면 언제든지 문의 부탁드립니다. 쉐어링 스터디 상담사 홍길동이었습니다. 감사합니다.",SOURCE_TEXT,,False,,D60_J91,normal_source_00470,unassigned
train_normal_00027,train,normal,0,D60_J91_S00001401,D60_J91_S00001401_seg013,aihub,data\normal_aihub\prepared_diverse\audio\D60_J91_S00001401\D60_J91_S00001401_seg013.wav,audio/normal/train_normal_00027.wav,0.0,15.087,15.087,"그럼 이거 교재나 강의는 따로 선택할 수 있나요? 아직 많은 강의를 결제한 건 아니고, (1)/(하나) 들어보고 나서 연간 회원권으로 바꿀까 하는데 저는 지금 제가 들을 강의의 교재랑 이 강의에 대한 (7일)/(칠 일) 이용권이 필요한 거라서",SOURCE_TEXT,,False,,D60_J91,normal_source_00483,unassigned
train_normal_00028,train,normal,0,D60_J91_S00001485,D60_J91_S00001485_seg003,aihub,data\normal_aihub\prepared_diverse\audio\D60_J91_S00001485\D60_J91_S00001485_seg003.wav,audio/normal/train_normal_00028.wav,0.0,15.217,15.217,바꾸고 싶은 부분이 그 마케팅 활용 관련해서 제 정보가 다른 곳에 전달되는 그 약관에 동의하지 않는다고 바꾸고 싶거든요. 쉐어링 스터디 가입할 때 적었던 제 정보를 다른 곳에는 제공하고 싶지 않아서. 이걸 제일 먼저 확인해주시겠어요?,SOURCE_TEXT,,False,,D60_J91,normal_source_00491,unassigned
train_normal_00029,train,normal,0,D60_J91_S00001793,D60_J91_S00001793_seg012,aihub,data\normal_aihub\prepared_diverse\audio\D60_J91_S00001793\D60_J91_S00001793_seg012.wav,audio/normal/train_normal_00029.wav,0.0,15.04,15.04,혹시 추천인을 중복으로 추천 가능할까요? 저한테 이거 추천한 친구가 여러 명이라서 친구 각각 다 적으면 강의 교재 적은 아이디 수만큼 저한테 교재 배송되나요? 중복은 해당되지 않습니다.,SOURCE_TEXT,,False,,D60_J91,normal_source_00516,unassigned
train_normal_00030,train,normal,0,D60_J91_S00001855,D60_J91_S00001855_seg008,aihub,data\normal_aihub\prepared_diverse\audio\D60_J91_S00001855\D60_J91_S00001855_seg008.wav,audio/normal/train_normal_00030.wav,0.0,11.492,11.492,n/ 그러셨나요? n/ 어쨌든 뭐 써놨다는데 안 읽은 내 잘못이죠. 탈퇴 처리라도 정확히 해주세요. n/ 혹시 나중에 재가입할 때 문제 되는 건 아닌가요? n/ 알겠습니다. 수고하세요. n/ 감사합니다.,SOURCE_TEXT,,False,,D60_J91,normal_source_00530,unassigned
train_normal_00031,train,normal,0,D60_J91_S00001915,D60_J91_S00001915_seg008,aihub,data\normal_aihub\prepared_diverse\audio\D60_J91_S00001915\D60_J91_S00001915_seg008.wav,audio/normal/train_normal_00031.wav,0.0,15.029,15.029,"n/ 링크 눌러서 인증 부탁드립니다. n/ 네, 했어요, 이제 다 된 건가요? 더 이상 번거롭게 하지 않았으면 좋겠네요. n/ 하루정도 소요됩니다. n/ 알겠어요, 화내서 미안해요. 내가 아가씨한테 뭐라는 게 아니고. 입장 바꿔서 생각해보면 아가씨 같으면 화 안 나겠어요? n/ 죄송합니다.",SOURCE_TEXT,,False,,D60_J91,normal_source_00538,unassigned
train_normal_00032,train,normal,0,D60_J91_S00001926,D60_J91_S00001926_seg001,aihub,data\normal_aihub\prepared_diverse\audio\D60_J91_S00001926\D60_J91_S00001926_seg001.wav,audio/normal/train_normal_00032.wav,0.0,15.062,15.062,"n/ 야 (너도)/(너두) 입니다. n/ 저/ 민지영 선생님 강의 없어졌나요? n/ 아/ 전 그분 강의 들으려고 가입했던 건데. 다시 안 하시는 건가요? n/ 그렇습니다. n/ 그럼 저 탈퇴할래요, 탈퇴 어떻게 해요? n/ 홈페이지에서 가능합니다.",SOURCE_TEXT,,False,,D60_J91,normal_source_00540,unassigned
train_normal_00033,train,normal,0,D60_J91_S00001978,D60_J91_S00001978_seg006,aihub,data\normal_aihub\prepared_diverse\audio\D60_J91_S00001978\D60_J91_S00001978_seg006.wav,audio/normal/train_normal_00033.wav,0.0,15.023,15.023,"n/ 그리고 경쟁사인 (C1)/(씨 원) 스쿨은 강의를 얼마나 들었든 남은 부분에 대해선 환불을 해주던데 여긴 왜 안 해줘요? 하다못해 에도윌이나 메가스터디도 다 환불해 줘요. 왜 여기만 못 해주는 거예요? 네, 죄송합니다.",SOURCE_TEXT,,False,,D60_J91,normal_source_00555,unassigned
train_normal_00034,train,normal,0,D60_J91_S00002037,D60_J91_S00002037_seg003,aihub,data\normal_aihub\prepared_diverse\audio\D60_J91_S00002037\D60_J91_S00002037_seg003.wav,audio/normal/train_normal_00034.wav,0.0,15.744,15.744,원래는 귀찮아서 그냥 한 번에 설치되도록 통합 설치된 한데 그 과정에서 저번에 노트북이 많이 늦어졌거든요 그래서 선택 설치를 안 했어요 어차피 필수로 해야 하는 것만 했으면 상관없는거죠 필수는 다 하신 건가요?,SOURCE_TEXT,,False,,D60_J91,normal_source_00562,unassigned
train_normal_00035,train,normal,0,D60_J91_S00002037,D60_J91_S00002037_seg005,aihub,data\normal_aihub\prepared_diverse\audio\D60_J91_S00002037\D60_J91_S00002037_seg005.wav,audio/normal/train_normal_00035.wav,0.0,16.831,16.831,네 그렇습니다 혹시 노트북이 아니라 그냥 피씨에서는되거나 그런건 없나요 사양 문제라든지 용량 문제라든지 그런 건 전혀 없는 건가요 그런가 하면 다른 방법을 시도해 보려구요 n/ 그럼 제가 지금 다시 (1번)/(한 번) 확인해 볼게요? 잠시만요.,SOURCE_TEXT,,False,,D60_J91,normal_source_00564,unassigned
train_normal_00036,train,normal,0,D60_J91_S00002077,D60_J91_S00002077_seg005,aihub,data\normal_aihub\prepared_diverse\audio\D60_J91_S00002077\D60_J91_S00002077_seg005.wav,audio/normal/train_normal_00036.wav,0.0,15.974,15.974,죄송합니다 아 됐어요 그럼 다 필요 없어요 동떨어져서 안 쓸라니까 그냥 탈퇴할테니까 탈퇴시켜주세요 홈페이지에서 직접 진행 가능하십니다 아니 내가 또 홈페이지 로그인 하고 그래야 돼요 왜 이렇게 사람을 번거롭게요 그렇게 해주세요 직접 하셔야 됩니다,SOURCE_TEXT,,False,,D60_J91,normal_source_00574,unassigned
train_normal_00037,train,normal,0,D60_J91_S00002125,D60_J91_S00002125_seg010,aihub,data\normal_aihub\prepared_diverse\audio\D60_J91_S00002125\D60_J91_S00002125_seg010.wav,audio/normal/train_normal_00037.wav,0.0,10.453,10.453,그렇군요 감사합니다 자 그럼 제가 한번 더 시도해 보고 그때도 안 되면 또 문의 전화 드릴게요 네 감사합니다한국학원 김 민 씨였습니다,SOURCE_TEXT,,False,,D60_J91,normal_source_00586,unassigned
train_normal_00038,train,normal,0,D60_J91_S00002125,D60_J91_S00002125_seg005,aihub,data\normal_aihub\prepared_diverse\audio\D60_J91_S00002125\D60_J91_S00002125_seg005.wav,audio/normal/train_normal_00038.wav,0.0,16.06,16.06,그럼 제가 지금 다시 한번 확인해 볼게요 잠시만요 제가 지금 노트북 켰고요 똑같이 동영상 강의 시작하도록 진행해볼게요 로그인 하고 다운받은 목록으로 들어가서 플레이 버튼 누르는거 맞죠 네 맞습니다,SOURCE_TEXT,,False,,D60_J91,normal_source_00581,unassigned
train_normal_00039,train,normal,0,D60_J91_S00002141,D60_J91_S00002141_seg008,aihub,data\normal_aihub\prepared_diverse\audio\D60_J91_S00002141\D60_J91_S00002141_seg008.wav,audio/normal/train_normal_00039.wav,0.0,15.08,15.08,n/ 이런 문구가 뜨는 거면 제 노트북에 어떤 문제가 있는 것이 아니라 (인강)/(인깡) 홈페이지 쪽 문제 있는 거 아닌가요? 아니면 혹시 선택 설치까지 전부 다 설치해야 되는 건가요? 불안해서 그건 싫은데요. 왜 이런 거죠?,SOURCE_TEXT,,False,,D60_J91,normal_source_00594,unassigned
train_normal_00040,train,normal,0,D60_J91_S00002141,D60_J91_S00002141_seg005,aihub,data\normal_aihub\prepared_diverse\audio\D60_J91_S00002141\D60_J91_S00002141_seg005.wav,audio/normal/train_normal_00040.wav,0.0,20.544,20.544,그럼 제가 지금 다시 한번 확인해 볼게요 잠시만요 네 제가 지금 노트북 켰고요 똑같이 동영상 강의 시작하도록 진행해볼게요 로그인하고 다운 받은 목록은 들어가서 플레이 버튼 누르는거 맞죠 네 맞습니다 토의 육백 번 강의인데 지금 제일 첫번째 강의 오리엔테이션 강의 플레이버튼 누를게요,SOURCE_TEXT,,False,,D60_J91,normal_source_00591,unassigned
train_normal_00041,train,normal,0,D60_J91_S00002189,D60_J91_S00002189_seg006,aihub,data\normal_aihub\prepared_diverse\audio\D60_J91_S00002189\D60_J91_S00002189_seg006.wav,audio/normal/train_normal_00041.wav,0.0,15.397,15.397,죄송합니다 n/ 아유/ 됐어요. 그럼 다 필요없어요. 저 여기 정 떨어져서 안 쓸라니까 그냥 탈퇴하니까 탈퇴시켜주세요. 홈페이지에서 직접 가능합니다 아니 내가 또 홈페이지에 로그인하고 그래야 돼요 왜 이렇게 사람을 번거롭게 해요 그냥 여기로 해주세요,SOURCE_TEXT,,False,,D60_J91,normal_source_00623,unassigned
train_normal_00042,train,normal,0,D60_J91_S00002216,D60_J91_S00002216_seg001,aihub,data\normal_aihub\prepared_diverse\audio\D60_J91_S00002216\D60_J91_S00002216_seg001.wav,audio/normal/train_normal_00042.wav,0.0,15.124,15.124,야 너두입니다. 저 @민지영 선생님 강의 없으셨나요. 그 분 강의 들으려고 가입했던건데 다시 안하시는 건가요 그렇습니다 그럼 저 (탈퇴)/(타이트) 할래요. 탈퇴 어떻게 해요. 홈페이지에서 가능합니다 탈퇴하면 남아있는 수강 금액 다 환불 가능한거죠 바로 들어오나요,SOURCE_TEXT,,False,,D60_J91,normal_source_00646,unassigned
train_normal_00043,train,normal,0,D60_J91_S00002274,D60_J91_S00002274_seg001,aihub,data\normal_aihub\prepared_diverse\audio\D60_J91_S00002274\D60_J91_S00002274_seg001.wav,audio/normal/train_normal_00043.wav,0.0,15.064,15.064,안녕하세요 상담사 김윤수입니다 n/ 안녕하세요. u/ 인터넷 강의 듣고있는데 문의 드리려고 전화 드렸어요. n/ 제가 노트북에서 지금 들으라고 하는데 강의를 들으려면 해당 프로그램을 설치해야 되더라고요.,SOURCE_TEXT,,False,,D60_J91,normal_source_00680,unassigned
train_normal_00044,train,normal,0,D60_J91_S00002288,D60_J91_S00002288_seg005,aihub,data\normal_aihub\prepared_diverse\audio\D60_J91_S00002288\D60_J91_S00002288_seg005.wav,audio/normal/train_normal_00044.wav,0.0,15.168,15.168,그리고 경쟁사인 시원스쿨은 강의를 얼마나 들었든 남은 부분에 대해서는 환불해주던데 여기는 왜 안 해줘요? 하다못해 에듀월이나 메가스터디도 다 환불해줘요. 왜 여기만 못해 준다는 거예요? 죄송합니다,SOURCE_TEXT,,False,,D60_J91,normal_source_00694,unassigned
train_normal_00045,train,normal,0,D60_J91_S00002302,D60_J91_S00002302_seg001,aihub,data\normal_aihub\prepared_diverse\audio\D60_J91_S00002302\D60_J91_S00002302_seg001.wav,audio/normal/train_normal_00045.wav,0.0,15.211,15.211,야너두 입니다. n/ 저/ @민지영 선생님 강의 없어졌나요? 아 전 그분 강의들으려고 가입했던건데 다시 안하시는건가요 그렇습니다 그럼 저 탈퇴할래요 탈퇴 어떻게 해요 홈페이지에서 가능합니다,SOURCE_TEXT,,False,,D60_J91,normal_source_00699,unassigned
train_normal_00046,train,normal,0,D60_J91_S00002317,D60_J91_S00002317_seg002,aihub,data\normal_aihub\prepared_diverse\audio\D60_J91_S00002317\D60_J91_S00002317_seg002.wav,audio/normal/train_normal_00046.wav,0.0,15.392,15.392,"n/ 네, 설치를 전부 다 하셨나요? n/ 네, 뜨는 거 다 설치했고요, 필수설치랑 선택설치 이렇게 총 (4개)/(네 개)인가 뜨던데 저는 필수 설치만 다운로드 했거든요. 통합설치를 누르면 전부 한꺼번에 설치가 되는데 저는 필수설치하는 요소만 설치했어요.",SOURCE_TEXT,,False,,D60_J91,normal_source_00709,unassigned
train_normal_00047,train,normal,0,D60_J91_S00002341,D60_J91_S00002341_seg005,aihub,data\normal_aihub\prepared_diverse\audio\D60_J91_S00002341\D60_J91_S00002341_seg005.wav,audio/normal/train_normal_00047.wav,0.0,15.461,15.461,그리고 경쟁자인 시원스쿨은 강의들을 얼마나 들었더니 남은 부분에 대해서는 환불을 해주던데 연희 왜 안 해줘요 하다못해 에듀윌이나 메가스터디도 다 환불해 줘요 왜 여기만 못해 준다는 거예요,SOURCE_TEXT,,False,,D60_J91,normal_source_00721,unassigned
train_normal_00048,train,normal,0,D60_J91_S00002343,D60_J91_S00002343_seg002,aihub,data\normal_aihub\prepared_diverse\audio\D60_J91_S00002343\D60_J91_S00002343_seg002.wav,audio/normal/train_normal_00048.wav,0.0,13.035,13.035,"그래서 설치를 진행했는데 설치를 완료 했는데도 인터넷 강의가 작동이 안되어서 좀 여쭤보려고요 왜 안되죠 좀 알아봐주실래요 네, 설치 전부 다 하셨나요?",SOURCE_TEXT,,False,,D60_J91,normal_source_00727,unassigned
train_normal_00049,train,normal,0,D60_J91_S00002345,D60_J91_S00002345_seg011,aihub,data\normal_aihub\prepared_diverse\audio\D60_J91_S00002345\D60_J91_S00002345_seg011.wav,audio/normal/train_normal_00049.wav,0.0,10.551,10.551,그러면 그렇군요 감사합니다 그럼 제가 한 번 더 시도해 보고 그때도 안 되면 또 문화 문의 전화 드릴게요 네 감사합니다 한국과학원 김민수였습니다,SOURCE_TEXT,,False,,D60_J91,normal_source_00747,unassigned
train_normal_00050,train,normal,0,D60_J91_S00002365,D60_J91_S00002365_seg011,aihub,data\normal_aihub\prepared_diverse\audio\D60_J91_S00002365\D60_J91_S00002365_seg011.wav,audio/normal/train_normal_00050.wav,0.0,10.982,10.982,그렇군요 감사합니다 그럼 제가 한번 더 시도해 보고 그때도 안 되면 또 문의 전화 드릴게요 네 감사합니다 한국어학원 김민수였습니다,SOURCE_TEXT,,False,,D60_J91,normal_source_00758,unassigned
train_normal_00051,train,normal,0,D60_J91_S00002380,D60_J91_S00002380_seg003,aihub,data\normal_aihub\prepared_diverse\audio\D60_J91_S00002380\D60_J91_S00002380_seg003.wav,audio/normal/train_normal_00051.wav,0.0,15.376,15.376,원래는 귀찮아서 그냥 한 번에 설치되도록 통합 설치하는데 그 과정에서 저번에 노트북이 많이 느려졌거든요 그래서 선택 펼치는 안했어요 어차피 필수로 해야 하는 것만 했으면 상관없는 거죠 실수는 다 하신 건가요,SOURCE_TEXT,,False,,D60_J91,normal_source_00761,unassigned
train_normal_00052,train,normal,0,D60_J91_S00002382,D60_J91_S00002382_seg003,aihub,data\normal_aihub\prepared_diverse\audio\D60_J91_S00002382\D60_J91_S00002382_seg003.wav,audio/normal/train_normal_00052.wav,0.0,15.061,15.061,원래는 귀찮아서 그냥 한번에 설치되도록 통합 설치하는데 그 과정에서 저번에 노트북이 많이 느려졌거든요 그래서 선택 설치는 안했어요 어차피 필수로 해야 하는 것만 했으면 상관없는거죠 필수는 다 하신 건가요,SOURCE_TEXT,,False,,D60_J91,normal_source_00771,unassigned
train_normal_00053,train,normal,0,D60_J91_S00002390,D60_J91_S00002390_seg011,aihub,data\normal_aihub\prepared_diverse\audio\D60_J91_S00002390\D60_J91_S00002390_seg011.wav,audio/normal/train_normal_00053.wav,0.0,10.144,10.144,네 그렇군요 감사합니다 그럼 제가 한번 더 시도해 보고 그때도 안 되면 또 문의 전화 드릴게요 네 감사합니다 한국어학원 김민수였습니다,SOURCE_TEXT,,False,,D60_J91,normal_source_00789,unassigned
train_normal_00054,train,normal,0,D60_J91_S00002390,D60_J91_S00002390_seg004,aihub,data\normal_aihub\prepared_diverse\audio\D60_J91_S00002390\D60_J91_S00002390_seg004.wav,audio/normal/train_normal_00054.wav,0.0,16.875,16.875,필수로 뜨는건 전부 다 했다니까요 그런데 다음으로 진행이 안되요 계속해서 설치하라는 문구가 담긴 창이 계속떠요 설치는 다 했는데 n/ 설치가 안된것 같습니다. 설치를 다 했는데요 그게 안 되는 이유가 설치 문제 외에 다른 이유는 없는 건가요,SOURCE_TEXT,,False,,D60_J91,normal_source_00782,unassigned
train_normal_00055,train,normal,0,D60_J91_S00002392,D60_J91_S00002392_seg002,aihub,data\normal_aihub\prepared_diverse\audio\D60_J91_S00002392\D60_J91_S00002392_seg002.wav,audio/normal/train_normal_00055.wav,0.0,15.014,15.014,"n/ 네, 설치 전부 다 하셨나요? n/ 네, 뜨는 거 다 (설치했고요)/(설치했구요). 필수 설치랑 선택 설치 이렇게 총 (4개)/(네 개) 인가? 뜨던데 저는 필수 설치만 다운로드했거든요? 통합 설치를 누르면 전부 한꺼번에 설치가 되던데, 저는 필수 설치 해야 하는 요소만 설치했어요.",SOURCE_TEXT,,False,,D60_J91,normal_source_00791,unassigned
train_normal_00056,train,normal,0,D60_J91_S00002392,D60_J91_S00002392_seg005,aihub,data\normal_aihub\prepared_diverse\audio\D60_J91_S00002392\D60_J91_S00002392_seg005.wav,audio/normal/train_normal_00056.wav,0.0,17.542,17.542,"그럼 제가 지금 다시 한번 확인해 볼게요 잠시만요 n/ 제가 지금 노트북을 켰고요. 똑같이 동영상 강의 시작해서 진행해 볼게요. 로그인하고 다운받은 목록으로 들어가서 플레이 버튼 누르는 거 맞죠? 네 맞습니다 n/ 네, 토익 (600방)/(육 백 방) 강의인데, 지금 제일 첫 번째 강의 오리엔테이션 강의 플레이 버튼 누를게요.",SOURCE_TEXT,,False,,D60_J91,normal_source_00794,unassigned
train_normal_00057,train,normal,0,D60_J91_S00002402,D60_J91_S00002402_seg008,aihub,data\normal_aihub\prepared_diverse\audio\D60_J91_S00002402\D60_J91_S00002402_seg008.wav,audio/normal/train_normal_00057.wav,0.0,16.107,16.107,이런 문구가 뜨는 거면 제 노트북에 어떤 문제가 있는 것이 아니라 인강 홈페이지 쪽 문제가 있는 것 아닌가요? 아니면 혹시 선택 설치까지 전부 다 설치 해야 하는 건가요? 불안해서 그건 싫은거+ 싫은데요. 왜 이런 거죠? b/ n/ n/ 선택 설치도 하실 것을 권유드립니다.,SOURCE_TEXT,,False,,D60_J91,normal_source_00806,unassigned
train_normal_00058,train,normal,0,D60_J91_S00002404,D60_J91_S00002404_seg005,aihub,data\normal_aihub\prepared_diverse\audio\D60_J91_S00002404\D60_J91_S00002404_seg005.wav,audio/normal/train_normal_00058.wav,0.0,15.393,15.393,아닙니다. 그럼 제가 지금 다시 한번 확인해 볼게요 잠시만요 네 n/ 제가 지금 노트북을 썼고요. 똑같이 동영상 강의 시작하도록 진행해 볼게요. 로그인하고 다운 (보아든)/(받은) 목록으로 들어가서 플레이 버튼 누른 자 네 맞습니다,SOURCE_TEXT,,False,,D60_J91,normal_source_00812,unassigned
train_normal_00059,train,normal,0,D60_J91_S00002410,D60_J91_S00002410_seg002,aihub,data\normal_aihub\prepared_diverse\audio\D60_J91_S00002410\D60_J91_S00002410_seg002.wav,audio/normal/train_normal_00059.wav,0.0,15.412,15.412,"n/ 에, 팔기 전부터 전부 다 하셨나요? n/ 네, 뜨는 거 다 (설치했고요)/(설치했구요). 필수 설치랑 선택 설치 이렇게 총 (4개)/(네 개) 인가 뜨던데? 저는 필수 설치만 다운로드했거든요? 통합 설치를 누르면 전부 한꺼번에 설치가 되던데 저는 필수 설치 해야 하는 요소만 설치했어요.",SOURCE_TEXT,,False,,D60_J91,normal_source_00818,unassigned
train_normal_00060,train,normal,0,D60_J91_S00002428,D60_J91_S00002428_seg005,aihub,data\normal_aihub\prepared_diverse\audio\D60_J91_S00002428\D60_J91_S00002428_seg005.wav,audio/normal/train_normal_00060.wav,0.0,16.229,16.229,그럼 제가 지금 다시 한번 확인해 볼게요 잠시만요 제가 지금 노트북 켰고요 똑같이 동영상 강의 시작하도록 해볼게요 로그인하고 다운 받은 목록으로 들어가서 플레이 버튼 누르는거 맞죠 네 맞습니다,SOURCE_TEXT,,False,,D60_J91,normal_source_00842,unassigned
train_normal_00061,train,normal,0,D60_J91_S00002442,D60_J91_S00002442_seg008,aihub,data\normal_aihub\prepared_diverse\audio\D60_J91_S00002442\D60_J91_S00002442_seg008.wav,audio/normal/train_normal_00061.wav,0.0,15.173,15.173,이런 문구가 뜨는 거면 제 노트북에 어떤 문제가 있는 것이 아니라 인간 홈페이지 쪽에 문제가 있는 것 아닌가요 아니면 혹시 선택 설치까지 전부 다 설치해야 하는건가요 불안해서 그건 쉬운데요 왜이런거죠 선뜻 설치도 하실 것을 권해드립니다,SOURCE_TEXT,,False,,D60_J91,normal_source_00854,unassigned
train_normal_00062,train,normal,0,D60_J91_S00002442,D60_J91_S00002442_seg005,aihub,data\normal_aihub\prepared_diverse\audio\D60_J91_S00002442\D60_J91_S00002442_seg005.wav,audio/normal/train_normal_00062.wav,0.0,19.141,19.141,그럼 제가 지금 다시 한번 확인해 볼게요 잠시만요 제가 지금 노트북 탔고요 똑같이 동영상 강의 시작하도록 진행해 볼게요 로그인하고 다운 받은 목록을 들어가서 플레이 버튼을 누르는 거 맞죠 네 맞습니다 토익 육백 반 장의인지 지금 제일 첫번째 강의 오리엔테이션 강의 플레이버튼 누를게요,SOURCE_TEXT,,False,,D60_J91,normal_source_00851,unassigned
train_normal_00063,train,normal,0,D60_J91_S00002486,D60_J91_S00002486_seg010,aihub,data\normal_aihub\prepared_diverse\audio\D60_J91_S00002486\D60_J91_S00002486_seg010.wav,audio/normal/train_normal_00063.wav,0.0,15.355,15.355,이런 문구가 뜨는 거면 제 노트북에 어떤 문제가 있는 게 아니라 민간공급이 좀 문제가 있는 것 아닌가요 아니면 혹시 선택 설치까지 전부 다 설치해야하는건가요 불안해서 그건 싫은데 왜 이런거죠,SOURCE_TEXT,,False,,D60_J91,normal_source_00865,unassigned
train_normal_00064,train,normal,0,D60_J91_S00002682,D60_J91_S00002682_seg005,aihub,data\normal_aihub\prepared_diverse\audio\D60_J91_S00002682\D60_J91_S00002682_seg005.wav,audio/normal/train_normal_00064.wav,0.0,15.34,15.34,그리고 경쟁사인 시원스쿨 강의를 얼마나 들었든 남은 부분에 대해서는 환불해 주던데 여기는 왜 안 해줘요. 하다못해 에듀윌이나 메가스터디도 다 환불해 줘요. 여기만 못해 준다는 거예요? 아후/ 죄송합니다.,SOURCE_TEXT,,False,,D60_J91,normal_source_00889,unassigned
train_normal_00065,train,normal,0,D60_J91_S00002718,D60_J91_S00002718_seg005,aihub,data\normal_aihub\prepared_diverse\audio\D60_J91_S00002718\D60_J91_S00002718_seg005.wav,audio/normal/train_normal_00065.wav,0.0,15.171,15.171,그럼 제가 지금 다시 한번 확인해 볼게요 잠시만요 네 제가 지금 노트북 켰고요 똑같이 동영상 강의 시작해보도록 진행이 시작하도록 진행해볼게요 로그인하고 다운 받은 목록으로 들어가서 플레이버튼 누르고 맞죠 네 맞습니다,SOURCE_TEXT,,False,,D60_J91,normal_source_00898,unassigned
train_normal_00066,train,normal,0,D60_J91_S00005285,D60_J91_S00005285_seg009,aihub,data\normal_aihub\prepared_diverse\audio\D60_J91_S00005285\D60_J91_S00005285_seg009.wav,audio/normal/train_normal_00066.wav,0.0,12.779,12.779,n/ 죄송합니다. n/ 어쨌든 뭐 써놨다는데 안 읽은 내 잘못이죠. 탈퇴 처리라도 정확히 해주세요. n/ 혹시 나중에 재가입할 때 문제 되는 건 아닌가요? n/ 알겠어요. 수고하세요. n/ 감사합니다.,SOURCE_TEXT,,False,,D60_J91,normal_source_00930,unassigned
train_normal_00067,train,normal,0,D60_J91_S00005308,D60_J91_S00005308_seg006,aihub,data\normal_aihub\prepared_diverse\audio\D60_J91_S00005308\D60_J91_S00005308_seg006.wav,audio/normal/train_normal_00067.wav,0.0,15.065,15.065,"n/ 죄송합니다. n/ 아휴 됐어요. 그럼 다 필요 없어요, 저 여기 정 덜어져서 안 쓸라니까 그냥 탈퇴할 테니까 탈퇴시켜 주세요. n/ 홈페이지에서 직접 진행 가능합니다. n/ 아니 내가 또 홈페이지 로그인하고 그래야 돼요? 왜 이렇게 사람을 번거롭게 해요? 그냥 여기서 해주세요.",SOURCE_TEXT,,False,,D60_J91,normal_source_00936,unassigned
train_normal_00068,train,normal,0,D60_J91_S00005329,D60_J91_S00005329_seg004,aihub,data\normal_aihub\prepared_diverse\audio\D60_J91_S00005329\D60_J91_S00005329_seg004.wav,audio/normal/train_normal_00068.wav,0.0,15.822,15.822,"네. 그렇습니다. 음/ 혹시 노트북이 아니라. 음/ 그냥 일반 (pc)/(피 씨)에서 하면 되거나 그런 건 없나요? 사양의 문제라던지, 용량의 문제라던지 그런 건 전혀 없는 건가요? 그런 거면 다른 방법을 (시도해보려고요)/(시도해보려구요). 아닙니다. 그럼 제가 지금 다시 한번 확인해볼게요. 잠시만요.",SOURCE_TEXT,,False,,D60_J91,normal_source_00943,unassigned
train_normal_00069,train,normal,0,D60_J91_S00005458,D60_J91_S00005458_seg008,aihub,data\normal_aihub\prepared_diverse\audio\D60_J91_S00005458\D60_J91_S00005458_seg008.wav,audio/normal/train_normal_00069.wav,0.0,15.28,15.28,"n/ 링크 눌러서 인증 부탁드립니다. n/ 네 했어요, 이제 다 된 건가요? 더 이상 번거롭게 하지 않았으면 좋겠네요. n/ 하루정도 소요됩니다. n/ 알겠어요, 화내서 미안해요. 내가 아가씨한테 뭐라는 게 아니고. 입장 바꿔서 생각해보면 아가씨 같으면 화 안 나겠어요?",SOURCE_TEXT,,False,,D60_J91,normal_source_00956,unassigned
train_normal_00070,train,normal,0,D60_J91_S00005524,D60_J91_S00005524_seg002,aihub,data\normal_aihub\prepared_diverse\audio\D60_J91_S00005524\D60_J91_S00005524_seg002.wav,audio/normal/train_normal_00070.wav,0.0,15.215,15.215,네. 설치 전부 다 하셨나요? 네. 뜨는 거 다 (설치했고요)/(설치했구요). 필수 설치랑 선택 설치 이렇게 총 (4개)/(네 개)인가? 뜨던데 저는 필수 설치만 다운로드했거든요. 통합 설치를 누르면 전부 한거번에 설치가 되던데 저는 필수 설치해야 하는 요소만 설치했어요.,SOURCE_TEXT,,False,,D60_J91,normal_source_00966,unassigned
train_normal_00071,train,normal,0,D60_J91_S00005524,D60_J91_S00005524_seg008,aihub,data\normal_aihub\prepared_diverse\audio\D60_J91_S00005524\D60_J91_S00005524_seg008.wav,audio/normal/train_normal_00071.wav,0.0,19.776,19.776,이런 문구가 뜨는 거면 제 노트북에 어떤 문제가 있는 것이 아니라 인강 홈페이지 쪽 문제가 있는 건 아닌가요? 아니면 혹시 선택 설치까지 전부 다 설치해야 하는 건가요? 불안해서 그건 싫은데요. 왜 이런 거죠? 선택 설치도 하실 것을 권유드립니다. 선택 설치도 (해야한다고요)/(해야한다구요)? 저번에 뭐 모르고 다 설치했다가 노트북이 엄청 느려져서 불안한데.,SOURCE_TEXT,,False,,D60_J91,normal_source_00972,unassigned
train_normal_00072,train,normal,0,D60_J91_S00005612,D60_J91_S00005612_seg002,aihub,data\normal_aihub\prepared_diverse\audio\D60_J91_S00005612\D60_J91_S00005612_seg002.wav,audio/normal/train_normal_00072.wav,0.0,15.595,15.595,네. 설치 전부 다 하셨나요? 네. 뜨는 거 다 (설치했고요)/(설치했구요). 필수 설치랑 선택 설치 이렇게 총 (4개)/(네 개)인가? 뜨던데 저는 필수 설치만 다운로드했거든요. 통합 설치를 누르면 전부 한거번에 설치가 되던데 저는 필수 설치해야 하는 요소만 설치했어요.,SOURCE_TEXT,,False,,D60_J91,normal_source_00975,unassigned
train_normal_00073,train,normal,0,D60_J91_S00005659,D60_J91_S00005659_seg008,aihub,data\normal_aihub\prepared_diverse\audio\D60_J91_S00005659\D60_J91_S00005659_seg008.wav,audio/normal/train_normal_00073.wav,0.0,11.946,11.946,n/ 그러셨나요? n/ 어쨌든 뭐 써놨다는데 안 읽은 내 잘못이죠. 탈퇴 처리라도 정확히 해주세요. n/ 혹시 나중에 재가입할 때 문제 되는 건 아닌가요? n/ 알겠어요. 수고하세요. n/ 감사합니다.,SOURCE_TEXT,,False,,D60_J91,normal_source_00990,unassigned
train_normal_00074,train,normal,0,D60_J91_S00011181,D60_J91_S00011181_seg010,aihub,data\normal_aihub\prepared_diverse\audio\D60_J91_S00011181\D60_J91_S00011181_seg010.wav,audio/normal/train_normal_00074.wav,0.0,10.146,10.146,"n/ 네, 그렇지요. n/ 무거운 것만 빼면 학습기기 잘 산거 같아요. n/ 그럼 수고하세요. 친절하게 상담해주셔서 감사합니다. n/ 네, 더 궁금하신 건 없으신가요? 좋은 하루 보내십시오.",SOURCE_TEXT,,False,,D60_J91,normal_source_01000,unassigned
train_normal_00075,train,normal,0,D60_J91_S00011201,D60_J91_S00011201_seg003,aihub,data\normal_aihub\prepared_diverse\audio\D60_J91_S00011201\D60_J91_S00011201_seg003.wav,audio/normal/train_normal_00075.wav,0.0,15.051,15.051,n/ 그리고 제가 성적은 마이페이지에서 보면 되는 거죠? n/ 성적 삭제는 안 되나요? 누가 볼까 겁나서요. n/ 삭제는 안됩니다. n/ 이런/ 성적이 아주 엉망징창이라서 기록이 남는 게 민망하더라고요. 그래도 교육은 재밌고 좋아요.,SOURCE_TEXT,,False,,D60_J91,normal_source_01003,unassigned
train_normal_00076,train,normal,0,D60_J91_S00011201,D60_J91_S00011201_seg002,aihub,data\normal_aihub\prepared_diverse\audio\D60_J91_S00011201\D60_J91_S00011201_seg002.wav,audio/normal/train_normal_00076.wav,0.0,15.818,15.818,"n/ 네, 과목 카테고리에서 동영상 터치하시면 다시 보기 버튼 나옵니다. n/ 아/+ 그렇군요+ 아/ 그렇게 하는 거군요. 어쩐지 있을 거 같은데 아무리 찾아봐도 없더라고요. n/ 학습기기가 사용하기 쉬운 편은 아닌 거 같아요. n/ 제가 기계를 잘 못 다뤄서 그런 건지 어렵네요.",SOURCE_TEXT,,False,,D60_J91,normal_source_01002,unassigned
train_normal_00077,train,normal,0,D60_J91_S00011220,D60_J91_S00011220_seg001,aihub,data\normal_aihub\prepared_diverse\audio\D60_J91_S00011220\D60_J91_S00011220_seg001.wav,audio/normal/train_normal_00077.wav,0.0,15.304,15.304,"n/ 안녕하세요. 누구보다 빠른 교육, 귀에 쏙쏙 (학습센터)/(학습센타)입니다. n/ 수고가 많으십니다. n/ 네, 고객님 상담원 홍길동입니다. 무엇을 도와드릴까요? n/ 네, 제가 귀에 쏙쏙 학습기기를 홈쇼핑에서 구입을 했는데요? n/ 이해가 안 가는 부분이 좀 많아서*. n/ 다시 보기 기능이 없어서요. 아무리 찾아도 없네요.",SOURCE_TEXT,,False,,D60_J91,normal_source_01012,unassigned
train_normal_00078,train,normal,0,D60_J91_S00011241,D60_J91_S00011241_seg010,aihub,data\normal_aihub\prepared_diverse\audio\D60_J91_S00011241\D60_J91_S00011241_seg010.wav,audio/normal/train_normal_00078.wav,0.0,11.493,11.493,"n/ 네, 그렇죠. n/ 무거운 것만 빼면 학습기기 잘 산거 같아요. n/ 그럼, 수고하세요. 친절하게 상담해주셔서 감사합니다. n/ 네, 더 궁금하신 건 없으신가요? 좋은 하루 보내십시오.",SOURCE_TEXT,,False,,D60_J91,normal_source_01038,unassigned
train_normal_00079,train,normal,0,D60_J91_S00011241,D60_J91_S00011241_seg007,aihub,data\normal_aihub\prepared_diverse\audio\D60_J91_S00011241\D60_J91_S00011241_seg007.wav,audio/normal/train_normal_00079.wav,0.0,15.818,15.818,"n/ 친구가 형편이 어려워서 제 아이디 빌려 주려고 했는데 안 되겠군요. n/ 네, 알겠습니다. 근데 (1)/(하나) 건의해드리고 싶은 게 있어요. n/ 단말기가 너무 무거워요. n/ 좀 가볍게 만들어주시면 휴대용으로도 좋을 것 같아요. n/ 네, 개발팀에서 연구 중입니다. 소중한 의견 감사합니다.",SOURCE_TEXT,,False,,D60_J91,normal_source_01035,unassigned
train_normal_00080,train,normal,0,D60_J91_S00011263,D60_J91_S00011263_seg010,aihub,data\normal_aihub\prepared_diverse\audio\D60_J91_S00011263\D60_J91_S00011263_seg010.wav,audio/normal/train_normal_00080.wav,0.0,10.633,10.633,"n/ 네, 그렇지요. n/ 무거운 것만 빼면 학습기기 잘 산거 같아요. n/ 그럼 수고하세요. 친절하게 상담해주셔서 감사합니다. n/ 네, 더 궁금하신 건 없으신가요? 좋은 하루 보내십시오.",SOURCE_TEXT,,False,,D60_J91,normal_source_01048,unassigned
train_normal_00081,train,normal,0,D60_J91_S00011288,D60_J91_S00011288_seg006,aihub,data\normal_aihub\prepared_diverse\audio\D60_J91_S00011288\D60_J91_S00011288_seg006.wav,audio/normal/train_normal_00081.wav,0.0,15.014,15.014,"아/ 시간+ 시간을 좀 늘려줄 수는 없나요? n/ 네, 수업 (이탈률)/(이탈율) 방지를 위해 (10분)/(십 분)으로 지정되어 있습니다. n/ 아/ 네, 철저하네요 그래서 어딜 못 가겠어요. 로그아웃 될까 봐 무서워서요. n/ 근데 혹시 제 아이디 친구랑 같이 써도 되나요?",SOURCE_TEXT,,False,,D60_J91,normal_source_01073,unassigned
train_normal_00082,train,normal,0,D60_J91_S00011307,D60_J91_S00011307_seg010,aihub,data\normal_aihub\prepared_diverse\audio\D60_J91_S00011307\D60_J91_S00011307_seg010.wav,audio/normal/train_normal_00082.wav,0.0,11.623,11.623,"n/ 네, 그렇지요. n/ 무거운 것만 빼면 학습기기 잘 산거 같아요. n/ 그럼 수고하세요. 친절하게 상담해주셔서 감사합니다. n/ 네, 더 궁금하신 건 없으신가요? 좋은 하루 보내십시오.",SOURCE_TEXT,,False,,D60_J91,normal_source_01087,unassigned
train_normal_00083,train,normal,0,D60_J91_S00011307,D60_J91_S00011307_seg004,aihub,data\normal_aihub\prepared_diverse\audio\D60_J91_S00011307\D60_J91_S00011307_seg004.wav,audio/normal/train_normal_00083.wav,0.0,15.669,15.669,"n/ 돌아서면 까먹긴 할+ (하는데)/(한데) 들을 때는 재밌습니다. n/ 다행입니다. 고객님. n/ 그 매달 시험 치잖아요? n/ 시험을 안치고 넘어갈 수는 없나요? n/ 아/ 네, 꼭 시험을 쳐야 다음 단계로 넘어가긴 하더라고요. n/ 수업 듣는 건 재밌는데 시험이 너무 어려워요. n/ 시험 칠 때 책 보면서 하면 안 되겠죠?",SOURCE_TEXT,,False,,D60_J91,normal_source_01081,unassigned
train_normal_00084,train,normal,0,D60_J91_S00011317,D60_J91_S00011317_seg006,aihub,data\normal_aihub\prepared_diverse\audio\D60_J91_S00011317\D60_J91_S00011317_seg006.wav,audio/normal/train_normal_00084.wav,0.0,15.014,15.014,"n/ 로그아웃 안되게 설정할 수는 없나요? (10분)/(십 분) 동안 클릭 없으면 바로 로그아웃 되더라고요. n/ 시간을 좀 늘려줄 수는 없나요? n/ 네, 수업 (이탈률)/(이탈율) 방지를 위해 (10분)/(십 분)으로 지정되어 있습니다. n/ 네, 철저하네요. 그래서 어딜 못 가겠어요. 로그아웃 될까 봐 무서워서요.",SOURCE_TEXT,,False,,D60_J91,normal_source_01093,unassigned
train_normal_00085,train,normal,0,D60_J91_S00011328,D60_J91_S00011328_seg006,aihub,data\normal_aihub\prepared_diverse\audio\D60_J91_S00011328\D60_J91_S00011328_seg006.wav,audio/normal/train_normal_00085.wav,0.0,15.264,15.264,"n/ 네, 끝까지 마무리를 하셔야 해요. n/ 그렇군요. 공부하다가 볼일이 있어서 이것저것 하다 보면 로그아웃이 되어 있더라고요. n/ 로그아웃 안되게 설정할 수는 없나요? (10분)/(십 분) 동안 클릭 없으면 바로 로그아웃 되더라고요.",SOURCE_TEXT,,False,,D60_J91,normal_source_01103,unassigned
train_normal_00086,train,normal,0,D60_J91_S00011358,D60_J91_S00011358_seg011,aihub,data\normal_aihub\prepared_diverse\audio\D60_J91_S00011358\D60_J91_S00011358_seg011.wav,audio/normal/train_normal_00086.wav,0.0,10.834,10.834,"n/ 네, 그렇죠. n/ 무거운 것만 빼면 학습기기 잘 산거 같아요. n/ 그럼 수고하세요. 친절하게 상담해주셔서 감사합니다. n/ 네, 더 궁금하신 건 없으신가요? 좋은 하루 보내십시오.",SOURCE_TEXT,,False,,D60_J91,normal_source_01142,unassigned
train_normal_00087,train,normal,0,D60_J91_S00011385,D60_J91_S00011385_seg006,aihub,data\normal_aihub\prepared_diverse\audio\D60_J91_S00011385\D60_J91_S00011385_seg006.wav,audio/normal/train_normal_00087.wav,0.0,15.43,15.43,"n/ 네, 철저하네요. 그래서 어딜 못 가겠어요. 로그아웃 될까 봐 무서워서요. n/ 근데 혹시 제 아이디 친구랑 같이 써도 되나요? n/ 안됩니다. n/ 아/ 네, 그렇군요. 아무래도 진도나 개인 정보 같은 게 있어서 그런가 보네요. n/ 친구가 형편이 어려워서 제 아이디 빌려 주려고 했는데 안 되겠군요.",SOURCE_TEXT,,False,,D60_J91,normal_source_01148,unassigned
train_normal_00088,train,normal,0,D60_J91_S00011472,D60_J91_S00011472_seg004,aihub,data\normal_aihub\prepared_diverse\audio\D60_J91_S00011472\D60_J91_S00011472_seg004.wav,audio/normal/train_normal_00088.wav,0.0,15.547,15.547,"n/ 강사들이 말을 쉽게 설명 잘해주시더라고요. n/ 돌아서면 까먹긴 (하는데)/(한데) 들을 때는 재밌습니다. n/ 다행이네요. n/ 그 매달 시험 치잖아요? n/ 시험을 안치고 넘어갈 수는 없나요? n/ 아/ 네, 꼭 시험을 쳐야 다음 단계로 넘어가긴 하더라고요.",SOURCE_TEXT,,False,,D60_J91,normal_source_01155,unassigned
train_normal_00089,train,normal,0,D60_J91_S00011480,D60_J91_S00011480_seg001,aihub,data\normal_aihub\prepared_diverse\audio\D60_J91_S00011480\D60_J91_S00011480_seg001.wav,audio/normal/train_normal_00089.wav,0.0,15.302,15.302,"n/ 안녕하세요. 누구보다 빠른 교육, 귀에 쏙쏙 (학습센터)/(학습센타)입니다. n/ 수고가 많으십니다. n/ 네, 고객님 상담원 홍길동입니다. 무엇을 도와드릴까요? n/ 네, 제가 귀에 쏙쏙 학습기기를 홈쇼핑에서 구입을 했는데요? n/ 이해가 안 가는 부분이 좀 많아서요.",SOURCE_TEXT,,False,,D60_J91,normal_source_01163,unassigned
train_normal_00090,train,normal,0,D60_J91_S00011501,D60_J91_S00011501_seg009,aihub,data\normal_aihub\prepared_diverse\audio\D60_J91_S00011501\D60_J91_S00011501_seg009.wav,audio/normal/train_normal_00090.wav,0.0,12.783,12.783,"n/ 공부는 정말 끝이 없는 것 같아요. 배움의 기쁨을 또 요즘 다시 (1번)/(한 번) 느끼고 있습니다. n/ 네, (그렇지요)/(그러쳐). n/ 무거운 것만 빼면 학습기기는 잘 산 거 같아요. n/ 그럼 수고하세요. 친절하게 상담해주셔서 감사합니다. n/ 네, 더 궁금하신 건 없으신가요? 좋은 하루 보내십시오.",SOURCE_TEXT,,False,,D60_J91,normal_source_01180,unassigned
train_normal_00091,train,normal,0,D60_J91_S00011551,D60_J91_S00011551_seg008,aihub,data\normal_aihub\prepared_diverse\audio\D60_J91_S00011551\D60_J91_S00011551_seg008.wav,audio/normal/train_normal_00091.wav,0.0,15.068,15.068,n/ 돌 같은 거를 들고 다니는 기분이에요. n/ 요즘은 노트북도 가벼운데 개선이 필요할 것 같습니다. n/ 그리고 제가 학습기기 홈쇼핑에서 구매했는데 (1년)/(일 년) 약정을 하고 샀거든요. 그전에 해약하면 해지금이 발생하나요? n/ 아/ 절대 해지하면 안 되겠네요. (1년)/(일 년)은 공부 열심히 해야 되겠어요.,SOURCE_TEXT,,False,,D60_J91,normal_source_01199,unassigned
train_normal_00092,train,normal,0,D60_J91_S00011561,D60_J91_S00011561_seg003,aihub,data\normal_aihub\prepared_diverse\audio\D60_J91_S00011561\D60_J91_S00011561_seg003.wav,audio/normal/train_normal_00092.wav,0.0,15.705,15.705,"n/ 성적 삭제는 안 되나요? 누가 볼까 겁나서요. n/ 네, 성적 삭제는 안됩니다. n/ 이런/ 성적이 아주 엉망징창이라서 기록이 남는 게 민망하더라고요. n/ 그래도 교육은 재밌고 좋아요. n/ 강사들이 말을 쉽게 설명 잘해주시더라고요. n/ 돌아서면 까먹긴 (하는데)/(한데) 들을 때는 재밌습니다.",SOURCE_TEXT,,False,,D60_J91,normal_source_01203,unassigned
train_normal_00093,train,normal,0,D60_J91_S00011571,D60_J91_S00011571_seg003,aihub,data\normal_aihub\prepared_diverse\audio\D60_J91_S00011571\D60_J91_S00011571_seg003.wav,audio/normal/train_normal_00093.wav,0.0,15.254,15.254,n/ 그리고 제가 성적은 마이피+ 마이페이지에서 보면 되는 거죠? n/ 성적 삭제는 안 될까요? 누가 볼까 좀 무서운데. n/ 삭제는 안됩니다. n/ 아/ 성적이 너무 u/ 엉망이라서 기록이 남는 게 (민망하더라고요)/(민망하더라구요).,SOURCE_TEXT,,False,,D60_J91,normal_source_01212,unassigned
train_normal_00094,train,normal,0,D60_J91_S00011580,D60_J91_S00011580_seg002,aihub,data\normal_aihub\prepared_diverse\audio\D60_J91_S00011580\D60_J91_S00011580_seg002.wav,audio/normal/train_normal_00094.wav,0.0,15.156,15.156,"n/ 다시 보기 기능이 없어서요. 아무리 찾아도 없네요. n/ 네, 과목 카테고리에서 동영상 터치하시면 다시 보기 버튼 나옵니다. n/ 아/ 그렇게 하는 거군요. 어쩐지 있을 거 같은데 아무리 찾아봐도 없더라고요. n/ 학습기기가 사용하기 쉬운 편은 아닌 거 같아요.",SOURCE_TEXT,,False,,D60_J91,normal_source_01221,unassigned
train_normal_00095,train,normal,0,D60_J91_S00011589,D60_J91_S00011589_seg010,aihub,data\normal_aihub\prepared_diverse\audio\D60_J91_S00011589\D60_J91_S00011589_seg010.wav,audio/normal/train_normal_00095.wav,0.0,11.078,11.078,"n/ 네, 그렇지요. n/ 무거운 것만 빼면 학습기기가 잘 산거 같아요. n/ 그럼, 수고하세요. 친절하게 상담해주셔서 감사합니다. n/ 네, 더 궁금하신 건 없으신가요? 좋은 하루 보내십시오.",SOURCE_TEXT,,False,,D60_J91,normal_source_01239,unassigned
train_normal_00096,train,normal,0,D60_J91_S00011598,D60_J91_S00011598_seg003,aihub,data\normal_aihub\prepared_diverse\audio\D60_J91_S00011598\D60_J91_S00011598_seg003.wav,audio/normal/train_normal_00096.wav,0.0,15.177,15.177,n/ 성적 삭제는 안 되나요? 누가 볼까 겁나서요. n/ 삭제는 안됩니다. n/ u/ 성적이 아주 엉망징창이라서 기록이 남는 게 민망하더라고요. n/ 그래도 교육은 재밌고 좋아요. n/ 강사들이 말을 쉽게 설명 잘해주시더라고요. n/ 돌아서면 까먹긴 (하는데)/(한데) 들을 때는 재밌습니다. n/ 다행입니다.,SOURCE_TEXT,,False,,D60_J91,normal_source_01242,unassigned
train_normal_00097,train,normal,0,D60_J91_S00011618,D60_J91_S00011618_seg011,aihub,data\normal_aihub\prepared_diverse\audio\D60_J91_S00011618\D60_J91_S00011618_seg011.wav,audio/normal/train_normal_00097.wav,0.0,10.336,10.336,"n/ 네, 그렇죠. n/ 무거운 것만 빼면 학습기기 잘 산거 같아요. n/ 그럼 수고하세요. 친절하게 상담해주셔서 감사합니다. n/ 네, 더 궁금하신 건 없으신가요? 좋은 하루 보내십시오.",SOURCE_TEXT,,False,,D60_J91,normal_source_01259,unassigned
train_normal_00098,train,normal,0,D60_J91_S00011667,D60_J91_S00011667_seg002,aihub,data\normal_aihub\prepared_diverse\audio\D60_J91_S00011667\D60_J91_S00011667_seg002.wav,audio/normal/train_normal_00098.wav,0.0,15.437,15.437,"n/ 다시 보기 기능이 없어서요. 아무리 찾아도 없네요 n/ 네, 과목 카테고리에서 동영상 터치하시면 다시 보기 버튼 나옵니다. n/ 아/ 그렇게 하는 거군요. 어쩐지 있을 거 같은데 아무리 찾아봐도 없더라고요. n/ 학습기기가 사용하기 쉬운 편은 아닌 거 같아요.",SOURCE_TEXT,,False,,D60_J91,normal_source_01261,unassigned
train_normal_00099,train,normal,0,D60_J91_S00011667,D60_J91_S00011667_seg001,aihub,data\normal_aihub\prepared_diverse\audio\D60_J91_S00011667\D60_J91_S00011667_seg001.wav,audio/normal/train_normal_00099.wav,0.0,16.361,16.361,"n/ 안녕하세요. 누구보다 빠른 교육, 귀에 쏙쏙 (학습센터)/(학습센타)입니다. n/ 수고가 많으십니다. n/ 네, 고객님 상담원 홍길동입니다. 무엇을 도와드릴까요? n/ 네, 제가 귀에 쏙쏙 학습기기를 홈쇼핑에서 구입을 했는데요? n/ 이해가 안 가는 부분이 좀 많아서요.",SOURCE_TEXT,,False,,D60_J91,normal_source_01260,unassigned
train_normal_00100,train,normal,0,D60_J91_S00012586,D60_J91_S00012586_seg010,aihub,data\normal_aihub\prepared_diverse\audio\D60_J91_S00012586\D60_J91_S00012586_seg010.wav,audio/normal/train_normal_00100.wav,0.0,15.413,15.413,"n/ 매달 (10일)/(십 일)입니다. n/ 거기 업체에 김미니 님이라고 제가 아는 수학선생님이 다니는 걸로 알고 있는데 그분으로 배정해 주실 수 있나요? n/ 그럼 당장 다음 주부터 시작하는 걸로 하고, 입금은 다음 달 (10일)/(십 일)에 해드릴게요. 카드 결제도 가능한가요?",SOURCE_TEXT,,False,,D60_J91,normal_source_01300,unassigned
train_normal_00101,train,normal,0,D60_J91_S00012586,D60_J91_S00012586_seg007,aihub,data\normal_aihub\prepared_diverse\audio\D60_J91_S00012586\D60_J91_S00012586_seg007.wav,audio/normal/train_normal_00101.wav,0.0,16.502,16.502,n/ 몇 시로 해드릴까요? n/ 아/ 화요일은 하교하고 수영 학원에 가는 날이네요. 격 주로 가는 거라 제가 잠시 착각했어요. n/ 그럼 매주 수요일 열+ (16시)/(십 육 시)로 부탁드립니다. 하교 시간은 (15시)/(십 오 시)라서 (16시)/(십 육 시)가 딱 적당할 것 같아요. n/ 알겠습니다.,SOURCE_TEXT,,False,,D60_J91,normal_source_01297,unassigned
train_normal_00102,train,normal,0,D60_J91_S00012597,D60_J91_S00012597_seg009,aihub,data\normal_aihub\prepared_diverse\audio\D60_J91_S00012597\D60_J91_S00012597_seg009.wav,audio/normal/train_normal_00102.wav,0.0,15.957,15.957,"n/ 네, 서로 다른 분이 배정될 겁니다. n/ 그럼 매주 목요일 (16시)/(십 육 시) (30분)/(삼십 분)으로 수학도 같이 신청할게요. 수학은 얼마인가요? n/ 수학은 매달 (40000)/(사만 원)입니다. n/ 그럼 한자 (60000)/(육만 원)에 수학 (40000)/(사만 원)이니 (100000)/(십만 원)이네요. 매달 며칠에 입금해 드리면 되나요?",SOURCE_TEXT,,False,,D60_J91,normal_source_01310,unassigned
train_normal_00103,train,normal,0,D60_J91_S00012608,D60_J91_S00012608_seg010,aihub,data\normal_aihub\prepared_diverse\audio\D60_J91_S00012608\D60_J91_S00012608_seg010.wav,audio/normal/train_normal_00103.wav,0.0,11.167,11.167,"n/ 그럼 신경 써서 한자수업은 다정하신 선생님으로 잘 좀 배정 부탁드릴게요. n/ 알겠습니다. n/ 이것저것 궁금한 게 많았는데, 친절하게 상담해 주셔서 감사합니다. n/ 우리 아이 학습지 상담원 홍길동이었습니다.",SOURCE_TEXT,,False,,D60_J91,normal_source_01322,unassigned
train_normal_00104,train,normal,0,D60_J91_S00012619,D60_J91_S00012619_seg010,aihub,data\normal_aihub\prepared_diverse\audio\D60_J91_S00012619\D60_J91_S00012619_seg010.wav,audio/normal/train_normal_00104.wav,0.0,15.984,15.984,"n/ 매달 (10일)/(십 일)입니다. n/ 거기 업체에 김미니 님이라고 제가 아는 수학선생님이 다니는 걸로 알고 있는데 그분으로 배정해 주실 수 있나요? n/ 그럼 당장 다음 주부터 시작하는 걸로 하고, 입금은 다음 달 (10일)/(십 일)에 해드릴게요. 카드 결제도 가능한가요?",SOURCE_TEXT,,False,,D60_J91,normal_source_01332,unassigned
train_normal_00105,train,normal,0,D60_J91_S00012630,D60_J91_S00012630_seg011,aihub,data\normal_aihub\prepared_diverse\audio\D60_J91_S00012630\D60_J91_S00012630_seg011.wav,audio/normal/train_normal_00105.wav,0.0,12.633,12.633,"n/ 그럼 신경 써서 한자수업은 다정하신 선생님으로 잘 좀 배정 부탁드릴게요. n/ 알겠습니다. n/ 이것저것 궁금한 게 많았는데, 친절하게 상담해 주셔서 감사합니다. n/ 우리 아이 학습지 상담원 홍길동이었습니다.",SOURCE_TEXT,,False,,D60_J91,normal_source_01344,unassigned
train_normal_00106,train,normal,0,D60_J91_S00012641,D60_J91_S00012641_seg010,aihub,data\normal_aihub\prepared_diverse\audio\D60_J91_S00012641\D60_J91_S00012641_seg010.wav,audio/normal/train_normal_00106.wav,0.0,13.697,13.697,"n/ 네, 가능합니다. 대신 현금영수증은 안 됩니다. n/ 그럼 신경 써서 한자수업은 다정하신 선생님으로 잘 좀 배정 부탁드릴게요. n/ 알겠습니다. n/ 이것저것 궁금한 게 많았는데, 친절하게 상담해 주셔서 감사합니다. n/ 우리 아이 학습지 상담원 홍길동이었습니다.",SOURCE_TEXT,,False,,D60_J91,normal_source_01354,unassigned
train_normal_00107,train,normal,0,D60_J91_S00012652,D60_J91_S00012652_seg010,aihub,data\normal_aihub\prepared_diverse\audio\D60_J91_S00012652\D60_J91_S00012652_seg010.wav,audio/normal/train_normal_00107.wav,0.0,10.799,10.799,"n/ 그럼 신경 써서 한자수업은 다정하신 선생님으로 잘 좀 배정 부탁드릴게요. n/ 알겠습니다. n/ 이것저것 궁금한 게 많았는데, 친절하게 상담해 주셔서 감사합니다. n/ 우리 아이 학습지 상담원 홍길동이었습니다.",SOURCE_TEXT,,False,,D60_J91,normal_source_01364,unassigned
train_normal_00108,train,normal,0,D60_J91_S00012663,D60_J91_S00012663_seg010,aihub,data\normal_aihub\prepared_diverse\audio\D60_J91_S00012663\D60_J91_S00012663_seg010.wav,audio/normal/train_normal_00108.wav,0.0,12.007,12.007,"n/ 그럼 신경 써서 한자수업은 다정하신 선생님으로 잘+ 배정+ 잘 좀 배정 부탁드릴게요. n/ 알겠습니다. n/ 이것저것 궁금한 게 많았는데, 친절하게 상담해 주셔서 감사합니다. n/ 우리 아이 학습지 상담원 홍길동이었습니다.",SOURCE_TEXT,,False,,D60_J91,normal_source_01374,unassigned
train_normal_00109,train,normal,0,D60_J91_S00012696,D60_J91_S00012696_seg006,aihub,data\normal_aihub\prepared_diverse\audio\D60_J91_S00012696\D60_J91_S00012696_seg006.wav,audio/normal/train_normal_00109.wav,0.0,15.499,15.499,"n/ 전달하겠습니다. n/ 아이가 하고+ 하교하면 곧장 태권도 학원에 갔다가 피아노 학원에 가는데, 아이 스케줄에 맞춰서 요일을 정해도 되나요? n/ 네 가능합니다. 대신 현금영수증은 안 됩니다. n/ 그럼 화요일로 할게요. 일정 가능한지 확인 부탁드려요.",SOURCE_TEXT,,False,,D60_J91,normal_source_01402,unassigned
train_normal_00110,train,normal,0,D60_J91_S00012718,D60_J91_S00012718_seg008,aihub,data\normal_aihub\prepared_diverse\audio\D60_J91_S00012718\D60_J91_S00012718_seg008.wav,audio/normal/train_normal_00110.wav,0.0,15.057,15.057,"n/ 아이가 수학을 잘 못하는데, 수학도 같이 하+ 신청하고 싶네요. 그럼 한자 선생님과 수학선생님이 다른 분인가요? n/ 네 서로 다른 분이 배정될 겁니다. n/ 그럼 매주 목요일 (16시)/(십 육 시) (30분)/(삼십 분)으로 수학도 같이+ 같이 신청할게요. 수학은 얼마인가요?",SOURCE_TEXT,,False,,D60_J91,normal_source_01425,unassigned
train_normal_00111,train,normal,0,D60_J91_S00012740,D60_J91_S00012740_seg010,aihub,data\normal_aihub\prepared_diverse\audio\D60_J91_S00012740\D60_J91_S00012740_seg010.wav,audio/normal/train_normal_00111.wav,0.0,11.659,11.659,"n/ 그럼 신경 써서 한자수업은 다정하신 선생님으로 잘 좀 배정 부탁드릴게요. n/ 알겠습니다. n/ 이것저것 궁금한 게 많았는데, 친절하게 상담해 주셔서 감사합니다. n/ 우리 아이 학습지 상담원 홍길동이었습니다.",SOURCE_TEXT,,False,,D60_J91,normal_source_01447,unassigned
train_normal_00112,train,normal,0,D60_J91_S00012762,D60_J91_S00012762_seg007,aihub,data\normal_aihub\prepared_diverse\audio\D60_J91_S00012762\D60_J91_S00012762_seg007.wav,audio/normal/train_normal_00112.wav,0.0,15.096,15.096,"n/ 아이가 수학을 잘 못하는데, 수학도 같이 신청하고 싶네요. 그럼 한자 선생님과 수학선생님이 다른 분인가요? n/ 네 서로 다른 분이 배정될 겁니다. n/ 그럼 매주 목요일 (16시)/(열 여섯 시) (30분)/(삼십 분)으로 수학도 같이 신청할게요. 수학은 얼마인가요? n/ 수학은 매달 (40000원)/(사만 원)입니다.",SOURCE_TEXT,,False,,D60_J91,normal_source_01464,unassigned
train_normal_00113,train,normal,0,D60_J91_S00012773,D60_J91_S00012773_seg010,aihub,data\normal_aihub\prepared_diverse\audio\D60_J91_S00012773\D60_J91_S00012773_seg010.wav,audio/normal/train_normal_00113.wav,0.0,15.477,15.477,"n/ 매달 (10일)/(십 일)입니다. n/ 거기 업체에 김미니 님이라고 제가 아는 수학선생님이 다니는 걸로 아는데 그분으로 배정해 주실 수 있나요? n/ 그럼 당장 다음 주부터 시작하는 걸로 하고, 입금은 다음 달 (10일)/(십 일)에 해드릴게요. 카드 결제도 가능한가요?",SOURCE_TEXT,,False,,D60_J91,normal_source_01475,unassigned
train_normal_00114,train,normal,0,D60_J91_S00012784,D60_J91_S00012784_seg008,aihub,data\normal_aihub\prepared_diverse\audio\D60_J91_S00012784\D60_J91_S00012784_seg008.wav,audio/normal/train_normal_00114.wav,0.0,12.78,12.78,"n/ 네, 가능합니다. 대신 현금영수증은 안 됩니다. n/ 그럼 신경 써서 한자수업은 다정하신 선생님으로 잘 좀 배정 부탁드릴게요. n/ 알겠습니다. n/ 이것저것 궁금한 게 많았는데, 친절하게 상담해 주셔서 감사합니다. n/ 우리 아이 학습지 상담원 홍길동이었습니다.",SOURCE_TEXT,,False,,D60_J91,normal_source_01484,unassigned
train_normal_00115,train,normal,0,D60_J91_S00012795,D60_J91_S00012795_seg003,aihub,data\normal_aihub\prepared_diverse\audio\D60_J91_S00012795\D60_J91_S00012795_seg003.wav,audio/normal/train_normal_00115.wav,0.0,15.093,15.093,n/ 아이가 학교에서 한자시험을 봤는데 (80점)/(팔십 점)을 받아왔길래 정말 깜짝 놀랐거든요. 집에서 한자 공부를 시켜본 적이 없는데 생각보다 점수가 높게 나오더라고요. n/ 초등학교 (1학년)/(일 학년)은 한자 시험 준비도 같이 할 수 있나요? 주변에서 일찍 한자 공부나 자격증을 따두면 좋다고들 해서요.,SOURCE_TEXT,,False,,D60_J91,normal_source_01487,unassigned
train_normal_00116,train,normal,0,D60_J91_S00012806,D60_J91_S00012806_seg010,aihub,data\normal_aihub\prepared_diverse\audio\D60_J91_S00012806\D60_J91_S00012806_seg010.wav,audio/normal/train_normal_00116.wav,0.0,14.591,14.591,"n/ 네, 가능합니다. 대신 현금영수증은 안 됩니다. n/ 그럼 신경 써서 한자수업은 다정하신 선생님으로 잘 좀 배정 부탁드릴게요. n/ 알겠습니다. n/ 이것저것 궁금한 게 많았는데, 친절하게 상담해 주셔서 감사합니다. n/ 우리 아이 학습지 상담원 홍길동이었습니다.",SOURCE_TEXT,,False,,D60_J91,normal_source_01503,unassigned
train_normal_00117,train,normal,0,D60_J91_S00012849,D60_J91_S00012849_seg010,aihub,data\normal_aihub\prepared_diverse\audio\D60_J91_S00012849\D60_J91_S00012849_seg010.wav,audio/normal/train_normal_00117.wav,0.0,12.299,12.299,"n/ 알겠습니다. n/ 그럼 신경 써서 한자수업은 다정하신 선생님으로 잘 좀 배정 부탁드릴게요. n/ 이것저것 궁금한 게 많았는데, 친절하게 상담해 주셔서 감사합니다. n/ 우리 아이 학습지 상담원 홍길동이었습니다.",SOURCE_TEXT,,False,,D60_J91,normal_source_01513,unassigned
train_normal_00118,train,normal,0,D60_J91_S00012903,D60_J91_S00012903_seg010,aihub,data\normal_aihub\prepared_diverse\audio\D60_J91_S00012903\D60_J91_S00012903_seg010.wav,audio/normal/train_normal_00118.wav,0.0,15.04,15.04,"n/ 네, 가능합니다. 대신 현금영수증은 안 됩니다. n/ 그럼 신경 써서 한자수업은 다정하신 선생님으로 잘 좀 배정 부탁드릴게요. n/ 알겠습니다. n/ 이것저것 궁금한 게 많았는데, 친절하게 상담해 주셔서 감사합니다. n/ 우리 아이 학습지 상담원 홍길동이었습니다.",SOURCE_TEXT,,False,,D60_J91,normal_source_01533,unassigned
train_normal_00119,train,normal,0,D60_J91_S00012914,D60_J91_S00012914_seg006,aihub,data\normal_aihub\prepared_diverse\audio\D60_J91_S00012914\D60_J91_S00012914_seg006.wav,audio/normal/train_normal_00119.wav,0.0,16.118,16.118,"n/ 전달하겠습니다. n/ 아이가 하교하면 곧장 태권도 학원에 갔다가 피아노 학원에 가는데, 아이 스케줄에 맞춰서 요일을 정해도 되나요? n/ 네 가능합니다. 대신 현금영수증은 안 됩니다. n/ 그럼 화요일로 할게요. 일정 가능한지 확인 부탁드려요. n/ 몇 시로 해드릴까요?",SOURCE_TEXT,,False,,D60_J91,normal_source_01539,unassigned
train_normal_00120,train,normal,0,D60_J91_S00012925,D60_J91_S00012925_seg002,aihub,data\normal_aihub\prepared_diverse\audio\D60_J91_S00012925\D60_J91_S00012925_seg002.wav,audio/normal/train_normal_00120.wav,0.0,15.915,15.915,n/ 한국 한자와 일본어나 중국어에 들어가는 한자가 다르긴 하지만 뜻은 같습니다. n/ 그럼 한자와 일본어 (2가지)/(두 가지) 같이 학습지 시켜보려고 하는데요? n/ 선생님이 (2분)/(두 분)이 오시는 건가요? 아무래도 전문적인 학습지 업체이다 보니 선생님들도 전문적이겠지요?,SOURCE_TEXT,,False,,D60_J91,normal_source_01545,unassigned
train_normal_00121,train,normal,0,D60_J91_S00012947,D60_J91_S00012947_seg010,aihub,data\normal_aihub\prepared_diverse\audio\D60_J91_S00012947\D60_J91_S00012947_seg010.wav,audio/normal/train_normal_00121.wav,0.0,16.021,16.021,"n/ 매달 (10일)/(십 일)입니다. n/ 거기 업체에 김미니 님이라고 제가 아는 수학선생님이 다니는 걸로 알고 있는데 그분으로 배정해 주실 수 있나요? n/ 그럼 당장 다음 주부터 시작하는 걸로 하고, 입금은 다음 달 (10일)/(십 일)에 해드릴게요. 카드 결제도 가능한가요?",SOURCE_TEXT,,False,,D60_J91,normal_source_01573,unassigned
train_normal_00122,train,normal,0,D60_J91_S00012958,D60_J91_S00012958_seg011,aihub,data\normal_aihub\prepared_diverse\audio\D60_J91_S00012958\D60_J91_S00012958_seg011.wav,audio/normal/train_normal_00122.wav,0.0,13.005,13.005,"n/ 그럼 신경 써서 한자수업은 다정하신 선생님으로 잘 좀 배정 부탁드릴게요. n/ 알겠습니다. n/ 이것저것 궁금한 게 많았는데, 친절하게 상담해 주셔서 감사합니다. n/ 우리 아이 학습지 상담원 홍길동이었습니다.",SOURCE_TEXT,,False,,D60_J91,normal_source_01585,unassigned
train_normal_00123,train,normal,0,D60_J91_S00013081,D60_J91_S00013081_seg010,aihub,data\normal_aihub\prepared_diverse\audio\D60_J91_S00013081\D60_J91_S00013081_seg010.wav,audio/normal/train_normal_00123.wav,0.0,12.651,12.651,n/ 수업은 (40분)/(사십 분) 합니다. 조금 더 생각해 보세요. n/ 아/ 그렇군요. 알겠습니다. 다른데 (1곳)/(한 곳) 더 알아보고 결정해야겠네요. 상담 감사합니다. n/ 네. (1)/(한) 자 (1)/(한) 자 배우자 상담사 홍길동이었습니다.,SOURCE_TEXT,,False,,D60_J91,normal_source_01607,unassigned
train_normal_00124,train,normal,0,D60_J91_S00013096,D60_J91_S00013096_seg011,aihub,data\normal_aihub\prepared_diverse\audio\D60_J91_S00013096\D60_J91_S00013096_seg011.wav,audio/normal/train_normal_00124.wav,0.0,12.491,12.491,n/ 수업은 (40분)/(사십 분) 입니다. 조금 더 생각해 보세요 n/ 아/ 그렇군요. 알겠습니다. 다른데 (1곳)/(한 곳) 더 알아보고 결정해야겠네요. 상담 감사합니다. n/ 네. (1)/(한) 자 (1)/(한) 자 배우자 상담사 홍길동이었습니다.,SOURCE_TEXT,,False,,D60_J91,normal_source_01629,unassigned
train_normal_00125,train,normal,0,D60_J91_S00013139,D60_J91_S00013139_seg005,aihub,data\normal_aihub\prepared_diverse\audio\D60_J91_S00013139\D60_J91_S00013139_seg005.wav,audio/normal/train_normal_00125.wav,0.0,15.104,15.104,"n/ 예 그렇습니다. n/ 이게 과정별로 있어서 혼자 공부한 다음 정리하는+ 과정도 (있더라고요)/(있더라구요). n/ 이거는 다 학습하고+ 나서 복습 개념으로 다시 한번 훑어준다는+ 생각하고 하면 되는 거죠? n/ 네, 그렇습니다. n/ 학습지도 체계+ 체계적으로 할 수 있게 되어 있는 거 같아서 좋네요.",SOURCE_TEXT,,False,,D60_J91,normal_source_01634,unassigned
train_normal_00126,train,normal,0,D60_J91_S00013147,D60_J91_S00013147_seg013,aihub,data\normal_aihub\prepared_diverse\audio\D60_J91_S00013147\D60_J91_S00013147_seg013.wav,audio/normal/train_normal_00126.wav,0.0,14.005,14.005,n/ 수업은 (40분)/(사십 분) 합니다. 조금 더 생각해 보세요 n/ 아/ 그렇군요. 알겠습니다. 다른데 (1곳)/(한 곳) 더 알아보고 결정해야겠네요. 상담 감사합니다. n/ 네. (1)/(한) 자 (1)/(한) 배우자 상담사 홍길동이었습니다.,SOURCE_TEXT,,False,,D60_J91,normal_source_01651,unassigned
train_normal_00127,train,normal,0,D60_J91_S00013222,D60_J91_S00013222_seg001,aihub,data\normal_aihub\prepared_diverse\audio\D60_J91_S00013222\D60_J91_S00013222_seg001.wav,audio/normal/train_normal_00127.wav,0.0,15.541,15.541,"n/ 안녕하십니까. 한자 한자 배우자 학습지 상담사 홍길동입니다. n/ 네+ 안녕하세요. 한자 배워보고 싶어서요. n/ 중학교 때 한자 수업이 있었는데 그때는 한자를 왜 배워야 하는지 솔직히 잘 (모르겠더라고요)/(모르겠더라구요). n/ 네, 어릴 때니 그럴 수 있죠.+ u/ 근데 나이 들고 직장 생활하다 보니까 한자를 배워야 할 이유를 (알겠더라고요)/(알겠더라구요).",SOURCE_TEXT,,False,,D60_J91,normal_source_01652,unassigned
train_normal_00128,train,normal,0,D60_J91_S00013265,D60_J91_S00013265_seg012,aihub,data\normal_aihub\prepared_diverse\audio\D60_J91_S00013265\D60_J91_S00013265_seg012.wav,audio/normal/train_normal_00128.wav,0.0,12.619,12.619,n/ 수업은 (40분)/(사십 분) 합니다. 조금 더 생각해 보세요. n/ 아/ 그렇군요. 알겠습니다. 다른데 (1곳)/(한 곳) 더 알아보고 결정해야겠네요. 상담 감사합니다. n/ 네. (1)/(한) 자 (1)/(한) 자 배우자 상담사 홍길동이었습니다.,SOURCE_TEXT,,False,,D60_J91,normal_source_01672,unassigned
train_normal_00129,train,normal,0,D60_J91_S00013276,D60_J91_S00013276_seg012,aihub,data\normal_aihub\prepared_diverse\audio\D60_J91_S00013276\D60_J91_S00013276_seg012.wav,audio/normal/train_normal_00129.wav,0.0,12.28,12.28,n/ 수업은 (40분)/(사십 분) 합니다. 조금 더 생각해 보세요. n/ 아/ 그렇군요. 알겠습니다. 다른데 (1곳)/(한 곳) 더 알아보고 결정해야겠네요. 상담 감사합니다. n/ 네. (1)/(한) 자 (1)/(한) 자 배우자 상담사 홍길동이었습니다.,SOURCE_TEXT,,False,,D60_J91,normal_source_01684,unassigned
train_normal_00130,train,normal,0,D60_J91_S00013299,D60_J91_S00013299_seg009,aihub,data\normal_aihub\prepared_diverse\audio\D60_J91_S00013299\D60_J91_S00013299_seg009.wav,audio/normal/train_normal_00130.wav,0.0,10.219,10.219,"n/ 수업은 (40분)/(사십 분) 합니다. 조금 더 생각해 보세요 n/ 아/ 그렇군요. 알겠습니다. 다른데 (1곳)/(한 곳) 더 알아보고 결정해야겠네요. 상담 감사합니다. n/ 네, 한자 한자 배우자 상담사 홍길동이었습니다.",SOURCE_TEXT,,False,,D60_J91,normal_source_01693,unassigned
train_normal_00131,train,normal,0,D60_J91_S00013350,D60_J91_S00013350_seg010,aihub,data\normal_aihub\prepared_diverse\audio\D60_J91_S00013350\D60_J91_S00013350_seg010.wav,audio/normal/train_normal_00131.wav,0.0,12.774,12.774,"n/ 수업은 (40분)/(사십 분) 합니다. 조금 더 생각해 보세요. n/ 아/ 그렇군요. 알겠습니다. 다른데 (1곳)/(한 곳) 더 알아보고 결정해야겠네요. 상담 감사합니다. n/ 네, 한자 한자 배우자 상담사 홍길동이었습니다.",SOURCE_TEXT,,False,,D60_J91,normal_source_01703,unassigned
train_normal_00132,train,normal,0,D60_J91_S00013350,D60_J91_S00013350_seg007,aihub,data\normal_aihub\prepared_diverse\audio\D60_J91_S00013350\D60_J91_S00013350_seg007.wav,audio/normal/train_normal_00132.wav,0.0,15.264,15.264,"n/ 네, 맞습니다. n/ 그럼 선생님은 선택할 수도 있는 건가요? n/ 아/ 그럼 선생님은 선택할 수 없나 보네요. 근데 한자를 정말 하나도 몰라서 테스트받는 것도 부끄러워요. n/ 그렇군요. n/ 부끄러운데 꼭 테스트받아야 할까요? n/ 네, 필수 사항입니다.",SOURCE_TEXT,,False,,D60_J91,normal_source_01700,unassigned
train_normal_00133,train,normal,0,D60_J91_S00013392,D60_J91_S00013392_seg010,aihub,data\normal_aihub\prepared_diverse\audio\D60_J91_S00013392\D60_J91_S00013392_seg010.wav,audio/normal/train_normal_00133.wav,0.0,11.696,11.696,"n/ 수업은 (40분)/(사십 분) 합니다. 조금 더 생각해 보세요 n/ 아/ 그렇군요. 알겠습니다. 다른데 (1곳)/(한 곳) 더 알아보고 결정해야겠네요. 상담 감사합니다. n/ 네, 한자 한자 배우자 상담사 홍길동이었습니다.",SOURCE_TEXT,,False,,D60_J91,normal_source_01713,unassigned
train_normal_00134,train,normal,0,D60_J91_S00013392,D60_J91_S00013392_seg005,aihub,data\normal_aihub\prepared_diverse\audio\D60_J91_S00013392\D60_J91_S00013392_seg005.wav,audio/normal/train_normal_00134.wav,0.0,16.145,16.145,"n/ 그렇습니다. n/ 이게 과정별로 있어서 혼자 공부한 다음 정리 학습 과정도 (있더라고요)/(있더라구요). n/ 이거는 다 하고 나서 복습 개념으로 (1번)/(한 번) 다시+ 읊어준다는+ 생각을+ 하면 되는 거죠? n/ 네, 그렇습니다. n/ 학습지도 체계적으로 할 수 있게 되어서+ 좋은거+ 같네요.+",SOURCE_TEXT,,False,,D60_J91,normal_source_01708,unassigned
train_normal_00135,train,normal,0,D60_J91_S00013441,D60_J91_S00013441_seg009,aihub,data\normal_aihub\prepared_diverse\audio\D60_J91_S00013441\D60_J91_S00013441_seg009.wav,audio/normal/train_normal_00135.wav,0.0,15.522,15.522,"n/ 네, 그렇습니다. n/ 알겠습니다. 그럼 그냥 가정방문 학습지로 해야겠어요. 매주 화요일이나 목요일로+ 하고 싶은데 가능할까요? 퇴근하고 해야 하니 시간은 저녁 (7시)/(일곱 시) 정도가 되어야 할 것+ 같은데+ 너무 늦지 않나요?",SOURCE_TEXT,,False,,D60_J91,normal_source_01722,unassigned
train_normal_00136,train,normal,0,D60_J91_S00013535,D60_J91_S00013535_seg010,aihub,data\normal_aihub\prepared_diverse\audio\D60_J91_S00013535\D60_J91_S00013535_seg010.wav,audio/normal/train_normal_00136.wav,0.0,11.671,11.671,"n/ 수업은 (40분)/(사십 분) 합니다. 조금 더 생각해 보세요. n/ 아/ 그렇군요. 알겠습니다. 다른데 (1곳)/(한 곳) 더 알아보고 결정해야겠네요. 상담 감사합니다. n/ 네, 한자 한자 배우자 상담사 홍길동이었습니다.",SOURCE_TEXT,,False,,D60_J91,normal_source_01733,unassigned
train_normal_00137,train,normal,0,D60_J91_S00013582,D60_J91_S00013582_seg010,aihub,data\normal_aihub\prepared_diverse\audio\D60_J91_S00013582\D60_J91_S00013582_seg010.wav,audio/normal/train_normal_00137.wav,0.0,11.058,11.058,"n/ 수업은 (40분)/(사십 분) 합니다. 조금 더 생각해 보세요. n/ 아/ 그렇군요. 알겠습니다. 다른데 (1곳)/(한 곳) 더 알아보고 결정해야겠네요. 상담 감사합니다. n/ 네, 한자 한자 배우자 상담사 홍길동이었습니다.",SOURCE_TEXT,,False,,D60_J91,normal_source_01753,unassigned
train_normal_00138,train,normal,0,D60_J91_S00013597,D60_J91_S00013597_seg004,aihub,data\normal_aihub\prepared_diverse\audio\D60_J91_S00013597\D60_J91_S00013597_seg004.wav,audio/normal/train_normal_00138.wav,0.0,15.603,15.603,"n/ 네, 맞습니다. n/ 그렇다면 방문학습지는 가격이 조금 더 비싸겠어요. n/ 네, 그렇습니다. n/ 월 (2회)/(이 회) 전화로 학습관리해주는 학습지는 월 (22000원)/(이만 이천 원)이라고 본 거 같은데 정말 가격이 부담 없는 거 같아요. n/ 외식 (1번)/(한 번) 덜 한다 생각하고 이렇게 투자하는 것도 나쁘지 않은 거 같네요.",SOURCE_TEXT,,False,,D60_J91,normal_source_01757,unassigned
train_normal_00139,train,normal,0,D60_J91_S00013791,D60_J91_S00013791_seg004,aihub,data\normal_aihub\prepared_diverse\audio\D60_J91_S00013791\D60_J91_S00013791_seg004.wav,audio/normal/train_normal_00139.wav,0.0,15.673,15.673,"n/ 네, 맞습니다. n/ 그렇다면 방문학습지는 가격이 조금 비싸겠어요. n/ 네, 그렇습니다. n/ 월 (2회)/(이 회) 전화로 학습관리해주는 학습지는 월 (22000원)/(이만 이천 원)이라고 본 거 같은데 정말 가격이 부담 없는 거 같아요. n/ 외식 (1번)/(한 번) 덜 한다 생각하고 이렇게 투자하는 것도 나쁘지 않은 거 같네요.",SOURCE_TEXT,,False,,D60_J91,normal_source_01778,unassigned
train_normal_00140,train,normal,0,D60_J91_S00013897,D60_J91_S00013897_seg005,aihub,data\normal_aihub\prepared_diverse\audio\D60_J91_S00013897\D60_J91_S00013897_seg005.wav,audio/normal/train_normal_00140.wav,0.0,15.525,15.525,"n/ 그렇습니다. n/ 이게 과정별로 있어서 혼자 공부한 다음 정리 학습 과정도 (있더라고요)/(있더라구요). n/ 이거는 다 하고 나서 복습 개념으로 다시 한번 훑어준다 생각하고 하면 되는 거죠? n/ 네, 그렇습니다. n/ 학습지도 체계적으로 할 수 있게 되어 있는 거 같아서 좋네요.",SOURCE_TEXT,,False,,D60_J91,normal_source_01788,unassigned
train_normal_00141,train,normal,0,D60_J91_S00014010,D60_J91_S00014010_seg013,aihub,data\normal_aihub\prepared_diverse\audio\D60_J91_S00014010\D60_J91_S00014010_seg013.wav,audio/normal/train_normal_00141.wav,0.0,12.532,12.532,"n/ 수업은 (40분)/(사십 분) 합니다. 조금 더 생각해 보세요. n/ 아/ 그렇군요. 알겠습니다. 다른데 (1곳)/(한 곳) 더 알아보고 결정해야겠네요. 상담 감사합니다. n/ 네, 한자 한자 배우자 상담사 홍길동이었습니다.",SOURCE_TEXT,,False,,D60_J91,normal_source_01819,unassigned
train_normal_00142,train,normal,0,D60_J91_S00014021,D60_J91_S00014021_seg005,aihub,data\normal_aihub\prepared_diverse\audio\D60_J91_S00014021\D60_J91_S00014021_seg005.wav,audio/normal/train_normal_00142.wav,0.0,15.216,15.216,"n/ 그렇습니다. n/ 이게 과정별로 있어서 혼자 공부한 다음 정리 학습 과정도 (있더라고요)/(있더라구요). n/ 이거는 다 하고 나서 복습 개념으로 다시 한번 훑어준다 생각하고 하면 되는 거죠? n/ 네, 그렇습니다. n/ 학습지도 체계적으로 할 수 있게 되어 있는 거 같아서 좋네요.",SOURCE_TEXT,,False,,D60_J91,normal_source_01824,unassigned
train_normal_00143,train,normal,0,D60_J91_S00014958,D60_J91_S00014958_seg005,aihub,data\normal_aihub\prepared_diverse\audio\D60_J91_S00014958\D60_J91_S00014958_seg005.wav,audio/normal/train_normal_00143.wav,0.0,13.696,13.696,"n/ 자음 모음 순서대로 다+ 외우+ 다 배우고 그/ 한글의 원리 같은 것도 설명해 주시는 건가요? n/ 그러고 나서 배운 글을 토대로 문자 읽기, 신문 읽기 같은 것도 하는 건가요?",SOURCE_TEXT,,False,,D60_J91,normal_source_01856,unassigned
train_normal_00144,train,normal,0,D60_J91_S00014988,D60_J91_S00014988_seg005,aihub,data\normal_aihub\prepared_diverse\audio\D60_J91_S00014988\D60_J91_S00014988_seg005.wav,audio/normal/train_normal_00144.wav,0.0,15.394,15.394,n/ 수업이라고 하면 항상 대면 수업으로만 받아와서 인터넷 강의는 조금 생소할 수는 있겠어요. n/ 저도 그런데 할머니께서는 더 생소하실 거 같아요. 생소한 만큼 신기해할 수도 있을 거 같네요. 세상 참 좋아졌다며 좋아하실 거 같기도 해요.,SOURCE_TEXT,,False,,D60_J91,normal_source_01879,unassigned
train_normal_00145,train,normal,0,D60_J91_S00014998,D60_J91_S00014998_seg001,aihub,data\normal_aihub\prepared_diverse\audio\D60_J91_S00014998\D60_J91_S00014998_seg001.wav,audio/normal/train_normal_00145.wav,0.0,15.799,15.799,안녕하세요. 어르신 한글 공부 가르쳐준다고 하셔서 씁/ 전화했는데 정원 마감일까요? 다행이네요. 할머니께서 뒤늦게 한글 배우고+ 배워보고 싶다고 하셔서. 뒤늦게 무슨 한글 공부냐고 했지만 평생의 한이라고 꼭 배워보고 싶다고 하시네요.,SOURCE_TEXT,,False,,D60_J91,normal_source_01884,unassigned
train_normal_00146,train,normal,0,D60_J91_S00015058,D60_J91_S00015058_seg009,aihub,data\normal_aihub\prepared_diverse\audio\D60_J91_S00015058\D60_J91_S00015058_seg009.wav,audio/normal/train_normal_00146.wav,0.0,12.288,12.288,n/ 때마침 (2자리)/(두 자리) 남아있네요. 다행이네요. 어중간하게 오후에 수업하시면 시간 애매하다고 (싫어하실)/(싫어할) 거시 같았는데 오전부터 시작하면 괜찮을 거 같네요. 지금 바로 신청+ 신청해야겠어요. 오늘 하루도 수고하세요.,SOURCE_TEXT,,False,,D60_J91,normal_source_01930,unassigned
train_normal_00147,train,normal,0,D60_J91_S00015116,D60_J91_S00015116_seg004,aihub,data\normal_aihub\prepared_diverse\audio\D60_J91_S00015116\D60_J91_S00015116_seg004.wav,audio/normal/train_normal_00147.wav,0.0,15.701,15.701,n/ 인터넷 강의인데 어떤 식으로 문자 읽는 건지 궁금하네요. 아/ 인터넷 강의라고 해도 화상으로 서로 얼굴 보고하니까 선생님께서 화면으로 문자를 보여주시면 할머니께서 읽는 방식인건가요? n/ 수업이라고 하면 항상 대면 수업으로만 받아와서 인터넷 강의는 조금 생소할 수는 있겠어요.,SOURCE_TEXT,,False,,D60_J91,normal_source_01951,unassigned
train_normal_00148,train,normal,0,D60_J91_S00015157,D60_J91_S00015157_seg010,aihub,data\normal_aihub\prepared_diverse\audio\D60_J91_S00015157\D60_J91_S00015157_seg010.wav,audio/normal/train_normal_00148.wav,0.0,13.845,13.845,n/ 때마침 (2자리)/(두 자리)가 남아있네요. 다행이네요. 어중간하게 오후에 수업하시면 시간 애매하다고 싫어하실 거 같았는데 오전부터 시작하면 괜찮을 거 같네요. 지금 바로 신청해야겠어요. 오늘 (하루도)/(좋은하루) 수고하세요.,SOURCE_TEXT,,False,,D60_J91,normal_source_01983,unassigned
train_normal_00149,train,normal,0,D60_J91_S00015187,D60_J91_S00015187_seg003,aihub,data\normal_aihub\prepared_diverse\audio\D60_J91_S00015187\D60_J91_S00015187_seg003.wav,audio/normal/train_normal_00149.wav,0.0,15.34,15.34,"n/ 강의 시작 전 컴퓨터 전원 켜고, 끄고만 하면 되는 거죠? 다 준비해놓고 할머니 부르려고요. n/ 네, 그럼 아주 어려울 거는 없어 보이네요. 할머니 한글 공부 알아보니 저 어릴 때 한글 공부했던 기억이 나네요. n/ 자음 모음 순서대로 다 배우고 한글의 원리 같은 것도 설명해 주시는 건가요?",SOURCE_TEXT,,False,,D60_J91,normal_source_01994,unassigned
train_normal_00150,train,normal,0,D61_J92_S00000353,D61_J92_S00000353_seg007,aihub,data\normal_aihub\prepared_diverse\audio\D61_J92_S00000353\D61_J92_S00000353_seg007.wav,audio/normal/train_normal_00150.wav,0.0,15.823,15.823,제 친구 말로는 금방 될 때도 있는 데 며칠 씩 걸릴 때도 있다고 하던데요. 친구도 (4)/(사)흘 넘게 기다렸다고 (하더라고요)/(하더라구요). 거래 전 신분증 진위 확인 기간이 있습니다. 아/ 그러니까 계좌개설+ 계좌개설 자체는 금방 되는 거군 거고요.,SOURCE_TEXT,,False,,D61_J92,normal_source_02006,unassigned
train_normal_00151,train,normal,0,D61_J92_S00000385,D61_J92_S00000385_seg013,aihub,data\normal_aihub\prepared_diverse\audio\D61_J92_S00000385\D61_J92_S00000385_seg013.wav,audio/normal/train_normal_00151.wav,0.0,10.925,10.925,그렇죠? o/ 그렇습니다. 오늘 친절한 상담 감사합니다. 더 궁금한 사항은 없으십니까? n/ 네. 없어요. 또 궁금한 점 생기면 전화드릴게요.,SOURCE_TEXT,,False,,D61_J92,normal_source_02032,unassigned
train_normal_00152,train,normal,0,D61_J92_S00000393,D61_J92_S00000393_seg001,aihub,data\normal_aihub\prepared_diverse\audio\D61_J92_S00000393\D61_J92_S00000393_seg001.wav,audio/normal/train_normal_00152.wav,0.0,15.156,15.156,n/ 안녕하십니까 차연 증권 상담사 김연주입니다. 안녕하세요. 무엇을 도와드릴까요? 네 다름이 아니고 제가 주식에 대해서 좀 공부를 해볼까 하는데 인터넷에 보니까 먼저 증권 계좌를 개설해야 된+ 한다고 하더라고요.,SOURCE_TEXT,,False,,D61_J92,normal_source_02033,unassigned
train_normal_00153,train,normal,0,D61_J92_S00000435,D61_J92_S00000435_seg003,aihub,data\normal_aihub\prepared_diverse\audio\D61_J92_S00000435\D61_J92_S00000435_seg003.wav,audio/normal/train_normal_00153.wav,0.0,15.364,15.364,서명도 가능합니다. 제가 직접 갈 경우에는 서명으로도 대체할 수 있다는 말씀이죠? 잘 됐네요. 그거 말고 또 필요한 건요? (은행)/(으댕) 계좌 필요합니다. 증권 계좌랑 연동하는 은행 계좌가 필요하겠네요. 그럼 이건 꼭 주거래 은행 아니어도 상관 없죠? 안 쓰던 계좌로 해 볼 생각이라서요.,SOURCE_TEXT,,False,,D61_J92,normal_source_02046,unassigned
train_normal_00154,train,normal,0,D61_J92_S00000435,D61_J92_S00000435_seg007,aihub,data\normal_aihub\prepared_diverse\audio\D61_J92_S00000435\D61_J92_S00000435_seg007.wav,audio/normal/train_normal_00154.wav,0.0,16.119,16.119,실질적으로 증권계좌를 사용+ 할+ 사용하게 될 수 있다는 말씀이시네요? 그래서 기다리는 시간이 있을 수 있다는 거죠? 맞습니다. 직접 증권사에 가면 대면으로 신청하면 바로 거래까지 가능하고요. 빨리 거래를 하고 싶으면 대면 신청하는 편이 낫겠네요.,SOURCE_TEXT,,False,,D61_J92,normal_source_02050,unassigned
train_normal_00155,train,normal,0,D61_J92_S00000451,D61_J92_S00000451_seg005,aihub,data\normal_aihub\prepared_diverse\audio\D61_J92_S00000451\D61_J92_S00000451_seg005.wav,audio/normal/train_normal_00155.wav,0.0,16.139,16.139,모바일 어플리 케+ 케이션이나 직접 방문 설계만+ 개설만 가능한거죠? 개설 이후에 어플리케이션을 받아서 거래 할 생각이거든요. 아무래도 주식 거래 가 본업이 아니니 매일매일 붙잡고 있을 수가 없고 이동 중에도 간편하게 거래하려고요.,SOURCE_TEXT,,False,,D61_J92,normal_source_02058,unassigned
train_normal_00156,train,normal,0,D61_J92_S00000474,D61_J92_S00000474_seg007,aihub,data\normal_aihub\prepared_diverse\audio\D61_J92_S00000474\D61_J92_S00000474_seg007.wav,audio/normal/train_normal_00156.wav,0.0,15.01,15.01,이동 중에도 간편하게 거래하려고요 개설만 하고 어플리케이션 다운 받으면 모바일창으로 바로 거래가 가능한가요? n/ 폰에 공인인증서 설치하셔야 합니다. 공인인증서가 얼마 전에 만료된 걸로 기억하는데,SOURCE_TEXT,,False,,D61_J92,normal_source_02070,unassigned
train_normal_00157,train,normal,0,D61_J92_S00000474,D61_J92_S00000474_seg008,aihub,data\normal_aihub\prepared_diverse\audio\D61_J92_S00000474\D61_J92_S00000474_seg008.wav,audio/normal/train_normal_00157.wav,0.0,16.13,16.13,새로 재발급 받아야겠네요 n/ 만약에 모바일로 기술하면. 바로 만들어지고 그래도 가능한가요 제 친구말로는 금방 될 때도 있는데 며칠씩 걸릴 때도 있다고 하던데요 친구도 사흘 넘게 기다렸다 고 하더라고요,SOURCE_TEXT,,False,,D61_J92,normal_source_02071,unassigned
train_normal_00158,train,normal,0,D61_J92_S00000490,D61_J92_S00000490_seg011,aihub,data\normal_aihub\prepared_diverse\audio\D61_J92_S00000490\D61_J92_S00000490_seg011.wav,audio/normal/train_normal_00158.wav,0.0,13.14,13.14,그렇습니다. 오늘 친절한 상담 감사합니다. n/ 더 궁금한 사항은 없으십니까? n/ 네. 없어요. 또 궁금한 점 생기면 전화 드릴게요. n/ 감사합니다. 차연 증권 상담사 김연지였습니다.,SOURCE_TEXT,,False,,D61_J92,normal_source_02087,unassigned
train_normal_00159,train,normal,0,D61_J92_S00000527,D61_J92_S00000527_seg012,aihub,data\normal_aihub\prepared_diverse\audio\D61_J92_S00000527\D61_J92_S00000527_seg012.wav,audio/normal/train_normal_00159.wav,0.0,12.741,12.741,오늘 친절한 상담 감사합니다. 더 궁금한 사항은 없으십니까? 네 없어요. 또 궁금한 점이 생기면 전화 드릴게요. n/ 감사합니다. 차연 증권 상담사 @김연지였습니다.,SOURCE_TEXT,,False,,D61_J92,normal_source_02099,unassigned
train_normal_00160,train,normal,0,D61_J92_S00000557,D61_J92_S00000557_seg011,aihub,data\normal_aihub\prepared_diverse\audio\D61_J92_S00000557\D61_J92_S00000557_seg011.wav,audio/normal/train_normal_00160.wav,0.0,15.376,15.376,맞습니다. 직접 증권사에 가서 대면으로 신청하면 바로 거래까지 가능하고요? 빨리 거래를 하고 싶으면 대면 신청하는 편이 낫겟네요. 제가 주식 거래는 처음이라.,SOURCE_TEXT,,False,,D61_J92,normal_source_02110,unassigned
train_normal_00161,train,normal,0,D61_J92_S00000679,D61_J92_S00000679_seg006,aihub,data\normal_aihub\prepared_diverse\audio\D61_J92_S00000679\D61_J92_S00000679_seg006.wav,audio/normal/train_normal_00161.wav,0.0,15.192,15.192,"친구도 사흘 넘게 기다렸다고 (하더라고요)/(하더라구여). n/ 거래 전 신분증 진위 확인 기간 있습니다. n/ 아/ 그러니까 계사+ 계* 계좌 개설 자체는 금방 되는 (거고요)/(거구여)? n/ 모바일로 신청하는 경우에는 신분증 진위 여부가 확인되어야지 거래도 가능하고, n/ 실질적으로 증권계좌를 사용할+ 수+",SOURCE_TEXT,,False,,D61_J92,normal_source_02152,unassigned
train_normal_00162,train,normal,0,D61_J92_S00000679,D61_J92_S00000679_seg002,aihub,data\normal_aihub\prepared_diverse\audio\D61_J92_S00000679\D61_J92_S00000679_seg002.wav,audio/normal/train_normal_00162.wav,0.0,16.696,16.696,"n/ 비대면이라는건 어플 통해서 하는거 맞죠? n/ 그러면 증권사에 본인이 직접 가서 개설하는 경우에는 무슨 서류가 필요한가요? n/ 가급적이면 제가 직접 가서 개설하고 싶기는 한데 n/ 시간이 안 맞거나 너무 바쁘면 그냥 모바일로 (개설해보려고요)/(개설해보려구요). n/ 아마 본인 확인 위한 신분증 필요할 거고, 혹시 인감 도장도 있어야 할 지",SOURCE_TEXT,,False,,D61_J92,normal_source_02148,unassigned
train_normal_00163,train,normal,0,D61_J92_S00000746,D61_J92_S00000746_seg011,aihub,data\normal_aihub\prepared_diverse\audio\D61_J92_S00000746\D61_J92_S00000746_seg011.wav,audio/normal/train_normal_00163.wav,0.0,11.787,11.787,n/ 네 그렇습니다. 오늘 친절한 상담 감사합니다. n/ 더 궁금한 사항 없으십니까? 아/ 네. 없어요. 또 궁금한 점이 생기면 전화 드릴게요. b/ 감사합니다. 차연 증권 상담사 @김연지였습니다.,SOURCE_TEXT,,False,,D61_J92,normal_source_02179,unassigned
train_normal_00164,train,normal,0,D61_J92_S00001331,D61_J92_S00001331_seg012,aihub,data\normal_aihub\prepared_diverse\audio\D61_J92_S00001331\D61_J92_S00001331_seg012.wav,audio/normal/train_normal_00164.wav,0.0,12.907,12.907,신청일로부터 (3)/(삼)에서 (7일)/(칠 일) 정도 걸립니다. n/ 아/ 그럼 제가 딱 출장 가 있을 시기랑 겹치네요. 혹시 저 말고 직장동료가 받을 순 없나요? 성인이고 친인척이면 가능합니다.,SOURCE_TEXT,,False,,D61_J92,normal_source_02205,unassigned
train_normal_00165,train,normal,0,D61_J92_S00001588,D61_J92_S00001588_seg011,aihub,data\normal_aihub\prepared_diverse\audio\D61_J92_S00001588\D61_J92_S00001588_seg011.wav,audio/normal/train_normal_00165.wav,0.0,15.732,15.732,"제가 요즘 출장 잡혀있는게 너무 많아서 직접수령도 안될거 같은데, 신청일로부터 (3)/(삼)에서 (7일)/(칠 일)정도 걸립니다. 아/ 그럼 제가 딱 출장 가 있을 시기랑 겹치네요, 혹시 저 말고 직장동료가 받을 순 없나요? 성인이고 친인척이면 가능합니다.",SOURCE_TEXT,,False,,D61_J92,normal_source_02265,unassigned
train_normal_00166,train,normal,0,D61_J92_S00001602,D61_J92_S00001602_seg005,aihub,data\normal_aihub\prepared_diverse\audio\D61_J92_S00001602\D61_J92_S00001602_seg005.wav,audio/normal/train_normal_00166.wav,0.0,15.03,15.03,n/ 제가 또 따로 찾아봤는데 홈페이지 들어가서도 신청할 수 있고 n/ 휴대폰 어플에서도 신청할 수 있는거 같은데 n/ 보안어플도 깔고 그러라고 그래서 깔아봤는데 너무 복잡하더라고요. n/ 또 재발급 받으려면 공인인증서랑 신분증이랑 이것저것 필요한거 같던데,SOURCE_TEXT,,False,,D61_J92,normal_source_02287,unassigned
train_normal_00167,train,normal,0,D61_J92_S00001861,D61_J92_S00001861_seg008,aihub,data\normal_aihub\prepared_diverse\audio\D61_J92_S00001861\D61_J92_S00001861_seg008.wav,audio/normal/train_normal_00167.wav,0.0,15.741,15.741,"고객님 (cs80)/(씨 에스 팔 공) 카드 말+ 맞으신가요? 네, (cs80)/(씨 에스 팔 공) 카드 맞아요. 네, 수령하실 장소 말씀해주세요. @(4층)/(사 층) 건물이에요. 아/ 근데 제가 얼마 전에 자취를 새로 시작해서 거주지를 수정했었던 것 같았는데",SOURCE_TEXT,,False,,D61_J92,normal_source_02317,unassigned
train_normal_00168,train,normal,0,D61_J92_S00001870,D61_J92_S00001870_seg009,aihub,data\normal_aihub\prepared_diverse\audio\D61_J92_S00001870\D61_J92_S00001870_seg009.wav,audio/normal/train_normal_00168.wav,0.0,15.131,15.131,"고객님 이전 주소로 되어있어 변경했습니다. 네, 그럼. 아/ 저/ 근데 카드는 우편함이나 경비실로 오게 한 다음 제가 나중에 가서 수령해서 받아오는 건 안될까요? 안 그러면 좀 일이 복잡해져서요.",SOURCE_TEXT,,False,,D61_J92,normal_source_02332,unassigned
train_normal_00169,train,normal,0,D61_J92_S00001870,D61_J92_S00001870_seg002,aihub,data\normal_aihub\prepared_diverse\audio\D61_J92_S00001870\D61_J92_S00001870_seg002.wav,audio/normal/train_normal_00169.wav,0.0,16.424,16.424,"네, 가능합니다. 고객님. 성함과 연락처 말씀해주시죠. 제 이름은 김바보이고요. 연락처는 (01082829999)/(공 일 공 팔 이 팔 이 구 구 구 구)입니다. 카드사랑 카드명 부탁드립니다. 네, 제가 갖고 있는 카드 은행은 (cs)/(씨 에스)은행이고요. 카드 명은 (cs80)/(씨 에스 팔 공)입니다.",SOURCE_TEXT,,False,,D61_J92,normal_source_02325,unassigned
train_normal_00170,train,normal,0,D61_J92_S00001915,D61_J92_S00001915_seg012,aihub,data\normal_aihub\prepared_diverse\audio\D61_J92_S00001915\D61_J92_S00001915_seg012.wav,audio/normal/train_normal_00170.wav,0.0,15.206,15.206,"n/ 제가 다행히 이 (2개)/(두 개)는 아직까지는 잃어버리지는 않았거든요. n/ 네, 가능합니다. n/ 아/ 다행히네요. 안되면 어떡하지 고민하고 있었거든요. 그래도 걱정 한 시름 놨네요. 감사합니다. 네, 고객님. 추가로 더 궁금한 점은 없으신가요?",SOURCE_TEXT,,False,,D61_J92,normal_source_02348,unassigned
train_normal_00171,train,normal,0,D61_J92_S00001921,D61_J92_S00001921_seg012,aihub,data\normal_aihub\prepared_diverse\audio\D61_J92_S00001921\D61_J92_S00001921_seg012.wav,audio/normal/train_normal_00171.wav,0.0,15.285,15.285,"네, 고객님. 카드 수령은 본인 수령이나 가족, 친인척 대신 수령이 가능합니다. 아/ 그럼 그냥 수령 장소는 똑같이 제 자취방으로 하고요 수령인은 언니한테 부탁하는 게 나을 것 같아서 그냥 집으로 보내주세요.",SOURCE_TEXT,,False,,D61_J92,normal_source_02373,unassigned
train_normal_00172,train,normal,0,D61_J92_S00001974,D61_J92_S00001974_seg012,aihub,data\normal_aihub\prepared_diverse\audio\D61_J92_S00001974\D61_J92_S00001974_seg012.wav,audio/normal/train_normal_00172.wav,0.0,15.082,15.082,제가 성+ 성격이 너무 덜렁이라 저번 주에 주민 등록증을 잃어버려서 또 발급받아야 해서 찾아보니까 운전면허증도 되고 여권도 가능하다고 하던데 (2)/(둘) 다 가능한가요? 제가 다행히 이 (2개)/(두 개)는 아직까지는 잃어버리지는 않았거든요.,SOURCE_TEXT,,False,,D61_J92,normal_source_02401,unassigned
train_normal_00173,train,normal,0,D61_J92_S00001974,D61_J92_S00001974_seg007,aihub,data\normal_aihub\prepared_diverse\audio\D61_J92_S00001974\D61_J92_S00001974_seg007.wav,audio/normal/train_normal_00173.wav,0.0,17.727,17.727,"핸드폰 어플 깔아서 신청하기, 은행 가서 재발급하기, 전화 통화로 신청하기 있던데요? 아/ 네, 고객님. 지금 가능합니다. 아/ 네. 감사합니다. 그럼 저/ 지금 신청할게요. 카드는 제가 아까 앞에서 분실했다고 말씀드린 카드랑 같은 걸로 발급 부탁드릴게요.",SOURCE_TEXT,,False,,D61_J92,normal_source_02396,unassigned
train_normal_00174,train,normal,0,D61_J92_S00002013,D61_J92_S00002013_seg009,aihub,data\normal_aihub\prepared_diverse\audio\D61_J92_S00002013\D61_J92_S00002013_seg009.wav,audio/normal/train_normal_00174.wav,0.0,15.189,15.189,"고객님 이전 주소로 되어있어 변경했습니다. 네, 감사합니다. 아/ 저/ 근데 카드는 우편함이나 경비실로 오게 한 다음 제가 나중에 가서 수령해서 받아오는 건 안될까요? 안 그러면 좀 일이 복잡해져서요. 고객님 카드 수령은 직접 수령이 원칙이라 그건 어려울 것 같습니다.",SOURCE_TEXT,,False,,D61_J92,normal_source_02424,unassigned
train_normal_00175,train,normal,0,D61_J92_S00002029,D61_J92_S00002029_seg003,aihub,data\normal_aihub\prepared_diverse\audio\D61_J92_S00002029\D61_J92_S00002029_seg003.wav,audio/normal/train_normal_00175.wav,0.0,15.181,15.181,"n/ 카드 번호와 유효기간도 부탁드립니다. n/ 카드 번호는요. (8080)/(팔 공 팔 공) (0808)/(공 팔 공 팔) (8800)/(팔 팔 공 공) (0088)/(공 공 팔 팔)이고요. 유효기간은 (8월25일)/(팔 월 이십 오 일)입니다. n/ 네, 고객님. 지금 이 시간부터 카드 정지되셨습니다.",SOURCE_TEXT,,False,,D61_J92,normal_source_02430,unassigned
train_normal_00176,train,normal,0,D61_J92_S00002029,D61_J92_S00002029_seg004,aihub,data\normal_aihub\prepared_diverse\audio\D61_J92_S00002029\D61_J92_S00002029_seg004.wav,audio/normal/train_normal_00176.wav,0.0,16.551,16.551,n/ 아/ 감사합니다. 저/ 그럼 혹시 제가 카드 결제를 하면 오는 알람을 꺼놓기도 했고 지금 밖이라 시끄럽고 정신이 많이 없어서요. 오늘 오전 (8시)/(여덟 시)부터 지금까지 카드를 사용 한 사람이 있는지 확인 부탁드릴게요. 지금 핸드폰이 렉이 걸려서 작동이 잘 안 되네요.,SOURCE_TEXT,,False,,D61_J92,normal_source_02431,unassigned
train_normal_00177,train,normal,0,D61_J92_S00002095,D61_J92_S00002095_seg010,aihub,data\normal_aihub\prepared_diverse\audio\D61_J92_S00002095\D61_J92_S00002095_seg010.wav,audio/normal/train_normal_00177.wav,0.0,15.859,15.859,"네, 고객님. 카드 수령은 본인 수령이나 가족, 친인척 대신 수령이 가능합니다. n/ 아/ 그럼 그냥 수령 장소는 똑같이 제 자취방으로 하고요. 수령인은 언니한테 부탁하는 게 나을 것 같아서 그냥 집으로 보내주세요.",SOURCE_TEXT,,False,,D61_J92,normal_source_02462,unassigned
train_normal_00178,train,normal,0,D61_J92_S00004607,D61_J92_S00004607_seg007,aihub,data\normal_aihub\prepared_diverse\audio\D61_J92_S00004607\D61_J92_S00004607_seg007.wav,audio/normal/train_normal_00178.wav,0.0,15.253,15.253,"n/ 네, 고객님. 지금 가능합니다. n/ 아/ 네, 감사합니다. 그럼 저 지금 신청할게요. 카드는 제가 아까 앞에서 분실했다고 말씀드린 카드랑 같은 걸로 발급 부탁드릴게요. 고객님 (cs80)/(씨 에스 팔 공) 카드 맞으신가요?",SOURCE_TEXT,,False,,D61_J92,normal_source_02472,unassigned
train_normal_00179,train,normal,0,D61_J92_S00004717,D61_J92_S00004717_seg009,aihub,data\normal_aihub\prepared_diverse\audio\D61_J92_S00004717\D61_J92_S00004717_seg009.wav,audio/normal/train_normal_00179.wav,0.0,13.429,13.429,"네, 고객님. 카드 수령은 본인 수령이나 가족, 친인척 대신 수령이 가능합니다. n/ 아/ 그럼 그냥 수령 장소는 똑같이 제 자취방으로 하고요. 수령인은 언니한테 부탁하는 게 나을 것 같아서 그냥 집으로 보내주세요. 네, 고객님. 또 궁금하신 점 있으신가요?",SOURCE_TEXT,,False,,D61_J92,normal_source_02487,unassigned
train_normal_00180,train,normal,0,D61_J92_S00004724,D61_J92_S00004724_seg007,aihub,data\normal_aihub\prepared_diverse\audio\D61_J92_S00004724\D61_J92_S00004724_seg007.wav,audio/normal/train_normal_00180.wav,0.0,15.712,15.712,n/ 서울시 소파+ 송파구 새말로 (376)/(삼백 칠십 육) (14층)/(십 사 층) 건물이에요. 아/ 근데 제가 얼마 전에 자취를 새로 시작해서 거주지를 수정했었던 것 같은데 아/ 기억이 확실하게 잘 안 나서요. 현주소로 되어있는지 주소로+ 전에 주소로 되어있는지 확인 부탁드릴게요.,SOURCE_TEXT,,False,,D61_J92,normal_source_02496,unassigned
train_normal_00181,train,normal,0,D61_J92_S00004804,D61_J92_S00004804_seg009,aihub,data\normal_aihub\prepared_diverse\audio\D61_J92_S00004804\D61_J92_S00004804_seg009.wav,audio/normal/train_normal_00181.wav,0.0,16.614,16.614,"n/ 아/ 그래요? 제가 당분간 본가로 내려가 있고 제 친구가 자취방에 와서 지낼 예정이라 제가 카드를 직접 수령하기가 많이 어려운 상황인데요. 저 대신 친구가 수령하는 건 불가능한가요? n/ 네, 고객님. 카드 수령은 본인 수령이나 가족, 친인척 대신 수령이 가능합니다.",SOURCE_TEXT,,False,,D61_J92,normal_source_02509,unassigned
train_normal_00182,train,normal,0,D61_J92_S00006549,D61_J92_S00006549_seg001,aihub,data\normal_aihub\prepared_diverse\audio\D61_J92_S00006549\D61_J92_S00006549_seg001.wav,audio/normal/train_normal_00182.wav,0.0,15.481,15.481,n/ 안녕하십니까. 지우 카드 구준모 상담원입니다. n/ 네 안녕하세요. 제가 택시에 카드를 두고 내린 거 같은데 지금 제가 지방 출장 나와 있는 상황이라 카드를 찾을 수가 없는 상황이거든요. 그런데 카드 내역 확인이랑 카드 정지 요청 좀 하려고 하는데 전화로도 가능한가요?,SOURCE_TEXT,,False,,D61_J92,normal_source_02524,unassigned
train_normal_00183,train,normal,0,D61_J92_S00006810,D61_J92_S00006810_seg011,aihub,data\normal_aihub\prepared_diverse\audio\D61_J92_S00006810\D61_J92_S00006810_seg011.wav,audio/normal/train_normal_00183.wav,0.0,12.653,12.653,n/ 신청일로부터 (3)/(삼)에서 (7일)/(칠 일) 정도 걸립니다. n/ 아/ 그럼 제가 딱 출장 가 있을 시기랑 겹치네요. 혹시 저/ 말고 직장동료가 받을 순 없나요? n/ 성인이고 친인척이면 가능합니다.,SOURCE_TEXT,,False,,D61_J92,normal_source_02546,unassigned
train_normal_00184,train,normal,0,D61_J92_S00008510,D61_J92_S00008510_seg001,aihub,data\normal_aihub\prepared_diverse\audio\D61_J92_S00008510\D61_J92_S00008510_seg001.wav,audio/normal/train_normal_00184.wav,0.0,15.39,15.39,n/ 안녕하십니까. 지우 카드 구준모 상담원입니다. n/ 네 안녕하세요. 제가 택시에 카드를 두고 내린 거 같은데 지금 제가 지방 출장 나와 있는 상황이라 카드를 찾을 수가 없는 (상황이어서)/(상황이여서) 어/ 그런데 카드 내역 확인이랑 카드 정지 요청 좀 하려고 하는데 전화로도 가능한가요?,SOURCE_TEXT,,False,,D61_J92,normal_source_02550,unassigned
train_normal_00185,train,normal,0,D61_J92_S00008562,D61_J92_S00008562_seg001,aihub,data\normal_aihub\prepared_diverse\audio\D61_J92_S00008562\D61_J92_S00008562_seg001.wav,audio/normal/train_normal_00185.wav,0.0,15.75,15.75,n/ 안녕하십니까. 지우 카드 구준모 상담원입니다. n/ 네 안녕하세요. 제가 택시에 카드를 두고 내린 거 같은데 지금 제가 지방 출장 나와 있는 상황이라 카드를 찾을 수가 없는 (상황이어서)/(상황이여서) 그런데 카드 내역 확인이랑 카드 정지 요청 좀 하려고 하는데 전화로도 가능한가요?,SOURCE_TEXT,,False,,D61_J92,normal_source_02562,unassigned
train_normal_00186,train,normal,0,D61_J92_S00009213,D61_J92_S00009213_seg005,aihub,data\normal_aihub\prepared_diverse\audio\D61_J92_S00009213\D61_J92_S00009213_seg005.wav,audio/normal/train_normal_00186.wav,0.0,15.541,15.541,"n/ 그러면 제네시+ 제네시스로 할지 모하비로 할지 아직 정해지지는 않은 상태이거든요? 제가 언+ 다시 언제쯤 연락을 드려야 한도를 다시 안 봐도 될까요? n/ 일단 유력한 건 제네시스로 마음이 좀 더 가긴 해요,",SOURCE_TEXT,,False,,D61_J92,normal_source_02603,unassigned
train_normal_00187,train,normal,0,D61_J92_S00009289,D61_J92_S00009289_seg001,aihub,data\normal_aihub\prepared_diverse\audio\D61_J92_S00009289\D61_J92_S00009289_seg001.wav,audio/normal/train_normal_00187.wav,0.0,15.366,15.366,"n/ 안녕하십니까? (현태 캐피털)/(현태캐피탈) 유지연입니다. n/ 네, 안녕하세요. 저 신용 조회를 했었고요. 다만 조건을 좀 변경하려고 연락드렸어요. n/ 본인 확인부터 해야 하는 거죠? n/ 김창출이고요.주민번호는 (7502231234567)/(칠 오 공 이 이 삼 일 이 삼 사 오 육 칠)입니다. n/ 확인되셨나요?",SOURCE_TEXT,,False,,D61_J92,normal_source_02619,unassigned
train_normal_00188,train,normal,0,D61_J92_S00009300,D61_J92_S00009300_seg001,aihub,data\normal_aihub\prepared_diverse\audio\D61_J92_S00009300\D61_J92_S00009300_seg001.wav,audio/normal/train_normal_00188.wav,0.0,15.699,15.699,"n/ 안녕하십니까? (현태 캐피털)/(현태캐피탈) 유지연입니다. n/ 네, 안녕하세요. 저 신용 조회를 했었고요. 다만 조건을 좀 변경하려고 연락드렸어요. n/ 본인 확인부터 해야 하는 거죠? n/ 네, 저는 김창출이고요. 주민번호는 (7502231234567)/(칠 오 공 이 이 삼 일 이 삼 사 오 육 칠)입니다.",SOURCE_TEXT,,False,,D61_J92,normal_source_02628,unassigned
train_normal_00189,train,normal,0,D61_J92_S00009331,D61_J92_S00009331_seg004,aihub,data\normal_aihub\prepared_diverse\audio\D61_J92_S00009331\D61_J92_S00009331_seg004.wav,audio/normal/train_normal_00189.wav,0.0,16.101,16.101,n/ 저번에 너무 차분하고 친절하게 꼼꼼한 상담을 해주셔서 제가 공부 많이 된 것 같아요. 생각난 김에 감사합니다. n/ 그러면 제네시스로 할지 모하비로 할지 아직 정해지지는 않은 상태이거든요? 제가 다시 언제쯤 연락을 드려야 한도를 다시 안 봐도 될까요?,SOURCE_TEXT,,False,,D61_J92,normal_source_02640,unassigned
train_normal_00190,train,normal,0,D61_J92_S00009352,D61_J92_S00009352_seg007,aihub,data\normal_aihub\prepared_diverse\audio\D61_J92_S00009352\D61_J92_S00009352_seg007.wav,audio/normal/train_normal_00190.wav,0.0,15.136,15.136,"n/ 아/ 모하비는 금리 (5.9%)/(오 점 구 퍼센트)군요. 그럼 제네시스는요? n/ 아/ 동일하게 오점+ 금리 (5.9%)/(오 점 구 퍼센트)군요. n/ 아니, 그런데요? 혹시 금리를 좀 더 낮출 수는 없을까요? n/ 상담사님께서 (1번)/(한 번) 알아봐 주시겠어요?",SOURCE_TEXT,,False,,D61_J92,normal_source_02652,unassigned
train_normal_00191,train,normal,0,D61_J92_S00009446,D61_J92_S00009446_seg003,aihub,data\normal_aihub\prepared_diverse\audio\D61_J92_S00009446\D61_J92_S00009446_seg003.wav,audio/normal/train_normal_00191.wav,0.0,15.883,15.883,"n/ 네, 그러면 제네시스 (SUV)/(에스유브이) 있죠? 그걸로 봐주세요. 한도는 (max)/(맥스)로 어디까지 나오는지가 궁금해요. n/ 네, 물론이죠. 운전면허 정상적으로 가지고 있습니다. n/ 아/ 담보 설정 (100%)/(백 퍼센트) 잡고 차량을 (100000000)/(일 억)으로 봤을 때 (80000000원)/(팔천만 원)까지 한도가 가능하다는 말씀이시죠?",SOURCE_TEXT,,False,,D61_J92,normal_source_02659,unassigned
train_normal_00192,train,normal,0,D61_J92_S00009504,D61_J92_S00009504_seg012,aihub,data\normal_aihub\prepared_diverse\audio\D61_J92_S00009504\D61_J92_S00009504_seg012.wav,audio/normal/train_normal_00192.wav,0.0,10.279,10.279,"n/ 아/ 네, 혹시 휴대폰이 알뜰폰이어도 될까요? n/ 아/ 다행이네요. n/ 네, 더 문의하실 사항 있으신가요? n/ 아니요. n/ 네, 감사합니다.",SOURCE_TEXT,,False,,D61_J92,normal_source_02677,unassigned
train_normal_00193,train,normal,0,D61_J92_S00009504,D61_J92_S00009504_seg007,aihub,data\normal_aihub\prepared_diverse\audio\D61_J92_S00009504\D61_J92_S00009504_seg007.wav,audio/normal/train_normal_00193.wav,0.0,15.733,15.733,"n/ 아니, 그런데요. 혹시 금리를 좀 더 낮출 수는 없을까요? n/ 아/ 상담사님께서 (1번)/(한 번) 알아봐 주시겠어요? n/ 아/ 금리는 상담사님께서 할 수 있는 분야가 아니시군요. 그럼 제가 금리 상담을 하려면 어떻게 해야 하는 건가요?",SOURCE_TEXT,,False,,D61_J92,normal_source_02672,unassigned
train_normal_00194,train,normal,0,D61_J92_S00009535,D61_J92_S00009535_seg004,aihub,data\normal_aihub\prepared_diverse\audio\D61_J92_S00009535\D61_J92_S00009535_seg004.wav,audio/normal/train_normal_00194.wav,0.0,15.408,15.408,n/ 저번에 너무 차분하고 친절하게 꼼꼼한 상담을 해주셔서 제가 공부가 많이 된 것 같아요. 생각난 김에 감사합니다. n/ 그러면 제네시스로 할지 모하비로 할지 아직 정해지지 않은 상태이거든요? 제가 다시 언제쯤 연락을 드려야 한도를 다시 안 봐도 될까요?,SOURCE_TEXT,,False,,D61_J92,normal_source_02681,unassigned
train_normal_00195,train,normal,0,D61_J92_S00009576,D61_J92_S00009576_seg003,aihub,data\normal_aihub\prepared_diverse\audio\D61_J92_S00009576\D61_J92_S00009576_seg003.wav,audio/normal/train_normal_00195.wav,0.0,16.024,16.024,"n/ 저 혹시 제가 다른 차량으로 또 한도를 확인하면 모하비 한도까지 영향을 미칠 수가 있을까요? n/ 네, 그러면 제네시스 (SUV)/(에스유브이) 있죠? 그걸로 봐주세요. 한도는 (max)/(맥스)로 어디까지 나오는지가 궁금해요. n/ 네, 물론이죠. 운전면허 정상적으로 가지고 있습니다.",SOURCE_TEXT,,False,,D61_J92,normal_source_02698,unassigned
train_normal_00196,train,normal,0,D61_J92_S00009607,D61_J92_S00009607_seg002,aihub,data\normal_aihub\prepared_diverse\audio\D61_J92_S00009607\D61_J92_S00009607_seg002.wav,audio/normal/train_normal_00196.wav,0.0,15.414,15.414,"n/ 확인되셨나요? n/ 네, 다른 게 아니고 공동명의를 진행하려고 했는데 그냥 제 이름으로만 단독으로 진행하기로 했거든요. 그거 바꿔서 (1번)/(한 번) 더 봐주시겠어요? n/ 한도가 나오나요? n/ 아/ 모하비 차량으로 똑같이 (50000000원)/(오천만 원)이 가능하다는 말씀이시죠?",SOURCE_TEXT,,False,,D61_J92,normal_source_02707,unassigned
train_normal_00197,train,normal,0,D61_J92_S00009607,D61_J92_S00009607_seg003,aihub,data\normal_aihub\prepared_diverse\audio\D61_J92_S00009607\D61_J92_S00009607_seg003.wav,audio/normal/train_normal_00197.wav,0.0,16.889,16.889,"n/ 아/ 저 혹시 제가 다른 차량으로 또 한도를 확인하면 모하비 한도까지 영향을 미칠 수가 있을까요? n/ 네, 그러면 제네시스 (SUV)/(에스유브이) 있죠? 그걸로 봐주세요. 한도는 (max)/(맥스)로 어디까지 나오는지 궁금해요. n/ 네, 물론이죠. 운전면허 정상적으로 가지고 있습니다.",SOURCE_TEXT,,False,,D61_J92,normal_source_02708,unassigned
train_normal_00198,train,normal,0,D61_J92_S00009661,D61_J92_S00009661_seg004,aihub,data\normal_aihub\prepared_diverse\audio\D61_J92_S00009661\D61_J92_S00009661_seg004.wav,audio/normal/train_normal_00198.wav,0.0,16.014,16.014,n/ 저번에 너무 차분하고 친절하게 꼼꼼한 상담을 해주셔서 제가 공부가 많이 된 것 같아요. 생각난 김에 감사합니다. n/ 그러면 제네시로 할지 모하비로 할지 아직 정해지지는 않은 상태거든요. 제가 다시 언제쯤 연락을 드려야 한도를 다시 안 봐도 될까요?,SOURCE_TEXT,,False,,D61_J92,normal_source_02719,unassigned
train_normal_00199,train,normal,0,D61_J92_S00009661,D61_J92_S00009661_seg003,aihub,data\normal_aihub\prepared_diverse\audio\D61_J92_S00009661\D61_J92_S00009661_seg003.wav,audio/normal/train_normal_00199.wav,0.0,17.173,17.173,"n/ 네, 물론이죠. 운전면허 정상적으로 가지고 있습니다. n/ 아/ 담보 설정 (100%)/(백 퍼센트) 잡고 차량을 (100000000)/(일 억)으로 봤을 때 (80000000원)/(팔천만 원)까지 한도가 가능하다는 말씀이죠? n/ 아/ 네, 알고 있어요. 물론 저번에 말씀드렸던 아파트나 (4대)/(사 대) 보험이 동일한 경우+ 경우라는 것도 이젠 기본으로 알겠네요.",SOURCE_TEXT,,False,,D61_J92,normal_source_02718,unassigned
train_normal_00200,train,normal,0,D61_J92_S00009735,D61_J92_S00009735_seg005,aihub,data\normal_aihub\prepared_diverse\audio\D61_J92_S00009735\D61_J92_S00009735_seg005.wav,audio/normal/train_normal_00200.wav,0.0,17.232,17.232,n/ 아/ 일단 유력한 건 제네시스로 마음이 조금 더 가기는 해요. n/ 그럼 일단 제네시스로 두시고 제가 단독 명의나 차량이 바뀌는 경우가 생기면 다시 연락드리는 방향으로 진행하면 되겠네요. n/ 아/ 그런데 b/ 모하비도 그렇고 우리 금리 확인은 따로 안 했더라고요. 금리는 모하비는 어떻게 돼요?,SOURCE_TEXT,,False,,D61_J92,normal_source_02739,unassigned
train_normal_00201,train,normal,0,D61_J92_S00009871,D61_J92_S00009871_seg004,aihub,data\normal_aihub\prepared_diverse\audio\D61_J92_S00009871\D61_J92_S00009871_seg004.wav,audio/normal/train_normal_00201.wav,0.0,15.207,15.207,n/ 저번에 너무 차분하고 친절하게 꼼꼼한 상담을 해주셔서 제가 공부가 많이 된 것 같아요. 생각난 김에 감사합니다. n/ 그러면 제네시스로 할지 모하비로 할지 아직 정해지지는 않은 상태이거든요? 제가 다시 언제쯤 연락을 드려야 한도를 다시 안 봐도 될까요?,SOURCE_TEXT,,False,,D61_J92,normal_source_02774,unassigned
train_normal_00202,train,normal,0,D61_J92_S00009871,D61_J92_S00009871_seg002,aihub,data\normal_aihub\prepared_diverse\audio\D61_J92_S00009871\D61_J92_S00009871_seg002.wav,audio/normal/train_normal_00202.wav,0.0,16.784,16.784,"n/ 한도가 나오나요? n/ 아/ 모하비 차량으로 똑같이 (50000000원)/(오천만 원)이 가능하다는 말씀이시죠? n/ 저 혹시 제가 다른 차량으로 또 한도를 확인하면 모하비 한도까지 영향을 미칠 수가 있을까요? n/ 네, 그러면 제네시스 (SUV)/(에스유브이) 있죠? 그걸로 봐주세요. 한도는 (max)/(맥스)로 어디까지 나오는지가 궁금해요.",SOURCE_TEXT,,False,,D61_J92,normal_source_02772,unassigned
train_normal_00203,train,normal,0,D61_J92_S00009894,D61_J92_S00009894_seg004,aihub,data\normal_aihub\prepared_diverse\audio\D61_J92_S00009894\D61_J92_S00009894_seg004.wav,audio/normal/train_normal_00203.wav,0.0,15.721,15.721,"n/ 아/ 담보 설정 (100%)/(백 퍼센트) 잡고 차량을 (100000000억)/(일 억)으로 봤을 때 (80000000원)/(팔천만 원)까지 한도가 가능하다는 말씀이시죠? n/ 네, 알고 있어요. 물론 저번에 말씀드렸던 아파트나 (4대)/(사 대) 보험이 동일한 경우라는 것도 이젠 기본으로 알겠네요.",SOURCE_TEXT,,False,,D61_J92,normal_source_02783,unassigned
train_normal_00204,train,normal,0,D61_J92_S00009894,D61_J92_S00009894_seg001,aihub,data\normal_aihub\prepared_diverse\audio\D61_J92_S00009894\D61_J92_S00009894_seg001.wav,audio/normal/train_normal_00204.wav,0.0,17.328,17.328,"n/ 안녕하십니까? (현태 캐피털)/(현태캐피탈) 유지연입니다. n/ 네, 안녕하세요. 저 신용 조회를 했었고요. 다만 조건을 좀 변경하려고 연락드렸어요. n/ 본인 확인부터 해야 하는 거죠? n/ 네, 저는 김창출이고요. 주민번호는 (7502231234567)/(칠 오 공 이 이 삼 일 이 삼 사 오 육 칠)입니다.",SOURCE_TEXT,,False,,D61_J92,normal_source_02780,unassigned
train_normal_00205,train,normal,0,D61_J92_S00009914,D61_J92_S00009914_seg009,aihub,data\normal_aihub\prepared_diverse\audio\D61_J92_S00009914\D61_J92_S00009914_seg009.wav,audio/normal/train_normal_00205.wav,0.0,15.605,15.605,"n/ 네, 오늘도 알차게 상담해 주셨네요. 질문도 많고 요구도 많은 저랑 상담해 주시느라고 고생이 많으셨어요. n/ 아참/ 마지막으로 (1가지)/(한 가지)만 더 확인해도 될까요? 상담사님? 제가 단독으로 명의를 바꿀 때 말이죠. 서류도 따라서 바뀔 텐데 어떻게 바뀌는 건가요?",SOURCE_TEXT,,False,,D61_J92,normal_source_02798,unassigned
train_normal_00206,train,normal,0,D61_J92_S00013654,D61_J92_S00013654_seg008,aihub,data\normal_aihub\prepared_diverse\audio\D61_J92_S00013654\D61_J92_S00013654_seg008.wav,audio/normal/train_normal_00206.wav,0.0,15.181,15.181,n/ 네. 알겠습니다. 그러면 쿠폰 취소도 그렇고 적립금도 그렇고 다 해결된 거네요. 그런데 전산 오류에 왜 여러 번 나는 걸까요? 이 부분에 대해서 수정이 필요할 거 같네요 n/ 감사합니다. 상담 친절해주시고+ 상담 친절하게 잘해주시고 모든 일을 깔끔하게 처리해 주셔서 감사합니다.,SOURCE_TEXT,,False,,D61_J92,normal_source_02819,unassigned
train_normal_00207,train,normal,0,D61_J92_S00013654,D61_J92_S00013654_seg005,aihub,data\normal_aihub\prepared_diverse\audio\D61_J92_S00013654\D61_J92_S00013654_seg005.wav,audio/normal/train_normal_00207.wav,0.0,18.446,18.446,n/ 그러고 보니 어제 적립금 들어오는 날 아닌가요? n/ 왜 이것도 장기 우수 고객에게 주는 건데 (1달)/(한 달) 이용금액이 (1000000원)/(백만 원)을 넘길 경우 (50000원)/(오만 원) 적립금 주는 걸로 알고 있는데요? 매월 (15일)/(십 오 일)에 들어와야 하니까 어제 적립금이 들어와야 하는 날인데 저는 안 들어왔네요.,SOURCE_TEXT,,False,,D61_J92,normal_source_02816,unassigned
train_normal_00208,train,normal,0,D61_J92_S00013698,D61_J92_S00013698_seg006,aihub,data\normal_aihub\prepared_diverse\audio\D61_J92_S00013698\D61_J92_S00013698_seg006.wav,audio/normal/train_normal_00208.wav,0.0,16.16,16.16,n/ 네 실물 통장 안 보니까요. 나중에 혹시 필요하면 은행 방문하면 되잖아요. 그렇죠? n/ 개설하면서 처음 입금 금액은 (1000000원)/(백만 원)만 해주세요. 원래 쓰던 통장 있죠? 거기서 이체할게요. n/ 그리고 급여 통장은 제가 회사로 신청하는 거고 휴대폰 요금 자동이체를 이걸로 신청할게요. 그것도 전화로 되나요?,SOURCE_TEXT,,False,,D61_J92,normal_source_02825,unassigned
train_normal_00209,train,normal,0,D61_J92_S00013700,D61_J92_S00013700_seg004,aihub,data\normal_aihub\prepared_diverse\audio\D61_J92_S00013700\D61_J92_S00013700_seg004.wav,audio/normal/train_normal_00209.wav,0.0,16.117,16.117,n/ 그렇죠. 참 내 정신 좀 봐. 그런데 은행은 아파트 관리비 자동 이체하면 뭐 사은품이나 할인 챙겨주는 거 없나요? n/ 카드사는 뭐 매월 (10000원)/(만 원) 할인되고 기프티콘도 주고 하던데 뭐 없어요? n/ 그건 아는데 (3개월)/(삼 개월) 지났고 이사도 갔으니까 뭐 혜택 더 없나 궁금해서요. 뭐 없어요?,SOURCE_TEXT,,False,,D61_J92,normal_source_02830,unassigned
train_normal_00210,train,normal,0,D61_J92_S00013705,D61_J92_S00013705_seg007,aihub,data\normal_aihub\prepared_diverse\audio\D61_J92_S00013705\D61_J92_S00013705_seg007.wav,audio/normal/train_normal_00210.wav,0.0,13.237,13.237,"n/ 이제 종목 공부를 해봐야겠네요. 별다방, 페슬 라 말고 아는 게 없네요. 안 꼴라는 요즘 하락세라 위험할 거 같죠? 대박 해외 주식 같은 거 쫙 정리해 줬으면 좋겠네요. n/ 알았어요. 상담해 주느라 고생했어요. 오늘 하루도 파이팅입니다.",SOURCE_TEXT,,False,,D61_J92,normal_source_02840,unassigned
train_normal_00211,train,normal,0,D61_J92_S00013706,D61_J92_S00013706_seg006,aihub,data\normal_aihub\prepared_diverse\audio\D61_J92_S00013706\D61_J92_S00013706_seg006.wav,audio/normal/train_normal_00211.wav,0.0,15.712,15.712,n/ 왜죠? 저 항상 예수금 있었는데요. 그저껜가 잠깐 (5000000원)/(오백만 원) 출금했다가 다음날 아침에 바로 다시 넣었어요. 잔액이 있으니 출금이 되는 거 아닌가요? n/ 잔액이 없어도 출금이 된다고요? 무슨 시스템이 그래요? n/ 하루 차이 때문에 하루 미수금에 대해서 수수료가 나간다는 거예요?,SOURCE_TEXT,,False,,D61_J92,normal_source_02846,unassigned
train_normal_00212,train,normal,0,D61_J92_S00013713,D61_J92_S00013713_seg001,aihub,data\normal_aihub\prepared_diverse\audio\D61_J92_S00013713\D61_J92_S00013713_seg001.wav,audio/normal/train_normal_00212.wav,0.0,15.825,15.825,n/ 네. 안녕하세요. n/ 제가 여기 카드를 쓰고 있는데요? n/ 어제 홈스에서 아이 기저귀와 분유를 샀다가 배송이 늦을 거 같아서 오프라인으로 직접 구매하려고 취소를 했거든요. n/ 그런데 그 물건을 살 때 큰 나무 카드사에서 장기 우수 고객에게 주는 (20%)/(이십 퍼센트) 할인 쿠폰을 썼었어요.,SOURCE_TEXT,,False,,D61_J92,normal_source_02848,unassigned
train_normal_00213,train,normal,0,D61_J92_S00013739,D61_J92_S00013739_seg005,aihub,data\normal_aihub\prepared_diverse\audio\D61_J92_S00013739\D61_J92_S00013739_seg005.wav,audio/normal/train_normal_00213.wav,0.0,15.061,15.061,n/ 왜 이것도 장기 우수 고객에게 주는 건데 (1달)/(한 달) 이용금액이 (1000000원)/(백만 원)을 넘길 경우 (50000원)/(오만 원) 적립금을 주시는 걸로 알고 있는데요? n/ 매월 (15일)/(십 오 일)에 들어와야 하니까 어제 적립금이 들어와야 하는 날인데 저는 안 들어왔네요. n/ 문지윤입니다.,SOURCE_TEXT,,False,,D61_J92,normal_source_02859,unassigned
train_normal_00214,train,normal,0,D61_J92_S00013797,D61_J92_S00013797_seg006,aihub,data\normal_aihub\prepared_diverse\audio\D61_J92_S00013797\D61_J92_S00013797_seg006.wav,audio/normal/train_normal_00214.wav,0.0,16.036,16.036,n/ 그럼 신랑 통장으로 자동이체를 해야겠군요. 그렇게 해주세요. 아/ 본인이 전화해야 하나요? n/ 그럼 나중에 하라고 시켜야겠어요. 혹시 어플로도 신청 가능한가요? n/ 신랑은 젊게 살아서 어플로 모든 걸 다하더라고요. 그럼 어플로 하라고 해야겠어요. 제 아파트 관리비 자동이체는 그냥 해지해 주시겠어요?,SOURCE_TEXT,,False,,D61_J92,normal_source_02875,unassigned
train_normal_00215,train,normal,0,D61_J92_S00013803,D61_J92_S00013803_seg006,aihub,data\normal_aihub\prepared_diverse\audio\D61_J92_S00013803\D61_J92_S00013803_seg006.wav,audio/normal/train_normal_00215.wav,0.0,15.651,15.651,n/ 왜죠? 저 항상 예수금 있었는데요. 그저껜가 잠깐 (5000000원)/(오백만 원) 출금했다가 다음날 아침에 바로 다시 넣었어요. 잔액이 있으니 출금이 되는 거 아닌가요? 잔액이 없어도 출금이 된다고요? 무슨+ 무슨 시스템이 그래요? n/ 하루 차이 때문에 하루 미수금에 대해서 수수료가 나간다는 거예요?,SOURCE_TEXT,,False,,D61_J92,normal_source_02890,unassigned
train_normal_00216,train,normal,0,D61_J92_S00013829,D61_J92_S00013829_seg003,aihub,data\normal_aihub\prepared_diverse\audio\D61_J92_S00013829\D61_J92_S00013829_seg003.wav,audio/normal/train_normal_00216.wav,0.0,15.602,15.602,n/ 그게 뭐죠? n/ 아/ 통장이랑 카드 만들 때 기부 어쩌고 하던 게 그건가 보네요. n/ 기부하면 연말 정산할 때 (100%)/(백 퍼센트) 세액 공제된다고 좋다고 해서 한 건데 맞아요? n/ 그럼 그냥 그대로 두세요. 소액이라도 기부하면 힘든 분들에게는 도움이 되겠죠.,SOURCE_TEXT,,False,,D61_J92,normal_source_02894,unassigned
train_normal_00217,train,normal,0,D61_J92_S00013858,D61_J92_S00013858_seg006,aihub,data\normal_aihub\prepared_diverse\audio\D61_J92_S00013858\D61_J92_S00013858_seg006.wav,audio/normal/train_normal_00217.wav,0.0,16.424,16.424,n/ 네 실물 통장 안 보니까요. 나중에 혹시 필요하면 은행 방문하면 되잖아요. 그렇죠? n/ 개설하면서 처음 입금 금액은 (1000000원)/(백만 원)만 해주세요. 원래 쓰던 통장 있죠? 거기서 이체할게요. n/ 그리고 급여 통장은 제가 회사로 신청하는 거고 휴대폰 요금 자동이체를 이걸로 신청할게요. 그것도 전화로 되나요?,SOURCE_TEXT,,False,,D61_J92,normal_source_02911,unassigned
train_normal_00218,train,normal,0,D61_J92_S00013866,D61_J92_S00013866_seg006,aihub,data\normal_aihub\prepared_diverse\audio\D61_J92_S00013866\D61_J92_S00013866_seg006.wav,audio/normal/train_normal_00218.wav,0.0,15.451,15.451,n/ 왜죠? 저 항상 예수금 있었는데요. 그저껜가 잠깐 (5000000원)/(오백만 원) 출금했다가 다음날 아침에 바로 와서 다시 넣었어요. 잔액이 있으니 출금이 되는 거 아닌가요? n/ 잔액이 없어도 출금이 안 된다고요? 무슨 시스템이 그래요? n/ 하루 차이 때문에 하루 미수금에 대해서 수수료가 나간다는 거예요? n/ 증권거래 정말 복잡하네요.,SOURCE_TEXT,,False,,D61_J92,normal_source_02931,unassigned
train_normal_00219,train,normal,0,D61_J92_S00013894,D61_J92_S00013894_seg003,aihub,data\normal_aihub\prepared_diverse\audio\D61_J92_S00013894\D61_J92_S00013894_seg003.wav,audio/normal/train_normal_00219.wav,0.0,13.323,13.323,n/ 그럼 제대로 바뀐 거 맞지요? 이번 달부터 아파트 관리비도 자동으로 바뀐 걸로 나가나요? n/ 아이고 안 물어봤으면 미납될 뻔했네요. 물어보길 잘했네요. 아직 지로 안 나왔는데 곧 나오겠죠? 뭐.,SOURCE_TEXT,,False,,D61_J92,normal_source_02944,unassigned
train_normal_00220,train,normal,0,D61_J92_S00013894,D61_J92_S00013894_seg001,aihub,data\normal_aihub\prepared_diverse\audio\D61_J92_S00013894\D61_J92_S00013894_seg001.wav,audio/normal/train_normal_00220.wav,0.0,17.616,17.616,n/ 안녕하세요. 저 (5성)/(오 성) 은행 꾸준히 잘 이용하고 있는데요? 이번에 이사를 가서요. n/ 아파트 관리비 자동이체도 으/ (5성)/(오 성) 은행 통장으로 하는데 이사를 가서 관리사무소에 얘기했더니 그건 은행으로 얘기해야 한다고 해서요. n/ 주소 변경해주시고 처리 좀 해주시겠어요?,SOURCE_TEXT,,False,,D61_J92,normal_source_02942,unassigned
train_normal_00221,train,normal,0,D61_J92_S00013923,D61_J92_S00013923_seg006,aihub,data\normal_aihub\prepared_diverse\audio\D61_J92_S00013923\D61_J92_S00013923_seg006.wav,audio/normal/train_normal_00221.wav,0.0,15.413,15.413,n/ 그럼 신랑 통장으로 자동이체를 해야겠군요. 그렇게 해주세요. 아/ 본인이 전화해야 하나요? n/ 그럼 나중에 하라고 시켜야겠어요. 혹시 어플로도 신청 가능한가요? n/ 신랑은 젊게 살아서 어플로 모든 걸 다하더라고요. 그럼 어플로 하라고 해야겠어요. 제 아파트 관리비 자동이체는 그냥 해지해 주시겠어요?,SOURCE_TEXT,,False,,D61_J92,normal_source_02963,unassigned
train_normal_00222,train,normal,0,D61_J92_S00013928,D61_J92_S00013928_seg007,aihub,data\normal_aihub\prepared_diverse\audio\D61_J92_S00013928\D61_J92_S00013928_seg007.wav,audio/normal/train_normal_00222.wav,0.0,14.822,14.822,"n/ 이제 종목 공부를 좀 해봐야겠네요. 별다방, 페슬 라 말고 아는 게 없네요. 안 꼴라는 요즘 하락세라 위험할 거 같죠? 대박 해외 주+ 주식 같은 거 쫙 정리해 줬으면 좋겠네요. n/ 알았어요. 상담해 주느라 고생했어요. 오늘 하루도 파이팅입니다.",SOURCE_TEXT,,False,,D61_J92,normal_source_02971,unassigned
train_normal_00223,train,normal,0,D61_J92_S00013989,D61_J92_S00013989_seg002,aihub,data\normal_aihub\prepared_diverse\audio\D61_J92_S00013989\D61_J92_S00013989_seg002.wav,audio/normal/train_normal_00223.wav,0.0,17.696,17.696,n/ 그렇군요. 그럼 실시간+ 실시간 거래인 가요? n/ 아/ 그렇군요. 나라가 달라서 그런가 봐요. 그럼 미국 주식은 계좌를 별도로 개설해야 하나요? n/ 아예 처음부터 달러로 입금할 수는 없나요? 제가 달러가 좀 많아서요. 그럼 환전 수수료도 없고 좀 좋을 거 같은데. n/ 그렇군요. 해외 주식 중에 추천할만한 주식이 있으신가요?,SOURCE_TEXT,,False,,D61_J92,normal_source_02980,unassigned
train_normal_00224,train,normal,0,D61_J92_S00014016,D61_J92_S00014016_seg007,aihub,data\normal_aihub\prepared_diverse\audio\D61_J92_S00014016\D61_J92_S00014016_seg007.wav,audio/normal/train_normal_00224.wav,0.0,14.869,14.869,n/ 아/ 그렇군요. 은행에서 한 번에 되는 줄 알았네요. 그럼 어플로 하면 되고요. 이렇게 다 하면 금리 (2%)/(이 퍼센트) 적용되는 거 맞죠? n/ 그럼 한 번에 (5000000)/(오백만) 원 넣어도 되나요? n/ 좋네요. 금액 더 많이 넣어두면 그건 이율이 얼마인가요? 초과분은 금리 적겠죠? n/ 아/ 그럼 (5000000원)/(오백만 원)만 넣어둬야겠네요. 다 된 거죠? 고마워요.,SOURCE_TEXT,,False,,D61_J92,normal_source_03003,unassigned
train_normal_00225,train,normal,0,D61_J92_S00014018,D61_J92_S00014018_seg004,aihub,data\normal_aihub\prepared_diverse\audio\D61_J92_S00014018\D61_J92_S00014018_seg004.wav,audio/normal/train_normal_00225.wav,0.0,16.622,16.622,n/ 저/ (5성)/(오 성) 은행 우수 고객인데 달력 하나도 못 받나요? 슬픈 현실이네요. n/ 그럼 제가 아파트 관리비 다른 카드로 바꿨다가 다시 (5성)/(오 성) 카드로+ 은행으로 연결하면 (10000원)/(만 원)씩 (3개월)/(삼 개월) 할인 다시 받을 수 있나요? n/ 이전 이력이 남아서 안 되나요? n/ 그럼 저 말고 신랑 통장으로 하면요? 이름이 다르니 괜찮지 않나요?,SOURCE_TEXT,,False,,D61_J92,normal_source_03007,unassigned
train_normal_00226,train,normal,0,D61_J92_S00014033,D61_J92_S00014033_seg008,aihub,data\normal_aihub\prepared_diverse\audio\D61_J92_S00014033\D61_J92_S00014033_seg008.wav,audio/normal/train_normal_00226.wav,0.0,14.997,14.997,"n/ 이제 종목 공부를 해봐야겠네요. 별다방, 페슬 라 말고 아는 게 없네요. 안 꼴라는 요즘 하락세라 위험할 거 같죠? 대박 해외 주식 같은 거 쫙 정리해 줬으면 좋겠네요. 알았어요. 상담해 주느라 고생했어요. 오늘 하루도 파이팅입니다.",SOURCE_TEXT,,False,,D61_J92,normal_source_03030,unassigned
train_normal_00227,train,normal,0,D61_J92_S00014061,D61_J92_S00014061_seg007,aihub,data\normal_aihub\prepared_diverse\audio\D61_J92_S00014061\D61_J92_S00014061_seg007.wav,audio/normal/train_normal_00227.wav,0.0,15.931,15.931,n/ 아/ 그렇군요. 은행에 (1번)/(한 번)에 되는 줄 알았네요. 그럼 어플로 하면 되고요. 이렇게 다 하면 금리 (2%)/(이 퍼센트) 적용되는 거 맞죠? n/ 그럼 (1번)/(한 번)에 (5000000원)/(오백만 원) 넣어둬도 되나요? n/ 좋네요. 금액 더 많이 넣어두면 그건 이율이 얼마죠? 초과분은 금리 적겠죠? n/ 아/ 그럼 (5000000원)/(오백만 원)만 넣어둬야겠네요. 다 된 거죠? 고마워요.,SOURCE_TEXT,,False,,D61_J92,normal_source_03046,unassigned
train_normal_00228,train,normal,0,D61_J92_S00014094,D61_J92_S00014094_seg001,aihub,data\normal_aihub\prepared_diverse\audio\D61_J92_S00014094\D61_J92_S00014094_seg001.wav,audio/normal/train_normal_00228.wav,0.0,16.012,16.012,n/ 안녕하세요. 저 (5성)/(오 성) 은행 꾸준히 잘 이용하고 있는데요? 이번에 이사를 가서요. n/ 아파트 관리비 자동이체도 (5성)/(오 성) 은행 통장으로 하는데 이사를 가서 관리사무소에 얘기했더니 그건 은행으로 얘기해야 한다고 해서요. n/ 주소 변경해주시고 처리 좀 해주시겠어요?,SOURCE_TEXT,,False,,D61_J92,normal_source_03076,unassigned
train_normal_00229,train,normal,0,D61_J92_S00014099,D61_J92_S00014099_seg008,aihub,data\normal_aihub\prepared_diverse\audio\D61_J92_S00014099\D61_J92_S00014099_seg008.wav,audio/normal/train_normal_00229.wav,0.0,14.304,14.304,"n/ 이제 종목 공부를 해봐야겠네요. 별다방, 페슬 라 말고 아는 게 없네요. 안 꼴라는 요즘 하락세라 위험할 거 같죠? 대박 해외 주식 같은 거 쫙 정리해 줬으면 좋겠네요. n/ 알았어요. 상담해 주느라 고생했어요. 오늘 하루도 파이팅입니다.",SOURCE_TEXT,,False,,D61_J92,normal_source_03091,unassigned
train_normal_00230,train,normal,0,D61_J92_S00014100,D61_J92_S00014100_seg006,aihub,data\normal_aihub\prepared_diverse\audio\D61_J92_S00014100\D61_J92_S00014100_seg006.wav,audio/normal/train_normal_00230.wav,0.0,15.584,15.584,n/ 왜죠? 저 항상 예수금 있었는데요. 그저껜가 잠깐 (5000000원)/(오백만 원) 출금했다가 다음날 아침에 바로 다시 넣었어요. 잔액이 있으니 출금이 되는 거 아닌가요? n/ 잔액이 없어도 출금이 된다고요? 무슨 시스템이 그래요? n/ 하루 차이 때문에 하루 미수금에 대해서 수수료가 나간다는 거예요?,SOURCE_TEXT,,False,,D61_J92,normal_source_03097,unassigned
train_normal_00231,train,normal,0,D61_J92_S00014127,D61_J92_S00014127_seg006,aihub,data\normal_aihub\prepared_diverse\audio\D61_J92_S00014127\D61_J92_S00014127_seg006.wav,audio/normal/train_normal_00231.wav,0.0,15.035,15.035,n/ 그럼 제가 아파트 관리비 다른 카드로 바꿨다가 다시 (5성)/(오 성) 은행으로 연결하면 (10000원)/(만 원)씩 (3개월)/(삼 개월) 할인 다시 받을 수 있나요? n/ 이전 이력이 남아서 안 되나요? n/ 그럼 저 말고 신랑 통장으로 하면요? 이름이 다르니 괜찮지 않나요?,SOURCE_TEXT,,False,,D61_J92,normal_source_03111,unassigned
train_normal_00232,train,normal,0,D61_J92_S00014127,D61_J92_S00014127_seg002,aihub,data\normal_aihub\prepared_diverse\audio\D61_J92_S00014127\D61_J92_S00014127_seg002.wav,audio/normal/train_normal_00232.wav,0.0,15.555,15.555,"n/ (70년)/(칠십 년) (8월)/(팔 월) (8일)/(팔 일)이요. n/ 네, 동탄 신도시로 이사 갔어요. 거기가 블루오션이라 요즘 부동산 한창이잖아요. (2년)/(이 년)만 살다가 팔아서 부동산 테크 하려고요. n/ 네, 주소 가요 경기도 화성시 반송동이에요. 아파트 관리비 자동이체도 같이 변경해 주셔야 해요.",SOURCE_TEXT,,False,,D61_J92,normal_source_03107,unassigned
train_normal_00233,train,normal,0,D61_J92_S00014151,D61_J92_S00014151_seg005,aihub,data\normal_aihub\prepared_diverse\audio\D61_J92_S00014151\D61_J92_S00014151_seg005.wav,audio/normal/train_normal_00233.wav,0.0,16.581,16.581,n/ 이것도 (1년)/(일 년)까지만 고정금리고 그 이후부턴 변동금리인 거죠? n/ 그럼 이건 만들어서 급여 자동이체랑 휴대폰이든 아파트 관리비든 아무거나 자동이체 하나만 더 걸어두면 금리도 (2%)/(이 퍼센트)고 인터넷뱅킹이나 (ATM)/(에이 티 엠) 수수료 무료로 되는 것도 맞지요?,SOURCE_TEXT,,False,,D61_J92,normal_source_03118,unassigned
train_normal_00234,train,normal,0,D61_J92_S00014153,D61_J92_S00014153_seg002,aihub,data\normal_aihub\prepared_diverse\audio\D61_J92_S00014153\D61_J92_S00014153_seg002.wav,audio/normal/train_normal_00234.wav,0.0,15.861,15.861,"n/ 네, 주소 가요 경기도 화성시 반송동이에요. 아파트 관리비 자동이체도 같이 변경해 주셔야 해요. n/ 그럼 제대로 바뀐 거 맞지요? 이번 달부터 아파트 관리비도 자동으로 바뀐 걸로 나가나요? n/ 아이고/ 안 물어봤으면 미납될 뻔했네요. 물어보길 잘했네요. 아직 지로 안 나왔는데 곧 나오겠죠? 뭐/.",SOURCE_TEXT,,False,,D61_J92,normal_source_03122,unassigned
train_normal_00235,train,normal,0,D61_J92_S00014159,D61_J92_S00014159_seg007,aihub,data\normal_aihub\prepared_diverse\audio\D61_J92_S00014159\D61_J92_S00014159_seg007.wav,audio/normal/train_normal_00235.wav,0.0,11.988,11.988,뭘 이렇게 복잡하게 해 놨죠? 그냥 그날그날 거래하면 이런 계산 안 해도 되고 좋은데 말이에요. n/ 이제 배웠으니까 앞으로 안 그럴 거예요. 이렇게 몸으로 배워야 되네요. n/ 아까 화내서 미안하고 시스템은 꼭 개선하길 바랍니다.,SOURCE_TEXT,,False,,D61_J92,normal_source_03141,unassigned
train_normal_00236,train,normal,0,D61_J92_S00014159,D61_J92_S00014159_seg004,aihub,data\normal_aihub\prepared_diverse\audio\D61_J92_S00014159\D61_J92_S00014159_seg004.wav,audio/normal/train_normal_00236.wav,0.0,16.257,16.257,n/ 매도 매수 타이밍이 정말 중요한 건데 전산오류 안 생기게 조심해 주시고 다른 증권사들이랑 (5성)/(오 성) 증권 쓰는 사람들이랑 똑같은 금액으로 매도 매수 걸어놓으면 어느 증권사 우선으로 해주시+ 해주는 건지도 궁금하네요. 그렇겠죠. 그런데 영 느린 거 같아서 물어본 거예요.,SOURCE_TEXT,,False,,D61_J92,normal_source_03138,unassigned
train_normal_00237,train,normal,0,D61_J92_S00014190,D61_J92_S00014190_seg005,aihub,data\normal_aihub\prepared_diverse\audio\D61_J92_S00014190\D61_J92_S00014190_seg005.wav,audio/normal/train_normal_00237.wav,0.0,15.424,15.424,n/ 이것도 (1년)/(일 년)까지만 고정금리고 그 이후부턴 변동금리인 거죠? n/ 그럼 이건 만들어서 급여 자동이체랑 휴대폰이든 아파트 관리비든 아무거나 자동이체 하나만 더 걸어두면 금리도 (2%)/(이 퍼센트)고 인터넷뱅킹이나 (ATM)/(에이 티 엠) 수수료 무료로 되는 것도 맞지요?,SOURCE_TEXT,,False,,D61_J92,normal_source_03146,unassigned
train_normal_00238,train,normal,0,D61_J92_S00014190,D61_J92_S00014190_seg002,aihub,data\normal_aihub\prepared_diverse\audio\D61_J92_S00014190\D61_J92_S00014190_seg002.wav,audio/normal/train_normal_00238.wav,0.0,19.573,19.573,n/ 그렇죠? 동의 없이 출금은 안 되는 걸로 아는데 이게 뭘까요? 입금은 제가 오성 은행이랑 연결된 오성 체크카드 쓰는데 그거 혜택이 쓰는 금액의 오+ (0.5%)/(영 점 오 퍼센트) 할인이었거든요. 혹시 그게 이렇게 입금되는 건가요? n/ 아/ 혹시나 했는데 그 입금 (건)/(껀) 이었군요. 그건 이해되었는데 출금은 뭘까요?,SOURCE_TEXT,,False,,D61_J92,normal_source_03143,unassigned
train_normal_00239,train,normal,0,D61_J92_S00014192,D61_J92_S00014192_seg001,aihub,data\normal_aihub\prepared_diverse\audio\D61_J92_S00014192\D61_J92_S00014192_seg001.wav,audio/normal/train_normal_00239.wav,0.0,16.295,16.295,n/ 안녕하세요. 저 (5성)/(오 성) 은행 꾸준히 잘 이용하고 있는데요? 이번에 이사를 가서요. n/ 아파트 관리비 자동이체도 (5성)/(오 성) 은행 통장으로 하는데 이사를 가서 관리사무소에 얘기했더니 그건 은행으로 얘기해야 한다+ 한다고 해서요. n/ 주소 변경해주시고 처리 좀 해주시겠어요? n/ (70년)/(칠십 년) (8월)/(팔 월) (8일)/(팔 일)이요.,SOURCE_TEXT,,False,,D61_J92,normal_source_03149,unassigned
train_normal_00240,train,normal,0,D61_J92_S00014197,D61_J92_S00014197_seg002,aihub,data\normal_aihub\prepared_diverse\audio\D61_J92_S00014197\D61_J92_S00014197_seg002.wav,audio/normal/train_normal_00240.wav,0.0,16.252,16.252,그렇군요. 그럼 실시간 거래인 가요? 아/ 그렇군요. 나라가 달라서 그런가 봐요. 그럼 미국 주식은 계좌를 별도로 개설해야 하나요? n/ 아예 처음부터 달러로 입금할 수는 없나요? 제가 달러가 좀 많아서요. 그럼 환전 수수료도 없고 좋을 거 같은데요. n/ 그렇군요. 해외 주식 중에 추천할만한 주식이 있나요?,SOURCE_TEXT,,False,,D61_J92,normal_source_03157,unassigned
train_normal_00241,train,normal,0,D61_J92_S00014223,D61_J92_S00014223_seg003,aihub,data\normal_aihub\prepared_diverse\audio\D61_J92_S00014223\D61_J92_S00014223_seg003.wav,audio/normal/train_normal_00241.wav,0.0,15.083,15.083,n/ 기부하면 연말 정산할 때 (100%)/(백 퍼센트) 세액 (공제)/(결제)된다고 좋다고 해서 한 건데 맞아요? n/ 그럼 그냥 그대로 두세요. 소액이라도 기부하면 힘든 분들께는 도움이 되겠죠. n/ 그럼 이 내역들이 통장 정리하면 줄줄이 다 나오는 건가요? 통장 엄청 지저분해질 거 같은데요. 혹시 건너뛰고 최종 금액만 나오게도 기재가 되나요?,SOURCE_TEXT,,False,,D61_J92,normal_source_03171,unassigned
train_normal_00242,train,normal,0,D61_J92_S00014259,D61_J92_S00014259_seg009,aihub,data\normal_aihub\prepared_diverse\audio\D61_J92_S00014259\D61_J92_S00014259_seg009.wav,audio/normal/train_normal_00242.wav,0.0,13.663,13.663,n/ 그럼 (1번)/(한 번)에 (5000000원)/(오백만 원) 넣어둬도 되나요? n/ 좋네요. 금액 더 많이 넣어두면 그건 이율이 얼마인가요? 초과분은 금리 적겠죠? n/ 아/ 그럼 (5000000원)/(오백만 원)만 넣어둬야겠네요. 다 된 거죠? 고마워요.,SOURCE_TEXT,,False,,D61_J92,normal_source_03201,unassigned
train_normal_00243,train,normal,0,D61_J92_S00014261,D61_J92_S00014261_seg002,aihub,data\normal_aihub\prepared_diverse\audio\D61_J92_S00014261\D61_J92_S00014261_seg002.wav,audio/normal/train_normal_00243.wav,0.0,15.409,15.409,n/ 근데 물건 구매를 취소했더니 카드 결제 금액도 다 취소가 되고 처리 완료되었는데도 쿠폰이 다시 돌아오지를 않네요 n/ 쿠폰이 (5매)/(다섯 매)만 제공되는 거라 필요한 곳에만 쓰고 있는데 다시 돌아오지를 않으니 아까워서요. 어떻게 된 일인지 알아보고 싶어서 전화드렸어요. n/ @문지윤입니다.,SOURCE_TEXT,,False,,D61_J92,normal_source_03203,unassigned
train_normal_00244,train,normal,0,D61_J92_S00014311,D61_J92_S00014311_seg009,aihub,data\normal_aihub\prepared_diverse\audio\D61_J92_S00014311\D61_J92_S00014311_seg009.wav,audio/normal/train_normal_00244.wav,0.0,12.544,12.544,n/ 그럼 한 번에 (5000000)/(오백만) 원 넣어도 되나+ 되나요? n/ 좋네요. 금액 더 많이 넣어두면 그건 이율이 얼마인가요? 초과분은 금리 적겠죠? n/ 아/ 그럼 (5000000원)/(오백만 원)만 넣어둬야겠네요. 다 된 거죠? 고마워요.,SOURCE_TEXT,,False,,D61_J92,normal_source_03217,unassigned
train_normal_00245,train,normal,0,D61_J92_S00014313,D61_J92_S00014313_seg001,aihub,data\normal_aihub\prepared_diverse\audio\D61_J92_S00014313\D61_J92_S00014313_seg001.wav,audio/normal/train_normal_00245.wav,0.0,15.14,15.14,n/ 안녕하세요. 저/ (5성)/(오 성) 은행 꾸준히 잘 이용하고 있는데요? 이번에 이사를 가서요. n/ 아파트 관리비 자동이체도 (5성)/(오 성) 은행 통장으로 하는데 이사를 가서 관리사무소에 얘기했더니 그건 은행으로 얘기해야 한다고 해서요. n/ 주소 변경해주시고 처리 좀 해주시겠어요?,SOURCE_TEXT,,False,,D61_J92,normal_source_03218,unassigned
train_normal_00246,train,normal,0,D61_J92_S00014319,D61_J92_S00014319_seg004,aihub,data\normal_aihub\prepared_diverse\audio\D61_J92_S00014319\D61_J92_S00014319_seg004.wav,audio/normal/train_normal_00246.wav,0.0,14.994,14.994,n/ 보상 안 해준다는 건 처음 가입할 때 유의사항 봐서 이미 알고 있지만 너무 속상해서 얘기하는 거예요. 주식 전문가들이야 이미 알고 다 따로 처리했던데 우리 같은 개미 투자자들이나 발 동동 구르다가 아무것도 못 하고 당했네요.,SOURCE_TEXT,,False,,D61_J92,normal_source_03237,unassigned
train_normal_00247,train,normal,0,D61_J92_S00014342,D61_J92_S00014342_seg003,aihub,data\normal_aihub\prepared_diverse\audio\D61_J92_S00014342\D61_J92_S00014342_seg003.wav,audio/normal/train_normal_00247.wav,0.0,15.341,15.341,아/ 혹시나 했는데 그 입금 (건)/(껀)이었군요. 그건 이해되었는데 출금은 뭘까요? 그게 뭐죠? 아/ 통장이랑 카드 만들 때 기부 어쩌고 하던 게 그건가 보네요. 기부하면 연말 정산할 때 (100%)/(백 퍼센트) 세액 공제된다고 좋다고 해서 한 건데 맞아요?,SOURCE_TEXT,,False,,D61_J92,normal_source_03245,unassigned
train_normal_00248,train,normal,0,D61_J92_S00014344,D61_J92_S00014344_seg008,aihub,data\normal_aihub\prepared_diverse\audio\D61_J92_S00014344\D61_J92_S00014344_seg008.wav,audio/normal/train_normal_00248.wav,0.0,15.054,15.054,n/ 집 전화는 없어요. 요즘 누가 집 전화를 써요. 다 휴대폰 쓰지 있던 건 (10년)/(십 년)도 더 된 옛날 번호예요. 지우고 이 휴대폰 번호 넣어주세요. n/ 그럼 처리 다 된 거죠? 아파트 관리비 자동이체 해지도 된 거고요? 집 전화도 휴대폰으로 바꾸고요? n/ 고마워요. 감기 조심하세요.,SOURCE_TEXT,,False,,D61_J92,normal_source_03258,unassigned
train_normal_00249,train,normal,0,D61_J92_S00014349,D61_J92_S00014349_seg006,aihub,data\normal_aihub\prepared_diverse\audio\D61_J92_S00014349\D61_J92_S00014349_seg006.wav,audio/normal/train_normal_00249.wav,0.0,16.167,16.167,n/ 일단 안전한 별다방 주식이랑 그런 거 사야겠어요. 이것도 꾸준히 우상향하고 있네요. n/ 그럼 미국 주식은 밤에 시작하겠군요. 낮엔 국내 주식하고 밤엔 미국 주식하면 수익이 정말 괜찮을 거 같네요. 돈 유통 잘하는 분이 면요. 해외거래 수수료는 있지요?,SOURCE_TEXT,,False,,D61_J92,normal_source_03264,unassigned
train_normal_00250,train,normal,0,D61_J92_S00014352,D61_J92_S00014352_seg004,aihub,data\normal_aihub\prepared_diverse\audio\D61_J92_S00014352\D61_J92_S00014352_seg004.wav,audio/normal/train_normal_00250.wav,0.0,17.443,17.443,"n/ 네, 처음에 사용할 때 안내 배너가 뜨던데 그거 잘 읽어볼 걸 그랬나 봐요. n/ 그러면 쿠폰이 다시 돌아와야 되는데 오류였다는 거죠? 그럼 그/ 지금 그 쿠폰 다시 복원해 주시는 건가요? n/ 아/ 아/ 이거 지금 홈스에서 확인하니 쿠폰 다시 들어와 있네요. 감사합니다.",SOURCE_TEXT,,False,,D61_J92,normal_source_03269,unassigned
train_normal_00251,train,normal,0,D61_J92_S00014385,D61_J92_S00014385_seg008,aihub,data\normal_aihub\prepared_diverse\audio\D61_J92_S00014385\D61_J92_S00014385_seg008.wav,audio/normal/train_normal_00251.wav,0.0,14.651,14.651,n/ 네 알겠습니다. 그러면 쿠폰 취소도 그렇고 적립금도 그렇고 다 해결이 된 거네요 그런데 전산 오류가 왜 여러 번 나는 걸까요? 이 부분에 대한 수정이 필요할 거 같네요. n/ 감사합니다. 상담 친절하게 잘해주시고 모든 일을 깔끔하게 처리해 주셔서 감사합니다.,SOURCE_TEXT,,False,,D61_J92,normal_source_03281,unassigned
train_normal_00252,train,normal,0,D61_J92_S00014385,D61_J92_S00014385_seg005,aihub,data\normal_aihub\prepared_diverse\audio\D61_J92_S00014385\D61_J92_S00014385_seg005.wav,audio/normal/train_normal_00252.wav,0.0,15.291,15.291,n/ 그러고 보니 어제가 적립금 들어오는 날 아닌가요? n/ 왜/ 이것도 장기 우수 고객에게 주는 건데 한 달 이용금액이 (1000000원)/(백만 원)을 넘길 경우 (50000원)/(오만 원) 적립금 주시는 걸로 알고 있는데요? n/ 매월 (15일)/(십 오 일)에 들어와야 하니까 어제 적립금이 들어와야 하는 날인데 저는 안 들어왔네요,SOURCE_TEXT,,False,,D61_J92,normal_source_03278,unassigned
train_normal_00253,train,normal,0,D61_J92_S00014420,D61_J92_S00014420_seg008,aihub,data\normal_aihub\prepared_diverse\audio\D61_J92_S00014420\D61_J92_S00014420_seg008.wav,audio/normal/train_normal_00253.wav,0.0,15.131,15.131,n/ 네 알겠습니다. 그러면 쿠폰 취소도 그렇고 적립금도 그렇고 다 해결이 된 거네요 그런데 전산 오류가 왜 여러 번 나는 걸까요? 이 부분에 대한 수정이 필요할 거 같네요. n/ 감사합니다. 상담 친절하게 잘해주시고 모든 일을 깔끔하게 처리해 주셔서 감사합니다.,SOURCE_TEXT,,False,,D61_J92,normal_source_03289,unassigned
train_normal_00254,train,normal,0,D61_J92_S00014467,D61_J92_S00014467_seg003,aihub,data\normal_aihub\prepared_diverse\audio\D61_J92_S00014467\D61_J92_S00014467_seg003.wav,audio/normal/train_normal_00254.wav,0.0,15.402,15.402,n/ 문지윤입니다. n/ 그럼 전산으로 제가 구매할 때 쿠폰을 쓴 것도 확인이 되나요? 분명 (20%)/(이십 퍼센트) 할인된 금액으로 결제가 되었을 텐데요? n/ 그러면 쿠폰이 다시 돌아오지 않은 것도 확인되나요? 이거 어떻게 처리가 될까요?,SOURCE_TEXT,,False,,D61_J92,normal_source_03292,unassigned
train_normal_00255,train,normal,0,D61_J92_S00014502,D61_J92_S00014502_seg008,aihub,data\normal_aihub\prepared_diverse\audio\D61_J92_S00014502\D61_J92_S00014502_seg008.wav,audio/normal/train_normal_00255.wav,0.0,14.191,14.191,n/ 네 알겠습니다. 그러면 쿠폰 취소도 그렇고 적립금도 그렇고 다 해결이 된 거네요. 그런데 전산 오류가 왜 여러 번 나는 걸까요? 이 부분에 대한 수정이 필요할 거 같네요. n/ 감사합니다. 상담 친절하게 잘해주시고 모든 일을 깔끔하게 처리해 주셔서 감사합니다.,SOURCE_TEXT,,False,,D61_J92,normal_source_03305,unassigned
train_normal_00256,train,normal,0,D61_J92_S00014551,D61_J92_S00014551_seg006,aihub,data\normal_aihub\prepared_diverse\audio\D61_J92_S00014551\D61_J92_S00014551_seg006.wav,audio/normal/train_normal_00256.wav,0.0,16.0,16.0,n/ 왜죠? 저 항상 예수금 있었는데요. 그저껜가 잠깐 (5000000원)/(오백만 원) 출금했다가 다음날 아침에 바로 다시 넣었어요. 잔액이 있으니 출금이 되는 거 아닌가요? n/ 잔액이 없어도 출금이 된다고요? 무슨 시스템이 그래요? n/ 하루 차이 때문에 하루 미수금에 대해서 수수료가 나간다는 거예요? n/ 증권거래 정말 복잡하네요.,SOURCE_TEXT,,False,,D61_J92,normal_source_03319,unassigned
train_normal_00257,train,normal,0,D61_J92_S00014551,D61_J92_S00014551_seg005,aihub,data\normal_aihub\prepared_diverse\audio\D61_J92_S00014551\D61_J92_S00014551_seg005.wav,audio/normal/train_normal_00257.wav,0.0,16.793,16.793,"n/ 그렇겠죠. 그런데 영 느린 거 같아서 물어본 거예요. n/ 알았어요. 믿을게요. n/ 그런데 말이죠 저 미수금은 없는지 봐주세요. 항상 현금만 쓰고 있는데 미수거래 발생이라고 어제 문자가 왔어요. n/ (80년)/(팔십 년) (2월)/(이 월) (2일)/(이 일)이요. n/ 네, 맞아요. 생뚱맞게 미수거래 발생이라고 문자가 와서 안 그래도 물어보려고 했어요. 저 예수금 넉넉하거든요.",SOURCE_TEXT,,False,,D61_J92,normal_source_03318,unassigned
train_normal_00258,train,normal,0,D61_J92_S00014601,D61_J92_S00014601_seg002,aihub,data\normal_aihub\prepared_diverse\audio\D61_J92_S00014601\D61_J92_S00014601_seg002.wav,audio/normal/train_normal_00258.wav,0.0,15.889,15.889,n/ 왜요? 어플이랑 컴퓨터를 다 막아놨는데 어떻게 거래를 하란 말인가요? n/ 요즘 세상에 누가 전화를 써요. 너무하네요. 그래서 보상이 안 되나요? n/ 아니 그럼 제 사라진 수익은 누가 보상을 해주나요? (1)/(한)(2푼)/(두 푼)도 아니고 (2000000만원)/(이백만 원)이 넘는데요. 보세요.,SOURCE_TEXT,,False,,D61_J92,normal_source_03338,unassigned
train_normal_00259,train,normal,0,D61_J92_S00014614,D61_J92_S00014614_seg008,aihub,data\normal_aihub\prepared_diverse\audio\D61_J92_S00014614\D61_J92_S00014614_seg008.wav,audio/normal/train_normal_00259.wav,0.0,14.984,14.984,n/ 네 알겠습니다. 그러면 쿠폰 취소도 그렇고 적립금도 그렇고 다 해결이 된 거네요 그런데 전산 오류가 왜 여러 번 나는 걸까요? 이 부분에 대한 수정이 필요할 거 같네요. n/ 감사합니다. 상담 친절하게 잘해주시고 모든 일을 깔끔하게 처리해 주셔서 감사합니다.,SOURCE_TEXT,,False,,D61_J92,normal_source_03353,unassigned
train_normal_00260,train,normal,0,D61_J92_S00014614,D61_J92_S00014614_seg004,aihub,data\normal_aihub\prepared_diverse\audio\D61_J92_S00014614\D61_J92_S00014614_seg004.wav,audio/normal/train_normal_00260.wav,0.0,16.081,16.081,n/ 처음에 사용할 때 안내 배너가 뜨던데 그거 잘 읽어볼 걸 그랬나 봐요. n/ 아/ 그러면 쿠폰이 다시 돌아와야 되는데 오류였다는 거죠? 그러면 지금 그 쿠폰을 다시 복원해 주시나요? n/ 아/ 지금 홈스에서 확인하니 쿠폰 다시 들어와 있네요. 감사합니다. n/ 그러고 보니 어제가 적립금 들어오는 날 아닌가요?,SOURCE_TEXT,,False,,D61_J92,normal_source_03349,unassigned
train_normal_00261,train,normal,0,D61_J92_S00014685,D61_J92_S00014685_seg008,aihub,data\normal_aihub\prepared_diverse\audio\D61_J92_S00014685\D61_J92_S00014685_seg008.wav,audio/normal/train_normal_00261.wav,0.0,15.897,15.897,n/ 아/ 그래요? 그러면 이번 달에는 적립금을 받을 수 없는 건가요? n/ 아/ 감사합니다. 그러면 제가 적립금 들어왔는지 확인해봐야 할까요? n/ 그러면 적립금 들어오는 날 카드사 측에서 안내 문자를 주시나요? 직접 매일 확인하는 것도 번거로울 거 같아요.,SOURCE_TEXT,,False,,D61_J92,normal_source_03369,unassigned
train_normal_00262,train,normal,0,D61_J92_S00014718,D61_J92_S00014718_seg007,aihub,data\normal_aihub\prepared_diverse\audio\D61_J92_S00014718\D61_J92_S00014718_seg007.wav,audio/normal/train_normal_00262.wav,0.0,13.13,13.13,n/ 네 알겠습니다. 그러면 쿠폰 취소도 그렇고 적립금도 그렇고 다 해결이 된 거네요. 그런데 전산 오류가 왜 여러 번 나는 걸까요? 이 부분에 대한 수정이 필요할 거 같네요. n/ 감사합니다. 상담 친절하게 잘해주시고 모든 일을 깔끔하게 처리해 주셔서 감사합니다.,SOURCE_TEXT,,False,,D61_J92,normal_source_03377,unassigned
train_normal_00263,train,normal,0,D61_J92_S00014753,D61_J92_S00014753_seg008,aihub,data\normal_aihub\prepared_diverse\audio\D61_J92_S00014753\D61_J92_S00014753_seg008.wav,audio/normal/train_normal_00263.wav,0.0,14.891,14.891,n/ 네 알겠습니다. 그러면 쿠폰 취소도 그렇고 적립금도 그렇고 다 해결이 된 거네요. 그런데 전산 오류가 왜 여러 번 나는 걸까요? 이 부분에 대한 수정이 필요할 거 같은데. n/ 감사합니다. 상담 친절하게 잘해주시고 다 깔끔하게 처리해 주셔서 감사합니다.,SOURCE_TEXT,,False,,D61_J92,normal_source_03385,unassigned
train_normal_00264,train,normal,0,D61_J92_S00014833,D61_J92_S00014833_seg007,aihub,data\normal_aihub\prepared_diverse\audio\D61_J92_S00014833\D61_J92_S00014833_seg007.wav,audio/normal/train_normal_00264.wav,0.0,13.265,13.265,"n/ 이제 종목 공부를 해봐야겠네요. 별다방, 페슬 라 말고 아는 게 없네요. 안 꼴라는 요즘 하락세라 위험할 거 같죠? 대박 해외 주식 같은 거 쫙 정리해 줬으면 좋겠네요. 알았어요. 상담해 주느라 고생했어요. 오늘 하루 파이팅입니다.",SOURCE_TEXT,,False,,D61_J92,normal_source_03400,unassigned
train_normal_00265,train,normal,0,D61_J92_S00014834,D61_J92_S00014834_seg003,aihub,data\normal_aihub\prepared_diverse\audio\D61_J92_S00014834\D61_J92_S00014834_seg003.wav,audio/normal/train_normal_00265.wav,0.0,16.055,16.055,사과로 될 게 아니라니까요. 이 손해는 어떻게 하냐고요. n/ 보상 안 해준다는 건 처음 가입할 때 유의사항 봐서 이미 알고 있지만 너무 속상해서 하는 얘기하는 거예요. 주식 전문가들이야 이미 알고 있+ 다 따로 처리했던데 우리 같은 개미 투자자들이나 발 동동 구르다가 아무것도 못 하고 당했네요.,SOURCE_TEXT,,False,,D61_J92,normal_source_03403,unassigned
train_normal_00266,train,normal,0,D61_J92_S00014860,D61_J92_S00014860_seg006,aihub,data\normal_aihub\prepared_diverse\audio\D61_J92_S00014860\D61_J92_S00014860_seg006.wav,audio/normal/train_normal_00266.wav,0.0,16.262,16.262,n/ 해외 주식은 배당금도 많+ 높은 게 많다고 해서 알아보고 있는데 진짜 배당금 높은 것도 많군요. 그런데 이름을 못 들어본 게 많아요. 배당을 준다고 했다가 안 주는 경우도 있겠죠? 모두+ 모든 건 위험성에 대한 대가니까요.,SOURCE_TEXT,,False,,D61_J92,normal_source_03413,unassigned
train_normal_00267,train,normal,0,D61_J92_S00014861,D61_J92_S00014861_seg004,aihub,data\normal_aihub\prepared_diverse\audio\D61_J92_S00014861\D61_J92_S00014861_seg004.wav,audio/normal/train_normal_00267.wav,0.0,15.364,15.364,그럼 (TPX)/(티 피 엑스) 주식은 다시 살아날 기+ 가망이 있을까요? 있든 없든 그/ 그 전산 오류 전 금액으로 (5성)/(오 성) 증권사에서 좀 저희 거 매수를 해주던 해야 하는 거 아니에요? 다른 증권사는 그렇게도 하던데요.,SOURCE_TEXT,,False,,D61_J92,normal_source_03419,unassigned
train_normal_00268,train,normal,0,D61_J92_S00014871,D61_J92_S00014871_seg006,aihub,data\normal_aihub\prepared_diverse\audio\D61_J92_S00014871\D61_J92_S00014871_seg006.wav,audio/normal/train_normal_00268.wav,0.0,15.081,15.081,n/ (15일)/(십 오 일)이 공휴일이면 하루 이틀 늦게 들어올 수도 있는데 공휴일 아니고 어제가 월요일이었으니까 들어와야 정상인데요? 이벤트가 끝난 건가요? n/ 그럼 누락됐나 본데 이런 경우엔 어찌 처리를 해주시는지요? 설마 적립금 안 주시고 넘어가는 건 아니지요?,SOURCE_TEXT,,False,,D61_J92,normal_source_03429,unassigned
train_normal_00269,train,normal,0,D61_J92_S00014914,D61_J92_S00014914_seg002,aihub,data\normal_aihub\prepared_diverse\audio\D61_J92_S00014914\D61_J92_S00014914_seg002.wav,audio/normal/train_normal_00269.wav,0.0,16.178,16.178,n/ 근데 물건 구매를 취소했더니 카드 결제 금액도 다 취소가 되고 처리 완료되었는데도 쿠폰이 다시 돌아오지를 않네요. n/ 쿠폰이 (5매)/(오 매)만 제공되는 거라 필요한 곳에만 쓰고 있는데 다시 돌아오지를 않으니 아까워서요. 어떻게 된 일인지 알아보고 싶어서 전화드렸어요.,SOURCE_TEXT,,False,,D61_J92,normal_source_03433,unassigned
train_normal_00270,train,normal,0,D61_J92_S00014953,D61_J92_S00014953_seg003,aihub,data\normal_aihub\prepared_diverse\audio\D61_J92_S00014953\D61_J92_S00014953_seg003.wav,audio/normal/train_normal_00270.wav,0.0,14.331,14.331,n/ 그럼 제대로 바뀐 거 맞지요? 이번 달부터 아파트 관리비도 자동으로 바뀐 걸로 나가나요? n/ 아이고 안 물어봤으면 미납될 뻔했네요. 물어보길 잘했네요. 아직 지로 안 나왔는데 곧 나오겠죠? 뭐.,SOURCE_TEXT,,False,,D61_J92,normal_source_03441,unassigned
train_normal_00271,train,normal,0,D61_J92_S00014958,D61_J92_S00014958_seg006,aihub,data\normal_aihub\prepared_diverse\audio\D61_J92_S00014958\D61_J92_S00014958_seg006.wav,audio/normal/train_normal_00271.wav,0.0,15.04,15.04,n/ 아/ 이벤트 보니 백+ (100달러)/(백 달러) 이상 거래하면 (50달러)/(오십 달러) 입고해 준다는 게 그 이벤트인가요? (100달러)/(백 달러) (1번)/(한 번)에 거래 안 하고 나눠서 거래해도 되지요? n/ 해외 주식할 생각 하니 두근두근하네요. 기대됩니다. 해보셨나요?,SOURCE_TEXT,,False,,D61_J92,normal_source_03453,unassigned
train_normal_00272,train,normal,0,D61_J92_S00014959,D61_J92_S00014959_seg004,aihub,data\normal_aihub\prepared_diverse\audio\D61_J92_S00014959\D61_J92_S00014959_seg004.wav,audio/normal/train_normal_00272.wav,0.0,15.053,15.053,n/ 사과로 될 게 아니라니까요. 이+ 손해를+ 이 손해는 어떻게 하냐고요. n/ 보상 안 해준다는 건 처음 가입할 때 유의+ 유의사+ 유의사항 봐서 이미 알고 있지만 큼/ 너무 속상해서 얘기하는 거예요.,SOURCE_TEXT,,False,,D61_J92,normal_source_03461,unassigned
train_normal_00273,train,normal,0,D61_J92_S00014959,D61_J92_S00014959_seg007,aihub,data\normal_aihub\prepared_diverse\audio\D61_J92_S00014959\D61_J92_S00014959_seg007.wav,audio/normal/train_normal_00273.wav,0.0,16.683,16.683,n/ 그렇겠죠. 그런데 영 느린 거 같아서 물어본 거예요. n/ 알았어요. 믿을게요. n/ 그런데 말이죠 저 미수금은 없는지 봐주세요. 항상 현금만 쓰고 있는데 미수거래 발생이라고 어제 문자가 왔어요. n/ (80년)/(팔십 년) (2월)/(이 월) 이+ 일+ (2일)/(이 일)이요.,SOURCE_TEXT,,False,,D61_J92,normal_source_03464,unassigned
train_normal_00274,train,normal,0,D61_J92_S00015026,D61_J92_S00015026_seg004,aihub,data\normal_aihub\prepared_diverse\audio\D61_J92_S00015026\D61_J92_S00015026_seg004.wav,audio/normal/train_normal_00274.wav,0.0,15.085,15.085,n/ 처음에 사용할 때 안내 배너가 뜨던데 그거 잘 읽어볼 걸 그랬나 봐요. n/ 아/ 그러면 쿠폰이 다시 돌아와야 되는데 오류였다는 거죠? 그러면 지금 그 쿠폰을 다시 복원해 주시나요? n/ 아/ 지금 홈스에서 확인하니 쿠폰 다시 들어와 있네요. 감사합니다.,SOURCE_TEXT,,False,,D61_J92,normal_source_03478,unassigned
train_normal_00275,train,normal,0,D61_J92_S00015083,D61_J92_S00015083_seg005,aihub,data\normal_aihub\prepared_diverse\audio\D61_J92_S00015083\D61_J92_S00015083_seg005.wav,audio/normal/train_normal_00275.wav,0.0,15.435,15.435,n/ 이것도 (1년)/(일 년)까지만 고정금리고 그 이후부턴 변동금리인 거죠? n/ 그럼 이건 만들어서 급여 자동이체랑 휴대폰이든 아파트 관리비든 아무거나 자동이체 (1)/(하나)만 더 걸어두면 금리도 (2%)/(이 퍼센트)고 인터넷뱅킹이나 (ATM)/(에이 티 엠) 수수료 무료로 되는 것도 맞지요?,SOURCE_TEXT,,False,,D61_J92,normal_source_03487,unassigned
train_normal_00276,train,normal,0,D61_J92_S00015083,D61_J92_S00015083_seg002,aihub,data\normal_aihub\prepared_diverse\audio\D61_J92_S00015083\D61_J92_S00015083_seg002.wav,audio/normal/train_normal_00276.wav,0.0,19.072,19.072,n/ 그렇죠? 동의 없이 출금은 안 되는 걸로 아는데 이게 뭘까요? 입금은 제가 오성 은행이랑 연결된 오성 체크카드 쓰는데 그거 혜택이 쓰는 금액의 오+ (0.5%)/(영 점 오 퍼센트) 할인이었거든요. 혹시 그게 이렇게 입금되는 건가요? n/ 아/ 혹시나 했는데 그 입금 (건이었군요)/(껀이었군요). 그건 이해되었는데 출금은 뭘까요?,SOURCE_TEXT,,False,,D61_J92,normal_source_03484,unassigned
train_normal_00277,train,normal,0,D61_J92_S00015085,D61_J92_S00015085_seg006,aihub,data\normal_aihub\prepared_diverse\audio\D61_J92_S00015085\D61_J92_S00015085_seg006.wav,audio/normal/train_normal_00277.wav,0.0,15.057,15.057,n/ 그럼 제가 아파트 관리비 다른 카드로 바꿨다가 다시 (5성)/(오 성) 은행으로 연결하면 (10000원)/(만 원)씩 (3개월)/(삼 개월) 할인 다시 받을 수 있나요? n/ 이전 이력이 남아서 안 되나요? n/ 그럼 저 말고 신랑 통장으로 하면요? 이름이 다르니 괜찮지 않나요?,SOURCE_TEXT,,False,,D61_J92,normal_source_03495,unassigned
train_normal_00278,train,normal,0,D61_J92_S00015090,D61_J92_S00015090_seg007,aihub,data\normal_aihub\prepared_diverse\audio\D61_J92_S00015090\D61_J92_S00015090_seg007.wav,audio/normal/train_normal_00278.wav,0.0,16.555,16.555,"n/ 이제 종목 공부를 해봐야겠네요. 별다방, 페슬 라 말고 아는 게 없네요. 안 꼴라는 요즘 하락세라 위험할 거 같죠? 대박 해외 주식 같은 거 쫙 정리해 줬으면 좋겠네요. n/ 알았어요. 상담해 주느라 고생했어요. 오늘 하루도 파이팅입니다.",SOURCE_TEXT,,False,,D61_J92,normal_source_03504,unassigned
train_normal_00279,train,normal,0,D61_J92_S00015091,D61_J92_S00015091_seg008,aihub,data\normal_aihub\prepared_diverse\audio\D61_J92_S00015091\D61_J92_S00015091_seg008.wav,audio/normal/train_normal_00279.wav,0.0,12.085,12.085,n/ 뭘 이렇게 복잡하게 해 놨죠? 그냥 그날그날 거래하면 이런 계산 안 해도 되고 좋은데 말이에요. n/ 이제 배웠으니까 앞으로 안 이+ 그럴 거예요. 이렇게 몸으로* 배워야 되네요. n/ 아까 화내서 미안하고 시스템은 꼭 개선하길 바랍니다.,SOURCE_TEXT,,False,,D61_J92,normal_source_03512,unassigned
train_normal_00280,train,normal,0,D61_J92_S00015091,D61_J92_S00015091_seg004,aihub,data\normal_aihub\prepared_diverse\audio\D61_J92_S00015091\D61_J92_S00015091_seg004.wav,audio/normal/train_normal_00280.wav,0.0,17.888,17.888,n/ 그럼 (TPX)/(티 피 엑스) 주식은 다시 살아날 가망이 있을까요? 있든 없든 그 전산 오류 전 금액으로 오성 증권사에서 좀 저희+ 거+ 매수+ 저희 거 매수를 해주던 해야 하는 거 아니에요? 다른 증권사는 그렇게도 하던데요. (1번)/(한 번) 방법 알아보세요.,SOURCE_TEXT,,False,,D61_J92,normal_source_03508,unassigned
train_normal_00281,train,normal,0,D61_J92_S00015147,D61_J92_S00015147_seg006,aihub,data\normal_aihub\prepared_diverse\audio\D61_J92_S00015147\D61_J92_S00015147_seg006.wav,audio/normal/train_normal_00281.wav,0.0,16.379,16.379,n/ 왜죠? 저 항상 예수금 있었는데요. 그저껜가 잠깐 (5000000원)/(오백만 원) 출금했다가 다음날 아침에 바로 다시 넣었어요. 잔액이 있으니 출금이 되는 거 아닌가요? 잔액이 없어도 출금이 된다고요? 무슨 시스템이 그래요? 하루 차이 때문에 하루 미수금에 대해서 수수료가 나간다는 거예요?,SOURCE_TEXT,,False,,D61_J92,normal_source_03526,unassigned
train_normal_00282,train,normal,0,D61_J92_S00015156,D61_J92_S00015156_seg008,aihub,data\normal_aihub\prepared_diverse\audio\D61_J92_S00015156\D61_J92_S00015156_seg008.wav,audio/normal/train_normal_00282.wav,0.0,15.467,15.467,"이제 종목 공부를 해봐야겠네요. 별다방, 펜+ 페슬 라 말고 아는 게 없네요. 안 꼴라는 요즘 하락세라 위험할 거 같죠? 대박 해외 주식 같은 거 쫙 정리해 줬으면 좋겠네요. 알았어요. 상담해 주느라 고생했어요. 오늘 하루도 파이팅입니다.",SOURCE_TEXT,,False,,D61_J92,normal_source_03535,unassigned
train_normal_00283,train,normal,0,D61_J92_S00015157,D61_J92_S00015157_seg006,aihub,data\normal_aihub\prepared_diverse\audio\D61_J92_S00015157\D61_J92_S00015157_seg006.wav,audio/normal/train_normal_00283.wav,0.0,16.129,16.129,왜죠? 저 항상 예수금 있었는데요. 그저껜가 잠깐 (5000000원)/(오백만 원) 출금했다가 다음날 아침에 바로 다시 넣었어요. 잔액이 있으니 출금이 되는 거 아닌가요? 잔액이 없어도 출금이 된다고요? 무슨 시스템이 그래요? 하루 차이 때문에 하루 미수금에 대해서 수수료가 나간다는 거예요?,SOURCE_TEXT,,False,,D61_J92,normal_source_03541,unassigned
train_normal_00284,train,normal,0,D61_J92_S00015157,D61_J92_S00015157_seg005,aihub,data\normal_aihub\prepared_diverse\audio\D61_J92_S00015157\D61_J92_S00015157_seg005.wav,audio/normal/train_normal_00284.wav,0.0,20.47,20.47,"그렇겠죠. 그런데 영 느려+ 느린 거 같아서 물어본 거예요. 알았어요. 믿을게요. 그런데 말이죠 저 미수금은 없는지 봐주세요. 항상 현금만 쓰고 있는데 미수거래 발생이라고 어제 문자가 왔어요. (80년)/(팔십 년) (2월)/(이 월) (2일)/(이 일)이요. 네, 맞아요. 생뚱맞게 미수거래 발생이라고 문자가 와서 안 그래도 물어보려고 했어요. 저 예수금 넉넉하거든요.",SOURCE_TEXT,,False,,D61_J92,normal_source_03540,unassigned
train_normal_00285,train,normal,0,D61_J92_S00015177,D61_J92_S00015177_seg006,aihub,data\normal_aihub\prepared_diverse\audio\D61_J92_S00015177\D61_J92_S00015177_seg006.wav,audio/normal/train_normal_00285.wav,0.0,15.469,15.469,"n/ 문지윤입니다. n/ 네, (1번)/(한 번)도 적립금이 제날짜에 안 들어온 적이 없는데 그러고 보니 이번에는 안 들어왔네요. n/ (15일)/(십 오 일)이 공휴일이면 하루 이틀 늦게 들어올 수도 있는데 공휴일도 아니고 어제가 월요일이었으니까 들어와야 정상인데 이벤트가 끝난 건가요?",SOURCE_TEXT,,False,,D61_J92,normal_source_03555,unassigned
train_normal_00286,train,normal,0,D61_J92_S00015217,D61_J92_S00015217_seg008,aihub,data\normal_aihub\prepared_diverse\audio\D61_J92_S00015217\D61_J92_S00015217_seg008.wav,audio/normal/train_normal_00286.wav,0.0,15.117,15.117,n/ 그럼 지금 금리 인하가 되긴 했는데 미미하게 인하된 경우에는 나중에 저의 재무상태가 더 좋아지면 (6개월)/(육 개월) 뒤에 또 신청도 가능한 거 맞지요? n/ 궁금증 다 해결했습니다. 이거 홈페이지 보니 홈페이지에서도 신청 가능하던데 맞나요? n/ 네. 설명 고마워요.,SOURCE_TEXT,,False,,D61_J92,normal_source_03565,unassigned
train_normal_00287,train,normal,0,D61_J92_S00015233,D61_J92_S00015233_seg003,aihub,data\normal_aihub\prepared_diverse\audio\D61_J92_S00015233\D61_J92_S00015233_seg003.wav,audio/normal/train_normal_00287.wav,0.0,14.329,14.329,n/ (50000000원)/(오천만 원) 정도 돼요. 주위에 적립식 펀드 (3년)/(삼 년) 했는데 여전히 마이너스 인 분들도 있긴 하던데 그래도 이왕 할 거면 이거 또 괜찮다는 분도+ 들도 있고 하시니깐 더 헷갈리는 것 같아요.,SOURCE_TEXT,,False,,D61_J92,normal_source_03568,unassigned
train_normal_00288,train,normal,0,D61_J92_S00015233,D61_J92_S00015233_seg005,aihub,data\normal_aihub\prepared_diverse\audio\D61_J92_S00015233\D61_J92_S00015233_seg005.wav,audio/normal/train_normal_00288.wav,0.0,16.224,16.224,n/ 근데 얼마 전 뉴스인가 인터넷 보니 요즘 지수가 높기 때문에 원금 손실의 가능성이 높고 조기 상환 가능성도 낮다는 글을 한번 본 적이 있어요. n/ 그럼 (6개월)/(육 개월) 이내 적립식 투자에 있어서 돈을 많이 넣는 게 좋은 것이 아닌 것 같기도 하고.,SOURCE_TEXT,,False,,D61_J92,normal_source_03570,unassigned
train_normal_00289,train,normal,0,D61_J92_S00015241,D61_J92_S00015241_seg003,aihub,data\normal_aihub\prepared_diverse\audio\D61_J92_S00015241\D61_J92_S00015241_seg003.wav,audio/normal/train_normal_00289.wav,0.0,15.018,15.018,생활비 대출은 (1학기)/(한 학기)당 최대 (1500000원)/(백 오십만 원)이라고 되어있는데요. 전액 신청 가능한가요? 그럼 납부는 제가 졸업하고 회사 취업하면 그때부터 상환 가능한 거죠? 제가 만약에 취업에 실패해서 백수생활이 길어지면 어떻게 되지요? 그러면 전 신용불량자가 되나요?,SOURCE_TEXT,,False,,D61_J92,normal_source_03577,unassigned
train_normal_00290,train,normal,0,D61_J92_S00015258,D61_J92_S00015258_seg008,aihub,data\normal_aihub\prepared_diverse\audio\D61_J92_S00015258\D61_J92_S00015258_seg008.wav,audio/normal/train_normal_00290.wav,0.0,12.011,12.011,n/ 찾아볼게요. n/ 신분증하고 적금 통장만 들고 가면 되는 거죠? 제가 따로 더 챙겨야 할 서류가 있을까요? n/ 은행 업무시간이 혹시 어떻게 되나요? 매일 폰으로 만 업무를 보니 영업시간을 잘 모르겠네요. n/ 네 그 시간에 맞춰서 방문드리겠습니다.,SOURCE_TEXT,,False,,D61_J92,normal_source_03589,unassigned
train_normal_00291,train,normal,0,D61_J92_S00015268,D61_J92_S00015268_seg007,aihub,data\normal_aihub\prepared_diverse\audio\D61_J92_S00015268\D61_J92_S00015268_seg007.wav,audio/normal/train_normal_00291.wav,0.0,14.467,14.467,n/ 그럼 지금 금리 인하가 되긴 했는데 미미하게 인하된 경우에는 나중에 저의 재무상태가 더 좋아지면 (6개월)/(육 개월) 뒤에 또 신청도 가능한 거 맞지요? n/ 궁금증 다 해결했습니다. 이거 홈페이지 보니 홈페이지에서도 신청 가능하던데 맞나요? n/ 네. 설명 고마워요.,SOURCE_TEXT,,False,,D61_J92,normal_source_03596,unassigned
train_normal_00292,train,normal,0,D61_J92_S00015299,D61_J92_S00015299_seg008,aihub,data\normal_aihub\prepared_diverse\audio\D61_J92_S00015299\D61_J92_S00015299_seg008.wav,audio/normal/train_normal_00292.wav,0.0,15.056,15.056,n/ 전문 상담가 분들한테 오로지 맡기는 투자자 분들도 있으신가요? n/ 그런 분들은 수익률의 몇 프로를 수수료로 줘야 하나요? n/ 맘 편하게 그냥 수수료 주고 그냥 전문가한테 맡기는 게 차라리 나을 것 같기도 하는 생각이 들긴 드네요.,SOURCE_TEXT,,False,,D61_J92,normal_source_03604,unassigned
train_normal_00293,train,normal,0,D61_J92_S00015307,D61_J92_S00015307_seg001,aihub,data\normal_aihub\prepared_diverse\audio\D61_J92_S00015307\D61_J92_S00015307_seg001.wav,audio/normal/train_normal_00293.wav,0.0,16.751,16.751,안녕하세요. 제가 이번에 대학에 입학하거든요. n/ 부모님이 너무 힘드셔서 제가 먼저 좀 알아보려고 연락드렸어요. 학자금 대출 제가 신청해도 되는 건지 어떻게 하는 건지 전반적으로 문의 좀 드리려고요. n/ 학자금 대출이 등록금이랑 생활비랑 같이 받을 수 있다고 알고 있는데 맞나요?,SOURCE_TEXT,,False,,D61_J92,normal_source_03606,unassigned
train_normal_00294,train,normal,0,D61_J92_S00015355,D61_J92_S00015355_seg008,aihub,data\normal_aihub\prepared_diverse\audio\D61_J92_S00015355\D61_J92_S00015355_seg008.wav,audio/normal/train_normal_00294.wav,0.0,15.621,15.621,n/ 그럼 지금 금리 인하가 되긴 했는데 미미하게 인하된 경우에는 나중에 저의 재무상태가 더 좋아지면 (6개월)/(육 개월) 뒤에 또 신청도 가능한 거 맞지요? n/ 궁금증 다 해결됐습니다. 이거 홈페이지 보니 홈페이지에서도 신청 가능한데 맞나요? n/ 네. 설명 고마워요. 감,SOURCE_TEXT,,False,,D61_J92,normal_source_03635,unassigned
train_normal_00295,train,normal,0,D61_J92_S00015410,D61_J92_S00015410_seg009,aihub,data\normal_aihub\prepared_diverse\audio\D61_J92_S00015410\D61_J92_S00015410_seg009.wav,audio/normal/train_normal_00295.wav,0.0,12.285,12.285,n/ 신분증하고 적금 통장만 들고 가면 되는 거죠? 제가 따로 더 챙겨야 할 서류가 있을까요? n/ 은행 업무시간이 혹시 어떻게 되나요? 매일 폰으로만 업무를 보니 영업시간을 잘 모르겠네요. n/ 네 그 시간에 맞춰서 방문드리겠습니다.,SOURCE_TEXT,,False,,D61_J92,normal_source_03663,unassigned
train_normal_00296,train,normal,0,D61_J92_S00015453,D61_J92_S00015453_seg005,aihub,data\normal_aihub\prepared_diverse\audio\D61_J92_S00015453\D61_J92_S00015453_seg005.wav,audio/normal/train_normal_00296.wav,0.0,17.88,17.88,그렇군요. 그게 안전할 거 같아요. 그럼 부모님께 도움받지 않고 스스로 공부할 수 있는 환경이 만들어지네요. 나라에서 이렇게 지원해주니 열심히 공부해서 돈 많이 벌어서 얼른 대출 갚아야겠어요. 이건 은행 방문해서 대출 신청해야 하나요? 아니면 인터넷으로도 가능한가요?,SOURCE_TEXT,,False,,D61_J92,normal_source_03684,unassigned
train_normal_00297,train,normal,0,D61_J92_S00015470,D61_J92_S00015470_seg008,aihub,data\normal_aihub\prepared_diverse\audio\D61_J92_S00015470\D61_J92_S00015470_seg008.wav,audio/normal/train_normal_00297.wav,0.0,14.586,14.586,n/ 그럼 지금 금리 인하가 되긴 했는데 미미하게 인하된 경우에는 나중에 저의 재무상태가 더 좋아지면 (6개월)/(육 개월) 뒤에 또 신청도 가능한 거 맞지요? n/ 궁금증 다 해결했습니다. 이거 홈페이지 보니 홈페이지에서도 신청 가능하던데 맞나요? n/ 네. 설명 고마워요.,SOURCE_TEXT,,False,,D61_J92,normal_source_03694,unassigned
train_normal_00298,train,normal,0,D61_J92_S00015507,D61_J92_S00015507_seg001,aihub,data\normal_aihub\prepared_diverse\audio\D61_J92_S00015507\D61_J92_S00015507_seg001.wav,audio/normal/train_normal_00298.wav,0.0,15.167,15.167,안녕하세요. 제가 이번에 대학에 입학하거든요. 부모님이 너무 힘드셔서 제가 먼저 좀 알아보려고 연+ 연락드렸어요. 학자금 대출 제가 신청해도 되는 건지 어떻게 하는 건지 전반적으로 문의 좀 (드리려고요)/(드릴려구요). 학자금 대출이 등록금이랑 생활비랑 같이 받을 수 있다고 알고 있는데 맞나요?,SOURCE_TEXT,,False,,D61_J92,normal_source_03703,unassigned
train_normal_00299,train,normal,0,D61_J92_S00015507,D61_J92_S00015507_seg004,aihub,data\normal_aihub\prepared_diverse\audio\D61_J92_S00015507\D61_J92_S00015507_seg004.wav,audio/normal/train_normal_00299.wav,0.0,18.381,18.381,일정 소득이 될 때까지 납부유예가 되는 거 맞나요? 그리고 대출받을 때 부모님 동의가 필수인가요? 제가 재수를 해서 미성년자가 아니거든요. 그럼 저 혼자 신청도 가능한 거죠? 그럼 대출이 승인되면 생활비랑 등록금이 모두 제 계좌로 들어오는 건가요? 아니면 등록금은 학교로 바로 전송되고 생활비만 저한테 입금되는 건가요?,SOURCE_TEXT,,False,,D61_J92,normal_source_03706,unassigned
train_normal_00300,train,normal,0,D61_J92_S00015538,D61_J92_S00015538_seg006,aihub,data\normal_aihub\prepared_diverse\audio\D61_J92_S00015538\D61_J92_S00015538_seg006.wav,audio/normal/train_normal_00300.wav,0.0,15.898,15.898,n/ 요즘 주식이나 펀드 안 하시는 분들이 없을 정도로 정말 투자를 많이 하던데 이렇게 목돈이 생겨도 알아야 투자를 하지 알지도 못하니 진짜 바보 같은 생각도 들고. n/ 전문 상담가 분들한테 오로지 맡기는 투자자 분들도 있으신가요? n/ 그런 분들은 수익률의 몇 프로를 수수료로 줘야 하나요?,SOURCE_TEXT,,False,,D61_J92,normal_source_03723,unassigned
train_normal_00301,train,normal,0,D61_J92_S00015546,D61_J92_S00015546_seg003,aihub,data\normal_aihub\prepared_diverse\audio\D61_J92_S00015546\D61_J92_S00015546_seg003.wav,audio/normal/train_normal_00301.wav,0.0,17.185,17.185,생활비 대출은 (1학기)/(한 학기)당 최대 (1500000원)/(백 오십만 원)이라고 되어있는데요? 전액 신청 가능한가요? 그럼 납부는 제가 졸업하고 회사 취업하면 그때부터 상환되는+ 상환 가능한 거죠? 제가 만약에 취업에 실패해서 백수생활이 길어지면 어떻게 되는+ 되지요? 그러면 전 신용불량자가 되나요? 일정 소득이 될 때까지 납부유예가 되는 거 맞나요?,SOURCE_TEXT,,False,,D61_J92,normal_source_03727,unassigned
train_normal_00302,train,normal,0,D61_J92_S00015563,D61_J92_S00015563_seg008,aihub,data\normal_aihub\prepared_diverse\audio\D61_J92_S00015563\D61_J92_S00015563_seg008.wav,audio/normal/train_normal_00302.wav,0.0,12.283,12.283,n/ 찾아볼게요. n/ 신분증하고 적금 통장만 들고 가면 되는 거죠? 제가 따로 더 챙겨야 할 서류가 있을까요? n/ 은행 업무시간이 혹시 어떻게 되나요? 매일 폰으로 만 업무를 보니 영업시간을 잘 모르겠네요. n/ 네 그 시간에 맞춰서 방문드리겠습니다.,SOURCE_TEXT,,False,,D61_J92,normal_source_03739,unassigned
train_normal_00303,train,normal,0,D61_J92_S00015572,D61_J92_S00015572_seg005,aihub,data\normal_aihub\prepared_diverse\audio\D61_J92_S00015572\D61_J92_S00015572_seg005.wav,audio/normal/train_normal_00303.wav,0.0,15.551,15.551,n/ 근데 얼마 전 뉴스인가 인터넷 보니 요즘 지수가 높기 때문에 원금 손실의 가능성이 높고 조기 상환 가능성도 낮다는 글을 한번 본 적이 있어요. n/ 그럼 (6개월)/(육 개월) 이내 적립식 투자에 있어서 돈을 많이 넣는 게 좋은 것이 아닌 것 같기도 하고.,SOURCE_TEXT,,False,,D61_J92,normal_source_03744,unassigned
train_normal_00304,train,normal,0,D61_J92_S00015580,D61_J92_S00015580_seg006,aihub,data\normal_aihub\prepared_diverse\audio\D61_J92_S00015580\D61_J92_S00015580_seg006.wav,audio/normal/train_normal_00304.wav,0.0,15.582,15.582,그렇군요. 그게 안전할 거 같아요. 그럼 부모님께 도움받지 않고 스스로 공부할 수 있는 환경이 만들어지겠네요. 나라에서 이렇게 지원해주니 열심히 공부해서 돈 많이 벌어서 얼른 대출 갚아야할+ 것+ 갚아야겠어요.,SOURCE_TEXT,,False,,D61_J92,normal_source_03755,unassigned
train_normal_00305,train,normal,0,D61_J92_S00015616,D61_J92_S00015616_seg004,aihub,data\normal_aihub\prepared_diverse\audio\D61_J92_S00015616\D61_J92_S00015616_seg004.wav,audio/normal/train_normal_00305.wav,0.0,16.453,16.453,n/ 그럼 개선되었다는 증거가 신용평가에서 받은 자료랑 원천징수 영수증이랑 건강보험료 납부내역 이 정도만 우선 내면 될까요? n/ 이메일로 서류 보내드릴 수 있어요. 주소 알려주세요. n/ 지금 보내드렸어요. 신청된 건가요? n/ 왜죠? 이메일까지 보내드렸는데요.,SOURCE_TEXT,,False,,D61_J92,normal_source_03763,unassigned
train_normal_00306,train,normal,0,D61_J92_S00015645,D61_J92_S00015645_seg003,aihub,data\normal_aihub\prepared_diverse\audio\D61_J92_S00015645\D61_J92_S00015645_seg003.wav,audio/normal/train_normal_00306.wav,0.0,15.611,15.611,n/ 그건 그렇죠. 내 돈이 나가는 거니. 근데 제가 다른 건 몰라도 일반적으로 펀드는 일정 금액을 적립식이나 거치식으로 투자를 한다고 해도 해당 펀드를 환매했을 때는 수익률에 따라 (1번)/(한 번)에 돈을 돌려받는 상품으로 알고 있었거.,SOURCE_TEXT,,False,,D61_J92,normal_source_03770,unassigned
train_normal_00307,train,normal,0,D61_J92_S00015653,D61_J92_S00015653_seg004,aihub,data\normal_aihub\prepared_diverse\audio\D61_J92_S00015653\D61_J92_S00015653_seg004.wav,audio/normal/train_normal_00307.wav,0.0,16.733,16.733,n/ 그럼 대출이 승인되면 생활비랑 등록금이 모두 제 계좌로 들어오는 건가요? 아니면 등록금은 학교로 바로 전송되고 생활비만 저한테 입금되는 건가요? n/ 그렇군요. 그게 안전할 거 같아요. 그럼 부모님께 도움받지 않고 스스로 공부할 수 있는 환경이 만들어지네요. n/ 나라에서 이렇게 지원해주니 열심히 공부해서 돈 많이 벌어서 얼른 대출 갚아야겠어요.,SOURCE_TEXT,,False,,D61_J92,normal_source_03779,unassigned
train_normal_00308,train,normal,0,D61_J92_S00015670,D61_J92_S00015670_seg008,aihub,data\normal_aihub\prepared_diverse\audio\D61_J92_S00015670\D61_J92_S00015670_seg008.wav,audio/normal/train_normal_00308.wav,0.0,12.41,12.41,n/ 찾아볼게요. n/ 신분증하고 적금 통장만 들고 가면 되는 거죠? 제가 따로 더 챙겨야 할 서류가 있을까요? n/ 은행 업무시간이 혹시 어떻게 되나요? 매일 폰으로 만 업무를 보니 영업시간을 잘 모르겠네요. n/ 네 그 시간에 맞춰서 방문드리겠습니다.,SOURCE_TEXT,,False,,D61_J92,normal_source_03789,unassigned
train_normal_00309,train,normal,0,D61_J92_S00015712,D61_J92_S00015712_seg003,aihub,data\normal_aihub\prepared_diverse\audio\D61_J92_S00015712\D61_J92_S00015712_seg003.wav,audio/normal/train_normal_00309.wav,0.0,15.161,15.161,그건 그렇죠. 내 돈이 나가는 거니. 근데 제가 다른 건 몰라도 일반적으로 펀드는 일정 금액을 적립식이나 거치식으로 투자를 한다고 해도 해당 펀드를 환매했을 때는 수익률에 따라 (1번)/(한 번)에 돈을 돌려받는 상품으로 알고 있었거든요.,SOURCE_TEXT,,False,,D61_J92,normal_source_03800,unassigned
train_normal_00310,train,normal,0,D61_J92_S00015720,D61_J92_S00015720_seg001,aihub,data\normal_aihub\prepared_diverse\audio\D61_J92_S00015720\D61_J92_S00015720_seg001.wav,audio/normal/train_normal_00310.wav,0.0,15.853,15.853,안녕하세요. 제가 이번에 대학에 입학하거든요. 부모님이 너무 힘드셔서 제가 먼저 좀 알아보려고 연락드렸어요. 학자금 대출 제가 신청해도 되는 건지 어떻게 하는 건지 전반적으로 문의 좀 (드리려고요)/(드릴려구요). 학자금 대출이 등록금이랑 생활비랑 같이 받을 수 있다고 알고 있는데 맞나요?,SOURCE_TEXT,,False,,D61_J92,normal_source_03806,unassigned
train_normal_00311,train,normal,0,D61_J92_S00015720,D61_J92_S00015720_seg006,aihub,data\normal_aihub\prepared_diverse\audio\D61_J92_S00015720\D61_J92_S00015720_seg006.wav,audio/normal/train_normal_00311.wav,0.0,17.229,17.229,휴학 동안 대출기간이 자동으로 연장되는 거죠? 제가 취업을 못해도 연장되는 거고요? 상환이+ 상환은 소득이 생긴 이후니까. 혹시라도 휴학이나 해외로 연수 갈 일이 생길까 봐 여쭤봤어요. 그리고 만약에 만약에 말이에요. 제가 학교를 다니다 중간에 자퇴를 하게 되면 어떻게 될까요? 그러면 대출을 다 상환해야 하나요?,SOURCE_TEXT,,False,,D61_J92,normal_source_03811,unassigned
train_normal_00312,train,normal,0,D61_J92_S00015737,D61_J92_S00015737_seg008,aihub,data\normal_aihub\prepared_diverse\audio\D61_J92_S00015737\D61_J92_S00015737_seg008.wav,audio/normal/train_normal_00312.wav,0.0,12.0,12.0,n/ 찾아볼게요. n/ 신분증하고 적금 통장만 들고 가면 되는 거죠? 제가 따로 더 챙겨야 할 서류가 있을까요? n/ 은행 업무시간이 혹시 어떻게 되나요? 매일 폰으로 만 업무를 보니 영업시간을 잘 모르겠네요. n/ 네 그 시간에 맞춰서 방문드리겠습니다.,SOURCE_TEXT,,False,,D61_J92,normal_source_03820,unassigned
train_normal_00313,train,normal,0,D61_J92_S00015758,D61_J92_S00015758_seg001,aihub,data\normal_aihub\prepared_diverse\audio\D61_J92_S00015758\D61_J92_S00015758_seg001.wav,audio/normal/train_normal_00313.wav,0.0,15.346,15.346,"안녕하세요. 제가 이번에 대학에 입학하거든요. n/ 부모님이 너무 힘드셔서 제가 먼저 좀 알아보려고 연락드렸어요. 학자금 대출 제가 신청해도 되는 건지 어떻게 하는 건지 전반적으로 문의 좀 드리려고요. n/ 학자금 대출이 등록금이랑 생활비랑 같이 받을 수 있다 하는데, 맞나요? n/ 금리도 (1.7%)/(일 쩜 칠 퍼센트)로 고정 금리라 하더라고요.",SOURCE_TEXT,,False,,D61_J92,normal_source_03828,unassigned
train_normal_00314,train,normal,0,D61_J92_S00015790,D61_J92_S00015790_seg003,aihub,data\normal_aihub\prepared_diverse\audio\D61_J92_S00015790\D61_J92_S00015790_seg003.wav,audio/normal/train_normal_00314.wav,0.0,15.483,15.483,n/ 그건 그렇죠. 내 돈이 나가는 거니까. 근데 제가 다른 건 몰라도 일반적으로 펀드는 일정 금액을 적립식이나 거치식으로 투자를 한다고 해도 해당 펀드를 환매를 했을 때는 수익률에 따라 (1번)/(한 번)에 돈을 돌려받는 상품으로 알고 있었거든요.,SOURCE_TEXT,,False,,D61_J92,normal_source_03841,unassigned
train_normal_00315,train,normal,0,D61_J92_S00015815,D61_J92_S00015815_seg008,aihub,data\normal_aihub\prepared_diverse\audio\D61_J92_S00015815\D61_J92_S00015815_seg008.wav,audio/normal/train_normal_00315.wav,0.0,12.654,12.654,n/ 찾아볼게요. n/ 신분증하고 적금 통장만 들고 가면 되는 거죠? 제가 따로 더 챙겨야 할 서류가 있을까요? n/ 은행 업무시간이 혹시 어떻게 되나요? 매일 폰으로 만 업무를 보니 영업시간을 잘 모르겠네요. n/ 네 그 시간에 맞춰서 방문드리겠습니다.,SOURCE_TEXT,,False,,D61_J92,normal_source_03861,unassigned
train_normal_00316,train,normal,0,D61_J92_S00015823,D61_J92_S00015823_seg003,aihub,data\normal_aihub\prepared_diverse\audio\D61_J92_S00015823\D61_J92_S00015823_seg003.wav,audio/normal/train_normal_00316.wav,0.0,13.824,13.824,"n/ (50000000원)/(오천만 원) 정도 돼요. b/ 주위에 적립식 펀드 (3년)/(삼 년) 됐는데 여전히 마이너스인 분도 있긴 한데, u/ 다 아는 분 들도 있고 하시니깐 b/ 더 헷갈리는 것 같아요.",SOURCE_TEXT,,False,,D61_J92,normal_source_03864,unassigned
train_normal_00317,train,normal,0,D61_J92_S00015831,D61_J92_S00015831_seg008,aihub,data\normal_aihub\prepared_diverse\audio\D61_J92_S00015831\D61_J92_S00015831_seg008.wav,audio/normal/train_normal_00317.wav,0.0,16.536,16.536,n/ 다른 적성을 찾으면 대학을 안 갈까 생각도 해봤는데 아직 다른 적성을 못 찾아서 혹시라도 나중에 적성을 찾는다면 자퇴할 생각도 있거든요. 감사해요. 감사해요. 부모님이 너무 힘들어 보여서 이런 상담을 못했어요. 친절한 상담 감사해요.,SOURCE_TEXT,,False,,D61_J92,normal_source_03878,unassigned
train_normal_00318,train,normal,0,D61_J92_S00015848,D61_J92_S00015848_seg008,aihub,data\normal_aihub\prepared_diverse\audio\D61_J92_S00015848\D61_J92_S00015848_seg008.wav,audio/normal/train_normal_00318.wav,0.0,13.435,13.435,n/ 찾아볼게요. n/ 신분증하고 적금 통장만 들고 가면 되는 거죠? 제가 따로 더 챙겨야 할 서류가 있을까요? n/ 은행 업무시간이 혹시 어떻게 되나요? 매일 폰으로 만 업무를 보니 영업시간을 잘 모르겠네요. n/ 네 그 시간에 맞춰서 방문드리겠습니다.,SOURCE_TEXT,,False,,D61_J92,normal_source_03886,unassigned
train_normal_00319,train,normal,0,D61_J92_S00015848,D61_J92_S00015848_seg005,aihub,data\normal_aihub\prepared_diverse\audio\D61_J92_S00015848\D61_J92_S00015848_seg005.wav,audio/normal/train_normal_00319.wav,0.0,17.85,17.85,n/ 그럼 저/ 제가 가지고 있는 적금에서 대출을 받을 수 있는 건가요? n/ 그 적금 안에 들어 있는 금액만큼 대출을 받을 수 있다는 건가요? 아님 어느 한도의 기준이 있는 건가요? n/ 아/ (70%)/(칠십 프로)요 제가 지금 현재 한 (30000000원)/(삼천만 원) 정도가 필요 한대 (70%)/(칠십 프로)면 그래도 모자라긴 모자라네요.,SOURCE_TEXT,,False,,D61_J92,normal_source_03883,unassigned
train_normal_00320,train,normal,0,D61_J92_S00015852,D61_J92_S00015852_seg004,aihub,data\normal_aihub\prepared_diverse\audio\D61_J92_S00015852\D61_J92_S00015852_seg004.wav,audio/normal/train_normal_00320.wav,0.0,16.33,16.33,n/ 그럼 개선되었다는 증거가 신용평가에서 받은 자료랑 원천징수 영수증이랑 건강보험료 납부내역 이 정도만 우선 내면 될까요? n/ 이메일로 서류 보내드릴 수 있어요. 주소 알려주세요. n/ 지금 보내드렸어요. 신청된 건가요? n/ 왜죠? 이메일까지 보내드렸는데요.,SOURCE_TEXT,,False,,D61_J92,normal_source_03890,unassigned
train_normal_00321,train,normal,0,D61_J92_S00015905,D61_J92_S00015905_seg005,aihub,data\normal_aihub\prepared_diverse\audio\D61_J92_S00015905\D61_J92_S00015905_seg005.wav,audio/normal/train_normal_00321.wav,0.0,15.008,15.008,n/ (0)/(공)년 (00월)/(공 공 월) (00)/(공 공)일이요. n/ 그럼 (10)/(십) 영업일 이내에 저한테 문자나 전화 아니면 이메일 회신이 오는 거죠? (3가지)/(세 가지) 다 살펴봐야 하나요? n/ 제가 대출받았던 상품이 소상공인 사업 대출이었는데 맞나요?,SOURCE_TEXT,,False,,D61_J92,normal_source_03907,unassigned
train_normal_00322,train,normal,0,D61_J92_S00015932,D61_J92_S00015932_seg005,aihub,data\normal_aihub\prepared_diverse\audio\D61_J92_S00015932\D61_J92_S00015932_seg005.wav,audio/normal/train_normal_00322.wav,0.0,15.161,15.161,n/ (00)/(영영) (0월)/(영 월) (0) (0월)/(영 월) (0일)/(영 일)이에요. n/ 그럼 (10)/(십) 영업일 이내에 저한테 문자나 전화 아니면 이메일 회신이 오는 건가요? (3가지)/(세 가지) 다 살펴봐야 하나요? n/ 제가 대출받았던 상품이 소상공인 사업 대출이었는데 맞아요?,SOURCE_TEXT,,False,,D61_J92,normal_source_03915,unassigned
train_normal_00323,train,normal,0,D61_J92_S00015959,D61_J92_S00015959_seg003,aihub,data\normal_aihub\prepared_diverse\audio\D61_J92_S00015959\D61_J92_S00015959_seg003.wav,audio/normal/train_normal_00323.wav,0.0,17.006,17.006,n/ 그럼 그걸 지금 신청+ 지금 행사하려고 하는데 신청해주시겠어요? n/ 이거 신청하면은 오성 은행에서 어/ (10)/(십)일 영업일 이내에 가타부타 저에게 대답해줘야 할 의무가 있는 거 맞는거죠?,SOURCE_TEXT,,False,,D61_J92,normal_source_03921,unassigned
train_normal_00324,train,normal,0,D61_J92_S00015959,D61_J92_S00015959_seg007,aihub,data\normal_aihub\prepared_diverse\audio\D61_J92_S00015959\D61_J92_S00015959_seg007.wav,audio/normal/train_normal_00324.wav,0.0,18.751,18.751,n/ 저 정말 금리가 높네요. 저당시에는 신용도가 아슬아슬하게 (5등급)/(오 등급) (6등급)/(육 등급) 정도여서 그랬거든요. 지금은 착실히 대출도 다 갚고 있고 돈도 잘 벌고 있어서 상황이 많이 달라졌어요. 지금 대출받는다면 저도 (2%)/(이 프로) 정도로 가능하지 않을까요?,SOURCE_TEXT,,False,,D61_J92,normal_source_03925,unassigned
train_normal_00325,train,normal,0,D61_J92_S00015985,D61_J92_S00015985_seg008,aihub,data\normal_aihub\prepared_diverse\audio\D61_J92_S00015985\D61_J92_S00015985_seg008.wav,audio/normal/train_normal_00325.wav,0.0,16.203,16.203,n/ 그럼 지금 금리 인하가 되긴 했는데 미미하게 인하된 경우에는 나중에 저의 재무상태가 더 좋아지면 (6개월)/(육 개월) 뒤에 또 신청도 가능한 거 맞지요? n/ 궁금증 다 해결했습니다. 이거 홈페이지 보니 홈페이지에서도 신청 가능하던데 맞나요? n/ 네. 설명 고마워요.,SOURCE_TEXT,,False,,D61_J92,normal_source_03935,unassigned
train_normal_00326,train,normal,0,D61_J92_S00015985,D61_J92_S00015985_seg002,aihub,data\normal_aihub\prepared_diverse\audio\D61_J92_S00015985\D61_J92_S00015985_seg002.wav,audio/normal/train_normal_00326.wav,0.0,18.336,18.336,n/ 이제는 사업도 안정화돼서 수익성도 다시 좋아졌고 제 신용도도 많이 올랐습니다. 그런데 대출 상환금 액보니 여전히 금리가 높아서요. 제가 알고 있기로는 나라에서 이런 부분 폐해를 막기 위해서 금리인하요구권을 고객이 행사할 수 있도록 해준다는데 맞나요?,SOURCE_TEXT,,False,,D61_J92,normal_source_03929,unassigned
train_normal_00327,train,normal,0,D61_J92_S00016022,D61_J92_S00016022_seg007,aihub,data\normal_aihub\prepared_diverse\audio\D61_J92_S00016022\D61_J92_S00016022_seg007.wav,audio/normal/train_normal_00327.wav,0.0,17.04,17.04,n/ 자퇴해도 소득이 없으면 유예되는 건가요? n/ 제가 학교를 다니다가 다른 학교로 편입하거나 그래도 이어지는 거 맞지요? n/ 지금 재수해서 최종 합격하긴 했지만 원래 목표로 했던 학교는 다른 곳이라서요. 학교 다니면서 편입 공부를 하거나 해보려고+ 해보려고요.,SOURCE_TEXT,,False,,D61_J92,normal_source_03953,unassigned
train_normal_00328,train,normal,0,D61_J92_S00016039,D61_J92_S00016039_seg001,aihub,data\normal_aihub\prepared_diverse\audio\D61_J92_S00016039\D61_J92_S00016039_seg001.wav,audio/normal/train_normal_00328.wav,0.0,16.038,16.038,"n/ 안녕하세요, n/ 가지고 있는 적금을 해지를 하고 싶어요. n/ 홍길동입니다. n/ 지금 만기가 얼마 남지 않은 상태인데 제가 갑자기 돈이 급하게 필요해서요. 대출을 받기도 그렇고 해서 적금을 해지할까 싶어요.",SOURCE_TEXT,,False,,D61_J92,normal_source_03955,unassigned
train_normal_00329,train,normal,0,D61_J92_S00016050,D61_J92_S00016050_seg002,aihub,data\normal_aihub\prepared_diverse\audio\D61_J92_S00016050\D61_J92_S00016050_seg002.wav,audio/normal/train_normal_00329.wav,0.0,15.765,15.765,n/ 주위에서 (ELS)/(이엘에스)? (DLS)/(디엘에스)? 뭐 적립식 펀드에 투자를 하라고 하더라고요. n/ 근데 제가 이쪽에는 정말 많이 무지해서요. 이 (3개)/(세 개)를 다 가입을 해도 적당 할련지 적립식 펀드는 처음 (6개월)/(육 개월)은 좀 많은 금액을 넣어두면 좋다는데 그런가요?,SOURCE_TEXT,,False,,D61_J92,normal_source_03965,unassigned
train_normal_00330,train,normal,0,D61_J92_S00016058,D61_J92_S00016058_seg003,aihub,data\normal_aihub\prepared_diverse\audio\D61_J92_S00016058\D61_J92_S00016058_seg003.wav,audio/normal/train_normal_00330.wav,0.0,15.764,15.764,n/ 생활비 대출은 (1학기)/(한 학기)당 최대 (1500000원)/(백 오십만 원)이라고 되어있는데요. 전액 신청 가능한가요? 그럼 납부는 제가 졸업하고 회사 취업하면 그때부터 상환 가능한 거죠? n/ 제가 만약에 취업에 실패해서 백수생활이 길어지면 어떻게 되죠? 그러면 전 신용불량자가 되나요?,SOURCE_TEXT,,False,,D61_J92,normal_source_03974,unassigned
train_normal_00331,train,normal,0,D61_J92_S00016075,D61_J92_S00016075_seg008,aihub,data\normal_aihub\prepared_diverse\audio\D61_J92_S00016075\D61_J92_S00016075_seg008.wav,audio/normal/train_normal_00331.wav,0.0,13.565,13.565,n/ 찾아볼게요. n/ 신분증하고 적금 통장만 들고 가면 되는 거죠? 제가 따로 더 챙겨야 할 서류가 있을까요? n/ 은행 업무시간이 혹시 어떻게 되나요? 매일 폰으로 만 업무를 보니 영업시간을 잘 모르겠네요. n/ 네 그 시간에 맞춰서 방문드리겠습니다.,SOURCE_TEXT,,False,,D61_J92,normal_source_03986,unassigned
train_normal_00332,train,normal,0,D61_J92_S00016084,D61_J92_S00016084_seg008,aihub,data\normal_aihub\prepared_diverse\audio\D61_J92_S00016084\D61_J92_S00016084_seg008.wav,audio/normal/train_normal_00332.wav,0.0,15.823,15.823,n/ 그러니 이 금리인하 요구 잘 처리되었으면 좋겠어요. 잘 부탁드립니다. n/ 혹시라도 이게 거절되면 전 계속 이 금리로 대출금 상환을 해야 하는 건가요? 재신청도 가능한가요? n/ 재신청은 횟수 제한이 있나요?,SOURCE_TEXT,,False,,D61_J92,normal_source_03994,unassigned
train_normal_00333,train,normal,0,D61_J92_S00016481,D61_J92_S00016481_seg010,aihub,data\normal_aihub\prepared_diverse\audio\D61_J92_S00016481\D61_J92_S00016481_seg010.wav,audio/normal/train_normal_00333.wav,0.0,15.233,15.233,o/ 제일 먼저 증권 (APPLICATION)/(어플)을 깔아야겠죠? 그 다음에 본인 인증 이거는 제 명의 휴대(PHONE)/(폰)이니까 제가 직접 본인 인증하면 될 거 같고요. 그리고 또 (MOBILE)/(모바일) 보안 (APPLICATION)/(어플리케이션)을 따로 설치해 줘야하네요?,SOURCE_TEXT,,False,,D61_J92,normal_source_04005,unassigned
train_normal_00334,train,normal,0,D61_J92_S00016532,D61_J92_S00016532_seg001,aihub,data\normal_aihub\prepared_diverse\audio\D61_J92_S00016532\D61_J92_S00016532_seg001.wav,audio/normal/train_normal_00334.wav,0.0,15.099,15.099,n/ 안녕하세요. n/ 예/ 다름이 아니고 제가 주식에 대해서 좀 공부를 해볼까 했는데 인터넷에 보니까 먼저 증권 계좌 개설 해야 한다고 하더라구요. 그래서 몇 가지 좀 문의를 드릴려구요. n/ 요즘은 증권사에 직접 가지 않고 비대면으로 계산을 방법도 있다고 하던데 맞나요?,SOURCE_TEXT,,False,,D61_J92,normal_source_04007,unassigned
train_normal_00335,train,normal,0,D61_J92_S00016600,D61_J92_S00016600_seg011,aihub,data\normal_aihub\prepared_diverse\audio\D61_J92_S00016600\D61_J92_S00016600_seg011.wav,audio/normal/train_normal_00335.wav,0.0,14.139,14.139,집에서도 금방 할 수 있는 것 같기도 하고 신분증 촬영이 제일 중요하겠네요. 이거를 잘 찍어 놔야 신분증 진위 확인이 잘 될 테니까요. 그렇죠? 오늘 친절한 상담 감사합니다. 네. 없어요. 또 궁금한 점 생기면 전화 드릴게요.,SOURCE_TEXT,,False,,D61_J92,normal_source_04026,unassigned
train_normal_00336,train,normal,0,D61_J92_S00016655,D61_J92_S00016655_seg007,aihub,data\normal_aihub\prepared_diverse\audio\D61_J92_S00016655\D61_J92_S00016655_seg007.wav,audio/normal/train_normal_00336.wav,0.0,15.302,15.302,n/ 제가 저번에 상담했던 그 상담분 진짜 누군지 알면 한 마디 해주고 싶네요 그래도 진짜 지금이라도 알아서 천만다행인 것 같 n/ 그럼 제가 적금 담보대출받으려고 하면 지금 이 전화 상담만으로 가능할까요? 아님 은행에 직접 방문을 해야 하나요?,SOURCE_TEXT,,False,,D61_J92,normal_source_04033,unassigned
train_normal_00337,train,normal,0,D61_J92_S00016705,D61_J92_S00016705_seg006,aihub,data\normal_aihub\prepared_diverse\audio\D61_J92_S00016705\D61_J92_S00016705_seg006.wav,audio/normal/train_normal_00337.wav,0.0,15.639,15.639,n/ 그걸 어떻게 기억하겠어요. 전화 상담사의 이름까지 알고 있는 고객이 얼마나 되겠어요. 거기 전산에는 나오지 않나요? n/ 그럼 저/ 제가 가지고 있는 적금에서 대출을 받을 수 있는 건가요? n/ 그 적금 안에 들어 있는 금액만큼 대출을 받을 수 있다는 건가요? 아님 어느 한도의 기준이 있는 건가요?,SOURCE_TEXT,,False,,D61_J92,normal_source_04048,unassigned
train_normal_00338,train,normal,0,D61_J92_S00016768,D61_J92_S00016768_seg005,aihub,data\normal_aihub\prepared_diverse\audio\D61_J92_S00016768\D61_J92_S00016768_seg005.wav,audio/normal/train_normal_00338.wav,0.0,15.696,15.696,n/ 그럼 (10)/(십) 영업일 이내+ 이내에 저한테 문자나 전화 아니면 이메일 회신이 오는 거죠? (3가지)/(세 가지) 다 살펴봐야 되나요? n/ 제가 대출받았던 상품이 소상공인 사업 대출이었는데 맞나요? n/ 이 상품 금리가 최저 (1.5%)/(일 점 오 프로)에서 최대 (5.6%)/(오 점 육 프로)로 알고 있는데 맞나요?,SOURCE_TEXT,,False,,D61_J92,normal_source_04056,unassigned
train_normal_00339,train,normal,0,D62_J93_S00000637,D62_J93_S00000637_seg005,aihub,data\normal_aihub\prepared_diverse\audio\D62_J93_S00000637\D62_J93_S00000637_seg005.wav,audio/normal/train_normal_00339.wav,0.0,15.186,15.186,"n/ 네, 없습니다. n/ 저 같은 문의하는 사람들이 없었나요? 이런 식이라면 저처럼 억울해하는 사람도 많을 것 같은데요. b/ o/ 동일 판매자라면 처음 말씀하신 방법으로 예외 적용해드리겠습니다. n/ 아/ 그래요? 감사해요. n/ 동일 판매자 맞나요? n/ 네, 그런 거 같은데요.",SOURCE_TEXT,,False,,D62_J93,normal_source_04064,unassigned
train_normal_00340,train,normal,0,D62_J93_S00000637,D62_J93_S00000637_seg010,aihub,data\normal_aihub\prepared_diverse\audio\D62_J93_S00000637\D62_J93_S00000637_seg010.wav,audio/normal/train_normal_00340.wav,0.0,16.142,16.142,"n/ 아닙니다. 다른 궁금하신 사항은 없으신가요? n/ 네, (궁금한 건)/(궁금하는 건) 없어요. 근데 여기 (쇼핑몰도)/(샤핑몰도) 타 (쇼핑몰들처럼)/(샤핑몰들처럼) 가격 보상제 같은 제도가 명확하게 있+ 있었으면 좋겠네요. b/ 매번 이럴 때마다 제가 억지 부리는 거 같고 해서 마음이 편치 않아요. n/ 네, 건의하겠습니다.",SOURCE_TEXT,,False,,D62_J93,normal_source_04069,unassigned
train_normal_00341,train,normal,0,D62_J93_S00000645,D62_J93_S00000645_seg001,aihub,data\normal_aihub\prepared_diverse\audio\D62_J93_S00000645\D62_J93_S00000645_seg001.wav,audio/normal/train_normal_00341.wav,0.0,15.764,15.764,"n/ 안녕하세요. 대한쇼핑 홍길동 입니다. n/ 네, 안녕하세요. o/ 다르마이엔+ 다름이 아니라 제가 상품을 주문을 했는데요. 어제 주문을 했는데 오늘 들어가 보니 배송 중+ 중이긴 한데 상품 금액이 더 저렴해졌어요. n/ 아/ 그러세요?",SOURCE_TEXT,,False,,D62_J93,normal_source_04072,unassigned
train_normal_00342,train,normal,0,D62_J93_S00000684,D62_J93_S00000684_seg007,aihub,data\normal_aihub\prepared_diverse\audio\D62_J93_S00000684\D62_J93_S00000684_seg007.wav,audio/normal/train_normal_00342.wav,0.0,15.279,15.279,"n/ 판매자가 동일 해 가능합니다. n/ 아/ 그럼 제가 지난번 했던 대로 지+ 지금 새로 보고있는 이 상품 바로 결제하면 거기서 앞전에 주문한 상품은 반춘+ 반품 접수하고 환불 처리까지 다 해주시는 거+ 거죠? n/ 네, 맞습니다.",SOURCE_TEXT,,False,,D62_J93,normal_source_04099,unassigned
train_normal_00343,train,normal,0,D62_J93_S00000749,D62_J93_S00000749_seg005,aihub,data\normal_aihub\prepared_diverse\audio\D62_J93_S00000749\D62_J93_S00000749_seg005.wav,audio/normal/train_normal_00343.wav,0.0,16.203,16.203,"네, 없습니다. 저 같은 문의하는 사람들이 없었나요? 이런 u/ 라면 저처럼 억울해하는 사람도 많을 것 같은데. 동일 판매자라면 처음 말씀하신 방법으로 예외 적용을 해 드리겠습니다. 아/ 그래요. 감사해요+ 감사해요. 동일 판매가 맞나요?",SOURCE_TEXT,,False,,D62_J93,normal_source_04119,unassigned
train_normal_00344,train,normal,0,D62_J93_S00000768,D62_J93_S00000768_seg007,aihub,data\normal_aihub\prepared_diverse\audio\D62_J93_S00000768\D62_J93_S00000768_seg007.wav,audio/normal/train_normal_00344.wav,0.0,15.507,15.507,"n/ 판매자가 동일해 가능합니다. n/ 아/ 그럼 제가 지난번 했던 대로 지금 새로 보고 있는 이 상품 바로 결제하면 거기서 앞전에 주문한 상품은 반품 접수하고 환불처리까지 다 해주시는 거죠? n/ 네, 맞습니다.",SOURCE_TEXT,,False,,D62_J93,normal_source_04131,unassigned
train_normal_00345,train,normal,0,D62_J93_S00000776,D62_J93_S00000776_seg005,aihub,data\normal_aihub\prepared_diverse\audio\D62_J93_S00000776\D62_J93_S00000776_seg005.wav,audio/normal/train_normal_00345.wav,0.0,15.45,15.45,"n/ 어/ 네, 그렇습니다. n/ 저 같은 문의하는 사람들은 없었나요? 이런 식이라면 저처럼 억울해 하는 사람도 많을 것 같은데요. n/ 동일 판매자 라면 처음 말씀하신 방법으로 예외 적용해드리겠습니다. n/ 아/ 그래요. 감사해요. n/ 동일 판매자 맞나요? n/ 네, 그런 거 같은데요.",SOURCE_TEXT,,False,,D62_J93,normal_source_04139,unassigned
train_normal_00346,train,normal,0,D62_J93_S00000862,D62_J93_S00000862_seg011,aihub,data\normal_aihub\prepared_diverse\audio\D62_J93_S00000862\D62_J93_S00000862_seg011.wav,audio/normal/train_normal_00346.wav,0.0,11.182,11.182,아/ 가격보상제 같은 제도가 명확하게 있었으면 좋겠네요. 매번 이럴때마다 제가 억지부리는것 같고 해서 마음이 편치가 않아요. 네. 건의하겠습니다. 네. n/ 감사합니다.,SOURCE_TEXT,,False,,D62_J93,normal_source_04165,unassigned
train_normal_00347,train,normal,0,D62_J93_S00002023,D62_J93_S00002023_seg007,aihub,data\normal_aihub\prepared_diverse\audio\D62_J93_S00002023\D62_J93_S00002023_seg007.wav,audio/normal/train_normal_00347.wav,0.0,12.133,12.133,"n/ 네네, 좀 부탁드릴요. 오늘 출고되도록 해주셔야 해요. n/ 네, 그럼 다 됐죠? n/ 네, 없어요. 오늘 꼭 출고해 주시고, 사은품은 마스크팩으로 메모 좀 꼭 해주세요. n/ 네 수고하세요.",SOURCE_TEXT,,False,,D62_J93,normal_source_04172,unassigned
train_normal_00348,train,normal,0,D62_J93_S00002057,D62_J93_S00002057_seg004,aihub,data\normal_aihub\prepared_diverse\audio\D62_J93_S00002057\D62_J93_S00002057_seg004.wav,audio/normal/train_normal_00348.wav,0.0,18.005,18.005,"n/ 그래도, 최대한 회수 전 연락이 올 수 있게끔 상담사분 통해 메모를 남긴다거나 요청 사항을 남긴다거나 그런 것들은 가능하죠? 가능할 것 같은데. n/ 다행이네요. 그러면 최대한 (CJ)/(씨제이) 대한통운 회수 기사님께서 방문 전 회수 진행할 수 있도록 많은 도움 부탁드리겠습니다.",SOURCE_TEXT,,False,,D62_J93,normal_source_04176,unassigned
train_normal_00349,train,normal,0,D62_J93_S00002221,D62_J93_S00002221_seg006,aihub,data\normal_aihub\prepared_diverse\audio\D62_J93_S00002221\D62_J93_S00002221_seg006.wav,audio/normal/train_normal_00349.wav,0.0,15.163,15.163,n/ 다행이네요. 그렇다면 회수지를 제가 상품 받았던 배송지가 아닌 저희 아파트 (1층)/(일 층) (1106동)/(천 백 육 동) 경비실로 부탁드립니다. 경비원분이 상품을 전해드릴 거예요. 제가 반품 보내는 상품에 이름이나 연락처를 써야 할까요?,SOURCE_TEXT,,False,,D62_J93,normal_source_04204,unassigned
train_normal_00350,train,normal,0,D62_J93_S00002256,D62_J93_S00002256_seg002,aihub,data\normal_aihub\prepared_diverse\audio\D62_J93_S00002256\D62_J93_S00002256_seg002.wav,audio/normal/train_normal_00350.wav,0.0,15.552,15.552,"n/ 그/ 빠르게 회수가 돼야 되는 건 아니거든요? 지금 당장 회수를 해 달라고 상담사분께 말씀을 드리는 게 아니라 조금 늦더라도 어떤 특정 일자에 회수가 됐으면 하는 게 제 개인적인 바람입니다. n/ 그렇다면, 회수 접수를 하면 언제 회수가 되는지 알고, 어떻게 회수가 되는 것인+ 것으로 알고 있어야 될까요?",SOURCE_TEXT,,False,,D62_J93,normal_source_04208,unassigned
train_normal_00351,train,normal,0,D62_J93_S00002297,D62_J93_S00002297_seg004,aihub,data\normal_aihub\prepared_diverse\audio\D62_J93_S00002297\D62_J93_S00002297_seg004.wav,audio/normal/train_normal_00351.wav,0.0,16.779,16.779,"n/ 그래도, 최대한 회수 전 연락이 올 수 있게끔 상담사분 통해 메모를 남긴다거나 요청 사항을 남긴다거나 그런 것들은 가능하죠? 가능할 것 같은데. n/ 다행이네요. 그러면 최대한 (CJ)/(씨제이) 대한통운 회수 기사님께서 방문 전 회수 진행할 수 있도록 많은 도움 부탁드리겠습니다.",SOURCE_TEXT,,False,,D62_J93,normal_source_04226,unassigned
train_normal_00352,train,normal,0,D62_J93_S00002395,D62_J93_S00002395_seg001,aihub,data\normal_aihub\prepared_diverse\audio\D62_J93_S00002395\D62_J93_S00002395_seg001.wav,audio/normal/train_normal_00352.wav,0.0,16.079,16.079,"n/ 아/ u/ 네, 안녕하세요. 다름이 아니라 제가 다판다몰에서 다이어리를 구매했는데, 포스트잇으로 오배송되어 반품 (접수하려고요)/(접수하려구요). n/ 네, 택배 박스 송장 사진과 오배송된 제품 사진은 촬영해서 카카오톡이나 메일로 공유해 드릴게요.",SOURCE_TEXT,,False,,D62_J93,normal_source_04240,unassigned
train_normal_00353,train,normal,0,D62_J93_S00002407,D62_J93_S00002407_seg005,aihub,data\normal_aihub\prepared_diverse\audio\D62_J93_S00002407\D62_J93_S00002407_seg005.wav,audio/normal/train_normal_00353.wav,0.0,15.979,15.979,n/ 그럼 상품은 보통 언제쯤 도착해요? 빨리 받아봤으면 좋겠는데. 주말에 가족들 내려온다고 해서 쓰려고 하는데 주말 전에 받았으면 해요. n/ 그럼 주말까지 안 올 수도 있겠네요? 꼭 받았으면 하는데 오겠죠? 여기가 지방이긴 한데 시내 근처이긴 하거든요.,SOURCE_TEXT,,False,,D62_J93,normal_source_04251,unassigned
train_normal_00354,train,normal,0,D62_J93_S00002504,D62_J93_S00002504_seg004,aihub,data\normal_aihub\prepared_diverse\audio\D62_J93_S00002504\D62_J93_S00002504_seg004.wav,audio/normal/train_normal_00354.wav,0.0,19.36,19.36,"n/ 그래도, 최대한 회수 전 연락이 올 수 있게끔 상담사분 통해 메모를 남긴다거나 요청 사항을 남긴다거나 그런 것들은 가능하죠? 가능할 것 같은데. 다행이네요. n/ 그러면 최대한 (CJ)/(씨제이) 대한통운 회수 기사님께서 방문 전 회수 진행할 수 있도록 많은 도움 부탁드리겠습니다.",SOURCE_TEXT,,False,,D62_J93,normal_source_04288,unassigned
train_normal_00355,train,normal,0,D62_J93_S00002553,D62_J93_S00002553_seg009,aihub,data\normal_aihub\prepared_diverse\audio\D62_J93_S00002553\D62_J93_S00002553_seg009.wav,audio/normal/train_normal_00355.wav,0.0,11.957,11.957,"네네, 부탁 좀 할게요. 꼭 오늘 출고되도록 해주셔야 해요. 네, 그럼 다 됐죠? 네, 없어요. 오늘 꼭 출고해 주시고, 사은품은 마스크팩으로 메모 좀 꼭 해주세요. 네 수고하세요.",SOURCE_TEXT,,False,,D62_J93,normal_source_04314,unassigned
train_normal_00356,train,normal,0,D62_J93_S00002553,D62_J93_S00002553_seg008,aihub,data\normal_aihub\prepared_diverse\audio\D62_J93_S00002553\D62_J93_S00002553_seg008.wav,audio/normal/train_normal_00356.wav,0.0,16.993,16.993,"그럼 빼먹지 마시고 꼭 오늘 출고만 해주세요. 운송장 번호 오면 택배기사님한테 한번 전화해볼게요. n/ 아참, 그리고 사은품 있던데 그거 마스프 마스크팩으로 보내주시면 안 될까요? 어디 들고나갈 건 아니라 소프트 케이스는 안 주셔도 되고요.",SOURCE_TEXT,,False,,D62_J93,normal_source_04313,unassigned
train_normal_00357,train,normal,0,D62_J93_S00002557,D62_J93_S00002557_seg004,aihub,data\normal_aihub\prepared_diverse\audio\D62_J93_S00002557\D62_J93_S00002557_seg004.wav,audio/normal/train_normal_00357.wav,0.0,16.469,16.469,n/ 잠시만요. 아/ 결제 방금 막 (끝났고요)/(끝났구요). 주문번호가 (20201226335553)/(이 공 이 공 일 이 이 육 삼 삼 오 오 오 삼)이네요. 입금은 여기 쉐어링 쇼핑 (CS)/(씨 에스) 은행 계좌로 (34000원)/(삼만 사천 원) 입금했어요.,SOURCE_TEXT,,False,,D62_J93,normal_source_04318,unassigned
train_normal_00358,train,normal,0,D62_J93_S00002602,D62_J93_S00002602_seg006,aihub,data\normal_aihub\prepared_diverse\audio\D62_J93_S00002602\D62_J93_S00002602_seg006.wav,audio/normal/train_normal_00358.wav,0.0,16.213,16.213,n/ 그럼 주말까지 안 올 수도 있겠네요? 꼭 받았으면 하는데 오겠죠? 여기가 지방이긴 한데 시내 근처이긴 하거든요. n/ 그럼 빼먹지 마시고 꼭 오늘 출고만 해주세요. 운+ 운송장 번호 오면 택배기사님한테 한번 전화해볼게요.,SOURCE_TEXT,,False,,D62_J93,normal_source_04333,unassigned
train_normal_00359,train,normal,0,D62_J93_S00002623,D62_J93_S00002623_seg007,aihub,data\normal_aihub\prepared_diverse\audio\D62_J93_S00002623\D62_J93_S00002623_seg007.wav,audio/normal/train_normal_00359.wav,0.0,12.289,12.289,"네네, 좀 부탁할게요. 꼭 오늘 출고되도록 해주셔야 해요. 네, 그럼 다 됐죠? 네, 없어요. 오늘 꼭 출고해 주시고, 사은품은 마스크팩으로 메모 좀 꼭 해주세요. 네 수고하세요.",SOURCE_TEXT,,False,,D62_J93,normal_source_04341,unassigned
train_normal_00360,train,normal,0,D62_J93_S00002623,D62_J93_S00002623_seg002,aihub,data\normal_aihub\prepared_diverse\audio\D62_J93_S00002623\D62_J93_S00002623_seg002.wav,audio/normal/train_normal_00360.wav,0.0,15.423,15.423,"n/ 전화로도 할 수 있어요? 그럼 너무 감사하죠. 유효기간이 (0622)/(공 육 이 이)(이고요)/(이구요), (CVC)/(씨 브이 씨) 번호가 (333)/(삼 삼 삼)이네요. n/ 네? 한도 초과요? 벌써 그렇게 됐나? 아니 그런데 그럼 한도 초과 카드라고 결제 페이지에서 팝업 같은 게 뜨지 않나요?",SOURCE_TEXT,,False,,D62_J93,normal_source_04336,unassigned
train_normal_00361,train,normal,0,D62_J93_S00002634,D62_J93_S00002634_seg002,aihub,data\normal_aihub\prepared_diverse\audio\D62_J93_S00002634\D62_J93_S00002634_seg002.wav,audio/normal/train_normal_00361.wav,0.0,15.9,15.9,"뭐 때문에 오류인 줄 알아야 뭘 해볼 수 해볼 텐데 알 수 없는 오류가 발생되었습니다 이렇게만 나오는데요? 전화로도 할 수 있어요? 그럼 너무 감사하죠. n/ 유효기간이 (0622)/(공 육 이 이)(이고요)/(이구요), (CVC)/(씨 브이 씨) 번호가 (333)/(삼 삼 삼)이네요.",SOURCE_TEXT,,False,,D62_J93,normal_source_04343,unassigned
train_normal_00362,train,normal,0,D62_J93_S00002642,D62_J93_S00002642_seg005,aihub,data\normal_aihub\prepared_diverse\audio\D62_J93_S00002642\D62_J93_S00002642_seg005.wav,audio/normal/train_normal_00362.wav,0.0,15.059,15.059,그럼 상품은 보통 언제쯤 도착해요? 빨리 받아봤으면 좋겠는데. 주말에 가족들 내려온다고 해서 쓰려고 하는데 주말 전에 받았으면 해서요. 그럼 주말까지 안 올 수도 있겠네요? 꼭 받았으면 하는데 오겠죠? 여기가 지방이긴 한데 시내 근처이긴 하거든요.,SOURCE_TEXT,,False,,D62_J93,normal_source_04353,unassigned
train_normal_00363,train,normal,0,D62_J93_S00002661,D62_J93_S00002661_seg002,aihub,data\normal_aihub\prepared_diverse\audio\D62_J93_S00002661\D62_J93_S00002661_seg002.wav,audio/normal/train_normal_00363.wav,0.0,15.143,15.143,"n/ 전화로도 할 수 있어요? 그럼 너무 감사하죠. 유효기간이 (0622)/(공 육 이 이)(이고요)/(이구요), (CVC)/(씨 브이 씨) 번호가 (333)/(삼 삼 삼)이네요. 네? 한도 초과요? 벌써 그렇게 됐나? 아니 그런데 그럼 한도 초과 카드라고 결제 페이지에서 팝업 같은 게 뜨지 않나요?",SOURCE_TEXT,,False,,D62_J93,normal_source_04356,unassigned
train_normal_00364,train,normal,0,D62_J93_S00002701,D62_J93_S00002701_seg005,aihub,data\normal_aihub\prepared_diverse\audio\D62_J93_S00002701\D62_J93_S00002701_seg005.wav,audio/normal/train_normal_00364.wav,0.0,15.317,15.317,n/ 어휴. 그냥 카드 한도 한번 확인해보면 됐+ 됐을 걸 여기 연락도 잘 안돼서 몇 번을 전화했었는데 괜히 시간만 날렸네요. 그럼 여기 (2시)/(두 시) 전 주문건까지 당일 출고해준다+ 해준다고 봤는데 맞죠?,SOURCE_TEXT,,False,,D62_J93,normal_source_04365,unassigned
train_normal_00365,train,normal,0,D62_J93_S00002729,D62_J93_S00002729_seg005,aihub,data\normal_aihub\prepared_diverse\audio\D62_J93_S00002729\D62_J93_S00002729_seg005.wav,audio/normal/train_normal_00365.wav,0.0,16.545,16.545,n/ 그럼 상품은 보통 언제쯤 도착해요? 빨리 받아봤으면 좋겠는데. 주말에 가족들 내려온다고 해서 쓰려고 하는데 주말 전에 받았으면 해요. n/ 그럼 주말까지 안 올 수도 있겠네요? 꼭 받았으면 하는데 오겠죠? 여기가 지방이긴 한데 시내 근처이긴 하거든요.,SOURCE_TEXT,,False,,D62_J93,normal_source_04380,unassigned
train_normal_00366,train,normal,0,D62_J93_S00002771,D62_J93_S00002771_seg007,aihub,data\normal_aihub\prepared_diverse\audio\D62_J93_S00002771\D62_J93_S00002771_seg007.wav,audio/normal/train_normal_00366.wav,0.0,11.883,11.883,"n/ 네네, 좀 부탁할게요. 꼭 오늘 출고되도록 해주셔야 해요. n/ 네, 그럼 다 됐죠? n/ 네, 없어요. 오늘 꼭 출고해 주시고, 사은품은 마스크팩으로 메모 좀 꼭 해주세요. n/ 수고하세요.",SOURCE_TEXT,,False,,D62_J93,normal_source_04388,unassigned
train_normal_00367,train,normal,0,D62_J93_S00002803,D62_J93_S00002803_seg006,aihub,data\normal_aihub\prepared_diverse\audio\D62_J93_S00002803\D62_J93_S00002803_seg006.wav,audio/normal/train_normal_00367.wav,0.0,15.424,15.424,n/ 그럼 주말까지 안 올 수도 있겠네+ 있겠네요? 꼭 받았으면 하는데 오겠죠? 여기가 지방이긴 한데 시내 근처이긴 하거든요. n/ 그럼 빼먹지 마시고 꼭 오늘 출고만 해주세요. 운송장 번호 오면 택배기사님한테 한번 전화해볼게요.,SOURCE_TEXT,,False,,D62_J93,normal_source_04402,unassigned
train_normal_00368,train,normal,0,D62_J93_S00002812,D62_J93_S00002812_seg002,aihub,data\normal_aihub\prepared_diverse\audio\D62_J93_S00002812\D62_J93_S00002812_seg002.wav,audio/normal/train_normal_00368.wav,0.0,17.36,17.36,"어/ 빠르게 회수가 돼야 하는 거 아닌* 거+ 거든요? 지금 당장 회수를 해 달라고 상담사분께 말씀드리는 것이 아니라 조금 늦더라도 어떤 특정 일자에 회수가 되었으면 하는 게 제 개인적인 (바람입니다)/(바램입니다). 아/ 그렇다면, 회수 접수를 하면 언제 회수가 되는지 알고, 어떻게 회수가 되는 것으로 알고 있어야 할까요?",SOURCE_TEXT,,False,,D62_J93,normal_source_04405,unassigned
train_normal_00369,train,normal,0,D62_J93_S00002819,D62_J93_S00002819_seg009,aihub,data\normal_aihub\prepared_diverse\audio\D62_J93_S00002819\D62_J93_S00002819_seg009.wav,audio/normal/train_normal_00369.wav,0.0,14.046,14.046,"n/ 네네, 좀 부탁드릴게요. 꼭 오늘 출고되도록 해주셔야 해요. n/ 네, 그럼 다 됐죠? n/ 네, 없어요. 오늘 꼭 출고해 주시고, 사은품은 마스크팩으로 메모 꼭 좀 해주세요. 네 수고하세요.",SOURCE_TEXT,,False,,D62_J93,normal_source_04419,unassigned
train_normal_00370,train,normal,0,D62_J93_S00002938,D62_J93_S00002938_seg006,aihub,data\normal_aihub\prepared_diverse\audio\D62_J93_S00002938\D62_J93_S00002938_seg006.wav,audio/normal/train_normal_00370.wav,0.0,15.959,15.959,n/ 다행이네요. 그렇다면 회수지를 제가 상품 받았던 배송지가 아닌 저희 아파트 (1층)/(일 층) (1106동)/(천 백 육 동) 경비실로 부탁드립니다. 경비원분이 상품을 전달해드릴 거예요. n/ 그 제가 반품 보내는 상품에 이름이나 연락처를 써야 될까요?,SOURCE_TEXT,,False,,D62_J93,normal_source_04432,unassigned
train_normal_00371,train,normal,0,D62_J93_S00003023,D62_J93_S00003023_seg002,aihub,data\normal_aihub\prepared_diverse\audio\D62_J93_S00003023\D62_J93_S00003023_seg002.wav,audio/normal/train_normal_00371.wav,0.0,14.978,14.978,"빠르게 회수가 돼야 하는 건 아니거든요? 지금 당장 회수를 해달라고 상담사분께 말씀을 드리는 것이 아니라 조금 늦더라도 어떤 특정 일자에 회수가 됐으면 하는 게 제 개인적인 바람입니다. 그렇다면, 회수 접수를 하면 언제 회수가 되는지 알고, 어떻게 회수가 되는 것으로 알고 있어야 할까요?",SOURCE_TEXT,,False,,D62_J93,normal_source_04436,unassigned
train_normal_00372,train,normal,0,D62_J93_S00003030,D62_J93_S00003030_seg004,aihub,data\normal_aihub\prepared_diverse\audio\D62_J93_S00003030\D62_J93_S00003030_seg004.wav,audio/normal/train_normal_00372.wav,0.0,17.449,17.449,"n/ 그래도, 최대한 회수 전 연락이 올 수 있게끔 상담사 분 통해 메모를 남긴다거나 요청사항을 남긴다거나 그런 것들은 가능하죠? 어/ 가능할 것 같은데 다행이네요. 그러면 최대한 (CJ)/(씨제이) 대한통운 회수 기사님께서 방문 전 회수 진행할 수 있도록 많은 도움 부탁드리겠습니다.",SOURCE_TEXT,,False,,D62_J93,normal_source_04445,unassigned
train_normal_00373,train,normal,0,D62_J93_S00003150,D62_J93_S00003150_seg001,aihub,data\normal_aihub\prepared_diverse\audio\D62_J93_S00003150\D62_J93_S00003150_seg001.wav,audio/normal/train_normal_00373.wav,0.0,15.456,15.456,"네. 안녕하세요. 다름이 아니라 제가 다판다 몰에서 다이어리를 구매했는데요, 포스트잇으로 오배송되어 반품 (접수하려고요)/(접수 하려구요). 네, 택배박스 송장 사진과 오배송된 사+ 제품 사진은 촬영하여 카카오톡이나 메일로 공유해드리겠습니다.",SOURCE_TEXT,,False,,D62_J93,normal_source_04456,unassigned
train_normal_00374,train,normal,0,D62_J93_S00003212,D62_J93_S00003212_seg002,aihub,data\normal_aihub\prepared_diverse\audio\D62_J93_S00003212\D62_J93_S00003212_seg002.wav,audio/normal/train_normal_00374.wav,0.0,15.853,15.853,"빠르게 회수가 돼야 하는 건 아니거든요? 지금 당장 회수를 해달라고 상담사분께 말씀을 드리는 게 아니라 조금 늦더라도 어떤 특정 일자에 회수가 됐으면 하는 게 제 개인적인 바람입니다. n/ 그렇다면, 회수 접수를 하면 언제 회수가 되는지 알고, 어떻게 회수가 되는 것으로 알고 있어야 할까요?",SOURCE_TEXT,,False,,D62_J93,normal_source_04465,unassigned
train_normal_00375,train,normal,0,D62_J93_S00005776,D62_J93_S00005776_seg004,aihub,data\normal_aihub\prepared_diverse\audio\D62_J93_S00005776\D62_J93_S00005776_seg004.wav,audio/normal/train_normal_00375.wav,0.0,16.136,16.136,"그래도, 최대한 회수 전에 연락이 올 수 있게끔 상담사 분 통해 메모를 남긴다거나 요청사항을 남긴다거나 그런 것들은 가능하죠? 가능할 것 같은데. 다행이네요. 그럼 최대한 (CJ)/(씨제이) 대한통운 회수 기사님께 방문 전 회수 진행할 수 있도록 많은 도움 부탁드리겠습니다.",SOURCE_TEXT,,False,,D62_J93,normal_source_04496,unassigned
train_normal_00376,train,normal,0,D62_J93_S00006409,D62_J93_S00006409_seg005,aihub,data\normal_aihub\prepared_diverse\audio\D62_J93_S00006409\D62_J93_S00006409_seg005.wav,audio/normal/train_normal_00376.wav,0.0,15.202,15.202,n/ 그럼 상품은 보통 언제쯤 도착해요? 빨리 받아봤으면 좋겠는데. 주말에 가족들 내려온다고 해서 쓰려고 하는데 주말 전에 받았으면 해요. n/ 그럼 주말까지 안 올 수도 있겠네요? 꼭 받았으면 하는데 오겠죠? 여기가 지방이긴 한데 시내 근처이긴 하거든요.,SOURCE_TEXT,,False,,D62_J93,normal_source_04504,unassigned
train_normal_00377,train,normal,0,D62_J93_S00007629,D62_J93_S00007629_seg006,aihub,data\normal_aihub\prepared_diverse\audio\D62_J93_S00007629\D62_J93_S00007629_seg006.wav,audio/normal/train_normal_00377.wav,0.0,15.916,15.916,n/ 네 상품코드가 (35789620)/(삼 오 칠 팔 구 육 이 공) 이네요? n/ 아/ 그럼 제가 지난번 했던 대로 지금 새로 보고 있는 이 상품 바로 결제하면 거기서 앞전에 주문한 상품은 반품 접수하고 환불처리까지 다 해주시는 거죠?,SOURCE_TEXT,,False,,D62_J93,normal_source_04516,unassigned
train_normal_00378,train,normal,0,D62_J93_S00007679,D62_J93_S00007679_seg006,aihub,data\normal_aihub\prepared_diverse\audio\D62_J93_S00007679\D62_J93_S00007679_seg006.wav,audio/normal/train_normal_00378.wav,0.0,13.44,13.44,"n/ 네 안되는데 해주셔서 감사합니다. n/ 네 궁금한 건 없어요. 근데 여기 쇼핑몰도 타 쇼핑몰들처럼 가격 보상제 같은 제도가 명확하게 있었으면 좋겠네요. 매번 이럴 때마다 제가 억지 부리는 것 같고 해서 마음이 편치가 않아요. n/ 네, 감사합니다.",SOURCE_TEXT,,False,,D62_J93,normal_source_04524,unassigned
train_normal_00379,train,normal,0,D62_J93_S00007772,D62_J93_S00007772_seg006,aihub,data\normal_aihub\prepared_diverse\audio\D62_J93_S00007772\D62_J93_S00007772_seg006.wav,audio/normal/train_normal_00379.wav,0.0,15.099,15.099,n/ 네 안되는데 해주셔서 감사합니다. n/ 네 궁금한 건 없어요. 근데 여기 쇼핑몰도 타 쇼핑몰들처럼 가격 보상제 같은 제도가 명확하게 있었으면 좋겠네요. 매번 이럴 때마다 제가 억지 부리는 것 같고 해서 마음이 편치가 않아요. n/ 네 감사합니다.,SOURCE_TEXT,,False,,D62_J93,normal_source_04530,unassigned
train_normal_00380,train,normal,0,D62_J93_S00007772,D62_J93_S00007772_seg003,aihub,data\normal_aihub\prepared_diverse\audio\D62_J93_S00007772\D62_J93_S00007772_seg003.wav,audio/normal/train_normal_00380.wav,0.0,20.041,20.041,n/ 아/ 그래요? 그럼 제가 수+ 수취거부해도 이건 취소가 안 되는 건가요? n/ 다른 쇼핑몰들은 구매하고 이렇게 바로 가격 변동 생기는 경우 금액 보상제도라던가 이런 서비스들이 잘 되어 있던데 대한 쇼핑은 그런 정책은 없는 건가요? n/ 저 같은 문의하는 사람들이 없었나요? 이런 식이라면 저처럼 억울해하는 사람도 많을 것 같은데요.,SOURCE_TEXT,,False,,D62_J93,normal_source_04527,unassigned
train_normal_00381,train,normal,0,D62_J93_S00007947,D62_J93_S00007947_seg006,aihub,data\normal_aihub\prepared_diverse\audio\D62_J93_S00007947\D62_J93_S00007947_seg006.wav,audio/normal/train_normal_00381.wav,0.0,15.96,15.96,n/ 네 안되는데 해주셔서 감사합니다. n/ 네 궁금한 건 없어요. 근데 여기 쇼핑몰도 타 쇼핑몰들처럼 가격 보상제 같은 같은+ 제도가 명확하게 있었으면 좋겠네요. 매번 이럴 때마다 제가 억지 부리는 것 같고 해서 마음이 편치가 않아요. n/ 네 감사합니다.,SOURCE_TEXT,,False,,D62_J93,normal_source_04536,unassigned
train_normal_00382,train,normal,0,D62_J93_S00008231,D62_J93_S00008231_seg010,aihub,data\normal_aihub\prepared_diverse\audio\D62_J93_S00008231\D62_J93_S00008231_seg010.wav,audio/normal/train_normal_00382.wav,0.0,12.77,12.77,n/ 진짜요? 너무 좋아요. 우리 집에서는 마포구가 그나마 가까운 것 같아요. 매장 가서 직접 사야겠네요. 언제 오픈하나요? n/ 금방 여네요. 그러면 그때 마포구 점을 들려야겠네요. 감사합니다.,SOURCE_TEXT,,False,,D62_J93,normal_source_04546,unassigned
train_normal_00383,train,normal,0,D62_J93_S00008290,D62_J93_S00008290_seg009,aihub,data\normal_aihub\prepared_diverse\audio\D62_J93_S00008290\D62_J93_S00008290_seg009.wav,audio/normal/train_normal_00383.wav,0.0,11.12,11.12,n/ 진짜요? 너무 좋아요. 우리 집에서는 마포구가 그나마 제일 가까운 것 같아요. 매장 가서 직접 사야겠네요. 언제 오픈하나요? n/ 금방 여네요. 그러면 그 때 마포구 점을 들려야겠네요. 감사합니다.,SOURCE_TEXT,,False,,D62_J93,normal_source_04555,unassigned
train_normal_00384,train,normal,0,D62_J93_S00008348,D62_J93_S00008348_seg005,aihub,data\normal_aihub\prepared_diverse\audio\D62_J93_S00008348\D62_J93_S00008348_seg005.wav,audio/normal/train_normal_00384.wav,0.0,12.987,12.987,n/ 근데 어디서 그런 좋은 품질의 제품을 가져오는 것인가요? 저한테 알려주세요. 제가 유통 쪽에서 일해본 적이 있어서 딱 회사명 말씀해주시면 원재료비가 높은 것인지 알 수 있어요.,SOURCE_TEXT,,False,,D62_J93,normal_source_04560,unassigned
train_normal_00385,train,normal,0,D62_J93_S00008377,D62_J93_S00008377_seg007,aihub,data\normal_aihub\prepared_diverse\audio\D62_J93_S00008377\D62_J93_S00008377_seg007.wav,audio/normal/train_normal_00385.wav,0.0,12.55,12.55,"n/ 네, 마케팅만 더 잘 되면 마우저가 탑이 될 것 같아요. n/ 아/ 그러면 온라인에서는 단품으로는 구매가 안되는 거죠? 그냥 제품들을 묶어서 팔 때 잘 어울리는 것으로만 구성해서 판매한다는 것으로 끝인 건가요?",SOURCE_TEXT,,False,,D62_J93,normal_source_04573,unassigned
train_normal_00386,train,normal,0,D62_J93_S00008377,D62_J93_S00008377_seg006,aihub,data\normal_aihub\prepared_diverse\audio\D62_J93_S00008377\D62_J93_S00008377_seg006.wav,audio/normal/train_normal_00386.wav,0.0,16.555,16.555,n/ 헐/ 왜 그러는 거죠? 마우저 품질 좋다는 것은 알려졌지만 마니아층만 알잖아요. b/ 써본 사람들이 주변 사람들에게 알려주+ 알려서 솔직히 퍼진 것도 있어요. 품질은 누구 못지않은 곳인데 그에 대비해 유명하지 않아서 아쉽네요.,SOURCE_TEXT,,False,,D62_J93,normal_source_04572,unassigned
train_normal_00387,train,normal,0,D62_J93_S00008406,D62_J93_S00008406_seg005,aihub,data\normal_aihub\prepared_diverse\audio\D62_J93_S00008406\D62_J93_S00008406_seg005.wav,audio/normal/train_normal_00387.wav,0.0,12.219,12.219,n/ 근데 어디서 그런 좋은 품질의 제품을 가져오는 건가요? 저한테 알려주세요. 제가 유통 쪽에서 일해본 적이 있어서 딱 회사명 말씀해주시면 원재료비가 높은 것인지 알 수 있어요.,SOURCE_TEXT,,False,,D62_J93,normal_source_04581,unassigned
train_normal_00388,train,normal,0,D62_J93_S00008485,D62_J93_S00008485_seg010,aihub,data\normal_aihub\prepared_diverse\audio\D62_J93_S00008485\D62_J93_S00008485_seg010.wav,audio/normal/train_normal_00388.wav,0.0,12.193,12.193,n/ 진짜요? 너무 좋아요. 우리 집에서는 마포구가 그나마 가까운 것 같아요. 매장 가서 직접 사야겠네요. 언제 오픈하나요? n/ 금방 여네요. 그러면 그때 마포구 점을 들려야겠네요. 감사합니다.,SOURCE_TEXT,,False,,D62_J93,normal_source_04597,unassigned
train_normal_00389,train,normal,0,D62_J93_S00008527,D62_J93_S00008527_seg009,aihub,data\normal_aihub\prepared_diverse\audio\D62_J93_S00008527\D62_J93_S00008527_seg009.wav,audio/normal/train_normal_00389.wav,0.0,13.435,13.435,n/ 진짜요? 너무 좋아요. 우리 집에서는 마포구가 그나마 가까운 것 같아요. 매장 가서 직접 사야겠네요. 언제 오픈하나요? n/ 금방 여네요. 그러면 그 때 마포구 점을 들려야겠네요. 감사합니다.,SOURCE_TEXT,,False,,D62_J93,normal_source_04606,unassigned
train_normal_00390,train,normal,0,D62_J93_S00008548,D62_J93_S00008548_seg011,aihub,data\normal_aihub\prepared_diverse\audio\D62_J93_S00008548\D62_J93_S00008548_seg011.wav,audio/normal/train_normal_00390.wav,0.0,14.271,14.271,n/ 아/ 진짜요? 너무 좋아요. 우리 집에서는 마포구가 그나마 가까운 것 같아요. 매장 가서 직접 사야겠네요. 언제 오픈하나요? n/ 아/ 금방 여네요. 그러면 그때 마포구 점을 들려야겠네요. 감사합니다.,SOURCE_TEXT,,False,,D62_J93,normal_source_04617,unassigned
train_normal_00391,train,normal,0,D62_J93_S00008548,D62_J93_S00008548_seg007,aihub,data\normal_aihub\prepared_diverse\audio\D62_J93_S00008548\D62_J93_S00008548_seg007.wav,audio/normal/train_normal_00391.wav,0.0,16.963,16.963,n/ 헐 왜 그러는 거죠? 마우저가 품질 좋다는 것은 알려졌지만 마니아층만 알잖아요. 써본 사람들이 주변 사람들에게 알려서 솔직히 퍼진 것도 있어요. 품질은 누구 못지 않은데 그에 대비해 유명하지 않아서 아쉽네요.,SOURCE_TEXT,,False,,D62_J93,normal_source_04613,unassigned
train_normal_00392,train,normal,0,D62_J93_S00008581,D62_J93_S00008581_seg009,aihub,data\normal_aihub\prepared_diverse\audio\D62_J93_S00008581\D62_J93_S00008581_seg009.wav,audio/normal/train_normal_00392.wav,0.0,12.326,12.326,n/ 아/ 진짜요? 너무 좋아요. 우리 집에서는 마포구가 그나마 가까운 것 같아요. 매장 가서 직접 사야겠네요. 언제 오픈하나요? n/ 금방 여네요. 그러면 그때 마포구 점을 들려야겠네요. 감사합니다.,SOURCE_TEXT,,False,,D62_J93,normal_source_04626,unassigned
train_normal_00393,train,normal,0,D62_J93_S00008607,D62_J93_S00008607_seg008,aihub,data\normal_aihub\prepared_diverse\audio\D62_J93_S00008607\D62_J93_S00008607_seg008.wav,audio/normal/train_normal_00393.wav,0.0,11.062,11.062,n/ 진짜요? 너무 좋아요. 우리 집에서는 마포구가 그나마 가까운 것 같아요. 매장 가서 직접 사야겠네요. 언제 오픈하나요? n/ 금방 여네요. 그러면 그 때 마포구 점을 들려야겠네요. 감사합니다.,SOURCE_TEXT,,False,,D62_J93,normal_source_04634,unassigned
train_normal_00394,train,normal,0,D62_J93_S00008607,D62_J93_S00008607_seg005,aihub,data\normal_aihub\prepared_diverse\audio\D62_J93_S00008607\D62_J93_S00008607_seg005.wav,audio/normal/train_normal_00394.wav,0.0,16.78,16.78,n/ 헐/ 왜 그러는 거죠? 마우저가 품질 좋다는 것은 알려졌지만 마니아층만 알잖아요. b/ 써본 사람들이 주변 사람들에게 알려서 솔직히 퍼진 것도 있어요. 품질은 누구+ 못지않게+ 누구 못지않게 곳인데 그에 대비해 유명하지 않아서 아쉽네요.,SOURCE_TEXT,,False,,D62_J93,normal_source_04631,unassigned
train_normal_00395,train,normal,0,D62_J93_S00008653,D62_J93_S00008653_seg005,aihub,data\normal_aihub\prepared_diverse\audio\D62_J93_S00008653\D62_J93_S00008653_seg005.wav,audio/normal/train_normal_00395.wav,0.0,12.841,12.841,n/ 근데 어디서 그런 좋은 품질의 제품을 가져오는 것인가요? 저한테 알려주세요. 제가 유통 쪽에서 일해본 적이 있어서 딱 회사명 말씀해주시면 원재료비가 높은 것인지 알 수 있어요.,SOURCE_TEXT,,False,,D62_J93,normal_source_04646,unassigned
train_normal_00396,train,normal,0,D62_J93_S00008764,D62_J93_S00008764_seg009,aihub,data\normal_aihub\prepared_diverse\audio\D62_J93_S00008764\D62_J93_S00008764_seg009.wav,audio/normal/train_normal_00396.wav,0.0,12.677,12.677,n/ 진짜요? 너무 좋아요. 우리 집에서는 마포구가 그나마 가까운 것 같아요. 매장 가서 직접 사야겠네요. 언제 오픈하나요? n/ 금방 여네요. 그러면 그 때 마포구 점을 들려야겠네요. 감사합니다.,SOURCE_TEXT,,False,,D62_J93,normal_source_04670,unassigned
train_normal_00397,train,normal,0,D62_J93_S00008764,D62_J93_S00008764_seg003,aihub,data\normal_aihub\prepared_diverse\audio\D62_J93_S00008764\D62_J93_S00008764_seg003.wav,audio/normal/train_normal_00397.wav,0.0,15.547,15.547,n/ 아니 그러면 묶어서 팔더라도 그거랑 맞는 제품들이랑 하면 안 되나요? 차라리 저는 맥스틸 키보드랑 같이 팔았으면 좋았을 것 같아요. 그리고 오히려 배송비 아끼려고 너무 필요 없는 물건까지 사긴 싫네요. 차라리 배송비를 내고 말겠어요.,SOURCE_TEXT,,False,,D62_J93,normal_source_04664,unassigned
train_normal_00398,train,normal,0,D62_J93_S00008864,D62_J93_S00008864_seg010,aihub,data\normal_aihub\prepared_diverse\audio\D62_J93_S00008864\D62_J93_S00008864_seg010.wav,audio/normal/train_normal_00398.wav,0.0,11.859,11.859,n/ 진짜요? 너무 좋아요. 우리 집에서는 마포구가 그나마 가까운 것 같아요. 매장 가서 직접 사야겠네요. 언제 오픈하나요? n/ 금방 여네요. 그러면 그때 마포구 점을 들려야겠네요. 감사합니다.,SOURCE_TEXT,,False,,D62_J93,normal_source_04680,unassigned
train_normal_00399,train,normal,0,D62_J93_S00008899,D62_J93_S00008899_seg009,aihub,data\normal_aihub\prepared_diverse\audio\D62_J93_S00008899\D62_J93_S00008899_seg009.wav,audio/normal/train_normal_00399.wav,0.0,12.001,12.001,n/ 진짜요? 너무 좋아요. 우리 집에서는 마포구가 그나마 가까운 것 같아요. 매장 가서 직접 사야겠네요. 언제 오픈하나요? n/ 금방 여네요. 그러면 그 때 마포구 점을 들려야겠네요. 감사합니다.,SOURCE_TEXT,,False,,D62_J93,normal_source_04689,unassigned
train_normal_00400,train,normal,0,D62_J93_S00008959,D62_J93_S00008959_seg009,aihub,data\normal_aihub\prepared_diverse\audio\D62_J93_S00008959\D62_J93_S00008959_seg009.wav,audio/normal/train_normal_00400.wav,0.0,11.853,11.853,n/ 진짜요? 너무 좋아요. 우리 집에서는 마포구가 그나마 가까운 것 같아요. 매장 가서 직접 사야겠네요. 언제 오픈하나요? n/ 금방 여네요. 그러면 그때 마포구 점을 들려야겠네요. 감사합니다.,SOURCE_TEXT,,False,,D62_J93,normal_source_04698,unassigned
train_normal_00401,train,normal,0,D62_J93_S00009041,D62_J93_S00009041_seg009,aihub,data\normal_aihub\prepared_diverse\audio\D62_J93_S00009041\D62_J93_S00009041_seg009.wav,audio/normal/train_normal_00401.wav,0.0,12.364,12.364,n/ 진짜요? 너무 좋아요. 우리 집에서는 마포구가 그나마 가까운 것 같아요. 매장 가서 직접 사야겠네요. 언제 오픈하나요? n/ 금방 여네요. 그러면 그때 마포구 점을 들려야겠네요. 감사합니다.,SOURCE_TEXT,,False,,D62_J93,normal_source_04707,unassigned
train_normal_00402,train,normal,0,D62_J93_S00009041,D62_J93_S00009041_seg006,aihub,data\normal_aihub\prepared_diverse\audio\D62_J93_S00009041\D62_J93_S00009041_seg006.wav,audio/normal/train_normal_00402.wav,0.0,15.579,15.579,n/ 헐 왜 그러는 거죠? 마우처가 품질 좋다는 것은 알려졌지만 마니아층만 알잖아요. 써본 사람들이 주변 사람들에게 알려서 솔직히 퍼진 것도 있어요. 품질은 누구 못지않은 곳인데 그에 대비해 유명하지 않아서 아쉽네요.,SOURCE_TEXT,,False,,D62_J93,normal_source_04704,unassigned
train_normal_00403,train,normal,0,D62_J93_S00009071,D62_J93_S00009071_seg005,aihub,data\normal_aihub\prepared_diverse\audio\D62_J93_S00009071\D62_J93_S00009071_seg005.wav,audio/normal/train_normal_00403.wav,0.0,15.098,15.098,"안되는구나. 번거롭지만 인천점까지 가야겠네요. n/ 제가 서울 살 때 한스를 정말 좋아해서 자주 갔었거든요. 매장에서 먹고 갈 때면 항상 케익 조각과 함께 머그잔에 따뜻한 물을 담아줬는데, 그때 그/ 머그잔 하고 접시도 따로 구매할 수 있나요?",SOURCE_TEXT,,False,,D62_J93,normal_source_04712,unassigned
train_normal_00404,train,normal,0,D62_J93_S00009071,D62_J93_S00009071_seg007,aihub,data\normal_aihub\prepared_diverse\audio\D62_J93_S00009071\D62_J93_S00009071_seg007.wav,audio/normal/train_normal_00404.wav,0.0,17.109,17.109,그렇네요! (1000원)/(천 원) 이상 구입 시 휴대폰 번호를 누르면 구매금액의 (2%)/(이 퍼센트)가 적립이 되는군요. 적립된 포인트를 확인할 수 있는 방법은 따로 없을까요? 아/ 네. 카카오톡을 통해서 안내받을 수 있구나. 나름 체계적이군요. 누적 포인트가 몇 점 이상이면 사용이 가능할까요?,SOURCE_TEXT,,False,,D62_J93,normal_source_04714,unassigned
train_normal_00405,train,normal,0,D62_J93_S00009081,D62_J93_S00009081_seg004,aihub,data\normal_aihub\prepared_diverse\audio\D62_J93_S00009081\D62_J93_S00009081_seg004.wav,audio/normal/train_normal_00405.wav,0.0,17.072,17.072,다행이네요. 제가 딸기 타르트를 정말 좋아하거든요. 한스 케익 하면 다들 딸기 타르트를 생각하잖아요. 딸기 토핑이 그렇게 많이 들어가니 맛이 없을 수가 없죠. 혹시 딸기 타르트 오늘 부천점에 재고가 있나요?,SOURCE_TEXT,,False,,D62_J93,normal_source_04720,unassigned
train_normal_00406,train,normal,0,D62_J93_S00009090,D62_J93_S00009090_seg005,aihub,data\normal_aihub\prepared_diverse\audio\D62_J93_S00009090\D62_J93_S00009090_seg005.wav,audio/normal/train_normal_00406.wav,0.0,15.238,15.238,"n/ 안되는구나. 번거롭지만 인천점까지 가야겠네요. n/ 제가 서울 살 때 한스를 정말 좋아해서 자주 갔었거든요. 매장에서 먹고 갈 때면 항상 (케이크)/(케익) 조각과 함께 머그잔에 따뜻한 물을 담아줬는데, 그때 그/ 머그잔 하고 접시도 따로 구매할 수 있나요?",SOURCE_TEXT,,False,,D62_J93,normal_source_04731,unassigned
train_normal_00407,train,normal,0,D62_J93_S00009136,D62_J93_S00009136_seg005,aihub,data\normal_aihub\prepared_diverse\audio\D62_J93_S00009136\D62_J93_S00009136_seg005.wav,audio/normal/train_normal_00407.wav,0.0,13.035,13.035,n/ 근데 어디서 그런 좋은 품질의 제품을 가져오는 것인가요? 저한테 알려주세요. 제가 유통 쪽에서 일해본 적이 있어서 딱 회사명 말씀해주시면 원재료비가 높은 것인지 알 수 있어요.,SOURCE_TEXT,,False,,D62_J93,normal_source_04749,unassigned
train_normal_00408,train,normal,0,D62_J93_S00009168,D62_J93_S00009168_seg011,aihub,data\normal_aihub\prepared_diverse\audio\D62_J93_S00009168\D62_J93_S00009168_seg011.wav,audio/normal/train_normal_00408.wav,0.0,12.41,12.41,n/ 네 감사합니다. 지금 예약된 거죠? 그럼? n/ 가서 딸기 타르트 예약했다고 하고 기프티콘만 보여주면 되나요? n/ 감사합니다. 매장 정보 찾기가 힘들었는데 도움이 많이 됐어요.,SOURCE_TEXT,,False,,D62_J93,normal_source_04774,unassigned
train_normal_00409,train,normal,0,D62_J93_S00009206,D62_J93_S00009206_seg009,aihub,data\normal_aihub\prepared_diverse\audio\D62_J93_S00009206\D62_J93_S00009206_seg009.wav,audio/normal/train_normal_00409.wav,0.0,12.467,12.467,n/ 네 감사합니다. 지금 예약된 거죠? 그럼. n/ 가서 딸기 타르트 예약했다고 하고 기프티콘만 보여주면 되나요? n/ 감사합니다. 매장 정보 찾기가 힘들었는데 도움이 많이 됐어요.,SOURCE_TEXT,,False,,D62_J93,normal_source_04792,unassigned
train_normal_00410,train,normal,0,D62_J93_S00009216,D62_J93_S00009216_seg007,aihub,data\normal_aihub\prepared_diverse\audio\D62_J93_S00009216\D62_J93_S00009216_seg007.wav,audio/normal/train_normal_00410.wav,0.0,15.653,15.653,적립된 포인트를 확인할 수 있는 방법은 따로 없을까요? 아/ 네. 카카오톡을 통해서 안내받을 수 있구나. 나름 체계적이군요. 누적 포인트가 몇 점 이상이면 사용이 가능할까요? n/ 그럼 웬만한 단골이 아닌 이상 포인트 모으기가 힘들겠네요. 포인트 유효기간은 언제까지인가요?,SOURCE_TEXT,,False,,D62_J93,normal_source_04799,unassigned
train_normal_00411,train,normal,0,D62_J93_S00009235,D62_J93_S00009235_seg011,aihub,data\normal_aihub\prepared_diverse\audio\D62_J93_S00009235\D62_J93_S00009235_seg011.wav,audio/normal/train_normal_00411.wav,0.0,12.779,12.779,네 감사합니다. 지금 예약된 거죠? 그럼? 가서 딸기 타르트 예약했다고 하고 기프티콘만 보여주면 되나요? 감사합니다. 매장 정보가 찾기가 힘들었는데 도움이 많이 됐어요.,SOURCE_TEXT,,False,,D62_J93,normal_source_04811,unassigned
train_normal_00412,train,normal,0,D62_J93_S00009245,D62_J93_S00009245_seg010,aihub,data\normal_aihub\prepared_diverse\audio\D62_J93_S00009245\D62_J93_S00009245_seg010.wav,audio/normal/train_normal_00412.wav,0.0,11.341,11.341,n/ 네 감사합니다. 지금 예약된 거죠? 그럼? n/ 가서 딸기 타르트 예약했다고 하고 기프티콘만 보여주면 되나요? n/ 감사합니다. 매장 정보 찾기가 힘들었는데 도움이 많이 됐어요.,SOURCE_TEXT,,False,,D62_J93,normal_source_04821,unassigned
train_normal_00413,train,normal,0,D62_J93_S00009290,D62_J93_S00009290_seg009,aihub,data\normal_aihub\prepared_diverse\audio\D62_J93_S00009290\D62_J93_S00009290_seg009.wav,audio/normal/train_normal_00413.wav,0.0,12.097,12.097,n/ 진짜요? 너무 좋아요. 우리 집에서는 마포구가 그나마 가까운 것 같아요. 매장 가서 직접 사야겠네요. 언제 오픈하나요? n/ 금방 여네요. 그러면 그때 마포구 점을 들려야겠네요. 감사합니다.,SOURCE_TEXT,,False,,D62_J93,normal_source_04856,unassigned
train_normal_00414,train,normal,0,D62_J93_S00009290,D62_J93_S00009290_seg006,aihub,data\normal_aihub\prepared_diverse\audio\D62_J93_S00009290\D62_J93_S00009290_seg006.wav,audio/normal/train_normal_00414.wav,0.0,15.431,15.431,n/ 헐 왜 그러는 거죠? 마우저가 품질 좋다는 것은 알려졌지만 마니아층만 알잖아요. 써본 사람들이 주변 사람들에게 알려서 솔직히 퍼진 것도 있어요. 품질은 누구 못지않은 곳인데 그에 대비해 유명하지 않아서 아쉽네요.,SOURCE_TEXT,,False,,D62_J93,normal_source_04853,unassigned
train_normal_00415,train,normal,0,D62_J93_S00009321,D62_J93_S00009321_seg010,aihub,data\normal_aihub\prepared_diverse\audio\D62_J93_S00009321\D62_J93_S00009321_seg010.wav,audio/normal/train_normal_00415.wav,0.0,15.383,15.383,n/ 진짜요? 너무 좋아요. 우리 집에서는 마포구가 그나마 가까운 것 같아요. 매장 가서 직접 사야겠네요. 언제 오픈하나요? n/ 금방 여네요. 그러면 그때 마포구 점을 들려야겠네요. 감사합니다.,SOURCE_TEXT,,False,,D62_J93,normal_source_04866,unassigned
train_normal_00416,train,normal,0,D62_J93_S00009349,D62_J93_S00009349_seg010,aihub,data\normal_aihub\prepared_diverse\audio\D62_J93_S00009349\D62_J93_S00009349_seg010.wav,audio/normal/train_normal_00416.wav,0.0,12.336,12.336,n/ 진짜요? 너무 좋아요. 우리 집에서는 마포구가 그나마 가까운 것 같아요. 매장 가서 직접 사야겠네요. 언제 오픈하나요? n/ 금방 여네요. 그러면 그때 마포구 점을 들려야겠네요. 감사합니다.,SOURCE_TEXT,,False,,D62_J93,normal_source_04876,unassigned
train_normal_00417,train,normal,0,D62_J93_S00009378,D62_J93_S00009378_seg008,aihub,data\normal_aihub\prepared_diverse\audio\D62_J93_S00009378\D62_J93_S00009378_seg008.wav,audio/normal/train_normal_00417.wav,0.0,13.162,13.162,n/ 진짜요? 너무 좋아요. 우리 집에서는 마포구가 그나마 가까운 것 같아요. 매장 가서 직접 사야겠네요. 언제 오픈하나요? n/ 금방 여네요. 그러면 그때 마포구 점을 들려야겠네요. 감사합니다.,SOURCE_TEXT,,False,,D62_J93,normal_source_04894,unassigned
train_normal_00418,train,normal,0,D62_J93_S00009378,D62_J93_S00009378_seg005,aihub,data\normal_aihub\prepared_diverse\audio\D62_J93_S00009378\D62_J93_S00009378_seg005.wav,audio/normal/train_normal_00418.wav,0.0,16.892,16.892,n/ 헐 왜 그러는 거죠? 마우저가 품질 좋다는 것은 알려졌지만 마니아층만 알잖아요. 써본 사람들이 주변 사람들에게 알려서 솔직히 퍼진 것도 있어요. 품질은 누구 못지않은 곳인데 그에 대비해 유명하지 않아서 아쉽네요. n/ 네 마케팅만 더 잘되면 마우저가 탑이 될 것 같네요.,SOURCE_TEXT,,False,,D62_J93,normal_source_04891,unassigned
train_normal_00419,train,normal,0,D62_J93_S00009391,D62_J93_S00009391_seg011,aihub,data\normal_aihub\prepared_diverse\audio\D62_J93_S00009391\D62_J93_S00009391_seg011.wav,audio/normal/train_normal_00419.wav,0.0,12.875,12.875,n/ 네 감사합니다. 지금 예약된 거죠? 그럼? n/ 가서 딸기 타르트 예약했다고 하고 기프티콘만 보여주면 되나요? n/ 감사합니다. 매장 정보 찾기가 힘들었는데 도움이 많이 됐어요.,SOURCE_TEXT,,False,,D62_J93,normal_source_04905,unassigned
train_normal_00420,train,normal,0,D62_J93_S00009391,D62_J93_S00009391_seg002,aihub,data\normal_aihub\prepared_diverse\audio\D62_J93_S00009391\D62_J93_S00009391_seg002.wav,audio/normal/train_normal_00420.wav,0.0,16.704,16.704,"n/ 아/ 다행이네요. 한스는 한스는 전국에 매장이 몇 개나 있나요? n/ 아/ 서울과 인천 그리고 대구, 경기권 지역에 (34개)/(서른네 개) 매장이 있군요. n/ 그럼 대구 아래쪽은 매장이 없는 거네요. 부산이나 이런 곳 말이에요.",SOURCE_TEXT,,False,,D62_J93,normal_source_04896,unassigned
train_normal_00421,train,normal,0,D62_J93_S00009401,D62_J93_S00009401_seg007,aihub,data\normal_aihub\prepared_diverse\audio\D62_J93_S00009401\D62_J93_S00009401_seg007.wav,audio/normal/train_normal_00421.wav,0.0,15.341,15.341,n/ 적립된 포인트를 확인할 수 있는 방법은 따로 없을까요? n/ 아/ 네. 카카오톡을 통해서 안내받을 수 있구나. 나름 체계적이군요. n/ 누적 포인트가 몇 점 이상이면 사용이 가능할까요? n/ 그럼 웬만한 단골이 아닌 이상 포인트 모으기가 힘들겠네요. n/ 포인트 유효기간은 언제까지인가요?,SOURCE_TEXT,,False,,D62_J93,normal_source_04912,unassigned
train_normal_00422,train,normal,0,D62_J93_S00009430,D62_J93_S00009430_seg010,aihub,data\normal_aihub\prepared_diverse\audio\D62_J93_S00009430\D62_J93_S00009430_seg010.wav,audio/normal/train_normal_00422.wav,0.0,11.645,11.645,n/ 네 감사합니다. 지금 예약된 거죠? 그럼? n/ 가서 딸기 타르트 예약했다고 하고 기프티콘만 보여주시면 되나요? n/ 감사합니다. 매양정+ 매장 정보 찾기가 힘들었는데 도움이 많이 됐어요.,SOURCE_TEXT,,False,,D62_J93,normal_source_04932,unassigned
train_normal_00423,train,normal,0,D62_J93_S00009996,D62_J93_S00009996_seg006,aihub,data\normal_aihub\prepared_diverse\audio\D62_J93_S00009996\D62_J93_S00009996_seg006.wav,audio/normal/train_normal_00423.wav,0.0,15.781,15.781,"n/ 네, 안되는데 해주셔서 감사합니다. n/ 네, 궁금한 건 없어요. 근데 여기 쇼핑몰도 타 쇼핑몰들처럼 가격 보상교육제 같은 제도가 명확하게 있었으면 좋겠네요. 매번 이럴 때마다 제가 억지 부리는 것 같고 해서 마음이 편치가 않아요. n/ 네, 감사합니다.",SOURCE_TEXT,,False,,D62_J93,normal_source_04958,unassigned
train_normal_00424,train,normal,0,D62_J93_S00010096,D62_J93_S00010096_seg003,aihub,data\normal_aihub\prepared_diverse\audio\D62_J93_S00010096\D62_J93_S00010096_seg003.wav,audio/normal/train_normal_00424.wav,0.0,12.484,12.484,"n/ 그렇다면, 회수 접수를 하면 언제 회수가 되는지 알고, 어떻게 회수가 되는 것으로 알고 있어야 할까요? n/ (CJ)/(씨제이) 대한통운 회수 기사님께서 제게 오시기 전에 연락을 주고 오시나요?",SOURCE_TEXT,,False,,D62_J93,normal_source_04961,unassigned
train_normal_00425,train,normal,0,D62_J93_S00010398,D62_J93_S00010398_seg001,aihub,data\normal_aihub\prepared_diverse\audio\D62_J93_S00010398\D62_J93_S00010398_seg001.wav,audio/normal/train_normal_00425.wav,0.0,15.692,15.692,"n/ 아/ 네, 안녕하세요. 다름이 아니라 제가 다판다 몰에서 다이어리를 구매했는데, 포스트잇으로 오배송되어 반품 (접수하려고요)/(접수 하려구요). n/ 네, 택배박스 송장 사진과 오배송된 제품 사진은 촬영하여 카카오톡이나 메일로 공유해드리겠습니다.",SOURCE_TEXT,,False,,D62_J93,normal_source_04968,unassigned
train_normal_00426,train,normal,0,D62_J93_S00010398,D62_J93_S00010398_seg002,aihub,data\normal_aihub\prepared_diverse\audio\D62_J93_S00010398\D62_J93_S00010398_seg002.wav,audio/normal/train_normal_00426.wav,0.0,22.001,22.001,"n/ 혹시 회수 일자를 지정할 수 있나요? 제가 매일 이 제품을 갖고, 붙들고 있을 순 없어서요. 어떤 특정 날짜에 회수가 되도록 조치나 처리가 가능할까요? n/ 빠르게 회수가 돼야 하는 건 아니거든요? 지금 당장 회수를 해달라고 상담사분께 말씀을 드리는 것이 아니라 조금 늦더라도 어떤 특정 일자에 회수가 됐으면 하는게 제 개인적인 바람이에요.",SOURCE_TEXT,,False,,D62_J93,normal_source_04969,unassigned
train_normal_00427,train,normal,0,D62_J93_S00010684,D62_J93_S00010684_seg002,aihub,data\normal_aihub\prepared_diverse\audio\D62_J93_S00010684\D62_J93_S00010684_seg002.wav,audio/normal/train_normal_00427.wav,0.0,16.486,16.486,"n/ 네, 택배+ 택배박스 송장 사진과 오배송된 제품 사진은 촬영하여 카카오톡이나 메일로 공유해드리겠습니다. n/ 혹시 회수 일자를 지정할 수 있나요? 제가 매일 이 제품을 갖고, 붙들고 있을 순 없어서요. 어떤 특정 날짜에 회수가 되도록 조치나 처리가 가능할까요?",SOURCE_TEXT,,False,,D62_J93,normal_source_04982,unassigned
train_normal_00428,train,normal,0,D62_J93_S00010754,D62_J93_S00010754_seg006,aihub,data\normal_aihub\prepared_diverse\audio\D62_J93_S00010754\D62_J93_S00010754_seg006.wav,audio/normal/train_normal_00428.wav,0.0,14.144,14.144,"n/ 네, 안되는데 해주셔서 감사합니다. n/ 네, 궁금한 건 없어요. 근데 여기 쇼핑몰도 타 쇼핑몰들처럼 가격 보상제 같은 제도가 명확하게 있었으면 좋겠네요. 매번 이럴 때마다 제가 억지 부리는 것 같고 해서 마음이 편치가 않아요. n/ 네, 감사합니다.",SOURCE_TEXT,,False,,D62_J93,normal_source_05002,unassigned
train_normal_00429,train,normal,0,D62_J93_S00010768,D62_J93_S00010768_seg001,aihub,data\normal_aihub\prepared_diverse\audio\D62_J93_S00010768\D62_J93_S00010768_seg001.wav,audio/normal/train_normal_00429.wav,0.0,16.512,16.512,"n/ 네, 안녕하세요. n/ 다름이 아니라 제가 상품을 주문을 했는데요, 어제 주문을 했는데 오늘 들어가 보니 배송 중이긴 한데 상품 금액이 더 저렴해졌어요. n/ 네, 그래서 이거 주문 취소하고 재주문하고 싶은데 이미 배송 중이라서 취소가 안되네요?",SOURCE_TEXT,,False,,D62_J93,normal_source_05003,unassigned
train_normal_00430,train,normal,0,D62_J93_S00010772,D62_J93_S00010772_seg007,aihub,data\normal_aihub\prepared_diverse\audio\D62_J93_S00010772\D62_J93_S00010772_seg007.wav,audio/normal/train_normal_00430.wav,0.0,15.103,15.103,"n/ 네, 안되는데 해주셔서 감사합니다. n/ 네, 궁금한 건 없어요. 근데 여기 쇼핑몰도 타 쇼핑몰들처럼 가격 보상제 같은 제도가 명확하게 있었으면 좋겠네요. 매번 이럴 때마다 제가 억지 부리는 것 같아서 마음이 편치가 않아요. n/ 네, 감사합니다.",SOURCE_TEXT,,False,,D62_J93,normal_source_05017,unassigned
train_normal_00431,train,normal,0,D62_J93_S00014967,D62_J93_S00014967_seg004,aihub,data\normal_aihub\prepared_diverse\audio\D62_J93_S00014967\D62_J93_S00014967_seg004.wav,audio/normal/train_normal_00431.wav,0.0,15.237,15.237,"n/ 제가 항공 마일리지를 안 쓰고 (10년)/(십 년) 동안 적립만 해서 많이 쌓여있는데, 마일리지로 전체 항공권 구매도 가능한가요? n/ 그럼 혹시, 가족 전체 항공권 마일리지로 구매하는 거 말고, 아내 좌석만 (비즈니스석으로)/(비지니스석으로) 업그레이드 가능한가요? n/ 유아는 (24개월)/(이십 사 개월) 미만이라 좌석이 없는 거죠?",SOURCE_TEXT,,False,,D62_J93,normal_source_05021,unassigned
train_normal_00432,train,normal,0,D62_J93_S00014983,D62_J93_S00014983_seg004,aihub,data\normal_aihub\prepared_diverse\audio\D62_J93_S00014983\D62_J93_S00014983_seg004.wav,audio/normal/train_normal_00432.wav,0.0,15.461,15.461,"n/ 제가 항공 마일리지를 안 쓰고 (10년)/(십 년) 동안 적립만 해서 많이 쌓여있는데, 마일리지로 전체 항공권 구매도 가능한가요? n/ 그럼 혹시, 가족 전체 항공권 마일리지로 구매하는 거 말고, 아내 좌석만 (비즈니스석으로)/(비지니스석으로) 업그레이드 가능한가요?",SOURCE_TEXT,,False,,D62_J93,normal_source_05029,unassigned
train_normal_00433,train,normal,0,D62_J93_S00014983,D62_J93_S00014983_seg002,aihub,data\normal_aihub\prepared_diverse\audio\D62_J93_S00014983\D62_J93_S00014983_seg002.wav,audio/normal/train_normal_00433.wav,0.0,16.608,16.608,"n/ 가격 차이가 많이 난다면 경유 편도 알아보고 있는데, 뉴욕행 직항 편과 경유 편 확인 부탁드립니다. n/ 그럼 직항 편으로 하겠습니다. 경유 편은 아무래도 대기시간이 길고, 비행시간도 길어서 (힘들더라고요)/(힘들더라구요). 직항 편은 비행시간이 총 몇 시간 걸리나요?",SOURCE_TEXT,,False,,D62_J93,normal_source_05027,unassigned
train_normal_00434,train,normal,0,D62_J93_S00015007,D62_J93_S00015007_seg002,aihub,data\normal_aihub\prepared_diverse\audio\D62_J93_S00015007\D62_J93_S00015007_seg002.wav,audio/normal/train_normal_00434.wav,0.0,15.35,15.35,"n/ 가격 차이가 많이 난다면 경유 편도 알아보고 있는데, 뉴욕행 직행+ 직항 편과 경유 편 확인 부탁드립니다. n/ 그럼 직항 편으로 하겠습니다. 경유 편은 아무래도 대기시간도 길고, 비행시간도 길어서 힘들더라고요. 직항 편은 비행시간이 총 몇 시간 걸리나요?",SOURCE_TEXT,,False,,D62_J93,normal_source_05044,unassigned
train_normal_00435,train,normal,0,D62_J93_S00015023,D62_J93_S00015023_seg006,aihub,data\normal_aihub\prepared_diverse\audio\D62_J93_S00015023\D62_J93_S00015023_seg006.wav,audio/normal/train_normal_00435.wav,0.0,15.329,15.329,"n/ 소형견은 시츄 종이고, (3kg)/(삼 킬로그람)입니다. 감사합니다. 비행시간 동안 케이지 안에 강아지가 마실 물이나 간식 등 넣어두어도 되나요? n/ 그날 짐이 많을 것 같은데, 자동 체크인도 신청해주실래요? n/ 네, 그럼 공항 가서 제가 직접 체크인하면 되는 거죠? 유모차도 가져가고 싶은데, 기내로는 못 들고 가나요?",SOURCE_TEXT,,False,,D62_J93,normal_source_05057,unassigned
train_normal_00436,train,normal,0,D62_J93_S00015035,D62_J93_S00015035_seg002,aihub,data\normal_aihub\prepared_diverse\audio\D62_J93_S00015035\D62_J93_S00015035_seg002.wav,audio/normal/train_normal_00436.wav,0.0,15.093,15.093,"n/ 가격 차이가 많이 난다면 경유 편도 알아보고 있는데, 뉴욕행 직항 편과 경유 편 확인 드립니다+ 부탁드립니다. n/ 그럼 직항 편으로 하겠습니다. 경유 편은 아무래도 대기시간도 길고, 비행시간도 길어서 (힘들더라고요)/(힘들더라구요). 직항 편은 비행시간이 총 몇 시간 걸리나요?",SOURCE_TEXT,,False,,D62_J93,normal_source_05060,unassigned
train_normal_00437,train,normal,0,D62_J93_S00015048,D62_J93_S00015048_seg006,aihub,data\normal_aihub\prepared_diverse\audio\D62_J93_S00015048\D62_J93_S00015048_seg006.wav,audio/normal/train_normal_00437.wav,0.0,15.24,15.24,"n/ 그럼 저는 일반석에 앉아서 갈 건데, 일반석 중에서 할인좌석 나온 게 있나요? n/ 그럼 남은 항공 마일리지로 일반석 중에서 할인좌석으로 구매 부탁드립니다. n/ 그럼 할인좌석이 아닌, 일반 좌석으로 구매하면 마일리지 사용이 가능하다는 거죠?",SOURCE_TEXT,,False,,D62_J93,normal_source_05080,unassigned
train_normal_00438,train,normal,0,D62_J93_S00015048,D62_J93_S00015048_seg001,aihub,data\normal_aihub\prepared_diverse\audio\D62_J93_S00015048\D62_J93_S00015048_seg001.wav,audio/normal/train_normal_00438.wav,0.0,17.376,17.376,n/ 안녕하세요. 항공권 예약을 좀 하고 싶은데요. 인터넷으로 가격 조회를 하려고 하니 가격이 너무 뒤죽박죽이라 전화드렸습니다. n/ (10월)/(십 월) (20일)/(이십 일)에 뉴욕으로 가는 비행기 항공편이 있나요? 가능하면 국내 항공사로 이용하고 싶습니다.,SOURCE_TEXT,,False,,D62_J93,normal_source_05075,unassigned
train_normal_00439,train,normal,0,D62_J93_S00015061,D62_J93_S00015061_seg002,aihub,data\normal_aihub\prepared_diverse\audio\D62_J93_S00015061\D62_J93_S00015061_seg002.wav,audio/normal/train_normal_00439.wav,0.0,15.883,15.883,"n/ 가격 차이가 많이 난다면 경유 편도 알아보고 있는데, 뉴욕행 직항 편과 경유 편 확인 부탁드립니다. n/ 그럼 직항 편으로 하겠습니다. 경유 편은 아무래도 대기시간도 길고, 비행시간도 길어서 (힘들더라고요)/(힘들더라구요). 직항 편은 비행시간이 총 몇 시간 걸리나요?",SOURCE_TEXT,,False,,D62_J93,normal_source_05095,unassigned
train_normal_00440,train,normal,0,D62_J93_S00015061,D62_J93_S00015061_seg004,aihub,data\normal_aihub\prepared_diverse\audio\D62_J93_S00015061\D62_J93_S00015061_seg004.wav,audio/normal/train_normal_00440.wav,0.0,16.771,16.771,"n/ 제가 항공 마일리지를 안 쓰고 (10년)/(십 년) 동안 적립만 해서 많이 쌓여있는데, 마일리지로 전체 항공권 구매도 가능한가요? n/ 그럼 혹시, 가족 전체 항공권 마일리지로 구매하는 거 말고, 아내 좌석만 (비즈니스석으로)/(비지니스석으로) 업그레이드 가능한가요? n/ 유아는 (24개월)/(이십 사 개월) 미만이라, 좌석이 없는 거죠?",SOURCE_TEXT,,False,,D62_J93,normal_source_05097,unassigned
train_normal_00441,train,normal,0,D62_J93_S00015072,D62_J93_S00015072_seg005,aihub,data\normal_aihub\prepared_diverse\audio\D62_J93_S00015072\D62_J93_S00015072_seg005.wav,audio/normal/train_normal_00441.wav,0.0,15.011,15.011,"n/ 그럼 제 마일리지는 아내 좌석만 (비즈니스석으로)/(비지니스석으로) 업그레이드 부탁합니다. 제가 별도로 더 내야 하는 추가금액이 있나요? n/ 그럼 저는 일반석에 앉아서 갈 건데, 일반석 중에서 할인좌석 나온 게 있나요? n/ 그럼 남은 항공 마일리지로 일반석 중에서 할인좌석으로 구매 부탁드립니다.",SOURCE_TEXT,,False,,D62_J93,normal_source_05106,unassigned
train_normal_00442,train,normal,0,D62_J93_S00015099,D62_J93_S00015099_seg009,aihub,data\normal_aihub\prepared_diverse\audio\D62_J93_S00015099\D62_J93_S00015099_seg009.wav,audio/normal/train_normal_00442.wav,0.0,14.792,14.792,"n/ 최대 (32kg)/(삼십 이 킬로그람)입니다. n/ 아이가 마실 물은 기내 반입 가능하지만, 간식류는 안됩니다. n/ 출발일 변경은 유료이고, 돌아오는 날 변경은 동일한 금액이 좌석이 있으면 무료입니다.",SOURCE_TEXT,,False,,D62_J93,normal_source_05118,unassigned
train_normal_00443,train,normal,0,D62_J93_S00015102,D62_J93_S00015102_seg001,aihub,data\normal_aihub\prepared_diverse\audio\D62_J93_S00015102\D62_J93_S00015102_seg001.wav,audio/normal/train_normal_00443.wav,0.0,15.629,15.629,n/ 안녕하세요. 항공권 예약을 좀 하고 싶은데요. 인터넷으로 가격 조회를 하려고 하니 가격이 너무 뒤죽박죽이라 전화드렸습니다. n/ (10월)/(십 월) (20일)/(이십 일)에 뉴욕으로 가는 비행기 항공편이 있나요? 가능하면 국내 항공사로 이용하고 싶습니다.,SOURCE_TEXT,,False,,D62_J93,normal_source_05119,unassigned
train_normal_00444,train,normal,0,D62_J93_S00015111,D62_J93_S00015111_seg002,aihub,data\normal_aihub\prepared_diverse\audio\D62_J93_S00015111\D62_J93_S00015111_seg002.wav,audio/normal/train_normal_00444.wav,0.0,16.639,16.639,가격 차이가 많이 난다면 경우+ 경유 편도 알아보고 있는데 뉴욕행 직항 편과 경유 편 확인 부탁드립니다. n/ 직항 편으로 하겠습니다. 경유 편은 아무래도 대기시간도 길고 비행시간도 길어서 (힘들더라고요)/(힘들더라구요). 직항 편은 비행시간이 총 몇 시간 걸리나요?,SOURCE_TEXT,,False,,D62_J93,normal_source_05129,unassigned
train_normal_00445,train,normal,0,D62_J93_S00015126,D62_J93_S00015126_seg001,aihub,data\normal_aihub\prepared_diverse\audio\D62_J93_S00015126\D62_J93_S00015126_seg001.wav,audio/normal/train_normal_00445.wav,0.0,15.168,15.168,n/ 안녕하세요. 항공권 예약을 좀 하고 싶은데요. 인터넷으로 가격 조회를 하려고 하니 가격이 너무 뒤죽박죽이라 전화드렸습니다. n/ (10월)/(십 월) (20일)/(이십 일)에 뉴욕으로 가는 비행기 항공편이 있나요? 가능하면 국내 항공사로 이용하고 싶습니다.,SOURCE_TEXT,,False,,D62_J93,normal_source_05136,unassigned
train_normal_00446,train,normal,0,D62_J93_S00015131,D62_J93_S00015131_seg004,aihub,data\normal_aihub\prepared_diverse\audio\D62_J93_S00015131\D62_J93_S00015131_seg004.wav,audio/normal/train_normal_00446.wav,0.0,17.494,17.494,"n/ 제가 항공 마일리지를 안 쓰고 (10년)/(십 년) 동안 적립만 해서 많이 쌓여있는데, 마일리지로 전체 항공권 구매도 가능한가요? n/ 그럼 혹시, 가족 전체 항공권 마일리지로 구매하는 거 말고, 아내 좌석만 비즈니스석으로 업그레이드 가능한가요?",SOURCE_TEXT,,False,,D62_J93,normal_source_05149,unassigned
train_normal_00447,train,normal,0,D62_J93_S00015340,D62_J93_S00015340_seg005,aihub,data\normal_aihub\prepared_diverse\audio\D62_J93_S00015340\D62_J93_S00015340_seg005.wav,audio/normal/train_normal_00447.wav,0.0,15.883,15.883,"n/ 그럼 제 마일리지는 아내 좌석만 (비즈니스석으로)/(비지니스석으로) 업그레이드 부탁합니다. 제가 별도로 더 내야 하는 추가금액이 있나요? n/ 그럼 저는 일반석에 앉아서 갈 건데, 일반석 중에서 할인좌석 나온 게 있나요? n/ 그럼 남은 항공 마일리지로 일반석 중에서 할인좌석으로 구매 부탁드립니다.",SOURCE_TEXT,,False,,D62_J93,normal_source_05159,unassigned
train_normal_00448,train,normal,0,D62_J93_S00015372,D62_J93_S00015372_seg004,aihub,data\normal_aihub\prepared_diverse\audio\D62_J93_S00015372\D62_J93_S00015372_seg004.wav,audio/normal/train_normal_00448.wav,0.0,15.017,15.017,"n/ 적립된 마일리지가 많아서 추가 요금 없습니다. n/ 그럼 저는 일반석에 앉아서 갈 건데, 일반석 중에서 할인좌석 나온 게 있나요? n/ 할인좌석은 마일리지 사용이 안됩니다. n/ 그럼 할인좌석이 아닌, 일반 좌석으로 구매하면 마일리지 사용이 가능하다는 거죠?",SOURCE_TEXT,,False,,D62_J93,normal_source_05166,unassigned
train_normal_00449,train,normal,0,D62_J93_S00015372,D62_J93_S00015372_seg003,aihub,data\normal_aihub\prepared_diverse\audio\D62_J93_S00015372\D62_J93_S00015372_seg003.wav,audio/normal/train_normal_00449.wav,0.0,16.342,16.342,"n/ 제가 항공 마일리지를 안 쓰고 (10년)/(십 년) 동안 적립만 해서 많이 쌓여있는데, 마일리지로 전체 항공권 구매도 가능한가요? n/ 그럼 혹시, 가족 전체 항공권 마일리지로 구매하는 거 말고, 아내 좌석만 (비즈니스석으로)/(비지니스석으로) 업그레이드 가능한가요? n/ 유아는 (24개월)/(이십 사 개월) 미만이라, 좌석이 없는 거죠?",SOURCE_TEXT,,False,,D62_J93,normal_source_05165,unassigned
train_normal_00450,train,normal,0,D62_J93_S00015516,D62_J93_S00015516_seg005,aihub,data\normal_aihub\prepared_diverse\audio\D62_J93_S00015516\D62_J93_S00015516_seg005.wav,audio/normal/train_normal_00450.wav,0.0,15.758,15.758,"n/ 그럼 제 마일리지는 아내 좌석만 (비즈니스석으로)/(비지니스석으로) 업그레이드 부탁합니다. 제가 별도로 더 내야 하는 추가금액이 있나요? n/ 그럼 저는 일반석에 앉아서 갈 건데, 일반석 중에서 할인좌석 나온 게 있나요? n/ 그럼 남은 항공 마일리지로 일반석 중에서 할인좌석으로 구매 부탁드립니다.",SOURCE_TEXT,,False,,D62_J93,normal_source_05180,unassigned
train_normal_00451,train,normal,0,D62_J93_S00015686,D62_J93_S00015686_seg003,aihub,data\normal_aihub\prepared_diverse\audio\D62_J93_S00015686\D62_J93_S00015686_seg003.wav,audio/normal/train_normal_00451.wav,0.0,15.04,15.04,"n/ 제가 항공 마일리지를 안 쓰고 십년만+ (10년)/(십 년) 동안 적립만 해서 많이 쌓여있는데, 마일리지로 전체 항공권 구매도 가능한가요? n/ 그럼 혹시, 가족 전체 항공권 마일리지로 구매하는 거 말고, 아내 좌석만 (비즈니스석으로)/(비지니스석으로) 업그레이드 가능한가요?",SOURCE_TEXT,,False,,D62_J93,normal_source_05186,unassigned
train_normal_00452,train,normal,0,D62_J93_S00015694,D62_J93_S00015694_seg003,aihub,data\normal_aihub\prepared_diverse\audio\D62_J93_S00015694\D62_J93_S00015694_seg003.wav,audio/normal/train_normal_00452.wav,0.0,15.003,15.003,"n/ 그럼 (10월)/(십 월) (20일)/(이십 일) 인천에서 출발하여 뉴욕 도착, 그리고 (10월)/(십 월) (30일)/(삼십 일)에 뉴욕에서 출발하여 부산으로 도착하는 아리랑 항공으로 (예약해주시고요)/(예약 해주시구요). n/ 제가 항공 마일리지를 안 쓰고 (10년)/(십 년) 동안 적립만 해서 많이 쌓여있는데, 마일리지로 전체 항공권 구매도 가능한가요?",SOURCE_TEXT,,False,,D62_J93,normal_source_05192,unassigned
train_normal_00453,train,normal,0,D62_J93_S00015724,D62_J93_S00015724_seg009,aihub,data\normal_aihub\prepared_diverse\audio\D62_J93_S00015724\D62_J93_S00015724_seg009.wav,audio/normal/train_normal_00453.wav,0.0,10.395,10.395,"n/ 항공권 결제 후에 출발일을+ 벼+ 출발일은 변경하게 되면 수수료가 발생하나요? 출발일 또는 돌아오는 날짜가 변경이 될 수도 있어서요. n/ 네, 감사합니다. 결제 부탁드립니다.",SOURCE_TEXT,,False,,D62_J93,normal_source_05206,unassigned
train_normal_00454,train,normal,0,D62_J93_S00016000,D62_J93_S00016000_seg007,aihub,data\normal_aihub\prepared_diverse\audio\D62_J93_S00016000\D62_J93_S00016000_seg007.wav,audio/normal/train_normal_00454.wav,0.0,10.787,10.787,"n/ 최대 (32kg)/(삼십 이 킬로그램)입니다. n/ 아이가 마실 물은 기내 반입 가능하지만, 간식류는 안됩니다. n/ 출발일 변경은 유료이고, 돌아오는 날 변경은 동일한 금액이 좌석이 있으면 무료입니다.",SOURCE_TEXT,,False,,D62_J93,normal_source_05213,unassigned
train_normal_00455,train,normal,0,D62_J93_S00016064,D62_J93_S00016064_seg004,aihub,data\normal_aihub\prepared_diverse\audio\D62_J93_S00016064\D62_J93_S00016064_seg004.wav,audio/normal/train_normal_00455.wav,0.0,15.562,15.562,"n/ 그럼 혹시, 가족 전체 항공권 마일리지로 구매하는 거 말고, 아내 좌석만 비니 (비즈니스석으로)/(비지니스석으로) 업그레이드 가능한가요? n/ 유아는 (24개월)/(이십 사 개월) 미만이라, 좌석이 없는 거죠? n/ 그럼 제 마일리지는 아내 좌석만 (비즈니스석으로)/(비지니스석으로) 업그레이드 부탁합니다. 제가 별도로 더 내야 하는 추가금액이 있나요?",SOURCE_TEXT,,False,,D62_J93,normal_source_05217,unassigned
train_normal_00456,train,normal,0,D62_J93_S00016121,D62_J93_S00016121_seg009,aihub,data\normal_aihub\prepared_diverse\audio\D62_J93_S00016121\D62_J93_S00016121_seg009.wav,audio/normal/train_normal_00456.wav,0.0,13.184,13.184,"n/ 항공권 결제 후에 출발일은 변경하게 되면 수료+ 수수료가 발생하나요? 출발일 또는 돌아오는 날까지 변경이 될 수도 있어서요. n/ 네, 감사합니다. 결제 부탁드립니다.",SOURCE_TEXT,,False,,D62_J93,normal_source_05230,unassigned
train_normal_00457,train,normal,0,D62_J93_S00016252,D62_J93_S00016252_seg005,aihub,data\normal_aihub\prepared_diverse\audio\D62_J93_S00016252\D62_J93_S00016252_seg005.wav,audio/normal/train_normal_00457.wav,0.0,15.62,15.62,"n/ 유아는 (24개월)/(이십 사 개월) 미만이라, 좌석은 없는 거죠? n/ 그럼 제 마일리지는 아내 좌석만 (비즈니스석으로)/(비지니스석으로) 업그레이드 부탁 u/ 합니다. 제가 별도로 더 내야 하는 추가 금액이 있나요? n/ 그럼 저는 일반석에 앉아서 갈 건데, 일반석 중에서 할인 좌석 나온 게 있나요?",SOURCE_TEXT,,False,,D62_J93,normal_source_05235,unassigned
train_normal_00458,train,normal,0,D62_J93_S00016271,D62_J93_S00016271_seg002,aihub,data\normal_aihub\prepared_diverse\audio\D62_J93_S00016271\D62_J93_S00016271_seg002.wav,audio/normal/train_normal_00458.wav,0.0,17.897,17.897,"n/ 가격 차이가 많이 난다면 경유 편도 알아보고 있는데, 뉴욕행 차+ 직항 편과 경유 편 확인 부탁드립니다. n/ 그럼 직항 편으로 하겠습니다. 경유 편은 아무래도 대기시간도 길고, 비행시간도 길어서 (힘들더라고요)/(힘들더라구요). 직항 편은 비행시간이 총 몇 시간 걸리나요?",SOURCE_TEXT,,False,,D62_J93,normal_source_05241,unassigned
train_normal_00459,train,normal,0,D62_J93_S00016405,D62_J93_S00016405_seg009,aihub,data\normal_aihub\prepared_diverse\audio\D62_J93_S00016405\D62_J93_S00016405_seg009.wav,audio/normal/train_normal_00459.wav,0.0,10.181,10.181,n/ 배송은 어떤 식으로 되나요? 전날 만든 음식을 다음날 택배로 받는 건 찝찝해서요. n/ 그럼 지정된 날짜에 오전 (7시)/(일곱 시)까지 배송해 주세요. n/ 감사합니다.,SOURCE_TEXT,,False,,D62_J93,normal_source_05257,unassigned
train_normal_00460,train,normal,0,D62_J93_S00016412,D62_J93_S00016412_seg006,aihub,data\normal_aihub\prepared_diverse\audio\D62_J93_S00016412\D62_J93_S00016412_seg006.wav,audio/normal/train_normal_00460.wav,0.0,15.605,15.605,n/ 꽃게도 시키면 죽어서 오나요? n/ 상호명을 잘못 지으신 거 아닌가요? 싱싱 물산이 아니고 노이해 물산이네요. n/ 사장님도 이렇게 운영되고 있는 걸 아나요? n/ 고객응대도 이렇게 하시는 걸 아시진 않을 것 같네요. n/ 사장님도 아셔야 하니깐 홈페이지에 글부터 남겨야겠네요.,SOURCE_TEXT,,False,,D62_J93,normal_source_05263,unassigned
train_normal_00461,train,normal,0,D62_J93_S00016412,D62_J93_S00016412_seg003,aihub,data\normal_aihub\prepared_diverse\audio\D62_J93_S00016412\D62_J93_S00016412_seg003.wav,audio/normal/train_normal_00461.wav,0.0,15.633,15.633,n/ 배송 중에 산낙지가 죽은 게 맞나요? 처음부터 죽어있는 낙지를 보내신 게 아닌가요? n/ 그걸 어떻게 증명하나요? 제가 안 봤으니 알 방법이 없네요. n/ 뭐 주문 즉시 산낙지를 잡아서 포장하기라도 하나요? n/ 수족관이 있나 보네요? 제가 시킨 낙지는 원산지가 어딘가요?,SOURCE_TEXT,,False,,D62_J93,normal_source_05260,unassigned
train_normal_00462,train,normal,0,D62_J93_S00016438,D62_J93_S00016438_seg007,aihub,data\normal_aihub\prepared_diverse\audio\D62_J93_S00016438\D62_J93_S00016438_seg007.wav,audio/normal/train_normal_00462.wav,0.0,13.294,13.294,n/ 그리고 (1인)/(일 인) 세트와 채식 주의자 식단에는 흰쌀밥 대신에 현미밥으로 대체 가능한가요? n/ 배송은 어떤 식으로 되나요? 전날 만든 음식을 다음날 택배로 받는 건 찝찝해서요. n/ 그럼 지정된 날짜에 오전 (7시)/(일곱 시)까지 배송해 주세요. n/ 감사합니다.,SOURCE_TEXT,,False,,D62_J93,normal_source_05272,unassigned
train_normal_00463,train,normal,0,D62_J93_S00016438,D62_J93_S00016438_seg004,aihub,data\normal_aihub\prepared_diverse\audio\D62_J93_S00016438\D62_J93_S00016438_seg004.wav,audio/normal/train_normal_00463.wav,0.0,16.036,16.036,"n/ 저희 남편이 채식주의자인데, 채식주의자가 먹을 만한 샐러드나 식단도 있을까요? n/ 저희 가족이 아이들 말고는 집에서 식사하는 시간이 적어서, 아이들 반찬은 주 (2회)/(이 회)로 해주시고, 채식주의자 식단은 매주 수요일, 그리고 (1인)/(일 인) 세트도 매주 수요일에 정기배송해주세요. n/ 녹즙 같은 음료는 따로 추가 주문이 안 되나요?",SOURCE_TEXT,,False,,D62_J93,normal_source_05269,unassigned
train_normal_00464,train,normal,0,D62_J93_S00016486,D62_J93_S00016486_seg002,aihub,data\normal_aihub\prepared_diverse\audio\D62_J93_S00016486\D62_J93_S00016486_seg002.wav,audio/normal/train_normal_00464.wav,0.0,16.177,16.177,"n/ 네, 도저히 못 먹을 거 같아요. n/ (1234)/(일 이 삼 사)요. n/ 네, 사진 보여드리고 싶은데 (어떻게)/(어떠케) 보내드리죠? n/ 그런데 도저히 먹을 수가 없어요. 어느 정도면 제가 그냥 먹었죠. 이건 거의 썩기 직전 (쓰레기예요)/(쓰레기에요). n/ 네, 제가 착하니 이 정도지 아니면 욕부터 하는 사람도 있을걸요? 오죽하면 제가 사진을 찍었겠어요.",SOURCE_TEXT,,False,,D62_J93,normal_source_05282,unassigned
train_normal_00465,train,normal,0,D62_J93_S00016532,D62_J93_S00016532_seg002,aihub,data\normal_aihub\prepared_diverse\audio\D62_J93_S00016532\D62_J93_S00016532_seg002.wav,audio/normal/train_normal_00465.wav,0.0,15.888,15.888,"n/ 네, 도저히 못 먹을 거 같아요. n/ (1234)/(일 이 삼 사)요. n/ 네, 사진 보여드리고 싶은데 (어떻게)/(어떠케) 보내드리죠? n/ 그런데 도저히 먹을 수가 없어요. 어느 정도면 제가 그냥 먹었죠. 이건 거의 썩기 직전 (쓰레기예요)/(쓰레기에요). n/ 네, 제가 착하니 이 정도지 아니면 욕부터 하는 사람도 있을걸요? 오죽하면 제가 사진을 찍었겠어요.",SOURCE_TEXT,,False,,D62_J93,normal_source_05304,unassigned
train_normal_00466,train,normal,0,D62_J93_S00016542,D62_J93_S00016542_seg007,aihub,data\normal_aihub\prepared_diverse\audio\D62_J93_S00016542\D62_J93_S00016542_seg007.wav,audio/normal/train_normal_00466.wav,0.0,17.08,17.08,n/ (17)/(십 칠) 번가 믿고 있어서 마트 배송도 잘 될 줄 알았는데 아직 초창기라 그런지 미흡+ 미흡하네요. 점점 나아지겠죠? n/ 그럼 그때까진 시키는 거 자제해야겠네요. 이런 건 정말 보내면 안돼요. 주의해주세요.,SOURCE_TEXT,,False,,D62_J93,normal_source_05316,unassigned
train_normal_00467,train,normal,0,D62_J93_S00016546,D62_J93_S00016546_seg003,aihub,data\normal_aihub\prepared_diverse\audio\D62_J93_S00016546\D62_J93_S00016546_seg003.wav,audio/normal/train_normal_00467.wav,0.0,15.044,15.044,"n/ 그럼 한가족 세트에 아이들 반찬도 주문이 되나요? 아이들 반찬은 몇 개가 배송되나요? n/ 그럼 주 (2회)/(이 회) 반찬 배송했을 때 너무 많을 것 같은데, 한가족 세트 말고 (1인)/(일 인) 세트로 변경하고 아이들 반찬을 주문할게요. n/ (1인)/(일 인) 세트는 몇 끼 정도 먹을 수 있나요?",SOURCE_TEXT,,False,,D62_J93,normal_source_05321,unassigned
train_normal_00468,train,normal,0,D62_J93_S00016546,D62_J93_S00016546_seg002,aihub,data\normal_aihub\prepared_diverse\audio\D62_J93_S00016546\D62_J93_S00016546_seg002.wav,audio/normal/train_normal_00468.wav,0.0,17.893,17.893,"n/ 식단표를 미리 볼 순 없나요? n/ 그럼 매주 월요일에 문자로 식단표 받아볼 수 있도록 신청해 주시고, 매주 화요일 금요일 배송 부탁드립니다. n/ 한가족 세트로 주문하게 되면 (1번)/(한 번) 배송될 때 며칠 정도 먹을 수 있나요? n/ 아이들은 매운 걸 아직 잘 못 먹는데, 아이들은 위한 반찬도 따로 있을까요?",SOURCE_TEXT,,False,,D62_J93,normal_source_05320,unassigned
train_normal_00469,train,normal,0,D62_J93_S00016574,D62_J93_S00016574_seg006,aihub,data\normal_aihub\prepared_diverse\audio\D62_J93_S00016574\D62_J93_S00016574_seg006.wav,audio/normal/train_normal_00469.wav,0.0,16.469,16.469,n/ (17)/(십 칠) 번가 믿고 있어서 마트 배송도 잘 될 줄 알았는데 아직 초창기라 그런가 미흡하네요. 점점 나아지겠죠? n/ 그럼 그때까진 시키는 거 자제해야겠네요. 이런 건 정말 보내면 안돼요. 주의해주세요. n/ 그럼 환불이 얼마 되는 건가요? 카드로 결제했는데 (어떻게)/(어떠케) 되는 거죠? n/ 취소 확인은 (1주일)/(일 주일)쯤 뒤에 되나요?,SOURCE_TEXT,,False,,D62_J93,normal_source_05331,unassigned
train_normal_00470,train,normal,0,D62_J93_S00016582,D62_J93_S00016582_seg008,aihub,data\normal_aihub\prepared_diverse\audio\D62_J93_S00016582\D62_J93_S00016582_seg008.wav,audio/normal/train_normal_00470.wav,0.0,11.981,11.981,n/ 배송은 어떤 식으로 되나요? 전날 만든 음식을 다음날 택배로 받긴 건+ 찝찝해서요. n/ 그럼 지정된 날짜에 오전 (7시)/(일곱 시)까지 배송해 주세요. n/ 감사합니다.,SOURCE_TEXT,,False,,D62_J93,normal_source_05340,unassigned
train_normal_00471,train,normal,0,D62_J93_S00016609,D62_J93_S00016609_seg006,aihub,data\normal_aihub\prepared_diverse\audio\D62_J93_S00016609\D62_J93_S00016609_seg006.wav,audio/normal/train_normal_00471.wav,0.0,16.084,16.084,n/ (17)/(십 칠) 번가 믿고 있어서 마트 배송도 잘 될 줄 알았는데 아직 초창기라 그런데+ 그런가 미흡하네요. 점점 나아지겠죠? n/ 그럼 그때까지 시키는 거 자제해야겠네요. 이런 건 정말 보내면 안돼요. 주의하+ 해주세요. n/ 그럼 환불이 얼마 되는 건가요? 카드로 결제했는데 (어떻게)/(어떠케) 되는 거죠?,SOURCE_TEXT,,False,,D62_J93,normal_source_05346,unassigned
train_normal_00472,train,normal,0,D62_J93_S00016636,D62_J93_S00016636_seg007,aihub,data\normal_aihub\prepared_diverse\audio\D62_J93_S00016636\D62_J93_S00016636_seg007.wav,audio/normal/train_normal_00472.wav,0.0,11.358,11.358,n/ 환불도 안 해주고 불친절해서 너무 불쾌합니다. n/ 근본적인 문제를 해결할 생각+ 생각은 하지 않으시고 융통성 없이 방침만 계속 말씀하시는 건 정말 아닌 것 같습니다. n/ 다른 분들도 저처럼 모르고 당할 것 같은데 똑바로 장사하세요. n/ 됐어요.,SOURCE_TEXT,,False,,D62_J93,normal_source_05367,unassigned
train_normal_00473,train,normal,0,D62_J93_S00016658,D62_J93_S00016658_seg005,aihub,data\normal_aihub\prepared_diverse\audio\D62_J93_S00016658\D62_J93_S00016658_seg005.wav,audio/normal/train_normal_00473.wav,0.0,14.997,14.997,n/ 다른 건 상태가 괜찮아요. 이거 (2개)/(두 개)만 환불 가능하죠? n/ 당연히 그래야죠. 제가 생각 같아선 이 사진 저희 동네 맘카페건 인터넷이건 올리고 싶지만 제가 평소에 (17번가)(십 칠 번가)에서 좋은 제품도 많이 팔고 저도 혜택 받은 게 많아서 그냥 넘어가는 (거예요)/(거에요).,SOURCE_TEXT,,False,,D62_J93,normal_source_05372,unassigned
train_normal_00474,train,normal,0,D62_J93_S00016671,D62_J93_S00016671_seg003,aihub,data\normal_aihub\prepared_diverse\audio\D62_J93_S00016671\D62_J93_S00016671_seg003.wav,audio/normal/train_normal_00474.wav,0.0,16.52,16.52,n/ 그럼 제가 환불 클릭해서 사유 적는 부분에 사진 우선 첨부할게요. (1번)/(한 번) 봐주시겠어요? n/ 지금 썼어요. 확인되세요? n/ 그렇죠? 저도 웬만하면 시들거나 한 거 잘라내고 먹는 사람인데 이건 음식물 쓰레기 같아서 도저히 못 먹겠어요.,SOURCE_TEXT,,False,,D62_J93,normal_source_05378,unassigned
train_normal_00475,train,normal,0,D62_J93_S00016671,D62_J93_S00016671_seg007,aihub,data\normal_aihub\prepared_diverse\audio\D62_J93_S00016671\D62_J93_S00016671_seg007.wav,audio/normal/train_normal_00475.wav,0.0,19.135,19.135,n/ (17번가)/(십 칠 번가) 믿고 있어서 마트 배송도 잘 될 줄 알았는데 아직 초장+ 초창기라 그런가 미흡하네요. 점점 나아지겠죠? n/ 그럼 그때까진 시키는 거 자제해야겠네요. 이런 건 정말 보내면 안돼요. 주의해주세요. n/ 그럼 환불이 얼마 되는 건가요? 카드로 결제했는데 (어떻게)/(어떠케) 되는 거죠?,SOURCE_TEXT,,False,,D62_J93,normal_source_05382,unassigned
train_normal_00476,train,normal,0,D62_J93_S00016687,D62_J93_S00016687_seg006,aihub,data\normal_aihub\prepared_diverse\audio\D62_J93_S00016687\D62_J93_S00016687_seg006.wav,audio/normal/train_normal_00476.wav,0.0,16.001,16.001,n/ (17)/(십 칠) 번가 믿고 있어서 마트 배송도 잘 될 줄 알았는데 아직 초창기라 그런지 미흡하네요. 점점 나아지겠죠? n/ 그럼 그때까진 시키는 거 자제해야겠네요. 이런 건 정말 보내+ 보내면 안돼요. 주의해주세요. n/ 그럼 환불이 얼마 되는 건가요? 카드로 결제했는데 (어떻게)/(어떠케) 되는 거죠?,SOURCE_TEXT,,False,,D62_J93,normal_source_05389,unassigned
train_normal_00477,train,normal,0,D62_J93_S00016712,D62_J93_S00016712_seg009,aihub,data\normal_aihub\prepared_diverse\audio\D62_J93_S00016712\D62_J93_S00016712_seg009.wav,audio/normal/train_normal_00477.wav,0.0,11.788,11.788,n/ 배송은 어떤 식으로 되나요? 전날 만든 음식을 다음날 택배로 받는 건 찝찝해서요. n/ 그럼 지정된 날짜에 오전 (7시)/(일곱 시)까지 배송해 주세요. n/ 감사합니다.,SOURCE_TEXT,,False,,D62_J93,normal_source_05406,unassigned
train_normal_00478,train,normal,0,D62_J93_S00016719,D62_J93_S00016719_seg008,aihub,data\normal_aihub\prepared_diverse\audio\D62_J93_S00016719\D62_J93_S00016719_seg008.wav,audio/normal/train_normal_00478.wav,0.0,12.096,12.096,n/ 환불도 안 해주고 불친절해서 너무 불쾌합니다. n/ 근본적인 문제를 해결할 생각은 하지 않으시고 융통성 없이 방침만 계속 말씀하시는 건 정말 아닌 것 같습니다. n/ 다른 분들도 저처럼 모르고 당할 것 같은데 똑바로 장사하세요. n/ 됐어요.,SOURCE_TEXT,,False,,D62_J93,normal_source_05414,unassigned
train_normal_00479,train,normal,0,D62_J93_S00016719,D62_J93_S00016719_seg005,aihub,data\normal_aihub\prepared_diverse\audio\D62_J93_S00016719\D62_J93_S00016719_seg005.wav,audio/normal/train_normal_00479.wav,0.0,16.107,16.107,n/ 왜요? 제가 비위가 약한데 처리까지 제가 하나요? n/ 낙지를 어떻게 버리나요? 음식물 쓰레기에 버리면 되나요? n/ 꽃게도 시키면 죽어서 오나요? n/ 상호명을 잘못 지으신 거 아닌가요? 싱싱 물산이 아니고 노이해 물산이네요. n/ 사장님도 이렇게 운영되고 있는 걸 알고있+ 알고 계신가요?,SOURCE_TEXT,,False,,D62_J93,normal_source_05411,unassigned
train_normal_00480,train,normal,0,D62_J93_S00016741,D62_J93_S00016741_seg006,aihub,data\normal_aihub\prepared_diverse\audio\D62_J93_S00016741\D62_J93_S00016741_seg006.wav,audio/normal/train_normal_00480.wav,0.0,16.182,16.182,n/ (17)/(십 칠) 번가 믿고 있어서 마트 배송도 잘 될 줄 알았는데 아직 초창기라 그런가 미흡하네요. 점점 나아지겠죠? n/ 그럼 그때까진 시키는 거 자제해야겠네요. 이런 건 정말 보내면 안돼요. 주의해주세요. n/ 그럼 환불이 얼마나 되는 건가요? 카드로 결제했는데 (어떻게)/(어떠케) 되는 거죠?,SOURCE_TEXT,,False,,D62_J93,normal_source_05420,unassigned
train_normal_00481,train,normal,0,D62_J93_S00016752,D62_J93_S00016752_seg001,aihub,data\normal_aihub\prepared_diverse\audio\D62_J93_S00016752\D62_J93_S00016752_seg001.wav,audio/normal/train_normal_00481.wav,0.0,15.499,15.499,"n/ 수고 많으십니다. 산낙지를 샀는데, 산낙지가 죽어서 왔더라고요. n/ 낙지가 스트레스를 많이 받았나 봐요. n/ 집들이 때 먹으려고 일부러 날짜 맞춰서 주문한 건데 못 먹을 것 같네요. 환불해 주세요 왜요? 말 그대로 살아있는 낙지를 산 건데 죽어서 왔으면 상품에 문제가 있는 거 아닌가요? n/ 산낙지가 죽었는데 신선도엔 문제가 없다고요?",SOURCE_TEXT,,False,,D62_J93,normal_source_05428,unassigned
train_normal_00482,train,normal,0,D62_J93_S00016786,D62_J93_S00016786_seg008,aihub,data\normal_aihub\prepared_diverse\audio\D62_J93_S00016786\D62_J93_S00016786_seg008.wav,audio/normal/train_normal_00482.wav,0.0,10.218,10.218,n/ 배송은 어떤 식으로 되나요? 전날 만든 음식을 다음날 택배로 받는 건 찝찝해서요. n/ 그럼 지정된 날짜에 오전 (7시)/(일곱 시)까지 배송해 주세요. n/ 감사합니다.,SOURCE_TEXT,,False,,D62_J93,normal_source_05449,unassigned
train_normal_00483,train,normal,0,D62_J93_S00016817,D62_J93_S00016817_seg002,aihub,data\normal_aihub\prepared_diverse\audio\D62_J93_S00016817\D62_J93_S00016817_seg002.wav,audio/normal/train_normal_00483.wav,0.0,15.489,15.489,"n/ 네, 도저히 못 먹을 거 같아요. n/ (1234)/(일 이 삼 사)요. n/ 네, 사진 보여드리고 싶은데 어떻게 보내드리죠? n/ 도저히 먹을 수가 없어요. 어느 정도면 제가 그냥 먹었죠. 이건 거의 썩기 직전 (쓰레기예요)/(쓰레기에요). n/ 네, 제가 착하니 이 정도지 아니면 욕부터 하는 사람도 있을걸요? 오죽하면 제가 사진을 찍었겠어요.",SOURCE_TEXT,,False,,D62_J93,normal_source_05459,unassigned
train_normal_00484,train,normal,0,D62_J93_S00016817,D62_J93_S00016817_seg004,aihub,data\normal_aihub\prepared_diverse\audio\D62_J93_S00016817\D62_J93_S00016817_seg004.wav,audio/normal/train_normal_00484.wav,0.0,17.243,17.243,n/ 오면서 상한 건지 사진을 다른 거 보내준 건지 알 수 없지만 이건 정말 아니죠. 전에 마켓 할리에서도 상한 거 배송한 거 뉴스에 나와서 아주 난리였잖아요. 사진 바꿔치기했다고. 아시죠? 그런 건 안 따라갔으면 좋겠어요. n/ 다른 건 상태가 괜찮아요. 이거 (2개)/(두 개)만 환불 가능하죠?,SOURCE_TEXT,,False,,D62_J93,normal_source_05461,unassigned
train_normal_00485,train,normal,0,D62_J93_S00016830,D62_J93_S00016830_seg006,aihub,data\normal_aihub\prepared_diverse\audio\D62_J93_S00016830\D62_J93_S00016830_seg006.wav,audio/normal/train_normal_00485.wav,0.0,15.051,15.051,n/ (17번가)(십 칠 번가) 믿고 있어서 마트 배송도 잘 될 줄 알았는데 아직 초창기라 그런가 미흡하네요. 점점 나아지겠죠? n/ 그럼 그때까지 시키는 거 자제해야겠네요. 이런 건 정말 보내면 안돼요. 주의해주세요. n/ 그럼 환불이 얼마 되는 건가요? 카드로 결제했는데 (어떻게)/(어떠케) 되는 거죠? 취소 확인은 일주일쯤 뒤에 되나요?,SOURCE_TEXT,,False,,D62_J93,normal_source_05470,unassigned
train_normal_00486,train,normal,0,D62_J93_S00016869,D62_J93_S00016869_seg003,aihub,data\normal_aihub\prepared_diverse\audio\D62_J93_S00016869\D62_J93_S00016869_seg003.wav,audio/normal/train_normal_00486.wav,0.0,15.128,15.128,n/ 그럼 제가 환불 클릭해서 사유 적는 부분에 사진 우선 첨부할게요 (1번)/(한 번) 봐주시겠어요? n/ 지금 썼어요. 확인되세요? n/ 그렇죠? 저도 웬만하면 시들거나 한 거 잘라내고 먹는 사람인데 이건 음식물 쓰레기 같아서 도저히 못 먹겠어요.,SOURCE_TEXT,,False,,D62_J93,normal_source_05490,unassigned
train_normal_00487,train,normal,0,D62_J93_S00016875,D62_J93_S00016875_seg007,aihub,data\normal_aihub\prepared_diverse\audio\D62_J93_S00016875\D62_J93_S00016875_seg007.wav,audio/normal/train_normal_00487.wav,0.0,14.14,14.14,n/ 그리고 (1인)/(일 인) 세트와 채식 주의자 식단에는 흰쌀밥 대신에 현미밥으로 대체 가능한가요? n/ 배송은 어떤 식으로 되나요? 전날 만든 음식을 다음날 택배로 받는 건 찝찝해서요. n/ 그럼 지정된 날짜에 오전 (7시)/(일곱 시)까지 배송해 주세요. n/ 감사합니다.,SOURCE_TEXT,,False,,D62_J93,normal_source_05502,unassigned
train_normal_00488,train,normal,0,D62_J93_S00016882,D62_J93_S00016882_seg006,aihub,data\normal_aihub\prepared_diverse\audio\D62_J93_S00016882\D62_J93_S00016882_seg006.wav,audio/normal/train_normal_00488.wav,0.0,15.872,15.872,"n/ 홈페이지도 삭제하거나 조작하시는 건 아니시죠? n/ 기분이 너무 나빠서 화가 풀리지가 않네요. n/ 제가 낙지 (1)/(하나) 때문에 이러는 게 아니고 망쳐버린 제 집들이가 너무 화가 나네요. n/ 손님 불러 놓고 산낙지 대접하려고 했는데, 준비도 제대로 안 한 여자가 되어 버렸네요. n/ 어른들도 오셨는데, 저를 뭐라고 생각하셨겠어요.",SOURCE_TEXT,,False,,D62_J93,normal_source_05508,unassigned
train_normal_00489,train,normal,0,D62_J93_S00016910,D62_J93_S00016910_seg001,aihub,data\normal_aihub\prepared_diverse\audio\D62_J93_S00016910\D62_J93_S00016910_seg001.wav,audio/normal/train_normal_00489.wav,0.0,16.196,16.196,"n/ 수고 많으십니다. n/ 산낙지를 샀는데, 산낙지가 죽어서 왔더라고요. n/ 낙지가 스트레스를 많이 받았나 봐요. n/ 집들이 때 먹으려고 일부러 날짜 맞춰서 주문한 건데 못 먹을 것 같네요. 환불 해주세요. n/ 왜요? 말 그대로 살아있는 낙지를 산 건데 죽어서 왔으면 상품에 문제 있는 것 아닌가요?",SOURCE_TEXT,,False,,D62_J93,normal_source_05519,unassigned
train_normal_00490,train,normal,0,D62_J93_S00016949,D62_J93_S00016949_seg005,aihub,data\normal_aihub\prepared_diverse\audio\D62_J93_S00016949\D62_J93_S00016949_seg005.wav,audio/normal/train_normal_00490.wav,0.0,15.288,15.288,"n/ 녹즙 같은 음료는 따로 추가 주문이 안 되나요? n/ 그럼 매주 월요일에는 케일과 당근주스 (4개)/(네 개), 매주 목요일에는 케일과 사과주스 (4개)/(네 개)를 보내주세요. 빨대는 필요 없습니다. n/ 제가 분기별로 한 달씩 다이어트를 하는데, 혹시 다이어트 도시락도 있을까요?",SOURCE_TEXT,,False,,D62_J93,normal_source_05537,unassigned
train_normal_00491,train,normal,0,D62_J93_S00016956,D62_J93_S00016956_seg006,aihub,data\normal_aihub\prepared_diverse\audio\D62_J93_S00016956\D62_J93_S00016956_seg006.wav,audio/normal/train_normal_00491.wav,0.0,15.393,15.393,"n/ 홈페이지도 삭제하거나 조작하시는 건 아니시죠? n/ 기분이 너무 나빠서 화가 풀리지가 않네요. n/ 제가 낙지 (1)/(하나) 때문에 이러는 게 아니고 망쳐버린 제 집들이가 너무 화가 나네요. n/ 손님 불러 놓고 산낙지 대접하려고 했는데, 준비도 제대로 안 한 여지+ 여자가 되어 버렸네요. n/ 어른들도 오셨는데, 저를 뭐라고 생각하셨겠어요.",SOURCE_TEXT,,False,,D62_J93,normal_source_05545,unassigned
train_normal_00492,train,normal,0,D62_J93_S00016996,D62_J93_S00016996_seg007,aihub,data\normal_aihub\prepared_diverse\audio\D62_J93_S00016996\D62_J93_S00016996_seg007.wav,audio/normal/train_normal_00492.wav,0.0,14.837,14.837,"n/ 아/ 네, 홈페이지에 상담사님 하고 상담했다고 글 남길 거예요. n/ 네, 환불도 안 해주고 불친절해서 너무 불쾌합니다. n/ 근본적인 문제를 해결할 생각을 하지 않으시고 이렇게 융+ 융통성 없이 방침만 계속 말씀하시는 거는 정말 아닌 것 같습니다. n/ 다른 분들도 저처럼 모르고 당할 것 같은데 똑바로+ 똑바로 장사하세요.",SOURCE_TEXT,,False,,D62_J93,normal_source_05560,unassigned
train_normal_00493,train,normal,0,D62_J93_S00016996,D62_J93_S00016996_seg004,aihub,data\normal_aihub\prepared_diverse\audio\D62_J93_S00016996\D62_J93_S00016996_seg004.wav,audio/normal/train_normal_00493.wav,0.0,15.445,15.445,n/ 이거 소비자 보호 센터에 신고해도 돼요? n/ 사업자 번호 알려주세요. n/ 당당하시네요. 법적으로 문제가 없으신가 봐요? n/ 저는 찝찝해서 죽은 낙지는 못 먹겠어요. 환불 안 해주실 거면 수거라도 해가세요. n/ 왜요? 제가 비위가 약한데 처리까지 제가 해야 되나요? n/ 낙지를 어떻게 버리나요? 음식물 쓰레기에 넣으면 되나요? n/ 꽃게도 시키면 그럼 죽어서 오나요?,SOURCE_TEXT,,False,,D62_J93,normal_source_05557,unassigned
train_normal_00494,train,normal,0,D62_J93_S00017011,D62_J93_S00017011_seg003,aihub,data\normal_aihub\prepared_diverse\audio\D62_J93_S00017011\D62_J93_S00017011_seg003.wav,audio/normal/train_normal_00494.wav,0.0,15.193,15.193,"n/ 그럼 한가족 세트에 아이들 반찬도 주문이 되나요? 아이들 반찬은 몇 개가 배송되나요? n/ 그럼 주 (2회)/(이 회) 반찬 배송했을 때 너무 많을 것 같은데, 한가족 세트 말고 (1인)/(일 인) 세트로 변경하고 아이들 반찬을 주문할게요. n/ (1인)/(일 인) 세트는 몇 끼 정도 먹을 수 있나요?",SOURCE_TEXT,,False,,D62_J93,normal_source_05563,unassigned
train_normal_00495,train,normal,0,D62_J93_S00017011,D62_J93_S00017011_seg002,aihub,data\normal_aihub\prepared_diverse\audio\D62_J93_S00017011\D62_J93_S00017011_seg002.wav,audio/normal/train_normal_00495.wav,0.0,17.297,17.297,"n/ 식단표를 미리 볼 순 없나요? n/ 그럼 매주 월요일에 문자로 식단표 받아볼 수 있도록 신청해 주시고, 매주 화요일 금요일에 배송 부탁드립니다. n/ 한가족 세트로 주문하게 되면 한번 배송될 때 며칠 정도 먹을 수 있나요? n/ 아이들은 매운 걸 아직 잘 못 먹는데, 아이들은 위한 반찬도 따로 있을까요?",SOURCE_TEXT,,False,,D62_J93,normal_source_05562,unassigned
train_normal_00496,train,normal,0,D62_J93_S00017017,D62_J93_S00017017_seg007,aihub,data\normal_aihub\prepared_diverse\audio\D62_J93_S00017017\D62_J93_S00017017_seg007.wav,audio/normal/train_normal_00496.wav,0.0,12.811,12.811,n/ 환불도 안 해주고 불친절해서 너무 불쾌합니다. n/ 근본적인 문제를 해결할 생각은 하지 않으시고 융통성 없이 방침만 계속 말씀하시는 건 정말 아닌 것 같습니다. n/ 다른 분들도 저처럼 모르고 당할 것 같은데 똑바로 장사하세요. n/ 됐어요.,SOURCE_TEXT,,False,,D62_J93,normal_source_05574,unassigned
train_normal_00497,train,normal,0,D62_J93_S00017043,D62_J93_S00017043_seg006,aihub,data\normal_aihub\prepared_diverse\audio\D62_J93_S00017043\D62_J93_S00017043_seg006.wav,audio/normal/train_normal_00497.wav,0.0,15.077,15.077,"n/ 그럼 할인좌석이 아닌, 일반 좌석으로 구매하면 마일리지 사용이 가능하다는 거죠? n/ 그렇게 (해주시고요)/(해주시구요). 아내 (비즈니스석)/(비지니스석) 바로 앞에 아기요람 서비스 신청하고 싶은데 아이 체중은 (7KG이고)/(칠 킬로그람이고), 키는 (48cm)/(사십 팔 센티미터)입니다.",SOURCE_TEXT,,False,,D62_J93,normal_source_05580,unassigned
train_normal_00498,train,normal,0,D62_J93_S00017073,D62_J93_S00017073_seg006,aihub,data\normal_aihub\prepared_diverse\audio\D62_J93_S00017073\D62_J93_S00017073_seg006.wav,audio/normal/train_normal_00498.wav,0.0,15.879,15.879,"n/ 기분이 너무 나빠서 화가 풀리지가 않네요. n/ 저/ 제가 낙지 (1)/(하나) 때문에 이러는 게 아니고 망쳐버린 제 집들이가 너무 화가 나네요. n/ 손님 불러 놓고 산낙+ 산+ 산낙지 대접하려고 했는데, 준비도 제대로 안 한 여자가 되어 버렸네요. n/ 어른들도 오셨는데, 저를 뭐라고 하셨겠어요. n/ 앞으로 싱싱 물산은 거래를 못할 것 같네요.",SOURCE_TEXT,,False,,D62_J93,normal_source_05596,unassigned
train_normal_00499,train,normal,0,D62_J93_S00017098,D62_J93_S00017098_seg007,aihub,data\normal_aihub\prepared_diverse\audio\D62_J93_S00017098\D62_J93_S00017098_seg007.wav,audio/normal/train_normal_00499.wav,0.0,14.487,14.487,n/ 그리고 (1인)/(일 인) 세트와 채식 주의자 식단에는 흰쌀밥 대신에 현미밥으로 대체 가능한가요? n/ 배송은 어떤 식으로 되나요? 전날 만든 음식을 다음날 택배로 받는 건 찝찝해서요. n/ 그럼 지정된 날짜에 오전 (7시)/(일곱 시)까지 배송해 주세요. n/ 감사합니다.,SOURCE_TEXT,,False,,D62_J93,normal_source_05604,unassigned
train_normal_00500,train,normal,0,D62_J93_S00017135,D62_J93_S00017135_seg004,aihub,data\normal_aihub\prepared_diverse\audio\D62_J93_S00017135\D62_J93_S00017135_seg004.wav,audio/normal/train_normal_00500.wav,0.0,15.701,15.701,n/ 오면서 상한 건지 사진을 다른 걸 보내준 건지 알 수 없지만 정말 이건 아니죠. 전에 마켓 할리에서도 상한 거 배송한 거 뉴스에 나와서 아주 난리였잖아요. 사진 바꿔치기했다고. 아시죠? 그런 건 안 따라갔으면 좋겠어요. n/ 다른 건 상태가 괜찮아요. 이거 (2개)/(두 개)만 환불 가능하죠?,SOURCE_TEXT,,False,,D62_J93,normal_source_05615,unassigned
train_normal_00501,train,normal,0,D62_J93_S00017145,D62_J93_S00017145_seg009,aihub,data\normal_aihub\prepared_diverse\audio\D62_J93_S00017145\D62_J93_S00017145_seg009.wav,audio/normal/train_normal_00501.wav,0.0,10.421,10.421,n/ 배송은 어떤 식으로 되나요? 전날 만든 음식을 다음날 택배로 받는 건 찝찝해서요. n/ 그럼 지정된 날짜에 오전 (7시)/(일곱 시)까지 배송해 주세요. n/ 감사합니다.,SOURCE_TEXT,,False,,D62_J93,normal_source_05627,unassigned
train_normal_00502,train,normal,0,D62_J93_S00017167,D62_J93_S00017167_seg009,aihub,data\normal_aihub\prepared_diverse\audio\D62_J93_S00017167\D62_J93_S00017167_seg009.wav,audio/normal/train_normal_00502.wav,0.0,10.731,10.731,n/ 배송은 어떤 식으로 되나요? 전날 만든 음식을 다음날 택배로 받는 건 찝찝해서요. n/ 그럼 지정된 날짜에 오전 (7시)/(일곱 시)까지 배송해 주세요. n/ 감사합니다.,SOURCE_TEXT,,False,,D62_J93,normal_source_05644,unassigned
train_normal_00503,train,normal,0,D62_J93_S00017173,D62_J93_S00017173_seg008,aihub,data\normal_aihub\prepared_diverse\audio\D62_J93_S00017173\D62_J93_S00017173_seg008.wav,audio/normal/train_normal_00503.wav,0.0,13.696,13.696,"n/ 환불도 안 해주고 불친절해서 너무 불쾌합니다. n/ 근본적인 문제를 해결할 생각을 하지 않으시고 융통성 없이 방침만 계속 말씀하시는 건 아닌 것 같습니다. n/ 다른 분들도 저처럼 모르고 당할 것 같은데, 똑바로 장사하세요. n/ 됐어요.",SOURCE_TEXT,,False,,D62_J93,normal_source_05652,unassigned
train_normal_00504,train,normal,0,D62_J93_S00017188,D62_J93_S00017188_seg007,aihub,data\normal_aihub\prepared_diverse\audio\D62_J93_S00017188\D62_J93_S00017188_seg007.wav,audio/normal/train_normal_00504.wav,0.0,15.348,15.348,n/ 그리고 (1인)/(일 인) 세트와 채식 주의자 식단에는 흰쌀밥 대신에 현미밥으로 대체 가능한가요? n/ 배송은 어떤 식으로 되나요? 전날 만든 음식을 다음날 택배로 받는 건 찝찝해서요. n/ 그럼 지정된 날짜에 오전 (7시)/(일곱 시)까지 배송해 주세요. n/ 감사합니다.,SOURCE_TEXT,,False,,D62_J93,normal_source_05659,unassigned
train_normal_00505,train,normal,0,D62_J93_S00017194,D62_J93_S00017194_seg006,aihub,data\normal_aihub\prepared_diverse\audio\D62_J93_S00017194\D62_J93_S00017194_seg006.wav,audio/normal/train_normal_00505.wav,0.0,15.573,15.573,"n/ 기분이 너무 나빠서 화가 풀리지가 않네요. n/ 제가 낙지 (1)/(하나) 때문에 이러는 게 아니고 망쳐버린 제 집들이가 너무 화가 나네요. n/ 손님 불러 놓고 산낙지 대접하려고 했는데, 준비도 제대로 안 한 여자가 되어 버렸네요. n/ 어른들도 오셨는데, 저를 뭐라고 생각하셨겠어요. n/ 앞으로 싱싱 물산은 거래를 못할 것 같네요.",SOURCE_TEXT,,False,,D62_J93,normal_source_05665,unassigned
train_normal_00506,train,normal,0,D62_J93_S00017215,D62_J93_S00017215_seg001,aihub,data\normal_aihub\prepared_diverse\audio\D62_J93_S00017215\D62_J93_S00017215_seg001.wav,audio/normal/train_normal_00506.wav,0.0,15.369,15.369,"n/ 안녕하세요. 상담 좀 받고 싶은데요? n/ 저희 집이 맞벌이다 보니, 반찬 만들 시간도 없고, 식사시간마다 많이 미안해지네요. 반찬 배송 좀 받아보려고요. n/ 성인 (2명)/(두 명)에 유치원 다니는 아이가 (2명)/(두 명) 있는데 한가족 세트로 시키면 알맞을까요?",SOURCE_TEXT,,False,,D62_J93,normal_source_05667,unassigned
train_normal_00507,train,normal,0,D62_J93_S00017215,D62_J93_S00017215_seg002,aihub,data\normal_aihub\prepared_diverse\audio\D62_J93_S00017215\D62_J93_S00017215_seg002.wav,audio/normal/train_normal_00507.wav,0.0,18.808,18.808,"n/ (1주일)/(일 주일)에 (2번)/(두 번) 정도 정기배송받아보고 싶은데, 메뉴 구성이 어떻게 되나요? n/ 식단표를 미리 볼 순 없나요? n/ 그럼 매주 월요일에 문자로 식단표 받아볼 수 있도록 신청해 주시고, 매주 화요일 금요일에 배송 부탁드립니다. n/ 한가족 세트로 주문하게 되면 한번 배송될 때 며칠 정도 먹을 수 있나요?",SOURCE_TEXT,,False,,D62_J93,normal_source_05668,unassigned
train_normal_00508,train,normal,0,D62_J93_S00017222,D62_J93_S00017222_seg005,aihub,data\normal_aihub\prepared_diverse\audio\D62_J93_S00017222\D62_J93_S00017222_seg005.wav,audio/normal/train_normal_00508.wav,0.0,15.371,15.371,n/ 낙지를 어떻게 버리나요? 음식물 쓰레기에 넣으면 되나요? n/ 꽃게도 시키면 죽어서 오나요? n/ 상호명을 잘못+ 적으신+ 잘못 지으신 거 아닌가요? 싱싱 물산이 아니고 노이해 물산이네요. n/ 사장님도 이렇게 운영되고 있는 걸 아나요? n/ 고객응대도 이렇게 하시는 걸 (아시진)/(아진) 않을 것 같네요.,SOURCE_TEXT,,False,,D62_J93,normal_source_05678,unassigned
train_normal_00509,train,normal,0,D62_J93_S00017247,D62_J93_S00017247_seg003,aihub,data\normal_aihub\prepared_diverse\audio\D62_J93_S00017247\D62_J93_S00017247_seg003.wav,audio/normal/train_normal_00509.wav,0.0,17.355,17.355,n/ 그럼 제가 환불 클릭해서 사유 적는 부분에 사진 우선 첨부할게요. (1번)/(한 번) 봐주시겠어요? n/ 지금 썼어요. 확인되세요? n/ 그렇죠? 저도 웬만하면 시들거나 한 거 잘라내고 먹는 사람인데 이건 음식물 쓰레기 같아서 도저히 못 먹겠어요.,SOURCE_TEXT,,False,,D62_J93,normal_source_05683,unassigned
train_normal_00510,train,normal,0,D62_J93_S00017266,D62_J93_S00017266_seg006,aihub,data\normal_aihub\prepared_diverse\audio\D62_J93_S00017266\D62_J93_S00017266_seg006.wav,audio/normal/train_normal_00510.wav,0.0,15.605,15.605,n/ (17번가)/(십 칠 번가) 믿고 있어서 마트 배송도 잘 될 줄 알았는데 아직 초창기라 그런가 미흡하네요. 점점 나아지겠죠? n/ 그럼 그때까진 시키는 거 자제해야겠네요. 이런 건 정말 보내면 안돼요. 주의해주세요. n/ 그럼 환불이 얼마 되는 건가요? 카드로 결제했는데 (어떻게)/(어떠케) 되는 거죠?,SOURCE_TEXT,,False,,D62_J93,normal_source_05694,unassigned
train_normal_00511,train,normal,0,D62_J93_S00017288,D62_J93_S00017288_seg003,aihub,data\normal_aihub\prepared_diverse\audio\D62_J93_S00017288\D62_J93_S00017288_seg003.wav,audio/normal/train_normal_00511.wav,0.0,15.099,15.099,"n/ 그럼 한가족 세트에 아이들 반찬도 주문이 되나요? 아이들 반찬은 몇 개가 배송되나요? n/ 그럼 주 (2회)/(이 회) 반찬 배송했을 때 너무 많을 것 같은데, 한가족 세트 말고 (1인)/(일 인) 세트로 변경하고 아이들 반찬을 주문할게요",SOURCE_TEXT,,False,,D62_J93,normal_source_05698,unassigned
train_normal_00512,train,normal,0,D62_J93_S00017316,D62_J93_S00017316_seg004,aihub,data\normal_aihub\prepared_diverse\audio\D62_J93_S00017316\D62_J93_S00017316_seg004.wav,audio/normal/train_normal_00512.wav,0.0,15.52,15.52,n/ (다른)/(따른) 건 상태가 괜찮아요. 이거 (2개)/(두 개)만 환불 가능하죠? n/ 당연히 그래야죠. 제가 생각 같아선 이 사진 저희 동네 맘카+ 맘카페건 인터넷이건 올리고 싶지만 제가 평소에 (17번가)/(십 칠 번가)에서 좋은 제품도 많이 팔고 저도 혜택 받은 게 많아서 그냥 넘어가는 거예요.,SOURCE_TEXT,,False,,D62_J93,normal_source_05714,unassigned
train_normal_00513,train,normal,0,D62_J93_S00017332,D62_J93_S00017332_seg006,aihub,data\normal_aihub\prepared_diverse\audio\D62_J93_S00017332\D62_J93_S00017332_seg006.wav,audio/normal/train_normal_00513.wav,0.0,15.477,15.477,n/ (17)/(십 칠) 번가 믿고 있어서 마트 배송도 잘 될 줄 알았는데 아직 초창기라 그런가 미흡하네요. 점점 나아지겠죠? n/ 그럼 그때까진 시키는 건 자제해야겠네요. 이런 건 정말 보내면 안돼요. 주의해주세요. n/ 그럼 환불이 얼마 되는 건가요? 카드로 결제했는데 어떻게 되는 거죠?,SOURCE_TEXT,,False,,D62_J93,normal_source_05723,unassigned
train_normal_00514,train,normal,0,D62_J93_S00017380,D62_J93_S00017380_seg003,aihub,data\normal_aihub\prepared_diverse\audio\D62_J93_S00017380\D62_J93_S00017380_seg003.wav,audio/normal/train_normal_00514.wav,0.0,16.937,16.937,n/ 그럼 제가 환불 클릭해서 사유 적는 부+ 부분에 사진 우선 첨부할게요 (1번)/(한 번) 봐주시겠어요? n/ 지금 썼어요. 확인되세요? n/ 그렇죠? 저도 웬만하면 시들거나 한 거 잘라내고 먹는 사람인데 이건 음식물 쓰레기 같아서 도저히 못 먹겠어요.,SOURCE_TEXT,,False,,D62_J93,normal_source_05742,unassigned
train_normal_00515,train,normal,0,D62_J93_S00017396,D62_J93_S00017396_seg006,aihub,data\normal_aihub\prepared_diverse\audio\D62_J93_S00017396\D62_J93_S00017396_seg006.wav,audio/normal/train_normal_00515.wav,0.0,16.077,16.077,n/ 제가 애들 김밥 해 줄려고 이거 재료 산 건데 김밥이랑 신랑은 고등어구이를 제일 좋아해서 오늘 저녁 하려고 한 건데 애들은 시금치 없는 김밥 먹어야 하고 신랑은 밥이랑 국만 먹어야 해요. 저녁이 실패네요.,SOURCE_TEXT,,False,,D62_J93,normal_source_05753,unassigned
train_normal_00516,train,normal,0,D62_J93_S00017769,D62_J93_S00017769_seg005,aihub,data\normal_aihub\prepared_diverse\audio\D62_J93_S00017769\D62_J93_S00017769_seg005.wav,audio/normal/train_normal_00516.wav,0.0,15.031,15.031,n/ 모든 매장에서 전부 구매가 가능한 건가요? 제가 가는 인천점도요? n/ 아/ 인천점은 구매가 안되고 부천점이 가능하군요. 오늘은 인천점에 들리니까 (아쉽게도)/(이쉽게도) 머그잔과 접시는 구매하지 못하겠네요. n/ 한스도 포인트 제도가 있다던데 정말인가요? n/ 그렇군요. 한스 포인트는 어떻게 적립하나요?,SOURCE_TEXT,,False,,D62_J93,normal_source_05787,unassigned
train_normal_00517,train,normal,0,D62_J93_S00017769,D62_J93_S00017769_seg003,aihub,data\normal_aihub\prepared_diverse\audio\D62_J93_S00017769\D62_J93_S00017769_seg003.wav,audio/normal/train_normal_00517.wav,0.0,17.833,17.833,n/ 다행이네요. 제가 딸기 타르트를 정말 좋아하거든요. 한스 (케이크)/(케익) 하면 다들 딸기 타르트를 생각하잖아요. 딸기 토핑이 그렇게 많이 들어가니 맛이 없을 수가 없죠. 혹시 딸기 타르트 오늘 부천점에 재고가 있나요? n/ 없다고요? 오늘 기프티콘 딸기 타르트에 사용하려고 한 건데 어떡하죠. 근처에 다른 지점은 없을까요? 딸기 타르트가 조금만 늦게 가도 항상 품절이더라고요.,SOURCE_TEXT,,False,,D62_J93,normal_source_05785,unassigned
train_normal_00518,train,normal,0,D62_J93_S00018044,D62_J93_S00018044_seg004,aihub,data\normal_aihub\prepared_diverse\audio\D62_J93_S00018044\D62_J93_S00018044_seg004.wav,audio/normal/train_normal_00518.wav,0.0,15.187,15.187,n/ 정말 죄송한데요. 생각해보니까 전화로 변경 요청하니까 제가 너무 헷갈려서요. n/ 그냥 주문 취소해주시면 제가 다시 주문해도 될까요? n/ 감사합니다. 주문번호 불러드리면 되나요? 아니면 지금 제 주문 보고 계신가요? n/ (1234567)/(일 이 삼 사 오 육 칠)입니다. n/ 감사합니다. 다시 주문할게요.,SOURCE_TEXT,,False,,D62_J93,normal_source_05803,unassigned
train_normal_00519,train,normal,0,D62_J93_S00018064,D62_J93_S00018064_seg004,aihub,data\normal_aihub\prepared_diverse\audio\D62_J93_S00018064\D62_J93_S00018064_seg004.wav,audio/normal/train_normal_00519.wav,0.0,16.176,16.176,n/ 정말 죄송한데요. 생각해보니까 전화로 변경 요청하니까 제가 너무 헷갈려서요. n/ 그냥 주문 취소해주시면 제가 다시 주문해도 될까요? n/ 감사합니다. 주문번호 불러드리면 되나요? 아니면 지금 제 주문번호+ 주문 보고 계신가요? n/ (1234567)/(일 이 삼 사 오 육 칠)입니다. n/ 감사합니다. 다시 주문할게요.,SOURCE_TEXT,,False,,D62_J93,normal_source_05810,unassigned
train_normal_00520,train,normal,0,D62_J93_S00018084,D62_J93_S00018084_seg004,aihub,data\normal_aihub\prepared_diverse\audio\D62_J93_S00018084\D62_J93_S00018084_seg004.wav,audio/normal/train_normal_00520.wav,0.0,16.396,16.396,n/ 정말 죄송한데요? 생각해보니까 전화로 변경 요청하니까 제가 너무 헷갈려서요. n/ 그냥 주문 취소해주시면 제가 다시 주문해도 될까요? n/ 감사합니다. 주문번호 불러드려야 되나요? 아니면 제가+ 지금 제 주문 보고 계신가요? n/ (1234567)/(일 이 삼 사 오 육 칠)입니다. n/ 감사합니다. 다시 주문할게요.,SOURCE_TEXT,,False,,D62_J93,normal_source_05817,unassigned
train_normal_00521,train,normal,0,D62_J93_S00018162,D62_J93_S00018162_seg005,aihub,data\normal_aihub\prepared_diverse\audio\D62_J93_S00018162\D62_J93_S00018162_seg005.wav,audio/normal/train_normal_00521.wav,0.0,17.208,17.208,n/ 감사합니다. 다시 주문할게요. n/ 그리고 다시 주문하기 전에 포인트 관련해서도 추가지*+ 추가 문의드릴게요. n/ 제가 상품 (49900원)/(사만 구천 구백 원)에 무료배송으로 구매했는데요? n/ 포인트 적립이 (50000원)/(오만 원) 이상이면 (5%)/(오 퍼센트) 미만+ 이상이면 (5%)/(오 퍼센트)고 (3%)/(삼 퍼센트) 적립으로 나와있어서요.,SOURCE_TEXT,,False,,D62_J93,normal_source_05839,unassigned
train_normal_00522,train,normal,0,D62_J93_S00018182,D62_J93_S00018182_seg002,aihub,data\normal_aihub\prepared_diverse\audio\D62_J93_S00018182\D62_J93_S00018182_seg002.wav,audio/normal/train_normal_00522.wav,0.0,17.437,17.437,n/ 다행이네요. 그럼 사이즈 (55)/(오 오)로 변경해주시고요. 이거 (4종)/(사 종) 세트 구성품인 벨트 디자인이 (2가지)/(두 가지)인+ 거+로 알고+ (2가지)/(두 가지)로 있는 거 같던데 맞죠? n/ 그럼 벨트 디자인으로 변경할게요. 동그라미에서 네모로 변경할게요. n/ 블라우스도 카라 제품이랑 노카라 제품이랑 있는 걸로 봤는데 이것도 변경되요?,SOURCE_TEXT,,False,,D62_J93,normal_source_05843,unassigned
train_normal_00523,train,normal,0,D62_J93_S00018202,D62_J93_S00018202_seg009,aihub,data\normal_aihub\prepared_diverse\audio\D62_J93_S00018202\D62_J93_S00018202_seg009.wav,audio/normal/train_normal_00523.wav,0.0,11.808,11.808,n/ 구매완료 확정되면 주는 건가요? 이번 포인트만 받으면 살 게 있어서요. n/ 너무 문의를 많이 드린 거 같네요. 친절하게 답해주셔서 감사합니다.,SOURCE_TEXT,,False,,D62_J93,normal_source_05856,unassigned
train_normal_00524,train,normal,0,D62_J93_S00018243,D62_J93_S00018243_seg007,aihub,data\normal_aihub\prepared_diverse\audio\D62_J93_S00018243\D62_J93_S00018243_seg007.wav,audio/normal/train_normal_00524.wav,0.0,14.299,14.299,n/ 알겠습니다. 그럼 그렇게 해야겠네요. n/ 포인트는 언제 지급되는 거죠? 결제하면 바로 되는 건가요? n/ 구매완료 확정되면 주는 건가요? 이번 포인트만 받으면 살 게 있어서요. n/ 너무 문의를 많이 드린 거 같네요. 친절하게 답해주셔서 감사합니다.,SOURCE_TEXT,,False,,D62_J93,normal_source_05863,unassigned
train_normal_00525,train,normal,0,D62_J93_S00018272,D62_J93_S00018272_seg006,aihub,data\normal_aihub\prepared_diverse\audio\D62_J93_S00018272\D62_J93_S00018272_seg006.wav,audio/normal/train_normal_00525.wav,0.0,15.151,15.151,n/ 왜요? 제가 무료배송 안 받고 배송비 결제하고 싶은데요? n/ 상품 가격 (49900원)/(사만 구천 구백 원)에 배송비 (2500원)/(이천 오백 원) 해서 (50000)/(오만 이천 사백 원) 결제해서 (5%)/(오 퍼센트) 적립받는 게 저한테 더 이득이라서요. 가능하면 해주세요. n/ 그러면 (100원)/(백 원)짜리 물건 있나요? (50000원)/(오만 원) 채우게요.,SOURCE_TEXT,,False,,D62_J93,normal_source_05869,unassigned
train_normal_00526,train,normal,0,D62_J93_S00018272,D62_J93_S00018272_seg004,aihub,data\normal_aihub\prepared_diverse\audio\D62_J93_S00018272\D62_J93_S00018272_seg004.wav,audio/normal/train_normal_00526.wav,0.0,15.403,15.403,n/ 정말 죄송한데요. 생각해보니까 전화로 변경 요청하니까 제가 너무 헷갈려서요. n/ 그냥 주문 취소해주시면 제가 다시 주문해도 될까요? n/ 감사합니다. 주문번호 불러드리면 되나요? 아니면 지금 제 주문 보고 계신가요? n/ (1234567)/(일 이 삼 사 오 육 칠)입니다. n/ 감사합니다. 다시 주문할게요.,SOURCE_TEXT,,False,,D62_J93,normal_source_05867,unassigned
train_normal_00527,train,normal,0,D62_J93_S00018297,D62_J93_S00018297_seg002,aihub,data\normal_aihub\prepared_diverse\audio\D62_J93_S00018297\D62_J93_S00018297_seg002.wav,audio/normal/train_normal_00527.wav,0.0,15.093,15.093,n/ 다행이네요. 그럼 사이즈 (55)/(오 오)로 변경해주시고요. 이거 (4종)/(사 종) 세트 구성품인 벨트 디자인이 (2가지)/(두 가지)로 있는 거 같던데 맞죠? n/ 그럼 벨트 디자인도 변경할게요. 동그라미에서 네모로 변경할게요. n/ 또 블라우스도 카라 제품이랑 노카라 제품이랑 있는 걸로 봤는데 이것도 변경되나요?,SOURCE_TEXT,,False,,D62_J93,normal_source_05872,unassigned
train_normal_00528,train,normal,0,D62_J93_S00018322,D62_J93_S00018322_seg004,aihub,data\normal_aihub\prepared_diverse\audio\D62_J93_S00018322\D62_J93_S00018322_seg004.wav,audio/normal/train_normal_00528.wav,0.0,15.217,15.217,n/ 정말 죄송한데요. 생각해보니까 전화로 변경 요청하니까 제가 너무 헷갈려서요. n/ 그냥 주문 취소해주시면 제가 다시 주문해도 될까요? n/ 감사합니다. 주문번호 불러드리면 되나요? 아니면 지금 제 주문 보고 계신가요? n/ (1234567)/(일 이 삼 사 오 육 칠)입니다.,SOURCE_TEXT,,False,,D62_J93,normal_source_05881,unassigned
train_normal_00529,train,normal,0,D62_J93_S00018415,D62_J93_S00018415_seg010,aihub,data\normal_aihub\prepared_diverse\audio\D62_J93_S00018415\D62_J93_S00018415_seg010.wav,audio/normal/train_normal_00529.wav,0.0,15.061,15.061,n/ 포인트는 언제 지급되는 거죠? 바로+ 결제 바로하면 되는 건가요? n/ 구매완료 확정되면 주는 건가요? 이번 포인트만 받으면 살 게 있어서요. n/ 너무 문의를 많이 드린 거 같네요. 친절하게 답해주셔서 감사합니다.,SOURCE_TEXT,,False,,D62_J93,normal_source_05900,unassigned
train_normal_00530,train,normal,0,D62_J93_S00018438,D62_J93_S00018438_seg003,aihub,data\normal_aihub\prepared_diverse\audio\D62_J93_S00018438\D62_J93_S00018438_seg003.wav,audio/normal/train_normal_00530.wav,0.0,15.086,15.086,그걸 어떻게 증명하나요? 제가 안 봤을 때 알 방법이 없네요. n/ 뭐 주문 즉시 산낙지를 잡아서 포장하기라도 하나요? n/ 수족관이 있나 보네요? 제가 시킨 낙지는 원산지가 어딘가요? 국내산이네요. 죽은 낙지를 먹어도 상관은 없나요? n/ 생으로 먹어도 되나요? 참기름을 찍어서요.,SOURCE_TEXT,,False,,D62_J93,normal_source_05910,unassigned
train_normal_00531,train,normal,0,D62_J93_S00018513,D62_J93_S00018513_seg004,aihub,data\normal_aihub\prepared_diverse\audio\D62_J93_S00018513\D62_J93_S00018513_seg004.wav,audio/normal/train_normal_00531.wav,0.0,16.431,16.431,n/ 그냥 주문 취소해주시면 제가 다시 주문해도 될까요? n/ 감사합니다. 주문번호 불러드리면 되나요? 아니면 지금 제 주문 보고 계시나요? n/ (1234567)/(일 이 삼 사 오 육 칠)입니다. n/ 감사합니다. 다시 주문할게요. n/ 그리고 다시 주문하기 전에 포인트 관련해서도 추가 문의드릴게요. n/ 제가 상품 (49900원)/(사만 구천 구백 원)에 무료배송으로 구매했는데요?,SOURCE_TEXT,,False,,D62_J93,normal_source_05927,unassigned
train_normal_00532,train,normal,0,D62_J93_S00018533,D62_J93_S00018533_seg007,aihub,data\normal_aihub\prepared_diverse\audio\D62_J93_S00018533\D62_J93_S00018533_seg007.wav,audio/normal/train_normal_00532.wav,0.0,13.207,13.207,n/ 알겠습니다. 그럼 그렇게 해야겠네요. n/ 포인트는 언제 지급되는 거죠? 결제하면 바로 되는 건가요? n/ 구매완료 확정되면 주는 건가요? 이번 포인트만 받으면 살 게 있어서요. n/ 너무 문의를 많이 드린 거 같네요. 친절하게 답변해주셔서 감사합니다.,SOURCE_TEXT,,False,,D62_J93,normal_source_05936,unassigned
train_phishing_00001,train,phishing,1,36341,36341,fss,C:\공경진_26년도\대출사기형\36341_금감원 은행조사관 사칭 명의도용 사건.mp3,audio/phishing/train_phishing_00001.wav,20.32,45.09,24.77,네 로고인이 됐다. 다리 미안해. 지금 명의도형 사건입니다. 명의도형 사건으로 저희 쪽이 접속거리 여러 차례 신고가 들어와서 연락을 드린 부분이시대요. 아니면 제가 여쭤볼게요. 해외에서 지금 본인 명의도의 은혜개자가 로고인이 되었는 적이 있습니다. 2015년도 제가 올해를 말씀드리는 건데. 2015년도 2월 15일 경행. 본인께서 혹시 홍콩으로 방문을 하신 적이 있으십니까?,PASS,,False,,대출사기형,validation_phishing_00001,train
train_phishing_00002,train,phishing,1,36341,36341,fss,C:\공경진_26년도\대출사기형\36341_금감원 은행조사관 사칭 명의도용 사건.mp3,audio/phishing/train_phishing_00002.wav,88.04,105.84,17.8,"아 그래요? 그럼 은혜개가서 신고해야 되냐 이거? 일단 제가 신고부터 하시는 게 신고부터 하셔야 되시는 거지. 하지만 일단은 수원 지방에서, 지방검찰청에서 본인 앞으로 연락이 가실 거예요. 그래서 가시면 간단한 안전조치를 꼭 받으셔야 되시겠습니다. 본인 앞에서 연락을 드릴게요. 한 명 좀 해보겠습니다. 네 알겠습니다.",PASS,,False,,대출사기형,validation_phishing_00002,train
train_phishing_00003,train,phishing,1,36344,36344,fss,C:\공경진_26년도\대출사기형\36344_취업빙자 통장편취사기.mp3,audio/phishing/train_phishing_00003.wav,0.21,21.97,21.76,"되면서 저희가 그걸 초대로 드력 예산을 드리는 거고요. 또 아이디카드가 추리카드와 마찬가지여서 교육 받으실 때에도 카드가 있으세요. 본인지에서 교육 받으실 수 있으신 거예요. 그럼 저희 회사에서... 네, 근데 지금 저희 회사에서 직접 아이디카드를 제작할 수 있는 게 아니라서요. 저희가 위털 업체를 이대로 하게 되는데",PASS,,False,,대출사기형,train_phishing_00001,train
train_phishing_00004,train,phishing,1,36344,36344,fss,C:\공경진_26년도\대출사기형\36344_취업빙자 통장편취사기.mp3,audio/phishing/train_phishing_00004.wav,82.82,104.3,21.48,"그러면 서류? 마감 시험 전에 서류가 저희 본사적으로 도착을 하실 거예요. 그러면 오선 중으로 신호 확인을 해드릴 거고요. 바로 알티카를 제사해 주실 거예요. 네, 알겠습니다. 네, 그럼 이덕서 지금 혹시 한 번 실력해 놓으신 거 있으신가요? 어, 지금 뽑아야 돼요.",PASS,,False,,대출사기형,train_phishing_00002,train
train_phishing_00005,train,phishing,1,36344,36344,fss,C:\공경진_26년도\대출사기형\36344_취업빙자 통장편취사기.mp3,audio/phishing/train_phishing_00005.wav,124.46,148.26,23.8,"본인께서 알티카드 제사를 하시는 2일 동안에는 2, 3일 동안은 사용하시지 못하실 거잖아요. 그러면 부산하실 거랑 아니면 자능 같은 거 있으시면 다 빼주시거나 입체해 주시라고 말씀드리는 거예요. 아, 네, 알겠습니다. 네, 그러면 서류 준비하실 때요. 서류봉투 같은 것도 하나 준비해 주시고요. 서류봉투 안에 이덕서랑 그 다리 딱 빼주신 카드를 같이 저를 동봉해 주시고요.",PASS,,False,,대출사기형,train_phishing_00003,train
train_phishing_00006,train,phishing,1,36344,36344,fss,C:\공경진_26년도\대출사기형\36344_취업빙자 통장편취사기.mp3,audio/phishing/train_phishing_00006.wav,148.26,172.74,24.48,"동춘은 꼭 일봉을 잘 하셔서 저희 직원분한테 전화해 주셔야 되세요. 아, 네, 알겠습니다. 이렇게 준비하시는데 시간 얼마나 걸릴까요? 어, 오늘 안에 해야 되는 거죠. 네, 그래야만 저 일성에 사실이 안 생기니까. 뭐 가면 몇 시까지 해요? 네, 6시까지. 저희가 나간 시간은 다섯 시까지인데요.",PASS,,False,,대출사기형,train_phishing_00004,train
train_phishing_00007,train,phishing,1,36344,36344,fss,C:\공경진_26년도\대출사기형\36344_취업빙자 통장편취사기.mp3,audio/phishing/train_phishing_00007.wav,172.74,195.61,22.87,"혹시 그러시면 최대한 빨리 준비해 주시면 몇 시까지 가능하세요? 이적사 함부를 틀려 가시는 시간은 오래 안 빨리 있을 거잖아요. 아, 그래, 그래. 아, 3시 정도까지? 3시까지요? 네, 알겠습니다. 그러면 3시까지 제가 다시 한번 연락 드릴 거고요. 혹시 그 전에 준비가 되셨으면",PASS,,False,,대출사기형,train_phishing_00005,train
train_phishing_00008,train,phishing,1,36504,36504,fss,C:\공경진_26년도\대출사기형\36504_내년도 초반도에는 신용등급이 빠르게 올라가세요.mp3,audio/phishing/train_phishing_00008.wav,0.37,21.63,21.26,그래서 대축은 나가신 이후에 고객님 그 은행권이나 근육금 관련해서는 전산 그 원래 다 통합으로 신사과 부분이라든지 그런 부분에 저는 통합돼서 전산랑 확인이 가능하시거든요. 그런데 이제 확진된 이후에는 고객님 뭐 전혀 확인할 수 있는 방법이 없어서,PASS,,False,,대출사기형,train_phishing_00013,validation
train_phishing_00009,train,phishing,1,36504,36504,fss,C:\공경진_26년도\대출사기형\36504_내년도 초반도에는 신용등급이 빠르게 올라가세요.mp3,audio/phishing/train_phishing_00009.wav,99.24,119.64,20.4,예 시간을 제가 조정을 할 수가 없는데 요거는 전산각질 후에 저희 영업팀에서 제일 위쪽으로 사례를 올려서 거의 잠시로 올라가면 큰일 나니까요. 실수에 올라가면 안 되시니까 그렇게 지는 게 지나라는 거 알고 계시고요. 잠깐 좀 지금 계속 컨트롤해서 오는데 아이고,PASS,,False,,대출사기형,train_phishing_00014,validation
train_phishing_00010,train,phishing,1,36509,36509,fss,C:\공경진_26년도\대출사기형\36509_신용관리 명목으로 비용을 요구.mp3,audio/phishing/train_phishing_00010.wav,0.59,26.19,25.6,고객님 만약에 이렇게 결제를 하시고도 이거 나중에 결과를 못 보셨다 하시는 경우 있잖아요. 그럴 때는 저희가 고객님께서 결제하신 금액은 전에 환불 처리 도와드린다는 거예요. 만약에 안 되면 안 된다고 제가 정확하게 말씀드릴 거고 마무리까지 고객님한테 피해가시는 일 없도록 정확하게 마무리 지어 드릴 건데,PASS,,False,,대출사기형,validation_phishing_00003,test
train_phishing_00011,train,phishing,1,36509,36509,fss,C:\공경진_26년도\대출사기형\36509_신용관리 명목으로 비용을 요구.mp3,audio/phishing/train_phishing_00011.wav,159.1,180.81,21.71,네. 그러면 고객님은 3년 된급이 되시는 거고 그 다음에 저희 쪽은 3천만 원 이상 받아볼 수 있다고 처리해 드릴 거예요. 네. 그런데 여기서 중요한 건 제가 3개월 신용관리에 받으신다고 조금 더 뒤에 받아보신다고 말씀드렸는데 네. 그 사이에 한 달 정도 공급이 생겨요. 그 기간에 뭐라 하시냐면요. 여기가 정보수장 해드리지만 지금 수고 계신 대출경보에 대해서 정보수장이 불가능합니다.,PASS,,False,,대출사기형,validation_phishing_00004,test
train_phishing_00012,train,phishing,1,36509,36509,fss,C:\공경진_26년도\대출사기형\36509_신용관리 명목으로 비용을 요구.mp3,audio/phishing/train_phishing_00012.wav,180.81,203.16,22.35,그래서 일단 저희 쪽 잠깐 받아보시면 상환하식 보고 완납하셨다고 증빙하시면 저희가 받아본 이력에 대해서까지 없애드리고 아시겠죠? 네. 식회사약해서 지금 저희 쪽 받고 계신 거 20%짜리 드론 같은 경우에 저희가 없애드리신다는 거예요. 그리고 저희 쪽 신용으로 해서 금액 이상으로 저희가 잠깐 받아보셨다고 처리해 드린다는 건데 어떠세요?,PASS,,False,,대출사기형,validation_phishing_00005,test
train_phishing_00013,train,phishing,1,36509,36509,fss,C:\공경진_26년도\대출사기형\36509_신용관리 명목으로 비용을 요구.mp3,audio/phishing/train_phishing_00013.wav,273.05,288.38,15.33,"그러세요? 네. 네. 알겠습니다. 그럼 이거 진행해서 없으신 걸로 할 테니까 고인님, 이거 보완 유지만 좀 해주세요. 맛있겠죠? 맛있게. 네.",PASS,,False,,대출사기형,validation_phishing_00006,test
train_phishing_00014,train,phishing,1,36510,36510,fss,C:\공경진_26년도\대출사기형\36510_편법대출 진행을 위해 추가 입금을 요구.mp3,audio/phishing/train_phishing_00014.wav,23.17,46.1,22.93,도와드리는 것 같아요. 그런데 문제는 그렇게 해서 그 90만 원에 대해서 납부 처리하고 납부 처리 하신 다음에 이제 이게 뭐 지금 그건 좀 모니터링에 걸리신 가서 이게 삭세를 시도하는데 바로 그 단낭대포인트 있지 않습니까 구자춘 씨. 지금 존재당하고 지금 여러 가지로 지금 문제가 지금 꼬였는데 일단,PASS,,False,,대출사기형,test_phishing_00001,train
train_phishing_00015,train,phishing,1,36510,36510,fss,C:\공경진_26년도\대출사기형\36510_편법대출 진행을 위해 추가 입금을 요구.mp3,audio/phishing/train_phishing_00015.wav,66.6,86.94,20.34,"가다하게 지금 당당자가 지급정제가 걸렸고요. 지금 삭제는 진행을 못 했습니다. 그래서 다시 한 번 그 90회에 대해서 입금기록 잡아주시면 1,090만 원 바로 네 테이크고요. 한 30분 안에 그리고 묵게 있던 90은 저희가 월요일 날까지 처리 해 드릴게요. 고의님. 90만 원 다시 보내라구요. 네. 아 그 돈이 있었으면 제가 대출을 받았겠어요.",PASS,,False,,대출사기형,test_phishing_00002,train
train_phishing_00016,train,phishing,1,36510,36510,fss,C:\공경진_26년도\대출사기형\36510_편법대출 진행을 위해 추가 입금을 요구.mp3,audio/phishing/train_phishing_00016.wav,86.94,109.05,22.11,아 그 아는데요. 지금 고의님 안 그러시면 90만 원이 고의님하고 이사원 과장하고 지금 금강원 방문해서 이 부분에 대해서 두 분씩 대면하고 그 부분에서 해명 처리하고 그래야 90만 원인지 지금 돌려받을 수 있는 상황입니다. 지금 대출이 문제가 아니라. 아 고의님. 아 고의님. 그냥 드릴 때도 없어요. 일단은 고의님 일단은 최대한 한 번 알아보고 연락을 주셔야 할,PASS,,False,,대출사기형,test_phishing_00003,train
train_phishing_00017,train,phishing,1,36510,36510,fss,C:\공경진_26년도\대출사기형\36510_편법대출 진행을 위해 추가 입금을 요구.mp3,audio/phishing/train_phishing_00017.wav,109.05,131.62,22.57,것 같아요. 고의님. 안 그러면 지금 대출도 못 나가고 고의님 90만 원 황금도 안되게 생겼어요. 지금 당당 팀장은 난리가 났고요. 일단은 고의님 한 번 최대한 알아보고 연락을 주세요 고의님.,PASS,,False,,대출사기형,test_phishing_00004,train
train_phishing_00018,train,phishing,1,36510,36510,fss,C:\공경진_26년도\대출사기형\36510_편법대출 진행을 위해 추가 입금을 요구.mp3,audio/phishing/train_phishing_00018.wav,131.62,151.74,20.12,알아볼 수가 없다니까요. 이게 다 알아보고 간식을 부리는 거예요. 그러면 고의님. 이거 월요일날까지 처리가 되도 되나요? 오늘. 오늘 처리하셔야 해요. 오늘 좀 그려봐. 아니요. 고의님. 고의님.,PASS,,False,,대출사기형,test_phishing_00005,train
train_phishing_00019,train,phishing,1,36514,36514,fss,C:\공경진_26년도\대출사기형\36514_구직사이트를 통해 대포통장을 개설하는 아르바이트 모집2.mp3,audio/phishing/train_phishing_00019.wav,0.05,21.91,21.86,저희가 정확히 업무 내용은 자세하게 기록을 해놓진 않았는데 그래서 그거를 많이 드리는 이유가 저희가 하치는 일은 이게 대포통장 개설하신 일이에요 그러니까 본인 품장을 개설하셔서 저희한테 넘치는 건 아니고 저희가 아침마다 사업자 소리를 매일 지어요,PASS,,False,,대출사기형,test_phishing_00006,test
train_phishing_00020,train,phishing,1,36514,36514,fss,C:\공경진_26년도\대출사기형\36514_구직사이트를 통해 대포통장을 개설하는 아르바이트 모집2.mp3,audio/phishing/train_phishing_00020.wav,21.91,42.6,20.69,"그 소리를 들고 가서 연예인에서 품장을 개설해 오시는 일이거든요 여기 쌓이는 것처럼 한 장 방문으로 관리 사업하는 건 아니에요? 예, 그건 아니고요 아니, 그거를 왜 통행에서라는 걸 왜 다른 사람을 시키나요? 그거는 저희가 불법적으로 사용하는 것 같습니다",PASS,,False,,대출사기형,test_phishing_00007,test
train_phishing_00021,train,phishing,1,36514,36514,fss,C:\공경진_26년도\대출사기형\36514_구직사이트를 통해 대포통장을 개설하는 아르바이트 모집2.mp3,audio/phishing/train_phishing_00021.wav,42.6,60.19,17.59,"불법적으로 사용한다고요? 네, 불법적으로 제가 도법 사이트 쪽에 사용하는 것입니다 저거 어려운데 불법하라고 말씀하시는 거예요? 그러니까 그게 가능하시면 지원을 하시는 거고요 그게 뭐 어려우신다고 하면 제가 자세하게 설명을 다가 안 드릴 수 있어요",PASS,,False,,대출사기형,test_phishing_00008,test
train_phishing_00022,train,phishing,1,36515,36515,fss,C:\공경진_26년도\대출사기형\36515_탈세를 명목으로 하여 통장을 양도하도록 유도.mp3,audio/phishing/train_phishing_00022.wav,0.66,22.32,21.66,"여보세요? 네, 선생님. 그냥 본인이 직접 움직일 필요 없으시고요. 통장 안에 장관과 연결된 현금 카드 갖고 계시는 거 있죠? 현금 인축 카드요? 네, 그냥 현금 인축 카드 말 저희 쪽으로 한 달 동안 빌려주시는 거예요. 그래, 기관에 있는 게 아니고요?",PASS,,False,,대출사기형,validation_phishing_00007,train
train_phishing_00023,train,phishing,1,36515,36515,fss,C:\공경진_26년도\대출사기형\36515_탈세를 명목으로 하여 통장을 양도하도록 유도.mp3,audio/phishing/train_phishing_00023.wav,42.32,65.86,23.54,왜냐하면 개인적으로 개인 명으로 저 친구 분이 통장으로 저 안 대로 입금하셨는데 그걸 세금으로 잡힐 일은 없잖아요. 그래서 이제 카드 가지고 결제 안 받고 참행계자 이용하셔가지고 단순히 그냥 저희 회사 이제 세금 줄이려고 하는 거고요. 대신 저희도 이제 수익 나는데서 이제 사당님들께 한 달에 이제 월 260시 집을 해드리는 거예요.,PASS,,False,,대출사기형,validation_phishing_00008,train
train_phishing_00024,train,phishing,1,36515,36515,fss,C:\공경진_26년도\대출사기형\36515_탈세를 명목으로 하여 통장을 양도하도록 유도.mp3,audio/phishing/train_phishing_00024.wav,191.28,211.72,20.44,네. 네. 저희 쪽에서 최대한 빨리 겹쳤지 해드려 갖고 접수를 해드릴게요. 그 대신 카드는 그냥 건네 주지 마시고요. 네. 카드를 그냥 뭐 작은 박스나 상자 안에 넣어서 포장을 해주세요. 네. 알겠습니다. 네. 네. 사장님 문의사항 있으시면 언제든지 톡으로 연락 주시면 되십니까?,PASS,,False,,대출사기형,validation_phishing_00009,train
train_phishing_00025,train,phishing,1,36515,36515,fss,C:\공경진_26년도\대출사기형\36515_탈세를 명목으로 하여 통장을 양도하도록 유도.mp3,audio/phishing/train_phishing_00025.wav,232.01,248.952,16.942,그리고 이제 임대료받을 계산 번호도 편안해 시간에 만약에 농료번호 능으로 이제 임대로 바뀌었다고 하시면 그 계산 번호 톡으로 저한대로 보내주시면 되시고요. 네. 네. 알겠습니다. 고맙습니다. 네. 사장님 통화 감사합니다. 수고하세요. 네.,PASS,,False,,대출사기형,validation_phishing_00010,train
train_phishing_00026,train,phishing,1,36520,36520,fss,C:\공경진_26년도\대출사기형\36520_[대출빙자형 5] 사금융 대환대출 명목으로 피해자의 무통장입금 유도.mp3,audio/phishing/train_phishing_00026.wav,24.82,53.74,28.92,"열심히 할 거니까 음... 빨리 금리 낳은 거로 대안 빨리 하셔야죠. 10, 20, 20, 20... 10이죠? 10, 20, 20... 오늘 감기 조심하지 마요. 저는 감기가 너무 심하게 걸려가지고 자, 뚫어주세요.",PASS,,False,,대출사기형,validation_phishing_00011,test
train_phishing_00027,train,phishing,1,36520,36520,fss,C:\공경진_26년도\대출사기형\36520_[대출빙자형 5] 사금융 대환대출 명목으로 피해자의 무통장입금 유도.mp3,audio/phishing/train_phishing_00027.wav,303.74,326.91,23.17,그러면 이거는 좀 기간이 좀 걸릴 수 있으세요? 네.,PASS,,False,,대출사기형,validation_phishing_00012,test
train_phishing_00028,train,phishing,1,36520,36520,fss,C:\공경진_26년도\대출사기형\36520_[대출빙자형 5] 사금융 대환대출 명목으로 피해자의 무통장입금 유도.mp3,audio/phishing/train_phishing_00028.wav,362.16,383.02,20.86,"고객님, 걱정해 주십시오. 아, 그럼 이제 다 나갔어요.",PASS,,False,,대출사기형,validation_phishing_00013,test
train_phishing_00029,train,phishing,1,36520,36520,fss,C:\공경진_26년도\대출사기형\36520_[대출빙자형 5] 사금융 대환대출 명목으로 피해자의 무통장입금 유도.mp3,audio/phishing/train_phishing_00029.wav,383.02,407.4,24.38,"시스템 안 받아주십시오. 음, 맞아요. 고객님 걱정해. 그런 줄 알았을 줄 알았지 마시고요. 제가 어를라는 일단 해산물 고객님 뭔지 아시죠? 네, 네, 네. 제가 할 거니까 저비 따라서 지금처럼.",PASS,,False,,대출사기형,validation_phishing_00014,test
train_phishing_00030,train,phishing,1,36520,36520,fss,C:\공경진_26년도\대출사기형\36520_[대출빙자형 5] 사금융 대환대출 명목으로 피해자의 무통장입금 유도.mp3,audio/phishing/train_phishing_00030.wav,427.71,448.2,20.49,"일단 확인하고 진행을 해보면 시간이 좀 걸리니까 네, 네. 자, 그러니까 미리 전화를 드릴게요. 어를를 오전에 한 10시 반용해서 전화 한번 드릴게요, 고객님. 네, 네, 네. 저는 괜찮아요. 저는 괜찮아요. 뭐 진행 과정이나 이런 거 설명해 드려야 되고. 네, 네. 제가 내일이랑 내일 오늘은 휴물에서 전화를 안 봐서. 아, 네, 네.",PASS,,False,,대출사기형,validation_phishing_00015,test
train_phishing_00031,train,phishing,1,36521,36521,fss,C:\공경진_26년도\대출사기형\36521_[대출빙자형 6] 편법을 통해 피해자 신용평점을 상향시키기 위한 대출상환 요구-ⓐ.mp3,audio/phishing/train_phishing_00031.wav,45.9,70.3,24.4,"끝났을 경우에 신용편집이 올라가세요. 하루 만에 인증을 보아내야 되잖아요. 우회적인 방법이 필요한 거고 우회적인 방법으로 가재하는 방법이 강제상황 방식이라는 게 강제상황 방식이 이제 정상적인 사용 방식이 금융사, 또는 대출 받고 나서",PASS,,False,,대출사기형,test_phishing_00009,validation
train_phishing_00032,train,phishing,1,36521,36521,fss,C:\공경진_26년도\대출사기형\36521_[대출빙자형 6] 편법을 통해 피해자 신용평점을 상향시키기 위한 대출상환 요구-ⓐ.mp3,audio/phishing/train_phishing_00032.wav,97.39,121.24,23.85,"불편상의 접속, 고객님께서 불편상의 해결이 되면 강제상황이라는 게 맞죠? 그러면 이 강제상황이라는 방식을 통해 이자나 종료고객님이 신용편을 적용해서 저희가 도와드릴 수가 있어요.",PASS,,False,,대출사기형,test_phishing_00010,validation
train_phishing_00033,train,phishing,1,36521,36521,fss,C:\공경진_26년도\대출사기형\36521_[대출빙자형 6] 편법을 통해 피해자 신용평점을 상향시키기 위한 대출상환 요구-ⓐ.mp3,audio/phishing/train_phishing_00033.wav,164.85,192.58,27.73,그 담당자가 강제상황 처리한다고 편지는 올라가는 게 아니고요. 강제상황 처리하실 때 이제 전산상으로 고객님 오늘 빌려주는 거지만 평점이 올라갈 수 있는 정상적인 대출 이 예약기간 3년이면 3년 전부 다 이용 납 처리하신 것처럼 소리를 작성해서 그러면 평점이 계속,PASS,,False,,대출사기형,test_phishing_00011,validation
train_phishing_00034,train,phishing,1,36524,36524,fss,C:\공경진_26년도\대출사기형\36524_[대출빙자형 9] ARS로 대출안내를 신청한 피해자에게 대출상품을 안내해 줄 것처럼 속임.mp3,audio/phishing/train_phishing_00034.wav,0.0,21.75,21.75,"네, 안녕하세요, 고인님. 저희는 해산론 안내세인타이입니다. 고인, 혹시 조금 전에 해산론 안내서나 받으시고요. 1번 누르시어서 상담 신청하신 거 있으신가요? 어, 맞아요. 그러면 저희가 기본 조건에 맞춰서 상품 안내를 해드리겠습니다. 고인, 혹시 직장인심입가 아니면 사업하시는 분이신가요? 어, 근데 어큰 냄새는 어디예요?",PASS,,False,,대출사기형,train_phishing_00021,test
train_phishing_00035,train,phishing,1,36524,36524,fss,C:\공경진_26년도\대출사기형\36524_[대출빙자형 9] ARS로 대출안내를 신청한 피해자에게 대출상품을 안내해 줄 것처럼 속임.mp3,audio/phishing/train_phishing_00035.wav,62.24,79.88,17.64,"은행에서 자금이 나갈 수 있도록 저희가 중간에서 그니까 업무를 대신해서 해드리는 거기 때문에 전화로 상담을 해드린다고요. 그렇게 원하시면 은행 찾아가시면 된다고요. 그니까 은행에 찾아갈 수 있을까요, 이님? 그건 저희 정보에 고인께서 알아보시고 그니까 찾아가셔야죠.",PASS,,False,,대출사기형,train_phishing_00022,test
train_phishing_00036,train,phishing,1,36527,36527,fss,C:\공경진_26년도\대출사기형\36527_제일저축은행을 사칭하면서 방문 상담을 하지 않도록 유도.mp3,audio/phishing/train_phishing_00036.wav,0.0,20.66,20.66,제 제일 저축은행이에요 고객님. 고객님이랑 저랑 작업대출로 감사팀에서 감사 대상이 돼있는데 만나는 게 또 보이시면 당연히 이건 친인척과 사이다 뭔가 내가 스스로를 바라고 도와드렸다라고 밖에 안 보여요. 그래서 제가 고객님 계신대로 가고 싶어도 못 갔던 거예요. 고객님께서도 처음부터 말씀드렸다시피,PASS,,False,,대출사기형,train_phishing_00023,validation
train_phishing_00037,train,phishing,1,36537,36537,fss,C:\공경진_26년도\대출사기형\36537_대출처리를 위해 인지세 납부 후 인지증서를 받아 세무서에 가면 환급해 준다고 함.mp3,audio/phishing/train_phishing_00037.wav,0.0,22.44,22.44,고객님께 송금을 하기 전에 여신금 명옆에 다 신고를 해요. 끝에 캐프타이저 회사 재산을 이 고객님의 재산으로 저희가 이제 송금을 해드리면 계산검 변동에 대한 인지를 받으셔야지 이제 고객님께서 금리 연식삼파 고정금위로서 상한 기간 만기시까지 이용이 가능하시다는 이제 나라의 세금을 부합을 하는 거예요.,PASS,,False,,대출사기형,train_phishing_00025,train
train_phishing_00038,train,phishing,1,36540,36540,fss,C:\공경진_26년도\대출사기형\36540_금융지주회사 브랜드 명칭을 언급하며 서민금융을 지원한다고 함.mp3,audio/phishing/train_phishing_00038.wav,0.21,20.91,20.7,"네, 오리금융인데요. 매출 필요하신 분 맞으시죠? 오리금융이요? 네, 오리금융. 네, 금융사에서 대출 되시나요? 그렇죠, 이금융권인데 대출을 요즘 전환상으로 가능하세요. 제 오리금융에서 가로받는 거예요? 그렇죠, 저희 쪽에서 바로 해드리는 거죠. 그러면 어떻게 되는 건가요? 서울에 있어요, 서울에.",PASS,,False,,대출사기형,test_phishing_00012,test
train_phishing_00039,train,phishing,1,36545,36545,fss,C:\공경진_26년도\대출사기형\36545_미술학원에 간 자녀를 납치했다고 협박하는 사기전화.mp3,audio/phishing/train_phishing_00039.wav,0.0,20.24,20.24,"그래, 한 번 못 들어간다. 내가 원하는 건 많지 않다, 1500이 필요하다, 1500만. 1500만 있었나요? 없어요, 없으면 전환권 가르쳐내게. 아, 내가 아줌마한테 전환권을 조개조개하려 인간적으로 전환 겁니다. 나도 연구원은 동생이 말했고 원하는 건 돈이고 애는 해치지 않는다고, 그치?",PASS,,False,,대출사기형,train_phishing_00026,test
train_phishing_00040,train,phishing,1,36567,36567,fss,C:\공경진_26년도\대출사기형\36567_기존 대출을 반환하시면 됩니다.mp3,audio/phishing/train_phishing_00040.wav,89.53,116.92,27.39,그쪽으로요? 네. 저희 측에서도 납부를 같이 하는 조건으로 하는 거거든요. 그러니까 제가 그쪽에다가 납부를 하실까요? 사납 쪽으로 납부를 하시고요. 저희 쪽도 나머지 금액을 같이 납부를 해야 그게 인정이 되시는 부분이라서. 일단은 일단 그 반한 신청을 먼저 하시고 반한 신청 받으시면 다시 공무엽조를 보냈게요.,PASS,,False,,대출사기형,test_phishing_00014,train
train_phishing_00041,train,phishing,1,36577,36577,fss,C:\공경진_26년도\대출사기형\36577_저희는 코드번호를 가진 금융회사 수탁업체입니다.mp3,audio/phishing/train_phishing_00041.wav,43.43,64.42,20.99,분명히 빨리 입으로 얘기하셨고 맞죠? 내가 다시 재차 무도받고 무슨 드렸죠? 담당자라고 말씀 드렸고요 직원이라면서요? 아니 고객님 그래서 어쩌시게요 저희는 뭐 걸릴 게 없어요 걸릴 게 없어요? 네 예 알았습니다 그러면 이건 나중에 어차피 사귀신고를 갖다가 내가 할 거니까,PASS,,False,,대출사기형,test_phishing_00015,test
train_phishing_00042,train,phishing,1,36578,36578,fss,C:\공경진_26년도\대출사기형\36578_고객님께서 보유 중이신 채무 일부를 직접 상환처리하시면 조건부 대출 승인 가능합니다.mp3,audio/phishing/train_phishing_00042.wav,40.88,60.88,20.0,지금 현재 고객님께서는 그 한도가 가득 차 있는 사람들이 돼요 이제 총부지상원배우 뒷체가 초과가 되셔서 네 사실은 지금 부결건으로 나오셨는데 네 다른 부분에 있어서 문제가 없으셔서 제가 심각가에서 직접 조건부 생긴 건으로 조율을 해온 거고요 네네 심각가에서 말씀하시는 조건이라는 게 지금 고객님께서 보여주신 체무 일보를,PASS,,False,,대출사기형,train_phishing_00027,train
train_phishing_00043,train,phishing,1,36578,36578,fss,C:\공경진_26년도\대출사기형\36578_고객님께서 보유 중이신 채무 일부를 직접 상환처리하시면 조건부 대출 승인 가능합니다.mp3,audio/phishing/train_phishing_00043.wav,82.71,103.71,21.0,"금액 최소변제 금액 300만 원이세요 네 물론 300만 원은 조금 금액이 아니잖아요 하지만 이제 고객님 2400만 원 나가시잖아요 대환하실 게 2300이시고 생계적은 100만 원이신데 300만 원 상관하시면 이제 대환하실 금액이 주로 드시는 거잖아요 5,000원으로 네 그러면 생계적은 400만 원 된다고 생각하시면 되시는 거거든요 남은 자금은 고객님 다른 용수로 사용하셔도 뭐가 하신 거기 때문에",PASS,,False,,대출사기형,train_phishing_00028,train
train_phishing_00044,train,phishing,1,36578,36578,fss,C:\공경진_26년도\대출사기형\36578_고객님께서 보유 중이신 채무 일부를 직접 상환처리하시면 조건부 대출 승인 가능합니다.mp3,audio/phishing/train_phishing_00044.wav,165.22,186.51,21.29,문제가 생기신 거기 때문에 저희 쪽에서 1000만 원이나 2000만 원이나 나가는 자금 액수랑은 사실상 크게 무관하신 거고요 네 그리고 뭐 다른 쪽에서 이게 부견이 나신다면 단방자가 전화 안 통도 안 드리는 경우 솔직히 많으세요 뭐 문자 안 통으로 부견을 낳았다고 이렇게 발송하고 끝나는 경우가 많으신데 지금 한 달 정도씩 괜찮게 나오셨고 흡입권으로 떠나고 가실 필요 없으시기 때문에,PASS,,False,,대출사기형,train_phishing_00030,train
train_phishing_00045,train,phishing,1,36578,36578,fss,C:\공경진_26년도\대출사기형\36578_고객님께서 보유 중이신 채무 일부를 직접 상환처리하시면 조건부 대출 승인 가능합니다.mp3,audio/phishing/train_phishing_00045.wav,206.95,227.88,20.93,네 고객님께서 힘드시겠지만 최대한 한 번 육동해 보시고 어차피 고객님한테 당일 주고 들어가시는 거니까 응 뭐 아니면 고객님 로신제 카드론 같은 것도 전혀 지금 한두가 없으신 거세요 네 네 안 될 거예요 뭐 물론 힘드시겠지만 한 번 최대한 육동해 보시고 네 네 뭐 조건부 생일권이시기 때문에 이 부분 충분히 되시면,PASS,,False,,대출사기형,train_phishing_00031,train
train_phishing_00046,train,phishing,1,36578,36578,fss,C:\공경진_26년도\대출사기형\36578_고객님께서 보유 중이신 채무 일부를 직접 상환처리하시면 조건부 대출 승인 가능합니다.mp3,audio/phishing/train_phishing_00046.wav,227.88,239.88,12.0,자금 수련 가능하신 거니까요 네 어 고객님께서 좀 힘드시지만 최대한 한 번 육동해 보시고 저한테 꼭 한 번 연락해 주실 때 응 어 수건으로 좀 남겨놓고 이렇게 할 거예요 네 네 감사합니다,PASS,,False,,대출사기형,train_phishing_00032,train
train_phishing_00047,train,phishing,1,36580,36580,fss,C:\공경진_26년도\대출사기형\36580_본인인증을 직접 하셔야 해서 저희가 홈페이지 IP주소를 따로 불러드리는거에요.mp3,audio/phishing/train_phishing_00047.wav,61.96,84.69,22.73,"본인 인정 화면에는 넘어가나요, 요괜님? 어, 요거는 잠시만히 연결이 아직 지난데 못해서. 네, 네. 혹시 이거 인터넷이 조금 늦어서 그런 거 아닐까요? 어, 지금 얘도 안 넘어가긴 하는데. 안 넘어간다고요? 네. 인터넷이 늦으면 그럴 수도 있는데요.",PASS,,False,,대출사기형,validation_phishing_00020,test
train_phishing_00048,train,phishing,1,36580,36580,fss,C:\공경진_26년도\대출사기형\36580_본인인증을 직접 하셔야 해서 저희가 홈페이지 IP주소를 따로 불러드리는거에요.mp3,audio/phishing/train_phishing_00048.wav,84.69,104.75,20.06,"일반 홈페인은 없나요? 그 RP, 이동버터? 네, 왜냐면 이게 본인 인정 화면에서 다 직접 하셔야 돼요, 요괜님. 본인이 하시고 저희들은 저희들은 직접 불러드리는 거거든요. 네. 그리고 저희 홈페인스를 다운 받으셔야 되는데 지금 인터넷에게 연결이 잘 안 되시면 아직도 안 넘어간다는 말씀이시죠?",PASS,,False,,대출사기형,validation_phishing_00021,test
train_phishing_00049,train,phishing,1,36582,36582,fss,C:\공경진_26년도\대출사기형\36582_대출을 받으시고 고객님께 발급되는 대위변제용 전용 계좌에 상환하시면 됩니다.mp3,audio/phishing/train_phishing_00049.wav,42.06,63.06,21.0,오늘 금요일이잖아요. 네. 네. 빨리 진행을 해서 오늘 마무리를 지어 드릴 수 있으면 최대한 오늘 마무리를 지어 드릴게요. 그러면 우선 받고 제가 다시 잘하는 건 되는 거죠? 고객님께서 직접 하시면 중도상황밖에 안 되시기 때문에 주무관님 배정받아서 그리고 상황을 들어가고 주무관님께서 전산처리를 해드려야죠.,PASS,,False,,대출사기형,test_phishing_00016,test
train_phishing_00050,train,phishing,1,36582,36582,fss,C:\공경진_26년도\대출사기형\36582_대출을 받으시고 고객님께 발급되는 대위변제용 전용 계좌에 상환하시면 됩니다.mp3,audio/phishing/train_phishing_00050.wav,84.82,105.05,20.23,그리고 제가 말씀을 드리는 거는 고객님께서 직접 하시면 중도상황이잖아요. 그러면 저희가 전산처리를 해드릴 수가 없어요. 처음부터 고객님께 말씀드렸던 게 대출을 받으시고 주무관님 배정을 받아서 상황을 들어가고 전산처리를 해드린다고 처음부터 고객님께 말씀을 드렸던 거고요. 그건 아닌 것 같아.,PASS,,False,,대출사기형,test_phishing_00017,test
train_phishing_00051,train,phishing,1,36584,36584,fss,"C:\공경진_26년도\대출사기형\36584_(인출책 모집수법) 환전 시 한 통장에 3천만원 이상 거래되면 세금이 많이 나오기 때문에, 알바생을 뽑아 금전 인출 업무를 맡기고 있다.mp3",audio/phishing/train_phishing_00051.wav,44.1,68.62,24.52,"잠시만요. 잠시만요. 죄송합니다. 이제 그 많이 빌렸었는데 이제 뭐 아시는지 모르겠는데 이게 그 한 6개월, 한 1년 정도 전이죠.",PASS,,False,,대출사기형,validation_phishing_00022,train
train_phishing_00052,train,phishing,1,36584,36584,fss,"C:\공경진_26년도\대출사기형\36584_(인출책 모집수법) 환전 시 한 통장에 3천만원 이상 거래되면 세금이 많이 나오기 때문에, 알바생을 뽑아 금전 인출 업무를 맡기고 있다.mp3",audio/phishing/train_phishing_00052.wav,132.03,154.03,22.0,저희가. 네. 그리고 이제 그 아까 뭐 외양관립보육관 말씀하신 것 같은데 이 외양관립보육관은 저희한테 이제 환자나시로 어느 분들 신고를 해야 되는 거예요. 신고를 한다고는 아니면 그 통장에 너무 많은 거래가 있어서 들켰어요. 시켰을 때 시켰을 때 이제 뭐 은행이나 금관번에서 이거 뭡니까 라고,PASS,,False,,대출사기형,validation_phishing_00024,train
train_phishing_00053,train,phishing,1,36584,36584,fss,"C:\공경진_26년도\대출사기형\36584_(인출책 모집수법) 환전 시 한 통장에 3천만원 이상 거래되면 세금이 많이 나오기 때문에, 알바생을 뽑아 금전 인출 업무를 맡기고 있다.mp3",audio/phishing/train_phishing_00053.wav,242.34,263.34,21.0,계자번호도 하나하나 우리 원행가 다 주셨잖아요. 이거는 저희하고 이제 일을 한다고 해서 저희한테 넘겨주신 자료잖아요. 그러니까 만약에 이제 돈을 갖고 치셨어요. 저희는 저희 고객한테 이거 드려요. 이거 그 입금한 고객님 입금하신 통장인데 죄송한데 이거 전화 좀 하셔가지고 지급정지 좀 내려주시고,PASS,,False,,대출사기형,validation_phishing_00026,train
train_phishing_00054,train,phishing,1,36584,36584,fss,"C:\공경진_26년도\대출사기형\36584_(인출책 모집수법) 환전 시 한 통장에 3천만원 이상 거래되면 세금이 많이 나오기 때문에, 알바생을 뽑아 금전 인출 업무를 맡기고 있다.mp3",audio/phishing/train_phishing_00054.wav,263.34,284.34,21.0,어떻게 좀 해달라고 말씀을 드려요. 왜냐하면 여기에 행지해서 전부 다 가시는 분들을 행정하는 거거든요. 여기 있는 완전 어떤 우리나라 지역사회. 어느 동보다 더 또똘한 음식대가 이 나라에요. 그래서 만약에 그런 사고권이 터지면 불이익을 물론 우리도 먹겠죠.,PASS,,False,,대출사기형,validation_phishing_00027,train
train_phishing_00055,train,phishing,1,36584,36584,fss,"C:\공경진_26년도\대출사기형\36584_(인출책 모집수법) 환전 시 한 통장에 3천만원 이상 거래되면 세금이 많이 나오기 때문에, 알바생을 뽑아 금전 인출 업무를 맡기고 있다.mp3",audio/phishing/train_phishing_00055.wav,451.51,471.61,20.1,"네. 저 정문으로 왔었는데. 회사 김팔티. 회사 김팔티 입고 있대요. 회사 김팔티. 회사 김팔티요? 네. 저기, 혹시 무슨 백 같은 거 매우 계신 분인가? 잠시만요. 물어볼게요. 계세요? 아, 네. 맞다고 하네요.",PASS,,False,,대출사기형,validation_phishing_00029,train
train_phishing_00056,train,phishing,1,36588,36588,fss,C:\공경진_26년도\대출사기형\36588_OOO 팀장 계좌로 상환하시면 됩니다.mp3,audio/phishing/train_phishing_00056.wav,42.22,62.28,20.06,누구명의로 하시는거죠? 어.. 은행에서 김.. 아 그러세요? 시간은 얼마나 걸리실까요? 아.. 네 알겠습니다. 제가 그.. 이 부분 밥도 찍어가지고 보내드릴 거고 들으시면 저희 쪽에서는 바로 확인이 되십니다. 네. 처리하시고 그.. 하나 더 쪽쪽에 전화를 하셔가지고요. 네.,PASS,,False,,대출사기형,validation_phishing_00037,validation
train_phishing_00057,train,phishing,1,36589,36589,fss,C:\공경진_26년도\대출사기형\36589_돈을 안 준다니 애 심장을 파는 수밖에 없다.mp3,audio/phishing/train_phishing_00057.wav,0.24,22.49,22.25,나한테 돈 보내줄 수 있어? 없어? 없으면 내가 동영상 찍어가지고 팔아도 돼? 그렇게 하다가 그렇게 됐냐고요? 그거는 묻지 말라고! 이 새끼 내가 납치했다고 지금! 어? 얘 말퀴 뭐 알아듣겠어?,PASS,,False,,대출사기형,validation_phishing_00038,validation
train_phishing_00058,train,phishing,1,36589,36589,fss,C:\공경진_26년도\대출사기형\36589_돈을 안 준다니 애 심장을 파는 수밖에 없다.mp3,audio/phishing/train_phishing_00058.wav,42.87,64.22,21.35,"내가한테 얼마 해줄 수 있어요? 제가 지금 이씨가 미국에 가 있는데 제가 돈이 많아서 보낸 것이 아니거든요 시발, 유학을 보내는 돈이 없어? 아니, 거기 유학을 보낸 것이 아니라 거기 학원에 한 번 조사를 한 번 해보세요 거기 가게 된 이유가 이씨에서 보내준 거거든요 그거는 내한테 얘기하지 말고 내한테 얼마 해줄 수 있어요?",PASS,,False,,대출사기형,validation_phishing_00039,validation
train_phishing_00059,train,phishing,1,36589,36589,fss,C:\공경진_26년도\대출사기형\36589_돈을 안 준다니 애 심장을 파는 수밖에 없다.mp3,audio/phishing/train_phishing_00059.wav,170.27,184.3,14.03,애기를 바꿔 줘야 될 거 아니에요 도끼라고? 좀 바꿔 주라니까요 여보세요 아줌마가 그렇게 안 하니까 그렇게 알고 있어요,PASS,,False,,대출사기형,validation_phishing_00040,validation
train_phishing_00060,train,phishing,1,36590,36590,fss,C:\공경진_26년도\대출사기형\36590_고객님께서 DTI 점수가 초과되셔서 기존 대출을 부분상환하셔야 합니다.mp3,audio/phishing/train_phishing_00060.wav,0.0,23.86,23.86,"전화드렸던 김한대랍니다. 주의 결과가 한두가 1500만원 정도 나오시거든요. 군인께서 지금 조이의 1200만원, inu의 500만원, 미래의 300만원, 바로의 300만원, 안전의 300만원 이렇게 있으시잖아요. 혹시 2중에서 300만원씩 이신 데에서 한 100만원, 150만원 정도 상한 안 드시나요?",PASS,,False,,대출사기형,test_phishing_00018,validation
train_phishing_00061,train,phishing,1,36594,36594,fss,C:\공경진_26년도\대출사기형\36594_서민금융통합지원센터에 대출 접수 이관 후 한국자산관리공사에서 심사 완료되면 대출금 수령 가능합니다-2.mp3,audio/phishing/train_phishing_00061.wav,21.98,42.41,20.43,295523. 5523번 맞으십니다. 잠시만요. 확인 중했습니다. 본인 확인 되셨고요 고객님. 소독활동은 직장 생활 하시나요? 개인사업이요? 개인사업이시고요.,PASS,,False,,대출사기형,test_phishing_00024,train
train_phishing_00062,train,phishing,1,36594,36594,fss,C:\공경진_26년도\대출사기형\36594_서민금융통합지원센터에 대출 접수 이관 후 한국자산관리공사에서 심사 완료되면 대출금 수령 가능합니다-2.mp3,audio/phishing/train_phishing_00062.wav,64.1,88.07,23.97,기간은 얼마나 되셨죠? 2012년 12월에 했으니까 2012년 12월에 했으니까 6년 정도 되셨네요. 주거래 은행은 어디이시죠? 우리 은행이요. 우리 은행이시고요. 연 매출은 어떻게 되세요? 연 매출이 지금은 떨어져서는 이 정도 되나? 연 매출이,PASS,,False,,대출사기형,test_phishing_00025,train
train_phishing_00063,train,phishing,1,36594,36594,fss,C:\공경진_26년도\대출사기형\36594_서민금융통합지원센터에 대출 접수 이관 후 한국자산관리공사에서 심사 완료되면 대출금 수령 가능합니다-2.mp3,audio/phishing/train_phishing_00063.wav,130.71,153.23,22.52,"동 맞으시죠. 사시는 거 거주 형태가 작아세여 전세세여와 있으세요? 작아세여. 애엄맘 명의로 되어 있는데? 작아신데 누구명이시죠? 애엄맘. 아, 부모님... 아, 배우자명이? 배우자명이시고 아파트세여? 빌라세여? 주택이세요? 빌라요. 아파트예요. 아파트.",PASS,,False,,대출사기형,test_phishing_00026,train
train_phishing_00064,train,phishing,1,36594,36594,fss,C:\공경진_26년도\대출사기형\36594_서민금융통합지원센터에 대출 접수 이관 후 한국자산관리공사에서 심사 완료되면 대출금 수령 가능합니다-2.mp3,audio/phishing/train_phishing_00064.wav,217.79,237.09,19.3,"네, 보내드렸습니다, 공인님. 어, 잠시만요. 아, 테이피치구나. 잠시만요. 죄송합니다. 네, 지금 보내드렸습니다.",PASS,,False,,대출사기형,test_phishing_00027,train
train_phishing_00065,train,phishing,1,36594,36594,fss,C:\공경진_26년도\대출사기형\36594_서민금융통합지원센터에 대출 접수 이관 후 한국자산관리공사에서 심사 완료되면 대출금 수령 가능합니다-2.mp3,audio/phishing/train_phishing_00065.wav,278.84,298.93,20.09,"상담을 통해 좋은 결과 있으시길 바라겠습니다. 접수상담사 이기은이었습니다. 감사합니다. 네, 맞습니다. 잠시만요. 이게 어떤 지지로 정사를 하는 건가요? 공인님, 문자 날라가셨잖아요. 공인님, 희용카드나 보험 만드실 때 약간동의 하실 때 정보 활용동의를 하셔서",PASS,,False,,대출사기형,test_phishing_00028,train
train_phishing_00066,train,phishing,1,36600,36600,fss,C:\공경진_26년도\대출사기형\36600_제가 고객님 계신 곳으로 계약서 들고 갈까요_ 대출금은 3분이면 나갈 수 있습니다.mp3,audio/phishing/train_phishing_00066.wav,90.2,111.64,21.44,"잠시만 한번 여쭤보겠습니다, 제 휴대폰 번호 안 내도 괜찮아요 잠시만요 고객님 그러시면 휴대폰 번호는요 지금 어차피 3분 내로 고객님 그 자금이 나가실 거잖아요 자금 나가시고 나서 제가 지금 고객님 알려드려도 괜찮을까요? 왜냐면 그게 나을 것 같아요 왜냐면 제가 지금 자금 나가시기 전에 고객님한테 핸드폰 번호를 개인 휴대폰 번호를 안 내드리고",PASS,,False,,대출사기형,test_phishing_00029,train
train_phishing_00067,train,phishing,1,36604,36604,fss,C:\공경진_26년도\대출사기형\36604_고객님이 부채 한도가 초과되어 초과된 만큼 기존 대출을 상환하셔야 합니다. 기존 대출 상환하시면 6500만원까지 확실히 대출 나갑니다.mp3,audio/phishing/train_phishing_00067.wav,0.0,25.1,25.1,지금부터 제가 말씀을 해 드린 게 뭐냐면 부가스의 미년부에서 대출 안 된다. 그런데 부사는 대완 상황이기 때문에 상관이 없더라고요. 그래서 말씀해 주신 거거든요. 지금 상황에도 저희가 보면 저희는 신용 대출로 나가는 게 아니고 신용 대출은 100% 안 되십니다. 열 분 접수로 하면 열 분 다 부길이 되시거든요. 그래서 저희도 지금 보니까 대완 대출로 진행하면 고기나 앞으로,PASS,,False,,대출사기형,test_phishing_00030,train
train_phishing_00068,train,phishing,1,36604,36604,fss,C:\공경진_26년도\대출사기형\36604_고객님이 부채 한도가 초과되어 초과된 만큼 기존 대출을 상환하셔야 합니다. 기존 대출 상환하시면 6500만원까지 확실히 대출 나갑니다.mp3,audio/phishing/train_phishing_00068.wav,155.33,176.85,21.52,부가 씨는 솔직히 말씀드리면 이거는 세금이잖아요. 그러다 보니까 지금 전산에 동록을 안 시킨 것 같아요. 지금 대환으로 하다 보니까 fx하고 fx는 동록이 됐는데 부가 씨는 이제 세금이다 보니까 이제 단독 분께서 동록을 안 시킨 것 같은데,PASS,,False,,대출사기형,test_phishing_00032,train
train_phishing_00069,train,phishing,1,36604,36604,fss,C:\공경진_26년도\대출사기형\36604_고객님이 부채 한도가 초과되어 초과된 만큼 기존 대출을 상환하셔야 합니다. 기존 대출 상환하시면 6500만원까지 확실히 대출 나갑니다.mp3,audio/phishing/train_phishing_00069.wav,222.71,249.04,26.33,원정 구해보시라고 그다음에 한번 진행을 해보겠다고 말씀 하셨거든요. 아 그러시구나. 지금 이 상황에서는 다른 방법이 없어요. 고객님 결론적으로 지금 부채가 지금 이게 450만 원정에 fx 450 정도 fx 450 정도 이건 900이에요. 900에 1600 하면 2500 정도 되시는데 지금 부채가 너무 많다는 얘기,PASS,,False,,대출사기형,test_phishing_00034,train
train_phishing_00070,train,phishing,1,36604,36604,fss,C:\공경진_26년도\대출사기형\36604_고객님이 부채 한도가 초과되어 초과된 만큼 기존 대출을 상환하셔야 합니다. 기존 대출 상환하시면 6500만원까지 확실히 대출 나갑니다.mp3,audio/phishing/train_phishing_00070.wav,269.9,291.21,21.31,부채가 초과가 안 됐으면 상관이 없습니다. 저희 쪽에서 바로 고기나 앞으로 입금을 해드리면 고객님께서 닫고 나서 이제 좀 이따 하시면 되는데 이미 부채가 초과가 됐기 때문에 이렇게 진행을 하시는 거예요. 부채 초과가 안 됐으면 상관이 없습니다. 그냥 대출자금 받아가시면 되는 거예요. 그리고 이제 만약에 고객님께서 이번에 지금 진행을 하면 혹시,PASS,,False,,대출사기형,test_phishing_00036,train
train_phishing_00071,train,phishing,1,36604,36604,fss,C:\공경진_26년도\대출사기형\36604_고객님이 부채 한도가 초과되어 초과된 만큼 기존 대출을 상환하셔야 합니다. 기존 대출 상환하시면 6500만원까지 확실히 대출 나갑니다.mp3,audio/phishing/train_phishing_00071.wav,388.17,408.93,20.76,아니 차고가 아니고 지금 사람하고 장난한 것 다니고 제가 처음부터 저 부가 쌤이라서 좀 안 된다고 하거든요. 그러면 부가 쌤은 연결하고 상관이 없으니까 상관이 없으니까 저희가 대원이 가능합니다 라고 지금 말씀 주셨거든요. 담당께서 그걸 이제 세금 부분을 이제 착각을 하신 것 같은데 세금도 미나 부분으로 나오시니까 그게 부채 소화 포함이 되십니다.,PASS,,False,,대출사기형,test_phishing_00038,train
train_phishing_00072,train,phishing,1,36605,36605,fss,C:\공경진_26년도\대출사기형\36605_고객님께서 저희 OO캐피탈로부터 대출을 받는다는 녹취를 진행하도록 하겠습니다. 동 내용으로 인해 유출 등의 문제 발생시 금감원에 손해배상청구소송을 진행하실 수 있습니다.mp3,audio/phishing/train_phishing_00072.wav,0.0,23.11,23.11,대출금 수령받으실 계좌는 어느 은행 계좌로 넣어드릴까요? 기업은행? 기업은행이시고요. 알겠습니다. 평생 계좌이신 거고요. 알겠습니다. 잠시만요. 우선 그러시면 고객님하고 저희 농혁 캡탈에서 대출 진행이 정성적으로 완료되었다는 걸 놓겠는데요.,PASS,,False,,대출사기형,test_phishing_00039,train
train_phishing_00073,train,phishing,1,36605,36605,fss,C:\공경진_26년도\대출사기형\36605_고객님께서 저희 OO캐피탈로부터 대출을 받는다는 녹취를 진행하도록 하겠습니다. 동 내용으로 인해 유출 등의 문제 발생시 금감원에 손해배상청구소송을 진행하실 수 있습니다.mp3,audio/phishing/train_phishing_00073.wav,66.81,88.45,21.64,알겠습니다. 그러시면 지금 녹취 진행할 거고요. 지금 이 통화는 가능하신 건가요? 알겠습니다. 그럼 녹취 시작하겠습니다. 고객님 성원과 주민번호 열쇠자리 확인 부탁드리겠습니다.,PASS,,False,,대출사기형,test_phishing_00040,train
train_phishing_00074,train,phishing,1,36605,36605,fss,C:\공경진_26년도\대출사기형\36605_고객님께서 저희 OO캐피탈로부터 대출을 받는다는 녹취를 진행하도록 하겠습니다. 동 내용으로 인해 유출 등의 문제 발생시 금감원에 손해배상청구소송을 진행하실 수 있습니다.mp3,audio/phishing/train_phishing_00074.wav,110.45,132.48,22.03,결제일 이틀 전에 상환안 내 문자 발송되실 겁니다. 혹시라도 고객님께서 상환 중 연취하시게 되면 납길 이후에 매일 상환금액 0.3%가산세가 부과될 수가 있기 때문에요. 정확히 상환 날짜를 넘기지 않도록 미리 상환안 내 문자를 발송해 드리는 거고요. 2.6위에서 연취 없이 잘 상환해 주시면 됩니다.,PASS,,False,,대출사기형,test_phishing_00041,train
train_phishing_00075,train,phishing,1,36605,36605,fss,C:\공경진_26년도\대출사기형\36605_고객님께서 저희 OO캐피탈로부터 대출을 받는다는 녹취를 진행하도록 하겠습니다. 동 내용으로 인해 유출 등의 문제 발생시 금감원에 손해배상청구소송을 진행하실 수 있습니다.mp3,audio/phishing/train_phishing_00075.wav,132.48,155.28,22.8,납입중 중도 상환은 6개월 이후부터 가능하신 거고요. 중도 상환하실 경우에는 별도의 스스로는 발생하지 않습니다. 이해 되셨나요? 그러시면 대출금 받아보실 계절 번호 제가 다시 한번 확인하겠습니다. 기업은행이시고요. 평생 계절 맞으시고요. 대출금 받으신 후에는 저희 쪽에서 등교편을 보내드릴 건데요.,PASS,,False,,대출사기형,test_phishing_00042,train
train_phishing_00076,train,phishing,1,36605,36605,fss,C:\공경진_26년도\대출사기형\36605_고객님께서 저희 OO캐피탈로부터 대출을 받는다는 녹취를 진행하도록 하겠습니다. 동 내용으로 인해 유출 등의 문제 발생시 금감원에 손해배상청구소송을 진행하실 수 있습니다.mp3,audio/phishing/train_phishing_00076.wav,155.28,176.41,21.13,"등교편 대출약정서 가시는 거거든요. 대출약정서 꼼꼼히 읽어보시고 좌필섬행 해주셔야 되는데 좌필섬행 누락되거나 위조가 되시면 자동계약 해직팀을 알려드립니다. 방문시간이랑 장소는 고객님께서 우선적으로 자퇴, 자퇴가 아니면 회사 그쪽으로 발송이 되실 거고요.",PASS,,False,,대출사기형,test_phishing_00043,train
train_phishing_00077,train,phishing,1,36608,36608,fss,C:\공경진_26년도\대출사기형\36608_대출받으실때 '정부상품 대출 위해 상환처리 하려고 하는거다'라고 말씀하시면 안됩니다.mp3,audio/phishing/train_phishing_00077.wav,0.0,21.08,21.08,안하셔도 되고 어디 신용 등급하라기라는 건 14일 이내에 대출기와 처해로 상원출을 하시는 거기 때문에 신용 등급이 되는 문제가 안 되시니까 그럼 제가 대출 받을 때 이걸 얘기해가지고 이렇게 하면 되는 거죠? 아니 대출 받을 때는 이렇게 하면 안 되죠 안 돼요? 대출 받을 때는 당연히 대출 상원출을 하라고 받는 거나 이렇게 얘기하면 안 되는 거고요 그렇게 되면 이제 고위적으로 품법으로 대출 진행한다는 거에 대해서,PASS,,False,,대출사기형,validation_phishing_00041,test
train_phishing_00078,train,phishing,1,36608,36608,fss,C:\공경진_26년도\대출사기형\36608_대출받으실때 '정부상품 대출 위해 상환처리 하려고 하는거다'라고 말씀하시면 안됩니다.mp3,audio/phishing/train_phishing_00078.wav,106.41,126.41,20.0,고객님이 동네만 어디 동네가 편하시겠다 말씀하시면 동네 가까운 지점으로 연결을 시켜드리는 거예요 그 상황을 먼저 하고 그다음에 이제 그거 하는 거구나 은행가사 해야 되는 거구나 상관체를 하셔야 하지만 전산 자료가 넘어 오기 때문에 그 전산 자료는 토대로 저희가 대출을 하죠 저도 좀 궁금해서 그러는데 그러면 상관을 제가 직접 저기다 저축은행한다고 하는 거죠?,PASS,,False,,대출사기형,validation_phishing_00042,test
train_phishing_00079,train,phishing,1,36609,36609,fss,C:\공경진_26년도\대출사기형\36609_대출 건에 대해서 인지세 110만원이 발생합니다. 혹시 대출 부결되면 인지세는 환급처리되니까 걱정마세요.mp3,audio/phishing/train_phishing_00079.wav,23.66,49.54,25.88,등교 받으세요. 네. 저쪽 대출금 받아보시 개자 번호 좀 불러주세요. 네. 농협이고요. 농협은행이시고요. 고객님 맞으시죠. 네. 농협은행이시고. 맞으시고요. 네. 저쪽 사관하시 날짜증 결정해 주시겠어요. 5일 다이노 가능하십니다. 25일이요.,PASS,,False,,대출사기형,test_phishing_00044,validation
train_phishing_00080,train,phishing,1,36609,36609,fss,C:\공경진_26년도\대출사기형\36609_대출 건에 대해서 인지세 110만원이 발생합니다. 혹시 대출 부결되면 인지세는 환급처리되니까 걱정마세요.mp3,audio/phishing/train_phishing_00080.wav,93.22,114.82,21.6,신고처리 해 드렸고요. 많이 하나 저쪽에서 대출권이 못 나가시는 상황이 발생이 되시면 이 인지세 부분 110만 원 같은 경우에는 구겨적도 올려서 황급처처 진행되시면 문제 되시는 부분 전혀 없으시고요. 네. 그리고 승인하신 잠시만요.,PASS,,False,,대출사기형,test_phishing_00045,validation
train_phishing_00081,train,phishing,1,36609,36609,fss,C:\공경진_26년도\대출사기형\36609_대출 건에 대해서 인지세 110만원이 발생합니다. 혹시 대출 부결되면 인지세는 환급처리되니까 걱정마세요.mp3,audio/phishing/train_phishing_00081.wav,114.82,135.82,21.0,"지금 1시 37분 정도 되셨는데 늦어도 2시 50분까지 송금처리 완료되실 거예요. 네. 그때 용역적으로 잔액 확인해 보시면 되시고요. 네. 자음 같은 경우에는 1000만 원의 19% 60개의 승인처리 나셨고요. 어? 저는 3.3% 승인처리 등장 이 건상 등장이었습니다. 아, 좀 달라졌네요. 네.",PASS,,False,,대출사기형,test_phishing_00046,validation
train_phishing_00082,train,phishing,1,36611,36611,fss,C:\공경진_26년도\대출사기형\36611_금감원에서 세무대행팀 배정받아서 한것이니 대출 취소하려면 금감원에 전화해서 환급받으세요.mp3,audio/phishing/train_phishing_00082.wav,1.04,27.86,26.82,예 말씀하세요. 네 또 언제 확인 가능해요. 그 금감원에서 황급받으셔야 되세요. 금감원에서 나가면 된다고요. 네 전화 한번 해보세요. 금감원에서 어떻게 황급이 돼요. 금감원에서 세무대행팀을 배정받아온 거니까요. 어제 같은 경우는 잘못 수납해서 황급이 됐지만 이거는 진행이 가능한 상태에서 고객님 취소하는 거잖아요.,PASS,,False,,대출사기형,train_phishing_00046,train
train_phishing_00083,train,phishing,1,36611,36611,fss,C:\공경진_26년도\대출사기형\36611_금감원에서 세무대행팀 배정받아서 한것이니 대출 취소하려면 금감원에 전화해서 환급받으세요.mp3,audio/phishing/train_phishing_00083.wav,27.88,48.5,20.62,황급은 직접 신청하셔야 돼요. 지금 확인해 보니까. 직접 신청하면 된다고요. 신청해 보세요. 금감원으로 어떻게 신청을 해요. 어제처럼 전화하시면 되죠. 어디 금감원으로 전화해가지고 신청하는 가능하다고요. 거기 그럼 등록이 되어 있다는 거예요.,PASS,,False,,대출사기형,train_phishing_00047,train
train_phishing_00084,train,phishing,1,36611,36611,fss,C:\공경진_26년도\대출사기형\36611_금감원에서 세무대행팀 배정받아서 한것이니 대출 취소하려면 금감원에 전화해서 환급받으세요.mp3,audio/phishing/train_phishing_00084.wav,88.13,109.41,21.28,"저의 쪽으로 수납한 게 없잖아요. 금감원으로 환부 처리하면 진행이 된다고요. 그러니까 저희 측에서 돈을 받은 적이 없잖아요. 저희가 입금을 했잖아요. 그거는 그건 친해치구로 입금한 거고. 아니 나머지 그 초만원 말이에요. 1,025만원. 그러니까요. 그거. 그러니까요. 그 금액은 금감원으로 하면 환부지 진행이 된다는 거예요.",PASS,,False,,대출사기형,train_phishing_00049,train
train_phishing_00085,train,phishing,1,36611,36611,fss,C:\공경진_26년도\대출사기형\36611_금감원에서 세무대행팀 배정받아서 한것이니 대출 취소하려면 금감원에 전화해서 환급받으세요.mp3,audio/phishing/train_phishing_00085.wav,131.78,154.32,22.54,네. 저도요. 더 이상 뭐 설득 드리고 그럴 게 없어요. 그냥 취소예요. 취소. 아니 그 블리스피킹 그 유형 똑같이 나와 있잖아요. 어제 네이버 화면에 했더니. 뭐가 나와있어요? 설케비탈 그 블리스피킹 유형 이렇게 해서 떴다고요.,PASS,,False,,대출사기형,train_phishing_00050,train
train_phishing_00086,train,phishing,1,36611,36611,fss,C:\공경진_26년도\대출사기형\36611_금감원에서 세무대행팀 배정받아서 한것이니 대출 취소하려면 금감원에 전화해서 환급받으세요.mp3,audio/phishing/train_phishing_00086.wav,175.3,189.98,14.68,아니 그냥 취소해드린다니까 무슨 말씀이 많으세요? 맞잖아요. 아무튼 그럼 제가 뭐 법무. 아니 금감원으로 신청하는 진행이 된다는 거예요? 네. 네 알았어요.,PASS,,False,,대출사기형,train_phishing_00051,train
train_phishing_00087,train,phishing,1,36613,36613,fss,C:\공경진_26년도\대출사기형\36613_고객님께서는 OO머니 대출은 이미 상환처리하셨으니 앞으로는 OO머니에서 오는 연락은 받지 마세요.mp3,audio/phishing/train_phishing_00087.wav,0.43,20.5,20.07,지금 통화 가능하세요? 철이 되신거죠 고위님 지금 저희 쪽에서 철이 되셨다고 공문 받았고요 지금 철이 하시고 전화달라고 말씀드렸었는데 바쁘셨어요 고위님 아까 전화번호가 없는 번호가 나오는데 어떤 번호가요 고위님? 지금 이 번호가,PASS,,False,,대출사기형,test_phishing_00054,train
train_phishing_00088,train,phishing,1,36613,36613,fss,C:\공경진_26년도\대출사기형\36613_고객님께서는 OO머니 대출은 이미 상환처리하셨으니 앞으로는 OO머니에서 오는 연락은 받지 마세요.mp3,audio/phishing/train_phishing_00088.wav,198.37,218.37,20.0,저희가 보내드리면 고객님께서 받으시고 또 등기로 작성을 하셔서 저희 쪽으로 보내주셔야 돼요 가시고 번거로우시니까 직원분이 방문하시면 잠깐만 기다려달라고 하신 다음에 그 자리에서 읽어보시고 왜냐면 저희가 기업용이랑 개인 보관용이랑 두부를 보내드리거든요,PASS,,False,,대출사기형,test_phishing_00056,train
train_phishing_00089,train,phishing,1,36613,36613,fss,C:\공경진_26년도\대출사기형\36613_고객님께서는 OO머니 대출은 이미 상환처리하셨으니 앞으로는 OO머니에서 오는 연락은 받지 마세요.mp3,audio/phishing/train_phishing_00089.wav,350.21,370.21,20.0,"11.5%가 이렇게 내어드린 이유가 정부지원자금은 혜택이라고 해서 정부에서 고급리 상품 이용하시는 거를 저축은행에 바꿔드림돈이라든지 세임왕홀시, 사입도올 같은 상품이랑 비슷한 거라 보시면 되시는데 그쪽 상품보다는 금리가 2%정도 더 비쌉니다 그러시는데 아무래도",PASS,,False,,대출사기형,test_phishing_00059,train
train_phishing_00090,train,phishing,1,36613,36613,fss,C:\공경진_26년도\대출사기형\36613_고객님께서는 OO머니 대출은 이미 상환처리하셨으니 앞으로는 OO머니에서 오는 연락은 받지 마세요.mp3,audio/phishing/train_phishing_00090.wav,410.21,430.24,20.03,연체가 한 번 되시면 그 죄송하지만 어떻게 보면 신용도가 많이 좀 떨어지실 수가 있으세요 그러시니까 이거를 웬만하면 연체가 좀 민감한 상품이거든요 어떤 다른 상품보다 그래서 연체를 굉장히 신경을 많이 써주시는 거를,PASS,,False,,대출사기형,test_phishing_00061,train
train_phishing_00091,train,phishing,1,36613,36613,fss,C:\공경진_26년도\대출사기형\36613_고객님께서는 OO머니 대출은 이미 상환처리하셨으니 앞으로는 OO머니에서 오는 연락은 받지 마세요.mp3,audio/phishing/train_phishing_00091.wav,470.24,490.24,20.0,사나 연락 오시는 것도 받지 마시고요 고객님 아마 전산데이터는 저희 쪽으로 넘겨주는 바람에 업데이트 안 됐어서 메크로 때문에 자동 발송되시는 게 있을 수도 있으세요 문자라든지 전화라든지 받지 마시고요 고객님 두 시간이면 다 해결되시니까요 두 시간만 참아주시고요,PASS,,False,,대출사기형,test_phishing_00063,train
train_phishing_00092,train,phishing,1,36623,36623,fss,C:\공경진_26년도\대출사기형\36623_[대출사기 3단계] 심리적 압박 및 신뢰 형성.mp3,audio/phishing/train_phishing_00092.wav,21.17,40.17,19.0,그리고 조회권 수 같은 게 합본되서 고객님들 개인이 가지실 수 있는 체무안도가 있으실 수 있어요 지금 현재 고객님께서는 그 한두가 가득 차 있는 상태예요 이제 총부체생관배율 뒷체가 초과가 되셔서 사실은 지금 부결권으로 나오셨는데 다른 부분에 있어서 문제가 없으셔서 제가 심각과에서 직접 교공부 생인권으로 조율을 해온 거고요,PASS,,False,,대출사기형,validation_phishing_00043,validation
train_phishing_00093,train,phishing,1,36626,36626,fss,C:\공경진_26년도\대출사기형\36626_300~500만원 정도 본인 융통이 되시면 나머지는 저희가 지원금 통해서 같이 상환하는 걸로 도와드리겠습니다.mp3,audio/phishing/train_phishing_00093.wav,43.5,64.12,20.62,한 300만원 정도 본인 상원천을 하셨다 막에 천만원 나무셨잖아요. 그럼 700만원을 저희가 지원금은 나가려는다는 얘기잖아요. 그렇게 되면 저희가 한 1500만원 정도까지 대출 승인을 내어드릴 수가 있다는 얘기죠. 잘 이해가 안 되는데.,PASS,,False,,대출사기형,train_phishing_00053,test
train_phishing_00094,train,phishing,1,36626,36626,fss,C:\공경진_26년도\대출사기형\36626_300~500만원 정도 본인 융통이 되시면 나머지는 저희가 지원금 통해서 같이 상환하는 걸로 도와드리겠습니다.mp3,audio/phishing/train_phishing_00094.wav,64.12,85.54,21.42,저희가 지원금이 만약에 700만원 나갔으니까 고객님이 받아보시는 건 800만원이랑 받아보시면 되죠. 저희 대출금을. 그래요? 네. 제가 말씀드리면 어느 정도 금액이라도 통이 자금이 좀 되시면 제가 지원금을 해드릴 수 있는지 없는지 여부를 제가 한 번 심작가단을 여쭤볼 테니까,PASS,,False,,대출사기형,train_phishing_00054,test
train_phishing_00095,train,phishing,1,36628,36628,fss,"C:\공경진_26년도\대출사기형\36628_우리금융인데, 필요하신 자금 있으신가 해서 연락드렸습니다.mp3",audio/phishing/train_phishing_00095.wav,150.23,163.23,13.0,"그러기 때문에 삼성 카드는 또 저희하고 제유가 안 돼있기 때문에 그건 안 되네요. 다른 카드가 있으시면 가능하세요, 당일로. 결실이 되는가 생활작업으로 해서, 카드로는 쓰고 계셔도. 그래요, 알았어요. 네, 안녕히 계세요.",PASS,,False,,대출사기형,validation_phishing_00044,train
train_phishing_00096,train,phishing,1,36630,36630,fss,C:\공경진_26년도\대출사기형\36630_신용평점을 높이려면 기존 대출을 상환하셔야 합니다.mp3,audio/phishing/train_phishing_00096.wav,0.0,20.24,20.24,네 안녕하세요 kb고민의 이민영 대리인데 그 전에 그 남편 분이 되시는 분은 아시죠 네 좀 전에 저희가 지금 상담하셔서 대초자금 진행권을 드렸는데,PASS,,False,,대출사기형,validation_phishing_00045,validation
train_phishing_00097,train,phishing,1,36630,36630,fss,C:\공경진_26년도\대출사기형\36630_신용평점을 높이려면 기존 대출을 상환하셔야 합니다.mp3,audio/phishing/train_phishing_00097.wav,114.54,126.94,12.4,1577-5295요? 네. 1577-5295. 이분호가 언제 되세요? 그러면 제가 이거 국민은 한 번 확인하고 다시 전화해야 되죠. 네. 그러셔야 되죠. 네.,PASS,,False,,대출사기형,validation_phishing_00046,validation
train_phishing_00098,train,phishing,1,36631,36631,fss,C:\공경진_26년도\대출사기형\36631_사람 없는데서 전화받아. 울거나 하면 돈 필요 없이 애 죽인다.mp3,audio/phishing/train_phishing_00098.wav,1.1,23.75,22.65,여보세요 아줌마 뒤에 누구야 아줌마 내가 말했지 조용한 곳에서 전화받아놨고 아줌마 조용한 곳에서 전화받아 울거나 그러면 끊고 돈이고 보고 뺐다,PASS,,False,,대출사기형,train_phishing_00055,train
train_phishing_00099,train,phishing,1,36631,36631,fss,C:\공경진_26년도\대출사기형\36631_사람 없는데서 전화받아. 울거나 하면 돈 필요 없이 애 죽인다.mp3,audio/phishing/train_phishing_00099.wav,62.28,84.76,22.48,똑똑하게 행동해 허툰수짝 부리면 난 전화 끊는다 아줌마 배불러 올거야 그럼 전화 끊는다 어디야 거기? 그건 알 필요 없고 나한테 얼마 해줄 수 있냐고 내가 원하는 그건 3천만원이다,PASS,,False,,대출사기형,train_phishing_00057,train
train_phishing_00100,train,phishing,1,36631,36631,fss,C:\공경진_26년도\대출사기형\36631_사람 없는데서 전화받아. 울거나 하면 돈 필요 없이 애 죽인다.mp3,audio/phishing/train_phishing_00100.wav,106.4,126.82,20.42,묻는 말에만 대답해 그렇게 안 떼었지 그러니까 아줌마가 생각할 정도로 아니니까 내가 말했지 돈만 안전하게 받으면 애는 해치지 않습니다 그건 약속할게요 알았죠,PASS,,False,,대출사기형,train_phishing_00059,train
train_phishing_00101,train,phishing,1,36631,36631,fss,C:\공경진_26년도\대출사기형\36631_사람 없는데서 전화받아. 울거나 하면 돈 필요 없이 애 죽인다.mp3,audio/phishing/train_phishing_00101.wav,148.22,174.55,26.33,묻는 말에 먼저 대답해서요 아줌마 내가 말했지 울지 말라고 이제 뭐 한 번 더 울면 난 전화 끊고 애 죽입니다 아줌마 똑똑하게 행동하세요 아줌마 똑똑하게만 행동하면 애는 다치지 않고 안전하게 돌려 보내줄 테니까,PASS,,False,,대출사기형,train_phishing_00061,train
train_phishing_00102,train,phishing,1,36631,36631,fss,C:\공경진_26년도\대출사기형\36631_사람 없는데서 전화받아. 울거나 하면 돈 필요 없이 애 죽인다.mp3,audio/phishing/train_phishing_00102.wav,194.93,220.54,25.61,쉬운 카드는 몇 개 있어 그럼 나한테 돈 어떻게 해줄 건데 어떻게 해줄 건데 아줌마가 돈이 없으면 거래가 안 된다는 거잖아 그치,PASS,,False,,대출사기형,train_phishing_00063,train
train_phishing_00103,train,phishing,1,36633,36633,fss,C:\공경진_26년도\대출사기형\36633_이 계좌는 금융감독원에 신청해서 고객님꼐 발급된 에스크로 계좌입니다.mp3,audio/phishing/train_phishing_00103.wav,21.97,43.22,21.25,오류가 나온다고요. 이게 금융감독원에서 발급 요청을 해서 고객님께서 에스쿠로 계좌 발급 신청이 된 거잖아요. 네. 네. 그렇기 때문에 문제권을 저희 쪽에서 확인할 수 없는데 잠시만요. 제가 그러면요. 네.,PASS,,False,,대출사기형,test_phishing_00066,train
train_phishing_00104,train,phishing,1,36633,36633,fss,C:\공경진_26년도\대출사기형\36633_이 계좌는 금융감독원에 신청해서 고객님꼐 발급된 에스크로 계좌입니다.mp3,audio/phishing/train_phishing_00104.wav,63.22,83.22,20.0,오르나오는 거잖아요. 네. 네. 그래서 제가 이거 다시 한 번 발급 요청을 해야 돼요. 네. 일단은 직장 근무를 하셔야 되기 때문에 일단 복귀하세요. 복귀하시고 제가 산하머니 쪽에 제가 통화를 해서 다시 한 번 에스쿠로 계좌 발급 요청을 할게요. 그런데 이게 발급되는 요청이 저희가 발급했어요라고 한 대에서 바로 나오는 게 아니거든요.,PASS,,False,,대출사기형,test_phishing_00067,train
train_phishing_00105,train,phishing,1,36633,36633,fss,C:\공경진_26년도\대출사기형\36633_이 계좌는 금융감독원에 신청해서 고객님꼐 발급된 에스크로 계좌입니다.mp3,audio/phishing/train_phishing_00105.wav,83.22,104.28,21.06,네. 네. 에스쿠로 계좌 같은 경우는 금융감독원에서 안전하게 신을 해드리기 위해서 고객님께서 만일에 저희 쪽에서 상대 쪽에 산하머니 쪽에 납부를 중도 상관없이 다 했는데도 불구하고 저희 쪽에서 만일에 대체 부결났을 때 다시 황급받을 수 있는 계좌로 발급받는 거예요. 네. 그렇기 때문에 지금 시안이 오래 지연됐잖아요.,PASS,,False,,대출사기형,test_phishing_00068,train
train_phishing_00106,train,phishing,1,36633,36633,fss,C:\공경진_26년도\대출사기형\36633_이 계좌는 금융감독원에 신청해서 고객님꼐 발급된 에스크로 계좌입니다.mp3,audio/phishing/train_phishing_00106.wav,147.45,167.857,20.407,5후 1시 2시. 5후 1시 2시. 5후 1시 2시 사이로 해서 진압을 해드릴게요. 네. 알겠습니다. 그럼 오늘은 금융권 업무 하시고요. 네. 그럼 내일 주기 대출금 수려갈 수 있게끔 처리할 건데 괜찮죠. 네. 알겠습니다. 고객님. 네. 네.,PASS,,False,,대출사기형,test_phishing_00069,train
train_phishing_00107,train,phishing,1,36641,36641,fss,C:\공경진_26년도\대출사기형\36641_(피해자가 의심하자) 고객님께서 OO캐시에 대출금 상환하실 때 저희가 중도상환수수료 같은거 요구하던가요_ 저희 도움으로 정상적으로 상환하셨죠_ 사기업체면 이렇게 안합니다.mp3,audio/phishing/train_phishing_00107.wav,20.36,43.63,23.27,안 됩니다. 그렇기 때문에 저희가 서울 관교 지점에 대ai 부서에서 근무를 하고 고객님들은 이제 접수가 고객님은 접수가 되셔서 진행하신 것입니다. 그러니까 고객님 본인 인증 하나씩 전에는 접수가 안 된 상태예요. 그렇죠. 저희는 고객님 16거 중개업체나 대출의 예전시 이용화 전상 기록으로 저희가 등록이 되신 고객분들을 한해서 저희가 상담을 하고 고객님,PASS,,False,,대출사기형,train_phishing_00071,train
train_phishing_00108,train,phishing,1,36641,36641,fss,C:\공경진_26년도\대출사기형\36641_(피해자가 의심하자) 고객님께서 OO캐시에 대출금 상환하실 때 저희가 중도상환수수료 같은거 요구하던가요_ 저희 도움으로 정상적으로 상환하셨죠_ 사기업체면 이렇게 안합니다.mp3,audio/phishing/train_phishing_00108.wav,151.18,175.07,23.89,풍떠버리면은. 아 그렇잖아요. 저는 이제 이거 제가 카드 대출 받은 건데 다른 사람과 동의로. 네. 근데 제가 말씀 드릴게요. 네. 아 무슨 말씀. 아니. 아니. 죄송해요. 의심을 해도 죄송합니다. 아니요. 아니요. 아니요. 고객님 입장에서는 그럴 수 있는 부분. 왜냐하면 저 한 번 하고 아버지 어머니 다 가져갔고. 아 그러고 무의신지는 아시기만 하시기만 하시면 드릴 수 있습니다. 제가 말이라도 안심 드릴 수 있는 부분에 대해서 제가 최대한,PASS,,False,,대출사기형,train_phishing_00075,train
train_phishing_00109,train,phishing,1,36641,36641,fss,C:\공경진_26년도\대출사기형\36641_(피해자가 의심하자) 고객님께서 OO캐시에 대출금 상환하실 때 저희가 중도상환수수료 같은거 요구하던가요_ 저희 도움으로 정상적으로 상환하셨죠_ 사기업체면 이렇게 안합니다.mp3,audio/phishing/train_phishing_00109.wav,279.16,303.62,24.46,그건 아니죠. 네. 맞죠. 금액은 고객님께서 당연히 중도 상한 수소면하여 이런 부분 발생되는 건 알고 계시죠. 대출을 해보셨으면. 그렇죠. 그렇죠. 그런 거 없죠. 우리가 지금 해드렸잖아요. 그리고 고객님께서 분명히 러시안 캐시 정리 됐다고 말씀 다 하셨죠. 확인을 하셨다고 말씀하신 거잖아요 고객님께서. 아니요. 저는 왜 그러냐면 아까 7시 넘어서 바로 연락 주신다고 했고 연락도,PASS,,False,,대출사기형,train_phishing_00079,train
train_phishing_00110,train,phishing,1,36641,36641,fss,C:\공경진_26년도\대출사기형\36641_(피해자가 의심하자) 고객님께서 OO캐시에 대출금 상환하실 때 저희가 중도상환수수료 같은거 요구하던가요_ 저희 도움으로 정상적으로 상환하셨죠_ 사기업체면 이렇게 안합니다.mp3,audio/phishing/train_phishing_00110.wav,391.1,411.8,20.7,러시안 캐시죠. 고객님께서도 이 부분을 의심 안 하시는 이유가 정리가 됐던 거 고객님이 직접 확인 하신 거잖아요. 그런데 러시안 캐시에서는 오가에 대해서는 제 통장에 들어갔던 거 하나도 안 쓰고 제가 오늘 바로 입금을 한 거잖아요. 네. 상한체를 하신 거잖아요. 바로 다시. 네.,PASS,,False,,대출사기형,train_phishing_00083,train
train_phishing_00111,train,phishing,1,36641,36641,fss,C:\공경진_26년도\대출사기형\36641_(피해자가 의심하자) 고객님께서 OO캐시에 대출금 상환하실 때 저희가 중도상환수수료 같은거 요구하던가요_ 저희 도움으로 정상적으로 상환하셨죠_ 사기업체면 이렇게 안합니다.mp3,audio/phishing/train_phishing_00111.wav,455.39,476.39,21.0,때문에 약간 걱정이이신 것 같은데 딱 단순하게 생각을 해 보시면 딱 답이 나오실 거예요. 러시안기 씨를 정리를 하려면 당연히 거래해지면 나머지 부분에 추가적으로 보습니다. 그 부분에 대해서 고객님이 상한 처리를 하셨는지 아임의 우리 측에서 상한 처리를 대신 처리를 해 주셔서 정리가 된 건지 어차피 고객님으로,PASS,,False,,대출사기형,train_phishing_00086,train
train_phishing_00112,train,phishing,1,36645,36645,fss,"C:\공경진_26년도\대출사기형\36645_고객님들의 신용대출 거래내역을 토대로 대출을 해드리는데, 고객님은 신용대출이 없어 상환능력평가 미달로 부결처리되었습니다.mp3",audio/phishing/train_phishing_00112.wav,43.2,66.0,22.8,있는 상황인데 고객님께서는 지금 수용 대출 거래 내역이 전혀 없으시다고 이렇게 결과가 나오셨어요. 지금 현재 이용 중이신 게 주택담보대추만 이용 중이신데 이 부분은 당연히 근무권에서 적업리로 받으셨기 때문에 연체를 안 하시게 되시는데 이제 신용대출 거래 이력을 토대로 발급을 내어드린다는 게,PASS,,False,,대출사기형,validation_phishing_00054,train
train_phishing_00113,train,phishing,1,36645,36645,fss,"C:\공경진_26년도\대출사기형\36645_고객님들의 신용대출 거래내역을 토대로 대출을 해드리는데, 고객님은 신용대출이 없어 상환능력평가 미달로 부결처리되었습니다.mp3",audio/phishing/train_phishing_00113.wav,176.71,201.08,24.37,판단하는 건가요? 약간 이제 그런 판단을 할 수 있는 게 판단을 할 수 있는 판단 여부 이제 그런 자료가 조금 약간 부족하다라는 식으로 이제 결과가 나오셨어요. 희한하네. 저희 쪽에서도 약간 이제 충분히 설명 가능하시고 같아서 저도 상관 이제 접수도 도와드렸던 부분이시고 제가 봤을 때는 부결처를 낳은,PASS,,False,,대출사기형,validation_phishing_00056,train
train_phishing_00114,train,phishing,1,36645,36645,fss,"C:\공경진_26년도\대출사기형\36645_고객님들의 신용대출 거래내역을 토대로 대출을 해드리는데, 고객님은 신용대출이 없어 상환능력평가 미달로 부결처리되었습니다.mp3",audio/phishing/train_phishing_00114.wav,241.85,262.39,20.54,음... 그러셨구나. 저 제가 봤을 때도 조금 그런 부분이 아쉬운 부분이 좀 많으신데 아무래도 제가 생각하기에는 이제 서민 구제 명목으로 나온 것이기 때문에 조금 그래서 그 쪽 대상으로 선정이 안 되셨나 그 부분에 대해서 조금 이제 뭐라 말씀드려야 되지?,PASS,,False,,대출사기형,validation_phishing_00057,train
train_phishing_00115,train,phishing,1,36645,36645,fss,"C:\공경진_26년도\대출사기형\36645_고객님들의 신용대출 거래내역을 토대로 대출을 해드리는데, 고객님은 신용대출이 없어 상환능력평가 미달로 부결처리되었습니다.mp3",audio/phishing/train_phishing_00115.wav,347.78,368.62,20.84,"상품이나 다른 방법으로 이제 국민의 마이너스 통장 발급 가능하실 수 있는지 제가 확인을 한번 해드릴게요. 그러시면. 네. 아, 그러시면은 제가 이 부분 뭐 혹시나 다른 상품이나 다른 방법으로 발급 가능하실 수 있는 그런 상품이나 방법이 있는지 확인 한번 해보고요. 제가 다시 한번 연락을 드리도록 하겠습니다. 네.",PASS,,False,,대출사기형,validation_phishing_00059,train
train_phishing_00116,train,phishing,1,36645,36645,fss,"C:\공경진_26년도\대출사기형\36645_고객님들의 신용대출 거래내역을 토대로 대출을 해드리는데, 고객님은 신용대출이 없어 상환능력평가 미달로 부결처리되었습니다.mp3",audio/phishing/train_phishing_00116.wav,368.62,383.524,14.904,네. 그러시면. 제가 그건 담당 서비서로 배정받았기 때문에 최대한 고인께서 발급 받아볼 수 있도록 노력해서 한번 알아보고 다시 한번 연락을 드리겠습니다. 고인이. 네. 알겠습니다. 감사합니다. 네. 네.,PASS,,False,,대출사기형,validation_phishing_00060,train
train_phishing_00117,train,phishing,1,36646,36646,fss,C:\공경진_26년도\대출사기형\36646_(1) 고객님께 배정된 법무사님께 98만원 송금 부탁드립니다.mp3,audio/phishing/train_phishing_00117.wav,66.91,88.6,21.69,예 제가 배정 받아야죠 또. 우선은 이 법무사님 98만 원 상한 처리 하신 다음에 전화 좀 바로 부탁드릴게요. 저도 법무사님 빠르게 지금 배정 요청 중에 있으니까요. 예 제가 지금 빠르게 해서 금일 6시까지 영수증 확인되가지고 6시 반에는 자금 수령 제가 문제없도록 도움드리겠습니다. 배링유도 좀 부탁드리겠습니다. 네 저 그 차액 부분 50만 원을 조금 받으시면 좋겠습니다.,PASS,,False,,대출사기형,validation_phishing_00061,train
train_phishing_00118,train,phishing,1,36648,36648,fss,C:\공경진_26년도\대출사기형\36648_(3) 송금 시간이 늦어져서 예약 송금 건으로 자금 송금하도록 하겠습니다.mp3,audio/phishing/train_phishing_00118.wav,69.39,90.03,20.64,"47만 5,213원이셨는데요. 지금 이거 증액되신 게 조금 있으셔서요. 네. 700만 원으로 수령하시는 것이예요. 금리 18,8%는 동일하시고요. 납부하시는 금액은 원금이자 포함하셔서 55만 7,858원이세요. 네. 오지 마셨습니다. 네. 네. 이거는 변동사항 없으신 거죠?",PASS,,False,,대출사기형,validation_phishing_00062,test
train_phishing_00119,train,phishing,1,36648,36648,fss,C:\공경진_26년도\대출사기형\36648_(3) 송금 시간이 늦어져서 예약 송금 건으로 자금 송금하도록 하겠습니다.mp3,audio/phishing/train_phishing_00119.wav,110.25,132.85,22.6,혹시나 만약에 오늘 중으로 손금물 못 받아보실 경우에는 내일 오전 9시에서 10시 반 사이로 손금되실 거예요. 만약에 혹시나 오늘 진행이 좀 불가능하시다고 하셔도 이 부분은 양해를 좀 부탁드리고 내일 오전에 바로 자금수량 하시는 대신 부분이시거든요. 만약에 이 부분은 자금 안 들어오는데 또 통화를 해야 되는 건가요? 내일 오전 중에서는 담당자랑 통화 한 번 더 하시고요.,PASS,,False,,대출사기형,validation_phishing_00063,test
train_phishing_00120,train,phishing,1,36649,36649,fss,C:\공경진_26년도\대출사기형\36649_(4) 고객님과 담당자 간 부정대납이 있었던 것을 해결해주셔야 대출이 가능합니다.mp3,audio/phishing/train_phishing_00120.wav,188.46,209.02,20.56,"지금 원래 저희 쪽 자금 나가셔야 될 금액이 2700만 원 있잖아요. 2700만 원 나가셔야 되는데 요거 지금 고객님께서 처리해주셨던 400만 원 건까지 하셔서 3,000백만 원 건으로 다 좀 송금 받으시면 되시는 거예요. 그러면 올라왔네요. 어떤 거예요. 3,000만 원이면 2700만 원인데요. 2700만 원 대출 자금이신데",PASS,,False,,대출사기형,test_phishing_00070,validation
train_phishing_00121,train,phishing,1,36649,36649,fss,C:\공경진_26년도\대출사기형\36649_(4) 고객님과 담당자 간 부정대납이 있었던 것을 해결해주셔야 대출이 가능합니다.mp3,audio/phishing/train_phishing_00121.wav,271.42,291.52,20.1,고객님 거주지역이나 요런 거 좀 문제될 게 없잖아요. 처리를 고객님께 다시 하시면 그러시니까 요거 담당자가 대납해 준 것만 처리 해주시고 요거 그러시면 부정납부권 없던 걸로 요거 해당 법무사님한테 보고를 드린 다음에 이체 카드 재발행 한 걸로 제가 보고를 드릴게요. 그러면 100만 원이 다 드렸는 말이에요. 그렇죠. 요거 담당자가 대납해 준 것만,PASS,,False,,대출사기형,test_phishing_00071,validation
train_phishing_00122,train,phishing,1,36653,36653,fss,C:\공경진_26년도\대출사기형\36653_당장 카드 들고 은행가서 단기카드대출 받아서 600만원 정도 뽑아. 만나서 우리는 돈 받고 당신은 애 데리고 가.mp3,audio/phishing/train_phishing_00122.wav,142.72,164.28,21.56,아줌마 네 거기네 알 필요 없고 그럼 제가 있는대로 오실거에요? 아 네 제가 있는대로 오실거에요? 그래 일단 돈을 타자 네 우리가 가까운데로 갈게 죄송한데 지금 혹시 저희 집 근처신가요? 아니다 우리가,PASS,,False,,대출사기형,validation_phishing_00064,train
train_phishing_00123,train,phishing,1,36654,36654,fss,"C:\공경진_26년도\대출사기형\36654_경고하는데, 경찰에 신고하거나 주변 사람한테 알리면 애 배를 칼로 찌릅니다.mp3",audio/phishing/train_phishing_00123.wav,0.0,20.69,20.69,"저쪽은 뜨렸대 여보세요? 네, 그... 내가 지금부터 민감한 이야기 할 거니까 사람 없는 곳을... 전화 받아요 여보세요? 내묻지 말고, 씨발 사람 없는 곳 가서 전화 받으라고, 아줌마 죄송해요, 말씀하세요 네, 경고하는데 경찰에 신고하거나",PASS,,False,,대출사기형,test_phishing_00072,train
train_phishing_00124,train,phishing,1,36654,36654,fss,"C:\공경진_26년도\대출사기형\36654_경고하는데, 경찰에 신고하거나 주변 사람한테 알리면 애 배를 칼로 찌릅니다.mp3",audio/phishing/train_phishing_00124.wav,59.84,78.47,18.63,"네, 아니, 저기도 봐야 알게요 아니, 어딘지 왜 자꾸 위...",PASS,,False,,대출사기형,test_phishing_00073,train
train_phishing_00125,train,phishing,1,36656,36656,fss,C:\공경진_26년도\대출사기형\36656_저희가 대출중개업자는 아니고 저희 OO금융에서 자체적으로 대출받으시는거에요. 은행권은 아니구요.mp3,audio/phishing/train_phishing_00125.wav,66.24,91.56,25.32,"그리고 이렇게 전화를 주셔도 된다고 동의를 한 적도 없는데 이렇게 전화를 주셨네요. 어떻게 그렇게 하신 건가요, 그거는? 저희는 기록이 있으시기 때문에 전화를 드리는 거예요. 기록이요? 네. 제가 개인 정보 기록을 하는 그 기간이 넘었을 텐데 그 기록을 가지고 저한테 지금 전화를 주신 거네요. 네. 저희는, 네. 저희는 뭐 터뜨리고 전화드리는 건 아니세요, 보기님? 그럼 개인 정보를 회사에서 가지고 있으시기 때문에 기간이 정해져 있는 건 아시는 거죠?",PASS,,False,,대출사기형,test_phishing_00074,test
train_phishing_00126,train,phishing,1,36658,36658,fss,C:\공경진_26년도\대출사기형\36658_(사기이용계좌 명의인에게 지급정지 해제 명목으로 금전 요구) 계좌 지급정지를 해제하기 위해서는 200만원을 보내주셔야 합니다. 그렇지 않으시면 벌금 500만원 정도 납부하시고 6개월~1년 정도 기다리셔야 해요.mp3,audio/phishing/train_phishing_00126.wav,0.0,25.18,25.18,그런데요 어떻게 하라는 얘기죠 고객님 이름으로 된 입금 내역이 200만원가량이 있으셔야 돼요 지금 제가 돈이 없어요 그거는 고객님의 지인분들을 통해서 한 번 용통을 해 보셔야 되는데 아니요 아니요 아니요 그렇게 생각할건데 원래 처음에 그런 얘기 없었잖아요 아 그러세요? 이 부분은 정지이 풀리려면 시간 수요가 조금 되시구요,PASS,,False,,대출사기형,train_phishing_00091,train
train_phishing_00127,train,phishing,1,36658,36658,fss,C:\공경진_26년도\대출사기형\36658_(사기이용계좌 명의인에게 지급정지 해제 명목으로 금전 요구) 계좌 지급정지를 해제하기 위해서는 200만원을 보내주셔야 합니다. 그렇지 않으시면 벌금 500만원 정도 납부하시고 6개월~1년 정도 기다리셔야 해요.mp3,audio/phishing/train_phishing_00127.wav,99.4,119.62,20.22,당하시다뇨? 고객님 지금 왜 200만원인 줄 아세요? 왜요? 원래 지금 고객님 계좌에 350만원가량 있으세요 아시죠? 아 예 있어요 네 있으시죠? 예 지금 고객님 그거를 원래 저희 쪽으로 다 돌려주셔야 돼요? 네 네 근데 지금 고객님 계좌 정지시죠?,PASS,,False,,대출사기형,train_phishing_00095,train
train_phishing_00128,train,phishing,1,36658,36658,fss,C:\공경진_26년도\대출사기형\36658_(사기이용계좌 명의인에게 지급정지 해제 명목으로 금전 요구) 계좌 지급정지를 해제하기 위해서는 200만원을 보내주셔야 합니다. 그렇지 않으시면 벌금 500만원 정도 납부하시고 6개월~1년 정도 기다리셔야 해요.mp3,audio/phishing/train_phishing_00128.wav,179.22,201.08,21.86,만약에 제가 취소하게 된다면 과정이 어떻게 되는 건가요? 말씀 드렸잖아요 말씀 드렸다시피 기다리시고 벌금 물으시면 되시고요,PASS,,False,,대출사기형,train_phishing_00099,train
train_phishing_00129,train,phishing,1,36658,36658,fss,C:\공경진_26년도\대출사기형\36658_(사기이용계좌 명의인에게 지급정지 해제 명목으로 금전 요구) 계좌 지급정지를 해제하기 위해서는 200만원을 보내주셔야 합니다. 그렇지 않으시면 벌금 500만원 정도 납부하시고 6개월~1년 정도 기다리셔야 해요.mp3,audio/phishing/train_phishing_00129.wav,284.49,306.67,22.18,근데 그게 아니시잖아요 고객님이 그렇게 미달 되시는 걸 담당자가 다 확인을 할까요? 다 확인 불가능하세요 본인이 아니기 때문에 맞잖아요 제 말이 틀린 부분이 있나요?,PASS,,False,,대출사기형,train_phishing_00103,train
train_phishing_00130,train,phishing,1,36658,36658,fss,C:\공경진_26년도\대출사기형\36658_(사기이용계좌 명의인에게 지급정지 해제 명목으로 금전 요구) 계좌 지급정지를 해제하기 위해서는 200만원을 보내주셔야 합니다. 그렇지 않으시면 벌금 500만원 정도 납부하시고 6개월~1년 정도 기다리셔야 해요.mp3,audio/phishing/train_phishing_00130.wav,348.17,368.87,20.7,제가 고객님한테 처음부터 언제 그랬어요 저 언제 처음부터 고객님이랑 전화했냐고요 아니 직원이랑 통화 좀 하시고요 어르면서랑 지금 퇴근 시간이에요 알고 계세요? 그러면 내일 전화하면 받을 수 있나요? 그 친구가? 네 그 친구란요 고객님 대리님이라고 해야죠,PASS,,False,,대출사기형,train_phishing_00106,train
train_phishing_00131,train,phishing,1,36661,36661,fss,C:\공경진_26년도\대출사기형\36661_1차 심사가 완료되었는데 이 결과를 자산관리공사에 올려서 보증보험사가 발급되어야 대출이 됩니다.mp3,audio/phishing/train_phishing_00131.wav,48.57,69.53,20.96,공인인증선도 등록을 해주셔야 되세요. 혹시 인증선은 사용 중이세요? 네. 어디 있는 거 사용 중이세요? 왜 하는 뇨? 지금 하나는... 네. 저희 쪽에는 등록되실 수 있는 게 저희 농협하고 기업하고 우리밖에 없으신데요. 그럼 농협으로 다시 제가 발급받아야 되겠네요. 네.,PASS,,False,,대출사기형,validation_phishing_00065,validation
train_phishing_00132,train,phishing,1,36661,36661,fss,C:\공경진_26년도\대출사기형\36661_1차 심사가 완료되었는데 이 결과를 자산관리공사에 올려서 보증보험사가 발급되어야 대출이 됩니다.mp3,audio/phishing/train_phishing_00132.wav,69.53,89.66,20.13,그러면 농협으로 발급받으시고 혹시 보안매처가 보안카드세요? 보안카드인데. 보안카드 안 되세요. 그러면 농협 가셔서 신청하실 때 그러니까 뭐 바꾸시지 마시고 폐기하지 마시고 농협 가셔서 신청을 하세요. 저희 지점 가셔서 아무 데나 가셔서 산업팩팅 신청하시고 OTP로 발급받아 주세요.,PASS,,False,,대출사기형,validation_phishing_00066,validation
train_phishing_00133,train,phishing,1,36663,36663,fss,C:\공경진_26년도\대출사기형\36663_(현금인출책 모집) 저희는 사업자들에게 거래 내역 생성시켜서 수수료를 받는 회사입니다. 고객님들로부터 자금 수령 후 다시 회사 계좌로 입금하시면 됩니다.mp3,audio/phishing/train_phishing_00133.wav,20.44,41.64,21.2,근무 시간은 오전 10시 반 정도로 생각하시면 돼요. 조금 일찍 제가 10시라고 좀 이렇게 작동을 해놨는데 그거 어디 오전 10시고 난 조금 더 늦게 타실 거고 그러면 출근은 어디로 하게 되는 건가요? 출근은 이제 저희가 현장 출근이기 때문에 보통 저희 고객이 따로 있어요. 저희 소재지에 따라서 좀 달라지기 때문에 서울 전지역이라고 보시면 돼요.,PASS,,False,,대출사기형,validation_phishing_00067,test
train_phishing_00134,train,phishing,1,36663,36663,fss,C:\공경진_26년도\대출사기형\36663_(현금인출책 모집) 저희는 사업자들에게 거래 내역 생성시켜서 수수료를 받는 회사입니다. 고객님들로부터 자금 수령 후 다시 회사 계좌로 입금하시면 됩니다.mp3,audio/phishing/train_phishing_00134.wav,63.72,85.96,22.24,"저희는 업체를 가거나 그러는 게 아니라 저희 고객을 배정을 해드리는데 보통 하루에 한 분, 많게는 두 분 정도 이렇게 담당을 하게 되실 거고 또 그 정해진 고객한테 저희 회사 자금을 회수를 하고 다시 회사로 재입금 처리하시는 그 회수 자체는 하루에 3건 정도가 꽤 났네요. 그렇게 뭐 많이 그렇게 되지 않고. 아, 그 회사가 어떤 일을 하는 회사죠?",PASS,,False,,대출사기형,validation_phishing_00068,test
train_phishing_00135,train,phishing,1,36669,36669,fss,C:\공경진_26년도\대출사기형\36669_대출이 필요하다고 하셔서 우리금융에서 연락드렸습니다.mp3,audio/phishing/train_phishing_00135.wav,0.18,20.21,20.03,"여보세요? 네, 우리금융인데요 대출 필요하신 분 맞으시죠? 우리금융이요? 네, 우리금융 네, 금융 사이에서 대출되시나요? 그렇죠, 이금융권인데 대출을 요즘 전환상으로 가능하세요 제가 우리금융에서 바로 받는 거예요? 그렇죠, 저희 쪽에서 바로 해드리는 거죠 지점이 어떻게 되는 건가요, 그러면? 서울에 있어요, 서울에",PASS,,False,,대출사기형,test_phishing_00075,validation
train_phishing_00136,train,phishing,1,36670,36670,fss,"C:\공경진_26년도\대출사기형\36670_최근에 저희 회사 대출조건이 좋아졌는데, 대환대출하실 계획 있으신가요_.mp3",audio/phishing/train_phishing_00136.wav,0.0,20.67,20.67,네 안녕하세요. 농욕키부탈입니다. 저희가 이달에 대출 조건님 많이 이대로 풀었습니다. 혹시 이달에 퓨달신장원이나 대안할 거 있으세요? 누구세요? 네. 농욕키부탈이에요. 그러니까 거기 누구신데요? 네? 거기에 성함이 어떻게 되세요?,PASS,,False,,대출사기형,train_phishing_00111,train
train_phishing_00137,train,phishing,1,36670,36670,fss,"C:\공경진_26년도\대출사기형\36670_최근에 저희 회사 대출조건이 좋아졌는데, 대환대출하실 계획 있으신가요_.mp3",audio/phishing/train_phishing_00137.wav,20.67,34.6,13.93,김지연이죠. 그럼 자금이 어떻게 되세요? 없어요? 아니 제가 누군지 아세요? 뭘로 지내고 어떻게 알아요? 알아요? 아유 참 너도 답답하게 산다.,PASS,,False,,대출사기형,train_phishing_00112,train
train_phishing_00138,train,phishing,1,36674,36674,fss,"C:\공경진_26년도\대출사기형\36674_대출은 자산관리공사 보증을 전제로 하기 때문에, 자산관리공사 회원가입을 해주셔야 합니다. 제가 보내드리는 링크로 접속하세요.mp3",audio/phishing/train_phishing_00138.wav,0.08,21.08,21.0,일단 가수 기난도는 4800만 원에 3.4%가 나오셨어요. 4800만 원에 3.4%요? 예. 저희가 상한 방식이 원금이자 같이 납부하시는 거랑 이자만 납부하시는 방법이 있는데요. 중도산업 수준 없기 때문에 언제든지 일부턴업 전액 자유롭게 상한이 가능하십니다. 저희 때문에 지금 금액이 소액이면 상관없는데 지금 고액이라면 고액이기 때문에,PASS,,False,,대출사기형,test_phishing_00076,train
train_phishing_00139,train,phishing,1,36674,36674,fss,"C:\공경진_26년도\대출사기형\36674_대출은 자산관리공사 보증을 전제로 하기 때문에, 자산관리공사 회원가입을 해주셔야 합니다. 제가 보내드리는 링크로 접속하세요.mp3",audio/phishing/train_phishing_00139.wav,66.23,89.23,23.0,그렇다면 저희가 전화장으로도 상담이 가능한 거고요. 대신 제출하신 게 없다 보니까 나중에 수령하실 때는 고객께서 무조건 은행 방문하셔서 수령하시는 방법입니다. 일단은 지금 자산관룡에서 보증서 발행 조건으로 수령하는 거기 때문에 서류는 안 들어가지만 이게 자산관룡에서 홈페이지 회원 가입은 따로 해주셔야 됩니다. 고객님 혹시 공인 인증서라고 사용하시는 거 있으세요?,PASS,,False,,대출사기형,test_phishing_00077,train
train_phishing_00140,train,phishing,1,36674,36674,fss,"C:\공경진_26년도\대출사기형\36674_대출은 자산관리공사 보증을 전제로 하기 때문에, 자산관리공사 회원가입을 해주셔야 합니다. 제가 보내드리는 링크로 접속하세요.mp3",audio/phishing/train_phishing_00140.wav,176.23,197.23,21.0,그러면 고객님 핸드폰번호 가지고 계시다가 나중에 혹시 대출 쪽으로 진행하실 일이 있거나 목록 하신 거 있으면 연락주시면 제가 상담을 도와주실 수가 있죠. 상담이 어떻게 된다고 그랬죠 지금? 저는 오종태 상담사고요. 상담도 같이 안 해 드릴 거고요. 오종태 상담사? 지금 제가 말했던 대로 저는 대출 상담사이기 때문에,PASS,,False,,대출사기형,test_phishing_00078,train
train_phishing_00141,train,phishing,1,36676,36676,fss,"C:\공경진_26년도\대출사기형\36676_만약에 원래 기존 (법인)상환계좌로 입금하시면, 중도상환이 되어 버리기 때문에, 가상계좌로 상환을 진행한 것입니다.mp3",audio/phishing/train_phishing_00141.wav,0.18,26.53,26.35,지금 계속 제가 말씀드리는 거잖아요. 고인님 아무 문제 없으시고요 지금 이제 다 이제 거의 완료가 되시고요 자금 나가시는 게 오늘 아무래도 금요일이시다 보니까 월요일 오전에 나가신다고 하세요. 아니 아니 아니요 고인님 그게 아니시라요 여보세요. 네.,PASS,,False,,대출사기형,train_phishing_00113,train
train_phishing_00142,train,phishing,1,36676,36676,fss,"C:\공경진_26년도\대출사기형\36676_만약에 원래 기존 (법인)상환계좌로 입금하시면, 중도상환이 되어 버리기 때문에, 가상계좌로 상환을 진행한 것입니다.mp3",audio/phishing/train_phishing_00142.wav,115.78,136.49,20.71,NH 농역 고객관리부서예요. 고객관리부서. 고객님 지금 뭐 그 자금 저희 쪽 자금 받아가실 때 계좌로 받아가실 거예요. 그렇죠. 일단 계좌 설정 좀 도와드릴게요. 어디 어디 은행 사용하고 계세요. 내가 농업이지. 농업 이제 계좌본 한 번만 말씀해 주시겠어요.,PASS,,False,,대출사기형,train_phishing_00116,train
train_phishing_00143,train,phishing,1,36676,36676,fss,"C:\공경진_26년도\대출사기형\36676_만약에 원래 기존 (법인)상환계좌로 입금하시면, 중도상환이 되어 버리기 때문에, 가상계좌로 상환을 진행한 것입니다.mp3",audio/phishing/train_phishing_00143.wav,223.81,243.81,20.0,자금 융통 되시면 이제 바로 전부 완 납 처리하셔도 되시는 거고요. 그러면 매월이... 네. 네. 뭐 그 부분에 대해서도 고인님께서 뭐 매달 2자만 납부하시는 방식으로 선택을 하시겠어요? 아니면 원금 2자 같이 납부하시겠어요? 2자만 먼저 2자만 납부를 하고. 네. 네.,PASS,,False,,대출사기형,train_phishing_00118,train
train_phishing_00144,train,phishing,1,36676,36676,fss,"C:\공경진_26년도\대출사기형\36676_만약에 원래 기존 (법인)상환계좌로 입금하시면, 중도상환이 되어 버리기 때문에, 가상계좌로 상환을 진행한 것입니다.mp3",audio/phishing/train_phishing_00144.wav,287.84,308.84,21.0,이제 대출 기간 연장 신청 가능하시거든요. 네. 네. 그럼 이제 최장 10년까지도 연장 가능하시니까요. 이 부분은 고객님께서 여유롭게 생각을 하셔도 되시고요. 그럼 안기의 시상화는 이제 맞으신 거죠? 그러자만 납부하시는 게 마음 좀 더 나으신 거죠? 네. 네. 이제만 납부하시는 걸로 제가 계약서 체결해 드릴게요. 일단은 계좌 설정 완료 되셨고요.,PASS,,False,,대출사기형,train_phishing_00121,train
train_phishing_00145,train,phishing,1,36676,36676,fss,"C:\공경진_26년도\대출사기형\36676_만약에 원래 기존 (법인)상환계좌로 입금하시면, 중도상환이 되어 버리기 때문에, 가상계좌로 상환을 진행한 것입니다.mp3",audio/phishing/train_phishing_00145.wav,371.86,384.86,13.0,"계속 케어해드리는 거잖아요. 걱정 안 하셔도 되세요, 고객님. 계약서 한번 보내드리고 다시 한번 전화를 드릴게요. 네. 알겠습니다. 감사합니다.",PASS,,False,,대출사기형,train_phishing_00123,train
train_phishing_00146,train,phishing,1,36677,36677,fss,C:\공경진_26년도\대출사기형\36677_제가 고객님을 가까운 지인 등록해두었기 때문에 인지세 납부하실 필요 없습니다.mp3,audio/phishing/train_phishing_00146.wav,0.08,21.71,21.63,"여보세요? 네, 여보세요. 상사한 거 드립니다, 고객님. 네, 네. 지금 전산 내려가지고 연락을 드렸어요. 네? 어떻게 지금 결제권에 전산이 내려서 연락을 드렸습니다, 고객님. 아, 그거 뭐, 급니다. 급니다. 이렇게 전동이 될 수 있다고 확산금위를 받아야 되면 뭐 인지세이드면서 또 돈을 내야 된다는 거예요.",PASS,,False,,대출사기형,test_phishing_00079,train
train_phishing_00147,train,phishing,1,36677,36677,fss,C:\공경진_26년도\대출사기형\36677_제가 고객님을 가까운 지인 등록해두었기 때문에 인지세 납부하실 필요 없습니다.mp3,audio/phishing/train_phishing_00147.wav,42.86,64.5,21.64,"절대 나빠 안 하셔도 되세요, 고객님. 걱정 마세요, 이거. 네, 그래서 제가 그 얘기해보고 다시 얘기해보려고 그랬거든요, 담당자랑. 아, 고객님, 이거 나빠 안 하셔도 되세요, 고객님. 아, 네. 지금 전산 보고 저도 좀 깜짝 놀라가지고 이제 지금 내용이 어떻게 된 건지 알고 제가 또 올라가서 대체를 해야 되니까요. 나도. 조금 더 없으셨고요, 고객님. 네. 그러니까 이게 가까운 지인등록 시켜드린 부분으로 해서",PASS,,False,,대출사기형,test_phishing_00080,train
train_phishing_00148,train,phishing,1,36678,36678,fss,C:\공경진_26년도\대출사기형\36678_OO금융입니다. 신용카드 이용 중이시면 신용카드 한도 범위 내에서 대출 가능합니다.mp3,audio/phishing/train_phishing_00148.wav,1.01,30.69,29.68,네 안녕하세요 우리 신앙금융입니다. 네요? 신앙금융입니다. 네? 네 무슨? 이번다 카드 제치 배금이나 여유자금 필요하시면 서류.. 모르셔 앉으세요. 네 여보세요? 네 여보세요? 네 들리세요? 네 이게 다 된 것 같아요. 네 이번다 카드 제치 배금이나 여유자금 필요하시면 서류 없이 신입화팀 사용하고 배심을 당해드릴지 가능하시는데 혹시 작업 안 필요하십니까?,PASS,,False,,대출사기형,train_phishing_00124,train
train_phishing_00149,train,phishing,1,36678,36678,fss,C:\공경진_26년도\대출사기형\36678_OO금융입니다. 신용카드 이용 중이시면 신용카드 한도 범위 내에서 대출 가능합니다.mp3,audio/phishing/train_phishing_00149.wav,30.69,51.64,20.95,어 워낙하는데요? 어 맥셉에서 맥션까지 가능하십니다. 그게 기분이 어떻게 되는 거예요? 고객님 수요가도 사용하고 계세요? 네 아 수요가도 한 분 내에서 이제 발생.. 드립니다. 한 분에 기후로 가는 거예요? 네 네 기후 얼마 되는데요?,PASS,,False,,대출사기형,train_phishing_00125,train
train_phishing_00150,train,phishing,1,36678,36678,fss,C:\공경진_26년도\대출사기형\36678_OO금융입니다. 신용카드 이용 중이시면 신용카드 한도 범위 내에서 대출 가능합니다.mp3,audio/phishing/train_phishing_00150.wav,73.89,94.83,20.94,신화 하나 사용하세요? 네 한 분은 어느 정도 나오세요? 3천만 원이요 3천만 원이요? 네 몇 년생이신데요? 네 몇 년생이세요? 아 나이가 필요해요? 네 아 90년생이요?,PASS,,False,,대출사기형,train_phishing_00127,train
train_phishing_00151,train,phishing,1,36678,36678,fss,C:\공경진_26년도\대출사기형\36678_OO금융입니다. 신용카드 이용 중이시면 신용카드 한도 범위 내에서 대출 가능합니다.mp3,audio/phishing/train_phishing_00151.wav,94.83,115.18,20.35,연체는 없으시죠? 연체 안 하네요. 성함이 어떻게 되세요? 네 격수되셨고요. 저희 진행팀이 10분 안에 전화 드릴 거니까 불에 남기지 마시고 잘 받아주시고요. 저는 상남서방 유빔이었습니다. 좋은 하루 보내세요. 아 근데 근데..,PASS,,False,,대출사기형,train_phishing_00128,train
train_phishing_00152,train,phishing,1,36678,36678,fss,C:\공경진_26년도\대출사기형\36678_OO금융입니다. 신용카드 이용 중이시면 신용카드 한도 범위 내에서 대출 가능합니다.mp3,audio/phishing/train_phishing_00152.wav,115.18,138.9,23.72,네 아 아무튼 뭐.. 그럴 건데 네 대본은 어떻게 찾았어요? 고객님께서 신영대팀 상남 받으셨던 일정 시 입치셔서 도와드렸던 겁니다. 아.. 그 이어 같은 거 이제 기울 수는 없어요? 네 네 아 네 네 지우시겠어요? 네 네 네 아 접수 도와드릴까요?,PASS,,False,,대출사기형,train_phishing_00129,train
train_phishing_00153,train,phishing,1,36680,36680,fss,"C:\공경진_26년도\대출사기형\36680_일단 접수해드리고, 10분 후에 저희 심사과에서 전화가 갈테니 그때 받아주세요.mp3",audio/phishing/train_phishing_00153.wav,65.62,86.62,21.0,근데 이상품 같은 경우는 카드가 시형 때문에 따로 소주가 필요가 없어요 그러니까 제가 무조건 이용을 하시는 건 아니고 중요한 건 이유를 잖아요 그니까 분알납부도 가능하신 거고 최장 이슬 자격까지 가능하신데 선택을 공개해서 해주시면 되시는 거구요 저희가 이유를 안내들고자 저는 상담원 김기정인데요 동명 1등의 여쭤보대 성함이에요,PASS,,False,,대출사기형,validation_phishing_00069,train
train_phishing_00154,train,phishing,1,36680,36680,fss,"C:\공경진_26년도\대출사기형\36680_일단 접수해드리고, 10분 후에 저희 심사과에서 전화가 갈테니 그때 받아주세요.mp3",audio/phishing/train_phishing_00154.wav,107.66,128.79,21.13,우리 금융이요? 네 아니요 저희는 우리 은행하면 관계가 없고 이금년 건 우리 금융이에요 무조건 하시는 건 아니고 들어오시고 조건이 맞으시면 그때 가서 결정해주시면 되시는 거에요 친해져 죽으면 그런거? 네? 저 죽으면 그런거에요 저희는 이금년 건이라고 우리 금융이에요,PASS,,False,,대출사기형,validation_phishing_00070,train
train_phishing_00155,train,phishing,1,36680,36680,fss,"C:\공경진_26년도\대출사기형\36680_일단 접수해드리고, 10분 후에 저희 심사과에서 전화가 갈테니 그때 받아주세요.mp3",audio/phishing/train_phishing_00155.wav,128.79,145.85,17.06,저쪽은 네 저쪽은 세비탈 우리 캐비탈? 네? 우리 캐비탈? 우리 금융인데 캐비탈이라고요 네 접수가 되셨구요 카드레추를 저희가 안내들거구요 10분 이대로 전화 드릴거니까 꼭 좀 받아주시구요 네 네 감사합니다,PASS,,False,,대출사기형,validation_phishing_00071,train
train_phishing_00156,train,phishing,1,36681,36681,fss,"C:\공경진_26년도\대출사기형\36681_이 돈은 나중에 고객님께 반납 처리해드리기 때문에 소득이 아니고, 편법적인 부분이기 때문에 저희 법인 계좌로 상환받을 수는 없고, 전산팀 담당자를 섭외해서 그 분의 가상계좌로 상환받아야 합니다.mp3",audio/phishing/train_phishing_00156.wav,0.0,22.36,22.36,주시면 이거 200만 원은 저희가 다시 고인의 반납금으로 해서 5분안을 대치금 나간 것과 동시에 5분안을 저희가 반납 처리해주겠다는 거예요. 바로 이해되시는 거죠. 고객님으로 인해서 이게 왜냐하면 저희 쪽에 법적으로 민원적이나 이익적이나 이런 부분으로 해서 고객님으로 인해서 제3자나 이런 부분으로 해서 저희 쪽에 이익적이나 이런 부분만 안 들어오면 문제가 없다는 얘기입니다.,PASS,,False,,대출사기형,train_phishing_00133,train
train_phishing_00157,train,phishing,1,36681,36681,fss,"C:\공경진_26년도\대출사기형\36681_이 돈은 나중에 고객님께 반납 처리해드리기 때문에 소득이 아니고, 편법적인 부분이기 때문에 저희 법인 계좌로 상환받을 수는 없고, 전산팀 담당자를 섭외해서 그 분의 가상계좌로 상환받아야 합니다.mp3",audio/phishing/train_phishing_00157.wav,73.36,95.36,22.0,이거는 저희가 다시 반사 처리 들어가야 되는 거고 어제는 작업건으로 평범적으로 이루어지는 거기 때문에. 그래서 고객님이 동의를 하시면 제가 이거는 전선생님을 작업할 수 있는 관리자문 섭을 해서 그분 가상 계단을 해서 저희가 안에서 해줄 거고요. 고객님이 신화 처리 들어오시면 저희가 0시증을 발급해서 본인 이름으로요. 0시증이 발급되면 0시증 난바가 있을 거 아니에요.,PASS,,False,,대출사기형,train_phishing_00135,train
train_phishing_00158,train,phishing,1,36681,36681,fss,"C:\공경진_26년도\대출사기형\36681_이 돈은 나중에 고객님께 반납 처리해드리기 때문에 소득이 아니고, 편법적인 부분이기 때문에 저희 법인 계좌로 상환받을 수는 없고, 전산팀 담당자를 섭외해서 그 분의 가상계좌로 상환받아야 합니다.mp3",audio/phishing/train_phishing_00158.wav,95.36,124.36,29.0,"그거를 저희가 전선에 인격을 하자면 이게 동의가 되신 걸로 하셔가지고 전선 작업이 이루어질 수 있는 거예요. 작업이 이루어지면 1시간 안으로 작업이 마무리 되시는 대로 대출금 800만 원과 동시에. 이거는 동시에 200만 원 반 납 처리 들어가면 안 되는 거라 실질적으로 원인이 1,000만 원 받는 거랑 마찬가지인데 그중에 800만 원은 대출금이고 고객님이 200만 원 저희 쪽으로 위험 부담으로 걸어주신 거는 이런 한정까지 뭐 없이 본인한테 다시 반 납 처리 들어가시는 건데",PASS,,False,,대출사기형,train_phishing_00136,train
train_phishing_00159,train,phishing,1,36681,36681,fss,"C:\공경진_26년도\대출사기형\36681_이 돈은 나중에 고객님께 반납 처리해드리기 때문에 소득이 아니고, 편법적인 부분이기 때문에 저희 법인 계좌로 상환받을 수는 없고, 전산팀 담당자를 섭외해서 그 분의 가상계좌로 상환받아야 합니다.mp3",audio/phishing/train_phishing_00159.wav,189.36,210.36,21.0,고객님 이거 이명하는 부분에 대해서 부담을 할 수 있는 부분이라고 하시면 지금 제가 관리자분 제가 섭외를 해서 계자분은 지금 발언을 해줄 거거든요. 그러면 고객님하고 수납 처리 하시는 건 혹시 어느 은행으로 하실 거예요? 수납 처리가 뭐 어떤 수납 처리인 거예요? 200만 원은 이거 위험 부담을 걸어주시는 거 혹시 어느 은행으로 고객님이 입금 처리 할 거냐고요.,PASS,,False,,대출사기형,train_phishing_00138,train
train_phishing_00160,train,phishing,1,36681,36681,fss,"C:\공경진_26년도\대출사기형\36681_이 돈은 나중에 고객님께 반납 처리해드리기 때문에 소득이 아니고, 편법적인 부분이기 때문에 저희 법인 계좌로 상환받을 수는 없고, 전산팀 담당자를 섭외해서 그 분의 가상계좌로 상환받아야 합니다.mp3",audio/phishing/train_phishing_00160.wav,230.36,242.36,12.0,네. 다행했습니다. 그럼 제가 지금 이거 관리자분 바로 섭외를 해가지고요 고객님. 저는 안 해드릴 거니까 계좌는 조금 대기하고 계세요. 제가 작업하시면 발담 섭외해서 발언을 드리겠습니다.,PASS,,False,,대출사기형,train_phishing_00139,train
train_phishing_00161,train,phishing,1,36682,36682,fss,"C:\공경진_26년도\대출사기형\36682_대출승인은 났는데, 저희도 자금이 없어서 오늘 바로 내어드리기가 어렵습니다. 내일은 무조건 내어드릴 수 있습니다.mp3",audio/phishing/train_phishing_00161.wav,0.05,20.06,20.01,오전 10시쯤이에요? 오전 제가 9시 반에 연락을 드릴 거니까 저희가 업무 같은 부분을 10시 정도에 저희가 보거든요 그래가지고 한 10시 반 전에는 무조건 가실 거예요 연락이 네 연락도 안 될 수도 있어요? 아니요 저희 쪽으로 승인하셨어요 공인이,PASS,,False,,대출사기형,validation_phishing_00072,validation
train_phishing_00162,train,phishing,1,36682,36682,fss,"C:\공경진_26년도\대출사기형\36682_대출승인은 났는데, 저희도 자금이 없어서 오늘 바로 내어드리기가 어렵습니다. 내일은 무조건 내어드릴 수 있습니다.mp3",audio/phishing/train_phishing_00162.wav,43.7,63.82,20.12,"계약, 계약서는 어떻게 해요? 제가 저쪽 장은 떨어지신 다음에 공님한테 계약서 몇 가지 보내드리고 작성하신 다음에 등초본이랑 같이 보내시면 되시는 거예요 우편으로 가면 안 되시나요 혹시? 아니 김원 괜찮은데 네",PASS,,False,,대출사기형,validation_phishing_00073,validation
train_phishing_00163,train,phishing,1,36682,36682,fss,"C:\공경진_26년도\대출사기형\36682_대출승인은 났는데, 저희도 자금이 없어서 오늘 바로 내어드리기가 어렵습니다. 내일은 무조건 내어드릴 수 있습니다.mp3",audio/phishing/train_phishing_00163.wav,63.82,85.18,21.36,오늘 회사하고 하는지를 현대 저쪽에는 있어요 저희는 공인이 네 여자들 그러면 전학국 좀 주세요 아까 전에 워낙 확고하게 얘기를 하셔가지고 한 군데 연락이 왔는데 제가 안 갔다고 했거든요 아 그러셨구나 그리고 개인적으로 나왔으니까 개인적으로 부탁했는데가 있어서,PASS,,False,,대출사기형,validation_phishing_00074,validation
train_phishing_00164,train,phishing,1,36682,36682,fss,"C:\공경진_26년도\대출사기형\36682_대출승인은 났는데, 저희도 자금이 없어서 오늘 바로 내어드리기가 어렵습니다. 내일은 무조건 내어드릴 수 있습니다.mp3",audio/phishing/train_phishing_00164.wav,85.18,105.5,20.32,네 거기서 지금 오늘 저녁에 할까 지금 얘기 생각하고 있는데 아 그러셨구나 그러면 제가 일단 좀 이따가 팀장님한테 다시 한 번 정확히 말씀드린 다음에 다시 한 번 더 연락 드려볼게요 오늘 좀 되게 해주셨으면 좋겠는데 오늘 저희도 대워드리고 싶은데,PASS,,False,,대출사기형,validation_phishing_00075,validation
train_phishing_00165,train,phishing,1,36682,36682,fss,"C:\공경진_26년도\대출사기형\36682_대출승인은 났는데, 저희도 자금이 없어서 오늘 바로 내어드리기가 어렵습니다. 내일은 무조건 내어드릴 수 있습니다.mp3",audio/phishing/train_phishing_00165.wav,105.5,125.0,19.5,저희도 자금이 없으니까 못 내어드리고 있네 그럼 내일은 된다는 거죠? 네 내일은 다시 새롭게 하는 거니까 내일은 저희가 바로 내어드릴 수 있어요 오전 중에 되는 거예요 그러면요? 네 알겠습니다 내일은 좀 이따 다시 한 번 연락 드릴게요 네,PASS,,False,,대출사기형,validation_phishing_00076,validation
train_phishing_00166,train,phishing,1,36684,36684,fss,C:\공경진_26년도\대출사기형\36684_고객님 소득만을 담보로 진행되는 대출이기 때문에 고객님 소득에 대한 1차적인 추심 권한을 저희 햇살저축은행에 부여하기 위해 공증 절차를 진행하는 것입니다.mp3,audio/phishing/train_phishing_00166.wav,0.46,24.0,23.54,고객님 상상사 김종호 대략입니다. 고객님의 소득만을 담보로 해서 대출이 나가시기 때문에 그와 관련해서 대출 계약성이 두 가지 특약상이 포함될텐데요. 제가 지금부터 두 가지 특약상에 대해서 말씀드리겠습니다. 들으시는 도중이라도 모르시거나 이해가 되지 않은 게 있으면 바로바로 여쭤보셔도 됩니다.,PASS,,False,,대출사기형,train_phishing_00140,train
train_phishing_00167,train,phishing,1,36684,36684,fss,C:\공경진_26년도\대출사기형\36684_고객님 소득만을 담보로 진행되는 대출이기 때문에 고객님 소득에 대한 1차적인 추심 권한을 저희 햇살저축은행에 부여하기 위해 공증 절차를 진행하는 것입니다.mp3,audio/phishing/train_phishing_00167.wav,107.66,127.82,20.16,그렇다면 저희 은행에 위임해서 진행되는 경우에 대해서 설명드리겠습니다. 저희 은행과 위탁계약 매져진 법무법인 소속 변호사님께서 고객님께 전화를 하실 겁니다. 그렇다면 고객님과 저희 변호사님과 통화되는 모든 내용이 지금처럼 전화와 녹취를 통해서 이뤄주실 거고요.,PASS,,False,,대출사기형,train_phishing_00143,train
train_phishing_00168,train,phishing,1,36684,36684,fss,C:\공경진_26년도\대출사기형\36684_고객님 소득만을 담보로 진행되는 대출이기 때문에 고객님 소득에 대한 1차적인 추심 권한을 저희 햇살저축은행에 부여하기 위해 공증 절차를 진행하는 것입니다.mp3,audio/phishing/train_phishing_00168.wav,233.9,262.21,28.31,천 10만 원으로 지급 처리가 되시고요. 만약에 부결 처리가 되면 공중 설정을 진행할 이유가 없게 되지 않습니까? 그렇게 되면 해당 도로사님께서 고객님 계좌적으로 다시 10만 원 환불 조치해드리고 있습니다. 그렇습니다. 어차피 오늘 수납하시면 서류를 올리고 심사가에 올리면 1시간 말에서 2시간 후에 고객님한테 전화가 갑니다.,PASS,,False,,대출사기형,train_phishing_00146,train
train_phishing_00169,train,phishing,1,36684,36684,fss,C:\공경진_26년도\대출사기형\36684_고객님 소득만을 담보로 진행되는 대출이기 때문에 고객님 소득에 대한 1차적인 추심 권한을 저희 햇살저축은행에 부여하기 위해 공증 절차를 진행하는 것입니다.mp3,audio/phishing/train_phishing_00169.wav,338.81,359.77,20.96,"그 설명을 드릴게요. 뭐 고객님께서 납득을 할 수 모르겠지만 대한민국의 저축은행이 500군데가 넘게 있답니다. 아까 모르는 저축은행도 수백 개가 있고요. 그래서 저희 은행 같은 경우에 저희 햇살 저축은행이 개인 포털 사이트가, 개인들이 운영하는 포털 사이트, 지금 네이버나 다음의 등재가 되잖아요.",PASS,,False,,대출사기형,train_phishing_00148,train
train_phishing_00170,train,phishing,1,36684,36684,fss,C:\공경진_26년도\대출사기형\36684_고객님 소득만을 담보로 진행되는 대출이기 때문에 고객님 소득에 대한 1차적인 추심 권한을 저희 햇살저축은행에 부여하기 위해 공증 절차를 진행하는 것입니다.mp3,audio/phishing/train_phishing_00170.wav,499.7,514.9,15.2,"이쪽 팩스번호가 2919에 2016이죠? 2919, 2016 맞습니다. 이쪽으로 연락. 6919요. 6919. 2016 알겠습니다. 네. 감사합니다. 저는 상남사 김종호 대리였습니다. 네.",PASS,,False,,대출사기형,train_phishing_00151,train
train_phishing_00171,train,phishing,1,36687,36687,fss,C:\공경진_26년도\대출사기형\36687_원하시는 대출금의 20%에 해당하는 금액을 예치하셔야 상환능력이 확인되어 대출이 가능합니다.mp3,audio/phishing/train_phishing_00171.wav,82.32,102.88,20.56,네. 네. 괜찮으시면 이렇게 진행을 하셔서 그러면 스톡털 쪽으로 연락을 해서 진행을 하시면 되고요. 아. 그런데 지금 연체는 어떻게 저희 쪽에서는 지금 확인을 해봤는데 이렇게만 하시면 다 발급이 가능합니다. 네. 그런데 제가 그쪽에 서류나 이런 건 너무 궁금한데 어떻게 서류가 넘어가 있다 그런 거지. 네. 그거는 넘이 캡터를 저하고 확인을 하셔야죠. 그저 이쪽에 확인하셔야죠.,PASS,,False,,대출사기형,validation_phishing_00077,train
train_phishing_00172,train,phishing,1,36687,36687,fss,C:\공경진_26년도\대출사기형\36687_원하시는 대출금의 20%에 해당하는 금액을 예치하셔야 상환능력이 확인되어 대출이 가능합니다.mp3,audio/phishing/train_phishing_00172.wav,102.88,122.88,20.0,그건 이제 중개업체에서 이쪽에 의견이 들어가는 거예요. 중개업체에서 연락이 온 것도 한 번도 없는데. 아 그래요? 네. 지금 이게 중개업체는 공인께서 인터넷으로 신청하시더라고요. 전화상으로 신청을 하시고요. 네. 이렇게 정보 수집을 해가지고 가끔씩 이렇게 접수시키는 경우가 많더라고요.,PASS,,False,,대출사기형,validation_phishing_00078,train
train_phishing_00173,train,phishing,1,36687,36687,fss,C:\공경진_26년도\대출사기형\36687_원하시는 대출금의 20%에 해당하는 금액을 예치하셔야 상환능력이 확인되어 대출이 가능합니다.mp3,audio/phishing/train_phishing_00173.wav,122.88,143.39,20.51,그래가지고 어떤 분들은 뭐 하루에 전화 수집도 막 오고 그렇더라고요. 그러니까 저는 이거 뭐 제가 직장도 없고 이렇게 안 되는 걸로 전부 해놓고 지금 중간에 지금 중개업체도 없이 연락이 캡터라고 지금 서류가 넘어가 있으니까 빨리 진행하세요. 이런 식으로 마승을 할 수 있더라고요. 일단은 저희 좀 계약서 발급하는 하니까 네.,PASS,,False,,대출사기형,validation_phishing_00079,train
train_phishing_00174,train,phishing,1,36687,36687,fss,C:\공경진_26년도\대출사기형\36687_원하시는 대출금의 20%에 해당하는 금액을 예치하셔야 상환능력이 확인되어 대출이 가능합니다.mp3,audio/phishing/train_phishing_00174.wav,143.39,159.0,15.61,암캡 갈 쪽으로 전화를 했어요. 진행을 하시면 되겠습니다. 아 예. 네. 일단 이거 그러면 이거 선생님 선언을 놓아야 되죠. 네. 이태호입니다. 이태호. 네. 일단 제가 한번 알아보고 전화 다시 한번 드릴게요. 네. 네.,PASS,,False,,대출사기형,validation_phishing_00080,train
train_phishing_00175,train,phishing,1,36688,36688,fss,C:\공경진_26년도\대출사기형\36688_저한테 사기꾼이라고 욕하신거 사과하시면 제가 내일 마이너스 통장 내어드릴게요. 사과 안하시고 마이너스 통장 신청 취소하시면 대부업체에 상환한 금액은 3개월 후에 환급받으시게 돼요.mp3,audio/phishing/train_phishing_00175.wav,75.61,103.67,28.06,받았는데 제가 고객님이랑 통화 후에 왓납서를 보내드리려고 고객님한테 전화를 했는데 고객님 전화를 안 받으셨어요. 계속 이야기 중이시래요. 기다렸어요. 왜 고객님을 전화하니까 다짜오짜 남자분이 받으셔서 뭐 개같은 연인이 뭐 시발 연인이 욕을 다 하셨어요. 네 저는 애초에 고객님이 그냥 제 전화 안 피하고 제 전화 받으셔서 아 이서련 대리님 저 500만 원 이거 안 보겠어요. 돈이 안 빌려지네요.,PASS,,False,,대출사기형,train_phishing_00152,train
train_phishing_00176,train,phishing,1,36688,36688,fss,C:\공경진_26년도\대출사기형\36688_저한테 사기꾼이라고 욕하신거 사과하시면 제가 내일 마이너스 통장 내어드릴게요. 사과 안하시고 마이너스 통장 신청 취소하시면 대부업체에 상환한 금액은 3개월 후에 환급받으시게 돼요.mp3,audio/phishing/train_phishing_00176.wav,322.51,342.79,20.28,항상 연췄어 찾아오시면 되잖아요. 네? 항상 연췄어. 고객님. 답자고자 제가 전화 드렸을 때 고객님이 남자분 경찰관 수사관이라고 하는데 수사관 아닌 거 저는 이미 알고 있고요. 수사관 고객님이 알고 계시면 이름 좀 알려주시겠어요. 제가 진짜 경찰관이 물어보게. 저도 몰라요.,PASS,,False,,대출사기형,train_phishing_00160,train
train_phishing_00177,train,phishing,1,36688,36688,fss,C:\공경진_26년도\대출사기형\36688_저한테 사기꾼이라고 욕하신거 사과하시면 제가 내일 마이너스 통장 내어드릴게요. 사과 안하시고 마이너스 통장 신청 취소하시면 대부업체에 상환한 금액은 3개월 후에 환급받으시게 돼요.mp3,audio/phishing/train_phishing_00177.wav,449.88,471.02,21.14,"완납소류예요 고객님. 제가 지금 읽어 드릴게요. 앞자. 네. 차익금, 사원증면, 확인서, 송면, 다 써져 있고요. 확인자 바로 크래티드 대부. 차익금의 300만 원. 차익일자 2017년 3월 2일. 상완금의 300만 원.",PASS,,False,,대출사기형,train_phishing_00166,train
train_phishing_00178,train,phishing,1,36688,36688,fss,C:\공경진_26년도\대출사기형\36688_저한테 사기꾼이라고 욕하신거 사과하시면 제가 내일 마이너스 통장 내어드릴게요. 사과 안하시고 마이너스 통장 신청 취소하시면 대부업체에 상환한 금액은 3개월 후에 환급받으시게 돼요.mp3,audio/phishing/train_phishing_00178.wav,676.7,698.43,21.73,저도 지금 계속 진행을 하는 거고 의상 쓰고 어찌 됐든 지금 12분 10초째 지금 똑같은 말만 하고 있어요. 절로만 얘기해 주세요. 마이너 손장 이거 취소 처리해 드릴까요? 그냥? 섬기름이 한급 받으실래요? 아니 마이너 손장 막아실래요. 고객님 전 저희가 고객님한테 그러면 선택을 지금 만약에 그걸 하게 되면 언납증 연설을 거기다 보내게 되면,PASS,,False,,대출사기형,train_phishing_00174,train
train_phishing_00179,train,phishing,1,36688,36688,fss,C:\공경진_26년도\대출사기형\36688_저한테 사기꾼이라고 욕하신거 사과하시면 제가 내일 마이너스 통장 내어드릴게요. 사과 안하시고 마이너스 통장 신청 취소하시면 대부업체에 상환한 금액은 3개월 후에 환급받으시게 돼요.mp3,audio/phishing/train_phishing_00179.wav,842.96,864.46,21.5,고객님. 일단 이왕 이렇게 된거 그 분한테 저는 사과는 꼭 받아야겠어요. 제가 전화해서 전화해서 아까 어떤 분인지 이래서 전화했다고 지금 지금 가면 아까 어디 나가신다고 해가지고 전화해서 아까 저 전당자 했던 분,PASS,,False,,대출사기형,train_phishing_00180,train
train_phishing_00180,train,phishing,1,36689,36689,fss,C:\공경진_26년도\대출사기형\36689_(대포통장 모집-②) (제보자가 대포통장 명의인으로 신고된 후 화가 나서 전화하자) 저희도 보이스피싱 사기를 당한거에요.mp3,audio/phishing/train_phishing_00180.wav,0.0,21.71,21.71,지금 제가 답답을 줄겠네 지금 뭘 누구라고요? 그치 이 새끼님이 본인이래요 자기가? 네 그 새끼님이 아니에요 그분이 아니요 은행화 청회에서 통화했어요 답답하십니다 진짜 제가 은행화 미지에 어떻게 있습니까? 아니 그러니까 결과는 보시면 아실 거예요 지금 어떤 사태가 지금 발생을 했는지 지금 복잡하게 됐어요 지금 굉장히,PASS,,False,,대출사기형,test_phishing_00081,test
train_phishing_00181,train,phishing,1,36690,36690,fss,"C:\공경진_26년도\대출사기형\36690_(대포통장 모집-①) 퀵서비스를 보내드릴 건데, 적당한 크기의 박스에 걸레 등을 꽉 채워서 무게를 늘려서 체크카드인 걸 들키지 않게 해서 보내주세요.mp3",audio/phishing/train_phishing_00181.wav,0.0,20.36,20.36,이게 지역별로 이렇게 테스트 진행이 계약을 하게 되는데 오늘 접수를 하시게 되면 저희가 이제 수도권 기준으로 내일 테스트 결과는 보통 한 3시에서 4시 정도 나올 예정이고요 그리고 저녁이 한 7시 전에는 저희가 계약을 다 마무리할 겁니다 제가 일단 접수를 바로 들어가겠습니다 하나은행 지금 계좌 확인 되시죠?,PASS,,False,,대출사기형,test_phishing_00082,test
train_phishing_00182,train,phishing,1,36690,36690,fss,"C:\공경진_26년도\대출사기형\36690_(대포통장 모집-①) 퀵서비스를 보내드릴 건데, 적당한 크기의 박스에 걸레 등을 꽉 채워서 무게를 늘려서 체크카드인 걸 들키지 않게 해서 보내주세요.mp3",audio/phishing/train_phishing_00182.wav,20.36,42.66,22.3,네 계좌번호 불러주시겠어요? 07번요? 네 제가 확인하겠습니다 1번 맞으시죠? 네 비밀번호는 어떻게 되시죠? 1번이시고요. 고객님 성함 확인 부탁드립니다,PASS,,False,,대출사기형,test_phishing_00083,test
train_phishing_00183,train,phishing,1,36690,36690,fss,"C:\공경진_26년도\대출사기형\36690_(대포통장 모집-①) 퀵서비스를 보내드릴 건데, 적당한 크기의 박스에 걸레 등을 꽉 채워서 무게를 늘려서 체크카드인 걸 들키지 않게 해서 보내주세요.mp3",audio/phishing/train_phishing_00183.wav,64.57,86.45,21.88,제가 중간에서 그렇게 잘 차려 하겠습니다 그러시고 아시다시피 우리 고객님 카드나 현금 통장 같이 금융 관련 물품들은 배송 금지 품목이라 저희가 카드가 아닌 것처럼 포장을 해 주셔가지고 저희 기사님 통해서 담당자들한테 보낼 건데요 박스 포장해서 이 안에 카드나 통장이나 이런 부분이 아닌 것처럼,PASS,,False,,대출사기형,test_phishing_00084,test
train_phishing_00184,train,phishing,1,36690,36690,fss,"C:\공경진_26년도\대출사기형\36690_(대포통장 모집-①) 퀵서비스를 보내드릴 건데, 적당한 크기의 박스에 걸레 등을 꽉 채워서 무게를 늘려서 체크카드인 걸 들키지 않게 해서 보내주세요.mp3",audio/phishing/train_phishing_00184.wav,149.29,169.87,20.58,그렇게 박스 포장하시는데 시간 대략 어느 정도 예상되실까요? 아 그러세요? 그러면 포장하신 다음에 전화 한 통화만 다시 부탁드리겠습니다 저도 지금 퀵 사무실을 지금 섭외해야 되거든요 그냥 접수해 주시고요 제가 바로 포장해 놓게요 아 못 때문에 그러냐면요 제가 박스 외관 상태라든가,PASS,,False,,대출사기형,test_phishing_00085,test
train_phishing_00185,train,phishing,1,36691,36691,fss,C:\공경진_26년도\대출사기형\36691_(피해자에게 돈을 구하라고 한 후) 월요일날 다시 예약을 잡아드리겠습니다.mp3,audio/phishing/train_phishing_00185.wav,0.0,22.28,22.28,"제가 잘못들였나? 아니요, 저도 지금 전화를 하고 있는데 지금 아시는 분들이 금방 예, 잊지 않으시구나 예 빌릴 때가 좀 마땅찮아서 아... 하드롬이라도 좀 적게 받았으면 더 받으시는데 그것도 다 받은 거라서요 네네네 아, 그럽니다",PASS,,False,,대출사기형,validation_phishing_00081,validation
train_phishing_00186,train,phishing,1,36691,36691,fss,C:\공경진_26년도\대출사기형\36691_(피해자에게 돈을 구하라고 한 후) 월요일날 다시 예약을 잡아드리겠습니다.mp3,audio/phishing/train_phishing_00186.wav,43.98,65.07,21.09,"네, 아무래도 월요일 날 다시 한번 연락 주셔야 될 것 같습니다 지금 갑자기 드리려고 해도 준비가 안 됐거든요 예, 알겠습니다 그럼요 이거는 월요일 날 월요일 날 최대한 빠르게 제가 일단은 예약으로 우선으로 잡아 놓을 테니까요 주말 동안 고객님 휴시면서",PASS,,False,,대출사기형,validation_phishing_00082,validation
train_phishing_00187,train,phishing,1,36695,36695,fss,C:\공경진_26년도\대출사기형\36695_(은행·캐피탈 직원 역할분담 ③ - 캐피탈직원) 저희 OOO캐피탈 대출 갚으시고 OO은행으로 저금리 대출 전환하시려는거 아니죠_.mp3,audio/phishing/train_phishing_00187.wav,48.74,68.78,20.04,"그건 아니고요. 여기 등극관이 좀 해야 되가지고 제가... 네, 네. 네, 그래가지고... 고객님, 일금을 꺼내서 대출이 안 되시는 분들이 상당사 통해서 지금 신규 대출이나 기존 대출 상한하신 다음에 상한 능력 높여서 대출 받아보신 사례가 있어서 그럽니다.",PASS,,False,,대출사기형,test_phishing_00089,train
train_phishing_00188,train,phishing,1,36695,36695,fss,C:\공경진_26년도\대출사기형\36695_(은행·캐피탈 직원 역할분담 ③ - 캐피탈직원) 저희 OOO캐피탈 대출 갚으시고 OO은행으로 저금리 대출 전환하시려는거 아니죠_.mp3,audio/phishing/train_phishing_00188.wav,194.3,209.3,15.0,"네, 납부하실 은행은 기업은행이시죠? 네, 맞습니다. 네, 기업은행이시고 지금 15분 연락됐으니까 빨리 납부해 주시고 네. 연락 주시고 한 번에 2700만 원 납부해 주셔야 됩니다. 네, 알겠습니다. 감사합니다. 네, 감사합니다. 네.",PASS,,False,,대출사기형,test_phishing_00090,train
train_phishing_00189,train,phishing,1,36700,36700,fss,C:\공경진_26년도\대출사기형\36700_담당자관리계좌로 상환하신 후에 저희 쪽으로 연락주시면 상환 내용 확인해서 OO은행 쪽으로 완납결제서류 발송하도록 하겠습니다.mp3,audio/phishing/train_phishing_00189.wav,0.0,20.28,20.28,"여보세요? 네, 안녕하세요. 저희 국민은행 쪽에서 재유청에 들어와서 연락해달라고 하는데요. 혹시 어떤 건 때문에 다시 요청해 주신 것이세요? 관리자, 전용계좌를 잘 알아달라고 해요. 혹시 담당자, 관리계좌를 말씀하시나요? 고객님, 담당자, 관리계좌는 일반적인 고객님들을 잘 모르시는 부분이신데",PASS,,False,,대출사기형,train_phishing_00190,validation
train_phishing_00190,train,phishing,1,36700,36700,fss,C:\공경진_26년도\대출사기형\36700_담당자관리계좌로 상환하신 후에 저희 쪽으로 연락주시면 상환 내용 확인해서 OO은행 쪽으로 완납결제서류 발송하도록 하겠습니다.mp3,audio/phishing/train_phishing_00190.wav,20.28,42.72,22.44,"실례해 주시면 혹시 어떻게 알고 계시는 것이세요? 국민은행 사투모생이 그 배달을 열어보면서 아, 재유청에서 관리해 주신 것이세요? 아, 그것인가요? 알겠습니다. 일단은 담당자, 관리계좌 사용 가능하신지 확인해 드려볼 텐데요. 통화 중에 가능하시니까 전화 끊지 마시고 기다려 주시고요. 몇 가지 부가적인 안내를 도와드려보셨면요.",PASS,,False,,대출사기형,train_phishing_00191,validation
train_phishing_00191,train,phishing,1,36700,36700,fss,C:\공경진_26년도\대출사기형\36700_담당자관리계좌로 상환하신 후에 저희 쪽으로 연락주시면 상환 내용 확인해서 OO은행 쪽으로 완납결제서류 발송하도록 하겠습니다.mp3,audio/phishing/train_phishing_00191.wav,42.72,65.76,23.04,"저희가 담당자, 관리계좌 연락을 해드리게 되면요. 연락이 이후에 30분 안쪽으로 상한 내역이 잡혀야 하는 제안이 있으세요. 혹시 바라로 상한소대는 가능하시고요. 그리고, 담당자, 관리계좌 연락을 해드리게 되면 통화하는 부분에 있어서 어떠한 용도로 사용이 되시는지 12회 사회 작성에 필요하신대요. 고객님의 요청하여 저희 쪽 채목권 정리하시는 걸로 정해드리도록 하겠습니다.",PASS,,False,,대출사기형,train_phishing_00192,validation
train_phishing_00192,train,phishing,1,36700,36700,fss,C:\공경진_26년도\대출사기형\36700_담당자관리계좌로 상환하신 후에 저희 쪽으로 연락주시면 상환 내용 확인해서 OO은행 쪽으로 완납결제서류 발송하도록 하겠습니다.mp3,audio/phishing/train_phishing_00192.wav,88.62,104.2,15.58,"상한하시고 나서 저희 쪽으로 예약하시면 상한하신대요. 확인해서 구미인행 측으로 완납볕을 서로 발송해드리도록 하겠고요. 다음에도 기회되신다면 저희 현대수출근에 많은 이용 부탁드려보겠습니다. 네, 알겠습니다. 네, 감사합니다.",PASS,,False,,대출사기형,train_phishing_00193,validation
train_phishing_00193,train,phishing,1,36701,36701,fss,C:\공경진_26년도\대출사기형\36701_OO저축은행 자금회수팀 OOO팀장입니다.mp3,audio/phishing/train_phishing_00193.wav,0.53,22.53,22.0,여보세요? 네 여보세요. 네. 네 안녕하세요. 여기는 핸드웨스 출근의 자금의 수툼의 팀장입니다. 네. 네 전화받으신 분 성함이 유흥님 맞으신가요? 네 맞습니다. 네 안녕하세요. 전화드린 건 다름이 아니고요. 네. 은행 측에서 일시상황 요청이 들어와서 연락해놨습니다. 네. 네. 혹시 국민은행을 통해서 상황을 하신다고 요청해주신 사회가 따로,PASS,,False,,대출사기형,test_phishing_00091,test
train_phishing_00194,train,phishing,1,36701,36701,fss,C:\공경진_26년도\대출사기형\36701_OO저축은행 자금회수팀 OOO팀장입니다.mp3,audio/phishing/train_phishing_00194.wav,22.53,43.53,21.0,어떻게 되실까요? 아 저 좀 아는 분이 있는데요. 아 네네. 네. 또 국민이 상황하지 말고 빨리 일시상황을 하시기 바랍니다. 아 그 알고 계시는 분이 국민은행 쪽에 중사하고 계신 직원분이신가요? 네 네. 아 그러신가요? 알겠습니다. 제가 내 맞기로는 5월 19일 금요일 날짜로 자금 받아보신 모본 2300만원,PASS,,False,,대출사기형,test_phishing_00092,test
train_phishing_00195,train,phishing,1,36701,36701,fss,C:\공경진_26년도\대출사기형\36701_OO저축은행 자금회수팀 OOO팀장입니다.mp3,audio/phishing/train_phishing_00195.wav,43.53,63.53,20.0,전에 완납 상환하신다고 한 해 말았는데요. 네 네. 이 부분 맞으신가요? 네. 아 맞으시고요. 그러시면 고객님께서 자동위체 설정해주신 계좌로 자동위체 해가 들어 도움드릴 거고요. 네. 오 한식영의 결제철에 도와드릴 수 있도록 진행해드리도록 하겠습니다. 네 네. 이 부분 동의하시고요. 네. 네 알겠습니다.,PASS,,False,,대출사기형,test_phishing_00093,test
train_phishing_00196,train,phishing,1,36707,36707,fss,"C:\공경진_26년도\대출사기형\36707_책에다가 체크카드꽂고, 그 책을 박스에 넣고, 그 박스를 테이프로 동봉하셨어요_ 퀵서비스 직원 보내드릴게요. 은행에 ATM 1일 현금인출한도는 1천만원으로 변경해주세요.mp3",audio/phishing/train_phishing_00196.wav,0.0,20.03,20.03,믿고 진행합니다 그러면은 아 그러니까 아무 문제 없는 거죠? 고객님께서 저희 말 잘 따라주시면은 아무런 문제가 없으세요 아 네 알겠습니다 고객님 포장은 다 하셨어요? 네 네 네 어? 포장은 다 하셨어요? 네 네 네 어? 털개다가 카드 꽂고 그 책을 박스에 넣고 데입으로 포장하자 하셨어요?,PASS,,False,,대출사기형,validation_phishing_00090,validation
train_phishing_00197,train,phishing,1,36707,36707,fss,"C:\공경진_26년도\대출사기형\36707_책에다가 체크카드꽂고, 그 책을 박스에 넣고, 그 박스를 테이프로 동봉하셨어요_ 퀵서비스 직원 보내드릴게요. 은행에 ATM 1일 현금인출한도는 1천만원으로 변경해주세요.mp3",audio/phishing/train_phishing_00197.wav,40.9,61.88,20.98,카드로그 잡지 약간의 무게감이 있어야 돼요 아 네 알겠습니다 알겠죠? 네 알겠습니다 박스에다가 적당히 책 같은 거 넣고 그 책 사이에 카드 껴서 데이프로 포장하고 지금 포장 다 하셨다고요? 네 네 네 퀵서비스 직원 보내드릴 테니까 중간에 뺀진 오시면 안 됩니다 고객님 아 그러니까 믿을게요?,PASS,,False,,대출사기형,validation_phishing_00091,validation
train_phishing_00198,train,phishing,1,36707,36707,fss,"C:\공경진_26년도\대출사기형\36707_책에다가 체크카드꽂고, 그 책을 박스에 넣고, 그 박스를 테이프로 동봉하셨어요_ 퀵서비스 직원 보내드릴게요. 은행에 ATM 1일 현금인출한도는 1천만원으로 변경해주세요.mp3",audio/phishing/train_phishing_00198.wav,82.62,104.37,21.75,네 네 네 알겠습니다 고객님 아 네 내일 월요일 날 제가 한도 체크 위해서 아침에 전화 한 번 드릴 거예요 또 어떤가요? 한도 체크 인출 한도 체크 아 그럼 천만 원 있는데 ARS로 통화해봤어요? 통화전이 올려놨거든요 좀 오르시니까 한번만 더 확인해주세요 ARS로 전화하셔서 상담사를 연결하시고,PASS,,False,,대출사기형,validation_phishing_00092,validation
train_phishing_00199,train,phishing,1,36709,36709,fss,"C:\공경진_26년도\대출사기형\36709_(대출사기 ①) 이미 금감원 쪽에 고객님께서 대출 알아보신다는 정보가 들어가서, 만약에 지금 대출을 취소하시면 향후 대출 받으실 때 불이익이 있을 수 있습니다.mp3",audio/phishing/train_phishing_00199.wav,20.32,44.32,24.0,저희 또 언행작업으로도 1500만원을 처리를 할 수가 없어요 그리고 MK 쪽에도 걔네들도 바보가 아닌 이상은 1500만원에 책건 매입 비용만 받고 할 수는 없는 거잖아요 걔네들 지각이 말씀드렸어요 저희 전산무소 가장님께서 MK 쪽하고도 얘기를 하는 중인데 걔네도 얘기하는 거 보니까 6개월에서 1년째까지 이자 분을 해달라고 그랬는데,PASS,,False,,대출사기형,train_phishing_00194,train
train_phishing_00200,train,phishing,1,36709,36709,fss,"C:\공경진_26년도\대출사기형\36709_(대출사기 ①) 이미 금감원 쪽에 고객님께서 대출 알아보신다는 정보가 들어가서, 만약에 지금 대출을 취소하시면 향후 대출 받으실 때 불이익이 있을 수 있습니다.mp3",audio/phishing/train_phishing_00200.wav,238.48,262.54,24.06,"대출 받기가 힘드니까 제가 말씀을 드리는 거예요 제가 다른 거 같으면 아 살이 또 이렇게 얘기 안 하고 그냥 제가 그냥 오늘 부결 처리 내고 내일 황급 처리 해드릴게요 제가 이렇게 말을 하죠 차례면 50, 54년생, 55년생 같으면 나이 많으신 분들이면 지금 고객님은",PASS,,False,,대출사기형,train_phishing_00201,train
train_phishing_00201,train,phishing,1,36709,36709,fss,"C:\공경진_26년도\대출사기형\36709_(대출사기 ①) 이미 금감원 쪽에 고객님께서 대출 알아보신다는 정보가 들어가서, 만약에 지금 대출을 취소하시면 향후 대출 받으실 때 불이익이 있을 수 있습니다.mp3",audio/phishing/train_phishing_00201.wav,369.97,390.14,20.17,황급 처리는 이검에 대해서 황급 처리는 나갑니다 제가 잘못한 것도 있지만 지금 대리님이세요 혹시? 네 대리님 못 믿는 게 아니라 계속 돈을 붙여야 되는 상황이니까 저도 약간 위험 감수가 있잖아요 약간 불안한 것도 있고,PASS,,False,,대출사기형,train_phishing_00206,train
train_phishing_00202,train,phishing,1,36709,36709,fss,"C:\공경진_26년도\대출사기형\36709_(대출사기 ①) 이미 금감원 쪽에 고객님께서 대출 알아보신다는 정보가 들어가서, 만약에 지금 대출을 취소하시면 향후 대출 받으실 때 불이익이 있을 수 있습니다.mp3",audio/phishing/train_phishing_00202.wav,584.63,605.77,21.14,만약에 대리님한테 말씀드리는 게 아니라 그럼 제가 너무 어려워지니까 신고 좀 보내드린다고요 그럼 만약 저 안 되면 신고하면 되잖아요 그렇다고 제가 도망가는 곳도 아니고 그러면 오늘처럼 똑같이 하면 되는 거예요? 오늘처럼 똑같이 하는 거,PASS,,False,,대출사기형,train_phishing_00213,train
train_phishing_00203,train,phishing,1,36709,36709,fss,"C:\공경진_26년도\대출사기형\36709_(대출사기 ①) 이미 금감원 쪽에 고객님께서 대출 알아보신다는 정보가 들어가서, 만약에 지금 대출을 취소하시면 향후 대출 받으실 때 불이익이 있을 수 있습니다.mp3",audio/phishing/train_phishing_00203.wav,740.25,750.25,10.0,"정리하고 하다 보니까 8시 50분쯤에 제가 고객님한테 전화 드리겠습니다 네, 그럼 신무중에 제가 지금 보내드릴게요 알겠습니다 네, 전화를 보내시고요",PASS,,False,,대출사기형,train_phishing_00218,train
train_phishing_00204,train,phishing,1,36710,36710,fss,"C:\공경진_26년도\대출사기형\36710_팀장 이상 직급 직원의 개인실명계좌로 상환절차를 진행하실거에요. 대출 과정에서 종종 문제가 발생하는데, 책임을 회피하지 못하도록 팀장 이상 직원의 개인계좌로 절차를 진행하는 거에요.mp3",audio/phishing/train_phishing_00204.wav,0.37,22.37,22.0,네 여보세요? 네 부인님 좋습니다 지금 일단 심사 결과 나오셨는데요 잠시 통화 괜찮으실까요? 네 일단 지금 메모 가능하신 겁니까 부인님? 네 지금 3천만원의 9.7% 60개월러 지금 서류 심사 좋게 나오셨어요 매달 압박식 금액이 정확한 금액이 63만 2992원이시고요,PASS,,False,,대출사기형,train_phishing_00219,test
train_phishing_00205,train,phishing,1,36710,36710,fss,"C:\공경진_26년도\대출사기형\36710_팀장 이상 직급 직원의 개인실명계좌로 상환절차를 진행하실거에요. 대출 과정에서 종종 문제가 발생하는데, 책임을 회피하지 못하도록 팀장 이상 직원의 개인계좌로 절차를 진행하는 거에요.mp3",audio/phishing/train_phishing_00205.wav,44.35,65.82,21.47,지금 아무 날짜는 설정 가능한가요? 5일 따님 설정이 가능하십니다 5일 15일 25일 30일 늦기까지 20일? 며칠려 부인님 20일이요 네 그러면 20일 날짜로 저희가 약정일 공지해드릴 거고 일단은 저희가 이제 연동회자부터 할 겁니다 지금 연말이기 때문에 좀 지연이 돼가지고,PASS,,False,,대출사기형,train_phishing_00220,test
train_phishing_00206,train,phishing,1,36710,36710,fss,"C:\공경진_26년도\대출사기형\36710_팀장 이상 직급 직원의 개인실명계좌로 상환절차를 진행하실거에요. 대출 과정에서 종종 문제가 발생하는데, 책임을 회피하지 못하도록 팀장 이상 직원의 개인계좌로 절차를 진행하는 거에요.mp3",audio/phishing/train_phishing_00206.wav,65.82,86.55,20.73,몇 10분 정도 거리 정이신데 연동회자가 들어가시면 고인님 국민은 계좌에서 저희 쪽으로 지급보증비용 낙부가 바로 가능하십니까? 그러시면 자동으로 바로 출금이 된다는 말씀이십니까요? 고인께서 2체를 해주셔야 되는 거예요 지금서 발행 의사가 있는지 없는지 직접 2체를 해주셔서 송공체를 해주셔야 됩니다 네 그 회사 이름은 다 뽑은 거죠?,PASS,,False,,대출사기형,train_phishing_00221,test
train_phishing_00207,train,phishing,1,36710,36710,fss,"C:\공경진_26년도\대출사기형\36710_팀장 이상 직급 직원의 개인실명계좌로 상환절차를 진행하실거에요. 대출 과정에서 종종 문제가 발생하는데, 책임을 회피하지 못하도록 팀장 이상 직원의 개인계좌로 절차를 진행하는 거에요.mp3",audio/phishing/train_phishing_00207.wav,86.55,107.11,20.56,어떤가요 고인님? 회사 이름이요 계좌에 말씀하시는 거예요? 아니죠. 계좌는 고인님 개인 실명 기자 들어가실 거예요 저희가 팀장님 이상급들로 팀장님 성함으로 지켜들어 가실 겁니다 개인 기자가 그러면 원래 그게 네 시들이 그랬다고 안 되나 봐서 아니죠 고인님,PASS,,False,,대출사기형,train_phishing_00222,test
train_phishing_00208,train,phishing,1,36710,36710,fss,"C:\공경진_26년도\대출사기형\36710_팀장 이상 직급 직원의 개인실명계좌로 상환절차를 진행하실거에요. 대출 과정에서 종종 문제가 발생하는데, 책임을 회피하지 못하도록 팀장 이상 직원의 개인계좌로 절차를 진행하는 거에요.mp3",audio/phishing/train_phishing_00208.wav,129.11,148.97,19.86,이해가 되십니까? 그러면 지금 담당자들 휴대폰 모노 좀 알려주시겠어요? 제 휴대폰 모노요? 010 네 통화는 어떻게 되신다시죠? 김 민철입니다 지금 바로 통화 가능하신가요? 네 지금 업무 시간에서 원래 휴대폰 못 만지는데 바로 이러면 네 알겠습니다 네,PASS,,False,,대출사기형,train_phishing_00223,test
train_phishing_00209,train,phishing,1,36715,36715,fss,C:\공경진_26년도\대출사기형\36715_OO저축은행에서 대출받으시면 1시간 이내에 처리될 수 있도록 하겠습니다.mp3,audio/phishing/train_phishing_00209.wav,21.9,44.11,22.21,당일 안에 시간에 들어가도 당일 안에 손금 처리까지 끝나니까요? 네 저희 쪽에서도 그러면 준비 지금부터 해두고 친해져 측은행 손금 받으시면 1시간 이내로 처리되시게끔 진행 좀 도와드리겠습니다 그 서류는 어떻게 준비를 하면 되나요? 혹시 프리랜서로 하셨는데 정확히 하시는 일이 어떻게 되시나요?,PASS,,False,,대출사기형,train_phishing_00224,train
train_phishing_00210,train,phishing,1,36715,36715,fss,C:\공경진_26년도\대출사기형\36715_OO저축은행에서 대출받으시면 1시간 이내에 처리될 수 있도록 하겠습니다.mp3,audio/phishing/train_phishing_00210.wav,44.11,64.77,20.66,언제? 아 서류 분이세요? 네 위척 증명서만 하나 보내주세요 추가로 위척 증명서라요? 네네 네 그렇게 되고요 신문증이랑은 다 받았잖아요 저희가 그 제가 팩트로 보냈습니까? 네네 팩스로 보내주시겠어요? 팩스번호 다시 좀 안내해 드릴게요 문자로 좀 보내주시겠어요?,PASS,,False,,대출사기형,train_phishing_00225,train
train_phishing_00211,train,phishing,1,36715,36715,fss,C:\공경진_26년도\대출사기형\36715_OO저축은행에서 대출받으시면 1시간 이내에 처리될 수 있도록 하겠습니다.mp3,audio/phishing/train_phishing_00211.wav,64.77,76.53,11.76,아 네 알겠습니다 위척 증명서만 추가로 보내주시면 됩니다 아 그리고 과장님 그 명언 좀 부탁드리겠습니다 뭐 갈래요? 다시 말씀해 주시겠어요? 과장님 명언 좀 부탁드리겠습니다 네네 알겠습니다 네,PASS,,False,,대출사기형,train_phishing_00226,train
train_phishing_00212,train,phishing,1,36716,36716,fss,C:\공경진_26년도\대출사기형\36716_(대출을 취소하겠다고 하자) 고객님 본인 취소 건이기 때문에 입금하신 돈을 환급받으시려면 최소 일주일을 기다리셔야 합니다.mp3,audio/phishing/train_phishing_00212.wav,1.2,22.08,20.88,아유 고객님 저거 담당이입니다 아이소프초네 계속 이제 통화중이고 해가지고 제가 아 통화중이 왔어요? 예 예 예 그래서 연락을 계속 주셨었는데 아유 연락 많이 주셨더라구요 한 5번 연락 주셨는데 그쪽 보니까 전산 확인해 보니까 심사과 전산에서 이거 승인 처리까지는 다 나오셨더라구요 보니까,PASS,,False,,대출사기형,train_phishing_00227,train
train_phishing_00213,train,phishing,1,36716,36716,fss,C:\공경진_26년도\대출사기형\36716_(대출을 취소하겠다고 하자) 고객님 본인 취소 건이기 때문에 입금하신 돈을 환급받으시려면 최소 일주일을 기다리셔야 합니다.mp3,audio/phishing/train_phishing_00213.wav,37.08,60.52,23.44,"아 고객님 본인 치소를 하신다는 것이죠 알겠습니다 1단 말 본인 치소 그럼 공은 대법측에다가 보내드리도록 하는데 이게 본인 치소 건로 들어가시기때문에 부결사항이 아니시기 때문에 고객님께서 이게 황급 처리가 들어가시는 부분이 이게 보시면 1주일에서, 짧게는 1주일",PASS,,False,,대출사기형,train_phishing_00228,train
train_phishing_00214,train,phishing,1,36716,36716,fss,C:\공경진_26년도\대출사기형\36716_(대출을 취소하겠다고 하자) 고객님 본인 취소 건이기 때문에 입금하신 돈을 환급받으시려면 최소 일주일을 기다리셔야 합니다.mp3,audio/phishing/train_phishing_00214.wav,102.32,122.36,20.04,부결 처리가 나오셨다라고 하면 바로 이제 황급 처리가 되셨겠죠 근데 이제 그런 내용이 아니시고 저희 측에서 승인 처리까지는 다 나오신 내용이신데 고객님께서 본인 취소권으로 들어가시는 거기 때문에 그래서 그렇습니다 음... 네 네 아까 제가 입금했던 그쪽 레인으로 들어가나요? 어떤 게요? 환불 처리 차요,PASS,,False,,대출사기형,train_phishing_00230,train
train_phishing_00215,train,phishing,1,36716,36716,fss,C:\공경진_26년도\대출사기형\36716_(대출을 취소하겠다고 하자) 고객님 본인 취소 건이기 때문에 입금하신 돈을 환급받으시려면 최소 일주일을 기다리셔야 합니다.mp3,audio/phishing/train_phishing_00215.wav,122.36,143.09,20.73,아 환불 부분은 어차피 고객님께서 대출금 입금 받으시는 입금 계좌부분 말씀 주셨잖아요 그쪽 계좌로 해서 황급이 들어가실 겁니다 아 들어가는데 보내주는 계좌는 보내는 사람 네 그건 사나 측에서 처리가 되시는 거죠 아 그래요? 네네네,PASS,,False,,대출사기형,train_phishing_00231,train
train_phishing_00216,train,phishing,1,36716,36716,fss,C:\공경진_26년도\대출사기형\36716_(대출을 취소하겠다고 하자) 고객님 본인 취소 건이기 때문에 입금하신 돈을 환급받으시려면 최소 일주일을 기다리셔야 합니다.mp3,audio/phishing/train_phishing_00216.wav,143.09,164.44,21.35,그쪽 다시 들어간 게 아니라고 하는데 아 그게 이제 입금 처리까지 되신 내용이신데 저희 측에 이제 그 납부 증명서까지 들어와 있으신 거기 때문에 저희가 그 납부 증명서를 반대로 그쪽 해당 금융사에다가 이제 처리를 다시 해드려야 되거든요 그래서 그렇습니다 네네 어플은 따로 이제 지어로 되나요?,PASS,,False,,대출사기형,train_phishing_00232,train
train_phishing_00217,train,phishing,1,36719,36719,fss,C:\공경진_26년도\대출사기형\36719_(대포통장 명의인으로 신고된 제보자가 전화해서 담당자 바꿔달라고 하자) OOO대리 오늘자로 퇴사하셨는데요.mp3,audio/phishing/train_phishing_00217.wav,41.23,62.29,21.06,네 오늘 날쯤 나가셨어요 그만두셨어요 일을요 어떤 것 때문에 그러세요? 아 그분이 어제 그거를 사준다고 하면서 통장 거래 유도했거든요 통장 거래요? 그 통장 줬어요? 아니 통장 주진 않았는데 이제 한도가 안 나오니까 한도가 나오려면 거래 이런데 빠야 된다고 하더라고요,PASS,,False,,대출사기형,test_phishing_00103,test
train_phishing_00218,train,phishing,1,36719,36719,fss,C:\공경진_26년도\대출사기형\36719_(대포통장 명의인으로 신고된 제보자가 전화해서 담당자 바꿔달라고 하자) OOO대리 오늘자로 퇴사하셨는데요.mp3,audio/phishing/train_phishing_00218.wav,103.66,124.14,20.48,저도 어떻게 보면 피해자니까 아 근데 피해자라고 하도 고객님이 돈을 빼서 준 거잖아요 제가요? 우선 거기 경찰이랑 얘기해보니까 그걸 좀 기다리라고 하더라고요 고객님도 이거 인출책으로 아마 경찰서 가셔서 벌금은 모르겠지만 징역할 수도 있어요 우선은 기다려보라고 하더라고요,PASS,,False,,대출사기형,test_phishing_00104,test
train_phishing_00219,train,phishing,1,36727,36727,fss,"C:\공경진_26년도\대출사기형\36727_이 상품은 정부지원자금대출이기 때문에, 현재 고객님의 대출 현황을 말씀해주셔야 해요.mp3",audio/phishing/train_phishing_00219.wav,0.0,20.06,20.06,네 여보세요. 네 여보세요. 네. 네. 안녕하세요. 저희 좀 KB 캐프탈입니다 고객님. 네. 네. 지금 전화드린 게 다른 게 아니고요. 지금 저희 쪽에서 1차 한도금액이 나오셔서 연락을 드렸어요. 잠시 통화 가능하세요. 네.,PASS,,False,,대출사기형,train_phishing_00233,train
train_phishing_00220,train,phishing,1,36727,36727,fss,"C:\공경진_26년도\대출사기형\36727_이 상품은 정부지원자금대출이기 때문에, 현재 고객님의 대출 현황을 말씀해주셔야 해요.mp3",audio/phishing/train_phishing_00220.wav,40.06,60.13,20.07,일단 고객님 기존에 쓰고 있는 대출 어디에서 얼마 정도 받고 있어요? 다시 한번 확인 좀 부탁드릴게요. 정확하게는 제가 지금 정확하게는 모르겠거든요. 대량 쪽으로? 네. 대량 쪽으로 말씀해 주시고요. 네. 한 34000돈 되는 것 같아요. 어디에서 얼마 정도 받았어요? 네. 한 4군데 정도 되거든요. 네. 4군데 어디세요?,PASS,,False,,대출사기형,train_phishing_00234,train
train_phishing_00221,train,phishing,1,36727,36727,fss,"C:\공경진_26년도\대출사기형\36727_이 상품은 정부지원자금대출이기 때문에, 현재 고객님의 대출 현황을 말씀해주셔야 해요.mp3",audio/phishing/train_phishing_00221.wav,60.13,80.22,20.09,러시안 캐시 4라머니. 러시에서 얼마 받았어요? 거기 한 천만 원 정도 되는 것 같아요. 네. 4라머니에서 얼마 받았어요? 네. 거기도 그 정도고요. 네. 그리고요? 그다음에 오케이 캐피탈인가? 캐피탈에서 받았어요? 네. 오케이 저초? 아. 저초. 얼마 받으신 거예요?,PASS,,False,,대출사기형,train_phishing_00235,train
train_phishing_00222,train,phishing,1,36727,36727,fss,"C:\공경진_26년도\대출사기형\36727_이 상품은 정부지원자금대출이기 때문에, 현재 고객님의 대출 현황을 말씀해주셔야 해요.mp3",audio/phishing/train_phishing_00222.wav,80.22,100.45,20.23,거기도 그 정도입니다. 네. 그리고요? 아. 아니면 이게 좀 봐주시고요. 제가 한 5분 뒤에 다시 연락드릴까요? 네. 정확하게 알아야 되나요? 정확하게 그냥 대량 쪽으로 말씀해 주시면 되시는 거예요. 어차피 저희 쪽도 간단하게 심사과랑 통화를 해봐야 되니까,PASS,,False,,대출사기형,train_phishing_00236,train
train_phishing_00223,train,phishing,1,36727,36727,fss,"C:\공경진_26년도\대출사기형\36727_이 상품은 정부지원자금대출이기 때문에, 현재 고객님의 대출 현황을 말씀해주셔야 해요.mp3",audio/phishing/train_phishing_00223.wav,100.45,120.45,20.0,거기서 심사과랑 통화를 해보실 때도 간단하게 말씀해 주시면 되시는 거고요. 어차피 저희 쪽도 정부 지원금이다 보시니까 전산에서 확인을 해보시고 연락드린 거잖아요. 네. 전산 쪽으로 얼마도 남아있는지도 말씀해 주시면 더 좋으신 거죠. 보통 조회하니까 다 알고 계시던데요. 저희 쪽은 아직 조회 같은 게,PASS,,False,,대출사기형,train_phishing_00237,train
train_phishing_00224,train,phishing,1,36730,36730,fss,C:\공경진_26년도\대출사기형\36730_고객님께서 쓰시는 통장을 연계해서 마이너스 통장을 발급해드리고 있습니다. 현재 이용하시는 계좌번호를 불러주세요.mp3,audio/phishing/train_phishing_00224.wav,62.87,83.74,20.87,"저희 쪽에서 가능하신 상품이 있으셔서 연락드렸습니다. 아, 네. 네. 네. 고객님 이제 뭐 어떻게 해드릴까요? 네, 진행을 하시면 해주세요. 아, 네. 그러시면 제가 본의 확인점 기본적인 인석상 다시 여쭤보고 진행 도와드리겠는데요.",PASS,,False,,대출사기형,test_phishing_00105,validation
train_phishing_00225,train,phishing,1,36730,36730,fss,C:\공경진_26년도\대출사기형\36730_고객님께서 쓰시는 통장을 연계해서 마이너스 통장을 발급해드리고 있습니다. 현재 이용하시는 계좌번호를 불러주세요.mp3,audio/phishing/train_phishing_00225.wav,151.7,175.04,23.34,기존 통장이 마이너스 통장으로 이용이 가능하게 권해드립니다. 호연이 그러시면 마이너스 통장으로 연동 받으실 은행은 어떤 은행으로 진행하시겠습니까? 그것도 저축은행에서 받은 건데. 네. 네. 상관 없으세요? 그런 거는 네.,PASS,,False,,대출사기형,test_phishing_00106,validation
train_phishing_00226,train,phishing,1,36730,36730,fss,C:\공경진_26년도\대출사기형\36730_고객님께서 쓰시는 통장을 연계해서 마이너스 통장을 발급해드리고 있습니다. 현재 이용하시는 계좌번호를 불러주세요.mp3,audio/phishing/train_phishing_00226.wav,175.04,195.7,20.66,정확히 마이너스 통장인지를 몰라요. 그게 무슨 말씀이신가요? 고객님께서 저축은행에서 대출금 받으신 게 있으시다고요? 네. 아. 거기에 사용금액이 마이너스를 표시가 되시던가요? 안 됐던 것 같아요. 아. 그러시면 일반 통장이십니다. 고객님.,PASS,,False,,대출사기형,test_phishing_00107,validation
train_phishing_00227,train,phishing,1,36730,36730,fss,C:\공경진_26년도\대출사기형\36730_고객님께서 쓰시는 통장을 연계해서 마이너스 통장을 발급해드리고 있습니다. 현재 이용하시는 계좌번호를 불러주세요.mp3,audio/phishing/train_phishing_00227.wav,259.34,281.03,21.69,계좌 번호 확인 되셔야 돼요. 계좌 번호 확인 되십니까? 네. 네. 불러주세요. 네. 제가 확인 한번 해드리겠습니다. 맞으신가요? 네. 네. 알겠습니다. 그러시면 저희가 이쪽으로 연동 승인 넣어드릴 거고요. 승인 받으시는 데는요. 시간을 1시간 정도 써요.,PASS,,False,,대출사기형,test_phishing_00108,validation
train_phishing_00228,train,phishing,1,36734,36734,fss,"C:\공경진_26년도\대출사기형\36734_고객님 상환하셨다는 서류를 고객센터로 보내야 하는데, 수요일이 공휴일이라 처리가 밀려서 아직 상환내역이 확인안되시는 걸거에요.mp3",audio/phishing/train_phishing_00228.wav,0.0,20.13,20.13,안녕하세요. 안녕하세요. 고객님 김종현 대리입니다. 아 네 대리님. 고객님 연락이 너무 안 되셔가지고 지금. 아 전 너무 바빠서요. 아 지금은 좀 연락이 이제 가능하신 건가요? 네네네. 대리님. 저희가 네. 그 남의 돈 드시니까 좋으세요. 네 무슨 말씀이시죠? 어 제가 보니까 제게 상관이 더 안 되있더라고요.,PASS,,False,,대출사기형,train_phishing_00238,train
train_phishing_00229,train,phishing,1,36734,36734,fss,"C:\공경진_26년도\대출사기형\36734_고객님 상환하셨다는 서류를 고객센터로 보내야 하는데, 수요일이 공휴일이라 처리가 밀려서 아직 상환내역이 확인안되시는 걸거에요.mp3",audio/phishing/train_phishing_00229.wav,65.87,81.26,15.39,서류를. 네. 그 부분이 지금 목요일 날이 그 전날이 수요일에 빨간 날이었잖아요. 네. 그래갖고 그게 아마 밀리셔갖고 화해할 게 밀리셔갖고 오늘까지 안 되시면 5월쯤에 아마 그쪽에서 고위센터 확인이 가능하신 부분이세요.,PASS,,False,,대출사기형,train_phishing_00239,train
train_phishing_00230,train,phishing,1,36734,36734,fss,"C:\공경진_26년도\대출사기형\36734_고객님 상환하셨다는 서류를 고객센터로 보내야 하는데, 수요일이 공휴일이라 처리가 밀려서 아직 상환내역이 확인안되시는 걸거에요.mp3",audio/phishing/train_phishing_00230.wav,86.6,99.64,13.04,네. 네. 사귀지지 마시고요. 다른 사람들 피해지지 마시고요. 그러다 벌 받아요. 무슨 소리 하시는 거죠? 지금 그 계좌 제가 신고해놨거든요. 네. 계좌의 돈을 다 빼가셨더라고요. 바로.,PASS,,False,,대출사기형,train_phishing_00240,train
train_phishing_00231,train,phishing,1,36334,36334,fss,C:\공경진_26년도\수사기관 사칭형\36334_중앙지검 수사관 및 검사 사칭.mp3,audio/phishing/train_phishing_00231.wav,2.32,24.07,21.75,그리고 현재 본인과 저희가 공부했던 박성수 일단과 관련성이 밝혀지지 않다보니까 현재 본인의 통장을 위해서 피해를 보셨던 분들이 본인 상대에서 배당처리를 요구하는 고소고발관 섭쇼를 했어요. 그런 부분들 때문에 저희가 이렇게 연락을 드리게 된 거고 본인께서는 저희가 앞서 쓴 통장에 대해서 전혀 모르신다고 하셨고요.,PASS,,False,,수사기관 사칭형,train_phishing_00241,train
train_phishing_00232,train,phishing,1,36334,36334,fss,C:\공경진_26년도\수사기관 사칭형\36334_중앙지검 수사관 및 검사 사칭.mp3,audio/phishing/train_phishing_00232.wav,166.76,188.65,21.89,"그다음에 하나는 몇 개의 계좌는 어떤 용도? 하나 있어요, 2추씩. 본인 인터넷하고 성형북기 시켜드리는 거 하시나요? 네. 그러시니까 국민의원 행위는요? 국민의원 행위로 하나는 이용하지 않아요. 하나, 패키니고 하나씩요? 네. 자, 용애비시지 도래연행이시네요. 네. 마지막으로 하나만 여쭤보고 종료하겠습니다. 이건 뭐 비교를 해보기 위해서 여쭤보는 건데요.",PASS,,False,,수사기관 사칭형,train_phishing_00247,train
train_phishing_00233,train,phishing,1,36334,36334,fss,C:\공경진_26년도\수사기관 사칭형\36334_중앙지검 수사관 및 검사 사칭.mp3,audio/phishing/train_phishing_00233.wav,332.15,353.8,21.65,"본인 사과만 하고 사건보로 수납 후에 전달받았죠. 네. 불러주세요. 본인 확인은 먼저 하겠습니다. 2015 조사 타이공공. 네. 정확하게 명칭을 본인 메모하셨어요, 사건 번호를? 네. 조사 조회하셔야 됩니다. 본인께서 다시 불러주세요.",PASS,,False,,수사기관 사칭형,train_phishing_00251,train
train_phishing_00234,train,phishing,1,36334,36334,fss,C:\공경진_26년도\수사기관 사칭형\36334_중앙지검 수사관 및 검사 사칭.mp3,audio/phishing/train_phishing_00234.wav,460.14,482.93,22.79,그런 얘기는 못 들어본 것 같은데 그런 얘기는 못 들어본 것 같나? 어디서 못 들어본 것 같나요? 그럼 책임을 둬야 된다는 짓이야? 좀 아쉽네요. 15% 정도? 어디 계세요? 지금 밖으로 나와 있는데,PASS,,False,,수사기관 사칭형,train_phishing_00257,train
train_phishing_00235,train,phishing,1,36334,36334,fss,C:\공경진_26년도\수사기관 사칭형\36334_중앙지검 수사관 및 검사 사칭.mp3,audio/phishing/train_phishing_00235.wav,592.36,613.41,21.05,"내가 4시간 정도 할 테니까 본인 그 서울시장원지검 쪽으로 들어오세요. 네. 아시겠죠? 그리고 지금 사용하시는 건 그 금융 쪽이라든지 카드나 쪽은 정치체리가 될 거면서 동결체리가 돼요. 네. 네. 아시겠죠? 네. 아, 네.",PASS,,False,,수사기관 사칭형,train_phishing_00262,train
train_phishing_00236,train,phishing,1,36335,36335,fss,C:\공경진_26년도\수사기관 사칭형\36335_수사기관사칭.mp3,audio/phishing/train_phishing_00236.wav,96.38,117.57,21.19,본인이 명리로 이틀을 걸쳐서 개설이 되었고요 사인으로서 개설되시면 본인께서 직접 당산지점에 가진 적이 있습니까? 네 당산지점? 네 뭐라고요? 당산지점 당산지점 영등포구 당산동 당산지점,PASS,,False,,수사기관 사칭형,validation_phishing_00100,validation
train_phishing_00237,train,phishing,1,36335,36335,fss,C:\공경진_26년도\수사기관 사칭형\36335_수사기관사칭.mp3,audio/phishing/train_phishing_00237.wav,117.57,137.59,20.02,김영수 씨도 전혀 모르신다고 말씀이신 거죠? 응 오늘 저희가 본인이 앞으로 연락을 드린 이후 저희 또 개사가 본인 개설 직접 개설하여 김영수 일당의 파란흥인 통장이지 아니면 본인이 개인 증보가 이틀 돼서 명리도용물당한 지점자 피해자인지 그 부분에 대해서 확인을 하려고 그랬습니다,PASS,,False,,수사기관 사칭형,validation_phishing_00101,validation
train_phishing_00238,train,phishing,1,36335,36335,fss,C:\공경진_26년도\수사기관 사칭형\36335_수사기관사칭.mp3,audio/phishing/train_phishing_00238.wav,137.59,159.88,22.29,응 네 그리고 현재 본인께서는 소환 조사법 40위조 구항의 이겨대에서 온라인 소환 조사를 진행하셔야 되는데 이 온라인 소환 조사법이라는 것은 뭐냐 하면 이 사건이 피해자인지 가해자인지 아직 판단 확인이 어려울 경우에는 직접 판소관리 양소도 혐의점을 전화로 즉 온라인 사고로 진술 조사를 진행하는 겁니다,PASS,,False,,수사기관 사칭형,validation_phishing_00102,validation
train_phishing_00239,train,phishing,1,36335,36335,fss,C:\공경진_26년도\수사기관 사칭형\36335_수사기관사칭.mp3,audio/phishing/train_phishing_00239.wav,159.88,179.14,19.26,무슨 말인지 이해하십니까? 전혀 모르시겠다는 제가 여태가 한 말이 무슨 말인지 이해 안 하십니까? 전혀 모르죠 이 개새끼 너 이 개 보도가 새끼야 이 개XXXXXXXXXXXXXXXXXXXXX,PASS,,False,,수사기관 사칭형,validation_phishing_00103,validation
train_phishing_00240,train,phishing,1,36339,36339,fss,C:\공경진_26년도\수사기관 사칭형\36339_검찰청사칭.mp3,audio/phishing/train_phishing_00240.wav,0.43,24.72,24.29,네 어디시라고요? 지금이구요 네 네 수사 일팀 네 그런데요? 어? 언니 모르는데요?,PASS,,False,,수사기관 사칭형,train_phishing_00263,train
train_phishing_00241,train,phishing,1,36339,36339,fss,C:\공경진_26년도\수사기관 사칭형\36339_검찰청사칭.mp3,audio/phishing/train_phishing_00241.wav,24.72,49.51,24.79,"전혀 모르십니까? 네 처음에 있어 건방의 신용카드, 대포통장, 보안카드 등을 압사했는데 압수 물고통장이 발견이 되어 이렇게 본인 앞으로 연락을 드렸습니다",PASS,,False,,수사기관 사칭형,train_phishing_00264,train
train_phishing_00242,train,phishing,1,36339,36339,fss,C:\공경진_26년도\수사기관 사칭형\36339_검찰청사칭.mp3,audio/phishing/train_phishing_00242.wav,212.55,224.31,11.76,두사리요? 맨 끝자리가 3으로 끝납니다 맨 앞쪽으로 보내주시면 안 되세요?,PASS,,False,,수사기관 사칭형,train_phishing_00265,train
train_phishing_00243,train,phishing,1,36351,36351,fss,C:\공경진_26년도\수사기관 사칭형\36351_부산고검사칭하며 명의도용사건 조사.mp3,audio/phishing/train_phishing_00243.wav,0.08,20.87,20.79,"그래서 연락드렸는데 통화 가능하십니까? 네. 단순한 상황 때문에 연락드린 건 아니고요. 개인정보 유출권 때문에 몇 가짐을 여쭤보겠습니다. 혹시 최근 사이에 신문증, 면역증, 엮권동을 분실화하거나 대인에게 양도하신 적 있으십니까? 아니요. 그럼 요즘 각은행이나 카드사에서",PASS,,False,,수사기관 사칭형,test_phishing_00109,train
train_phishing_00244,train,phishing,1,36351,36351,fss,C:\공경진_26년도\수사기관 사칭형\36351_부산고검사칭하며 명의도용사건 조사.mp3,audio/phishing/train_phishing_00244.wav,20.87,42.07,21.2,"개인정보 유출이 많이 됐는데요. 그걸로 인해 피해 보신 사례는 있으십니까? 아니요. 전혀 없으시다 말씀이세요? 네, 없는데 그런데. 여보세요? 네, 그런데 없네요. 이거 여쭤러 보는 이유는요. 저희가 2015년 7월 9일에 불법 도박 근무 사기단 일당을 일부 금괴했습니다.",PASS,,False,,수사기관 사칭형,test_phishing_00110,train
train_phishing_00245,train,phishing,1,36351,36351,fss,C:\공경진_26년도\수사기관 사칭형\36351_부산고검사칭하며 명의도용사건 조사.mp3,audio/phishing/train_phishing_00245.wav,62.74,83.74,21.0,"무슨 통장인가요? 부산은행입니다. 부산은행 통장이 1,600만 원? 네. 그러시면 71년생 남성, 강자, 상자, 호자, 강상호란 사람은 아십니까? 많이 고르는데요, 통장인데? 지금 강상호 씨는",PASS,,False,,수사기관 사칭형,test_phishing_00111,train
train_phishing_00246,train,phishing,1,36351,36351,fss,C:\공경진_26년도\수사기관 사칭형\36351_부산고검사칭하며 명의도용사건 조사.mp3,audio/phishing/train_phishing_00246.wav,83.74,106.83,23.09,"네, 이씨 통장을 노는 수고 샀다고 진술을 하는데 본인께서 강상호도 전혀 모르신단 말씀이세요? 네. 본인도 알다시피 금융글의 실명세 원칙에 따라 통장을 개설하려면 본인이 직접 신분증을 지참하고 세당 은행에 가시하지만 통장이 발급되지 않습니까? 네, 본인이 모른다고 해서 무마되는 사건은 아니고요.",PASS,,False,,수사기관 사칭형,test_phishing_00112,train
train_phishing_00247,train,phishing,1,36351,36351,fss,C:\공경진_26년도\수사기관 사칭형\36351_부산고검사칭하며 명의도용사건 조사.mp3,audio/phishing/train_phishing_00247.wav,126.99,149.51,22.52,네. 어디 경찰서예요? 경찰서가 아니고요. 부상고동검찰청입니다. 경찰서요? 네. 저는 형사홀버의 김 나영 수사관이고요. 부상검찰청이요? 네. 제가 지금 대구니까 내일 부상검찰청으로 가실게요. 내일 오신다고요?,PASS,,False,,수사기관 사칭형,test_phishing_00113,train
train_phishing_00248,train,phishing,1,36356,36356,fss,C:\공경진_26년도\수사기관 사칭형\36356_수사관사칭 금융범죄실명법 언급하며 고압적 언행.mp3,audio/phishing/train_phishing_00248.wav,64.68,85.44,20.76,법도 막 사이트를 운영하면서 대포 통장이 필요하니까 본인을 포함한 전국에 130명의 명의자들에게 통장을 구매했다고 진술을 해서 연락을 드리는 부분이고요 그리고 뭐 통화를 하다 보면 몇몇 분들은 돈을 받고 펀메트 하신 분들도 계셔서,PASS,,False,,수사기관 사칭형,validation_phishing_00104,validation
train_phishing_00249,train,phishing,1,36356,36356,fss,C:\공경진_26년도\수사기관 사칭형\36356_수사관사칭 금융범죄실명법 언급하며 고압적 언행.mp3,audio/phishing/train_phishing_00249.wav,85.44,107.17,21.73,확인차 형식성 연락을 드리는 부분입니다 그런데 본인께서는 이 통장에 대해 전혀 모른다는 말씀이시죠? 네 그럼 제가 참고로 말씀드리면요 계산 양도 행위 등을 처벌해 관한 범주의 이하면요,PASS,,False,,수사기관 사칭형,validation_phishing_00105,validation
train_phishing_00250,train,phishing,1,36356,36356,fss,C:\공경진_26년도\수사기관 사칭형\36356_수사관사칭 금융범죄실명법 언급하며 고압적 언행.mp3,audio/phishing/train_phishing_00250.wav,153.65,168.88,15.23,네 네 그럼 오시는 데 시간이 얼마나 걸리십니까요? 아 진짜 찢어지고 나서 소리가 다 찢어진대요 아들님 신호 아들님 제가 다시 걸어 줄게요 네 네 네,PASS,,False,,수사기관 사칭형,validation_phishing_00106,validation
train_phishing_00251,train,phishing,1,36359,36359,fss,C:\공경진_26년도\수사기관 사칭형\36359_서울중앙지검_본인명의의 대포통장 발견됐다며 작업.mp3,audio/phishing/train_phishing_00251.wav,0.24,23.94,23.7,"안녕하세요? 네, 네 옆에 계신데 진짜 안 들으십니까? 아, 아니에요. 저는 서울중앙지검에 강두는 수사관입니다. 세상 큰 통화가 나십니까? 네. 몇 가지 문의사항 때문에 연락을 드렸던 거고요. 선생님 혹시 김용수는 김용수라는 사람을 알고 계십니까?",PASS,,False,,수사기관 사칭형,train_phishing_00279,validation
train_phishing_00252,train,phishing,1,36359,36359,fss,C:\공경진_26년도\수사기관 사칭형\36359_서울중앙지검_본인명의의 대포통장 발견됐다며 작업.mp3,audio/phishing/train_phishing_00252.wav,23.94,44.13,20.19,아니에요. 저는 모르는 사람이고요. 다름이 아니고 저희가 5월짜로 해서 제가 김용수 1당 위의 6명의 금용범죄 사계집단을 검거를 하였는데요. 검거 현장에서 대량의 대포통장하고 측급카드를 압추를 했습니다. 그런데 어디라고 그러셨죠?,PASS,,False,,수사기관 사칭형,train_phishing_00280,validation
train_phishing_00253,train,phishing,1,36359,36359,fss,C:\공경진_26년도\수사기관 사칭형\36359_서울중앙지검_본인명의의 대포통장 발견됐다며 작업.mp3,audio/phishing/train_phishing_00253.wav,44.13,65.31,21.18,"네, 저는 서울중앙지방검찰청 금용범죄수석과의 강두는 수사관입니다. 그런데... 장보기관에서 전화 오신 게 왜 일족사 사고니예요? 아, 제가 이거 아시다시피 저희가 이 전반 내용의 사건을 시사하는 과정입니다.",PASS,,False,,수사기관 사칭형,train_phishing_00281,validation
train_phishing_00254,train,phishing,1,36364,36364,fss,C:\공경진_26년도\수사기관 사칭형\36364_서울지방경찰청 사칭_본인의사 상관없이 동결처리 됩니다.mp3,audio/phishing/train_phishing_00254.wav,51.1,73.84,22.74,"네, 아직까지 통장 개설에 대해서 아까 말씀드렸다시피 어느 부분도 특정된 게 아니라서 네. 저희도 모르는 부분은 많은 거고요. 사실관계 확인차 전화 드린 겁니다. 발견된 통장 말고 본인께서 직접 개설해서 합법적으로 사용하고 있는 은행이 무슨 은행이시죠?",PASS,,False,,수사기관 사칭형,train_phishing_00282,validation
train_phishing_00255,train,phishing,1,36364,36364,fss,C:\공경진_26년도\수사기관 사칭형\36364_서울지방경찰청 사칭_본인의사 상관없이 동결처리 됩니다.mp3,audio/phishing/train_phishing_00255.wav,117.88,142.25,24.37,왜? 그러면 너는 무슨 통장할 수 있는 걸 모르겠습니까? 순제 0.1억 대설된 통장으로 인해서 0.1억이 피해를 덜 수 있는 상황이기 때문에 저희가 피해 사실 막으려면 일단 은행명부터 말씀해 주시기 바랍니다.,PASS,,False,,수사기관 사칭형,train_phishing_00283,validation
train_phishing_00256,train,phishing,1,36364,36364,fss,C:\공경진_26년도\수사기관 사칭형\36364_서울지방경찰청 사칭_본인의사 상관없이 동결처리 됩니다.mp3,audio/phishing/train_phishing_00256.wav,185.1,209.49,24.39,그런데 말씀드리기 싫은데요. 대통령은? 말씀드리기 싫다고요. 네. 잠시만요.,PASS,,False,,수사기관 사칭형,train_phishing_00285,validation
train_phishing_00257,train,phishing,1,36364,36364,fss,C:\공경진_26년도\수사기관 사칭형\36364_서울지방경찰청 사칭_본인의사 상관없이 동결처리 됩니다.mp3,audio/phishing/train_phishing_00257.wav,209.49,230.47,20.98,"그럼 일단 메모는 가능하시니까? 네, 말씀하세요. 사건번호랑 사건명 메모해 주세요. 사건번호는 2014-07-30이고요. 2014-07-30? 07-30. 07-30.",PASS,,False,,수사기관 사칭형,train_phishing_00286,validation
train_phishing_00258,train,phishing,1,36364,36364,fss,C:\공경진_26년도\수사기관 사칭형\36364_서울지방경찰청 사칭_본인의사 상관없이 동결처리 됩니다.mp3,audio/phishing/train_phishing_00258.wav,230.47,252.95,22.48,네. 사건명은 이동부 금융사기사건입니다. 네. 제가 지금 이 사건을 담당하고 있는 팀장님 쪽으로 직접 전화연결을 해 드릴 겁니다. 네. 팀장님과 연결되시면 사건번호랑 사건명 말씀해 주시고요. 네. 본인께서 무거운 피해사라는 걸 지금처럼 얘기해 주시면 되겠습니다.,PASS,,False,,수사기관 사칭형,train_phishing_00287,validation
train_phishing_00259,train,phishing,1,36368,36368,fss,C:\공경진_26년도\수사기관 사칭형\36368_몇가지 질문하고 바로 본론으로 들어가겠습니다.mp3,audio/phishing/train_phishing_00259.wav,0.02,25.08,25.06,도영 및 불포컬의 사건이시고요. 제가 몇 가지 질문 좀 드리는 바로 본론만 말씀드릴게요. 본인 혹시 거주하는 40대의 남정 김태환이라고 아시는 분이십니까? 뭐 하면 돼요. 아 지금 저희가 김태환을 중심으로 한 명의 도영 및 불포컬의 사기단을 검거하는 과정에서 대략의 신용카드하고 대포 통제가 납수했습니다.,PASS,,False,,수사기관 사칭형,test_phishing_00119,train
train_phishing_00260,train,phishing,1,36368,36368,fss,C:\공경진_26년도\수사기관 사칭형\36368_몇가지 질문하고 바로 본론으로 들어가겠습니다.mp3,audio/phishing/train_phishing_00260.wav,131.87,152.06,20.19,본인 앞으로 26건의 고소고발 사건이 확인돼서 전화드린 거라고요. 네. 본인께서는 이 부분에 대해서 공주하지 않았다면 피해 입증을 해주셔야 됩니다. 김태환이라는 사람 전화 모르신다고 하셨으니까. 네. 그거 어떻게 입증하는데요? 그래서 지금 간단한 1차 조사를 할 건데 1차 조사는 간단한 녹취로 조사되는 부분입니다.,PASS,,False,,수사기관 사칭형,test_phishing_00121,train
train_phishing_00261,train,phishing,1,36368,36368,fss,C:\공경진_26년도\수사기관 사칭형\36368_몇가지 질문하고 바로 본론으로 들어가겠습니다.mp3,audio/phishing/train_phishing_00261.wav,291.27,311.88,20.61,네. 예. 지난 2014년 10월 13일 영등포 물례지점에서 농협 국민은행 이 두 통장을 직접 개설하신 사실이 전혀 없으십니까? 네. 일단 저희가 범죄에 사용된 럭시로 된 농협이랑 국민은행 이 두 통장을 동결 처리? 이 진행을 할 거예요. 동... 동결이요?,PASS,,False,,수사기관 사칭형,test_phishing_00124,train
train_phishing_00262,train,phishing,1,36368,36368,fss,C:\공경진_26년도\수사기관 사칭형\36368_몇가지 질문하고 바로 본론으로 들어가겠습니다.mp3,audio/phishing/train_phishing_00262.wav,333.74,354.17,20.43,"예. 실질적으로 지금 명의로 된 통장, 국민은행에서는 3,600만 원. 네. 농협에서는 870만 원. 네. 총 4,470만 원이 불법거래가 이루어졌어요. 네. 일단 이게 너무 적은 돈 아니잖아요. 네. 일단 본인께서 이렇게 많은",PASS,,False,,수사기관 사칭형,test_phishing_00126,train
train_phishing_00263,train,phishing,1,36368,36368,fss,C:\공경진_26년도\수사기관 사칭형\36368_몇가지 질문하고 바로 본론으로 들어가겠습니다.mp3,audio/phishing/train_phishing_00263.wav,482.61,502.9,20.29,"본인께서는 10만 원에서 15만 원 선이라고 말씀하셨는데 네. 거기 안에 예를 들어서 뭐 돈이 1,000만 원이되든 2,000만 원이되든 그런 생각이 들었으면 차이가 많이 나오지 않습니까? 네. 그래서 여쭤본 겁니다. 네. 우선 저희가 이거 취적을 해보고 네. 추가되는 은행권이 있으면 바로 연락을 드릴 겁니다. 네. 예.",PASS,,False,,수사기관 사칭형,test_phishing_00128,train
train_phishing_00264,train,phishing,1,36370,36370,fss,C:\공경진_26년도\수사기관 사칭형\36370_서울지방경찰청이라고요. 제가 그리로 전화할게요.mp3,audio/phishing/train_phishing_00264.wav,22.03,43.4,21.37,왜? 외모디즘 샀고요 서울 지방경찰청이라고 했죠? 네 서울 지방경찰청 서울 그러면은 지금 변화심이 저기,PASS,,False,,수사기관 사칭형,validation_phishing_00107,train
train_phishing_00265,train,phishing,1,36370,36370,fss,C:\공경진_26년도\수사기관 사칭형\36370_서울지방경찰청이라고요. 제가 그리로 전화할게요.mp3,audio/phishing/train_phishing_00265.wav,108.49,130.12,21.63,지금 10분만 아니라 약 180여 명이란 인도 됐는데 그중에 지금 일부분은 돈을 받고요 통장을 판낸 분들이 있고 또한 대부분은 명예인 도용사건으로서 피해를 보고 있는 분들이 많이 계십니다 네 무슨 말씀인지 이해해 드시죠 그러면 논혁하고,PASS,,False,,수사기관 사칭형,validation_phishing_00109,train
train_phishing_00266,train,phishing,1,36370,36370,fss,C:\공경진_26년도\수사기관 사칭형\36370_서울지방경찰청이라고요. 제가 그리로 전화할게요.mp3,audio/phishing/train_phishing_00266.wav,171.08,192.94,21.86,고소가 들어있는 이동호 씨는 사람 있는데 이 사람이 그 본인 계좌로 6천만 사기로 당했습니다 이태정 한대요 여보세요? 그러니까 이 동호란 사람이 이제 통장으로 6천만 사기로 당했습니다 이태정 이라는 사람 한대서요 그런데,PASS,,False,,수사기관 사칭형,validation_phishing_00111,train
train_phishing_00267,train,phishing,1,36370,36370,fss,C:\공경진_26년도\수사기관 사칭형\36370_서울지방경찰청이라고요. 제가 그리로 전화할게요.mp3,audio/phishing/train_phishing_00267.wav,213.06,234.63,21.57,먼저 간단하게 통화 녹취 상태로 제1차 소사를 진행하겠습니다 그리고 저희가 통화하는 내용은 전부 녹취하셔서 삭한 수사에 등급자료를 남길 것이고요 본인께서는 제 질문에 간단 명대하게 솔직한 답변만 해주시면 됩니다 아시겠습니까? 이거 내가 지금 확인을 해봐야 되겠는데,PASS,,False,,수사기관 사칭형,validation_phishing_00113,train
train_phishing_00268,train,phishing,1,36370,36370,fss,C:\공경진_26년도\수사기관 사칭형\36370_서울지방경찰청이라고요. 제가 그리로 전화할게요.mp3,audio/phishing/train_phishing_00268.wav,297.37,317.8,20.43,경찰청을 해보세요 아무튼 경찰청에 전화번호 직접 전화 드릴까요? 경찰청 전화번호 알아보고요 경찰청에 전화번호 보통 번호 보통 번호는 직접 경찰청이나 대표번호는 1일 2고 유통지방경찰청에는,PASS,,False,,수사기관 사칭형,validation_phishing_00115,train
train_phishing_00269,train,phishing,1,36374,36374,fss,C:\공경진_26년도\수사기관 사칭형\36374_당황하셔서 말더듬는거 아니세요.mp3,audio/phishing/train_phishing_00269.wav,0.94,21.82,20.88,"김지원 병사입니다. 근데 무슨 일을 전화하신 거죠? 지금 제가 여쭤봤잖아요, 선생님. 제가 전화하시는 분은 신호를 제가 보러 오는데 형제 정의를 해가지고서 제가 뭘 이렇게 있긴 합니까? 저거는 아는 사람 아닌데요.",PASS,,False,,수사기관 사칭형,test_phishing_00131,train
train_phishing_00270,train,phishing,1,36374,36374,fss,C:\공경진_26년도\수사기관 사칭형\36374_당황하셔서 말더듬는거 아니세요.mp3,audio/phishing/train_phishing_00270.wav,147.83,167.83,20.0,"무슨 그런 걸 하지도 않기 때문에 여기가 이렇게 많고. 뭐 실려다가 당황하셔가지고 말 더듬는 거 아니세요? 아, 이거 진짜 이 사람 심리적으로 이용하려고 그러네. 이거 보세요. 제가 생각하고 말할 때 여기 말을 똑바로 할 때 나올 때면 더듬고가 있는데 그런 거 가지고 이렇게 아니라 그 당신이 용꽃을 말하면 될 거 아니야. 네? 무슨 통장을 가지고 있는지... 그런 거 아니라...",PASS,,False,,수사기관 사칭형,test_phishing_00132,train
train_phishing_00271,train,phishing,1,36374,36374,fss,C:\공경진_26년도\수사기관 사칭형\36374_당황하셔서 말더듬는거 아니세요.mp3,audio/phishing/train_phishing_00271.wav,167.83,187.94,20.11,"이거 보세요. 통장을 내가 가지고 있는데 통장을 가지고 있는 게... 통장을 가지고 있는 게 아니고요. 이상하네요. 이거 보세요. 그럼 내가 가면... 똑바로 좀 하세요, 지금. 이 사람이 어디서 팔으려고 그러는 거야? 당신이 어디서 맞아? 아니, 말을 똑바로 좀 하시라고요.",PASS,,False,,수사기관 사칭형,test_phishing_00133,train
train_phishing_00272,train,phishing,1,36374,36374,fss,C:\공경진_26년도\수사기관 사칭형\36374_당황하셔서 말더듬는거 아니세요.mp3,audio/phishing/train_phishing_00272.wav,187.94,208.04,20.1,"지금 또 하고 있으니까 소리하면 당신도 녹음을 한 거 가지고서 그러지, 청구할 테니까. 아, 녹음하시던지 말던지 상관없습니다. 저희 쪽에 떳을 테니까 녹음하시라고요. 당신이 당신들한테 더듬고가 되면 어떻게 제가 하는 거예요? 제가... 네? 이 웃긴 사람이네? 그러니까.",PASS,,False,,수사기관 사칭형,test_phishing_00134,train
train_phishing_00273,train,phishing,1,36376,36376,fss,C:\공경진_26년도\수사기관 사칭형\36376_기억이 안나신다는 말씀이시죠.mp3,audio/phishing/train_phishing_00273.wav,0.08,20.48,20.4,"네, 기억이 안 나신다 말씀이시죠? 네, 36살의 김인철. 네, 저는. 맞습니다. 네, 저는 잘 모르는 사람인 것 같아요. 네, 그러시고요. 이 사람은 드론선을 운영하면서도 실적으로는 불법 도박 사이트 운영한 혐의로 검거가 되어 있는 상태입니다.",PASS,,False,,수사기관 사칭형,test_phishing_00135,validation
train_phishing_00274,train,phishing,1,36376,36376,fss,C:\공경진_26년도\수사기관 사칭형\36376_기억이 안나신다는 말씀이시죠.mp3,audio/phishing/train_phishing_00274.wav,20.48,41.37,20.89,네. 그런데 저랑 무슨 상관 있나요? 김인철 씨에게 연락되는 이유가 김인철이라는 사람을 검거하는 과정에서 최후의 씨의 명의로 개설되어있던 농역과 국민의통장을 불법 명대로 사용되고 있던 걸 저희가 압수수색하고서 국민에게 연락을 드렸습니다. 그래요? 네.,PASS,,False,,수사기관 사칭형,test_phishing_00136,validation
train_phishing_00275,train,phishing,1,36376,36376,fss,C:\공경진_26년도\수사기관 사칭형\36376_기억이 안나신다는 말씀이시죠.mp3,audio/phishing/train_phishing_00275.wav,62.82,85.48,22.66,뇌포 통장으로 판매하시거나 양도한 사실이 있으신 건지 아니요 그런 건 없는데요 그게 만약에 아니시면 본인의 개인정보가 유출되시면서 롱의 도용이라고 들어보셨죠? 네? 롱의 도용이라고 아 네 롱의 도용이요? 네 나쁜 데 쓰는 거죠 대포에서 핸드폰으로 하자든지 통장을 들어보셨죠,PASS,,False,,수사기관 사칭형,test_phishing_00138,validation
train_phishing_00276,train,phishing,1,36376,36376,fss,C:\공경진_26년도\수사기관 사칭형\36376_기억이 안나신다는 말씀이시죠.mp3,audio/phishing/train_phishing_00276.wav,85.48,106.19,20.71,그 전에 매일이 핵팀 당하기는 했죠 네? 저희 매일이 핵팀 당하는 게 있었거든요 아 그래서 저런 부분 때문에 제가 연락을 드린 건데 제일 중요한 것은 은행권에 대서도 지금 뇌정보 유출되셨기 때문에 파단을 할 수밖에 없기 때문에 연락드린 거고요,PASS,,False,,수사기관 사칭형,test_phishing_00139,validation
train_phishing_00277,train,phishing,1,36376,36376,fss,C:\공경진_26년도\수사기관 사칭형\36376_기억이 안나신다는 말씀이시죠.mp3,audio/phishing/train_phishing_00277.wav,106.19,125.44,19.25,본인께서 혹시 김희철과 연관이 개수신지 또한 아니면 명의도용을 당한 피해자 분이신지 그 부분 주사자 연락을 드린 겁니다 네 저는 무슨 사람이고요 저는 그렇게 도용 당하고 있는지 모르겠는데 그때 핵팀 당한 미리,PASS,,False,,수사기관 사칭형,test_phishing_00140,validation
train_phishing_00278,train,phishing,1,36379,36379,fss,C:\공경진_26년도\수사기관 사칭형\36379_돈을 일단 검찰쪽에 보내세요.mp3,audio/phishing/train_phishing_00278.wav,0.0,23.0,23.0,그리고 그렇게 본인이 척지 안하고 이렇게 보시는 거든요 아무래도 금감원 측에서 그냥 보는 거는 본인이 고속사 관련 중에서 보는 거지 그것도 불안사건수에 다 포함되어 있을 거예요 그렇게 확인하는 것도 아니 그러니까 제가 오늘 왜 대출이나 한국사실에서 돈을 부출하지만 그게 확인이 되냐고,PASS,,False,,수사기관 사칭형,train_phishing_00294,train
train_phishing_00279,train,phishing,1,36379,36379,fss,C:\공경진_26년도\수사기관 사칭형\36379_돈을 일단 검찰쪽에 보내세요.mp3,audio/phishing/train_phishing_00279.wav,207.77,229.54,21.77,아니 조사를 해봐요 잠깐 저희 아버지 오셨거든요 근데 제 아버지한테 말씀 드렸어요 잠깐 바꿔드릴게요 아버님을 다 말씀해주세요 네 여보세요 네 말해보세요 여비심입니다 아버지 영등포에서 조일건조사관이에요,PASS,,False,,수사기관 사칭형,train_phishing_00299,train
train_phishing_00280,train,phishing,1,36379,36379,fss,C:\공경진_26년도\수사기관 사칭형\36379_돈을 일단 검찰쪽에 보내세요.mp3,audio/phishing/train_phishing_00280.wav,293.36,314.13,20.77,제가 지금 말씀을 드리고 있는 거예요 아버님 예예 이해하셨어요? 아 그니까 뭐 때문에 대포통장이 어떻게 그니까 여기 보시면요 여기 사건 정의자로 보면 2012년도부터 2013년도까지 아버님 혹시 경남은행 대포통장 그 XX라고 들어본 적 있으세요?,PASS,,False,,수사기관 사칭형,train_phishing_00302,train
train_phishing_00281,train,phishing,1,36379,36379,fss,C:\공경진_26년도\수사기관 사칭형\36379_돈을 일단 검찰쪽에 보내세요.mp3,audio/phishing/train_phishing_00281.wav,436.49,456.65,20.16,263번 다 빠져만 하고요 한번 해봐 아버님 경찰관이세요? 네 아 나이 연진이 어딨는지 아직까지 경찰관이세요 말도 안 되는 소리야 어머니 또 아버님 아버님 아버님 경찰 한번 사팀하시는 거예요? 그러니까 내가 사팀하나지 아버님 아버님 사팀하시면,PASS,,False,,수사기관 사칭형,train_phishing_00307,train
train_phishing_00282,train,phishing,1,36379,36379,fss,C:\공경진_26년도\수사기관 사칭형\36379_돈을 일단 검찰쪽에 보내세요.mp3,audio/phishing/train_phishing_00282.wav,574.34,597.812,23.472,오마갖냐,PASS,,False,,수사기관 사칭형,train_phishing_00311,train
train_phishing_00283,train,phishing,1,36383,36383,fss,C:\공경진_26년도\수사기관 사칭형\36383_경제범죄수사과 송두영수사관이라고 하는데요.mp3,audio/phishing/train_phishing_00283.wav,20.62,41.49,20.87,경제 범죄수사과. 범죄수사과. 예. 송수형이라고 합니다. 송수형. 예. 경사님. 예. 네. 그 다름이 아니고요. 네. 조금 본 수사한테 몇 가지만. 네. 오케이. 사과 연락이 되는 건데. 혹시. 네. 그 나이는 72년생인데.,PASS,,False,,수사기관 사칭형,train_phishing_00312,validation
train_phishing_00284,train,phishing,1,36383,36383,fss,C:\공경진_26년도\수사기관 사칭형\36383_경제범죄수사과 송두영수사관이라고 하는데요.mp3,audio/phishing/train_phishing_00284.wav,41.49,61.7,20.21,이름은. 여성분이고요. 네. 그럼 출신은 이제. 출신은. 출신은. 네. 근데 본인은 좀 안 싫어하겠지. 모르는 사람인데요. 뭐. 이름도 들어보신 건 없으십니까? 그렇죠. 네. 네. 네. 그렇죠. 그 다름이 아니고.,PASS,,False,,수사기관 사칭형,train_phishing_00313,validation
train_phishing_00285,train,phishing,1,36383,36383,fss,C:\공경진_26년도\수사기관 사칭형\36383_경제범죄수사과 송두영수사관이라고 하는데요.mp3,audio/phishing/train_phishing_00285.wav,61.7,81.86,20.16,제가 왜. 출신을 하냐고 여쭤봤냐면요. 네. 저희 수사팀에서. 저희가 올해. 네. 5월 29일 경회요. 저희가 서울시. 관악구 일대에서. 금용불법이 있을지. 이제. 이제. 이제. 이제. 이제. 이제. 이제. 이제. 이제. 이제.,PASS,,False,,수사기관 사칭형,train_phishing_00314,validation
train_phishing_00286,train,phishing,1,36383,36383,fss,C:\공경진_26년도\수사기관 사칭형\36383_경제범죄수사과 송두영수사관이라고 하는데요.mp3,audio/phishing/train_phishing_00286.wav,81.86,102.23,20.37,이제. 이제. 이제. 이제. 이제. 이제. 이제. 이제. 이제. 이제. 이제. 이제. 이제. 이제. 이제. 이제. 이제. 이제. 이제.,PASS,,False,,수사기관 사칭형,train_phishing_00315,validation
train_phishing_00287,train,phishing,1,36383,36383,fss,C:\공경진_26년도\수사기관 사칭형\36383_경제범죄수사과 송두영수사관이라고 하는데요.mp3,audio/phishing/train_phishing_00287.wav,102.23,116.793,14.563,이제. 이제. 이제. 이제. 이제. 이제. 이제. 이제. 이제. 이제. 이제.,PASS,,False,,수사기관 사칭형,train_phishing_00316,validation
train_phishing_00288,train,phishing,1,36389,36389,fss,C:\공경진_26년도\수사기관 사칭형\36389_생년월일이 OOOO년 OO월O일 맞으시죠.mp3,audio/phishing/train_phishing_00288.wav,6.96,31.32,24.36,"예, 예, 그렇습니다. 사선국 말씀해 주십시오.",PASS,,False,,수사기관 사칭형,test_phishing_00141,validation
train_phishing_00289,train,phishing,1,36389,36389,fss,C:\공경진_26년도\수사기관 사칭형\36389_생년월일이 OOOO년 OO월O일 맞으시죠.mp3,audio/phishing/train_phishing_00289.wav,156.4,176.27,19.87,"예, 네. 아까 서울중앙지검이라고 그러셨죠. 서울중앙지검 주사관님이요. 제가 한번 확인을 해보고... 그러십시오. 제가 우주의 대퇴번호 가릴게요.",PASS,,False,,수사기관 사칭형,test_phishing_00142,validation
train_phishing_00290,train,phishing,1,36390,36390,fss,C:\공경진_26년도\수사기관 사칭형\36390_저희가 은행권 통해 조사해 봤는데요.mp3,audio/phishing/train_phishing_00290.wav,23.01,45.8,22.79,통장이 문제를 전해서 약 5일 동안이나 자용돼서 이미 6천만에 되는 불꽃 당면이 됐다는 상태예요. 그러면 제가 어떻게 해야 되죠? 그럼 일단 본인이 가람전지 아니면 정보유출러 인한 피해자인지 판단하기 위해서,PASS,,False,,수사기관 사칭형,train_phishing_00317,train
train_phishing_00291,train,phishing,1,36390,36390,fss,C:\공경진_26년도\수사기관 사칭형\36390_저희가 은행권 통해 조사해 봤는데요.mp3,audio/phishing/train_phishing_00291.wav,303.25,323.66,20.41,"전화에게 받았습니다. 정볼과경의 배입원입니다. 무엇을 도와드릴까요? 뭐, 동작 뭐, 뭐, 뭐, 뽀뽀뽀를 대답하는데 무슨 말이에요? 사건 번호 받으신 거 있으신가요? 2,015 안권 받은데요?",PASS,,False,,수사기관 사칭형,train_phishing_00324,train
train_phishing_00292,train,phishing,1,36390,36390,fss,C:\공경진_26년도\수사기관 사칭형\36390_저희가 은행권 통해 조사해 봤는데요.mp3,audio/phishing/train_phishing_00292.wav,413.74,438.56,24.82,네. 네. 그리고 지금부터 본인에 대한 계좌 추적 연람이 들어가실 건데 투사 절차사항 본인에 대한 금융권 추적 및 연람을 해서 부당 이득금이나 불법 자금 유입이 있었는지 수호는 피해자들과 금정 관계가 있었으면 얼마나 있었는지 확인을 할 거고요. 네. 그에 따라서 본인의 전 금융권을 금일부로 이 금융권에 이용 정지가 되실 거고요.,PASS,,False,,수사기관 사칭형,train_phishing_00329,train
train_phishing_00293,train,phishing,1,36390,36390,fss,C:\공경진_26년도\수사기관 사칭형\36390_저희가 은행권 통해 조사해 봤는데요.mp3,audio/phishing/train_phishing_00293.wav,673.4,698.69,25.29,"말씀 왔어요. 듣고 있으니까요. 그러니까 지금 인터넷이 가능하도록 조시 좀 취해 주세요, 지금. 지금 조시 실이 있는데 인터넷 안 되지야. 사무실 들어와야 되죠. 스마트폰 이용하시죠. 네. 스마트폰 이용하시면 곰버튼 불러주시고 스마트폰 모바일로도 확인이 가능하니까 인터넷 창 하나 켜주시고 말씀해주세요.",PASS,,False,,수사기관 사칭형,train_phishing_00335,train
train_phishing_00294,train,phishing,1,36390,36390,fss,C:\공경진_26년도\수사기관 사칭형\36390_저희가 은행권 통해 조사해 봤는데요.mp3,audio/phishing/train_phishing_00294.wav,785.26,798.02,12.76,"네, 그렇게 하세요, 그러면. 정식으로 요청하세요. 그러시면 지금 녹취하시는 거 이제 불응하시는 걸로 확인하고 이제 소환창 밟아야될게요. 아, 예. 저도 지금 녹취하고 있으니까요.",PASS,,False,,수사기관 사칭형,train_phishing_00340,train
train_phishing_00295,train,phishing,1,36391,36391,fss,C:\공경진_26년도\수사기관 사칭형\36391_명의도용 및 양도혐의로 몇가지 확인차 연락드렸습니다.mp3,audio/phishing/train_phishing_00295.wav,0.05,22.71,22.66,"다른 면이 아니라 명의도용 및 계좌 양도 혐의로 몇 가지 확인 찰락을 드렸습니다. 네. 역시 본인께서 Q&A 씨 알고 계십니까? 아니요. Q&A 출신서 Q&A 남성인데 전혀 모르십니까? 네. Q&A 저희 소사팀이 이번에 Q&A로 인한 금융범죄 사기단을 검건했는데 Q&A 이제 범죄 현장에서 Q&A 씨문의로 된 농혜부님,",PASS,,False,,수사기관 사칭형,test_phishing_00143,train
train_phishing_00296,train,phishing,1,36392,36392,fss,C:\공경진_26년도\수사기관 사칭형\36392_본인명의가 도용이 되어서 대포통장이 발급이 되었다.mp3,audio/phishing/train_phishing_00296.wav,24.01,48.01,24.0,"혹시 본인께서는 김여러라고 알고 계시는 분인가요? 김여러라고요? 왜냐하면 저희가 이번에 김여러로이나 금융범죄 사기단을 검거를 했습니다. 그 과정에서 대장의 신용카드, 보안카드 그리고 대포통장을 저희가 압수를 했는데요. 압사는 그 과정에서 아까 말씀드렸던 명의로 된 하나은행 통장하고 농협은행 통장, 이 두 가지 통장이 지금 발견이 됐습니다.",PASS,,False,,수사기관 사칭형,test_phishing_00144,train
train_phishing_00297,train,phishing,1,36392,36392,fss,C:\공경진_26년도\수사기관 사칭형\36392_본인명의가 도용이 되어서 대포통장이 발급이 되었다.mp3,audio/phishing/train_phishing_00297.wav,130.55,158.87,28.32,그 외 분들은 지금 XX처럼 전혀 모르는 사람. 그러니까 내 통장이 어떻게 어떤 식으로 개설에 대해서 어떻게 사용이 된지 전혀 모르고 계신 분들이 계세요. 그런 분들을 저희가 지금 분별하고 있고 거기에서 안이신 분 같은 경우는 피해자 입증을 받으시라고 지금 유선사항을 전화하려고 드리고 있는 겁니다. 지금 본인 명의로 만들어진 그 통장 아까 말씀드렸던 하나은행과 농역은행 통장으로 인해서 약 3억 원 정도의 금액이 왔다 갔다 했습니다.,PASS,,False,,수사기관 사칭형,test_phishing_00146,train
train_phishing_00298,train,phishing,1,36392,36392,fss,C:\공경진_26년도\수사기관 사칭형\36392_본인명의가 도용이 되어서 대포통장이 발급이 되었다.mp3,audio/phishing/train_phishing_00298.wav,234.36,254.36,20.0,"네. 네, 제가 이렇게 본인 앞으로 연락드린 이유는 아까 앞전에도 말씀드렸다시피 지금 하나은행하고 농역은행, 이 두 통전 개설을 하셔서 김현우 일당에게 금전적인 대가성을 받고 판매를 하신 건지 아니면 개인 정보가 유출이 돼서 명의도용을 당하신 건지 피해자인지 그 부분을 확인하고자 제가 지금 연락을 드린 부분이신 거고요.",PASS,,False,,수사기관 사칭형,test_phishing_00148,train
train_phishing_00299,train,phishing,1,36392,36392,fss,C:\공경진_26년도\수사기관 사칭형\36392_본인명의가 도용이 되어서 대포통장이 발급이 되었다.mp3,audio/phishing/train_phishing_00299.wav,276.46,297.46,21.0,그러니까 제2차적으로 불법 통장이 발견될 소지가 있으시고요. 피해자 입증을 받으셔야지만 이 씨께서는 전혀 처벌을 받지 않으시고요. 피해자 입증을 만약에 못 받으실 경우는 다음 주에 재판이 있는데 변호사 선임하셔서 변호사 선임에서 직접 나오셔야 됩니다. 그 부분은 그런 불이익을 안 당하기 위해서는 피해자 입증 꼭 받으셔야 되시고요.,PASS,,False,,수사기관 사칭형,test_phishing_00150,train
train_phishing_00300,train,phishing,1,36392,36392,fss,C:\공경진_26년도\수사기관 사칭형\36392_본인명의가 도용이 되어서 대포통장이 발급이 되었다.mp3,audio/phishing/train_phishing_00300.wav,338.46,359.84,21.38,저희가 동결 처리를 시키도록 하겠습니다. 괜찮으시죠? 그러시면 알겠습니다. 전화를 끊으시는 게 아니고요. 끝까지 들으시고 나서 거기에서 조금 있다가 끊으셔도 되니까요. 일단 끝까지 좀 들어봐 주시기 부탁드리겠습니다. 그 위쪽으로도... 그러시면 저희가 소환장을 발구해 드릴 테니까요.,PASS,,False,,수사기관 사칭형,test_phishing_00152,train
train_phishing_00301,train,phishing,1,36394,36394,fss,C:\공경진_26년도\수사기관 사칭형\36394_42세남성 이동수와은 어떤관계죠.mp3,audio/phishing/train_phishing_00301.wav,22.05,42.21,20.16,네 왜냐면 제가 말씀을 드릴게요 들어보세요 네 저희 수사팀에서 지난주 금요일에 이동호를 주범으로 된 금융사기단 일곱만의 권고가 있습니다 네네 이들을 권고한 현장에서 대정이 될 보통적 카드를 압수했는데 그 중에서 지금 이 동호 씨 명의로 대해 국민의능 농혁 계좌가 포함되어 있어서 그 사실려고 확인처에 가뜨린 거고요,PASS,,False,,수사기관 사칭형,validation_phishing_00128,train
train_phishing_00302,train,phishing,1,36394,36394,fss,C:\공경진_26년도\수사기관 사칭형\36394_42세남성 이동수와은 어떤관계죠.mp3,audio/phishing/train_phishing_00302.wav,207.84,229.44,21.6,지금은 2733 이동훈 명의동 사건에 관한 1대1 전화 녹취도사 과정입니다 저는 서울지방경찰청 진흥범죄 수사팀 일요상 담당 수사관입니다 본인은 이씨가 맞습니까 네 네 맞다고 하셨고요 이 동호 씨를 아십니까 몰라요 모른다고 하셨고요 지난 2015년 3월 2일 오후 2시 30분경에,PASS,,False,,수사기관 사칭형,validation_phishing_00130,train
train_phishing_00303,train,phishing,1,36394,36394,fss,C:\공경진_26년도\수사기관 사칭형\36394_42세남성 이동수와은 어떤관계죠.mp3,audio/phishing/train_phishing_00303.wav,292.4,313.36,20.96,거래내역이요? 뭐 카드 쓰면요? 네 네 문자로 통보 받으시고 지금까지 진술한 내용이 전부 거짓이 없는 사실입니까 네 제가 다시 한번 말씀드리면 이번 사건은 규모가 큰 사건으로서 수십 명의 피해자가 수십억 대는 상당의 금전적인 피해를 입은 확인됐습니다,PASS,,False,,수사기관 사칭형,validation_phishing_00132,train
train_phishing_00304,train,phishing,1,36394,36394,fss,C:\공경진_26년도\수사기관 사칭형\36394_42세남성 이동수와은 어떤관계죠.mp3,audio/phishing/train_phishing_00304.wav,333.5,355.22,21.72,피해자가 맞다면 현재 본인의 개인 정보가 유취를 되어서 대포 동작까지 나온 걸 봐서는 차 후에 범죄라들이 지금 또 다른 은행에서 다른 계좌를 개설해서 불법거래를 있을 수 있습니다 네 지금 제일 시급한 둘차는 계좌 추적 조회를 통해 범죄라들과 국무 사실이 없는 무거운 피해자를 증명하고,PASS,,False,,수사기관 사칭형,validation_phishing_00133,train
train_phishing_00305,train,phishing,1,36394,36394,fss,C:\공경진_26년도\수사기관 사칭형\36394_42세남성 이동수와은 어떤관계죠.mp3,audio/phishing/train_phishing_00305.wav,437.97,460.5,22.53,지금 저희가 예금자 보호법 신청해 드릴 건데 예금자 보호법 같은 경우는 500만 원 미만 원 신청이 안 되시고요 네 500만 원 이상이에요 500만 원 이상은 신청이 되시는 지금 유동자금은 지금 부동자 씨가 인출 가능하신 금액 있잖아요 잠시만요,PASS,,False,,수사기관 사칭형,validation_phishing_00135,train
train_phishing_00306,train,phishing,1,36397,36397,fss,C:\공경진_26년도\수사기관 사칭형\36397_대본을 읽는 어설픈 그놈.mp3,audio/phishing/train_phishing_00306.wav,0.05,22.04,21.99,몇 가지만 여쭤보겠습니다. 지금 통화 가능하세요? 네. 저희가 6월 23일에 아까 말씀드린 김철민과 그 공범을 근거하였습니다. 김철민을 근거하는 도중 현장에서 대량의 대표 통장과 위조된 신문점을 발견하여 압수수색을 하였는데,PASS,,False,,수사기관 사칭형,train_phishing_00341,test
train_phishing_00307,train,phishing,1,36397,36397,fss,C:\공경진_26년도\수사기관 사칭형\36397_대본을 읽는 어설픈 그놈.mp3,audio/phishing/train_phishing_00307.wav,42.94,64.63,21.69,모르죠. 전혀 아시는 분이 가시는 게 없다는 말씀이시죠? 네. 김철민이가 통장을 약 한 달 정도 불법 통장으로 사용하면서 이 두 개 통장을 상당한 불법 자금들을 세탁시켰습니다. 네. 이러한 사건에 대해서 전혀 아시는 점이 없으신 거 맞으십니까?,PASS,,False,,수사기관 사칭형,train_phishing_00342,test
train_phishing_00308,train,phishing,1,36398,36398,fss,C:\공경진_26년도\수사기관 사칭형\36398_금융사기사건 피의자입니다.mp3,audio/phishing/train_phishing_00308.wav,0.37,23.38,23.01,"제가 말씀하시나요? 네, 이제 베리나프도 맥값이 화해한 상황이 있어서 연락드렸습니다. 통화 많이 하시지요? 아니, 뭐 선물로 보네요. 아, 알겠습니다. 알겠습니다. 베리나프다와 고문선물로 보내고요. 무슨 권리냐고요? 무슨 권리냐고요? 네? 무슨 권리냐고요? 네, 김인수의 금융 사기 사건입니다.",PASS,,False,,수사기관 사칭형,validation_phishing_00136,validation
train_phishing_00309,train,phishing,1,36398,36398,fss,C:\공경진_26년도\수사기관 사칭형\36398_금융사기사건 피의자입니다.mp3,audio/phishing/train_phishing_00309.wav,23.38,47.22,23.84,"네? 김인수의 금융 사기 사건이라고요. 김인수? 네, 금융 사기 사건. 금융 사기 몇 권냐? 네, 네. 그런데 제가 뭡니까? 피의자입니까? 네, 그렇죠. 저희가 제한 3월 김인수의 금융 사기 사건 현장에서 금융 사기 사건이 되어있는 위자도 되어있는 김인수의 금융 사기 사건과",PASS,,False,,수사기관 사칭형,validation_phishing_00137,validation
train_phishing_00310,train,phishing,1,36398,36398,fss,C:\공경진_26년도\수사기관 사칭형\36398_금융사기사건 피의자입니다.mp3,audio/phishing/train_phishing_00310.wav,70.22,90.26,20.04,"네, 네. 금융 본적 조사팀의 조사관 김인수입니다. 아니, 여기서 큰 정계일을 나눠서 일을 수가 없으면 안 될 것 같아요. 보이소티 씨 때문에 정원니까 일단 정원로 해서 보내주시면 제가 저거요. 소개를 하든지 뭐 할게요. 저는 김인수... 김인수는, 김인수는 저. 인트로 도착 가능하십니까? 인트로 도착 가능하십니까?",PASS,,False,,수사기관 사칭형,validation_phishing_00139,validation
train_phishing_00311,train,phishing,1,36398,36398,fss,C:\공경진_26년도\수사기관 사칭형\36398_금융사기사건 피의자입니다.mp3,audio/phishing/train_phishing_00311.wav,90.26,111.14,20.88,"인트로 도착 가능하십니까? 인트로 도착 가능하십니까? 네, 네. 네, 전선 홈페이지지 않습니까? 네. 네, 홈페이지 도착하셨어요. 네, 자권 신고하러 가시면 변나플은 내 검은소리가 내 바숨이 될 겁니다. 제가 먼저 하라고요? 네, 네. 혼자 하시면 됩니다. 아니, 제 이름으로 해서 진혼도 아실 것 아닙니까? 네?",PASS,,False,,수사기관 사칭형,validation_phishing_00140,validation
train_phishing_00312,train,phishing,1,36398,36398,fss,C:\공경진_26년도\수사기관 사칭형\36398_금융사기사건 피의자입니다.mp3,audio/phishing/train_phishing_00312.wav,111.14,132.2,21.06,"진혼도 아실 것 아닙니까? 네, 네. 그럼 그거는 자권을 정원으로 해서 보내주시면 제가 다가서 정원에 수업됨을 하겠다니까. 아, 네. 알겠습니다. 예, 그렇게 해주세요. 제가 인터넷을 왜 그렇게 할 수 없습니까? 아, 예. 제가 군내에 들어가서 죽는 여쭈는 여전히 뽑고요. 통장을 이제 뽑습니다. 아, 그렇습니까?",PASS,,False,,수사기관 사칭형,validation_phishing_00141,validation
train_phishing_00313,train,phishing,1,36401,36401,fss,C:\공경진_26년도\수사기관 사칭형\36401_최근에 지인분께 은행카드 양도하신적.mp3,audio/phishing/train_phishing_00313.wav,50.45,60.82,10.37,"아, 잘 들리고, 이거 뭐라고요? 여보세요? 예. 지금 밖에 나와있어, 뭐. 예, 예. 어떤 것 같애? 전화 봐주실 수 없나요?",PASS,,False,,수사기관 사칭형,validation_phishing_00142,validation
train_phishing_00314,train,phishing,1,36401,36401,fss,C:\공경진_26년도\수사기관 사칭형\36401_최근에 지인분께 은행카드 양도하신적.mp3,audio/phishing/train_phishing_00314.wav,109.61,129.76,20.15,"네. 그러면 지난해 기억하실지 모르겠지만 지난해 SK 쪽 개인 신상정보가 입술 되었을 때 개발처럼 통보 받으신 건 없으시고요? 예, 뭐 제가 SK 목표 기원수사하고는 목소리가 없는데 지금 사용하시는 통신자가 어디 통신사죠?",PASS,,False,,수사기관 사칭형,validation_phishing_00143,validation
train_phishing_00315,train,phishing,1,36401,36401,fss,C:\공경진_26년도\수사기관 사칭형\36401_최근에 지인분께 은행카드 양도하신적.mp3,audio/phishing/train_phishing_00315.wav,197.11,217.56,20.45,"예. 안 만들지? 예. 또 혹시 최근에 뭐 불법 설탑 사이트나 뭐 셔트몬 사이트를 가업을 하셔가지고 물건을 사시거나 뭐 설탑을 하신 적 있으세요? 아니요. 보통은 막 고래아버지 다 합법적인 것만 고려하는데? 대충 신청은 하신 적 없으시고요. 뭐 캐피털 쇼옥이나 대출업 표적이에요. 예, 예.",PASS,,False,,수사기관 사칭형,validation_phishing_00145,validation
train_phishing_00316,train,phishing,1,36401,36401,fss,C:\공경진_26년도\수사기관 사칭형\36401_최근에 지인분께 은행카드 양도하신적.mp3,audio/phishing/train_phishing_00316.wav,287.29,309.5,22.21,"그 농역통장이신가요? 뭐, 다주 거래, 다주 거래는 하시는 통장이신가요? 그렇죠, 왜냐면은 VR이거든요. 그럼 이거는 아닌가구요. 이거는 판매를 해봤는데 농역통장은 지난해, 2010년에 5월 12일 마포지역 개설을 하신 거구요. 아, 마포, 내 마포을 자주 가니까, 거기를.",PASS,,False,,수사기관 사칭형,validation_phishing_00146,validation
train_phishing_00317,train,phishing,1,36401,36401,fss,C:\공경진_26년도\수사기관 사칭형\36401_최근에 지인분께 은행카드 양도하신적.mp3,audio/phishing/train_phishing_00317.wav,309.5,331.72,22.22,"그러시면 저희가 조사를 하다 보니까 생화장, 오더문장, 통장 하나당 8, 9십만 원 정도 받고 판매를 하시는 분들도 계시더라고요. 아, 글쎄요. 제가 거의 한 10박 좀 넘게 있으니까 거기서 되겠다. 네? 10박이 좀 넘게 있다 보니까, 농장에.",PASS,,False,,수사기관 사칭형,validation_phishing_00147,validation
train_phishing_00318,train,phishing,1,36402,36402,fss,C:\공경진_26년도\수사기관 사칭형\36402_소환장 보내드릴게요.mp3,audio/phishing/train_phishing_00318.wav,0.69,21.39,20.7,여보세요? 여보세요? 여보세요? 네 다생기 아니구요 혹시 뭐 38살 남성인데 영민이라는 사람 혹시 알고 계시나요? 모르는데요 아 이름 못 들어보셨어요? 네 저희들이 이 사람을 여쭤본 이유는요 네 이 사람을 지금 6월 17일날 도법도 막 고민 사이 관련해 좀 한 사람이에요,PASS,,False,,수사기관 사칭형,validation_phishing_00148,validation
train_phishing_00319,train,phishing,1,36402,36402,fss,C:\공경진_26년도\수사기관 사칭형\36402_소환장 보내드릴게요.mp3,audio/phishing/train_phishing_00319.wav,21.39,43.0,21.61,네 네 근데 광고한 현장에서 명의로 된 농역통장 신화하는 통장이 좀 발견이 됐어요 저 농역통장 없는데요 본인께서 지금 만드신 통장으로 일단 추정되지는 않구요 저희들이 통장들에 해당 은행처와 대소를 해봤거든요 네 근데 통장 개설일이 2015년 6월 8일 월요일날 개설이 된 통장이에요 네 그리고 통장 개설은 서울시,PASS,,False,,수사기관 사칭형,validation_phishing_00149,validation
train_phishing_00320,train,phishing,1,36403,36403,fss,C:\공경진_26년도\수사기관 사칭형\36403_귀가 어두우세요.mp3,audio/phishing/train_phishing_00320.wav,109.72,130.71,20.99,"아니요. 그러면 본인이든 아니든 내 거니까 알려주세요. 처음부터 부산인행 어디, 어디. 이 대포 통장이 본인 거라고요? 네. 그러니까 말씀을 해주세요. 제가 확인을 해주니까 처음부터 얘기해주세요. 네. 알겠습니다. 계사번호 알려주세요. 7... 네. 732의...",PASS,,False,,수사기관 사칭형,validation_phishing_00150,train
train_phishing_00321,train,phishing,1,36403,36403,fss,C:\공경진_26년도\수사기관 사칭형\36403_귀가 어두우세요.mp3,audio/phishing/train_phishing_00321.wav,130.71,152.49,21.78,732. 네. 5107. 5107. 네. 7661. 7661. 577입니다. 577. 1. 1. 1. 1. 1. 1. 1. 1. 1.,PASS,,False,,수사기관 사칭형,validation_phishing_00151,train
train_phishing_00322,train,phishing,1,36403,36403,fss,C:\공경진_26년도\수사기관 사칭형\36403_귀가 어두우세요.mp3,audio/phishing/train_phishing_00322.wav,172.74,195.3,22.56,1. 1. 1. 1. 1. 1. 1. 1. 1. 두 시전으로 저희 검찰에 오셔서 조사로 받으셔야겠고요. 만약에 본인께서 피해사 신문에 입증이 안 되신다면 뭔가 이제 구속 수사가 있을 겁니다. 아 나 나한테 잡어간다고요?,PASS,,False,,수사기관 사칭형,validation_phishing_00152,train
train_phishing_00323,train,phishing,1,36403,36403,fss,C:\공경진_26년도\수사기관 사칭형\36403_귀가 어두우세요.mp3,audio/phishing/train_phishing_00323.wav,195.3,215.42,20.12,나한테 잡어간다고요? 구속을 하면 그만 지금 전화하시고요. 조사로 받으시고 왜 말기를 모아드리십니까? 아니 말을 똑바로 하셔야겠지. 내가 말기를 알아듣던가 말 든가 하시고요. 고통을 이렇게 말하시고요. 여보세요. 여보세요. 그럼 전화권 알려주세요. 지금 전화하시는 분.,PASS,,False,,수사기관 사칭형,validation_phishing_00153,train
train_phishing_00324,train,phishing,1,36403,36403,fss,C:\공경진_26년도\수사기관 사칭형\36403_귀가 어두우세요.mp3,audio/phishing/train_phishing_00324.wav,236.35,247.83,11.48,알았어요. 끊어요. 그럼 한 마디만 하면 몇 번 해요 지금? 끊으라고요. 내가 이런 경우가 처음이니까 진질이 나니까 놓치요. 끊어요. 왜 해서 선수를 쓰는 겁니까?,PASS,,False,,수사기관 사칭형,validation_phishing_00154,train
train_phishing_00325,train,phishing,1,36404,36404,fss,C:\공경진_26년도\수사기관 사칭형\36404_이사람이 전직은행직원인데 사기일당에 가담.mp3,audio/phishing/train_phishing_00325.wav,0.88,21.38,20.5,"저는 전혀 그런 걸 모르고 있는 상태인데요. 혹시 그러시면 최근에 지갑이나 신분증, 여권 같은 걸 혹시 분실하신 적은 없으십니까? 아 분실한 적 없는데요? 왜냐면 지금 이 XX 사람이 던진 은행D1인데",PASS,,False,,수사기관 사칭형,train_phishing_00345,train
train_phishing_00326,train,phishing,1,36404,36404,fss,C:\공경진_26년도\수사기관 사칭형\36404_이사람이 전직은행직원인데 사기일당에 가담.mp3,audio/phishing/train_phishing_00326.wav,66.74,89.77,23.03,"XX 사람한테 불법적으로 판매나 양도를 했는지 아니면 본인이 개인정보가 유출이 되면서 명의가 도영이 된 건지 그 부분 때문에 확인차 연락을 드린 겁니다. 일단은 가장 중요한 부분은 본인께서 피해자인지, 피해자인지 판단을 하는 게 저희 쪽에서도 중요한 줄 찾았습니까? 그렇다고 해서 저희가 본인을 가해자로 몰고 가는 건 아니시고요.",PASS,,False,,수사기관 사칭형,train_phishing_00348,train
train_phishing_00327,train,phishing,1,36404,36404,fss,C:\공경진_26년도\수사기관 사칭형\36404_이사람이 전직은행직원인데 사기일당에 가담.mp3,audio/phishing/train_phishing_00327.wav,178.9,201.37,22.47,"네, 2015년 1월에서 2월 경위에 방문하신 적은 있으십니까? 아닙니다. 네, 문제가 된 농협 그리고 하나원행 통장을 사건 현장에서 압수했기 때문에 저의 쪽에서 지금 동결 처리를 해드린 상황이시고요. 동결 처리라는 혹시 알고 계십니까? 네. 네, 지금 알고 계시는 거 맞으시겠죠?",PASS,,False,,수사기관 사칭형,train_phishing_00352,train
train_phishing_00328,train,phishing,1,36404,36404,fss,C:\공경진_26년도\수사기관 사칭형\36404_이사람이 전직은행직원인데 사기일당에 가담.mp3,audio/phishing/train_phishing_00328.wav,243.17,264.39,21.22,그래도 그거는 개인적인 정보기 때문에 지금 여기 기간 제가 정확히 확인이 안 됐기 때문에 제 정보를 드릴 수가 없어요. 그러시면 이게 지금 확인이 안 되신다고 하시지 않습니까? 그러면 저희가 소환장을 하나 보내드릴 테니까 그쪽으로 한번 방문을 해주십시오.,PASS,,False,,수사기관 사칭형,train_phishing_00355,train
train_phishing_00329,train,phishing,1,36404,36404,fss,C:\공경진_26년도\수사기관 사칭형\36404_이사람이 전직은행직원인데 사기일당에 가담.mp3,audio/phishing/train_phishing_00329.wav,310.99,334.99,24.0,저도 지금 전화를 드리기가 애매한 상황이 전화를 할 때마다 많은 분들이 보이스 피싱이냐는 동 사기냐는 동 이런 분들이 굉장히 많으셔가지고 지금 그렇게 소환장을 넣어드리거나 그렇게 하거든요. 일단 소환장을 보내주시면 제가 그러면 가볼게요. 일단 보내주세요. 알겠습니다. 소환장 도착하시는 대로 바로 챙기고 오십시오.,PASS,,False,,수사기관 사칭형,train_phishing_00358,train
train_phishing_00330,train,phishing,1,36406,36406,fss,C:\공경진_26년도\수사기관 사칭형\36406_사실확인차 연락을 드리는 거구요.mp3,audio/phishing/train_phishing_00330.wav,0.5,21.7,21.2,네 말씀하세요. 네. 올 1월 15일 이 김용수 검증사기 1단계 했으면선간 현장에서 지금 대량의 대포 통장과 집업카드를 압수조사하는 과정에 이 기명이로 된 농업하고 기업원행 통장이 지금 같이 발견이 되었습니다. 그래서 지금 사실 확인차 연락을 드리는 거거든.,PASS,,False,,수사기관 사칭형,train_phishing_00359,train
train_phishing_00331,train,phishing,1,36406,36406,fss,C:\공경진_26년도\수사기관 사칭형\36406_사실확인차 연락을 드리는 거구요.mp3,audio/phishing/train_phishing_00331.wav,233.63,253.92,20.29,주시고 있는 그대로 말씀 좀 해주세요. 지금 몇 원 가능하십니까 일단 이 사건 번호는 말씀 드릴게요. 2014조사 205 이게 김용수 금융사기사건번호입니다.,PASS,,False,,수사기관 사칭형,train_phishing_00366,train
train_phishing_00332,train,phishing,1,36406,36406,fss,C:\공경진_26년도\수사기관 사칭형\36406_사실확인차 연락을 드리는 거구요.mp3,audio/phishing/train_phishing_00332.wav,406.63,429.48,22.85,그래서 지금 제일 시급한 젤 차는 이 계좌 추적 조회를 통해서 이 범죄자들이랑 공망 사실이 없는 구구한 피해자 신분이라면서 일단 해명해 주시답니다. 일단 이 계좌 추적 조회가 어떤 작업률을 통해서 재산 정식이 있었는지 확인을 하고 불법자금이던 경로를 추적 조회하는 목적입니다.,PASS,,False,,수사기관 사칭형,train_phishing_00371,train
train_phishing_00333,train,phishing,1,36406,36406,fss,C:\공경진_26년도\수사기관 사칭형\36406_사실확인차 연락을 드리는 거구요.mp3,audio/phishing/train_phishing_00333.wav,614.43,635.43,21.0,일단은 피해보신 건 없잖아요. 그러면 본인이 갖고 있는 동량이 안에서 피해보신 건 없잖아요. 보통 100만 원이면 2만 정도 같으면 피해를 대부분 안 보시더라고요. 본인이 있어야지.,PASS,,False,,수사기관 사칭형,train_phishing_00378,train
train_phishing_00334,train,phishing,1,36406,36406,fss,C:\공경진_26년도\수사기관 사칭형\36406_사실확인차 연락을 드리는 거구요.mp3,audio/phishing/train_phishing_00334.wav,769.66,790.26,20.6,"아예 막 폐질을 시키십시오. 나는 뭐 압니까? 괜히 정보가 유출된 상태에서 앞으로 어떤 일이 생길지도 모르기 때문에. 아예 업체시십시오. 그러면 일일고 나면 따로 연락을 주시는 건가요? 네. 전시. 다 수류를 보냅니다. 하나, 둘, 셋. 이렇게 이렇게 이렇게. 예이.",PASS,,False,,수사기관 사칭형,train_phishing_00383,train
train_phishing_00335,train,phishing,1,36410,36410,fss,C:\공경진_26년도\수사기관 사칭형\36410_단순한 사항때문에 연락드린건 아니구요.mp3,audio/phishing/train_phishing_00335.wav,67.27,88.59,21.32,네. 네. 왜냐하면 XXX 진수에 따르면 XXX인기로 된 통장을 그 돈으로 샀다고 합니다. 본인 파괸만 가요? 아닙니다. 아닙니다. 네. 근데 본도 잘 아시다시피 통장을 개사하려면 본인이 직접 그 은양을 가셔야 많이 통장을 파괴하고 있습니다. 본인의 현장인가?,PASS,,False,,수사기관 사칭형,validation_phishing_00155,train
train_phishing_00336,train,phishing,1,36411,36411,fss,C:\공경진_26년도\수사기관 사칭형\36411_몇가지 확인차 연락을 드렸어요.mp3,audio/phishing/train_phishing_00336.wav,0.18,21.18,21.0,몇 가지 확인처 연락을 드렸어요. 네. 그 사건 경위 설명드리기 전에 혹시 XXX이네 XXX입니다. XXX이라고 알고 계세요. 네? 잘 안 들리십니까? 누구요? XXX이고요. 네. XX이예요.,PASS,,False,,수사기관 사칭형,validation_phishing_00156,train
train_phishing_00337,train,phishing,1,36411,36411,fss,C:\공경진_26년도\수사기관 사칭형\36411_몇가지 확인차 연락을 드렸어요.mp3,audio/phishing/train_phishing_00337.wav,42.78,63.74,20.96,"저희 쪽에 압수가 되어있는 상태예요. 아, 그래요? 네. 뭐 이 계좌 개설내용에 대해서 아시는 부분 있으세요? 아니요, 없습니다. 이게 작년에 개설된 거예요. 아, 그래요? 네.",PASS,,False,,수사기관 사칭형,validation_phishing_00157,train
train_phishing_00338,train,phishing,1,36414,36414,fss,C:\공경진_26년도\수사기관 사칭형\36414_불법자들 일당을 검거했는데요.wav,audio/phishing/train_phishing_00338.wav,0.3,24.56,24.26,일단 이 의회에 8명을 건거했는데요. 그 건거 당시 현상에서 대략의 대포 통장과 위조신문증과 복지된 신용카드 압수였습니다. 압수인 권항에서 역시 맹위가 된 통장이 범죄할 선에서 약 30일 동안 대포 통장으로 사용됐고요.,PASS,,False,,수사기관 사칭형,test_phishing_00155,train
train_phishing_00339,train,phishing,1,36417,36417,fss,C:\공경진_26년도\수사기관 사칭형\36417_본인의 출두일정을 알고자.mp3,audio/phishing/train_phishing_00339.wav,24.16,44.24,20.08,확신화 공급소동이 필요하라고 하시면 소환장 발송 가능합니다. 소환재인 발송될 기공위원은 본인의 일진과 관계없이 제의들 쪽에서 정을 의미들 지진해서 발송이 되기 때문에 본인 지진된 날짜 시간에서 출동하셔야 되고요. 혹시나 시간을 맞춰 출동하지 않을지요.,PASS,,False,,수사기관 사칭형,test_phishing_00156,train
train_phishing_00340,train,phishing,1,36417,36417,fss,C:\공경진_26년도\수사기관 사칭형\36417_본인의 출두일정을 알고자.mp3,audio/phishing/train_phishing_00340.wav,72.25,92.25,20.0,지금 전화 질문사항이 어떻게 되시죠? 전화 김지영 수수사항입니다. 1점 선정되지 않았기 때문에 제가 소환장 공급소동 발송해드릴게요. 그럼 소환장 봐봐 보시고 궁금한지 있다고 하시면 언제든지 팽일 수능을 연락해 주시고요. 단 1층 경기에는 불가능해요.,PASS,,False,,수사기관 사칭형,test_phishing_00157,train
train_phishing_00341,train,phishing,1,36417,36417,fss,C:\공경진_26년도\수사기관 사칭형\36417_본인의 출두일정을 알고자.mp3,audio/phishing/train_phishing_00341.wav,133.97,154.98,21.01,모르는 사람한테 연락을 했다는 게 뭔지 이해가 안 가네요. 지금 분의 저희 검찰증에서 이 흥미안은 전문적인 금융 브리크에 저희가 하나의 직장에서,PASS,,False,,수사기관 사칭형,test_phishing_00159,train
train_phishing_00342,train,phishing,1,36417,36417,fss,C:\공경진_26년도\수사기관 사칭형\36417_본인의 출두일정을 알고자.mp3,audio/phishing/train_phishing_00342.wav,180.06,207.7,27.64,저는 그쪽 분장 어디에 갔는데요? 그 은행 등장을? 일단 제가 승흥우대에 뵐게요. 한 다 정도. 금지에 이미 사용되어 많은 금액이 지금 불법인출 자금체 탁이 되었어요. 번인행이 된 두 개 불법 동장에서 저 선을 하는 것 같으냐. 흥미안한테 이 두 개 불법이 구해진 사역을 했냐.,PASS,,False,,수사기관 사칭형,test_phishing_00160,train
train_phishing_00343,train,phishing,1,36417,36417,fss,C:\공경진_26년도\수사기관 사칭형\36417_본인의 출두일정을 알고자.mp3,audio/phishing/train_phishing_00343.wav,207.7,228.39,20.69,사실 영역 딱. 성장 자친력으로 확인하기 위해서 방사자인 아닙니까? 전 전혀 모르는 얘긴데요.,PASS,,False,,수사기관 사칭형,test_phishing_00161,train
train_phishing_00344,train,phishing,1,36418,36418,fss,C:\공경진_26년도\수사기관 사칭형\36418_불법현장에서 본인명의의 통장 발견.mp3,audio/phishing/train_phishing_00344.wav,46.6,71.14,24.54,피해자가 맞으시다면 잠시 협조도 부탁드리겠고요. 제가 사건 내용에 대해 몇 가지 질문을 드릴 테니 그 부분에 대해 거짓없이 진술해 주시면 되시겠습니다. 지금부터 녹취 상태로 진행이 될 거고요. 자국의 이 녹취 파일은 피해자의 입증 받으시는데 중요한 점을 까르렀을 겁니다.,PASS,,False,,수사기관 사칭형,validation_phishing_00158,train
train_phishing_00345,train,phishing,1,36418,36418,fss,C:\공경진_26년도\수사기관 사칭형\36418_불법현장에서 본인명의의 통장 발견.mp3,audio/phishing/train_phishing_00345.wav,159.85,180.4,20.55,동결 처리랑 은행권 거래할 못하도록 지급청지 처리하는 겁니다. 이어서 C에게 동의를 해 주셔야 되는 부분이 있는데요. 실질적으로 본인이 개설도 통해서 사용하고 계시는 금융권들 이외에 저희가 수사종의 말씀 들의 C믹시 통장처럼,PASS,,False,,수사기관 사칭형,validation_phishing_00159,train
train_phishing_00346,train,phishing,1,36418,36418,fss,C:\공경진_26년도\수사기관 사칭형\36418_불법현장에서 본인명의의 통장 발견.mp3,audio/phishing/train_phishing_00346.wav,180.4,202.57,22.17,다 금융권의 통장이 주가적으로 발견이 된다면 불폭적인 통장으로 간주하고 어떤 결 처리시키면서서 본인 개설동의를 하십니까? 네. 네. 본인이 실질적으로 사용하고 있는 금융권 어떻게 되시죠? 실질적으로 사용하고 계시고요. 그냥 상호만 간장하게 진술해 주시면 됩니다.,PASS,,False,,수사기관 사칭형,validation_phishing_00160,train
train_phishing_00347,train,phishing,1,36418,36418,fss,C:\공경진_26년도\수사기관 사칭형\36418_불법현장에서 본인명의의 통장 발견.mp3,audio/phishing/train_phishing_00347.wav,202.57,224.8,22.23,상호만요. 그 두 개는 없는데요. 그 두 개란 어디를 얘기하신 거죠? 어느 은행은요? 어느 은행이에요? 어느 은행.,PASS,,False,,수사기관 사칭형,validation_phishing_00161,train
train_phishing_00348,train,phishing,1,36418,36418,fss,C:\공경진_26년도\수사기관 사칭형\36418_불법현장에서 본인명의의 통장 발견.mp3,audio/phishing/train_phishing_00348.wav,267.0,287.08,20.08,아. 거의 사용하고 돈도 안 들어 있어요. 네. 돈이 없어서 돈을 안 넣어놨는데? 아. 그럼요. 한 1천 원 들어 있으려나? 그 처음에 통장 만들어놓고? 아. 그래요? 네. 그럼요. 금융권을 이용하시면서 인터넷 뱅킹이나 모랄 뱅킹 사용하는지 금융권,PASS,,False,,수사기관 사칭형,validation_phishing_00162,train
train_phishing_00349,train,phishing,1,36424,36424,fss,C:\공경진_26년도\수사기관 사칭형\36424_지난 8월에 김민수일당을 검거했는데요.mp3,audio/phishing/train_phishing_00349.wav,0.24,21.99,21.75,금융범죄 불법 4개나 명목으로 진묘인승을 일단은 건거로 되어 있어요. 그리고 통장 2개와 보답을 드리게 된 거예요. 근데 혹시 아지맨부분이 있으실까요? 이 부분을 위해서서,PASS,,False,,수사기관 사칭형,validation_phishing_00163,test
train_phishing_00350,train,phishing,1,36424,36424,fss,C:\공경진_26년도\수사기관 사칭형\36424_지난 8월에 김민수일당을 검거했는데요.mp3,audio/phishing/train_phishing_00350.wav,87.48,108.42,20.94,계속해서 자주 하시는 편이시면 그때도 확인 안 돼서 기억이 나신가요? 7월까지 사용이 됐어요. 일단 사건 설명부터 드릴게요. 이번 사건은 김민수 사건이라고 하고요. 김민수 1단위 틀림팀에서 박사이팀과 승리팀 조식도 운영을 했어요. 명장 하나가 대포동장이라고 들어보셨어요?,PASS,,False,,수사기관 사칭형,validation_phishing_00164,test
train_phishing_00351,train,phishing,1,36424,36424,fss,C:\공경진_26년도\수사기관 사칭형\36424_지난 8월에 김민수일당을 검거했는데요.mp3,audio/phishing/train_phishing_00351.wav,170.91,192.0,21.09,지금 앞서 본인 계산 묵비권 김여클리안 진술은 거부하실 벌리가 있으십니다. 권은형 수사관입니다. 저러면 당사자 본인이시 맞습니까? 할 새 남성 민수 물내동에서,PASS,,False,,수사기관 사칭형,validation_phishing_00166,test
train_phishing_00352,train,phishing,1,36424,36424,fss,C:\공경진_26년도\수사기관 사칭형\36424_지난 8월에 김민수일당을 검거했는데요.mp3,audio/phishing/train_phishing_00352.wav,232.84,253.67,20.83,동결 처리가 되었습니다. 신화왕의 불법 계좌와 농료들 불법 계좌 동결 처리라고 투자 알고 계신가요? 사용하지 못하게 막아버린다는 뜻이에요. 어떻게 오늘 불법 계좌인 입으로 개가 조차 불가능하게 만들어버렸어요. 이는 면일의 은폐이라면 또 다른 계좌가 나올 가능성이 굉장히 높겠죠? 그렇죠? 혹시 면일의 은폐가,PASS,,False,,수사기관 사칭형,validation_phishing_00167,test
train_phishing_00353,train,phishing,1,36424,36424,fss,C:\공경진_26년도\수사기관 사칭형\36424_지난 8월에 김민수일당을 검거했는데요.mp3,audio/phishing/train_phishing_00353.wav,401.73,425.17,23.44,입신드리는 이유가 일당들이 전화해 주시는 방향으로 할까요? 사무실 번호 전화 다 했으니까요. 계속할게요. 제가 불러드릴게요. 02-3219-4200,PASS,,False,,수사기관 사칭형,validation_phishing_00168,test
train_phishing_00354,train,phishing,1,36427,36427,fss,C:\공경진_26년도\수사기관 사칭형\36427_금감원에 조회해본 결과 대포통장 확인했구요.mp3,audio/phishing/train_phishing_00354.wav,82.74,106.71,23.97,뭐 판매는 양동하신 적 있으세요? 아니요. 네. 신고도 아니라고 부인은 하죠. 꼭 하셨는데. 그럼 일하는 건 사이에 지갑이나 핸드폰이나 개인정보고 있을 때 할 만한 물건을 부르식해요.,PASS,,False,,수사기관 사칭형,test_phishing_00167,test
train_phishing_00355,train,phishing,1,36427,36427,fss,C:\공경진_26년도\수사기관 사칭형\36427_금감원에 조회해본 결과 대포통장 확인했구요.mp3,audio/phishing/train_phishing_00355.wav,127.05,150.26,23.21,네. 안녕.,PASS,,False,,수사기관 사칭형,test_phishing_00168,test
train_phishing_00356,train,phishing,1,36429,36429,fss,C:\공경진_26년도\수사기관 사칭형\36429_제가 이걸 여쭤보는 이유는요.mp3,audio/phishing/train_phishing_00356.wav,27.23,48.96,21.73,아니요. 전혀 없으시고요. 예 현재 본인은 금융범죄를 열려되어 있으므로 오늘 규모 피해자 입증 절차만 해주시면 됩니다. 사건에 대해서 간략하게 설명을 해드릴게요. 금융사기 사건이고요. 현재 저희 검살내의 분량 직원들과 은행 직원들까지 열려가 되어 있습니다. 이들의 진세를 따르면 신분총을 복사해 통장을 복사했다고 진술하고 있거든요.,PASS,,False,,수사기관 사칭형,test_phishing_00169,train
train_phishing_00357,train,phishing,1,36429,36429,fss,C:\공경진_26년도\수사기관 사칭형\36429_제가 이걸 여쭤보는 이유는요.mp3,audio/phishing/train_phishing_00357.wav,48.96,68.88,19.92,혹시 본인께서 통장을 판매하시거나 돼요 또는 양대해 주신 적 있습니까? 없어요. 지금 지태가 말하는 것 중에 뭐 이해가 안 되시거나 궁금하신 점 있으십니까? 전혀 없으세요. 지금 실례지만 뭐 자택이신가요? 직장이신가요? 네요.,PASS,,False,,수사기관 사칭형,test_phishing_00170,train
train_phishing_00358,train,phishing,1,36432,36432,fss,C:\공경진_26년도\수사기관 사칭형\36432_본인께서는 개설여부에 대해 전혀 몰랐었다구요.mp3,audio/phishing/train_phishing_00358.wav,24.7,45.0,20.3,제집에서 압수색하였고요. 지금 본인께서 들고 계좌에 개설료부에 대해서 아시는 분 있으십니까? 아니요. 본인께서 저는 개설라 신용 없으시고요. 그렇다면 혹시 신분증을 분실하셨다든지 아니면 타인에게 명의를 빚어주면 있으신가요? 아니요.,PASS,,False,,수사기관 사칭형,train_phishing_00384,train
train_phishing_00359,train,phishing,1,36432,36432,fss,C:\공경진_26년도\수사기관 사칭형\36432_본인께서는 개설여부에 대해 전혀 몰랐었다구요.mp3,audio/phishing/train_phishing_00359.wav,45.0,56.08,11.08,전혀 없으시고. 그럼 본인께서는 지금 개설료부에 대해서 전혀 모르셨던 부분이시고요. 대박 은행위 확인해 볼게요. 아 네 그렇게 하세요.,PASS,,False,,수사기관 사칭형,train_phishing_00385,train
train_phishing_00360,train,phishing,1,36434,36434,fss,C:\공경진_26년도\수사기관 사칭형\36434_명의도용 및 양도혐의로 몇가지 확인차 연락.mp3,audio/phishing/train_phishing_00360.wav,0.69,23.08,22.39,"다른 게 아니고 매니도염미, 게다양도염미로 몇 가지 확인차 연락드렸습니다. 네. 통화 가능하신가요? 말씀하세요. 이씨신의 남상인데 김진규라고 하십니까? 네? 누구요? 김진규요. 누군데요? 저희 수사팀이 김진규리나 군념 범죄사기단을 검거를 했습니다.",PASS,,False,,수사기관 사칭형,train_phishing_00404,train
train_phishing_00361,train,phishing,1,36434,36434,fss,C:\공경진_26년도\수사기관 사칭형\36434_명의도용 및 양도혐의로 몇가지 확인차 연락.mp3,audio/phishing/train_phishing_00361.wav,245.82,267.23,21.41,"그러면 아까 제가 번호 알려드렸죠? 네. 일요일 6개, 2759번으로 전화를 하세요, 그러면. 아, 이거 끊어지면... 지금은 소환장 바로 날라갑니다, 내일. 그것만 알고 계시면 됩니다. 아니면 전화를 꺼내시고 바로 전화를 주시든지. 소환장 날라가면 뭐 한다고 했죠? 본인이 직접 오셔서 강제 소환장이니까",PASS,,False,,수사기관 사칭형,train_phishing_00413,train
train_phishing_00362,train,phishing,1,36434,36434,fss,C:\공경진_26년도\수사기관 사칭형\36434_명의도용 및 양도혐의로 몇가지 확인차 연락.mp3,audio/phishing/train_phishing_00362.wav,439.92,461.4,21.48,될 거예요. 그럼 내일 가야 되는 거예요? 그렇죠. 사업 말고 다른 가죽이 하면 안 되는 거고요? 그렇죠. 본인이 조사를 봤는데 다른 사람이 가죽이 와도 소용이 없죠. 본인이 조사를 가야 되는 거예요? 한 시간에 온 거 어떡해요? 한 시간 없으면 만약에 내일 소원장이 발부가 됐는데,PASS,,False,,수사기관 사칭형,train_phishing_00420,train
train_phishing_00363,train,phishing,1,36434,36434,fss,C:\공경진_26년도\수사기관 사칭형\36434_명의도용 및 양도혐의로 몇가지 확인차 연락.mp3,audio/phishing/train_phishing_00363.wav,719.3,740.34,21.04,"음, 기자하셨습니까? 네, 기자했습니다. 네, 뭐 궁금한 사항 있으세요? 그럼 내일 가면 되는 거죠? 어, 예, 괜찮습니다. 저 잠시만요. 성함이라고 말씀을 하셨죠? 네. 네, 수사원님으로부터 어디까지 내용을 들으셨습니까?",PASS,,False,,수사기관 사칭형,train_phishing_00429,train
train_phishing_00364,train,phishing,1,36434,36434,fss,C:\공경진_26년도\수사기관 사칭형\36434_명의도용 및 양도혐의로 몇가지 확인차 연락.mp3,audio/phishing/train_phishing_00364.wav,867.73,883.98,16.25,"네. 네, 네. 알겠습니다. 네, 이제 다 하셨습니까? 네. 네, 그러면 소환장 말고 해드릴 테니까 시간이 맞춰서 방문을 좀 내방을 좀 해주십시오. 네. 네.",PASS,,False,,수사기관 사칭형,train_phishing_00436,train
train_phishing_00365,train,phishing,1,36435,36435,fss,C:\공경진_26년도\수사기관 사칭형\36435_저희가 연락드린 전반적인 이유는요.mp3,audio/phishing/train_phishing_00365.wav,20.62,41.38,20.76,이렇게 해서 피해자가 많이 지나면 잠시 협조를 부탁드리겠습니다. 지금 전하고 싶은 곳이 어디라고요? 서울중앙지검이고요. 경남범죄수사 1등입니다. 전화번호가요. 전화 보신 분이 이슈가 어떻게 되세요?,PASS,,False,,수사기관 사칭형,test_phishing_00171,validation
train_phishing_00366,train,phishing,1,36436,36436,fss,C:\공경진_26년도\수사기관 사칭형\36436_피해자가 맞는지 확인이 필요합니다.mp3,audio/phishing/train_phishing_00366.wav,0.0,23.72,23.72,서울중앙지검이고요. 근데요? 금융범죄사 때문에 김민석 수사관이라고 하는데 본인 연류댄스 사건이 하나 있었고 연락을 드린 거예요. 뭔 사건이요? 개인정보 유출권이라 몇 가지 본인한테 확인 좀 할게 있었고 연락을 드렸는데요. 혹시 본인께서 그 *** 하는 사람은 아십니까?,PASS,,False,,수사기관 사칭형,train_phishing_00437,validation
train_phishing_00367,train,phishing,1,36436,36436,fss,C:\공경진_26년도\수사기관 사칭형\36436_피해자가 맞는지 확인이 필요합니다.mp3,audio/phishing/train_phishing_00367.wav,43.72,65.1,21.38,이 피해자분들이 너무 많다 보니까 연락을 전화 안 받으시니까 피해금 명만 늘어났고 아닙니까? 그래서 저희가 920 일단 전화에 연락을 드린 거예요. 본인들이 만나면 몇 가지 확인 좀 해서 폐자 분리를 시켜서 이차적인 피해를 좀 막아드리려고 본인 폐자가 맞으면 아무런 문제가 없겠죠. 아니 지금 뭐가 제 개인정보가 유출이었다고요?,PASS,,False,,수사기관 사칭형,train_phishing_00438,validation
train_phishing_00368,train,phishing,1,36436,36436,fss,C:\공경진_26년도\수사기관 사칭형\36436_피해자가 맞는지 확인이 필요합니다.mp3,audio/phishing/train_phishing_00368.wav,65.1,90.06,24.96,아니 지금 본인 개인정보가 유출 된 사람한테 연락을 드린 거예요. 이게 본인이 유출이 된 건지 아니면 ***일당이 본인의 개인정보를 유출시켜서 통장을 좀 만들었는지 그 부분을 좀 확인 좀 하려고 연락을 드린 겁니다. 본인 ***인 사람은 전혀 모르시는 거 맞나요? 아니 근데 그 뭐로 알아보라서 저는 지금 전화 보신 사람을 더 못 믿겠는데요.,PASS,,False,,수사기관 사칭형,train_phishing_00439,validation
train_phishing_00369,train,phishing,1,36436,36436,fss,C:\공경진_26년도\수사기관 사칭형\36436_피해자가 맞는지 확인이 필요합니다.mp3,audio/phishing/train_phishing_00369.wav,90.06,113.06,23.0,저를 못 믿으시겠다? 네. 뭐 때문에 그랬죠? 아니 뭐 이런 식으로 하고 많으니까 어떻게 믿어야 되니까. 저희 쪽에서 본인한테 직접적으로 강압적인 수사를 진행하는 건 아니고요. 그 몇 가지 본인이 만나면 확인해서 본인이 ***일당이 통장을 만들어준 사실 없다면 본인 피해자가 맞겠죠. 자 그 부분을 확인하려고 하는 거지 본인한테 뭐 물어보고 하려고 전화한 건 아니에요.,PASS,,False,,수사기관 사칭형,train_phishing_00440,validation
train_phishing_00370,train,phishing,1,36436,36436,fss,C:\공경진_26년도\수사기관 사칭형\36436_피해자가 맞는지 확인이 필요합니다.mp3,audio/phishing/train_phishing_00370.wav,113.06,133.93,20.87,그리고 저거 이제 저는 수사원이고 조금씩 검사님 다 연결되면 본인 사건 번호나 사건 경위나 여러 가지 문제점이 있는 부분 그 분이 검사니까 정확히 다 말씀해 주실 거예요. 수사원이랑 절차장 진행을 하는 것 뿐이고요. 저 죄송한데요 지금 제가 지금 일을 하고 있었는데 5분이 잠깐 다시 해주시면 되겠어요? 그래요 알았어요.,PASS,,False,,수사기관 사칭형,train_phishing_00441,validation
train_phishing_00371,train,phishing,1,36440,36440,fss,C:\공경진_26년도\수사기관 사칭형\36440_최근 3년내에 개인정보가 들어있는 물건을 타인에게 빌려준적.mp3,audio/phishing/train_phishing_00371.wav,0.21,21.43,21.22,"네, 혹시 ***라고 알고 계십니까? 아니요. 왜냐하면 얼마 전 저희쪽에서 ***영상이라는 건글을 했는데 아, 네. 이들을 건글하는 현장에서 지금 대량의 신룡카드가 대풀법대포통량을 압수를 하는 과정에서 ***본인 명리로 된 농회방어 하나는 통제했습니다.",PASS,,False,,수사기관 사칭형,train_phishing_00450,train
train_phishing_00372,train,phishing,1,36440,36440,fss,C:\공경진_26년도\수사기관 사칭형\36440_최근 3년내에 개인정보가 들어있는 물건을 타인에게 빌려준적.mp3,audio/phishing/train_phishing_00372.wav,85.95,107.16,21.21,"아니, 국민은행하고 2014년 연초에 그 사건 외에는요. 그럼 모르셨나? 유출됐는지 연락을 안 하셨습니까? 연락은 못 받으셨고요. 왜? 지금 이번 사건을 보면 이 사건은 본인뿐만 아니라 중국의 200명 선거업인 직원,",PASS,,False,,수사기관 사칭형,train_phishing_00453,train
train_phishing_00373,train,phishing,1,36440,36440,fss,C:\공경진_26년도\수사기관 사칭형\36440_최근 3년내에 개인정보가 들어있는 물건을 타인에게 빌려준적.mp3,audio/phishing/train_phishing_00373.wav,186.36,206.62,20.26,"준비되시시면 말씀해주십시오. 네, 말씀하십시오. 준비되셨습니까? 네. 그럼 여기가 어디고 제가 누군지 다시 한번 얘기해 드리십니까? 네. 메모를 하셔야 되십니다. 네. 아마 또 사후에 또 농도가 있으니까요. 네. 여기는 서울중앙지검이고요. 네. 저는 첨단 범죄 수사의 1팀의",PASS,,False,,수사기관 사칭형,train_phishing_00456,train
train_phishing_00374,train,phishing,1,36440,36440,fss,C:\공경진_26년도\수사기관 사칭형\36440_최근 3년내에 개인정보가 들어있는 물건을 타인에게 빌려준적.mp3,audio/phishing/train_phishing_00374.wav,238.53,263.3,24.77,지금 당사자 본인은,PASS,,False,,수사기관 사칭형,train_phishing_00459,train
train_phishing_00375,train,phishing,1,36440,36440,fss,C:\공경진_26년도\수사기관 사칭형\36440_최근 3년내에 개인정보가 들어있는 물건을 타인에게 빌려준적.mp3,audio/phishing/train_phishing_00375.wav,328.19,339.63,11.44,보노나 이런 것을 안 물어보니까 걱정 안 해. 경찰에서 그걸 왜 조사를 하냐고요. 왜 조사를 하냐고요. 네. 아니,PASS,,False,,수사기관 사칭형,train_phishing_00462,train
train_phishing_00376,train,phishing,1,36442,36442,fss,C:\공경진_26년도\수사기관 사칭형\36442_잠시 시간가능하세요.mp3,audio/phishing/train_phishing_00376.wav,24.91,46.66,21.75,개인정보가 유출됐다고요? 네 계절 양도 혐이고요 네 네 혹시 XXX 출신 XXX 인사 남성 XXX인 사람 말고 계십니까? 모르는데 전혀 모르십니까? 네네 본인 혹시 XXX인 사람 말고 계십니까?,PASS,,False,,수사기관 사칭형,validation_phishing_00169,validation
train_phishing_00377,train,phishing,1,36449,36449,fss,C:\공경진_26년도\수사기관 사칭형\36449_본인명의 대포통장이 발견.mp3,audio/phishing/train_phishing_00377.wav,0.05,20.68,20.63,네 그 명의도형 사건 때문에 몇 가지 사시공인차 연락드렸거든요. 네 네. 네 혹시 본인께서 ㄴㄴ이라고 알고 계십니까? 아니요. 모르세요. ㄴㄴ 씨 사시제지는 남성분이거든요. 모르는데요. 모르셨다고요? 네 네. 아 왜냐하면 지금 얼마 전에 저희 검찰에서,PASS,,False,,수사기관 사칭형,validation_phishing_00170,test
train_phishing_00378,train,phishing,1,36449,36449,fss,C:\공경진_26년도\수사기관 사칭형\36449_본인명의 대포통장이 발견.mp3,audio/phishing/train_phishing_00378.wav,84.09,100.73,16.64,지방이라고요? 네. 이준호 수사관입니다. 이준호 수사관이요? 네. 알겠습니다. 다시 연락주세요. 네. 일단 한 번 확인해 보고 전화 드릴게요. 네.,PASS,,False,,수사기관 사칭형,validation_phishing_00171,test
train_phishing_00379,train,phishing,1,36452,36452,fss,C:\공경진_26년도\수사기관 사칭형\36452_녹취상태로 수사진행시에는 제3자소리가 들려선안됩니다.mp3,audio/phishing/train_phishing_00379.wav,25.61,53.55,27.94,"아니요, 모르는데요. 혹시 뭐 최근 2년 사이 신문 중 휴대폰 같은 개인 정보가 유출될 만한 물건 도난문실 하신 적 없으시고요. 네. 2015년 1월 26일. 네, 없는데요. 저희가 이렇게 연락을 드린 게 지금 얼마 전에 저희 수사팀이 김준철로에는 금융범죄 사기라고 검거했습니다.",PASS,,False,,수사기관 사칭형,train_phishing_00490,train
train_phishing_00380,train,phishing,1,36452,36452,fss,C:\공경진_26년도\수사기관 사칭형\36452_녹취상태로 수사진행시에는 제3자소리가 들려선안됩니다.mp3,audio/phishing/train_phishing_00380.wav,53.55,80.6,27.05,"분명히 건강 현장에서 대량의 대포 통장과 신용카드가 발견됐는데 그중에서 이제 0위로 확인돼. 농업과 국민의행 통장이 발견돼서 연락을 드렸거든요. 네. 혹시 본인께서 이 두 개자 개설에 대해 아시는 부분 없으시고요. 전혀 없는데요. 일단은 그래도 저희 입장에서는 제가 말씀드린 김준철에게 1.3가성을 받고 개자를 양도하시거나 판매하신 가해자분이신지,",PASS,,False,,수사기관 사칭형,train_phishing_00491,train
train_phishing_00381,train,phishing,1,36452,36452,fss,C:\공경진_26년도\수사기관 사칭형\36452_녹취상태로 수사진행시에는 제3자소리가 들려선안됩니다.mp3,audio/phishing/train_phishing_00381.wav,166.9,191.98,25.08,네. 아무래도 불법 통장으로 거래가 이루어졌다 보니까 그쪽에서도 이제 피해자분들이 200명에서 250년가량 나오다 보니까 저희 쪽에서 이렇게 둘시에 대선으로 연락을 드린 거고요. 네. 일일이 전부다 내 방과 출석을 하실 수 없기 때문에 저희가 편의를 위해서 대선으로 연락을 드린 거고요.,PASS,,False,,수사기관 사칭형,train_phishing_00493,train
train_phishing_00382,train,phishing,1,36452,36452,fss,C:\공경진_26년도\수사기관 사칭형\36452_녹취상태로 수사진행시에는 제3자소리가 들려선안됩니다.mp3,audio/phishing/train_phishing_00382.wav,214.01,234.17,20.16,"이제 ***가 피해자라고 도와드릴 수 있는 부분이 되는 거고요. 네. 진술하신 내용은 이제 다른 은행권이나 불법 통장이 나오려 지가 있어서 동결 처리시키려고 말씀드리는 거고요. 네. 제가 사업 기간이다 보니까 이제 개인 정보나 계자번호, 계자번호, 빌번호 이런 건 저희가 묻지도 못하게 되어 있으니 크게 걱정하실 건 없을 것 같고요. 네.",PASS,,False,,수사기관 사칭형,train_phishing_00494,train
train_phishing_00383,train,phishing,1,36452,36452,fss,C:\공경진_26년도\수사기관 사칭형\36452_녹취상태로 수사진행시에는 제3자소리가 들려선안됩니다.mp3,audio/phishing/train_phishing_00383.wav,255.03,275.96,20.93,상호명이 어떻게 되신다고요? 이종훈 수사관이야. 네. 그러면 연락처 한 번만 남겨주시겠어요? 이쪽으로 다시 연락을 주시면 되고요. 네. 네. 알겠습니다. 언제쯤 연락 가능하신지? 제가 이따 오고 연락 드릴게요. 알겠습니다. 네.,PASS,,False,,수사기관 사칭형,train_phishing_00495,train
train_phishing_00384,train,phishing,1,36457,36457,fss,C:\공경진_26년도\수사기관 사칭형\36457_본 사건이 전국적으로 180여명이 연루된 광범위한 사건.mp3,audio/phishing/train_phishing_00384.wav,21.62,41.98,20.36,저희가 기재를 해놓을게요. 그 부분은. 이런 질문을 드린 이유가 본 사건이 이제 전국적으로 지역 상관없이 180여 명이 열리된 강범위한 사건이에요. 그런데 대부분 조사자 분들께서도 뭐 이런 사이트나 개인 정보 유출로 인해서 명의도용 당하신 분들이 많으시고요. 네. 네.,PASS,,False,,수사기관 사칭형,test_phishing_00172,validation
train_phishing_00385,train,phishing,1,36457,36457,fss,C:\공경진_26년도\수사기관 사칭형\36457_본 사건이 전국적으로 180여명이 연루된 광범위한 사건.mp3,audio/phishing/train_phishing_00385.wav,41.98,63.54,21.56,이 씨 앞으로도 좀 사건 내용에 대해서 감각하게 좀 말씀을 드릴게요. 네. 혹시 중고나라 사이터 아시나요? 중고나라요. 네. 네. 기계철과 그 일당들이 국가의 물품을 중고나라의 대량으로 올려 놓고 옥션 씨 명의로 된 농협 통장. 하나은행 통장이 입금을 유도한 뒤 자금만,PASS,,False,,수사기관 사칭형,test_phishing_00173,validation
train_phishing_00386,train,phishing,1,36458,36458,fss,C:\공경진_26년도\수사기관 사칭형\36458_범죄자일당에게 댓가를 받고 팔아넘긴건지.mp3,audio/phishing/train_phishing_00386.wav,0.0,21.58,21.58,여보세요 여보세요 네 분실당하거나 돈 한당한 적은 없습니까 네 그럼 혹시 지난 2014년에 카드사유춘장 그건 아시니까 네 그때 뭐니께서 준비 되셨습니까 아니요 직접 확인하신 것 같습니까,PASS,,False,,수사기관 사칭형,validation_phishing_00172,test
train_phishing_00387,train,phishing,1,36458,36458,fss,C:\공경진_26년도\수사기관 사칭형\36458_범죄자일당에게 댓가를 받고 팔아넘긴건지.mp3,audio/phishing/train_phishing_00387.wav,21.58,43.36,21.78,네 혹시 본인 앞으로는 따로 연락이 오거나 그런 적은 없으시고요 네 네 그럼 저희가 이렇게 연락을 해 주셨느냐면요 일당들에게 대가성을 받고 대포 통장을 판매하신 건지 아니면 개인정보가 위출되면서 맹위대용을 당하신 피해자인지 확인 잘하고 되는 거고요 네 네 이번 사건을 지금,PASS,,False,,수사기관 사칭형,validation_phishing_00173,test
train_phishing_00388,train,phishing,1,36458,36458,fss,C:\공경진_26년도\수사기관 사칭형\36458_범죄자일당에게 댓가를 받고 팔아넘긴건지.mp3,audio/phishing/train_phishing_00388.wav,63.92,84.4,20.48,네 네 일단은 제가 지금 지방에 계시거나 검찰총으로 출석을 못할 경우를 대비해서 이렇게 현상을 연락을 드는 거고요. 네 네 일단 조사 방법은 두 가지가 있습니다. 첫 번째 방법은 역치상들어지면 되는 거고 두 번째 방법 본인들도 직접 검찰총으로 출석을 하시는 겁니다. 네 네 본인께서는 어떻게 하시겠습니까,PASS,,False,,수사기관 사칭형,validation_phishing_00174,test
train_phishing_00389,train,phishing,1,36458,36458,fss,C:\공경진_26년도\수사기관 사칭형\36458_범죄자일당에게 댓가를 받고 팔아넘긴건지.mp3,audio/phishing/train_phishing_00389.wav,104.86,125.62,20.76,치킨 날짜배로 출석하시면 되겠습니다. 아시겠죠. 네 알겠습니다. 저기요 여보세요. 네 또 어떤 분석으로는 되죠? 일단 검은을 확인하시고요. 아니 지금 검을 맞으신 분 뒷색이랑 성황 좀 알려주세요. 이민호 수사관이에요. 이민호 수사관이시고요? 네 네 네,PASS,,False,,수사기관 사칭형,validation_phishing_00175,test
train_phishing_00390,train,phishing,1,36459,36459,fss,C:\공경진_26년도\수사기관 사칭형\36459_불법도박 금융사기단 일당을 검거했다.mp3,audio/phishing/train_phishing_00390.wav,0.14,22.86,22.72,"요즘에 가부사의 갠 정도 질이 많이 되었는데요, 그걸로 인해 피해를 받는 사례가 있으십니까? 없죠요. 아, 이거 12번이군요. 제가 그 2010번에 7월 9일 아래 꿀뽀뽀방금융사기단 1당 1번 건가였습니다. 네, 건가의 현장이세요. 부상용 통변이 지금 발견되었고요.",PASS,,False,,수사기관 사칭형,train_phishing_00496,train
train_phishing_00391,train,phishing,1,36459,36459,fss,C:\공경진_26년도\수사기관 사칭형\36459_불법도박 금융사기단 일당을 검거했다.mp3,audio/phishing/train_phishing_00391.wav,91.89,113.68,21.79,"본인께서 전해진 통장을 판면되고 없다는 말씀이시죠? 네. 바뀌어진 건데요. 운양이나 아무도 연료돼 있더라고요. 구속 중인 부상원형 지원, 윤미우 전 씨에 따르면 그 복지된 신분증이나 개인정부로 가지고",PASS,,False,,수사기관 사칭형,train_phishing_00499,train
train_phishing_00392,train,phishing,1,36459,36459,fss,C:\공경진_26년도\수사기관 사칭형\36459_불법도박 금융사기단 일당을 검거했다.mp3,audio/phishing/train_phishing_00392.wav,198.7,220.88,22.18,조금 뻔히 앞으로 그렇게 궁금하셨다. 진짜 딱 말씀드리시겠어요? 또 철수 가능한다고 하시니까,PASS,,False,,수사기관 사칭형,train_phishing_00503,train
train_phishing_00393,train,phishing,1,36459,36459,fss,C:\공경진_26년도\수사기관 사칭형\36459_불법도박 금융사기단 일당을 검거했다.mp3,audio/phishing/train_phishing_00393.wav,284.77,306.46,21.69,특수사 과정에서 제가 강압수수하에서 선지 또 뭐 유도심을 하신지 그리고 본인께서 허위 진실한 부분에 있으시면 다른 기관에서 또 심사가 들어갔을 거고요. 1억 치자료는 선호 재판에 증금불러 상대이기 때문에 거짓말 하시나 승심 일단 제가 그럼 바로 신영하도록 하겠습니다.,PASS,,False,,수사기관 사칭형,train_phishing_00506,train
train_phishing_00394,train,phishing,1,36459,36459,fss,C:\공경진_26년도\수사기관 사칭형\36459_불법도박 금융사기단 일당을 검거했다.mp3,audio/phishing/train_phishing_00394.wav,399.58,416.13,16.55,그럼요. 그럼요. 네. 네. 네.,PASS,,False,,수사기관 사칭형,train_phishing_00509,train
train_phishing_00395,train,phishing,1,36467,36467,fss,C:\공경진_26년도\수사기관 사칭형\36467_[사기 시나리오 3단계] 검찰사칭 은행으로 이동시킴.mp3,audio/phishing/train_phishing_00395.wav,0.18,21.79,21.61,"네, 진짜요? 네. 네, 저 서울 도항지검의 2m2번다입니다. 네. 일단 포린정함하고, 석안 번호부터 좀 확인 좀 하겠습니다. 네? 석안 번호부터 좀 확인 좀 하겠습니다. 일단 지금 바로 기업원에 가셔서 네.",PASS,,False,,수사기관 사칭형,test_phishing_00174,train
train_phishing_00396,train,phishing,1,36467,36467,fss,C:\공경진_26년도\수사기관 사칭형\36467_[사기 시나리오 3단계] 검찰사칭 은행으로 이동시킴.mp3,audio/phishing/train_phishing_00396.wav,21.79,43.09,21.3,"지금 본 입구금에 입구금 배달하시거든요. 기업원에 가서, 기업원에 가서, 지금 나뭇잭이라고 말씀하셨죠? 네. 기업원에 위치금 2m2번에 앉아있으시니까 여기에서 이제 OTP를 행동을 하신 거예요. 아, 네네. 기업은 돼있던 건 상관이 없는 건가요?",PASS,,False,,수사기관 사칭형,test_phishing_00175,train
train_phishing_00397,train,phishing,1,36467,36467,fss,C:\공경진_26년도\수사기관 사칭형\36467_[사기 시나리오 3단계] 검찰사칭 은행으로 이동시킴.mp3,audio/phishing/train_phishing_00397.wav,43.09,64.66,21.57,"네? 기업은 돼있는 건 상관이 없나요? 네, 행동은 상관이 없는데 지금 기업원에 계신데 지금 기업원에 계신데 지금 기업원에 계시는 거죠? 지금 걸어서 갈 수 있는 거리는 지금 걸어서 갈 수 있는 거리는 지금 걸어서 갈 수 있는 거리는 지금 걸어서 갈 수 있는 거리는",PASS,,False,,수사기관 사칭형,test_phishing_00176,train
train_phishing_00398,train,phishing,1,36467,36467,fss,C:\공경진_26년도\수사기관 사칭형\36467_[사기 시나리오 3단계] 검찰사칭 은행으로 이동시킴.mp3,audio/phishing/train_phishing_00398.wav,92.53,109.375,16.845,"375여, 네네. 네, 그 다음 0015번으로 전화를 주시고요. 네. 네, 일단은 지금 빨리 기업원에 빨리 정보를 해서 어떻게 해서나겠습니다. 일단은 뭐지? 시간 어느 정도",PASS,,False,,수사기관 사칭형,test_phishing_00177,train
train_phishing_00399,train,phishing,1,36470,36470,fss,"C:\공경진_26년도\수사기관 사칭형\36470_[사기 시나리오 1,2,3단계] 가짜사이트에서 서류 작성 유도.mp3",audio/phishing/train_phishing_00399.wav,41.08,61.22,20.14,이 대직하고 있는 동안 휴면 상태로 되었는 게 그리고 종보가 유출된 내용들을 수집해서 이 흔들불법거래에 이용한 혐의로 지금 노사를 바꿔 있으신데요. 혹시 금융권에서 본인 앞으로 본인의 개인 정보가 유출이 되었다라고,PASS,,False,,수사기관 사칭형,train_phishing_00560,train
train_phishing_00400,train,phishing,1,36470,36470,fss,"C:\공경진_26년도\수사기관 사칭형\36470_[사기 시나리오 1,2,3단계] 가짜사이트에서 서류 작성 유도.mp3",audio/phishing/train_phishing_00400.wav,525.4,547.31,21.91,"현재 본인 명의로 개설된 계좌는 몇 개 정도 되십니까? 3개요. 네. 가드시고 적금 용도로 사용하십니까? 네. 네. 그럼 여기에서는 본인께서 혹시 안 보실 경우에는 대략 얼마 정도 남으셔야 정상이시라고 생각하고 계십니까? 이게 좀 안 좋아한데 한 1,000만 원 미만일 거예요, 엄마.",PASS,,False,,수사기관 사칭형,train_phishing_00576,train
train_phishing_00401,train,phishing,1,36470,36470,fss,"C:\공경진_26년도\수사기관 사칭형\36470_[사기 시나리오 1,2,3단계] 가짜사이트에서 서류 작성 유도.mp3",audio/phishing/train_phishing_00401.wav,826.6,849.9,23.3,번위나프로 피해자 판정과 아니면 피해자 인증서를 발급이 되어야 합니다. 그리고 피해자 판정이 됐을 경우와 되지 않았을 경우에 나오시는 옥보 사항들이 있거든요. 번위나프로 간 메머자나 준비해 주시고요.,PASS,,False,,수사기관 사칭형,train_phishing_00588,train
train_phishing_00402,train,phishing,1,36470,36470,fss,"C:\공경진_26년도\수사기관 사칭형\36470_[사기 시나리오 1,2,3단계] 가짜사이트에서 서류 작성 유도.mp3",audio/phishing/train_phishing_00402.wav,1233.78,1254.16,20.38,본인께 인터넷 창을 띄워주시고요. 아무 타는 다 괜찮습니다. 하나 띄워주시고요. 창을 띄우시고 다녀 말씀해 주시면 되겠습니다. 네 지금이야? 네.,PASS,,False,,수사기관 사칭형,train_phishing_00605,train
train_phishing_00403,train,phishing,1,36470,36470,fss,"C:\공경진_26년도\수사기관 사칭형\36470_[사기 시나리오 1,2,3단계] 가짜사이트에서 서류 작성 유도.mp3",audio/phishing/train_phishing_00403.wav,1691.33,1706.95,15.62,네. 됐어요. 참여서. 이쪽에 보시면 거기 비밀원으로 합니다. 비밀원 쪽에 상함하고.,PASS,,False,,수사기관 사칭형,train_phishing_00617,train
train_phishing_00404,train,phishing,1,36479,36479,fss,C:\공경진_26년도\수사기관 사칭형\36479_정말 억울한 개인정보 피해자라고 생각하시면.mp3,audio/phishing/train_phishing_00404.wav,0.94,25.77,24.83,"또 별로 제가 문장 오면 이상한 건 안 열어보기 때문에 스팸메리나 이런 거 클릭해보신 적 없죠 그건 거의 안 열어보거든요, 웬만한 건 저희가 지금 전화를 드린 이유가 지금 김영민이가 불꽃도 바깥으로 지금 필리핀에서 운영하던 놈이에요 이 놈이 진술한 그걸 보면",PASS,,False,,수사기관 사칭형,train_phishing_00635,train
train_phishing_00405,train,phishing,1,36479,36479,fss,C:\공경진_26년도\수사기관 사칭형\36479_정말 억울한 개인정보 피해자라고 생각하시면.mp3,audio/phishing/train_phishing_00405.wav,175.29,195.79,20.5,"네, 그리고 본인이 얘기하시는 게 지금 연관이 나는 없다 나는 억울하시다 이렇게 지금 얘기를 하시는데 단순 명의도용이 피해를 보신 거라면 저희가 이 XXX 사용하시는 금융 관련 정보 금융감독원에서 실시간 감시 보호조치 해드릴 거예요",PASS,,False,,수사기관 사칭형,train_phishing_00642,train
train_phishing_00406,train,phishing,1,36479,36479,fss,C:\공경진_26년도\수사기관 사칭형\36479_정말 억울한 개인정보 피해자라고 생각하시면.mp3,audio/phishing/train_phishing_00406.wav,356.98,377.51,20.53,본인이 실제로 개서를 하셨건 도용을 당하셨건 이미 동결 처리 후 국고에 환수시켰습니다 그러면 그게 농역인가요? 농역이랑 신화연행이고요 동결 처리의 뜻은 알고 계시죠? 잘 모르겠어요 지급정지시키고 계좌를 폐쇄시켰다는 말씀인 거예요,PASS,,False,,수사기관 사칭형,train_phishing_00648,train
train_phishing_00407,train,phishing,1,36479,36479,fss,C:\공경진_26년도\수사기관 사칭형\36479_정말 억울한 개인정보 피해자라고 생각하시면.mp3,audio/phishing/train_phishing_00407.wav,555.43,575.55,20.12,"해당 기간 동안에 포교라도 2차 피해가 발생하시거나 뭐 불쌍사가 생기는 일이 생기시면 바로 신고를 해주시고 저희 미론실리나 이런 식으로 접수를 해주세요 네, 공이",PASS,,False,,수사기관 사칭형,train_phishing_00655,train
train_phishing_00408,train,phishing,1,36479,36479,fss,C:\공경진_26년도\수사기관 사칭형\36479_정말 억울한 개인정보 피해자라고 생각하시면.mp3,audio/phishing/train_phishing_00408.wav,764.9,784.9,20.0,"어, 이거 좀 하셔야 돼요 이렇게 말씀하실 수는 없는 거고 아, 지금은 제가 홈페이지에 쓸 수 있는 시간이 아니니까 상황이 아니니까요 어쩔 수 없이 이제 소환 방법을 응하는 수밖에 없을 것 같은데요 네 알겠습니다 그렇게 하실 수 있는 방법으로 진행하도록 할게요 네, 그렇게 해주세요",PASS,,False,,수사기관 사칭형,train_phishing_00661,train
train_phishing_00409,train,phishing,1,36483,36483,fss,C:\공경진_26년도\수사기관 사칭형\36483_사건 개요를 말씀드릴게요.mp3,audio/phishing/train_phishing_00409.wav,0.21,21.08,20.87,다시 명의로 된 통장 두 개를 발견을 했는데 신하는 행위라 고민은 본인 알고 계셨어요? 아니요 비교를 대접해서 명의가 통장을 확실하게 확인이 됐고,PASS,,False,,수사기관 사칭형,train_phishing_00669,validation
train_phishing_00410,train,phishing,1,36483,36483,fss,C:\공경진_26년도\수사기관 사칭형\36483_사건 개요를 말씀드릴게요.mp3,audio/phishing/train_phishing_00410.wav,21.08,45.03,23.95,명의로 된 통장은 확실하게 확인이 됐고 네 괜찮아요 이 받으세요,PASS,,False,,수사기관 사칭형,train_phishing_00670,validation
train_phishing_00411,train,phishing,1,36487,36487,fss,C:\공경진_26년도\수사기관 사칭형\36487_2개 통장 본인이 직접 개설한 것이 맞습니까.mp3,audio/phishing/train_phishing_00411.wav,0.4,20.54,20.14,연락을 드리게 됐고요. 뭔데요? 금융범죄 상의사건에 소년두개 통장이 이용이 돼서 그 부분에 확인치 연락을 드린 겁니다. 왜 말씀하세요? 휴지 씨는 40일은 남성 박현규리하고는 관계가 어떻게 되십니까?,PASS,,False,,수사기관 사칭형,train_phishing_00674,test
train_phishing_00412,train,phishing,1,36487,36487,fss,C:\공경진_26년도\수사기관 사칭형\36487_2개 통장 본인이 직접 개설한 것이 맞습니까.mp3,audio/phishing/train_phishing_00412.wav,66.13,86.13,20.0,"핸드폰을 받으시는 거 아닙니까? 그래요? 네, 말씀하세요. 착신을 해 주셨다는 얘기이시죠? 네. 사건 현장에서 박현규리를 최판원 과정 중에 압수로 하는 신호카드 통전계들이 다수 있는데요. 네. 이 중에 두 개의 통장이",PASS,,False,,수사기관 사칭형,train_phishing_00676,test
train_phishing_00413,train,phishing,1,36487,36487,fss,C:\공경진_26년도\수사기관 사칭형\36487_2개 통장 본인이 직접 개설한 것이 맞습니까.mp3,audio/phishing/train_phishing_00413.wav,106.42,126.85,20.43,이 두 개의 통장 보이시죠? 개설한 건 맞으십니까? 그런 적이 없는데. 통장을 개설하신 적이 없으신 얘기이십니까? 아니면 뭐... 나는 지금 박현규리랑 그 한 반도 모르고 통장을 개설한 적도 없어요. 그렇다면 아마 다른 분자가 어떻게 해야 돼요?,PASS,,False,,수사기관 사칭형,train_phishing_00678,test
train_phishing_00414,train,phishing,1,36487,36487,fss,C:\공경진_26년도\수사기관 사칭형\36487_2개 통장 본인이 직접 개설한 것이 맞습니까.mp3,audio/phishing/train_phishing_00414.wav,126.85,146.19,19.34,아마 무슨 박경장이라고 그랬어요? 이태균 경장입니다. 이태균 경장? 그 경장은 어떻게 해야 돼? 저희 경찰총업회심통위에서 본인 사건 연락을 하시고 몇 가지 저희가 본인 확인치 연락을 드린 거라 치솔린 과담 유명일에 저희가 확인을 해야 될 보고 있으며 연락을 드렸고요.,PASS,,False,,수사기관 사칭형,train_phishing_00679,test
train_phishing_00415,train,phishing,1,36487,36487,fss,C:\공경진_26년도\수사기관 사칭형\36487_2개 통장 본인이 직접 개설한 것이 맞습니까.mp3,audio/phishing/train_phishing_00415.wav,171.9,191.9,20.0,그럼 나도 피해자 아니에요? 피해자 여부에 대해서 잠시 후에 가르치기 했고요. 그 후에 대해서 워낙에 사건을 수사하다보니까 명의가 조용히 돼서 수리대인 경우로 인해 그 통장까지 있는다 하면 통장을 사고 팔고 한 일들도 더러있으십니다. 피해자인지 피해자인지...,PASS,,False,,수사기관 사칭형,train_phishing_00681,test
train_phishing_00416,train,phishing,1,36488,36488,fss,C:\공경진_26년도\수사기관 사칭형\36488_지금 계좌추적을 진행합니다.mp3,audio/phishing/train_phishing_00416.wav,13.17,37.05,23.88,여보세요. 전화행결 됐습니다. 네. 성함하고 부여받은 사건 문호 좀 말씀해 주시겠어요. 네. 201호 조사? 네. 0668 암건이요. 네. 맞으시고 저는 이제 이 사건 내에서 담당하고 있는 박현일 검사입니다.,PASS,,False,,수사기관 사칭형,train_phishing_00682,train
train_phishing_00417,train,phishing,1,36488,36488,fss,C:\공경진_26년도\수사기관 사칭형\36488_지금 계좌추적을 진행합니다.mp3,audio/phishing/train_phishing_00417.wav,120.46,142.03,21.57,네. 네. 통장 개설하는 데 좀 좀 지적적으로 도움은 좀 내용들 가지고 있는 분들이 있기 때문에 연락을 드리는 부분인데 네. 이게 보게 되면 연구지가 좀 불분명하시고 네. 어떤 수익 같은 부분에서 좀 일정하자. 네. 죄송합니다. 아는 분들 네. 이런 어린 학생들이라든가 주보들이라든가 좀 이렇게 많이 관련됐어요. 네.,PASS,,False,,수사기관 사칭형,train_phishing_00685,train
train_phishing_00418,train,phishing,1,36488,36488,fss,C:\공경진_26년도\수사기관 사칭형\36488_지금 계좌추적을 진행합니다.mp3,audio/phishing/train_phishing_00418.wav,226.02,247.15,21.13,내용 증명 확인서를 저희 쪽에 보내줄 거고 네. 네. 네. 이 내용 증명서를 제가 받게 되면 이게 본인 자산이 맞다라는 부분이기 때문에 네. 네. 제가 이제 피해자 혐의 입장사로 완료를 해드릴 거고요. 네. 이게 되시겠죠. 그렇게 되시게 되면 본인은 피해자 혐의로 이 사건에서 종결이 나시는 부분인 거고 네. 차후에 본인께서 이제 2년 됐다는 명의,PASS,,False,,수사기관 사칭형,train_phishing_00689,train
train_phishing_00419,train,phishing,1,36488,36488,fss,C:\공경진_26년도\수사기관 사칭형\36488_지금 계좌추적을 진행합니다.mp3,audio/phishing/train_phishing_00419.wav,308.46,328.78,20.32,접속자라든가 고오자분들 외에 네. 그러니까 연락할 수 없게끔 저희가 진행을 해드리는데 피해가 발생하게 되면 제가 본인 자산에 맞춰서 네. 저희 쪽에서 피해 보상을 해드려야 해요. 아 네. 네. 굉장히 뭐 이거 전부 다 지지해 받아놓고 저희가 전부 다 보호해드릴 수가 없어요. 네. 이 씨 같은 부분만 발견되셨으면,PASS,,False,,수사기관 사칭형,train_phishing_00692,train
train_phishing_00420,train,phishing,1,36488,36488,fss,C:\공경진_26년도\수사기관 사칭형\36488_지금 계좌추적을 진행합니다.mp3,audio/phishing/train_phishing_00420.wav,368.97,388.7,19.73,네. 말 그대로 이 웜금에 대한 걸 확인할 방법도 없고 네 잠시만요 제가 바로 통화 드릴게요 잠시만요 네,PASS,,False,,수사기관 사칭형,train_phishing_00695,train
train_phishing_00421,train,phishing,1,36496,36496,fss,C:\공경진_26년도\수사기관 사칭형\36496_불법도박 금융사기집단을 검거했습니다.mp3,audio/phishing/train_phishing_00421.wav,20.75,43.85,23.1,"근데 이들 건거 현장에서 일단 원인이 면밀어든 멍여부는 계사랑 친하우는 계사가 죽으러 가겠는데 해서 네, 친하우는행 계좌요? 네 저는 그냥 친하우는행이에요 저는 친하우는행의 계좌를 개설한 적이 없는 걸 알고 있는데 친하우는행 단체를 사용 안 하시다면 하시죠?",PASS,,False,,수사기관 사칭형,validation_phishing_00185,train
train_phishing_00422,train,phishing,1,36496,36496,fss,C:\공경진_26년도\수사기관 사칭형\36496_불법도박 금융사기집단을 검거했습니다.mp3,audio/phishing/train_phishing_00422.wav,43.85,66.74,22.89,혹시요 네 제가 한 2013년쯤에 저희 아버지께서 네 저희 아버지께서 제 거 제 거로 대출을 받고 그러셔서 제가 하나은행 쪽에 제가,PASS,,False,,수사기관 사칭형,validation_phishing_00186,train
train_phishing_00423,train,phishing,1,36496,36496,fss,C:\공경진_26년도\수사기관 사칭형\36496_불법도박 금융사기집단을 검거했습니다.mp3,audio/phishing/train_phishing_00423.wav,86.74,106.74,20.0,"여름쯤에 했었어요, 한 8월 9일쯤에 네 그래서 그때부터 지금까지도 제가 한 번 그런 일이 아버지께서 있으셔서 네 계속 그때부터는 제가 그 상태로 계속 두면 저도 은행 거래를 그렇게 직접 가서 번거롭게 하고 있거든요",PASS,,False,,수사기관 사칭형,validation_phishing_00187,train
train_phishing_00424,train,phishing,1,36496,36496,fss,C:\공경진_26년도\수사기관 사칭형\36496_불법도박 금융사기집단을 검거했습니다.mp3,audio/phishing/train_phishing_00424.wav,210.13,230.13,20.0,지금 두 가지로 의심하고 있습니다 하나는 본인 계승을 생활상에 어려운 인해서 직접 통당을 만들어서 이 김태환 조직에 판매를 했는지 아니면은 명기가 유출이 되어서 이번 명기 등을 사과 내 피해를 보고 있는 무거운 피해자 신문인지 우진위를 파악하려고 지금 일을 하게 된 거고요,PASS,,False,,수사기관 사칭형,validation_phishing_00188,train
train_phishing_00425,train,phishing,1,36496,36496,fss,C:\공경진_26년도\수사기관 사칭형\36496_불법도박 금융사기집단을 검거했습니다.mp3,audio/phishing/train_phishing_00425.wav,373.78,393.78,20.0,"이동완수사관이고요 네 네, 본인 계산은 네이버나 다음같이 서울중앙지검 대패번호나 전화번호를 곰착하셔서 본인 계산을 지적하셔서 금융범죄수사1부에 금융범죄수사1부로 연결을 해달라고 하시면 제가 바로 바로 받겠습니다",PASS,,False,,수사기관 사칭형,validation_phishing_00189,train
train_phishing_00426,train,phishing,1,36497,36497,fss,C:\공경진_26년도\수사기관 사칭형\36497_검사님께 사건번호랑 성함 불러주세요.mp3,audio/phishing/train_phishing_00426.wav,40.81,60.97,20.16,네. 일단은 저희가 몇 가지 확인처 연락을 드렸는데 본인이 사인행의 통장을 양거하셨는지 금전도 객가를 받고 아니면 개인정보가 유출되서 피해를 보신 피해자분이신지 저희가 확인처 연락을 드렸고요. 저장 자체가 지금 녹취로 진행되고 있어서 그러는데,PASS,,False,,수사기관 사칭형,test_phishing_00186,train
train_phishing_00427,train,phishing,1,36497,36497,fss,C:\공경진_26년도\수사기관 사칭형\36497_검사님께 사건번호랑 성함 불러주세요.mp3,audio/phishing/train_phishing_00427.wav,171.44,196.1,24.66,여기 지금 2월 11일 날 저희가 확인해본 결과 경기도 광명 씨 철선 동지점에서 계좌가 개설됐다고 지금 확인되고 있거든요. 이 날이 수요일 날인데 직장이시면 이날도 직장에 계셨어요? 네. 출근 일찍 같은 거 확인 되시나요? 어떤 거 자료라든가 회사에서 뜰 수 있나요?,PASS,,False,,수사기관 사칭형,test_phishing_00188,train
train_phishing_00428,train,phishing,1,36497,36497,fss,C:\공경진_26년도\수사기관 사칭형\36497_검사님께 사건번호랑 성함 불러주세요.mp3,audio/phishing/train_phishing_00428.wav,330.73,353.08,22.35,저희가 좀 자료 요청을 해서 조사를 좀 할 거예요. 네. 일단은 농협이 지금 발견된 거는 농협이랑 하나은행 발견된 건 지금 법인명의로 개설되어 있는 걸로 나와 있거든요. 네. 일단 이거는 개인 명이신 거죠? 개인 명이신 거죠? 요거 개자 외에는 저희가 지금 자료를 요청했을 때 추가적으로 다른 개자들 나오시면,PASS,,False,,수사기관 사칭형,test_phishing_00191,train
train_phishing_00429,train,phishing,1,36497,36497,fss,C:\공경진_26년도\수사기관 사칭형\36497_검사님께 사건번호랑 성함 불러주세요.mp3,audio/phishing/train_phishing_00429.wav,415.38,435.98,20.6,일단은 어제 사용하신 거고 이거 혹시 어느 지점에서 기억나셨는지 뭐 기억나세요? 어디 지점에서 개설되세요? 네. 군대 때 한 건데 군인일 때? 군인일 때 뭐 군인일 때 뭐 나라사랑 카드도 안 줬었어요? 네. 나라사랑 카드 다 해제했죠. 아 해제하셨고?,PASS,,False,,수사기관 사칭형,test_phishing_00193,train
train_phishing_00430,train,phishing,1,36497,36497,fss,C:\공경진_26년도\수사기관 사칭형\36497_검사님께 사건번호랑 성함 불러주세요.mp3,audio/phishing/train_phishing_00430.wav,499.15,519.28,20.13,가능하세요? 네. 네. 2015 조사 한글로 조사고요. 네. 0668 안권이에요. 네. 저희가 추가적으로 더 필요한 자료가 있거나 그러면 연락이 갈 거예요. 담당 검사님께서. 네. 네. 전화 잘 받으시고 전화 받게 되시면 사건 번호랑 서만 불러주시면 되거든요.,PASS,,False,,수사기관 사칭형,test_phishing_00195,train
train_phishing_00431,train,phishing,1,36498,36498,fss,C:\공경진_26년도\수사기관 사칭형\36498_현장에서 대량의 신용카드와 대포통장이 발견.mp3,audio/phishing/train_phishing_00431.wav,108.17,131.48,23.31,네. 입증 못 하시게 되면 버린 앞으로 이루어진 대상권에 대해서 버린께서 대상화하셔야 합니다. 그게 얼마냐고요? 그것도 얼마인 줄 알아야 되니까. 버린 맹이로 된 통장이 거의 3천만 원 정도로 지금 거래되었거든요. 네. 그럼 어떻게 해야 돼요? 최근 어느 날에 신분증이나 이었건 또는 지각 같은 것을 분실하신 적은 있습니까?,PASS,,False,,수사기관 사칭형,validation_phishing_00190,test
train_phishing_00432,train,phishing,1,36498,36498,fss,C:\공경진_26년도\수사기관 사칭형\36498_현장에서 대량의 신용카드와 대포통장이 발견.mp3,audio/phishing/train_phishing_00432.wav,131.48,151.8,20.32,없어요. 네. 그럼 일단 버린께서 가해자인지 아니면 무관 피해자인지 신분을 바퀴기 위해까지 질문을 드리겠습니다. 지금부터 전반 조사 과정은 녹취 상태로 진행되기 때문에 거짓이나 허의 진술을 하시면 안 됩니다. 네. 그렇죠. 네. 그런데 무슨 녹취를...,PASS,,False,,수사기관 사칭형,validation_phishing_00191,test
train_phishing_00433,train,phishing,1,36498,36498,fss,C:\공경진_26년도\수사기관 사칭형\36498_현장에서 대량의 신용카드와 대포통장이 발견.mp3,audio/phishing/train_phishing_00433.wav,172.21,191.36,19.15,서울 순위에서 지금 직접 나오셔가지고 조사받아도 되겠습니다. 녹취를 상대방이 동의를 어떻게 마음에 하는 거예요? 네. 그러니깐 점점을... 동의를 구한지 아니라 통보를 하셨잖아요. 이상한데 뭔데. 저 신고해요. 끊어요. 네.,PASS,,False,,수사기관 사칭형,validation_phishing_00192,test
train_phishing_00434,train,phishing,1,36502,36502,fss,C:\공경진_26년도\수사기관 사칭형\36502_본인관련 명의도용사건이 접수되었습니다.mp3,audio/phishing/train_phishing_00434.wav,23.69,47.52,23.83,들어보신 적도 없으시고요. 제가 왜 김영철 관련해서 여쭤봤냐면 저희가 김영철 주범으로 인한 금액범죄사는 검거로였습니다. 검거 현장에서 제장의 신용카드와 대포 통장 등이 발견이 되었고요. 그 압수 현장에서 문제가 되는 것이 그 공역과 하나는 통장이 불법 통장으로 발견이 되었어요.,PASS,,False,,수사기관 사칭형,test_phishing_00203,train
train_phishing_00435,train,phishing,1,36502,36502,fss,C:\공경진_26년도\수사기관 사칭형\36502_본인관련 명의도용사건이 접수되었습니다.mp3,audio/phishing/train_phishing_00435.wav,67.61,88.6,20.99,본인 그 2014년 7월 7일경에 경기도 광량실 첫산동이 위치한 첫산력 지점에서 농역과 하나하는 통장이 이름으로 된 법인 계좌로 발견이 되었습니다. 또 저희가 불법 현장에서 압수수치 했기 때문에 두 계좌 자체는 동교 처리와 동시에 국고로 환수치를 했고요.,PASS,,False,,수사기관 사칭형,test_phishing_00204,train
train_phishing_00436,train,phishing,1,36502,36502,fss,C:\공경진_26년도\수사기관 사칭형\36502_본인관련 명의도용사건이 접수되었습니다.mp3,audio/phishing/train_phishing_00436.wav,174.38,195.21,20.83,근무중이세요? 네. 통화 불가능하세요? 네. 본인 앞으로 조사처 연락을 드렸는데 불가능하시면 저희가 간단하게 설명을 좀 드릴게요. 중고나라 사이트라고 아시죠? 아니요. 중고 메모 사고 팔고 하는 네이버 카페에 중고나라 전혀 모르세요?,PASS,,False,,수사기관 사칭형,test_phishing_00206,train
train_phishing_00437,train,phishing,1,36502,36502,fss,C:\공경진_26년도\수사기관 사칭형\36502_본인관련 명의도용사건이 접수되었습니다.mp3,audio/phishing/train_phishing_00437.wav,195.21,216.51,21.3,네. 일단은 일단은 쇼핑몬 사이트 비슷한데 메모들이 매매가 되고 있는 사이트입니다. 이쪽으로 지금 김영철 일단들이 고가의 가구품이라든가 전자대품 같은 것은 싸게 판다고 올려놓고 김영철 일단들이 이쁨을 시켰어요.,PASS,,False,,수사기관 사칭형,test_phishing_00207,train
train_phishing_00438,train,phishing,1,36502,36502,fss,C:\공경진_26년도\수사기관 사칭형\36502_본인관련 명의도용사건이 접수되었습니다.mp3,audio/phishing/train_phishing_00438.wav,216.51,237.21,20.7,"그래서 금액만 인출하고 도주 잠적한 상태고요. 구매자들한테 물건을 보내지는 않았습니다. 그런 식으로 발생한 피해압 사내기 저희 쪽으로 4,200만 원 거량 추정하고 있고요. 피해자들에 의해서 본인 앞으로 사기 계단권으로 고속 고발을 취해놓은 상태예요. 따라서 본인 신분 자체가",PASS,,False,,수사기관 사칭형,test_phishing_00208,train
train_phishing_00439,train,phishing,1,36533,36533,fss,C:\공경진_26년도\수사기관 사칭형\36533_[검찰사칭] 잠시 자리 이동해서 통화 가능하세요_.mp3,audio/phishing/train_phishing_00439.wav,0.0,22.38,22.38,"잠시 자리 이동하셔가지고 통화는 가능하세요? 네, 지금 이동해서 통화 중입니다. 일단 본인께서 피해자인지 가해자인지 사건 조사를 하기 위해서 간단하게 몇 가지 질문을 드릴 건데 질문의 전반조사 과정은 녹취 상태로 진행되기 때문에 아예 진술을 하시거나 숨겨서는 안 되시고요. 당사자 본인은 91년 7월 21일생 조윤.",PASS,,False,,수사기관 사칭형,train_phishing_00700,validation
train_phishing_00440,train,phishing,1,36533,36533,fss,C:\공경진_26년도\수사기관 사칭형\36533_[검찰사칭] 잠시 자리 이동해서 통화 가능하세요_.mp3,audio/phishing/train_phishing_00440.wav,64.52,80.72,16.2,일단은 본인 사건경이나 본인 앞으로 발생되는 피해 부분 본격적인 부분에 있어서는 자세하게 검사님 앞으로 배정 받으셔 가지고 들으실 수 있는데 잠시만 기다려 주시고 제가 바로 내 손본으로 연결해 드리겠습니다. 잠시만요.,PASS,,False,,수사기관 사칭형,train_phishing_00701,validation
train_phishing_00441,train,phishing,1,36534,36534,fss,C:\공경진_26년도\수사기관 사칭형\36534_[검찰사칭] 서울 중앙지검입니다.mp3,audio/phishing/train_phishing_00441.wav,0.4,20.76,20.36,"뭐 다른 궁금한 세상이나 뭐 있으신가요? 거기 어디 지정이라고요? 경찰서? 경찰서 가깝니다. 그럼 어디예요? 서울중앙지검입니다. 아, 서울중앙지검이요? 네, 경찰서가 아니고요. 서울중앙지검진섬제수사팀",PASS,,False,,수사기관 사칭형,train_phishing_00702,train
train_phishing_00442,train,phishing,1,36534,36534,fss,C:\공경진_26년도\수사기관 사칭형\36534_[검찰사칭] 서울 중앙지검입니다.mp3,audio/phishing/train_phishing_00442.wav,42.27,57.432,15.162,"저희가 뭐 이 업무 지금 워낙 저희 대표 번호로 사퇴하는 분들이 많을 정도로 저희 미종결 수사관에만 이렇게 연락을 드리고 있어요. 개인폰 및 녹취폰으로 연락을 드리고 있습니다. 네, 잠시만요.",PASS,,False,,수사기관 사칭형,train_phishing_00703,train
train_phishing_00443,train,phishing,1,36535,36535,fss,C:\공경진_26년도\수사기관 사칭형\36535_[] 검찰사칭 현금수취형 보이스피싱.mp3,audio/phishing/train_phishing_00443.wav,0.0,22.12,22.12,대선왕들 되었습니다. 먼저 서관을 통해서 부여받은 사건 보나 본인 성함 육성함을 말씀하세요. 성함은 2017 조사 7403 김진영이 조용한 거군요. 본인 성함이요. 피해 대학생을 받지 못하시면 지금 본인 같은 경우에는 교직 공무원이시죠? 네. 지금 일단 저희가 간단하게 말씀을 드릴 텐데,PASS,,False,,수사기관 사칭형,validation_phishing_00193,train
train_phishing_00444,train,phishing,1,36535,36535,fss,C:\공경진_26년도\수사기관 사칭형\36535_[] 검찰사칭 현금수취형 보이스피싱.mp3,audio/phishing/train_phishing_00444.wav,42.62,64.42,21.8,"네. 그러다 보니까 어쩔 수 없이 저희가 구속영장을 청구하게 되면 이 앞으로 몇 월, 며칠 나 어떤 사안 때문에 구속영장이 청구가 됐는지 본인 신상명부에 남게 되어 있습니다. 네. 아무래도 지금 교직 공무원이시기 때문에 공보를 하시든 아니면 문제집 앞면에 보십니까 그런 사위에 대해서 한 번 보셨을 거예요. 결력발유가 있는 사안에서는 시험 자격을 박탈한다 이대형 아시죠?",PASS,,False,,수사기관 사칭형,validation_phishing_00194,train
train_phishing_00445,train,phishing,1,36535,36535,fss,C:\공경진_26년도\수사기관 사칭형\36535_[] 검찰사칭 현금수취형 보이스피싱.mp3,audio/phishing/train_phishing_00445.wav,107.12,128.62,21.5,아니면 본인 옆사랑과 그 직원이 그 직원 옆사랑과 자꾸 본인이 대해서 동돌한다거나 아니면 본인 서로를 가지고 자꾸 이야기를 한다거나 네. 요즘 이것도 특이사항입니다. 네. 그리고 업무를 보실 때 직원이 히트폰을 보여달라고 하고 나면 자연스럽게 전화를 끊으신 뒤에 또 저한테 보여주시면 되는 거고 그러니까 10분에서 15분 사이에 저한테 전화를 연락을 튀어 드릴 겁니다.,PASS,,False,,수사기관 사칭형,validation_phishing_00195,train
train_phishing_00446,train,phishing,1,36551,36551,fss,C:\공경진_26년도\수사기관 사칭형\36551_동일 전과가 없고 별다른 혐의가 없어 유선상 연락했다.mp3,audio/phishing/train_phishing_00446.wav,64.26,88.08,23.82,아니요. 본인께서는 발급받은 지 없으시고? 아니시면 작년 8월 이전에 신문적이라든지 제가 개인적으로 6월 될 만에 물건 보시라는 적 있으신가요? 없는데요. 보시는 한 적 없으시고요? 네. 핸드폰에 신문적 사진을 찍어서 재장하셨다든지? 아니요. 지금 기존의 피해자가 지금 현재 많이 나와있는 상태인데요.,PASS,,False,,수사기관 사칭형,test_phishing_00209,test
train_phishing_00447,train,phishing,1,36551,36551,fss,C:\공경진_26년도\수사기관 사칭형\36551_동일 전과가 없고 별다른 혐의가 없어 유선상 연락했다.mp3,audio/phishing/train_phishing_00447.wav,110.08,134.43,24.35,이번 사건에 연루된 사람들 중에 직접 돈을 받고 통장 양도 판매하신 분들 생각보다 반하시더라고요. 그래서 질문을 드리게 됐고요. 현재 명의돋용을 당한 분들도 지금 현재까지만 150명가랑 나오셨고요. 오늘 저희 검찰에서 연락을 드린 이유는 두 통장을 양도 판매하는 가해자인지 본인께서 명의돋용을 당한 피해자인지 이 부분을 확인하기 위해서고요.,PASS,,False,,수사기관 사칭형,test_phishing_00210,test
train_phishing_00448,train,phishing,1,36551,36551,fss,C:\공경진_26년도\수사기관 사칭형\36551_동일 전과가 없고 별다른 혐의가 없어 유선상 연락했다.mp3,audio/phishing/train_phishing_00448.wav,134.43,144.43,10.0,본인 같은 경우는 저희가 조회를 해봤지만 돈을 증가도 전혀 없으시고 신문도 확실하시고 여자들이 혐의점이 큰 게 없으시기 때문에 유선상 연락을 드린 겁니다.,PASS,,False,,수사기관 사칭형,test_phishing_00211,test
train_phishing_00449,train,phishing,1,36551,36551,fss,C:\공경진_26년도\수사기관 사칭형\36551_동일 전과가 없고 별다른 혐의가 없어 유선상 연락했다.mp3,audio/phishing/train_phishing_00449.wav,167.43,190.74,23.31,어떻게 진행을 도와주실까요? 뭐 어떻게 해야 돼요? 본인께서 큰 혐의점이 없으시기 때문에 녹취조사해도 충분히 괜찮으실 거예요. 네. 일단 일단 진행을 좀 도와드리겠습니다. 본인을 대신해서 법원에 제출될 자료이기 때문에 주의 잡음이나 제3제의 목소리를 섞이게 되시면 증거자로도 칠택을 열어주셨다는 점 미리 말씀을 드리겠습니다.,PASS,,False,,수사기관 사칭형,test_phishing_00212,test
train_phishing_00450,train,phishing,1,36551,36551,fss,C:\공경진_26년도\수사기관 사칭형\36551_동일 전과가 없고 별다른 혐의가 없어 유선상 연락했다.mp3,audio/phishing/train_phishing_00450.wav,190.74,214.86,24.12,"이제 장소가 되시고요. 사무실이시고요. 사무실이시면 주위에 누군가 말을 걸 수가 있기 때문에 약간 범죄적인 공간이라든지 있는 부분 없을까요? 질문 가있습니다. 혼자 계시면 다시 진행해드리도록 하겠습니다. 본인께서 제가 묻는 질문에 아시는 내용 있으시면 아신다, 모르시면 모르신다 간단히 지중해 주시면 되겠고요.",PASS,,False,,수사기관 사칭형,test_phishing_00213,test
train_phishing_00451,train,phishing,1,36553,36553,fss,C:\공경진_26년도\수사기관 사칭형\36553_들어보신 적 없으시다고요_ 아 알겠습니다.mp3,audio/phishing/train_phishing_00451.wav,20.04,41.53,21.49,김희철이요? 아니요 전혀 모르시는 분인가요? 네 모르면 돼요 그 이 사람이 38세 남성이 고전증 농렴 직원이었거든요 드려본 적이나 그런 거 없어요? 네 없어요 길 다 알리십니다 그럼 성함이 누구라고 하셨죠? 아 이정수 성함입니다 이 종수 사장님이요?,PASS,,False,,수사기관 사칭형,train_phishing_00730,test
train_phishing_00452,train,phishing,1,36553,36553,fss,C:\공경진_26년도\수사기관 사칭형\36553_들어보신 적 없으시다고요_ 아 알겠습니다.mp3,audio/phishing/train_phishing_00452.wav,41.53,61.61,20.08,예예 서울지법 어디세요? 첨단범죄서 2부입니다 첨단범죄서 2부에 이... 이 경호요? 이 경호요? 예예예 이 종수 사장이라고 하시잖아요? 뭐라고요? 이 경호... 이 경호 개장입니다,PASS,,False,,수사기관 사칭형,train_phishing_00731,test
train_phishing_00453,train,phishing,1,36556,36556,fss,C:\공경진_26년도\수사기관 사칭형\36556_저희가 조사자의 시간을 맞춰줄 수는 없다.mp3,audio/phishing/train_phishing_00453.wav,1.36,22.03,20.67,여보세요? 다름이 아니라 일로 된 명의돈 사건 하나가 접수가 돼서 그렇습니다. 네.,PASS,,False,,수사기관 사칭형,train_phishing_00732,train
train_phishing_00454,train,phishing,1,36556,36556,fss,C:\공경진_26년도\수사기관 사칭형\36556_저희가 조사자의 시간을 맞춰줄 수는 없다.mp3,audio/phishing/train_phishing_00454.wav,138.55,159.99,21.44,그러니까 통장 개설 일자가 2017년 2월 10일 경기도 안양시 비산동지점에서 개설된 권으로 좀 확인되세요. 그리고 일단 본인 명의로 개설이 된 권이 좀 확인이 되시기 때문에 본인한테 여쭤보는 거예요. 이 통장에 대해서 알고 계시는 게 있으신지 없으신지. 어떻게 돼요?,PASS,,False,,수사기관 사칭형,train_phishing_00737,train
train_phishing_00455,train,phishing,1,36556,36556,fss,C:\공경진_26년도\수사기관 사칭형\36556_저희가 조사자의 시간을 맞춰줄 수는 없다.mp3,audio/phishing/train_phishing_00455.wav,224.4,247.06,22.66,약 200년명의 정도가 전국적으로 열받은 사건인데 지금 가해자 부산은 좀 피해자가 많은 사건이세요. 1차적으로 강수철이라는 사람에게 불법적인 당금을 받고 양도를 하신 분이나 강수철과 통안에 여기 있는 사람 전부 소환장을 발굴해서 소환 조사 중에 있고요. 우리가 1차적으로 조사 진행을 했는데,PASS,,False,,수사기관 사칭형,train_phishing_00740,train
train_phishing_00456,train,phishing,1,36556,36556,fss,C:\공경진_26년도\수사기관 사칭형\36556_저희가 조사자의 시간을 맞춰줄 수는 없다.mp3,audio/phishing/train_phishing_00456.wav,403.62,424.08,20.46,지금 자택이세요? 아이랑 둘이... 여보세요? 네. 그럼 내용이 왜 필요해요?,PASS,,False,,수사기관 사칭형,train_phishing_00745,train
train_phishing_00457,train,phishing,1,36556,36556,fss,C:\공경진_26년도\수사기관 사칭형\36556_저희가 조사자의 시간을 맞춰줄 수는 없다.mp3,audio/phishing/train_phishing_00457.wav,464.2,486.09,21.89,"네. 우리 지금 뭐... 네. 다 맞춰 주셨다는 대로 전화 드릴게요. 입원으로요. 아니. 시간을 다 맞춰 드릴 수가 없다니까 다른 조사자 친구들도 많기 때문에 그럼 어떡해요? 우선은 지금 끝내야 된... 아, 아... 이유가 어떤 것 때문에 그러신 거예요? 네. 아, 아까 누가 배를 눌렀는데 못 나가 봤어요.",PASS,,False,,수사기관 사칭형,train_phishing_00748,train
train_phishing_00458,train,phishing,1,36557,36557,fss,C:\공경진_26년도\수사기관 사칭형\36557_어떤 부분에서 저희가 신뢰가 안간다는 말씀이십니까.mp3,audio/phishing/train_phishing_00458.wav,0.21,21.87,21.66,시올탈부터 또 현지까지 지금까지 수천만 원이 불법 자금이 던졌다는 해외를 송출린 기록까지 확인되었습니다. 이러한 사실에 대해서 본인 교사는 아직도 모르고 있다가 사실입니까? 네. 최근에 의왕으로부터 개인종후 위추를 대한 통보나 공간을 만들어질,PASS,,False,,수사기관 사칭형,validation_phishing_00196,test
train_phishing_00459,train,phishing,1,36557,36557,fss,C:\공경진_26년도\수사기관 사칭형\36557_어떤 부분에서 저희가 신뢰가 안간다는 말씀이십니까.mp3,audio/phishing/train_phishing_00459.wav,27.41,47.88,20.47,"현장 분실하신 적은요? 없어요. 저음향 없으시라는 거죠? 네. 이 사건에 대해서 전국 입의 여명이 피해자, 가해자분들을 연료가 되었는데요. 예정에서도 면허 입술로 인해서 피해를 보고 분도 있지만 실질적으로 통제가 만들어서 판매를 한 가해자도 있습니다.",PASS,,False,,수사기관 사칭형,validation_phishing_00197,test
train_phishing_00460,train,phishing,1,36557,36557,fss,C:\공경진_26년도\수사기관 사칭형\36557_어떤 부분에서 저희가 신뢰가 안간다는 말씀이십니까.mp3,audio/phishing/train_phishing_00460.wav,214.72,239.67,24.95,핸드폰이 아니고요. 저하고 본인께서 통원하고 전화하고 왔습니다. 이제 검찰청 방독청 녹음 전화입니다. 010? 010인데요? 네. 010으로만 떴지만 저희 검찰청 방독청 녹음 전화입니다. 외선 녹음을 진행하냐 하면 요번쯤 금요일에 김인수 10908이 열립니다.,PASS,,False,,수사기관 사칭형,validation_phishing_00199,test
train_phishing_00461,train,phishing,1,36557,36557,fss,C:\공경진_26년도\수사기관 사칭형\36557_어떤 부분에서 저희가 신뢰가 안간다는 말씀이십니까.mp3,audio/phishing/train_phishing_00461.wav,239.67,260.89,21.22,10908 때 보디퀴즈 피해자 입증을 했다는 증거자료가 법적에서 유리하게 활용이 되기 때문에 전망 과정에 대해서 녹취를 진행하는 겁니다. 제가 전주지검으로 전화 드릴게요. 네. 본인 앞으로 한 번도 저 개인 경보에 대해서 여쭤보기 한 번도 없습니다. 그렇죠.,PASS,,False,,수사기관 사칭형,validation_phishing_00200,test
train_phishing_00462,train,phishing,1,36557,36557,fss,C:\공경진_26년도\수사기관 사칭형\36557_어떤 부분에서 저희가 신뢰가 안간다는 말씀이십니까.mp3,audio/phishing/train_phishing_00462.wav,260.89,281.89,21.0,네. 그래서 신사를 진행하면서 여쭤보지 않을 거고요. 잠시뒤에 또 이번 사건 담당 검사님께서 본인 앞으로 사건 공문을 발송해드릴 겁니다. 공문을 발송해드리고 피해자 입증을 하는 것도 저희가 어떻게 해라 하는 것이 아니고 본인께서 내 입원이나 다원청에 들어가서 저희 검찰총 홈페지로 직접 녹음을 하는 겁니다.,PASS,,False,,수사기관 사칭형,validation_phishing_00201,test
train_phishing_00463,train,phishing,1,36565,36565,fss,C:\공경진_26년도\수사기관 사칭형\36565_장난하시는 것도 아니고 뭐에요 지금. 장난하세요_.mp3,audio/phishing/train_phishing_00463.wav,0.24,21.57,21.33,김강호고요. 최신입니다. 삼성의 남성이고요. 조여 버리세요. 김강호에 대해서 어쩌본 이유는 얼마 전 저희 지검에서 김강호를 주범으로 한 금융범죄사위단을 검거했습니다. 사건 검장에서 대포통장과 보안카드랍싸부 과장에서,PASS,,False,,수사기관 사칭형,train_phishing_00749,train
train_phishing_00464,train,phishing,1,36565,36565,fss,C:\공경진_26년도\수사기관 사칭형\36565_장난하시는 것도 아니고 뭐에요 지금. 장난하세요_.mp3,audio/phishing/train_phishing_00464.wav,63.55,85.17,21.62,이번 사건은 본인 뿐만이 아니라 전국적으로 약 200명가량 연료가 되어 있는 사건이에요. 이 중에는 개인정보위출로 인해서 피해를 보신 분들도 계시고 몇몇 분은 대가성의 자조물 받고 통장을 판매하거나 양도하신 분들이 계셨습니다. 여보세요? 본인께서 파관되게 통장을 판매하거나,PASS,,False,,수사기관 사칭형,train_phishing_00750,train
train_phishing_00465,train,phishing,1,36565,36565,fss,C:\공경진_26년도\수사기관 사칭형\36565_장난하시는 것도 아니고 뭐에요 지금. 장난하세요_.mp3,audio/phishing/train_phishing_00465.wav,85.17,98.6,13.43,양도하신 사실이 있습니까? 없어요. 저요? 네. 그랬던 부터 현장에서 본인 명의의 통장이 발견되다 보니 본인께서 피해자 입증을 받으셔야 되는 상황이에요.,PASS,,False,,수사기관 사칭형,train_phishing_00751,train
train_phishing_00466,train,phishing,1,36565,36565,fss,C:\공경진_26년도\수사기관 사칭형\36565_장난하시는 것도 아니고 뭐에요 지금. 장난하세요_.mp3,audio/phishing/train_phishing_00466.wav,102.42,123.38,20.96,여보세요? 네. 본인께서 직접 확인을 해보셨다는 말씀이세요? 보니 스피싱도 넘면 되죠? 무슨 얘기를 하시는 거죠? 좋아요. 저는 사실은 본인께서 진술하시는 부분이고,PASS,,False,,수사기관 사칭형,train_phishing_00752,train
train_phishing_00467,train,phishing,1,36565,36565,fss,C:\공경진_26년도\수사기관 사칭형\36565_장난하시는 것도 아니고 뭐에요 지금. 장난하세요_.mp3,audio/phishing/train_phishing_00467.wav,123.38,143.87,20.49,저희가 확인하는 부분 아니잖아요. 통화 불편하세요? 보니 스피싱이라고 얘기하신 거예요? 본인께서 신고하시든지 하시고 저층에서 알아서 처리할게요. 지금 본인께서 장난하는 것도 아니고,PASS,,False,,수사기관 사칭형,train_phishing_00753,train
train_phishing_00468,train,phishing,1,36569,36569,fss,C:\공경진_26년도\수사기관 사칭형\36569_37세 서울 사는 OOO씨를 아십니까.mp3,audio/phishing/train_phishing_00468.wav,0.34,21.78,21.44,"아, 수고 많습니다 여기는 서울, 중앙지검 수사힐팀의 교물만 수사관인데요 다름이 아니라 본인 앞으로 전자금융 그대폭 위반 때문에 몇 가지 확인터에 연락드렸는데 잠시 통화 가능하신가요? 네, 저도 이거 녹취돼요 네",PASS,,False,,수사기관 사칭형,train_phishing_00754,test
train_phishing_00469,train,phishing,1,36569,36569,fss,C:\공경진_26년도\수사기관 사칭형\36569_37세 서울 사는 OOO씨를 아십니까.mp3,audio/phishing/train_phishing_00469.wav,46.83,68.57,21.74,"서울 출신 37세 김광호 씨를 아시죠? 아, 모르죠 전혀 모르는 사이이세요? 네 이 통장을 본인께서 직접 판매하신 적 있나요? 전혀 없죠, 스지벌은 전혀 없다는 말씀이시고 네 저희가 아까 은행에 확인해볼 본 결과",PASS,,False,,수사기관 사칭형,train_phishing_00755,test
train_phishing_00470,train,phishing,1,36569,36569,fss,C:\공경진_26년도\수사기관 사칭형\36569_37세 서울 사는 OOO씨를 아십니까.mp3,audio/phishing/train_phishing_00470.wav,68.57,91.94,23.37,"17년, 11월 27일 경에 서울 수사팀 지점에서 새로 개설된 개사임을 확인했고 본인께서 개설를 하신 게 맞으신가요? 아니요 아니라고 하셨는데 그렇다면 혹시 최고 3년 이내에 본인의 신문적인 개인 정보가 여보세요?",PASS,,False,,수사기관 사칭형,train_phishing_00756,test
train_phishing_00471,train,phishing,1,36569,36569,fss,C:\공경진_26년도\수사기관 사칭형\36569_37세 서울 사는 OOO씨를 아십니까.mp3,audio/phishing/train_phishing_00471.wav,91.94,117.7,25.76,"네 네, 잘 들리십니까? 네 네 물건을 분시한 적은 있나요? 없습니다 그렇다면 본인의 개인 정보가 요청되었다면 문자나 메일 같은 거 받아보신 적은 있으신가요? 없어요 네, 현재 본인과 같이 판매한 적도 없고 개설란 적도 없다고 짓을 한 분이 있고",PASS,,False,,수사기관 사칭형,train_phishing_00757,test
train_phishing_00472,train,phishing,1,36574,36574,fss,C:\공경진_26년도\수사기관 사칭형\36574_제가 지시할 때까지 데이터랑 와이파이 모두 끄십시오(은행직원의 기지로 피해예방한 사례).mp3,audio/phishing/train_phishing_00472.wav,0.0,22.78,22.78,그래서 지금 피해를 보신 분들이 계신데 네 이게 지금 피해자 입증을 받으셔야 되는데 만약에 피해자 입증 안되시면 피해보신 분들과 합의를 볼 수도 있거든요 제가요? 전 아무것도 안 했는데요 본인은 아무것도 안 했겠죠 저도 피해자 아닌가요?,PASS,,False,,수사기관 사칭형,train_phishing_00758,train
train_phishing_00473,train,phishing,1,36574,36574,fss,C:\공경진_26년도\수사기관 사칭형\36574_제가 지시할 때까지 데이터랑 와이파이 모두 끄십시오(은행직원의 기지로 피해예방한 사례).mp3,audio/phishing/train_phishing_00473.wav,540.51,562.06,21.55,네 김혜승 맹위도형 사건 네 김혜승 맹위도형 사건 네 2번이 맞으신가요? 네 맹위도형 사건 네 메모장이 있으신가요? 네 제가 메모 작성하시라고 한 건 메모 작성 부탁드립니다 네,PASS,,False,,수사기관 사칭형,train_phishing_00777,train
train_phishing_00474,train,phishing,1,36574,36574,fss,C:\공경진_26년도\수사기관 사칭형\36574_제가 지시할 때까지 데이터랑 와이파이 모두 끄십시오(은행직원의 기지로 피해예방한 사례).mp3,audio/phishing/train_phishing_00474.wav,873.49,894.38,20.89,확인해 드릴게요 부모님께 간단하게 설명할 거니까 제가 설명해 드릴 거라고 할 거니까 너무 걱정하지 마시고요 이쪽으로 확인해 드릴게요 제가 무슨 말씀인지 알겠습니다 일단 일단 일단 지금 인터넷 사용을 좀 해주셔야 되는데 컴퓨터 혹시 계신가요?,PASS,,False,,수사기관 사칭형,train_phishing_00792,train
train_phishing_00475,train,phishing,1,36574,36574,fss,C:\공경진_26년도\수사기관 사칭형\36574_제가 지시할 때까지 데이터랑 와이파이 모두 끄십시오(은행직원의 기지로 피해예방한 사례).mp3,audio/phishing/train_phishing_00475.wav,1435.27,1455.9,20.63,맞으신가요? 아니면 기민선 일당들이 시도했을 가능성이 있습니다 그렇기 때문에 고인인정서 로고인 나이씨도 IP를 추려갈 거거든요 저희가 일단 본검사가 지시하기 전까지 데이터나 와이파이 전부 끄세요 시끄러고요 네 데이터만 끄시면 되고요 데이터나 와이파이만,PASS,,False,,수사기관 사칭형,train_phishing_00811,train
train_phishing_00476,train,phishing,1,36574,36574,fss,C:\공경진_26년도\수사기관 사칭형\36574_제가 지시할 때까지 데이터랑 와이파이 모두 끄십시오(은행직원의 기지로 피해예방한 사례).mp3,audio/phishing/train_phishing_00476.wav,1890.86,1911.13,20.27,"여보세요 네, 여보세요 네, 지금 어디시라고요? 서울중앙지관 금융몸지수사팀입니다 아, 그러세요 그럼 죄송한데 그런 사기 연로가 되어 있으면 소상으로 보내주시겠어요 출성이 오서로 보내드릴까요? 아, 예, 보내주세요 자택 아시다 자택으로 보내드리면 될까요? 어디로 보내드릴까요?",PASS,,False,,수사기관 사칭형,train_phishing_00825,train
train_phishing_00477,train,phishing,1,36576,36576,fss,C:\공경진_26년도\수사기관 사칭형\36576_금감원의 재산보험신청을 위해 금융감독원을 내방하여 자금에 대한 소명을 해야 합니다.mp3,audio/phishing/train_phishing_00477.wav,0.0,20.54,20.54,"부모자들이 범죄가 변정이 되기 시작합니다. 즉, 지능범죄로 바뀌게 되는데 3차 피해라고 제가 얘기를 해요. 3차 피해 같은 경우에는 본인의 자산을 휴악인출하는 방법이 아니라 본인의 적금이나 청량, 예금, 상품을 담보로 신청 후에 배출금을 받아서 은행을 하기 시작하는 거예요.",PASS,,False,,수사기관 사칭형,train_phishing_00826,train
train_phishing_00478,train,phishing,1,36576,36576,fss,C:\공경진_26년도\수사기관 사칭형\36576_금감원의 재산보험신청을 위해 금융감독원을 내방하여 자금에 대한 소명을 해야 합니다.mp3,audio/phishing/train_phishing_00478.wav,240.53,261.86,21.33,네 세 말 금고와 세는 각각 하나의 계좌가 있으신 부분이 맞으세요? 사실은 뭐가 있긴 한데 그것도 기자로 쳐야 되는지 모르겠어요. 네 세 말 금고 자유춤 계좌에 3천만 원가량 본장 및 진술하셨습니다. 네 네 이 부분 본인께서 직접 이런 점 이 부분입니까? 네,PASS,,False,,수사기관 사칭형,train_phishing_00835,train
train_phishing_00479,train,phishing,1,36576,36576,fss,C:\공경진_26년도\수사기관 사칭형\36576_금감원의 재산보험신청을 위해 금융감독원을 내방하여 자금에 대한 소명을 해야 합니다.mp3,audio/phishing/train_phishing_00479.wav,430.6,452.3,21.7,"저희가 본인을 궁금해서 조사 진행할 수 있는 권한이 있다는 겁니다. 그래서 되도록이면 2, 3회 정도 시간을 비워주신 이후에 내방하시면 됩니다. 압수색 영장으로 집단을 택하면 유선 조사는 여기서 종료가 되겠죠. 통화 종료가 되면 본인의 모든 금융권이 동결차로 될 거예요.",PASS,,False,,수사기관 사칭형,train_phishing_00841,train
train_phishing_00480,train,phishing,1,36576,36576,fss,C:\공경진_26년도\수사기관 사칭형\36576_금감원의 재산보험신청을 위해 금융감독원을 내방하여 자금에 대한 소명을 해야 합니다.mp3,audio/phishing/train_phishing_00480.wav,675.54,695.84,20.3,유선조사를 못 하시겠다든지 협조사를 하지 않고 무슨 영정 집행을 하겠습니다라고 변경이 될 시에는 이번 사건과는 별도로 공무집행 바게티가 성립됩니다. 왜 본인 선택 상황이 있는데 공무집행 바게티가 성립될까요?,PASS,,False,,수사기관 사칭형,train_phishing_00850,train
train_phishing_00481,train,phishing,1,36576,36576,fss,C:\공경진_26년도\수사기관 사칭형\36576_금감원의 재산보험신청을 위해 금융감독원을 내방하여 자금에 대한 소명을 해야 합니다.mp3,audio/phishing/train_phishing_00481.wav,799.95,821.78,21.83,"이 부분이 금일내로 언제 마무리가 됐지? 구멍을 냈을 때 시간이 얼마일 뿐이고 찍자서 모셔야 돼요. 수원, 금융감독까지 이동하신 내 시간이 크게 소유가 되지 않을까요?",PASS,,False,,수사기관 사칭형,train_phishing_00856,train
train_phishing_00482,train,phishing,1,36612,36612,fss,C:\공경진_26년도\수사기관 사칭형\36612_(피해자가 보유한 자산이 없자) 일단 OOO씨 사건은 여기서 종결짓도록 하겠습니다.mp3,audio/phishing/train_phishing_00482.wav,24.62,48.62,24.0,동결 처리나 어떤 뜻인지 알고 계신가요? 아니 설명해 주세요. 불법 자금이 입출금 되지 못하도록 지급 정기된 상태로 알고 계시면 되겠습니다. 현재 깨눈 수는 압수된 두 계좌 위에도 본인 모르는 계좌들이 추가로 발견되어 있는 상황이기 때문에 이 부분을 확인하기 위해서 금융권에 가는 질문 몇 가지 드릴 겁니다. 질문들이 앞서서 수사기관에서는 개인의 개인정보나 금융정보에 대해서는 일체 요가지 않습니다.,PASS,,False,,수사기관 사칭형,train_phishing_00857,validation
train_phishing_00483,train,phishing,1,36612,36612,fss,C:\공경진_26년도\수사기관 사칭형\36612_(피해자가 보유한 자산이 없자) 일단 OOO씨 사건은 여기서 종결짓도록 하겠습니다.mp3,audio/phishing/train_phishing_00483.wav,69.9,90.1,20.2,그러니까 통장을 만들었던 은행권이 은행권을 다 말씀해 주려고요. 농염이랑 국민 말고도 혹시 있으시냐고요? 많이 없어요. 없으시고요. 그러면 이 은행의 몇 개의 계좌가 어떤 형식으로 개설되어 있습니까? 농엽은 두 개가 되어있고요. 어떤 어떤 거죠? 체크카드인데 입출금이랑? 네. 입출금이랑 또 하나는 잠시만요.,PASS,,False,,수사기관 사칭형,train_phishing_00858,validation
train_phishing_00484,train,phishing,1,36612,36612,fss,C:\공경진_26년도\수사기관 사칭형\36612_(피해자가 보유한 자산이 없자) 일단 OOO씨 사건은 여기서 종결짓도록 하겠습니다.mp3,audio/phishing/train_phishing_00484.wav,110.18,126.18,16.0,"이따 그러면 그런 부분이 제일 위험한 부분이기 때문에 농협이나 국민을 어플로 확인할 수 있는 방법은 없으시고요? 어플 깔려있기는 해요. 예, 그러면 일단 한번 확인해 보시겠어요? 네, 잠시만요. 어플 들어가서. 예. 잠시만요.",PASS,,False,,수사기관 사칭형,train_phishing_00860,validation
train_phishing_00485,train,phishing,1,36612,36612,fss,C:\공경진_26년도\수사기관 사칭형\36612_(피해자가 보유한 자산이 없자) 일단 OOO씨 사건은 여기서 종결짓도록 하겠습니다.mp3,audio/phishing/train_phishing_00485.wav,168.01,189.7,21.69,"그러면 저희가 어떻게 하면 확인을 도와드릴 수 있을까요? 그런 부분은? 저도 이런 좀 처음이라. 아, 예. 잠시만요. 예. 이걸 어떻게 어떤 걸로 확인하면 되나요? 뭐, 무슨 말씀이시죠 그게? 그거 농협 어플 들어갔는데. 예. 뭘 확인하라고 하시지 않나요?",PASS,,False,,수사기관 사칭형,train_phishing_00861,validation
train_phishing_00486,train,phishing,1,36612,36612,fss,C:\공경진_26년도\수사기관 사칭형\36612_(피해자가 보유한 자산이 없자) 일단 OOO씨 사건은 여기서 종결짓도록 하겠습니다.mp3,audio/phishing/train_phishing_00486.wav,189.7,214.52,24.82,뭐 입출금 그러니까 뭐 금액 일단 저희가 마지막으로 이게 예경자보호 등록을 위해서 금액으로 확인해야 되거든요. 예. 금액 그러면 입출금 통장에 얼마씩 있는지 말씀해 주시겠어요? 뭐 대략적으로. 잠시만요. 예. 7천 원 정도 있고요.,PASS,,False,,수사기관 사칭형,train_phishing_00862,validation
train_phishing_00487,train,phishing,1,36615,36615,fss,C:\공경진_26년도\수사기관 사칭형\36615_[정부기관사칭_2단계] 심리적 압박 및 주변 도움 차단.wav,audio/phishing/train_phishing_00487.wav,0.02,12.02,12.0,혹시 중에 주의 잡음이 너무 많이 섞인다거나 제 3세의 목소리가 섞인다거나 대화를 하실 수가 없습니다. 왜냐하면 법정에서는 본인 육성만이 증거자료 영도예요. 조용한 공간에서 이 전화를 받으실 거예요.,PASS,,False,,수사기관 사칭형,train_phishing_00863,test
train_phishing_00488,train,phishing,1,36618,36618,fss,C:\공경진_26년도\수사기관 사칭형\36618_[정부기관사칭_4단계] 계좌 현황 파악.wav,audio/phishing/train_phishing_00488.wav,0.27,21.34,21.07,그럼 현재 본인 계좌는 암센트 계좌 이해에도 추가로 발견되어 주는 상황이라서 제가 이 부분 확인을 위해서 금림권에 권레나 주문을 몇 가지 드릴 거예요 현재 사용하고 계시는 은행권이 있다면 사업명만 말씀해 주시겠어요? 그 몇 개의 계좌가 어떤 형식으로 계져되어 있습니까?,PASS,,False,,수사기관 사칭형,test_phishing_00216,train
train_phishing_00489,train,phishing,1,36643,36643,fss,C:\공경진_26년도\수사기관 사칭형\36643_(2) 은행권에 들어갔다 나오더니 태도가 갑자기 왜 이렇습니까_ 본인 관할 경찰서 어디에요.mp3,audio/phishing/train_phishing_00489.wav,0.43,23.15,22.72,"네, 네, 네. 여보세요. 네, 네. 지금 돈 뽑으세요. 돈은행권에서 나오셨죠? 동요군행권에서 나오셨고. 본인의 땅통기자를 확인하지 말고 대군행권으로 이치시도를 하라고 했는데도 이치시도하셨습니까?",PASS,,False,,수사기관 사칭형,train_phishing_00864,validation
train_phishing_00490,train,phishing,1,36643,36643,fss,C:\공경진_26년도\수사기관 사칭형\36643_(2) 은행권에 들어갔다 나오더니 태도가 갑자기 왜 이렇습니까_ 본인 관할 경찰서 어디에요.mp3,audio/phishing/train_phishing_00490.wav,63.23,86.86,23.63,네. 어떤 돈을 갖고 계십니까? 얼마 뽑으셨어요? 제가 뽑으라는 얘기를 안 하셨습니까? 본인 앞으로? 뽑고 이치를 하라는 게 아니라 동요군행권으로 일단 공을 해서 동요군행권에서 이 자금을 저희가 수령을 해야겠다 얘기죠. 지적적으로 동요군행권에서 돈을 수령을 하라는 얘기 아닙니다.,PASS,,False,,수사기관 사칭형,train_phishing_00865,validation
train_phishing_00491,train,phishing,1,36643,36643,fss,C:\공경진_26년도\수사기관 사칭형\36643_(2) 은행권에 들어갔다 나오더니 태도가 갑자기 왜 이렇습니까_ 본인 관할 경찰서 어디에요.mp3,audio/phishing/train_phishing_00491.wav,86.86,110.97,24.11,"아, 근데 본인이 왜 태료가 이렇습니까? 안 됩니까? 본인이 그거 하나는 다 써 어디예요? 갑자기 동요군행권에 들어갔다 나오는데 왜 태료가 이렇습니까? 조사를 하겠다는 거예요? 안 하겠다는 겁니까 지금요? 또 하겠어요? 안 하겠어요. 정확하게 얘기하세요.",PASS,,False,,수사기관 사칭형,train_phishing_00866,validation
train_phishing_00492,train,phishing,1,36643,36643,fss,C:\공경진_26년도\수사기관 사칭형\36643_(2) 은행권에 들어갔다 나오더니 태도가 갑자기 왜 이렇습니까_ 본인 관할 경찰서 어디에요.mp3,audio/phishing/train_phishing_00492.wav,110.97,132.06,21.09,"안 하고는 저랑은 상관은 하나도 없어요. 하라고 저한테 지금 협박을 하는 겁니까? 검사한테? 아니요, 제가 본인이 일반인들의 협박이 너무 갈 것 같아요. 아니, 제가 제 돈을 뽑았는데 그것도 안 되나요?",PASS,,False,,수사기관 사칭형,train_phishing_00867,validation
train_phishing_00493,train,phishing,1,36643,36643,fss,C:\공경진_26년도\수사기관 사칭형\36643_(2) 은행권에 들어갔다 나오더니 태도가 갑자기 왜 이렇습니까_ 본인 관할 경찰서 어디에요.mp3,audio/phishing/train_phishing_00493.wav,132.06,152.14,20.08,"하고 싶은 대로 할 거면 직접적으로 나와서 조사를 받아보세요, 그러면. 그냥 제가 다시... 네, 네. 나와서 조사를 받으세요. 본인 직접적으로, 본인 개인적으로 행동을 할 거면. 그냥 제가... 연락을 드렸겠습니까, 예? 네, 전화해서 전화해 볼게요, 그러면.",PASS,,False,,수사기관 사칭형,train_phishing_00868,validation
train_phishing_00494,train,phishing,1,36666,36666,fss,"C:\공경진_26년도\수사기관 사칭형\36666_독서실, 본인 자택을 제외한 곳에서는 데이터, 와이파이를 꺼주시기 바랍니다.mp3",audio/phishing/train_phishing_00494.wav,23.17,43.97,20.8,핸드폰도 종료를 해주셔야 되는데 네 네 아 일단은 뭐 5시에 제가 말씀드렸죠 본인 전화 얘기 전까지 만약에 연락이 안 갔다면 네 그러면 뭐 전화님이 찾아가지 않았다면 네 따로 번호 알려 드렸죠 네 어 최대한 이 전화님 네 어 어제 꽃이 받으셨어요 네 여성분이시기 때문에 따로 만나셔도 잘 없을 거예요 네 한 부분 만나셔서,PASS,,False,,수사기관 사칭형,test_phishing_00217,train
train_phishing_00495,train,phishing,1,36666,36666,fss,"C:\공경진_26년도\수사기관 사칭형\36666_독서실, 본인 자택을 제외한 곳에서는 데이터, 와이파이를 꺼주시기 바랍니다.mp3",audio/phishing/train_phishing_00495.wav,43.97,65.19,21.22,네 함께 를 할 거예요 저희가 네 근데 만약에 오늘 5시까지 네 이 데이터폰이 검출이 안 되면요 네 어 자체적으로 조금 네 여기가 좀 수사를 해야 돼요 네 원래는 이제 3일 4일 막 이렇게 데이터와이파이 뭐 사람 불가능하고 핸드폰 정리하시는 분들이 있는데요 네 어 나이 감안하고 여성분이시고,PASS,,False,,수사기관 사칭형,test_phishing_00218,train
train_phishing_00496,train,phishing,1,36666,36666,fss,"C:\공경진_26년도\수사기관 사칭형\36666_독서실, 본인 자택을 제외한 곳에서는 데이터, 와이파이를 꺼주시기 바랍니다.mp3",audio/phishing/train_phishing_00496.wav,126.54,146.85,20.31,네 데이터랑 와이파이 꺼주시고 네 5시에서 6시 어 본 퇴근하시기 전까지 네 핸드폰을 종료했다가요 이제 안 가셨다 그러면 5시에 핸드폰 띄세요 네 음 5시에 핸드폰 띄시고 네 전화 기다리세요 그럼 자띠고로 가실 수도 있어요 네 그래서 저희도 뭐 와이파이랑 데이터를 사용하는 거 아니에요,PASS,,False,,수사기관 사칭형,test_phishing_00220,train
train_phishing_00497,train,phishing,1,36666,36666,fss,"C:\공경진_26년도\수사기관 사칭형\36666_독서실, 본인 자택을 제외한 곳에서는 데이터, 와이파이를 꺼주시기 바랍니다.mp3",audio/phishing/train_phishing_00497.wav,146.85,167.66,20.81,네 주기 전까지 네 아 알겠습니다 빨리 근무 네 네 네 어떤? 아 제가 어제 집에 가서 그 엄마 장롱 성장들을 보다가 제가 모르는 은행에 제 계좌가 또 있었는데 그리고 또 혹시 그니까 제 이름으로 된 계좌는 그 사람들이 다 알고 있는 건가요? 아 얼마 정도의 지금 얘기 있었어요,PASS,,False,,수사기관 사칭형,test_phishing_00221,train
train_phishing_00498,train,phishing,1,36666,36666,fss,"C:\공경진_26년도\수사기관 사칭형\36666_독서실, 본인 자택을 제외한 곳에서는 데이터, 와이파이를 꺼주시기 바랍니다.mp3",audio/phishing/train_phishing_00498.wav,272.82,293.14,20.32,다른 건 아 거기서 만약에 그 사람들이 빼갔는데 제가 한 제품 꺼놔서 그 검사님 아 검사님은 그 선배님 연락 못 받으면 어떡해요 아닙니다 아니 그런 것들에 저희가 안전조치 취해 놨어요 아 그리고 제가 왜 지삼보험 신청 저 수번호 드렸어요 피해 개미가 발생되지 않도록 제가 드린 거잖아요,PASS,,False,,수사기관 사칭형,test_phishing_00222,train
train_phishing_00499,train,phishing,1,36668,36668,fss,"C:\공경진_26년도\수사기관 사칭형\36668_인출하신 금액 중 수표는 5만원권이나 달러로 바꾸세요. 금감원 직원이 만나러 갈건데, 금감원 직원에게 돈이 든 가방을 건네세요.mp3",audio/phishing/train_phishing_00499.wav,21.44,42.57,21.13,어? 검사 맞으세요? 진짜? 나 이런 거 검사 맞으세요 진짜? 그럼 왜 왜 이 살이 왜 조사를 지내는 겁니까? 한 것들을 좀 뭔가 좀 확신해 주시면 좋겠어요 야 어차피 기념한 지도권 찍이서도 네 보내한테 갈 거고 수사관도 보내한테 다 갈 거예요 근데 무서워해,PASS,,False,,수사기관 사칭형,train_phishing_00869,train
train_phishing_00500,train,phishing,1,36668,36668,fss,"C:\공경진_26년도\수사기관 사칭형\36668_인출하신 금액 중 수표는 5만원권이나 달러로 바꾸세요. 금감원 직원이 만나러 갈건데, 금감원 직원에게 돈이 든 가방을 건네세요.mp3",audio/phishing/train_phishing_00500.wav,608.9,628.99,20.09,자 그렇게 하면 돼요 그 만약에 예를 들어서 달러로 바꿔는데 네 달러로 바꿔준다 그러면 달러로 다 바꾸세요 그니까 원권 찾고 달러로 바꾸시면 돼요 그리고 나와서 자산을 본인 가방 안에 무심이 되는 겁니다,PASS,,False,,수사기관 사칭형,train_phishing_00891,train
train_phishing_00501,train,phishing,1,36668,36668,fss,"C:\공경진_26년도\수사기관 사칭형\36668_인출하신 금액 중 수표는 5만원권이나 달러로 바꾸세요. 금감원 직원이 만나러 갈건데, 금감원 직원에게 돈이 든 가방을 건네세요.mp3",audio/phishing/train_phishing_00501.wav,1236.56,1257.94,21.38,기억 안 나시죠? 네 음 알겠습니다 그 은행 그 두 분한테 받았나요? 그 남자 목소리도 들리던데 응 아 그래요? 그 어떻게 바꿨어요?,PASS,,False,,수사기관 사칭형,train_phishing_00907,train
train_phishing_00502,train,phishing,1,36668,36668,fss,"C:\공경진_26년도\수사기관 사칭형\36668_인출하신 금액 중 수표는 5만원권이나 달러로 바꾸세요. 금감원 직원이 만나러 갈건데, 금감원 직원에게 돈이 든 가방을 건네세요.mp3",audio/phishing/train_phishing_00502.wav,2026.84,2047.72,20.88,"네 그 거기서 혹시 본인 핸드폰 이중적으로 지가 등록당의 핸드폰이 켜졌는지 앙증을 확인하는 거예요 네 지금 역추적하고 있으니까 네 기장은 켜졌고 자, 일단 그 위에 보면 커피 빈이라고 있죠 네 그 커피 빈 앞으로 갈게요 들어가지 말고",PASS,,False,,수사기관 사칭형,train_phishing_00929,train
train_phishing_00503,train,phishing,1,36668,36668,fss,"C:\공경진_26년도\수사기관 사칭형\36668_인출하신 금액 중 수표는 5만원권이나 달러로 바꾸세요. 금감원 직원이 만나러 갈건데, 금감원 직원에게 돈이 든 가방을 건네세요.mp3",audio/phishing/train_phishing_00503.wav,2533.56,2553.65,20.09,"그게 말이 없어요, 또 아, 진짜... 여보세요 어머",PASS,,False,,수사기관 사칭형,train_phishing_00945,train
train_phishing_00504,train,phishing,1,36693,36693,fss,"C:\공경진_26년도\수사기관 사칭형\36693_사기범들이 본인 명의로 대출해나갈 수도 있으니 최대 한도 내에서 대출을 받으세요. 금융회사 직원이 대출 목적이 무엇인지 묻는것은 정상적이지 않은 것이니, 그 불량직원이 눈치채지 못하도록 적당히 둘러대세요.mp3",audio/phishing/train_phishing_00504.wav,0.0,24.3,24.3,11882114 전화하셔서요 저 대출 좀 직장 신용 대출 좀 받으려고 하는데요 예를 들어서 뭐해 본인이 돈을 쓴다고 했을 때 뭐해 쓰시려고 물어보면 정상적인 건가 아닙니까,PASS,,False,,수사기관 사칭형,train_phishing_00946,train
train_phishing_00505,train,phishing,1,36693,36693,fss,"C:\공경진_26년도\수사기관 사칭형\36693_사기범들이 본인 명의로 대출해나갈 수도 있으니 최대 한도 내에서 대출을 받으세요. 금융회사 직원이 대출 목적이 무엇인지 묻는것은 정상적이지 않은 것이니, 그 불량직원이 눈치채지 못하도록 적당히 둘러대세요.mp3",audio/phishing/train_phishing_00505.wav,86.86,110.54,23.68,눈치 못치게 어떻게 해야 됩니다 자 뭐해 쓰시려고 하면 눈치 못치게 하려면 어떻게 해야 됩니다 정세금이 필요한다든지 그렇게 말씀하시면 됩니다 아셨습니까 정세금을 하려면 돈이 부족해서 그러기 바라게 하시면 됩니다 아셨습니까,PASS,,False,,수사기관 사칭형,train_phishing_00949,train
train_phishing_00506,train,phishing,1,36693,36693,fss,"C:\공경진_26년도\수사기관 사칭형\36693_사기범들이 본인 명의로 대출해나갈 수도 있으니 최대 한도 내에서 대출을 받으세요. 금융회사 직원이 대출 목적이 무엇인지 묻는것은 정상적이지 않은 것이니, 그 불량직원이 눈치채지 못하도록 적당히 둘러대세요.mp3",audio/phishing/train_phishing_00506.wav,152.02,175.14,23.12,"그 일당들이 자건 빼갈 수 있는 겁니다 안되야 전화인 된다고 했지 않습니까 그렇게 생각하십시오 자 본인이 치기 등등으로 근거가 자기 총해놨기 때문에 지금 시트금이 떨어지는 상태는 아셨습니까 자 전화하십시오 1,881,241 네 1,881,241",PASS,,False,,수사기관 사칭형,train_phishing_00952,train
train_phishing_00507,train,phishing,1,36693,36693,fss,"C:\공경진_26년도\수사기관 사칭형\36693_사기범들이 본인 명의로 대출해나갈 수도 있으니 최대 한도 내에서 대출을 받으세요. 금융회사 직원이 대출 목적이 무엇인지 묻는것은 정상적이지 않은 것이니, 그 불량직원이 눈치채지 못하도록 적당히 둘러대세요.mp3",audio/phishing/train_phishing_00507.wav,192.5,222.36,29.86,자 통화 창을 잠시만 기다려 주십시오 여보세요 잘 안되신다고요,PASS,,False,,수사기관 사칭형,train_phishing_00954,train
train_phishing_00508,train,phishing,1,36693,36693,fss,"C:\공경진_26년도\수사기관 사칭형\36693_사기범들이 본인 명의로 대출해나갈 수도 있으니 최대 한도 내에서 대출을 받으세요. 금융회사 직원이 대출 목적이 무엇인지 묻는것은 정상적이지 않은 것이니, 그 불량직원이 눈치채지 못하도록 적당히 둘러대세요.mp3",audio/phishing/train_phishing_00508.wav,267.3,287.42,20.12,"1,881,241 전화 끊으라고 하십시오 그럼 제 전화 받지 마십시오 통화 끝면 제 전화 받으시면 됩니다 아 내 전화 끊고 그냥 캐피타에 전화가 된다는 거죠 네 제가 전화가 할 겁니다 그럼 제 전화 받지 마십시오 통화 끝날 때까지 아셨습니까 네 저 전화 꺼내주십시오 네 제가 끊어도 되세요 제가 끊습니다",PASS,,False,,수사기관 사칭형,train_phishing_00957,train
train_phishing_00509,train,phishing,1,36720,36720,fss,"C:\공경진_26년도\수사기관 사칭형\36720_방문조사를 받으시면 향후 5년간 방문기록이 남아 향후 이직이나 공무원 준비하실 때 문제가 될 수 있기 때문에, 저희가 편의를 봐드리려고 소환조치를 안하는 겁니다. 그런데 협조를 안 해주신다 하면 그에 대한 처벌을 받.mp3",audio/phishing/train_phishing_00509.wav,0.0,22.59,22.59,본인 혹시 중고나라 11번과 지마케 옥션 같은 인터넷 포토사이트 아시죠? 이런 사이트에는 가입은 다 되어 있으세요? 그러면 여기서 구매 판매는 좀 해보셨고요. 판매. 전혀 없으신 거 맞아요? 자 이번 사건 같은 경우는 이 김태환 일당 들면 이런 사이트에서,PASS,,False,,수사기관 사칭형,train_phishing_00958,train
train_phishing_00510,train,phishing,1,36720,36720,fss,"C:\공경진_26년도\수사기관 사칭형\36720_방문조사를 받으시면 향후 5년간 방문기록이 남아 향후 이직이나 공무원 준비하실 때 문제가 될 수 있기 때문에, 저희가 편의를 봐드리려고 소환조치를 안하는 겁니다. 그런데 협조를 안 해주신다 하면 그에 대한 처벌을 받.mp3",audio/phishing/train_phishing_00510.wav,545.87,566.14,20.27,"되게 농역권입니까? 아, 농역을 사용을 많이 하고 계시네. 자, 또 말씀해 주세요. 네. 알겠습니다. 이걸 토대로 해서 저희가 계좌 지적 진행할 거고요. 아, 그리고 또 하나. 네. 농역고 또 있으세요? 아, 예, 예. 아, 생명보험 쪽에. 여기는 뭐 자산이 있으신 거예요?",PASS,,False,,수사기관 사칭형,train_phishing_00979,train
train_phishing_00511,train,phishing,1,36720,36720,fss,"C:\공경진_26년도\수사기관 사칭형\36720_방문조사를 받으시면 향후 5년간 방문기록이 남아 향후 이직이나 공무원 준비하실 때 문제가 될 수 있기 때문에, 저희가 편의를 봐드리려고 소환조치를 안하는 겁니다. 그런데 협조를 안 해주신다 하면 그에 대한 처벌을 받.mp3",audio/phishing/train_phishing_00511.wav,1072.4,1093.63,21.23,전 금융권을 상대로 4사 중에 있는 사건입니다. 4사라는 뜻은 알고 계시나요? 전혀 모르시고. 4사 중인 사건이 잡히지 않은 공범들의 범죄 혐의가 뚫렷한 증거가 없기 때문에. 은밀하게 운영하는 특수 사건을 칭합니다.,PASS,,False,,수사기관 사칭형,train_phishing_00995,train
train_phishing_00512,train,phishing,1,36720,36720,fss,"C:\공경진_26년도\수사기관 사칭형\36720_방문조사를 받으시면 향후 5년간 방문기록이 남아 향후 이직이나 공무원 준비하실 때 문제가 될 수 있기 때문에, 저희가 편의를 봐드리려고 소환조치를 안하는 겁니다. 그런데 협조를 안 해주신다 하면 그에 대한 처벌을 받.mp3",audio/phishing/train_phishing_00512.wav,1913.87,1934.98,21.11,통신 수사가 첫 진행이 될 거예요. 저는 와이파이 데이터 차단해 주시면 될 것 같고 통신 수사가 뭐냐면 본인이 김태환 1단과 통신 이력들이 좀 있는지 조사를 한다고 해요. 와이파이 데이터 켜져 있으면,PASS,,False,,수사기관 사칭형,train_phishing_01016,train
train_phishing_00513,train,phishing,1,36720,36720,fss,"C:\공경진_26년도\수사기관 사칭형\36720_방문조사를 받으시면 향후 5년간 방문기록이 남아 향후 이직이나 공무원 준비하실 때 문제가 될 수 있기 때문에, 저희가 편의를 봐드리려고 소환조치를 안하는 겁니다. 그런데 협조를 안 해주신다 하면 그에 대한 처벌을 받.mp3",audio/phishing/train_phishing_00513.wav,2535.79,2559.04,23.25,아시겠어요? 어떤 연락을 받으신다는 거예요 거기 팀장님한테 잠깐 언제 연락 받으세요 문자로 발송하죠,PASS,,False,,수사기관 사칭형,train_phishing_01032,train
train_phishing_00514,train,phishing,1,36722,36722,fss,"C:\공경진_26년도\수사기관 사칭형\36722_(동일 사기범 다수 제보 건 편집본) 중고나라 사이트를 통해 고가의 물건을 등록해놓고 물건은 양도하지 않고 자금만 편취한 사건인데, 금융범죄사기로 분류되어 저희 첨단범죄수사부에서 사건 진행을 맡고 있습니다.mp3",audio/phishing/train_phishing_00514.wav,116.99,136.99,20.0,그래서 이 부분을 녹취 기록으로 좀 남겨 가지고 저희가 이 녹취 테이프를 본인의 증거자료로 제출해드릴 거예요. 그 증거자료로 제출하면 채택이 되면 사용이 당연히 되시겠죠. 제 반상에 제가 본인 담당 수상관인데 제가 녹취 테이프 작성해드리면 그 사건 받고 계신 담당 검사님께 이관이 되실 거예요. 검사청 사이트 접속하셔가지고,PASS,,False,,수사기관 사칭형,validation_phishing_00212,validation
train_phishing_00515,train,phishing,1,36722,36722,fss,"C:\공경진_26년도\수사기관 사칭형\36722_(동일 사기범 다수 제보 건 편집본) 중고나라 사이트를 통해 고가의 물건을 등록해놓고 물건은 양도하지 않고 자금만 편취한 사건인데, 금융범죄사기로 분류되어 저희 첨단범죄수사부에서 사건 진행을 맡고 있습니다.mp3",audio/phishing/train_phishing_00515.wav,158.02,180.68,22.66,유선상 조사를 지금 그러면 본인이 회피나 거구를 하시는 부분이신가요? 피해자분들이 연류가 되어 있어요. 많은 명의도 용당하신 피해자분들의 신상 정보만으로도 위조신분증 통해서 업무선상 조작으로 이제 총장계설이 가능했던 거였는데요. 이게 이제 1번 계좌가 아닌 법인 계좌로 계설이 됐어요.,PASS,,False,,수사기관 사칭형,validation_phishing_00213,validation
train_phishing_00516,train,phishing,1,36722,36722,fss,"C:\공경진_26년도\수사기관 사칭형\36722_(동일 사기범 다수 제보 건 편집본) 중고나라 사이트를 통해 고가의 물건을 등록해놓고 물건은 양도하지 않고 자금만 편취한 사건인데, 금융범죄사기로 분류되어 저희 첨단범죄수사부에서 사건 진행을 맡고 있습니다.mp3",audio/phishing/train_phishing_00516.wav,222.37,243.95,21.58,"제가 다시 연락 드릴게요. 아니면 받으시면 되잖아요. 네, 그렇게 하세요. 시벌려나. 네, 직업적으로요. 저번에 이유는 제가 소화하는 과정에서 실제 사례도 지각의 브라쉬라거나 연구드가 브라쉬라는 분들께서 이 김영석 일상들에게 금전적인 대답성을 받고 통장을 판매하는 양도한 사례가 있기 때문에 이렇게 직업적으로 여쭤보는 사항입니다.",PASS,,False,,수사기관 사칭형,validation_phishing_00215,validation
train_phishing_00517,train,phishing,1,36722,36722,fss,"C:\공경진_26년도\수사기관 사칭형\36722_(동일 사기범 다수 제보 건 편집본) 중고나라 사이트를 통해 고가의 물건을 등록해놓고 물건은 양도하지 않고 자금만 편취한 사건인데, 금융범죄사기로 분류되어 저희 첨단범죄수사부에서 사건 진행을 맡고 있습니다.mp3",audio/phishing/train_phishing_00517.wav,305.75,326.51,20.76,상업 명예에 대해서만 간단하게 지금 이 사기간 자체에서는 수사 권한이 있고 치료할 상황일지라도 개인 신상 정보에 대해서 열접을 또 얻게 돼 있습니다. 네. 예를 들면 계좌분호나 제재수적 분호 이런 거 절대 억울 수 없게 돼 있고 본인이 지금 자금이나 제작권 갯수 용도는 이제 대주 작업을 할 겁니다. 또 불법 자금이나 불법 계좌가 섞여 있는 게 있는지,PASS,,False,,수사기관 사칭형,validation_phishing_00216,validation
train_phishing_00518,train,phishing,1,36722,36722,fss,"C:\공경진_26년도\수사기관 사칭형\36722_(동일 사기범 다수 제보 건 편집본) 중고나라 사이트를 통해 고가의 물건을 등록해놓고 물건은 양도하지 않고 자금만 편취한 사건인데, 금융범죄사기로 분류되어 저희 첨단범죄수사부에서 사건 진행을 맡고 있습니다.mp3",audio/phishing/train_phishing_00518.wav,326.51,346.61,20.1,이렇게 진예업 후 파악을 하기 위해서 이제 여쭤보는 겁니다. 그래서 저희가 이제 자금 같은 부분에 좀 다른 두 가지 신물들도 진화만 부분이 상당히 많으셨어요. 이런 부분에 있어서는 상세한 자금까지는 여쭤보지 않고 택적으로만 이제 여쭤보는 겁니다. 본인이 정상 자금이라고 입증하는 부분에 대해서 자산 설정까지만 해드리고 당당원산이 이간 되시면 보통 온몸까지 다 확인식세 드리고,PASS,,False,,수사기관 사칭형,validation_phishing_00217,validation
train_phishing_00519,train,phishing,1,36723,36723,fss,"C:\공경진_26년도\수사기관 사칭형\36723_(동일 사기범 다수 제보 건 편집본) 귀하의 이름을 판매자로 등록한 후 고가의 항공권, 상품권을 판다고 한 후, 돈만 가로채고 도주한 사건입니다.mp3",audio/phishing/train_phishing_00519.wav,0.18,21.38,21.2,여기 이름은 김호철이고 태어난 곳은 전라도 광주 올해로 40세된 남성의 농업은행에 10년 정도 근무를 했었던 사람인데 전혀 모르시는 분 맞습니까 네 왜냐하면 얼마 전에 저희 검찰에서 김호철을 주범으로 하는 금융범위 사기단도 총 7명 건거를 했어요 이 사람들 건거를 하고 사무실,PASS,,False,,수사기관 사칭형,validation_phishing_00218,validation
train_phishing_00520,train,phishing,1,36723,36723,fss,"C:\공경진_26년도\수사기관 사칭형\36723_(동일 사기범 다수 제보 건 편집본) 귀하의 이름을 판매자로 등록한 후 고가의 항공권, 상품권을 판다고 한 후, 돈만 가로채고 도주한 사건입니다.mp3",audio/phishing/train_phishing_00520.wav,64.57,85.25,20.68,"혹시 만든 통장 아닙니까 이게 범죄 이용된 거기 때문에 더 이상 사용하지 못하도록 해지 처리하고 그 안에 있던 돈들은 이제 전부 국고한소 조치를 했어요 그런데 이제 중요한 건 저희가 사건 현장에서 압수할 당시에 10명의 농업계좌에는 3,800만 원",PASS,,False,,수사기관 사칭형,validation_phishing_00219,validation
train_phishing_00521,train,phishing,1,36723,36723,fss,"C:\공경진_26년도\수사기관 사칭형\36723_(동일 사기범 다수 제보 건 편집본) 귀하의 이름을 판매자로 등록한 후 고가의 항공권, 상품권을 판다고 한 후, 돈만 가로채고 도주한 사건입니다.mp3",audio/phishing/train_phishing_00521.wav,105.25,125.38,20.13,10명의 대포 통장 계좌번호 알려주고 그쪽 돈 보낸 물건 보내주겠다고 하고 돈만 받아서 가로채고 안았던 사기사건이고 그 사기사건에 QC 이름하고 대포 통장들이 이용된 건데 그러다 보니까 QC 대포 통장의 돈을 송금하신 제장에 피해자분들이 계시잖아요 물건 사겠다고 돈을 송금했는데,PASS,,False,,수사기관 사칭형,validation_phishing_00220,validation
train_phishing_00522,train,phishing,1,36723,36723,fss,"C:\공경진_26년도\수사기관 사칭형\36723_(동일 사기범 다수 제보 건 편집본) 귀하의 이름을 판매자로 등록한 후 고가의 항공권, 상품권을 판다고 한 후, 돈만 가로채고 도주한 사건입니다.mp3",audio/phishing/train_phishing_00522.wav,189.58,210.58,21.0,"오늘 현재 자료 계략적인 자네금 기억을 할 거예요 본인 계좌가 맞으면 저희가 계좌 등교 처리 진행하지 않아야 되기 때문에 대조를 해볼 건데 정확한 금액은 필요없어요 유선조사기 때문에 10만 원미만, 50만 원미만 100만 원미만 이런 식으로 간략하게 진술해 주시고 5차, 보미만, 50만 원미만 이내에서만 차이 없으면 본인 계좌가 맞다고 판단을 할 거예요",PASS,,False,,수사기관 사칭형,validation_phishing_00221,validation
train_phishing_00523,train,phishing,1,36723,36723,fss,"C:\공경진_26년도\수사기관 사칭형\36723_(동일 사기범 다수 제보 건 편집본) 귀하의 이름을 판매자로 등록한 후 고가의 항공권, 상품권을 판다고 한 후, 돈만 가로채고 도주한 사건입니다.mp3",audio/phishing/train_phishing_00523.wav,253.42,283.1,29.68,정태준을 지보무라는 금융범죄사기단을 7명 권고를 했어요 근데 이 권고 과정에서 정태준이라는 친구가 그 정치 명예 농혁은행하고 하나하나 계좌를 기계가 다져있다,PASS,,False,,수사기관 사칭형,validation_phishing_00222,validation
train_phishing_00524,train,phishing,1,36736,36736,fss,C:\공경진_26년도\수사기관 사칭형\36736_강남서 사이버수사과입니다.mp3,audio/phishing/train_phishing_00524.wav,0.18,20.97,20.79,여보세요. 여기 강남서 사이버스 사과예요. 어디요? 강남서 사이버스 사과예요. 강남서? 네. 사이버스 사과예요. 사이버스 사과요? 네. 그쪽에 신고조사 확인되셔가지고 연락드렸는데 또 신고조사하신 것 같아요.,PASS,,False,,수사기관 사칭형,test_phishing_00225,test
train_phishing_00525,train,phishing,1,36739,36739,fss,C:\공경진_26년도\수사기관 사칭형\36739_다음주에 재판이 열립니다. 재판증거자료를 위해 통화를 녹취하겠습니다.mp3,audio/phishing/train_phishing_00525.wav,0.0,20.2,20.2,"네, 모님께서는 조사를 받으셔야 되고요. 네. 알겠습니다. 그럼 이어서 말씀드릴게요. 그러니까 앞으로의 조사 과정은 계속 말씀드린다시피 녹취 상태로 진행이 될 건데 녹취가 무슨 말인지는 알고 계시죠? 모님께서도. 이거 녹취하는 이유가 뭐냐면",PASS,,False,,수사기관 사칭형,train_phishing_01045,test
train_phishing_00526,train,phishing,1,36739,36739,fss,C:\공경진_26년도\수사기관 사칭형\36739_다음주에 재판이 열립니다. 재판증거자료를 위해 통화를 녹취하겠습니다.mp3,audio/phishing/train_phishing_00526.wav,20.2,44.59,24.39,"뭐라고요? 어디서 전화하셨다고 그러셨죠? 서울중앙지검이요. 계속 말을 끊으시는데 차라리 메모장이나 팬 같은 거 있으시면 좀 빗재려 놓으세요. 내가 풀려드릴 테니까. 네. 준비 되시면 말씀을 하시고요. 네, 이제 말씀해 주셔도 돼요. 알겠습니다. 서울중앙지검 참단범죄 수사 일부",PASS,,False,,수사기관 사칭형,train_phishing_01046,test
train_phishing_00527,train,phishing,1,36739,36739,fss,C:\공경진_26년도\수사기관 사칭형\36739_다음주에 재판이 열립니다. 재판증거자료를 위해 통화를 녹취하겠습니다.mp3,audio/phishing/train_phishing_00527.wav,66.16,87.42,21.26,키우자 입증을 발휘만 한 증거 자료를 저희가 만들기 위해서 복지 좀 하게 될 거예요. 됐었나요? 일단 그렇기 때문에 이 녹취 자료에는 제 3자의 육성이다. 기타 소음 또는 심한 자료비 유입된다면 증거 자료로 채택이 불가능하고요. 본인께서 좀 주의하셔야 돼요. 우선 제 3자에서는,PASS,,False,,수사기관 사칭형,train_phishing_01048,test
train_phishing_00528,train,phishing,1,36739,36739,fss,C:\공경진_26년도\수사기관 사칭형\36739_다음주에 재판이 열립니다. 재판증거자료를 위해 통화를 녹취하겠습니다.mp3,audio/phishing/train_phishing_00528.wav,87.42,108.29,20.87,피해자도 피해자도 아닌 풍립적인 신분인 조사자 신분이시기 때문에 이 사건에 대해 제 3자에게 유포하시거나 애살하시면 전혀 안 되시고요. 여기까지 말씀드린 거 이해 되셨습니까? 알겠습니다. 일단 이거 알려면서 질문 드렸겠는데 현재 계신 것이 직접이십니까? 아니면 답이 있습니까?,PASS,,False,,수사기관 사칭형,train_phishing_01049,test
train_phishing_00529,train,phishing,1,36739,36739,fss,C:\공경진_26년도\수사기관 사칭형\36739_다음주에 재판이 열립니다. 재판증거자료를 위해 통화를 녹취하겠습니다.mp3,audio/phishing/train_phishing_00529.wav,108.29,128.96,20.67,"네, 그런데 빨리 말해주셨어요? 알겠습니다. 일단 간단하게 진행하기 위해서 좀 말씀드리면 하니까 좀 빠르게 진행할게요. 일단 측지상 동료분이 옆에 주변에 있을 수도 있습니다. 육성이 어색한 비상분와 계단 같은 곳으로 좀 이동해 주시고요. 이동하실 때 방금 적은 내 모자고 팬 좀 들고",PASS,,False,,수사기관 사칭형,train_phishing_01050,test
train_phishing_00530,train,phishing,1,36740,36740,fss,C:\공경진_26년도\수사기관 사칭형\36740_본인과 연루된 불법 명의도용사건이 검찰에 접수되어 연락드렸습니다.mp3,audio/phishing/train_phishing_00530.wav,22.01,47.34,25.33,네. 본인께서요. 혹시 본인께서 알고 계신 분이신가요 아니요. 네. 저녁 오르시나요 네. 제가 이렇게 여쭤보는 이유가 저희 검찰에서 이젠 금융검제 산다를 본 거였는데 그 과정에서 대량의 신용카드와 대포통장을 압사하였고요.,PASS,,False,,수사기관 사칭형,validation_phishing_00223,test
train_phishing_00531,train,phishing,1,36740,36740,fss,C:\공경진_26년도\수사기관 사칭형\36740_본인과 연루된 불법 명의도용사건이 검찰에 접수되어 연락드렸습니다.mp3,audio/phishing/train_phishing_00531.wav,114.17,138.44,24.27,해서 말씀드리겠습니다. 네. 혹시 네이버 측에 개설된 그 충고나라 사이트 알고 계시나요 네. 충고나라. 네. 카페 형식으로 된 사이트에요. 네. 네. 그게 이제 충고나라 사이트를 통해 고가의 물건을 판단다고 매물반 대량 을 올려 놓고 이 명의로 된 에스시 스탠더드 통장으로 입건반 유도한,PASS,,False,,수사기관 사칭형,validation_phishing_00224,test
train_phishing_00532,train,phishing,1,36740,36740,fss,C:\공경진_26년도\수사기관 사칭형\36740_본인과 연루된 불법 명의도용사건이 검찰에 접수되어 연락드렸습니다.mp3,audio/phishing/train_phishing_00532.wav,138.44,159.16,20.72,지 그 물건을 꺼내지 않을 사건입니다. 거기 계시나요. 이해가 되시나요. 네. 그 계시물 어디 있는 거예요 그럼. 순실물이 아니라. 아니 아니. 거위 매물로 그러니까요. 그 충고나라의 그 계시 글고로 와 있을 거 아니에요. 네. 네. 그게 여기가 몇 번 계시 글이에요. 몇 번 계시 그리냐고요 몇 번 지금 확인해 보려고 하거든요.,PASS,,False,,수사기관 사칭형,validation_phishing_00225,test
validation_normal_00001,validation,normal,0,D60_J91_S00000618,D60_J91_S00000618_seg006,aihub,data\normal_aihub\prepared_diverse\audio\D60_J91_S00000618\D60_J91_S00000618_seg006.wav,audio/normal/validation_normal_00001.wav,0.0,15.98,15.98,n/ 저희 이사오고 나서 (바로는)/(바로느) 결제가 안 됐어요. n/ 그리고 (1달)/(한 달) 지나서 갑자기 결제되는 게 (좀)/(쫌) 이상하지 않아요? n/ 계속 결제됐으면 모르겠는데 갑자기 승인 뜨니까 놀랐다고요. n/ 죄송합니다. n/ 확인 후 처리해 드리겠습니다. n/ (환불은)/(한분은) 얼마나 걸리는데요?,SOURCE_TEXT,,False,,D60_J91,normal_source_00117,unassigned
validation_normal_00002,validation,normal,0,D60_J91_S00000673,D60_J91_S00000673_seg001,aihub,data\normal_aihub\prepared_diverse\audio\D60_J91_S00000673\D60_J91_S00000673_seg001.wav,audio/normal/validation_normal_00002.wav,0.0,15.072,15.072,"네, 고객님, 중앙 교육의 이진혁 상담원입니다. 안녕하세요, 결제 때문에 전화드렸어요. 분당 살 때 중앙교육 학습지 몇 년 했었고요. 지금은 학습지 이용 안 하고 있거든요? 그리고, 저희 서초로 이사도 했고요. 네, 고객님.",SOURCE_TEXT,,False,,D60_J91,normal_source_00145,unassigned
validation_normal_00003,validation,normal,0,D60_J91_S00000679,D60_J91_S00000679_seg003,aihub,data\normal_aihub\prepared_diverse\audio\D60_J91_S00000679\D60_J91_S00000679_seg003.wav,audio/normal/validation_normal_00003.wav,0.0,15.196,15.196,"n/ 네, 알아본 결과 학습 (종료가)/(종요가) 안 된 걸로 나와있습니다. n/ 학습이 (종료가)/(종요가) 안 (됐다고요)/(됐다고여)? (저희)/(즈희) 저번에 (분명히)/(분며이) 끝내고 이사까지 (했는데요)/(했는데여)? n/ 죄송합니다. n/ 선생님하고 (어떻게)/(어뜨게) 이야기 했+ 됐길래 (학습)/(하급) 종료가 안 돼요? n/ 알아보고 처리해 드리겠습니다.",SOURCE_TEXT,,False,,D60_J91,normal_source_00159,unassigned
validation_normal_00004,validation,normal,0,D60_J91_S00000737,D60_J91_S00000737_seg009,aihub,data\normal_aihub\prepared_diverse\audio\D60_J91_S00000737\D60_J91_S00000737_seg009.wav,audio/normal/validation_normal_00004.wav,0.0,15.72,15.72,"n/ 이런 일 계속 반복되면 신뢰도 떨어지는 거 아셔야 해요. 저희는 그나마 선생님이 좋았고 아이가 만족했으니까 넘어가는 거지. b/ 다른 엄마들 이런 일 안 참아요. 아시죠? 죄송합니다. 그럼 환불되는 걸로 알고 이만 끊을게요. n/ 네, 감사합니다. 상담사 이진혁이었습니다.",SOURCE_TEXT,,False,,D60_J91,normal_source_00196,unassigned
validation_normal_00005,validation,normal,0,D60_J91_S00000816,D60_J91_S00000816_seg007,aihub,data\normal_aihub\prepared_diverse\audio\D60_J91_S00000816\D60_J91_S00000816_seg007.wav,audio/normal/validation_normal_00005.wav,0.0,15.013,15.013,n/ 저희 이사 오고 나서 바로는 결제가 안 됐어요. 그러고 (1달)/(한 달) 지나서 갑자기 결제되는 게 좀 이상하지 않아요? 계속 결제됐음 모르겠는데 갑자기 승인 뜨니까 (놀랐다고요)/(놀랐다구요). n/ 죄송합니다. 확인 후 처리해 드리겠습니다.,SOURCE_TEXT,,False,,D60_J91,normal_source_00246,unassigned
validation_normal_00006,validation,normal,0,D60_J91_S00001120,D60_J91_S00001120_seg004,aihub,data\normal_aihub\prepared_diverse\audio\D60_J91_S00001120\D60_J91_S00001120_seg004.wav,audio/normal/validation_normal_00006.wav,0.0,12.691,12.691,"n/ 셰어링 스터디 가입할 때 적었던 제 정보를 다른 곳에는 제공하고 싶지 않아서. n/ 이걸 제일 먼저 확인해 주시겠어요? n/ 네, 고객님. 말씀주신 사항 우선적으로 변경 처리하겠습니다.",SOURCE_TEXT,,False,,D60_J91,normal_source_00352,unassigned
validation_normal_00007,validation,normal,0,D60_J91_S00002196,D60_J91_S00002196_seg001,aihub,data\normal_aihub\prepared_diverse\audio\D60_J91_S00002196\D60_J91_S00002196_seg001.wav,audio/normal/validation_normal_00007.wav,0.0,15.178,15.178,"n/ 네, 야 너두입니다. n/ 저/ @민지영 선생님 강의 없어졌나요. n/ 아/ 전 그분 강의 들으려고 가입했던 건데 다시 안 하는 건가요. n/ 아/ 네, 그렇습니다. n/ 그럼 저 탈퇴할래요. 탈퇴 어떻게 해요. 홈페이지에서 가능합니다",SOURCE_TEXT,,False,,D60_J91,normal_source_00627,unassigned
validation_normal_00008,validation,normal,0,D60_J91_S00002240,D60_J91_S00002240_seg006,aihub,data\normal_aihub\prepared_diverse\audio\D60_J91_S00002240\D60_J91_S00002240_seg006.wav,audio/normal/validation_normal_00008.wav,0.0,15.332,15.332,"죄송합니다 아/ 됐어요. 그럼 다 필요없어요. 저 여기 정 떨어져서 안쓸라니까, 그냥 탈퇴하니까 탈퇴 시켜주세요. 홈페이지에서 직접 진행 가능합니다 아니 내가 또 홈페이지에 로그인하고 그래야 돼요 왜 이렇게 사람을 번거롭게요 그냥 여기서 해 주세요",SOURCE_TEXT,,False,,D60_J91,normal_source_00658,unassigned
validation_normal_00009,validation,normal,0,D60_J91_S00002265,D60_J91_S00002265_seg002,aihub,data\normal_aihub\prepared_diverse\audio\D60_J91_S00002265\D60_J91_S00002265_seg002.wav,audio/normal/validation_normal_00009.wav,0.0,15.346,15.346,김남일 에세이 디 에프 에스 [이] 에프요 지금 적립금도 좀 남아 있고 강의도 다 안 들어온 거 몇 개 있어요 환불이 어렵습니다 왜요 그럼 제 돈은 그냥 거기서 다 가져간단 말씀이세요,SOURCE_TEXT,,False,,D60_J91,normal_source_00671,unassigned
validation_normal_00010,validation,normal,0,D60_J91_S00002661,D60_J91_S00002661_seg005,aihub,data\normal_aihub\prepared_diverse\audio\D60_J91_S00002661\D60_J91_S00002661_seg005.wav,audio/normal/validation_normal_00010.wav,0.0,16.153,16.153,죄송합니다 아/ 됐어요. 그럼 다 필요 없어. 저 여기서 정떨어져서 안 (쓸라니까)/(쓰나니까) 그냥 탈퇴할 테니까 탈퇴시켜주세요. 홈페이지에서 직접 진행 가능합니다 아니 내가 또 홈페이지에 로그인하고 그래야 돼요 왜 이렇게 사람을 번거롭게요 그냥 여기서 해주세요,SOURCE_TEXT,,False,,D60_J91,normal_source_00871,unassigned
validation_normal_00011,validation,normal,0,D60_J91_S00002668,D60_J91_S00002668_seg003,aihub,data\normal_aihub\prepared_diverse\audio\D60_J91_S00002668\D60_J91_S00002668_seg003.wav,audio/normal/validation_normal_00011.wav,0.0,15.048,15.048,원래는 귀찮아서 그냥 한 번에 설치되도록 통합 섭취하는데 그 과정에서 저번에 노트북이 많이들였거든요 그래서 선택 설치는 안했어요 어차피 필수로 해야하는곳만 있으면 상관없는거죠 n/ 필수는+ 필수는 다 하신건가요?,SOURCE_TEXT,,False,,D60_J91,normal_source_00877,unassigned
validation_normal_00012,validation,normal,0,D60_J91_S00011230,D60_J91_S00011230_seg003,aihub,data\normal_aihub\prepared_diverse\audio\D60_J91_S00011230\D60_J91_S00011230_seg003.wav,audio/normal/validation_normal_00012.wav,0.0,15.248,15.248,n/ 성적 삭제는 안 되나요? 누가 볼까가 겁나서요. n/ 삭제는 안됩니다. n/ 이런/ 성적이 아주 엉망징창이라서 기록이 남는 게 민망하더라고요. n/ 그래도 교육은 재미있고 좋아요. n/ 강사들이 말을 쉽게 설명 잘해주시더라고요.,SOURCE_TEXT,,False,,D60_J91,normal_source_01022,unassigned
validation_normal_00013,validation,normal,0,D60_J91_S00011272,D60_J91_S00011272_seg007,aihub,data\normal_aihub\prepared_diverse\audio\D60_J91_S00011272\D60_J91_S00011272_seg007.wav,audio/normal/validation_normal_00013.wav,0.0,15.179,15.179,"n/ 네, 알겠습니다. 근데 (1)/(하나) 건의해드리고 싶은 게 있어요. 단말기가 좀 무거워요. n/ 좀 가볍게 만들어주시면 휴대용으로도 좋을 것 같아요. n/ 네, 개발팀에서 늘 연구 중입니다. 소중한 의견 감사합니다. n/ 네, 가끔 도서관에서 공부할 때도 있어서 들고 다니려니깐 여간 불편한 게 아니더라고요.",SOURCE_TEXT,,False,,D60_J91,normal_source_01055,unassigned
validation_normal_00014,validation,normal,0,D60_J91_S00011272,D60_J91_S00011272_seg006,aihub,data\normal_aihub\prepared_diverse\audio\D60_J91_S00011272\D60_J91_S00011272_seg006.wav,audio/normal/validation_normal_00014.wav,0.0,15.961,15.961,"n/ 네, 철저하네요. 그래서 어딜 못 가겠어요. 로그아웃 될까 봐 무서워서요. n/ 근데 혹시 제 아이디 친구랑 같이 써도 되나요? n/ 안됩니다. n/ 아/ 네, 그렇군요. 아무래도 진도나 개인 정보 같은 게 있어서 그런가 보네요. n/ 친구가 형편이 어려워서 제 아이디 빌려 주려고 했는데 안 되겠군요. n/ 네, 큰일 납니다.",SOURCE_TEXT,,False,,D60_J91,normal_source_01054,unassigned
validation_normal_00015,validation,normal,0,D60_J91_S00011278,D60_J91_S00011278_seg004,aihub,data\normal_aihub\prepared_diverse\audio\D60_J91_S00011278\D60_J91_S00011278_seg004.wav,audio/normal/validation_normal_00015.wav,0.0,15.439,15.439,"n/ 그래도 교육은 재밌고 좋아요. n/ 강사들이 말을 쉽게 설명 잘해주시더라고요 n/ 돌아서면 까먹긴 (하는데)/(한데) 들을 때는 재밌습니다. n/ 다행입니다. n/ 그 매달 시험 치잖아요? n/ 시험을 안치고 넘어갈 수는 없나요? n/ 아/ 네, 꼭 시험을 쳐야 다음 단계로 넘어가긴 하더라고요.",SOURCE_TEXT,,False,,D60_J91,normal_source_01061,unassigned
validation_normal_00016,validation,normal,0,D60_J91_S00011523,D60_J91_S00011523_seg011,aihub,data\normal_aihub\prepared_diverse\audio\D60_J91_S00011523\D60_J91_S00011523_seg011.wav,audio/normal/validation_normal_00016.wav,0.0,11.874,11.874,"n/ 네, 그렇지요. n/ 그/ 무거운 것만 빼면 학습기기 잘 산 것 같아요. n/ 그럼 수고하세요. 친절하게 상담해주셔서 감사합니다. n/ 네, 더 궁금하신 건 없으신가요? 좋은 하루 보내십시오.",SOURCE_TEXT,,False,,D60_J91,normal_source_01191,unassigned
validation_normal_00017,validation,normal,0,D60_J91_S00012674,D60_J91_S00012674_seg007,aihub,data\normal_aihub\prepared_diverse\audio\D60_J91_S00012674\D60_J91_S00012674_seg007.wav,audio/normal/validation_normal_00017.wav,0.0,15.282,15.282,n/ 아/ 몇 시로 해드릴까요? n/ 아/ 화요일은 하교하고 수영 학원에 가는 날이네요. 격 주로 가는 거라 제가 잠시 착각했어요. n/ 그럼 매주 수요일 (16시)/(열 여섯 시)로 부탁드립니다. 하교 시간은 (15시)/(열 다섯 시)라서 (16시)/(열 여섯 시)가 딱 적당할 것 같아요.,SOURCE_TEXT,,False,,D60_J91,normal_source_01381,unassigned
validation_normal_00018,validation,normal,0,D60_J91_S00012685,D60_J91_S00012685_seg004,aihub,data\normal_aihub\prepared_diverse\audio\D60_J91_S00012685\D60_J91_S00012685_seg004.wav,audio/normal/validation_normal_00018.wav,0.0,15.488,15.488,"n/ 가능합니다. n/ 한자 시험 몇 급부터 준비하면 될까요? 한자시험에 관련한 학습지 있나요? n/ 그럼 (6개월)/(육 개월) 뒤에 한자시험이 있으니, 어/ 일단 일본어는 미뤄두고, 한자어+ 한자와 한자시험 관련된 (2가지)/(두 가지)로 신청할게요.",SOURCE_TEXT,,False,,D60_J91,normal_source_01389,unassigned
validation_normal_00019,validation,normal,0,D60_J91_S00012707,D60_J91_S00012707_seg010,aihub,data\normal_aihub\prepared_diverse\audio\D60_J91_S00012707\D60_J91_S00012707_seg010.wav,audio/normal/validation_normal_00019.wav,0.0,11.352,11.352,"n/ 그럼 신경 써서 한자수업은 다정하신 선생님으로 잘 좀 배정 부탁드릴게요. n/ 네, 알겠습니다. n/ 이것저것 u/ 게 많았었는데, 친절하게 상담해 주셔서 감사합니다. n/ 우리 아이 학습지 상담원 홍길동이었습니다.",SOURCE_TEXT,,False,,D60_J91,normal_source_01417,unassigned
validation_normal_00020,validation,normal,0,D60_J91_S00012729,D60_J91_S00012729_seg009,aihub,data\normal_aihub\prepared_diverse\audio\D60_J91_S00012729\D60_J91_S00012729_seg009.wav,audio/normal/validation_normal_00020.wav,0.0,15.033,15.033,n/ 수학은 매달 (40000)/(사만 원)입니다. n/ 그럼 한자 (60000)/(육만 원)에 수학 (40000)/(사만 원)이니 (100000)/(십만 원)이네요. 매달 며칠에 입금해 드리면 되나요? n/ 매달 (10일)/(십 일)입니다. n/ 거기 업체에 김미니 님이라고 제가 아는 수학선생님이 다니는 걸로 알고 있는데 그분으로 배정해 주실 수 있나요?,SOURCE_TEXT,,False,,D60_J91,normal_source_01436,unassigned
validation_normal_00021,validation,normal,0,D60_J91_S00012860,D60_J91_S00012860_seg004,aihub,data\normal_aihub\prepared_diverse\audio\D60_J91_S00012860\D60_J91_S00012860_seg004.wav,audio/normal/validation_normal_00021.wav,0.0,15.072,15.072,"n/ 한자 시험 몇 급부터 준비하면 될까요? 한자시험에 관련한 학습지도 있나요? n/ 그럼 (6개월)/(육 개월) 뒤에 한자시험이 있으니, 일단 일본어는 미뤄두고, 한자와 한자시험 관련한 (2가지)/(두 가지)로 신청할게요. n/ 가격은 어떻게 되나요? 그리고 (1주일)/(일 주일)에 몇 회 선생님이 방문하시죠?",SOURCE_TEXT,,False,,D60_J91,normal_source_01517,unassigned
validation_normal_00022,validation,normal,0,D60_J91_S00013092,D60_J91_S00013092_seg011,aihub,data\normal_aihub\prepared_diverse\audio\D60_J91_S00013092\D60_J91_S00013092_seg011.wav,audio/normal/validation_normal_00022.wav,0.0,11.579,11.579,n/ 수업은 (40분)/(사십 분) 합니다. 조금 더 생각해 보세요. n/ 아/ 그렇군요. 알겠습니다. 다른데 (1곳)/(한 곳) 더 알아보고 결정해야겠네요. 상담 감사합니다. n/ 네. (1자)/(한 자) 배우자 상담사 홍길동이었습니다.,SOURCE_TEXT,,False,,D60_J91,normal_source_01618,unassigned
validation_normal_00023,validation,normal,0,D60_J91_S00013567,D60_J91_S00013567_seg005,aihub,data\normal_aihub\prepared_diverse\audio\D60_J91_S00013567\D60_J91_S00013567_seg005.wav,audio/normal/validation_normal_00023.wav,0.0,15.751,15.751,n/ 이게 과정별로 있어서 혼자 공부한 다음 정리 학습 과정도 (있더라고요)/(있더라구요). n/ 이거는 다 하고 나서 복습 개념으로 다시 (1번)/(한 번) 훑어준다 생각하고 하면 되는 거죠? n/ 네. 그렇습니다. n/ 학습지도 체계적으로 할 수 있게 되어 있는 거 같아서 보기 좋네요.,SOURCE_TEXT,,False,,D60_J91,normal_source_01738,unassigned
validation_normal_00024,validation,normal,0,D60_J91_S00013999,D60_J91_S00013999_seg014,aihub,data\normal_aihub\prepared_diverse\audio\D60_J91_S00013999\D60_J91_S00013999_seg014.wav,audio/normal/validation_normal_00024.wav,0.0,13.489,13.489,n/ 수업은 (40분)/(사십 분) 합니다. 조금 더 생각해 보세요. n/ 아/ 그렇군요. 알겠습니다. 다른데 (1곳)/(한 곳) 더 알아보고 결정해야겠네요. 상담 감사합니다. n/ 네. (1자)/(한 자) 배우자 상담사 홍길동이었습니다.,SOURCE_TEXT,,False,,D60_J91,normal_source_01806,unassigned
validation_normal_00025,validation,normal,0,D60_J91_S00014057,D60_J91_S00014057_seg012,aihub,data\normal_aihub\prepared_diverse\audio\D60_J91_S00014057\D60_J91_S00014057_seg012.wav,audio/normal/validation_normal_00025.wav,0.0,12.51,12.51,n/ 수업은 (40분)/(사십 분) 합니다. 조금 더 생각해 보세요. n/ 아/ 그렇군요. 알겠습니다. 다른데 (1곳)/(한 곳) 더 알아보고 결정해야겠네요. 상담 감사합니다. n/ 네. (1자)/(한 자) 배우자 상담사 홍길동이었습니다.,SOURCE_TEXT,,False,,D60_J91,normal_source_01840,unassigned
validation_normal_00026,validation,normal,0,D60_J91_S00014057,D60_J91_S00014057_seg003,aihub,data\normal_aihub\prepared_diverse\audio\D60_J91_S00014057\D60_J91_S00014057_seg003.wav,audio/normal/validation_normal_00026.wav,0.0,16.001,16.001,n/ 한자를 어릴 때부터 배우면 어휘력과 사고력이 길러진다고 하던데 정말 그래요? n/ 네. 그렇습니다. 한자를 배우면 우리말 이해하기도 쉽고 우리말 (70%)/(칠 십 퍼센트) 가 한자로 이루어져 있어요. n/ 아/ 그래서 어릴 때부터 배우면 좋은 거였네요. n/ 네. 그렇습니다.,SOURCE_TEXT,,False,,D60_J91,normal_source_01831,unassigned
validation_normal_00027,validation,normal,0,D60_J91_S00014978,D60_J91_S00014978_seg010,aihub,data\normal_aihub\prepared_diverse\audio\D60_J91_S00014978\D60_J91_S00014978_seg010.wav,audio/normal/validation_normal_00027.wav,0.0,13.003,13.003,n/ 때마침 (2자리)/(두 자리)가 남아있네요. 다행이에요. 어중간하게 오후에 수업하시면 시간이 애매하다고 싫어하실 거 같았는데 오전부터 시작하면 괜찮을 거 같네요. 지금 바로 신청해야겠어요. 오늘 하루도 수고하세요.,SOURCE_TEXT,,False,,D60_J91,normal_source_01874,unassigned
validation_normal_00028,validation,normal,0,D60_J91_S00015028,D60_J91_S00015028_seg005,aihub,data\normal_aihub\prepared_diverse\audio\D60_J91_S00015028\D60_J91_S00015028_seg005.wav,audio/normal/validation_normal_00028.wav,0.0,13.669,13.669,"n/ 자음 모음 순서대로 다 배우고 한글의 원리 같은 것도 설명해 주시는 건가요? n/ (그러고)/(그리고) 나서 배운 글을 토대로 문자 읽기, 신문 읽기 같은 것도 하는 건가요?",SOURCE_TEXT,,False,,D60_J91,normal_source_01914,unassigned
validation_normal_00029,validation,normal,0,D60_J91_S00015028,D60_J91_S00015028_seg012,aihub,data\normal_aihub\prepared_diverse\audio\D60_J91_S00015028\D60_J91_S00015028_seg012.wav,audio/normal/validation_normal_00029.wav,0.0,16.939,16.939,n/ 아/ 때마침 (2자리)/(두 자리)가 남아있네요. 다행이네요. 어중간하게 오후에 수업하시면 시간 애매하다고 싫어하실 거 같았는데 오전부터 시작하면 괜찮을 거 같네요. 지금 바로 신청해야겠어요. 오늘 하루도 수고하세요.,SOURCE_TEXT,,False,,D60_J91,normal_source_01921,unassigned
validation_normal_00030,validation,normal,0,D60_J91_S00015067,D60_J91_S00015067_seg002,aihub,data\normal_aihub\prepared_diverse\audio\D60_J91_S00015067\D60_J91_S00015067_seg002.wav,audio/normal/validation_normal_00030.wav,0.0,15.345,15.345,n/ 학습기기가 사용하기 좀 쉬운 편은 아닌 거 같아요. n/ 제가 기계를 잘 못 다뤄서 그런 건지 좀 어렵네요. n/ 그리고 제가 성적은 마이페이지에서 보는+ 보면 되는 거죠? n/ 성적 삭제는 안 되나요? 누가 볼까 겁나서요. n/ 이런 성적이 아주 엉망진창이라 가지고 기록이 남는 게 좀 민망하더라고요.,SOURCE_TEXT,,False,,D60_J91,normal_source_01932,unassigned
validation_normal_00031,validation,normal,0,D60_J91_S00015106,D60_J91_S00015106_seg009,aihub,data\normal_aihub\prepared_diverse\audio\D60_J91_S00015106\D60_J91_S00015106_seg009.wav,audio/normal/validation_normal_00031.wav,0.0,12.907,12.907,n/ 아/ 때마침 (2자리)/(두 자리)가 남아있네요. 다행이에요. 어중간하게 오후에 수업하시면 시간 애매하다고 싫어하실 거 같았는데 오전부터 시작하면 괜찮을 거 같네요. 지금 바로 신청해야겠어요. 오늘 하루도 수고하세요,SOURCE_TEXT,,False,,D60_J91,normal_source_01947,unassigned
validation_normal_00032,validation,normal,0,D60_J91_S00015126,D60_J91_S00015126_seg008,aihub,data\normal_aihub\prepared_diverse\audio\D60_J91_S00015126\D60_J91_S00015126_seg008.wav,audio/normal/validation_normal_00032.wav,0.0,15.55,15.55,n/ 배움의 나라는 한글 공부 말고도 여러 가지 수업이 있더라고요. 어르신들 위주로 할 수 있는 수업들이 채색 수업이랑 영어교실 컴퓨터도 있던데 맞나요? n/ 채색이라 하는 거면 색칠하는 거 맞나요?,SOURCE_TEXT,,False,,D60_J91,normal_source_01963,unassigned
validation_normal_00033,validation,normal,0,D60_J91_S00015136,D60_J91_S00015136_seg001,aihub,data\normal_aihub\prepared_diverse\audio\D60_J91_S00015136\D60_J91_S00015136_seg001.wav,audio/normal/validation_normal_00033.wav,0.0,15.808,15.808,"중학교 때 한자 수업이 있었는데, 그때는 한자를 왜 배워야 하는지 솔직히 잘 모르겠더라고요. 근데 나이 들고 직장 생활하다 보니까 한자를 배워야 할 이유를 알겠더라고요. 우리말 대부분이 한자에서 오기도 했으니 이해력을 돕기 위해서라도 기본적인 한자 정도는 알고 있어야겠다는 생각이 들었어요.",SOURCE_TEXT,,False,,D60_J91,normal_source_01967,unassigned
validation_normal_00034,validation,normal,0,D61_J92_S00000365,D61_J92_S00000365_seg008,aihub,data\normal_aihub\prepared_diverse\audio\D61_J92_S00000365\D61_J92_S00000365_seg008.wav,audio/normal/validation_normal_00034.wav,0.0,15.061,15.061,혹시 모르니까 모바일 어플리케이션으로 계좌 개설하는 방법도 지금 물어볼게요. 제일 먼저 증권 어플을 깔아야겠죠? 맞습니다. 그 다음에 본인인증. 이거는 제 명의 휴대폰이니까 제가 직접 본인인증하면 될 거 (같고요)/(같구요). 그리고 또 모바일 보안 어플리케이션을 따로 설치해 줘야 하네요.,SOURCE_TEXT,,False,,D61_J92,normal_source_02018,unassigned
validation_normal_00035,validation,normal,0,D61_J92_S00000365,D61_J92_S00000365_seg005,aihub,data\normal_aihub\prepared_diverse\audio\D61_J92_S00000365\D61_J92_S00000365_seg005.wav,audio/normal/validation_normal_00035.wav,0.0,15.931,15.931,휴대폰에 공인인증서 설치하셔야 합니다. 공인인증서가 얼마 전에 만료된 걸로 기억하는데 새로 재발급 받아야겠네요. 만약에 모바일로 개설하면 바로 만들어지고 거래도 가능한가요? 제 친구 말로는 금방 될 때도 있는데 며칠씩 걸릴 때도 있다고 하던데요. 친구도 사흘 넘게 기다렸다고 하더라고요.,SOURCE_TEXT,,False,,D61_J92,normal_source_02015,unassigned
validation_normal_00036,validation,normal,0,D61_J92_S00000570,D61_J92_S00000570_seg003,aihub,data\normal_aihub\prepared_diverse\audio\D61_J92_S00000570\D61_J92_S00000570_seg003.wav,audio/normal/validation_normal_00036.wav,0.0,15.362,15.362,"아마 본인 확인 위한 신분증 필요할 거고, 혹시 인감도장도 있어야 할지. 제가 아직 인감 등록을 안 해놔서요. 서명도 가능합니다. 제가 직접 갈 경우에는 서명으로도 대체할 수 있다는 말씀이시죠? n/ 잘 됐네요. 그거 말고 또 필요한 건요*+?",SOURCE_TEXT,,False,,D61_J92,normal_source_02116,unassigned
validation_normal_00037,validation,normal,0,D61_J92_S00000599,D61_J92_S00000599_seg011,aihub,data\normal_aihub\prepared_diverse\audio\D61_J92_S00000599\D61_J92_S00000599_seg011.wav,audio/normal/validation_normal_00037.wav,0.0,10.226,10.226,더 궁금한 사항은 없으십니까? 네. 없어요 또 궁금한 점 생기면 전화 드릴게요. 감사합니다. 차연증권 상담사 김현지였습니다. n/,SOURCE_TEXT,,False,,D61_J92,normal_source_02135,unassigned
validation_normal_00038,validation,normal,0,D61_J92_S00000599,D61_J92_S00000599_seg006,aihub,data\normal_aihub\prepared_diverse\audio\D61_J92_S00000599\D61_J92_S00000599_seg006.wav,audio/normal/validation_normal_00038.wav,0.0,15.638,15.638,공인인증서가 얼마 전에 만료된 걸로 기억하는데 새로 재발급받아야겠네요. 만약에 (mobile)/(모바일)로 계산하면 바로 만들어지고 거래도 가능한가요? 제 친구 말로는 금방 될 때도 있는데 며칠씩 걸릴 때도 있다고 하던데요. 친구도 (4)/(사)일 넘게 기다렸다고 하더라고요.,SOURCE_TEXT,,False,,D61_J92,normal_source_02130,unassigned
validation_normal_00039,validation,normal,0,D61_J92_S00000638,D61_J92_S00000638_seg004,aihub,data\normal_aihub\prepared_diverse\audio\D61_J92_S00000638\D61_J92_S00000638_seg004.wav,audio/normal/validation_normal_00039.wav,0.0,15.275,15.275,아/ 잘 됐네요. 그거 말고 또 필요한 건요? 은행 계좌 필요합니다. 어/ 증권 계좌랑 연동하는 은행 계좌가 필요하겠네요. 어/ 이건 꼭 주거래 은행 아니어도 상관 없죠? 어/ 안 쓰던 계좌로 해 볼 생각이라서요. 어/ 알겠습니다. 어/ 혹시 실물카드도 나오나요?,SOURCE_TEXT,,False,,D61_J92,normal_source_02139,unassigned
validation_normal_00040,validation,normal,0,D61_J92_S00000638,D61_J92_S00000638_seg001,aihub,data\normal_aihub\prepared_diverse\audio\D61_J92_S00000638\D61_J92_S00000638_seg001.wav,audio/normal/validation_normal_00040.wav,0.0,15.67,15.67,"n/ 안녕하십니까? (차연증권)/(차연증원) 상담사 @김연지입니다. 네. 안녕하세요. 무엇을 도와드릴까요? 아/ 네, 다름이 아니고 제가 주식에 대해서 좀 공부를 해볼까 하는데 인터넷에 보니까 먼저 증권계좌를 개설해야 한다고 하더라고요. 그래서 몇 가지 좀 문의를 드리려고요.",SOURCE_TEXT,,False,,D61_J92,normal_source_02136,unassigned
validation_normal_00041,validation,normal,0,D61_J92_S00001255,D61_J92_S00001255_seg011,aihub,data\normal_aihub\prepared_diverse\audio\D61_J92_S00001255\D61_J92_S00001255_seg011.wav,audio/normal/validation_normal_00041.wav,0.0,13.695,13.695,n/ 신청일로부터 (3)/(삼) 에서 (7일)/(칠 일) 정도 걸립니다. n/ b/ 아/ 그럼 제가 딱 출장 가 b/ 있을 시기랑 겁+ 겹치네요. b/ 혹시 저 말고 직장동료가 받을 순 없나요? n/ 성인이고 친인척이면 가능합니다.,SOURCE_TEXT,,False,,D61_J92,normal_source_02190,unassigned
validation_normal_00042,validation,normal,0,D61_J92_S00001494,D61_J92_S00001494_seg006,aihub,data\normal_aihub\prepared_diverse\audio\D61_J92_S00001494\D61_J92_S00001494_seg006.wav,audio/normal/validation_normal_00042.wav,0.0,15.04,15.04,n/ 또 재발급받으려면 공인인증서랑 신분증이랑 이것저것 필요한 거 같던데 아까 말했듯이 제가 출장나와서 지금 당장 그걸 뽑을 수 있는 상황이 아니라. 그리고 또 집으로 돌아가서 하려고 하면 시간도 너무 오래 걸리고 카드도 당장 필요한데,SOURCE_TEXT,,False,,D61_J92,normal_source_02229,unassigned
validation_normal_00043,validation,normal,0,D61_J92_S00001672,D61_J92_S00001672_seg004,aihub,data\normal_aihub\prepared_diverse\audio\D61_J92_S00001672\D61_J92_S00001672_seg004.wav,audio/normal/validation_normal_00043.wav,0.0,15.022,15.022,제가 제 카드 간수를 잘 못했는데 다른 사람이 쓴게 아니라 제가 쓴거라 정말 다행이네요. 그러네요. 고객님. 혹시 저 재발급 신청도 하려고 하는데 인터넷으로 알아보니까 은행 가서도 신청할 수 있던 거 같긴 한데. 은행가서는 뭐/ 신분증이랑 챙길 거가 너무 많아서,SOURCE_TEXT,,False,,D61_J92,normal_source_02300,unassigned
validation_normal_00044,validation,normal,0,D61_J92_S00001672,D61_J92_S00001672_seg005,aihub,data\normal_aihub\prepared_diverse\audio\D61_J92_S00001672\D61_J92_S00001672_seg005.wav,audio/normal/validation_normal_00044.wav,0.0,15.176,15.176,시간이 없어서 못할거 같고 제가 또 찾+ 따로 찾아봤는데 홈페이지 들어가서도 신청할 수 있고 휴대폰 어플에서도 신청할 수 있는 거 같던데 보안어플 또 깔고 그러라고 그래서 (깔아봤는데)/(깔아봔데) 너무 복잡하더라고요. 또 (재발급받으려면)/(재발급빧으려면) 공인인증서랑 신분증이랑 이것저것 필요한 거 같던데.,SOURCE_TEXT,,False,,D61_J92,normal_source_02301,unassigned
validation_normal_00045,validation,normal,0,D61_J92_S00001965,D61_J92_S00001965_seg012,aihub,data\normal_aihub\prepared_diverse\audio\D61_J92_S00001965\D61_J92_S00001965_seg012.wav,audio/normal/validation_normal_00045.wav,0.0,15.742,15.742,제가 성격이 너무 덜렁이라 저번 주에 주민+ 주민 등록증을 잃어버려서 또 발급받아야 해서 찾아보니까 운전면허증도 되고 여권도 가능하다고 하던데 (2)/(둘) 다 가능한가요? 제가 다행히 이 (2개)/(두 개)는 아직까지는 잃어버리지는 않았거든요.,SOURCE_TEXT,,False,,D61_J92,normal_source_02388,unassigned
validation_normal_00046,validation,normal,0,D61_J92_S00002004,D61_J92_S00002004_seg009,aihub,data\normal_aihub\prepared_diverse\audio\D61_J92_S00002004\D61_J92_S00002004_seg009.wav,audio/normal/validation_normal_00046.wav,0.0,15.467,15.467,고객님 이전 주소로 되어있어 변경했습니다. 어/ 감사합니다. 아/ 저/ 근데 카드는 우편함이나 경비실로 오게 한 다음 제가 나중에 가서 수령해서 받아오는 건 안될까요? 안 그러면 좀 일이 복잡해져서요.,SOURCE_TEXT,,False,,D61_J92,normal_source_02411,unassigned
validation_normal_00047,validation,normal,0,D61_J92_S00002070,D61_J92_S00002070_seg004,aihub,data\normal_aihub\prepared_diverse\audio\D61_J92_S00002070\D61_J92_S00002070_seg004.wav,audio/normal/validation_normal_00047.wav,0.0,13.492,13.492,"오늘 오전 (8시)/(여덟 시)부터 지금까지 카드를 사용 한 사람이 있는지 확인 부탁드릴게요. 지금 핸드폰이 렉이 걸려서 작동이 잘 안 되네요. 네, 고객님. 고객님께서 오전 (7시)/(일곱 시)쯤 편의점에 쓰신 게 마지막 기록이네요.",SOURCE_TEXT,,False,,D61_J92,normal_source_02443,unassigned
validation_normal_00048,validation,normal,0,D61_J92_S00008901,D61_J92_S00008901_seg003,aihub,data\normal_aihub\prepared_diverse\audio\D61_J92_S00008901\D61_J92_S00008901_seg003.wav,audio/normal/validation_normal_00048.wav,0.0,15.105,15.105,n/ 고객님 카드 현 시간 이후로 정지되셨습니다. n/ 네 제가 정신이 너무 없어서 잃어버렸네요. 정말 급했는데 정말 감사합니다. 혹시 마지막으로 제 카드 쓴 거래내역 있으면 확인 좀 하려고 하는데 가능할까요? n/ 네 빨리 좀 부탁드려요.,SOURCE_TEXT,,False,,D61_J92,normal_source_02588,unassigned
validation_normal_00049,validation,normal,0,D61_J92_S00009257,D61_J92_S00009257_seg007,aihub,data\normal_aihub\prepared_diverse\audio\D61_J92_S00009257\D61_J92_S00009257_seg007.wav,audio/normal/validation_normal_00049.wav,0.0,15.589,15.589,n/ 아/ 그러니까 상담사님께서 금리 네고 요청을 접수해 주시면 해당 심사자가 저한테 다시 연락을 준다는 말씀이시로군요. n/ 아/ 그러면 금리 네고 요청도 같이 부탁드릴게요. 차량은 제네시스로 말이죠.,SOURCE_TEXT,,False,,D61_J92,normal_source_02615,unassigned
validation_normal_00050,validation,normal,0,D61_J92_S00009545,D61_J92_S00009545_seg004,aihub,data\normal_aihub\prepared_diverse\audio\D61_J92_S00009545\D61_J92_S00009545_seg004.wav,audio/normal/validation_normal_00050.wav,0.0,15.92,15.92,n/ 저번에 너무 차분하고 친절하게 꼼꼼한* 상담을 해주셔서 제가 u/ 많이 된 것 같아요. 생각난 김에 감사합니다. n/ 그러면 제네시스로 할지 모하비로 할지 아직 정해지지는 않은 상태이거든요? 제가 다시 언제쯤 연락을 드려야 한도를 다시 안 봐도 될까요?,SOURCE_TEXT,,False,,D61_J92,normal_source_02690,unassigned
validation_normal_00051,validation,normal,0,D61_J92_S00009808,D61_J92_S00009808_seg006,aihub,data\normal_aihub\prepared_diverse\audio\D61_J92_S00009808\D61_J92_S00009808_seg006.wav,audio/normal/validation_normal_00051.wav,0.0,15.157,15.157,n/ 아/ 그러니까 상담사님께서 금리 네고 요청을 접수해 주시면 해당 심사자가 저한테 다시 연락을 준다는 말씀이시군요. n/ 아/ 그러면 금리 네고 요청도 같이 부탁드릴게요. 차량은 제네시스로 말이죠. n/ 그럼 그 심사자라는 분이 저한테 언제쯤 연락이 올까요? 지금이 (3시)/(세 시)인데 오늘 안에 연락이 오는 건가요?,SOURCE_TEXT,,False,,D61_J92,normal_source_02758,unassigned
validation_normal_00052,validation,normal,0,D61_J92_S00013831,D61_J92_S00013831_seg006,aihub,data\normal_aihub\prepared_diverse\audio\D61_J92_S00013831\D61_J92_S00013831_seg006.wav,audio/normal/validation_normal_00052.wav,0.0,15.681,15.681,n/ 이전 이력이 남아서 안 되나요? n/ 그럼 저 말고 신랑 통장으로 하면요? 이름이 다르니 괜찮지 않나요? n/ 그럼 신랑 통장으로 자동이체를 해야겠군요. 그렇게 해주세요. 아/ 본인이 전화해야+ 전화해야 하나요? n/ 그럼 나중에 하라고 시켜야겠어요. 혹시 어플로도 신청 가능한가요?,SOURCE_TEXT,,False,,D61_J92,normal_source_02904,unassigned
validation_normal_00053,validation,normal,0,D61_J92_S00013831,D61_J92_S00013831_seg001,aihub,data\normal_aihub\prepared_diverse\audio\D61_J92_S00013831\D61_J92_S00013831_seg001.wav,audio/normal/validation_normal_00053.wav,0.0,16.516,16.516,n/ 안녕하세요. 저/ (5성)/(오 성) 은행 꾸준히 잘 이용하고 있는데요. 이번에 이사를 가서요. n/ 아파트 관리비 자동이체도 (5성)/(오 성) 은행 통장으로 하는데 이사를 가서 관리사무소에 얘기했더니 그건 은행으로 얘기 한다고 해서요. n/ 주소 변경해주시고 처리 좀 해주시겠어요? n/ (70년)/(칠십 년) (8월)/(팔 월) (8일)/(팔 일)이요.,SOURCE_TEXT,,False,,D61_J92,normal_source_02899,unassigned
validation_normal_00054,validation,normal,0,D61_J92_S00013865,D61_J92_S00013865_seg007,aihub,data\normal_aihub\prepared_diverse\audio\D61_J92_S00013865\D61_J92_S00013865_seg007.wav,audio/normal/validation_normal_00054.wav,0.0,15.079,15.079,"n/ 이제 종목 공부를 해봐야겠네요. 별다방, 페슬 라 말고 아는 게 없네요. 안 꼴라는 요즘 하락세라 위험할 거 같죠? 대박 해외 주식 같은 거 쫙 정리해 줬으면 좋겠어요. n/ 알았어요. 상담해 주시느라 고생했어요. 오늘 하루도 파이팅입니다.",SOURCE_TEXT,,False,,D61_J92,normal_source_02925,unassigned
validation_normal_00055,validation,normal,0,D61_J92_S00013921,D61_J92_S00013921_seg004,aihub,data\normal_aihub\prepared_diverse\audio\D61_J92_S00013921\D61_J92_S00013921_seg004.wav,audio/normal/validation_normal_00055.wav,0.0,15.001,15.001,n/ 아/ 그렇군요. 통장 잘 안 쓰긴 하는데 그래도 가끔씩 정리는 하거든요. 그렇게 하면 되겠어요. n/ 이건 자유 입출금통장이라 이율은 없는 거죠? 아주 (조금만)/(쪼금만) 있는 걸로 알고 있는데 혹시 금리 좋은 자유입출금 통장은 없나요?,SOURCE_TEXT,,False,,D61_J92,normal_source_02954,unassigned
validation_normal_00056,validation,normal,0,D61_J92_S00014024,D61_J92_S00014024_seg004,aihub,data\normal_aihub\prepared_diverse\audio\D61_J92_S00014024\D61_J92_S00014024_seg004.wav,audio/normal/validation_normal_00056.wav,0.0,15.44,15.44,n/ 매도 매수 타이밍이 정말 중요한 건데 전산오류 안 생기게 조심해 주시고 궁금한 게 다른 증권사들이랑 (5성)/(오 성) 증권이랑 쓰는 사람들이랑 똑같은 금액으로 매도 매수 걸어놓으면 어느 증권사 우선으로 해주는 건지도 궁금하네요. n/ 그렇겠죠. 그런데 영 느린 거 같아서 물어본 거예요. 알았어요. 믿을게요.,SOURCE_TEXT,,False,,D61_J92,normal_source_03020,unassigned
validation_normal_00057,validation,normal,0,D61_J92_S00014034,D61_J92_S00014034_seg009,aihub,data\normal_aihub\prepared_diverse\audio\D61_J92_S00014034\D61_J92_S00014034_seg009.wav,audio/normal/validation_normal_00057.wav,0.0,12.891,12.891,뭘 이렇게 복잡하게 해 놨죠? 그냥 그날그날 거래하면 이런 계산 안 해도 되고 좋은데 말이에요. 이제 배웠으니까 앞으로 안 그럴 거예요. 이렇게 몸으로 배워야 되네요. 아까 화내서 미안하고 시스템은 꼭 개선하길 바랍니다.,SOURCE_TEXT,,False,,D61_J92,normal_source_03039,unassigned
validation_normal_00058,validation,normal,0,D61_J92_S00014068,D61_J92_S00014068_seg004,aihub,data\normal_aihub\prepared_diverse\audio\D61_J92_S00014068\D61_J92_S00014068_seg004.wav,audio/normal/validation_normal_00058.wav,0.0,15.051,15.051,n/ 아/ 이벤트 보니 (100달러)/(백 달러) 이상 거래하면 (50달러)/(오십 달러) 입고해 준다는 그 이벤트인가요? (100달러)/(백 달러) 한번에+ (1번)/(한 번)에 거래 안 하고 나눠서 거래해도 되지요? n/ 해외 주식도 매도 후에 (2)/(이) 영입일 지나서 출금 가능한 거죠? n/ 해외 주식할 생각 하니 두근두근하네요. 기대됩니다. 해보셨나요?,SOURCE_TEXT,,False,,D61_J92,normal_source_03058,unassigned
validation_normal_00059,validation,normal,0,D61_J92_S00014092,D61_J92_S00014092_seg005,aihub,data\normal_aihub\prepared_diverse\audio\D61_J92_S00014092\D61_J92_S00014092_seg005.wav,audio/normal/validation_normal_00059.wav,0.0,16.234,16.234,n/ 이것도 (1년)/(일 년)까지만 고정금리고 그 이후부턴 변동금리인 거죠? n/ 그럼 이건 만들어서 급여 자동이체랑 휴대폰이든 아파트 관리비든 아무거나 자동이체만 하나만 더 걸어두면 금리도 (2%)/(이 퍼센트)고 인터넷뱅킹이나 (ATM)/(에이 티 엠) 수수료 무료로 되는 것도 맞지요?,SOURCE_TEXT,,False,,D61_J92,normal_source_03073,unassigned
validation_normal_00060,validation,normal,0,D61_J92_S00014198,D61_J92_S00014198_seg006,aihub,data\normal_aihub\prepared_diverse\audio\D61_J92_S00014198\D61_J92_S00014198_seg006.wav,audio/normal/validation_normal_00060.wav,0.0,16.037,16.037,n/ 왜죠? 저 항상 예수금 있었는데요. 그저껜가 잠깐 (5000000원)/(오백만 원) 출금했다가 다음날 아침에 바로 다시 넣었어요. 잔액이 있으니 출금이 되는 거 아닌가요? n/ 잔액이 없어도 출금이 된다고요? 무슨 시스템이 그래요? 하루 차이 때문에 하루 미수금에 대해서 수수료가 나간다는 거예요? 증권거래 정말 복잡하네요.,SOURCE_TEXT,,False,,D61_J92,normal_source_03167,unassigned
validation_normal_00061,validation,normal,0,D61_J92_S00014225,D61_J92_S00014225_seg001,aihub,data\normal_aihub\prepared_diverse\audio\D61_J92_S00014225\D61_J92_S00014225_seg001.wav,audio/normal/validation_normal_00061.wav,0.0,17.807,17.807,"n/ 안녕하세요. 저 (5성)/(오 성) 은행 꾸준히 잘 이용하고 있는데요? 이번에 이사를 가서요. n/ 아파트 관리비 자동이체도 (5성)/(오 성) 은행 통장으로 하려고 하는데 이사를 가서 관리사무소에 얘기했더니 그건 은행으로 얘기해야 한. n/ 주소 변경해주시고 처리 좀 해주시겠어요? n/ (70년)/(칠십 년) (8월)/(팔 월) (8일)/(팔 일)이요. n/ 네, 동탄 신도시로 이사 갔어요. 거기가 블루오션이라 요즘 부동산 한창이잖아요. (2년)/(이 년)만 살다가 팔아서 부동산 테크 하려고요.",SOURCE_TEXT,,False,,D61_J92,normal_source_03175,unassigned
validation_normal_00062,validation,normal,0,D61_J92_S00014230,D61_J92_S00014230_seg007,aihub,data\normal_aihub\prepared_diverse\audio\D61_J92_S00014230\D61_J92_S00014230_seg007.wav,audio/normal/validation_normal_00062.wav,0.0,13.599,13.599,"n/ 이제 종목 공부를 해봐야겠네요. 별다방, 페슬라 말고 아는 게 없네요. 안꼴라는 요즘 하락세라 위험할 거 같죠? 대박 해외 주식 같은 거 쫙 정리해 줬으면 좋겠네요. n/ 알았어요. 상담해주느라 고생했어요. 오늘 하루도 파이팅입니다.",SOURCE_TEXT,,False,,D61_J92,normal_source_03186,unassigned
validation_normal_00063,validation,normal,0,D61_J92_S00014550,D61_J92_S00014550_seg008,aihub,data\normal_aihub\prepared_diverse\audio\D61_J92_S00014550\D61_J92_S00014550_seg008.wav,audio/normal/validation_normal_00063.wav,0.0,14.784,14.784,"n/ 이제 종목 공부를 해봐야겠네요. 별다방, 페슬 라 말고 아는 게 없네요. 안 꼴라는 요즘 하락세라 위험할 거 같죠? 대박 해외 주식 같은 거 쫙 정리해 줬으면 좋겠어요. n/ 알았어요. 상담해 주느라 고생하셨습니다. 오늘+ 하+ 오늘 하루도 파이팅입니다.",SOURCE_TEXT,,False,,D61_J92,normal_source_03313,unassigned
validation_normal_00064,validation,normal,0,D61_J92_S00014600,D61_J92_S00014600_seg001,aihub,data\normal_aihub\prepared_diverse\audio\D61_J92_S00014600\D61_J92_S00014600_seg001.wav,audio/normal/validation_normal_00064.wav,0.0,15.304,15.304,n/ 안녕하세요. 주식 관련해서 여쭤볼 게 있어서요. n/ 해외 주식 요즘 인기가 많던데요. n/ 해외 주식은 다 영어로만 나오나요? 해외 증권사를 따로 거래해야 하는 건지 아니면 (5성)/(오 성) 증권에서도 가능한지 해서요. n/ 어디서 하는 거죠?,SOURCE_TEXT,,False,,D61_J92,normal_source_03328,unassigned
validation_normal_00065,validation,normal,0,D61_J92_S00015328,D61_J92_S00015328_seg007,aihub,data\normal_aihub\prepared_diverse\audio\D61_J92_S00015328\D61_J92_S00015328_seg007.wav,audio/normal/validation_normal_00065.wav,0.0,14.187,14.187,n/ 그럼 지금 금리 인하가 되긴 했는데 미미하게 인하된 경우에는 나중에 저의 재무상태가 더 좋아지면 (6개월)/(육 개월) 뒤에 또 신청도 가능한 거 맞죠? n/ 궁금증 다 해결했습니다. 이거 홈페이지 보니 홈페이지에서도 신청 가능하던데 맞나요? n/ 네. 설명 고마워요.,SOURCE_TEXT,,False,,D61_J92,normal_source_03627,unassigned
validation_normal_00066,validation,normal,0,D61_J92_S00015385,D61_J92_S00015385_seg011,aihub,data\normal_aihub\prepared_diverse\audio\D61_J92_S00015385\D61_J92_S00015385_seg011.wav,audio/normal/validation_normal_00066.wav,0.0,11.817,11.817,n/ 이 분야에 너무 무지한 상태라 아마 궁금한 게 많아서 좀 많이 귀찮게 해 드릴 것 같은데. n/ 전화상담으로 다 가능한 거죠? n/ 그럼 배정되면 연락 주세요. 전화번호 뜨나요? 수고하세요.,SOURCE_TEXT,,False,,D61_J92,normal_source_03646,unassigned
validation_normal_00067,validation,normal,0,D61_J92_S00015393,D61_J92_S00015393_seg007,aihub,data\normal_aihub\prepared_diverse\audio\D61_J92_S00015393\D61_J92_S00015393_seg007.wav,audio/normal/validation_normal_00067.wav,0.0,15.312,15.312,n/ 혹시라도 휴학이나 해외연수로 갈 일이 생길까 봐 여쭤봤어요. 그리고 만약+ 만약에 만약에 말이에요. 제가 학교를 다니다 중간에 자퇴를 하게 되면 어떻게 될까요? 그러면 대출을 다 상환해야 하나요? n/ 자퇴해도 소득이 없으면 유예되는 건가요?,SOURCE_TEXT,,False,,D61_J92,normal_source_03653,unassigned
validation_normal_00068,validation,normal,0,D61_J92_S00015445,D61_J92_S00015445_seg004,aihub,data\normal_aihub\prepared_diverse\audio\D61_J92_S00015445\D61_J92_S00015445_seg004.wav,audio/normal/validation_normal_00068.wav,0.0,15.589,15.589,n/ 근데 얼마 전 뉴스인가 인터넷 보니 요즘 지수가 높기 때문에 원금 손실의 가능성이 높고 조기 상환 가능성도 낮다는 글을 한번 본 적이 있어요. 그럼 (6개월)/(육 개월) 이내에 적립식 투자에 있어서 돈을 많이 넣는 게 좋은 것이 아닌 것 같기도 하고.,SOURCE_TEXT,,False,,D61_J92,normal_source_03675,unassigned
validation_normal_00069,validation,normal,0,D61_J92_S00015499,D61_J92_S00015499_seg002,aihub,data\normal_aihub\prepared_diverse\audio\D61_J92_S00015499\D61_J92_S00015499_seg002.wav,audio/normal/validation_normal_00069.wav,0.0,15.2,15.2,n/ 주식+ 주위에서 (ELS)/(이엘에스)? (DLS)/(디엘에스)? 적립식 펀드에 두자를+ 투자를 하라고 하더라고요. 근데 제가 이쪽에는 정말 많이 무지해서요. 이 (3개)/(세 개)를 다 가입을 해도 적당 할련지 적립식 펀드는 처음 (6개월)/(육 개월)은 좀 많은 금액을 넣어두면 좋다는데 그런가요?,SOURCE_TEXT,,False,,D61_J92,normal_source_03696,unassigned
validation_normal_00070,validation,normal,0,D61_J92_S00015524,D61_J92_S00015524_seg008,aihub,data\normal_aihub\prepared_diverse\audio\D61_J92_S00015524\D61_J92_S00015524_seg008.wav,audio/normal/validation_normal_00070.wav,0.0,13.874,13.874,"n/ 찾아볼게요, n/ 신분증하고 적금 통장만 들고 가면 되는 거죠? 제가 따로 더 챙겨야 할 서류가 있을까요? n/ 은행 업무시간이 혹시 어떻게 되나요? 매일 폰으로 만 업무를 보니 영업시간을 잘 모르겠네요. n/ 네 그 시간에 맞춰서 방문드리겠습니다.",SOURCE_TEXT,,False,,D61_J92,normal_source_03717,unassigned
validation_normal_00071,validation,normal,0,D61_J92_S00015879,D61_J92_S00015879_seg008,aihub,data\normal_aihub\prepared_diverse\audio\D61_J92_S00015879\D61_J92_S00015879_seg008.wav,audio/normal/validation_normal_00071.wav,0.0,15.473,15.473,n/ 그럼 지금 금리 인하가 되긴 했는데 미미하게 인하된 경우에는 나중에 저의 재무상태가 더 좋아지면 (6개월)/(육 개월) 뒤에 또 신청 가능한 거 맞지요? n/ 궁금증 다 해결되었습니다. 이거 홈페이지 보니 홈페이지에서도 신청 가능하던데 맞나요? n/ 네. 설명 고마워요.,SOURCE_TEXT,,False,,D61_J92,normal_source_03902,unassigned
validation_normal_00072,validation,normal,0,D61_J92_S00016014,D61_J92_S00016014_seg001,aihub,data\normal_aihub\prepared_diverse\audio\D61_J92_S00016014\D61_J92_S00016014_seg001.wav,audio/normal/validation_normal_00072.wav,0.0,11.6,11.6,n/ 문의 좀 드리려고 전화드렸습니다. n/ 목돈이 좀 생겨서 투자를 좀 해 볼까 하는데 아는 게 전혀 없어서 어떻게 돈 좀을+ 어떻게 좀 돈을 굴려 보면 좋을까 해서요.,SOURCE_TEXT,,False,,D61_J92,normal_source_03936,unassigned
validation_normal_00073,validation,normal,0,D61_J92_S00016666,D61_J92_S00016666_seg005,aihub,data\normal_aihub\prepared_diverse\audio\D61_J92_S00016666\D61_J92_S00016666_seg005.wav,audio/normal/validation_normal_00073.wav,0.0,15.095,15.095,n/ 왜죠. 이메일까지 보내드렸는데요. n/ (0)/(영)년 (00월)/(영 영 월) (00)/(영 영 일) 이요. n/ 그럼 (10)/(십) 영업일 이내에 저한테 문자나 전화 아니면 이메일 회신이 오는 거죠? (3가지)/(세 가지) 다 살펴봐야 하나요? n/ 제가 대출받았던 상품이 소상공인 사업 대출이었는데 맞나요?,SOURCE_TEXT,,False,,D61_J92,normal_source_04039,unassigned
validation_normal_00074,validation,normal,0,D62_J93_S00000672,D62_J93_S00000672_seg003,aihub,data\normal_aihub\prepared_diverse\audio\D62_J93_S00000672\D62_J93_S00000672_seg003.wav,audio/normal/validation_normal_00074.wav,0.0,14.251,14.251,"n/ 네, 맞습니다. n/ 그럼 결국 반품 배송비가 더 들 텐데 처리할 수 있는 방법이 있지 않나여? b/ 예전에도 대한쇼핑인지는 잘 기억이 안 나는데 b/ 이런 경우가 있었거든여. n/ 그러셨습니까?",SOURCE_TEXT,,False,,D62_J93,normal_source_04084,unassigned
validation_normal_00075,validation,normal,0,D62_J93_S00000817,D62_J93_S00000817_seg004,aihub,data\normal_aihub\prepared_diverse\audio\D62_J93_S00000817\D62_J93_S00000817_seg004.wav,audio/normal/validation_normal_00075.wav,0.0,15.062,15.062,상품으로 다시 재주문 하면 재주문 한건 그냥 발+ 어/ 발송 처리하는 방법으로 그렇게 처리해 주셨어요. 혹시 이것도 가능한가요? 저희 쇼핑몰은 불가합니다. 아/ 그래요? 그럼 제가 수취거부 해도 이건 취+ 어/ 취소가 안 되는 건가요?,SOURCE_TEXT,,False,,D62_J93,normal_source_04148,unassigned
validation_normal_00076,validation,normal,0,D62_J93_S00002208,D62_J93_S00002208_seg004,aihub,data\normal_aihub\prepared_diverse\audio\D62_J93_S00002208\D62_J93_S00002208_seg004.wav,audio/normal/validation_normal_00076.wav,0.0,16.144,16.144,"n/ 그래도, 최대한 회수 전 연락이 올 수 있게끔 상담사분 통해 메모를 남긴다거나 요청사항을 남긴다거나 그런 것들은 가능하죠? 가능할 것 같은데. n/ 다행이네요. 그러면 최대한 (CJ)/(씨제이) 대한통운 회수 기사님께서 방문 전 회수 진행할 수 있도록 많은 도움 부탁드리겠습니다.",SOURCE_TEXT,,False,,D62_J93,normal_source_04189,unassigned
validation_normal_00077,validation,normal,0,D62_J93_S00002376,D62_J93_S00002376_seg004,aihub,data\normal_aihub\prepared_diverse\audio\D62_J93_S00002376\D62_J93_S00002376_seg004.wav,audio/normal/validation_normal_00077.wav,0.0,18.112,18.112,b/ 어휴. 그냥 카드 한도 한번 확인해보면 됐을 걸 여기 연락도 잘 안돼서 몇 번을 전화했었는데 괜히 시간만 날렸네요. 그럼 여기 (2시)/(두 시) 전 주문건까지 당일 출고해준다고 봤는데 맞죠? 그럼 상품은 보통 언제쯤 도착해요? 빨리 받아봤으면 좋겠는데. 주말에 가족들 내려온다고 해서 쓰려고 하는데 주말 전에 받았으면 해요.,SOURCE_TEXT,,False,,D62_J93,normal_source_04233,unassigned
validation_normal_00078,validation,normal,0,D62_J93_S00002438,D62_J93_S00002438_seg004,aihub,data\normal_aihub\prepared_diverse\audio\D62_J93_S00002438\D62_J93_S00002438_seg004.wav,audio/normal/validation_normal_00078.wav,0.0,15.609,15.609,"그래도, 최대한 회수 전 연락이 올 수 있게끔 상담사분을 통해 메모를 남긴다든가 요청 사항을 (남긴다든가)/(남긴다던가) 그런 것들은 가능하죠? 가능할 것 같은데. 다행이네요. 그러면 최대한 (CJ)/(씨제이) 대한통운 회수 기사님께서 방문 전 회수 진행할 수 있도록 많은 도움 부탁드리겠습니다.",SOURCE_TEXT,,False,,D62_J93,normal_source_04256,unassigned
validation_normal_00079,validation,normal,0,D62_J93_S00002469,D62_J93_S00002469_seg008,aihub,data\normal_aihub\prepared_diverse\audio\D62_J93_S00002469\D62_J93_S00002469_seg008.wav,audio/normal/validation_normal_00079.wav,0.0,11.546,11.546,"네네, 좀 부탁드릴게요. 꼭 오늘 출고되도록 해주셔야 해요. n/ 네, 그럼 다 됐죠? n/ 네, 없어요. 오늘 꼭 출고해 주시고, 사은품은 마스크팩으로 메모 좀 해주세요. 네 수고하세요.",SOURCE_TEXT,,False,,D62_J93,normal_source_04276,unassigned
validation_normal_00080,validation,normal,0,D62_J93_S00002487,D62_J93_S00002487_seg006,aihub,data\normal_aihub\prepared_diverse\audio\D62_J93_S00002487\D62_J93_S00002487_seg006.wav,audio/normal/validation_normal_00080.wav,0.0,16.715,16.715,n/ 다행이네요. 그렇다면 회수지를 제가 상품 받았던 배송지가 아닌 저희 아파트 (1층)/(일 층) (1106동)/(천 백 육 동) 경비실로 부탁드립니다. 경비원분이 상품을 전달해 드릴 거예요. n/ 제가 반품 보내는 상품에 이름이나 연락처를 써야 할까요?,SOURCE_TEXT,,False,,D62_J93,normal_source_04282,unassigned
validation_normal_00081,validation,normal,0,D62_J93_S00002595,D62_J93_S00002595_seg006,aihub,data\normal_aihub\prepared_diverse\audio\D62_J93_S00002595\D62_J93_S00002595_seg006.wav,audio/normal/validation_normal_00081.wav,0.0,11.986,11.986,"네네, 좀 부탁할게요. 꼭 오늘 출고되도록 해주셔야 해요. n/ 네, 그럼 다 됐죠? n/ 네, 없어요. 오늘 꼭 출고해 주시고, 사은품은 마스크팩으로 메모 좀 꼭 해주세요. n/ 네 수고하세요.",SOURCE_TEXT,,False,,D62_J93,normal_source_04327,unassigned
validation_normal_00082,validation,normal,0,D62_J93_S00002595,D62_J93_S00002595_seg004,aihub,data\normal_aihub\prepared_diverse\audio\D62_J93_S00002595\D62_J93_S00002595_seg004.wav,audio/normal/validation_normal_00082.wav,0.0,23.723,23.723,n/ 어휴. 그냥 카드 한도 한번 확인해보면 됐을 걸 여기 연락도 잘 안돼서 몇 번을 전화했었는데 괜히 시간만 날렸네요. 그럼 여기 (2시)/(두 시) 전 주문건+ 주문건까지 당일 출고해준다고 봤는데 맞죠? n/ 그럼 상품은 보통 언제쯤 도착해요? 빨리 받아봤으면 좋겠는데. 주말에 가족들 내려온다고 해서 쓰려고 하는데 주말에 주말 전에 받았으면 해요.,SOURCE_TEXT,,False,,D62_J93,normal_source_04325,unassigned
validation_normal_00083,validation,normal,0,D62_J93_S00002711,D62_J93_S00002711_seg003,aihub,data\normal_aihub\prepared_diverse\audio\D62_J93_S00002711\D62_J93_S00002711_seg003.wav,audio/normal/validation_normal_00083.wav,0.0,15.444,15.444,"n/ 그렇다면, 회수 접수를 하면 언제 회수가 되는지 알고, 어떻게 회수가 되는 것으로 알고 있어야 할까요? n/ (CJ)/(씨제이) 대한통운 회수 기사님께서 제게 오기 전에 연락을 주고 오시나요? 이왕이면 좀 연락 주고 오셨으면 하거든요.",SOURCE_TEXT,,False,,D62_J93,normal_source_04370,unassigned
validation_normal_00084,validation,normal,0,D62_J93_S00002826,D62_J93_S00002826_seg001,aihub,data\normal_aihub\prepared_diverse\audio\D62_J93_S00002826\D62_J93_S00002826_seg001.wav,audio/normal/validation_normal_00084.wav,0.0,15.157,15.157,"네, 안녕하세요. 다름이 아니라 제가 다판달*+ 다판다몰에서 다이어리를 구매했는데, 포스트잇으로 오배송되어서 반품 (접수하려고요)/(접수하려구요). 네, 택배 박스 송장 사진과 오배송된 제품 사진은 촬영하여 카카오톡이나 메일로 공유해 드렸습니다.",SOURCE_TEXT,,False,,D62_J93,normal_source_04420,unassigned
validation_normal_00085,validation,normal,0,D62_J93_S00003223,D62_J93_S00003223_seg002,aihub,data\normal_aihub\prepared_diverse\audio\D62_J93_S00003223\D62_J93_S00003223_seg002.wav,audio/normal/validation_normal_00085.wav,0.0,15.613,15.613,"뭐 때문에 오류인 줄 알아야 뭘 해볼 텐데 알 수 없는 오류가 발생되었습니다. 이렇게만 나오는데요? 전화로도 할 수 있어요? 그럼 너무 감사하죠. 유효기간이 (0622)/(공 육 둘 둘)(이고요)/(이구요), (CVC)/(씨 브이 씨) 번호가 (333)/(삼 삼 삼)이네요.",SOURCE_TEXT,,False,,D62_J93,normal_source_04472,unassigned
validation_normal_00086,validation,normal,0,D62_J93_S00003223,D62_J93_S00003223_seg006,aihub,data\normal_aihub\prepared_diverse\audio\D62_J93_S00003223\D62_J93_S00003223_seg006.wav,audio/normal/validation_normal_00086.wav,0.0,18.12,18.12,/n 그럼 주말까지 안 올 수도 있겠네요? 꼭+ 꼭 받았으면 하는데 오겠죠? 여기+ 지방+ 여기가 지방이긴 한데 시내 근처이긴 u/ 그럼 빼먹지 마시고 꼭+ 오늘만+ 꼭 오늘 출고만 해주세요. 운종+ 운송장 번호 오면 택+ 택배기사님한테 한번 전화해볼게요.,SOURCE_TEXT,,False,,D62_J93,normal_source_04476,unassigned
validation_normal_00087,validation,normal,0,D62_J93_S00005364,D62_J93_S00005364_seg006,aihub,data\normal_aihub\prepared_diverse\audio\D62_J93_S00005364\D62_J93_S00005364_seg006.wav,audio/normal/validation_normal_00087.wav,0.0,11.614,11.614,제가 반품 보내는 상품에 이름이나 연락처를 써야 할까요? 그럼 반품받아야 하는 주소지와 업체 이름 좀 알려주세요. 제가 그걸 써야 기사님께서 그쪽으로 보내지 않을까요?,SOURCE_TEXT,,False,,D62_J93,normal_source_04490,unassigned
validation_normal_00088,validation,normal,0,D62_J93_S00007438,D62_J93_S00007438_seg002,aihub,data\normal_aihub\prepared_diverse\audio\D62_J93_S00007438\D62_J93_S00007438_seg002.wav,audio/normal/validation_normal_00088.wav,0.0,16.503,16.503,"n/ 전화로도 할 수 있어요? 그럼 너무 감사하죠. n/ 유효기간이 (0622)/(영 육 이 이)(이고요)/(이구요), (CVC)/(씨 브이 씨) 번호가 (333)/(삼 삼 삼)이네요. n/ 네? 한도 초과요? 벌써 그렇게 됐나? 아니 그런데 그럼 한도 초과 카드라고 결제 페이지에서 팝업 같은 게 뜨지 않나요? n/ 그런데 알 수 없는 오류가 발생되었습니다. 이렇게만 나오니까 저는 또 사이트에 문제가 있는 건가 싶어서 한도 초과라고는 생각도 못했네요.",SOURCE_TEXT,,False,,D62_J93,normal_source_04507,unassigned
validation_normal_00089,validation,normal,0,D62_J93_S00008643,D62_J93_S00008643_seg005,aihub,data\normal_aihub\prepared_diverse\audio\D62_J93_S00008643\D62_J93_S00008643_seg005.wav,audio/normal/validation_normal_00089.wav,0.0,17.925,17.925,n/ 헐/ 왜 그러는 거죠? 마우저가 품질 좋다는 것은+ 것은 알려졌지만 마니아층만 알잖아요. 써본 사람들이 주변 사람에게 알려서 솔직히 퍼진 것도 있어요. 품질은 누+ 누구 못지않은 곳인데 그에 대비해 유명하지 않아서 아쉽네요. n/ 네 마케팅만 더 잘되면 마우저가 탑이 될 것 같네요.,SOURCE_TEXT,,False,,D62_J93,normal_source_04639,unassigned
validation_normal_00090,validation,normal,0,D62_J93_S00008643,D62_J93_S00008643_seg001,aihub,data\normal_aihub\prepared_diverse\audio\D62_J93_S00008643\D62_J93_S00008643_seg001.wav,audio/normal/validation_normal_00090.wav,0.0,18.619,18.619,n/ 네 안녕하세요. 제가 마우저 사이트에서 제 마음을 사로잡은 제품을 발견해서 연락을 드렸어요. 그런데 그게 무조건 세트로 팔더라고요. 단품으로 살 수는 없나요? 세트로 사기에는 너무 부담스럽네요. n/ 그 제품이 마우스인데 제품명은 제닉스 (TIO7)/(티 아이 오 칠)이라는 제품이에요. 그것이 지금 사이트에서는 (KO)/(케이 오) (78)/(칠 팔) 무선 이어폰과 같이 묶어서 팔고 있더라고요.,SOURCE_TEXT,,False,,D62_J93,normal_source_04635,unassigned
validation_normal_00091,validation,normal,0,D62_J93_S00008683,D62_J93_S00008683_seg009,aihub,data\normal_aihub\prepared_diverse\audio\D62_J93_S00008683\D62_J93_S00008683_seg009.wav,audio/normal/validation_normal_00091.wav,0.0,14.308,14.308,n/ 아 진짜요? 너무 좋아요. 우리 집에서는 마포구가 그나마 가까운 것 같아요. 매장 가서 직접 사야겠네요. 언제 오픈하나요? n/ 금방 여네요. 그러면 그 때 마포구 점을 들려야겠네요. 감사합니다.,SOURCE_TEXT,,False,,D62_J93,normal_source_04661,unassigned
validation_normal_00092,validation,normal,0,D62_J93_S00008683,D62_J93_S00008683_seg003,aihub,data\normal_aihub\prepared_diverse\audio\D62_J93_S00008683\D62_J93_S00008683_seg003.wav,audio/normal/validation_normal_00092.wav,0.0,17.381,17.381,n/ 아니 그러면 묶어서 팔더라도 그거랑 맞는 제품들이랑 하면 안 되나요? 차라리 저는 맥스틸 키보드랑 같이 팔았으면 좋을 것 같아요. 그리고 오히려 배송비 아끼려고 너무 필요 없는 물건까지 사긴 싫네요. 차라리 배송비를 내고 말겠어요.,SOURCE_TEXT,,False,,D62_J93,normal_source_04655,unassigned
validation_normal_00093,validation,normal,0,D62_J93_S00009103,D62_J93_S00009103_seg004,aihub,data\normal_aihub\prepared_diverse\audio\D62_J93_S00009103\D62_J93_S00009103_seg004.wav,audio/normal/validation_normal_00093.wav,0.0,15.448,15.448,없다고요? 오늘 기프티콘 딸기 타르트에 사용하려고 한 건데 어떡하죠. 근처에 다른 지점은 없을까요? 다른타+ 딸기 타르트가 조금만 늦게 가도 항상 품절이더라고요. 아/ 인천점에 재고가 있군요. 그집+ 그리 멀지 않은 지점이라 다행이네요.,SOURCE_TEXT,,False,,D62_J93,normal_source_04739,unassigned
validation_normal_00094,validation,normal,0,D62_J93_S00009176,D62_J93_S00009176_seg008,aihub,data\normal_aihub\prepared_diverse\audio\D62_J93_S00009176\D62_J93_S00009176_seg008.wav,audio/normal/validation_normal_00094.wav,0.0,15.229,15.229,n/ 누적 포인트가 몇 점 이상이면 사용이 가능할까요? n/ 그럼 웬만한 단골이 아닌 이상 포인트 모으기가 힘들겠네요. n/ 포인트 유효기간은 언제까지인가요? n/ (1년)/(일 년)이면 자동 소멸된다니 포인트도 이 프로씩 하면 많이 모으기 힘들 텐데 (1년)/(일 년)은 너무 짧지 않나요?,SOURCE_TEXT,,False,,D62_J93,normal_source_04782,unassigned
validation_normal_00095,validation,normal,0,D62_J93_S00009176,D62_J93_S00009176_seg006,aihub,data\normal_aihub\prepared_diverse\audio\D62_J93_S00009176\D62_J93_S00009176_seg006.wav,audio/normal/validation_normal_00095.wav,0.0,16.652,16.652,n/ 모든 매장에서 전부 구매가 가능한 건가요? 제가 가는 인천점도요? n/ 아/ 인천점은 구매가 안되고 부천점이 가능하군요. 오늘은 인천점에 들리니까 아쉽게도 머그잔과 접시는 구매하지 못하겠네요. n/ 한스도 포인트 제도가 있다던데 정말인가요?,SOURCE_TEXT,,False,,D62_J93,normal_source_04780,unassigned
validation_normal_00096,validation,normal,0,D62_J93_S00009269,D62_J93_S00009269_seg001,aihub,data\normal_aihub\prepared_diverse\audio\D62_J93_S00009269\D62_J93_S00009269_seg001.wav,audio/normal/validation_normal_00096.wav,0.0,17.779,17.779,"n/ 네. 안녕하세요. 제가 친구에게 한스 모바일 상품권을 받아서 오늘 오후에 교환하려고 하는데요. 주변에 한스 매장이 있는지 궁금해요. n/ 제가 경기도 부천에 살고 있는데요, 여기 근처에 한스 매장이 있나요? 전국에 한스 (케이크)/(케익) 매장이 그렇게 많지 않다고 전해 들어서 매장이 없을까 걱정이 되네요.",SOURCE_TEXT,,False,,D62_J93,normal_source_04832,unassigned
validation_normal_00097,validation,normal,0,D62_J93_S00009281,D62_J93_S00009281_seg008,aihub,data\normal_aihub\prepared_diverse\audio\D62_J93_S00009281\D62_J93_S00009281_seg008.wav,audio/normal/validation_normal_00097.wav,0.0,11.595,11.595,n/ 진짜요? 너무 좋아요. 우리 집에서는 마포구가 그나마 가까운 것 같아요! 매장 가서 직접 사야겠네요. 언제 오픈하나요? n/ 금방 여네요. 그러면 그때 마포구 점을 들려야겠네요. 감사합니다.,SOURCE_TEXT,,False,,D62_J93,normal_source_04847,unassigned
validation_normal_00098,validation,normal,0,D62_J93_S00009371,D62_J93_S00009371_seg005,aihub,data\normal_aihub\prepared_diverse\audio\D62_J93_S00009371\D62_J93_S00009371_seg005.wav,audio/normal/validation_normal_00098.wav,0.0,15.018,15.018,없다고요? 오늘 기프티+ 기프티콘 딸기 타르트에 사용하려고 한 건데 어떡하죠. 근처에 다른 지점은 없을까요? 딸기 타르트가 조금만 늦게 가도 항상 품절이더라고요. 아/ 인천점에 재고가 있군요. 그리 멀지 않은 지점이라 다행이네요.,SOURCE_TEXT,,False,,D62_J93,normal_source_04881,unassigned
validation_normal_00099,validation,normal,0,D62_J93_S00009411,D62_J93_S00009411_seg004,aihub,data\normal_aihub\prepared_diverse\audio\D62_J93_S00009411\D62_J93_S00009411_seg004.wav,audio/normal/validation_normal_00099.wav,0.0,15.116,15.116,없다고요? 오늘 기프티콘 딸기 타르트에 사용하려고 한 건데 어떡하죠? 근처에 다른 지점은 없을까요? 딸기 타르트가 조금만 늦게 가도 항상 품절이더라고요. n/ 아/ 인천점에 재고가 있군요. 그리 멀지 않은 지점이라 다행이네요.,SOURCE_TEXT,,False,,D62_J93,normal_source_04917,unassigned
validation_normal_00100,validation,normal,0,D62_J93_S00009440,D62_J93_S00009440_seg010,aihub,data\normal_aihub\prepared_diverse\audio\D62_J93_S00009440\D62_J93_S00009440_seg010.wav,audio/normal/validation_normal_00100.wav,0.0,11.798,11.798,n/ 네. 감사합니다. 지금 예약된 거죠? 그럼? n/ 가서 딸기 타르트 예약했다고 하면+ 하고 기프티콘만 보여주면 되나요? n/ 감사합니다. 매장 정보 찾기가 힘들었는데 도움이 많이 됐어요.,SOURCE_TEXT,,False,,D62_J93,normal_source_04942,unassigned
validation_normal_00101,validation,normal,0,D62_J93_S00010565,D62_J93_S00010565_seg006,aihub,data\normal_aihub\prepared_diverse\audio\D62_J93_S00010565\D62_J93_S00010565_seg006.wav,audio/normal/validation_normal_00101.wav,0.0,14.229,14.229,"n/ 네, 안되는데 해주셔서 감사합니다. n/ 네, 궁금한 건 없어요. 근데 여기 쇼핑몰도 타 쇼핑몰들처럼 가격 보상제도 같은게 명확하게 있었으면 좋겠어요. 매번 이럴 때마다 제가 억지 부리는 것 같고 해서 마음이 편하지가 않아요. n/ 네, 감사합니다.",SOURCE_TEXT,,False,,D62_J93,normal_source_04980,unassigned
validation_normal_00102,validation,normal,0,D62_J93_S00010749,D62_J93_S00010749_seg008,aihub,data\normal_aihub\prepared_diverse\audio\D62_J93_S00010749\D62_J93_S00010749_seg008.wav,audio/normal/validation_normal_00102.wav,0.0,15.104,15.104,"n/ 네, 안되는데 해주셔서 감사합니다. n/ 네, 궁금한 건 없어요. 근데 여기 쇼핑몰도 타 쇼핑몰처럼 가격 보상제 같은 제도가 명확하게 있었으면 좋겠네요. 매번 이럴 때마다 제가 억지 부리는 것 같고 해서 마음이 편치가 않아요. n/ 네, 감사합니다.",SOURCE_TEXT,,False,,D62_J93,normal_source_04996,unassigned
validation_normal_00103,validation,normal,0,D62_J93_S00014999,D62_J93_S00014999_seg004,aihub,data\normal_aihub\prepared_diverse\audio\D62_J93_S00014999\D62_J93_S00014999_seg004.wav,audio/normal/validation_normal_00103.wav,0.0,15.037,15.037,"n/ 제가 항공 마일리지를 안 쓰고 (10년)/(십 년) 동안 적립만 해서 많이 쌓였는데, 마일리지로 전체 항공권 구매도 가능한가요? n/ 그럼 혹시 가족 전체 항공권 마일리지로 구매하는 거 말고, 아내 좌석만 비즈니스석으로 업그레이드 가능한가요? n/ 유아는 (24개월)/(이십 사 개월) 미만이라, 좌석이 없는 거죠?",SOURCE_TEXT,,False,,D62_J93,normal_source_05038,unassigned
validation_normal_00104,validation,normal,0,D62_J93_S00015391,D62_J93_S00015391_seg007,aihub,data\normal_aihub\prepared_diverse\audio\D62_J93_S00015391\D62_J93_S00015391_seg007.wav,audio/normal/validation_normal_00104.wav,0.0,13.52,13.52,"n/ 기내에서 배고플까 (봐)/(바) 그러는데, 샌드위치나 음료수 같은+ 간식류도 들고 갈 수 있나요? n/ 항공권 결제 후에 출발일은 변경하게 되면 수수료가 발생하나요? 출발일 또는 돌아오는 날짜가 변경이 될 수도 있어서요. n/ 네, 감사합니다. 결+ 결",SOURCE_TEXT,,False,,D62_J93,normal_source_05175,unassigned
validation_normal_00105,validation,normal,0,D62_J93_S00016459,D62_J93_S00016459_seg008,aihub,data\normal_aihub\prepared_diverse\audio\D62_J93_S00016459\D62_J93_S00016459_seg008.wav,audio/normal/validation_normal_00105.wav,0.0,10.788,10.788,n/ 배송은 어떤 식으로 되나요? 전날 만든 음식을 다음날 택배로 받는 건 찝찝해서요. n/ 그럼 지정된 날짜에 오전 (7시)/(일곱 시)까지 배송해주세요. n/ 감사합니다.,SOURCE_TEXT,,False,,D62_J93,normal_source_05280,unassigned
validation_normal_00106,validation,normal,0,D62_J93_S00016492,D62_J93_S00016492_seg008,aihub,data\normal_aihub\prepared_diverse\audio\D62_J93_S00016492\D62_J93_S00016492_seg008.wav,audio/normal/validation_normal_00106.wav,0.0,10.064,10.064,n/ 배송은 어떤 식으로 되나요? 전날 만든 음식을 다음날 택배로 받는 건 찝찝해서요. n/ 그럼 지정된 날짜에 오전 (7시)/(일곱 시)에 배송해 주세요. n/ 감사합니다.,SOURCE_TEXT,,False,,D62_J93,normal_source_05295,unassigned
validation_normal_00107,validation,normal,0,D62_J93_S00016520,D62_J93_S00016520_seg002,aihub,data\normal_aihub\prepared_diverse\audio\D62_J93_S00016520\D62_J93_S00016520_seg002.wav,audio/normal/validation_normal_00107.wav,0.0,15.897,15.897,"n/ 네, 도저히 못 먹을 거 같아요. n/ (1234)/(일 이 삼 사)요. n/ 네, 사진 보여드리고 싶은데 어떻게 보내드리죠? n/ (그런데)/(근데) 도저히 먹을 수가 없어요. 어느 정도면 제가 그냥 먹었죠. 이건 거의 썩기 직전 (쓰레기예요)/(쓰레기에요). n/ 제가 착하니 이 정도지 아니면 욕부터 하는 사람도 있을걸요? 오죽하면 제가 사진을 찍었겠어요.",SOURCE_TEXT,,False,,D62_J93,normal_source_05297,unassigned
validation_normal_00108,validation,normal,0,D62_J93_S00016774,D62_J93_S00016774_seg004,aihub,data\normal_aihub\prepared_diverse\audio\D62_J93_S00016774\D62_J93_S00016774_seg004.wav,audio/normal/validation_normal_00108.wav,0.0,15.67,15.67,n/ 오면서 상한 건지 사진을 다른 거 보내준 건지 알 수 없지만 정말 이건 아니죠. 전에 마켓 할리에서도 상한 거 배송한 거 뉴스에 나와서 아주 난리였잖아요. 사진 바꿔치기했다고. 아시죠? 그런 건 안 따랐으면 좋겠어요.,SOURCE_TEXT,,False,,D62_J93,normal_source_05437,unassigned
validation_normal_00109,validation,normal,0,D62_J93_S00016793,D62_J93_S00016793_seg008,aihub,data\normal_aihub\prepared_diverse\audio\D62_J93_S00016793\D62_J93_S00016793_seg008.wav,audio/normal/validation_normal_00109.wav,0.0,14.823,14.823,환불도 안 해주고 불친절해서 너무 불쾌+ 불쾌합니다. n/ 근본적인 문제를 해결할 생각은 하지 않으시고 융통성 없이 방침만 계속 말씀하시는 건 정말 아닌 것 같습니다. n/ 다른 분처럼+ 들도 저처럼 모르고 당할 것 같은데 똑바로 장사하세요. 됐어요.,SOURCE_TEXT,,False,,D62_J93,normal_source_05457,unassigned
validation_normal_00110,validation,normal,0,D62_J93_S00016836,D62_J93_S00016836_seg009,aihub,data\normal_aihub\prepared_diverse\audio\D62_J93_S00016836\D62_J93_S00016836_seg009.wav,audio/normal/validation_normal_00110.wav,0.0,11.613,11.613,n/ 배송은 어떤 식으로 되나요? 전날 만든 음식을 다음날 택배로 받는 건 찝찝해서요. n/ 그럼 지정된 날짜에 오전 (7시)/(일곱 시)에 배송해 주세요. n/ 감사합니다.,SOURCE_TEXT,,False,,D62_J93,normal_source_05480,unassigned
validation_normal_00111,validation,normal,0,D62_J93_S00017295,D62_J93_S00017295_seg005,aihub,data\normal_aihub\prepared_diverse\audio\D62_J93_S00017295\D62_J93_S00017295_seg005.wav,audio/normal/validation_normal_00111.wav,0.0,16.565,16.565,n/ 낙지는 어떻게 버리나요? 음식물 쓰레기에 넣으면 되나요? n/ 꽃게도 시키면 죽어서 오나요? n/ 상호명을 잘못 지으신 거 아닌가요? 싱싱 물산이 아니고 노이해 물산이네요. n/ 사장님도 이렇게 운영되는+ 걸+ 운영되고 있는 걸 아나요? n/ 고객응대도 이렇게 하시는 걸 아시진 않을 것 같네요.,SOURCE_TEXT,,False,,D62_J93,normal_source_05708,unassigned
validation_normal_00112,validation,normal,0,D62_J93_S00017518,D62_J93_S00017518_seg008,aihub,data\normal_aihub\prepared_diverse\audio\D62_J93_S00017518\D62_J93_S00017518_seg008.wav,audio/normal/validation_normal_00112.wav,0.0,15.289,15.289,n/ 그럼 웬만한 단골이 아닌 이상 포인트 모으기가 힘들겠네요. n/ 포인트 유효기간은 언제까지인가요? n/ (1년)/(일 년) 이면 자동 소멸된다니 포인트도 이 프로씩 하면 많이 모으기 힘들 텐데 일 년은 너무 짧지 않나요? n/ 뭐 본사에서 그렇게 정했으니 어쩔 수 없겠죠.,SOURCE_TEXT,,False,,D62_J93,normal_source_05781,unassigned
validation_normal_00113,validation,normal,0,D62_J93_S00017981,D62_J93_S00017981_seg005,aihub,data\normal_aihub\prepared_diverse\audio\D62_J93_S00017981\D62_J93_S00017981_seg005.wav,audio/normal/validation_normal_00113.wav,0.0,15.417,15.417,그래서 번거로우시겠지만 부츠컷으로 변경할게요. n/ 정말 죄송한데 생각해보니까 전화로 변경 요청하니까 제가 너무 헷갈렸어요. n/ 그냥 주문 취소해주시면 제가 다시 주문해도 될까요?,SOURCE_TEXT,,False,,D62_J93,normal_source_05794,unassigned
validation_normal_00114,validation,normal,0,D62_J93_S00018430,D62_J93_S00018430_seg005,aihub,data\normal_aihub\prepared_diverse\audio\D62_J93_S00018430\D62_J93_S00018430_seg005.wav,audio/normal/validation_normal_00114.wav,0.0,15.208,15.208,"녹즙 같은 (음료는)/(원료는) 따로 주가주+ 추가 주문이 안 되나요? 그럼 매주 월요일에는 케일과 당근주스 (4개)/(네 개), 매주 목요일에는 케일과 사과주스 (4개)/(네 개)를 보내주세요. 빨대는 필요 없습니다. n/ 제가 분기별로 (1달)/(한 달)씩 다이어트를 하는데, 혹시 다이어트 도시락도 있을까요?",SOURCE_TEXT,,False,,D62_J93,normal_source_05905,unassigned
validation_phishing_00001,validation,phishing,1,36511,36511,fss,C:\공경진_26년도\대출사기형\36511_전산상 대출 가능조건을 만든다는 명목으로 선입금을 요구.mp3,audio/phishing/validation_phishing_00001.wav,21.18,41.68,20.5,저희가 지금 고객님은 안 맞으셨던 고객님은 아니. 만약에 안 된다면 제가 돈이 361이라는 돈을 더 이상 주해 줄 수가 없어요. 저도 그래도 너무 좋은데 지금 되게 돈을 많이 줄였거든요. 아니. 그런 건 말해 주십시오. 지금 바로 고객님 앞으로 입금 처리 해드렸는데 고객님 코드 상으로 고객님 맞혀버려 가지고 그런 거 같아요. 못 해드려요.,PASS,,False,,대출사기형,train_phishing_00015,train
validation_phishing_00002,validation,phishing,1,36511,36511,fss,C:\공경진_26년도\대출사기형\36511_전산상 대출 가능조건을 만든다는 명목으로 선입금을 요구.mp3,audio/phishing/validation_phishing_00002.wav,41.68,63.05,21.37,그렇기 때문에 고객님 제가 입금도 못 하고 지금 있잖아요. 네. 그러면은 이거 매개 사람마다 전선 상으로 조여진 코드가 있단 말이에요. 네. 그래서 그것들을 고객님께서 지금 고객님 맞혀버렸는데 그거 푸시해야 고객님의 취금을 받아보시는데 그러니까 이건 못 받으면 취소를 해야 되나요? 아니. 고객님이 왜 취소를 하시니까 고객님,PASS,,False,,대출사기형,train_phishing_00016,train
validation_phishing_00003,validation,phishing,1,36511,36511,fss,C:\공경진_26년도\대출사기형\36511_전산상 대출 가능조건을 만든다는 명목으로 선입금을 요구.mp3,audio/phishing/validation_phishing_00003.wav,107.07,127.59,20.52,지금 자금이 다 나오셨는데 그냥 죄송해요. 저도 지금 361을 구할 돌이 없어요. 부장님이 해주시고 제 돈을 빼가시면 모를까? 아니. 고객님 저희가 전선 상의 코드가 전선 상으로도 고객님 5초 만에 지금 물론 있단 말이에요. 그러니까. 그래서 부장님이 해주시고 돈을 해주시고 제 돈을 빼가세요.,PASS,,False,,대출사기형,train_phishing_00018,train
validation_phishing_00004,validation,phishing,1,36511,36511,fss,C:\공경진_26년도\대출사기형\36511_전산상 대출 가능조건을 만든다는 명목으로 선입금을 요구.mp3,audio/phishing/validation_phishing_00004.wav,127.59,147.89,20.3,네. 그러시면 될 것 같아요. 20년 전에 얼마 좋겠습니까? 네. 제가 있으면 얼마 좋겠습니까? 제가 그렇게 해드렸죠. 그냥 개인적으로 그렇게 해주시고 빼가시면 되실 것 같은데. 그럼 저희가 그런 권리가 있으시면 참 좋겠습니다. 다른 사람 투명에 들어가서 막 돈 빼고 막 그랬으면 좋겠습니다. 그거를 390.,PASS,,False,,대출사기형,train_phishing_00019,train
validation_phishing_00005,validation,phishing,1,36511,36511,fss,C:\공경진_26년도\대출사기형\36511_전산상 대출 가능조건을 만든다는 명목으로 선입금을 요구.mp3,audio/phishing/validation_phishing_00005.wav,147.89,167.99,20.1,더 주는 분이지. 뺄 줄은 모르입니다. 고객님. 그거를 또 이제 풀리하면 또 시간 또 걸리잖아요. 아니. 고객님. 이거는 푸는 데는 시간에 얼마 안 걸리세요. 그것도 몇 분? 한 30분 더 걸리잖아요. 지금 아까도는 아니요. 아까도는 30분이라고 그랬는데 저 지금 4시예요. 이게 됐는데 네. 그러니까요. 고객님. 제가 정확하게 4시 안으로 연락끌인다고 하셨잖아요.,PASS,,False,,대출사기형,train_phishing_00020,train
validation_phishing_00006,validation,phishing,1,36528,36528,fss,C:\공경진_26년도\대출사기형\36528_우리금융 사칭 - 금융지주회사는 대출을 하지 않음.mp3,audio/phishing/validation_phishing_00006.wav,0.0,13.51,13.51,안녕하세요. 우리 금융인데요. 저희 서류 없이 대출 가능하신데 필요하신 자금 있으세요? 계획위원은 없으세요. 신용대출은 아닌데요. 네 알겠습니다.,PASS,,False,,대출사기형,train_phishing_00024,train
validation_phishing_00007,validation,phishing,1,36544,36544,fss,C:\공경진_26년도\대출사기형\36544_학교에 간 자녀를 잡치했다고 협박하는 사기전화.mp3,audio/phishing/validation_phishing_00007.wav,0.0,23.87,23.87,"내가 지금부터 민감한 이야기 할 거니까 사람 없는 곳을 전화 받아요 네, 경고하는데 경찰에 신고하거나 질사라는 게 알리면 에이씨! 그거 왜 나한테 못나? 어딨는지도 모르나? 얼마나 해줄 수 있나요?",PASS,,False,,대출사기형,validation_phishing_00019,validation
validation_phishing_00008,validation,phishing,1,36547,36547,fss,C:\공경진_26년도\대출사기형\36547_부모님을 납치했다고 협박하는 사기전화.mp3,audio/phishing/validation_phishing_00008.wav,41.22,58.175,16.955,여보세요? 너 지금 차량파하고 잘 안 되는 것 같은데 내가 어르신 너 니 엄마 잠깐 지하 창고에 간 거라고 무슨 말인지 알겠어? 이제 내가 지금 단지 필요하기 지금 돈이지 니 엄마 목숨 아니야? 어디에요 지금? 비장해요? 씨발 전화꾸만,PASS,,False,,대출사기형,test_phishing_00013,validation
validation_phishing_00009,validation,phishing,1,36587,36587,fss,C:\공경진_26년도\대출사기형\36587_국민행복기금에서 지원하는 마이너스통장상품입니다.mp3,audio/phishing/validation_phishing_00009.wav,0.0,24.67,24.67,여보세요. 아 예 안녕하세요. 우리 님 새롭게 시작하는 kb 국민은행 김현우데리라고 합니다. 제가 전화드린 건 다름이 아니고요. 고객께서 마이너스 통장 발급 신청 희망해 주신다고 하셔서 제가 상담차 연락드렸고요. 발급 신청해 주신 고객님 본인이 맞으신가요. 그러시면 제가 간단하게 상품 설명 먼저 도와드려도 괜찮으시겠어요.,PASS,,False,,대출사기형,validation_phishing_00030,train
validation_phishing_00010,validation,phishing,1,36587,36587,fss,C:\공경진_26년도\대출사기형\36587_국민행복기금에서 지원하는 마이너스통장상품입니다.mp3,audio/phishing/validation_phishing_00010.wav,67.22,89.79,22.57,"수준의 마이너스 통장 같은 경우에는 고객님 연마다 금리가 근동되잖아요. 네. 그렇지만 이번에 나온 마이너스 통장 상품 같은 경우에는 국민 행복기급, 즉 정부에서 지원을 하는 상품이 있기 때문에 금리 변동 전혀 없으시고요. 서민형 대출로 나온 상품이라 시중에 나와 있는 상품으로는 햇살론이나 세인망호 씨 같은 대출 상품을 알게 되시죠.",PASS,,False,,대출사기형,validation_phishing_00032,train
validation_phishing_00011,validation,phishing,1,36587,36587,fss,C:\공경진_26년도\대출사기형\36587_국민행복기금에서 지원하는 마이너스통장상품입니다.mp3,audio/phishing/validation_phishing_00011.wav,130.8,153.49,22.69,"아 부지기시고요. 고객님 그러시면 혹시 소득 같은 부분은 있으신가요? 전혀 없어요. 아 전혀 없으시고요? 네. 고객님 신용카드 사용하시는가요? 네. 사용 안 하시고요? 네. 고객님 그러시면 주거 형태가 작아세요? 전세세, 월세세요?",PASS,,False,,대출사기형,validation_phishing_00033,train
validation_phishing_00012,validation,phishing,1,36587,36587,fss,C:\공경진_26년도\대출사기형\36587_국민행복기금에서 지원하는 마이너스통장상품입니다.mp3,audio/phishing/validation_phishing_00012.wav,221.36,246.83,25.47,"인지를 부탁드리고요, 고객님. 제가 이렇게 심사과로 서류조스 한번 도와드려볼까요? 그런데 그거 심사만 받고 그걸 다시 받아야 되는 거예요? 고객님 어떤 대출이시든 간에 심사는 받아보셔야 된다는 거 알고 계신가요? 고객님 심사 같은 경우에는 고객님 서류상 저희가 평가를 해서 승인 부결 처리가 나오시게 되시는데요.",PASS,,False,,대출사기형,validation_phishing_00035,train
validation_phishing_00013,validation,phishing,1,36587,36587,fss,C:\공경진_26년도\대출사기형\36587_국민행복기금에서 지원하는 마이너스통장상품입니다.mp3,audio/phishing/validation_phishing_00013.wav,370.38,391.26,20.88,"네네. 네, 그거를 이용하고 있는데. 네네. 그거랑 관계가 있나요? 지금 또 얼마나 남으셨어요, 지금? 이제. 아, 그러시면 어느 정도 남으셨어요? 30년. 금액이에요, 고객님. 아, 금액이요? 네네. 금액이 1억인가? 1억 정도 잡혀있으시다고요? 네.",PASS,,False,,대출사기형,validation_phishing_00036,train
validation_phishing_00014,validation,phishing,1,36591,36591,fss,C:\공경진_26년도\대출사기형\36591_인지세 94만원은 향후 저희가 돌려드립니다.mp3,audio/phishing/validation_phishing_00014.wav,1.49,23.06,21.57,"그 어디 저축은행이 나왔죠? 삼성 저축은행이요 삼성 저축은행이요? 이해가 안 가시면 제가 다시 한번 설명을 드릴게요 이 인제세 같은 경우에 고객님께서 940,000원의 자금 자체를 한쪽으로 보내주셔야 대출권이 나가시는 게 아니시고요 대출 자금에 대해서",PASS,,False,,대출사기형,test_phishing_00019,validation
validation_phishing_00015,validation,phishing,1,36591,36591,fss,C:\공경진_26년도\대출사기형\36591_인지세 94만원은 향후 저희가 돌려드립니다.mp3,audio/phishing/validation_phishing_00015.wav,23.06,46.06,23.0,"940,000원이 제외되고 나가시는 게 아니에요 10개반에서 940,000원의 자금 자체를 고객님 통으로 처리를 하는 게 아니다 저희 금융업체 저희 삼성 저축은행 회사 자금을 해드렸다가 대출금이 나가시면 다시 삼성 저축에 940,000원을 다시 저희 회사 쪽으로 돌려왔는 금액입니다",PASS,,False,,대출사기형,test_phishing_00020,validation
validation_phishing_00016,validation,phishing,1,36610,36610,fss,"C:\공경진_26년도\대출사기형\36610_고객님 전용 주소인 125.230.101.94로 접속하셔서 앱 다운로드하세요. 무서류, 무방문 대출이라 모바일 앱으로만 대출 진행합니다.mp3",audio/phishing/validation_phishing_00016.wav,94.18,111.86,17.68,받고 싶으시면 DTR도를 추가적으로 계속 한 번에 이제 낮춰 주시면 되시는 거고요 예 고객님께서 그러시면 혹시 개인자금은 오케이 900만 원이면 아주 많이 하신 거세요 아 맨밤 한 번 해주시고요 전부 다요?,PASS,,False,,대출사기형,test_phishing_00047,train
validation_phishing_00017,validation,phishing,1,36610,36610,fss,"C:\공경진_26년도\대출사기형\36610_고객님 전용 주소인 125.230.101.94로 접속하셔서 앱 다운로드하세요. 무서류, 무방문 대출이라 모바일 앱으로만 대출 진행합니다.mp3",audio/phishing/validation_phishing_00017.wav,188.82,210.93,22.11,금리는 다 똑같으세요 이름만 이렇게 있는 거고 그래도 원래 공식적인 금융감독원에 지칭된 명칭은 신용대출과 햇살론과 대완대출 세 가지입니다 고객님 그건 아니죠 아니에요 고객님 제가 아까 말씀드린 대로요 15% 이상 고급을 쓰시는 게 있으시면요,PASS,,False,,대출사기형,test_phishing_00049,train
validation_phishing_00018,validation,phishing,1,36610,36610,fss,"C:\공경진_26년도\대출사기형\36610_고객님 전용 주소인 125.230.101.94로 접속하셔서 앱 다운로드하세요. 무서류, 무방문 대출이라 모바일 앱으로만 대출 진행합니다.mp3",audio/phishing/validation_phishing_00018.wav,210.93,231.93,21.0,대완대출이 가능한 건 하신 거고 기존의 대출이 있는 거기 때문에 그거를 받은 금위로 가라타기껏 권을 해 드리는 거고요 네 단순히 신용으로만 보고 이걸 진행을 하는 거기 때문에 버거 들어가게 되면 굉장히 복잡하고 대완 성격이 안 맞기 때문에 단복건들은 진행을,PASS,,False,,대출사기형,test_phishing_00050,train
validation_phishing_00019,validation,phishing,1,36610,36610,fss,"C:\공경진_26년도\대출사기형\36610_고객님 전용 주소인 125.230.101.94로 접속하셔서 앱 다운로드하세요. 무서류, 무방문 대출이라 모바일 앱으로만 대출 진행합니다.mp3",audio/phishing/validation_phishing_00019.wav,316.71,336.95,20.24,고객님께서 롯데케피타에서 신행을 했어요 그런데 말 신사하다가 고객님께서 예를 들어서 저한테 만약에 연체가 하루를 위해서는 그 말씀을 안 해주셨어요 그런데 만약에 그것 때문에 두결이 맞다고 싶게요,PASS,,False,,대출사기형,test_phishing_00052,train
validation_phishing_00020,validation,phishing,1,36610,36610,fss,"C:\공경진_26년도\대출사기형\36610_고객님 전용 주소인 125.230.101.94로 접속하셔서 앱 다운로드하세요. 무서류, 무방문 대출이라 모바일 앱으로만 대출 진행합니다.mp3",audio/phishing/validation_phishing_00020.wav,358.3,379.54,21.24,요거 변제 공무원 보내놓을 거고요 공무원 처리되고 나서 고객님한테 바로 전화 드리겠습니다 제가 카드 사는 건데 문제가 생기거나 그런 건 없는 거죠 그런 건 없으신 거죠 대출이잖아요 전혀 그런 건,PASS,,False,,대출사기형,test_phishing_00053,train
validation_phishing_00021,validation,phishing,1,36622,36622,fss,C:\공경진_26년도\대출사기형\36622_[대출사기 2단계] 개인정보 탈취 시도.mp3,audio/phishing/validation_phishing_00021.wav,20.59,32.3,11.71,"고객님 살고 계시는 거주지, 시, 구, 돈까지만 확인 부탁드리겠습니다. 사시는 곳 거주 형태가 작아재야 전세세에 오고 있으세요? 등봄상 가족 관계는 몇인으로 되어 있으신가요?",PASS,,False,,대출사기형,train_phishing_00052,test
validation_phishing_00022,validation,phishing,1,36632,36632,fss,C:\공경진_26년도\대출사기형\36632_[대포통장 모집] 1일 출금한도 600만원으로 설정한 부분에 대해 저희가 내부절차금액을 통해 입금을 했다 출금을 하는 방식으로 확인하는 것입니다.mp3,audio/phishing/validation_phishing_00022.wav,0.0,20.28,20.28,요 부분 1일 출구만도 있죠 600으로 선택하신 부분 요 부분을 저희 내부 자체 금액으로 해서 입금을 했다가 출구매부는 부분으로 확인이 들어가는 부분이에요 그러면 전사는 저희가 확인을 할 수가 없기 때문에 기록이 안 남을 수가 없기 때문에 그렇게 하면 저희 자체 내 금액으로 해서 확인하는 부분이니까,PASS,,False,,대출사기형,train_phishing_00064,test
validation_phishing_00023,validation,phishing,1,36632,36632,fss,C:\공경진_26년도\대출사기형\36632_[대포통장 모집] 1일 출금한도 600만원으로 설정한 부분에 대해 저희가 내부절차금액을 통해 입금을 했다 출금을 하는 방식으로 확인하는 것입니다.mp3,audio/phishing/validation_phishing_00023.wav,41.72,57.09,15.37,시간대는 제가 중간중간 체크해서 말씀을 드릴 수 있도록 하겠습니다 궁금한 상황이 있으면 언제든지 저한테 바로 연락을 주시고 네 알겠습니다 전화 주시지요 사장님 네 전화 네 전화하고 계시고요 네,PASS,,False,,대출사기형,train_phishing_00065,test
validation_phishing_00024,validation,phishing,1,36640,36640,fss,C:\공경진_26년도\대출사기형\36640_이 번호는 OO캐피탈 심사부 내선 전화번호입니다.mp3,audio/phishing/validation_phishing_00024.wav,0.0,20.48,20.48,네 아까 좀 전에 전화 드렸었는데 담당 때가 모른다고 말씀드리면서 했던 사람인 것 같으면요 성함이 어떻게 되시죠? 네요 아 네 잠시만요 주민보다 앞사리 확인 부탁드리겠습니다 네? 네 혹시 공철팀장님 앞으로 지금 접수되는 걸 나오는데 제가 바로 연결해 드릴까요? 네네네,PASS,,False,,대출사기형,train_phishing_00066,validation
validation_phishing_00025,validation,phishing,1,36640,36640,fss,C:\공경진_26년도\대출사기형\36640_이 번호는 OO캐피탈 심사부 내선 전화번호입니다.mp3,audio/phishing/validation_phishing_00025.wav,20.48,40.75,20.27,네 잠시만요 아 죄송한데 담당자 성함이 어떻게 되신다고요? 공철요 공철팀장님 아 네 알겠습니다 네 잠시만요 네 네 감사합니다 네 저 아까 저기 심사 결과 나오는 대로 전화하신다고 했었는데 잠시만요 고객님 성함 말씀 해주세요 네요,PASS,,False,,대출사기형,train_phishing_00067,validation
validation_phishing_00026,validation,phishing,1,36640,36640,fss,C:\공경진_26년도\대출사기형\36640_이 번호는 OO캐피탈 심사부 내선 전화번호입니다.mp3,audio/phishing/validation_phishing_00026.wav,62.27,82.37,20.1,일단 캡피탈권에서 몇%금 이상하세요? 이거는 제한 같은 경우는 이 국민행복지금에서 고객님한테 보증을 써서 적업리로 가능하신 거잖아요 그렇기 때문에 일단 20% 이상 사용하시는 상품이 있으시면 그 부분을 적업리로 해서 8%에서 12%금위로 해서 갈아타시는 상품이세요,PASS,,False,,대출사기형,train_phishing_00068,validation
validation_phishing_00027,validation,phishing,1,36640,36640,fss,C:\공경진_26년도\대출사기형\36640_이 번호는 OO캐피탈 심사부 내선 전화번호입니다.mp3,audio/phishing/validation_phishing_00027.wav,82.37,102.59,20.22,제가 14.6%예요 그러면 안 되지 않나요? 14.6%요? 아 네 18%요 18%요? 네 아이고 최저 20% 이상 사용하시는 상품에 한해서 갈아타실 수가 있으세요 근데 아까 그런 거 물어보시지도 않으셔서 네 네 네 그래서 저는 그냥 개인적으로 말씀드리긴 했는데 한 번에 이렇게 찍혀서 한 번 더 전화 드린 거거든요,PASS,,False,,대출사기형,train_phishing_00069,validation
validation_phishing_00028,validation,phishing,1,36640,36640,fss,C:\공경진_26년도\대출사기형\36640_이 번호는 OO캐피탈 심사부 내선 전화번호입니다.mp3,audio/phishing/validation_phishing_00028.wav,102.59,125.62,23.03,아 확인자 전화하신 거예요? 네 네 그런데 죄송한데요 아직까지 현재 심사 결과가 안 나왔어요 아 네 네 아까 말씀을 드렸는데 빠르면 20분 뒬면 1시간 정도 소요가 될 거라고요 네 그 거기가 그러면 노예 캡피탈 어디 지점이에요? 영등포지점이에요 아 영등포예요? 네 네 검색하시면 나오시는데 아 아니 전화번호를 검색을 해봤는데 전화번호가 안 나와서 저희 노예 캡피탈 본사 대표 번호 확인 안 드세요?,PASS,,False,,대출사기형,train_phishing_00070,validation
validation_phishing_00029,validation,phishing,1,36655,36655,fss,"C:\공경진_26년도\대출사기형\36655_저희가 고객님 정보를 알고 연락 드린건 아니고, 이번에 홍보 기간이라 컴퓨터 상 숫자 조합을 해서 연락드리는 겁니다.mp3",audio/phishing/validation_phishing_00029.wav,23.82,44.68,20.86,이 상품은 연출 것만 없으시면 기존의 기대출이 많으시거나 등급이 낮으셔도 가능하는데요. 고객님 제가 제이티 친해적 주군행에서 지켜보는 건가요? 네. 저희 제이티 친해적 주군행에서 자금 나가시는 거고요. 혹시 높은 금밀으로 이용되시는 자금은 있으세요? 상담원 분 성함 먼저 좀 알려주세요. 예?,PASS,,False,,대출사기형,train_phishing_00087,train
validation_phishing_00030,validation,phishing,1,36655,36655,fss,"C:\공경진_26년도\대출사기형\36655_저희가 고객님 정보를 알고 연락 드린건 아니고, 이번에 홍보 기간이라 컴퓨터 상 숫자 조합을 해서 연락드리는 겁니다.mp3",audio/phishing/validation_phishing_00030.wav,44.68,64.68,20.0,상담원 분 성함 먼저 좀 알려주세요. 고객님 저는 오윤정이라고 합니다. 고객님. 저희가 상담 주스가 되시면 고객님 상담원 성함이나 전화번호 문자 발송으로 해드리고 있어요. 그래서 요즘에 개인정보 유춘권이라든지 중격체라든지 문제가 많으시잖아요. 애초에 제 번호는 어떻게 알고 지금 전화하신 겁니까? 저희가 고객님의 신상을 알고 연락드리는 건 아니시고요.,PASS,,False,,대출사기형,train_phishing_00088,train
validation_phishing_00031,validation,phishing,1,36655,36655,fss,"C:\공경진_26년도\대출사기형\36655_저희가 고객님 정보를 알고 연락 드린건 아니고, 이번에 홍보 기간이라 컴퓨터 상 숫자 조합을 해서 연락드리는 겁니다.mp3",audio/phishing/validation_phishing_00031.wav,85.68,109.68,24.0,충분히 확인하신 다음에 상담 받는 거예요. 저는 제가 문화콜이라는 사이트 통해서 JT 친애 저축은행 관련해서 이런 스팸 전화가 오지 않도록 제가 조치를 해놨었거든요. 문화콜이라는? 네. 거기서 공지사항으로 이렇게 본 걸 확인을 하니까 신청 후에도 이런 식으로 전화를 주시면 네. 고객님 그런 신청은 저희가 이제 저희 JT 친애 저축은행 지점에서 문화콜 설정을 해드리는 거기 때문에,PASS,,False,,대출사기형,train_phishing_00089,train
validation_phishing_00032,validation,phishing,1,36655,36655,fss,"C:\공경진_26년도\대출사기형\36655_저희가 고객님 정보를 알고 연락 드린건 아니고, 이번에 홍보 기간이라 컴퓨터 상 숫자 조합을 해서 연락드리는 겁니다.mp3",audio/phishing/validation_phishing_00032.wav,109.68,121.68,12.0,고객님께서 따로 설정을 하신다고 해서 연락이 안 들어가시는 게 아니세요. 저는 뭐 제가 이거 지금 녹음 중이니까요. 다시 신고식을 하게 되면 조치가 어떻게 입어지는지 지켜보면 알 것 같고요. 네. 끝입니다. 아 예. 알겠습니다.,PASS,,False,,대출사기형,train_phishing_00090,train
validation_phishing_00033,validation,phishing,1,36694,36694,fss,C:\공경진_26년도\대출사기형\36694_(현금인출책으로 이용) 김OO씨한테서 2천만원이 입금될 거에요. 은행에서 무슨 관계냐고 물으면 친오빠라고 하세요.mp3,audio/phishing/validation_phishing_00033.wav,0.37,23.23,22.86,"지금 처음에 들어오실 분이 자, 어느 분이냐면 김 씨 라고, 경기도 일산이 있죠? 경기도 일산 쪽에서 핸드폰 매장 하시는 분이에요. 핸드폰 매장 하시는 분께서 저희가 현금이 2천만 원이 들어갈 건데",PASS,,False,,대출사기형,validation_phishing_00083,train
validation_phishing_00034,validation,phishing,1,36694,36694,fss,C:\공경진_26년도\대출사기형\36694_(현금인출책으로 이용) 김OO씨한테서 2천만원이 입금될 거에요. 은행에서 무슨 관계냐고 물으면 친오빠라고 하세요.mp3,audio/phishing/validation_phishing_00034.wav,23.23,43.43,20.2,혹시라도 은행에서 이분이 어떤 관계냐라고 물어볼 수 있으면 그냥 오빠 얘기하시고 무슨 목적으로 현금이 이렇게 많이 필요하다고 얘기를 하면 우리 남편 사업하는 것 때문에 내가 오빠한테 돈을 좀 빌렸다. 사업자금이다 이렇게 얘기해 주시면 돼요.,PASS,,False,,대출사기형,validation_phishing_00084,train
validation_phishing_00035,validation,phishing,1,36694,36694,fss,C:\공경진_26년도\대출사기형\36694_(현금인출책으로 이용) 김OO씨한테서 2천만원이 입금될 거에요. 은행에서 무슨 관계냐고 물으면 친오빠라고 하세요.mp3,audio/phishing/validation_phishing_00035.wav,125.98,147.98,22.0,사람이 많아서 대기인이 많을 수도 있고 또 어떤 때는 없을 수도 있잖아요. 그래서 대기인이 예를 들어서 한 10명 이상이다 9명 10명 이상이다 좀 기다릴 것 같다 라고 하면 살짝 화장실 가시면서 전화 한번 주셔도 되고 앞에 잠깐 나오셔서 전화 주시면 되고 지금 대기고객이 많아서 조금 기다려야 될 것 같아요. 라고 저한테 전화 한번 주시면 되고요.,PASS,,False,,대출사기형,validation_phishing_00085,train
validation_phishing_00036,validation,phishing,1,36694,36694,fss,C:\공경진_26년도\대출사기형\36694_(현금인출책으로 이용) 김OO씨한테서 2천만원이 입금될 거에요. 은행에서 무슨 관계냐고 물으면 친오빠라고 하세요.mp3,audio/phishing/validation_phishing_00036.wav,147.98,168.98,21.0,만약에 창고에 사람이 별로 없다. 그러면 그냥 일 보시고 나오시면 되는 거예요. 나오셔서 전화 한 통. 예를 들자면 뭐 내가 현금 맞고 수표를 얼마 찾았다 라고 얘기를 해 주시면 제가 실사 직원 하고 동선을 맞춰서 그 직원이 어디 있으니까 어디로 좀 이동 좀 해주세요. 또는 제가 직원을 그쪽으로 보낼게요.,PASS,,False,,대출사기형,validation_phishing_00086,train
validation_phishing_00037,validation,phishing,1,36694,36694,fss,C:\공경진_26년도\대출사기형\36694_(현금인출책으로 이용) 김OO씨한테서 2천만원이 입금될 거에요. 은행에서 무슨 관계냐고 물으면 친오빠라고 하세요.mp3,audio/phishing/validation_phishing_00037.wav,168.98,190.26,21.28,뭐 어쨌든 그거는 현장 상황에 따라서 만들어드릴 테니까 걱정하지 않으셔도 되고 뭐 하여튼 이런 식으로 업무보시면 되니까 하는데 뭐 간혹 이제 창고 직원이 이제 뭐 뭐 이렇게 이렇게 좀 뭐 꼬치꼬치 페물을 때도 있고 있어요. 그러면 이거는 뭐 사실 직원에서 직접 업무를 보시는 부분이니까,PASS,,False,,대출사기형,validation_phishing_00087,train
validation_phishing_00038,validation,phishing,1,36708,36708,fss,C:\공경진_26년도\대출사기형\36708_(대출사기 ②) 저희 수금 담당자가 OOO씨(실제로는 미리 확보해둔 대포통장) 인데요. 혹시 은행에서 왜 여기로 송금하냐고 하면.mp3,audio/phishing/validation_phishing_00038.wav,22.38,43.05,20.67,대출금 계좌 제가 다시 한 번 확인할게요. 한원에이고요. 네. 맞으시죠. 고객님 제가 한 가지 당분 말씀 드리는 건 처음 3개월 동안은 저희 지잼에서 고객님 거 관리를 하고 그다음에 3개월 이후에는 본점 쪽으로 넘어갈 거예요. 제 고객이지만 본점에서는 제 집중 중에서 관리를 하는 거죠.,PASS,,False,,대출사기형,test_phishing_00094,validation
validation_phishing_00039,validation,phishing,1,36708,36708,fss,C:\공경진_26년도\대출사기형\36708_(대출사기 ②) 저희 수금 담당자가 OOO씨(실제로는 미리 확보해둔 대포통장) 인데요. 혹시 은행에서 왜 여기로 송금하냐고 하면.mp3,audio/phishing/validation_phishing_00039.wav,43.05,65.05,22.0,고객님께서 저희 쪽으로 고객님까지 해주시기 때문에 그렇기 때문에 3개월 동안 고객님께서 잘 상을 해주셔야 해요. 아셨죠? 아 그럼요. 네. 저도 이제 또 재면에 있는 부분이 있고 솔직히 말씀드리면서도 실제 부분이 있는 거기 때문에 그러면 좀 잘 지켜주시고요. 그러면 오늘 4시 정도 되겠네요. 그러면 4시에 5시 정도?,PASS,,False,,대출사기형,test_phishing_00095,validation
validation_phishing_00040,validation,phishing,1,36708,36708,fss,C:\공경진_26년도\대출사기형\36708_(대출사기 ②) 저희 수금 담당자가 OOO씨(실제로는 미리 확보해둔 대포통장) 인데요. 혹시 은행에서 왜 여기로 송금하냐고 하면.mp3,audio/phishing/validation_phishing_00040.wav,65.05,85.1,20.05,"이제 제가 순반대로 나가는데 저희 쪽에 제가 본점에서 빨리 처리가 되면 5시 반 이렇게 5시 반, 6시 안은 나갈 거예요. 무조건 돼야 돼요 제가. 네네네. 그러니까요. 5시 반, 6시. 이때 나가실 거예요. 그리고 고객님께서 어제 단고 증명해 주신 거는",PASS,,False,,대출사기형,test_phishing_00096,validation
validation_phishing_00041,validation,phishing,1,36708,36708,fss,C:\공경진_26년도\대출사기형\36708_(대출사기 ②) 저희 수금 담당자가 OOO씨(실제로는 미리 확보해둔 대포통장) 인데요. 혹시 은행에서 왜 여기로 송금하냐고 하면.mp3,audio/phishing/validation_phishing_00041.wav,168.74,187.74,19.0,네. 아 네. 알겠어요. 네. 이제 그 부분 좀 잘 좀 그렇게 말씀 좀 해주시면 정상적으로 세월이 되실 거예요. 69년생이시고 서울 거주. 네. 네. 네. 고모한테 보는 거래. 네. 그러면 제가 빨리 해서 대충 빨리 받아볼 수 있도록 제가 해드릴게요. 네. 네. 또 전화 드리겠습니다. 순간에요. 네. 알겠습니다. 네.,PASS,,False,,대출사기형,test_phishing_00097,validation
validation_phishing_00042,validation,phishing,1,36713,36713,fss,C:\공경진_26년도\대출사기형\36713_저희는 이미 확정금리로 나왔습니다. 무조건 대출 진행 가능합니다.mp3,audio/phishing/validation_phishing_00042.wav,86.02,108.07,22.05,아니요. 오전에 지금 밟으러 하고 있어요. 본사에서. 그러면 친해져축은행으로 진행을 하시는 게 훨씬 빠르실 거예요. 페퍼 저축은행이 서류가 들어가고 부터 사업자분들은 최소 2일에서 3일 걸리는 걸로 알고 있거든요. 제가. 그럼요. 오전에 제가 그 서류 부분들이 본사에서 밟을 수 있는 걸 보고요. 만약에 그게 안 되면은 페퍼로 진행을 하도록 할게요.,PASS,,False,,대출사기형,test_phishing_00102,test
validation_phishing_00043,validation,phishing,1,36717,36717,fss,C:\공경진_26년도\대출사기형\36717_(현금 인출책 모집) 저희 쪽 직원에게 수수료를 제한 금액을 전달하시면 됩니다.mp3,audio/phishing/validation_phishing_00043.wav,4.14,26.17,22.03,"네, 나왔습니다. 나오셨어요? 네. 지금 저희 만나실 직원 이름이 주혁 대리입니다. 네. 청소무역 김영상 과장님 보내서 왔습니다. 네. 김주혁 대리는 이렇게 인사할 겁니다. 네. 저희 외군보는 직원들은 다 나이가 좀 어릅니다. 네. 일부러 우리 고객님 업무 도와드리러 왔으니까",PASS,,False,,대출사기형,validation_phishing_00093,validation
validation_phishing_00044,validation,phishing,1,36717,36717,fss,C:\공경진_26년도\대출사기형\36717_(현금 인출책 모집) 저희 쪽 직원에게 수수료를 제한 금액을 전달하시면 됩니다.mp3,audio/phishing/validation_phishing_00044.wav,70.77,91.34,20.57,오신 것 같은데요. 김주혁 전화 좀 바꿔 드릴까요? 네. 전화 좀 바꿔 주세요. 네. 네. 여보세요? 네. 김주혁들이죠. 네. 네. 금액이 895만 원입니다. 네. 그러면 얼른 이동하면 되고요. 네. 네. 다시 고객님 바꿔 주세요.,PASS,,False,,대출사기형,validation_phishing_00094,validation
validation_phishing_00045,validation,phishing,1,36717,36717,fss,C:\공경진_26년도\대출사기형\36717_(현금 인출책 모집) 저희 쪽 직원에게 수수료를 제한 금액을 전달하시면 됩니다.mp3,audio/phishing/validation_phishing_00045.wav,91.34,111.38,20.04,"네. 네. 네. 여보세요? 네. 저희 직원한테 경비 5만 원 뺀 거라고 얘기했으니까요. 네. 네. 그리고 오늘 빠르게 업무 봐서 좀 잘 차려하라고 시켰습니다. 아, 네. 아, 네. 그럼 끊지 마시고 와서 5만 원 뺏었으니까 총 금액이 895만 원이죠. 네. 고객님 전화 끊지 마시고 한번 전달해 주시고요.",PASS,,False,,대출사기형,validation_phishing_00095,validation
validation_phishing_00046,validation,phishing,1,36728,36728,fss,"C:\공경진_26년도\대출사기형\36728_단시간에 신용평점을 상향시킬 수 있는 방법이 있는데, 채무상환능력평가라는 방법입니다. 채무상환능력평가라는 것은 고객님께서 대출을 발생시키시고 곧바로 일시상환함으로써 자금 상환능력이 있다는 것을 증명하는 방법입니다.mp3",audio/phishing/validation_phishing_00046.wav,68.82,91.63,22.81,10만 원 공인 718점이니까 한 20-30점 오르시게 된다고 생각하시면 800점에 들어가시게 되는 부분에서 공인께서 신청하신 물음 문제가 없으시게 되시는 거죠. 방금 이해를 하시겠어요 공인이?,PASS,,False,,대출사기형,validation_phishing_00096,validation
validation_phishing_00047,validation,phishing,1,36728,36728,fss,"C:\공경진_26년도\대출사기형\36728_단시간에 신용평점을 상향시킬 수 있는 방법이 있는데, 채무상환능력평가라는 방법입니다. 채무상환능력평가라는 것은 고객님께서 대출을 발생시키시고 곧바로 일시상환함으로써 자금 상환능력이 있다는 것을 증명하는 방법입니다.mp3",audio/phishing/validation_phishing_00047.wav,135.51,159.64,24.13,공인 행복기금. 공인 행복기금이요. 그리고 그런 창풍이 없다는데. 어디에 있어요? 공인 행복기금이요. 어디에 있잖아 하시가지고 확인하셨단 말이에요. 아 공인 행복기금이요? 아니 공인 행복기금이 전화를 공인이 어떻게 한단 말이에요. 그거는 공인 행복기금 상품 이름이에요.,PASS,,False,,대출사기형,validation_phishing_00097,validation
validation_phishing_00048,validation,phishing,1,36728,36728,fss,"C:\공경진_26년도\대출사기형\36728_단시간에 신용평점을 상향시킬 수 있는 방법이 있는데, 채무상환능력평가라는 방법입니다. 채무상환능력평가라는 것은 고객님께서 대출을 발생시키시고 곧바로 일시상환함으로써 자금 상환능력이 있다는 것을 증명하는 방법입니다.mp3",audio/phishing/validation_phishing_00048.wav,159.64,180.08,20.44,공인 행복기금 어딘데요? 저희는 공인은 예신념업보여요. 네? 공인은 예신념업보라고요. 공인 은행이요? 네. 공인은 어디에 있습니까? 저희는 마포지점이요. 마포지점이요? 네. 여태까지 뭐 공인 어디인지도 모르고 전화 받고,PASS,,False,,대출사기형,validation_phishing_00098,validation
validation_phishing_00049,validation,phishing,1,36728,36728,fss,"C:\공경진_26년도\대출사기형\36728_단시간에 신용평점을 상향시킬 수 있는 방법이 있는데, 채무상환능력평가라는 방법입니다. 채무상환능력평가라는 것은 고객님께서 대출을 발생시키시고 곧바로 일시상환함으로써 자금 상환능력이 있다는 것을 증명하는 방법입니다.mp3",audio/phishing/validation_phishing_00049.wav,221.21,241.9,20.69,맞아요. 서울은 공의도 시작되잖아요. 지금 그 지금 전화번호가 대표 번호예요. 그 공이 공이 누르시고 하셔도 되고 공이 빼고 하셔도 되시는 거예요. 따로 이 번호 막 기회는 없다고요? 네 그게 대표 번호라고요.,PASS,,False,,대출사기형,validation_phishing_00099,validation
validation_phishing_00050,validation,phishing,1,36355,36355,fss,C:\공경진_26년도\수사기관 사칭형\36355_서울남부지검 증권범죄합동수사단 김민정수사관 사칭.mp3,audio/phishing/validation_phishing_00050.wav,0.78,21.36,20.58,남섭이신데. 멀으세요. 아. 왜냐하면요. 저희 남부지검에서. 저희 나이 금리 멈추사위단을 공부를 했는데요. 그 뭔가 현장에서 대략이 신경카드와 대포통장을 압수했습니다. 그런데 압수문하고 조여하던 도중에 15님 명의로돼 시티원의 통장 한보,PASS,,False,,수사기관 사칭형,train_phishing_00272,train
validation_phishing_00051,validation,phishing,1,36355,36355,fss,C:\공경진_26년도\수사기관 사칭형\36355_서울남부지검 증권범죄합동수사단 김민정수사관 사칭.mp3,audio/phishing/validation_phishing_00051.wav,43.28,58.3,15.02,아니요. 둘 다 없어요. 어. 이. 이. 이. 이. 이. 이. 이. 이. 이. 이.,PASS,,False,,수사기관 사칭형,train_phishing_00274,train
validation_phishing_00052,validation,phishing,1,36355,36355,fss,C:\공경진_26년도\수사기관 사칭형\36355_서울남부지검 증권범죄합동수사단 김민정수사관 사칭.mp3,audio/phishing/validation_phishing_00052.wav,88.52,108.87,20.35,이. 그리고 본인명의시티원의 외화원인2 개사가 범죄 의연됐고요. 범죄 현장에서 압수했기 때문에 본인께서는 사건에 실망 loaded 신지 무관 피해자 신지 여부액증이 되신 게 아니에요. 나는 금세가 montage 확인차 질문를 드릴 건데요. 지금 통화 가능하신 거 맞으신가요?,PASS,,False,,수사기관 사칭형,train_phishing_00275,train
validation_phishing_00053,validation,phishing,1,36355,36355,fss,C:\공경진_26년도\수사기관 사칭형\36355_서울남부지검 증권범죄합동수사단 김민정수사관 사칭.mp3,audio/phishing/validation_phishing_00053.wav,220.44,240.57,20.13,본인의 계좌가 나오는 경로라면 CTN의 외환에 말고도 통증을 더 만들 수 있단 말이거든요. 네. 그런데 이해는 가십니까? 네. 그래서 오늘 양승인 씨 본인 개인적으로 연락을 봤고요. 본인께서 직접 만드신 통장이 아니시거나 대포통장의 이심이 된다 하는 통장을 모두 다 펜이첩을 시켜드리려고,PASS,,False,,수사기관 사칭형,train_phishing_00277,train
validation_phishing_00054,validation,phishing,1,36355,36355,fss,C:\공경진_26년도\수사기관 사칭형\36355_서울남부지검 증권범죄합동수사단 김민정수사관 사칭.mp3,audio/phishing/validation_phishing_00054.wav,261.14,281.62,20.48,그 두 개 그냥... 네. 피해 연행을 시켜드렸고요. 본인 앞으로 아니면 든본으로 보내드릴까요? 뭐... 네. 뭐... 선물 받는 게 참 좋은 거 아니에요. 되게 맛있다. 네. 본인께서 진짜 확인하고요. 이쪽 번으로 연락 주셔도 되시고요. 네. 찍힌 번호도 있거든요. 찍힌 번호를 연락 주셔도 괜찮으시거든요.,PASS,,False,,수사기관 사칭형,train_phishing_00278,train
validation_phishing_00055,validation,phishing,1,36381,36381,fss,C:\공경진_26년도\수사기관 사칭형\36381_사기 및 전자금융거래법 위반으로 고소가 들어왔어요.mp3,audio/phishing/validation_phishing_00055.wav,0.68,24.1,23.42,"여보세요. 예. 예, XX지 맞습니까? 예. 잘 수고하십니다. 서울지방경찰청에서 경제범죄수사팀 조병중 경장입니다. 예. 다름이 아니고요 본인 앞으로 연료적인 사건이 있어서 연락드렸고요. 뭔 사건이오? 사김이 전자 금융과를 이반 사건으로 고도가 들어왔어요. 그게 뭐예요. 형님, 제가 이제 다 설명 드릴텐데",PASS,,False,,수사기관 사칭형,validation_phishing_00116,validation
validation_phishing_00056,validation,phishing,1,36381,36381,fss,C:\공경진_26년도\수사기관 사칭형\36381_사기 및 전자금융거래법 위반으로 고소가 들어왔어요.mp3,audio/phishing/validation_phishing_00056.wav,138.51,162.92,24.41,제가요? 네. 제가 아까 처음에 말씀드렸잖아요. 지금 고소가 들어왔다고. 난 처음 들었는데요. XX이라고 있는 XX인 혹시 알고 계세요? 뭔지 몰라요. XX 신고를 하셨는데 자기 XX 사기 당했는데 본인 명의로 통장에 돈을 넣고 XX 사기단에 돈을 가로챈 사건입니다.,PASS,,False,,수사기관 사칭형,validation_phishing_00118,validation
validation_phishing_00057,validation,phishing,1,36381,36381,fss,C:\공경진_26년도\수사기관 사칭형\36381_사기 및 전자금융거래법 위반으로 고소가 들어왔어요.mp3,audio/phishing/validation_phishing_00057.wav,185.75,209.35,23.6,간단하게 통화 녹음 상태를 저희가 제 1차 조사를 진행할 거예요. 그럼 너가 속 올라가야 돼요? 일단 제가 녹취 조사로 1차 조사를 하고 나중에 소환장을 보내드릴게요. 통화 내용은 전부 녹취하여서 사포로 증거자를 쓸 거고요. 제 지수는 간단한 명령에 얘 안 이후로 솔직하게 답변해 주시면 되시고요.,PASS,,False,,수사기관 사칭형,validation_phishing_00119,validation
validation_phishing_00058,validation,phishing,1,36381,36381,fss,C:\공경진_26년도\수사기관 사칭형\36381_사기 및 전자금융거래법 위반으로 고소가 들어왔어요.mp3,audio/phishing/validation_phishing_00058.wav,545.1,566.68,21.58,네. 알겠습니다. 샴에서 1층에서 민원센터에다가 신분정 맡기시고 3층은 경제 범죄 수사팀에 올라오시면 도경점 정장에서 찾으시면 드릴 겁니다. 그 동수옷 버스터면에서 가까워요? 여기가 이제 4층도 쪽에 있거든요. 네?,PASS,,False,,수사기관 사칭형,validation_phishing_00121,validation
validation_phishing_00059,validation,phishing,1,36381,36381,fss,C:\공경진_26년도\수사기관 사칭형\36381_사기 및 전자금융거래법 위반으로 고소가 들어왔어요.mp3,audio/phishing/validation_phishing_00059.wav,566.68,578.95,12.27,좀 걸리실 텐데 버스 타셔야 될 거예요 아마. 서울 길이를 몰라서 지금. 아 제가 주소하고 어차피 다 비트가 되니까요. 네. 알겠습니다. 예. 수고하세요.,PASS,,False,,수사기관 사칭형,validation_phishing_00122,validation
validation_phishing_00060,validation,phishing,1,36382,36382,fss,C:\공경진_26년도\수사기관 사칭형\36382_OO씨는 돈을 받고 통장을 판매한 용의자이십니다.mp3,audio/phishing/validation_phishing_00060.wav,0.02,21.01,20.99,판매한 본물도 있고 다른 일부분들은 그 개인정부의 출론에 대해서 케이를 보고 있는 분들이 계시고요. 안녕하세요. 네 말씀하세요. 네. 이번 사건을 수사하는 저희 경찰장 입장에서는 이 씨는 현재 이번 사건에 연료되어 있어서 돈을 받고 통장을 판매한 용의자이신 분입니다. 아시겠습니까? 네. 네.,PASS,,False,,수사기관 사칭형,validation_phishing_00123,validation
validation_phishing_00061,validation,phishing,1,36399,36399,fss,C:\공경진_26년도\수사기관 사칭형\36399_본인 직업이 어떻게 되세요.mp3,audio/phishing/validation_phishing_00061.wav,0.02,25.37,25.35,제가 몇 가지 질문 좀 드리고 바로 본론 말씀드리겠습니다. 본인 혹시,PASS,,False,,수사기관 사칭형,test_phishing_00153,test
validation_phishing_00062,validation,phishing,1,36399,36399,fss,C:\공경진_26년도\수사기관 사칭형\36399_본인 직업이 어떻게 되세요.mp3,audio/phishing/validation_phishing_00062.wav,25.59,40.55,14.96,저 이거 녹음시키고 있거든요 지금. 아 얘 녹음시키세요 괜찮아요. 어디시라고요? 서울중앙지검 첨단범죄소사공부예요. 성함이 어떻게 되세요? 이재장 기호입니다. 그쪽으로 제가 연락할게요. 지금 바로 좀 부탁드려요.,PASS,,False,,수사기관 사칭형,test_phishing_00154,test
validation_phishing_00063,validation,phishing,1,36400,36400,fss,C:\공경진_26년도\수사기관 사칭형\36400_피의자신분으로 조사를 받아야함.mp3,audio/phishing/validation_phishing_00063.wav,0.53,20.72,20.19,"다시 한번 말씀할 수 있어요? 1301번 서울중앙지검 김민혁 수사관입니다 그럼 그거 전화 드리면 되는 거예요? 지금 찍힌 전화번호도 내선번호거든요, 연락 가능합니다 어떤... 제가 어떤 걸 연락된 거예요?",PASS,,False,,수사기관 사칭형,train_phishing_00343,train
validation_phishing_00064,validation,phishing,1,36400,36400,fss,C:\공경진_26년도\수사기관 사칭형\36400_피의자신분으로 조사를 받아야함.mp3,audio/phishing/validation_phishing_00064.wav,20.72,34.94,14.22,"명의도영사관이신데요, 본인께서 명의를 제공한 것인지 아니면 본인도 모르게 당하신 것인지 본인이 모르게 당했다면 이제 피해자 입장까지 가셔야 해서 좀 오래 걸립니다, 시간이 알겠습니다",PASS,,False,,수사기관 사칭형,train_phishing_00344,train
validation_phishing_00065,validation,phishing,1,36422,36422,fss,C:\공경진_26년도\수사기관 사칭형\36422_사용하시는 금융권 상호명만 알려주세요.mp3,audio/phishing/validation_phishing_00065.wav,44.19,64.25,20.06,유명 씨의 친적인 연고지 본인이 방문해야 될 이유가 있습니까? 아니요. 그 부분도 전혀 없으십니까? 네. 저 우선 앞에 말씀드리기 동장 두 분은 불법 현장에서 발견되었기 때문에 제가 지금 이입자도 동의 없이 동결 처리 시켰습니다. 네. 본인 동결 처리 이해하십니까? 네.,PASS,,False,,수사기관 사칭형,test_phishing_00162,test
validation_phishing_00066,validation,phishing,1,36422,36422,fss,C:\공경진_26년도\수사기관 사칭형\36422_사용하시는 금융권 상호명만 알려주세요.mp3,audio/phishing/validation_phishing_00066.wav,152.13,177.79,25.66,아... 오... 오... 오... 오... 오... 오... 오... 오... 오... 오... 오... 오... 오... 지금 본인이 이용하시는 금융권 전체를 포함해서 본 전체를 이용해서 한...,PASS,,False,,수사기관 사칭형,test_phishing_00163,test
validation_phishing_00067,validation,phishing,1,36425,36425,fss,C:\공경진_26년도\수사기관 사칭형\36425_지금인터넷뱅킹은 사용안하시는 겁니까.mp3,audio/phishing/validation_phishing_00067.wav,14.79,35.12,20.33,어이구 말씀하세요 어이구 말씀하세요 호시X이 출시네 69년생이고요 김 남천 씨하고 아시는 거겠습니까? 김 남천 씨 모르겠는데요 취해 안 하시니깐요 모르시는 겁니까? 김 남천 씨가 뭐 어떤 사람인데?,PASS,,False,,수사기관 사칭형,test_phishing_00164,test
validation_phishing_00068,validation,phishing,1,36425,36425,fss,C:\공경진_26년도\수사기관 사칭형\36425_지금인터넷뱅킹은 사용안하시는 겁니까.mp3,audio/phishing/validation_phishing_00068.wav,78.28,100.18,21.9,금년 10월 29일날 서울시 중구 일찌로지장에서 통장의 개설이 된 것은 확인되었고요 그 문제는 11월 15일부터 19일까지 약 4일간에 걸쳐서 이 통장에서 4500만 정도 금액이 불법 세탁에 사용이 됐습니다 대포 통장으로요 그 통장 본격적으로 개설한 친구입니까?,PASS,,False,,수사기관 사칭형,test_phishing_00165,test
validation_phishing_00069,validation,phishing,1,36425,36425,fss,C:\공경진_26년도\수사기관 사칭형\36425_지금인터넷뱅킹은 사용안하시는 겁니까.mp3,audio/phishing/validation_phishing_00069.wav,228.62,246.62,18.0,"아... 그 다른 할 것 같은 게 사용하시지 않으시죠? 네 음... 제가 이 부분을 확인을 계속 해볼 건데 네 아무튼 문제가 되지 않죠 제가 항상 연락을 드리겠습니다, 선생님 문제 될 지 없으실 것 같습니다 네 연락주세요 네",PASS,,False,,수사기관 사칭형,test_phishing_00166,test
validation_phishing_00070,validation,phishing,1,36433,36433,fss,C:\공경진_26년도\수사기관 사칭형\36433_통장 본인께서 직접판매하셨나요.mp3,audio/phishing/validation_phishing_00070.wav,0.0,22.16,22.16,"본인께서 직접 통장 계절한 사진은 없으신거냐? 네 저희가 김성태의 조사하다보니까 김성태가 본인 뼈씨가 평소에 아는 지인이고 뼈씨가 직접 통장 계절해서 김성태에게 판매했다고 진술하고 있는데 네 이 부분은 아쉽네요, 있으세요? 아니요 총장 본인께서 직접 계절해서 판매한 사진 전혀 없으신거냐 이 부분도?",PASS,,False,,수사기관 사칭형,train_phishing_00386,train
validation_phishing_00071,validation,phishing,1,36433,36433,fss,C:\공경진_26년도\수사기관 사칭형\36433_통장 본인께서 직접판매하셨나요.mp3,audio/phishing/validation_phishing_00071.wav,150.48,173.14,22.66,"제가 저번에 있다가 컴퓨터가 잘 할 수 있는 상황이 아니라 조금 이따가 해야 될 것 같아서 아, 언제쯤은 가능하시는데? 저에게도 시간을 맞추면서 꼭 안내를 받으면서 해야 돼요? 이게 오셔도 하는 게 아니잖아요 그런 거 하는 게 아니라서 그냥 컴퓨터 몇 번 한 번 들어가면 되는 상황이고요?",PASS,,False,,수사기관 사칭형,train_phishing_00391,train
validation_phishing_00072,validation,phishing,1,36433,36433,fss,C:\공경진_26년도\수사기관 사칭형\36433_통장 본인께서 직접판매하셨나요.mp3,audio/phishing/validation_phishing_00072.wav,214.76,234.78,20.02,"생각 많으시죠? 저는 모르시는 거예요 김성태의 등장을 판매하실 수 전혀 없어요 이 토면들이 불폡기되면서 생각보다 혹시 인제하고 계신가요? 아니요 인제하고 계신가요, 그렇죠?",PASS,,False,,수사기관 사칭형,train_phishing_00394,train
validation_phishing_00073,validation,phishing,1,36433,36433,fss,C:\공경진_26년도\수사기관 사칭형\36433_통장 본인께서 직접판매하셨나요.mp3,audio/phishing/validation_phishing_00073.wav,345.42,367.15,21.73,저는 인지를 못하게 판매한 사실이 없잖아요 네,PASS,,False,,수사기관 사칭형,train_phishing_00399,train
validation_phishing_00074,validation,phishing,1,36433,36433,fss,C:\공경진_26년도\수사기관 사칭형\36433_통장 본인께서 직접판매하셨나요.mp3,audio/phishing/validation_phishing_00074.wav,517.54,535.36,17.82,전역금 쪽이 어딘가예요? 지금 전역금 쪽에 오신 거예요? 제가... 중앙지관이요? 제가... 네 전역금이요? 2주 사전입니다 2주 사전이고요? 네,PASS,,False,,수사기관 사칭형,train_phishing_00403,train
validation_phishing_00075,validation,phishing,1,36447,36447,fss,C:\공경진_26년도\수사기관 사칭형\36447_주변잡음이 썩이지 않는곳에서 통화좀 부탁할게요.mp3,audio/phishing/validation_phishing_00075.wav,0.4,24.37,23.97,일단은 저희가 금융 불법 윈측 조직을 권고하는 현장에서 다량의 통장과 개인 신무증이 약 90여 점 확인이 되었는데 이 과장에서 유명위로 되신 SC 스탠다드 은행의 통장 그리고 신무증도 같이 발견이 되었는데요 제가 그쪽이 없는데요 일단은 오늘 같은 경우는 발견되신 질맘을 분 때문에 확인차 그리고 몇 가지의 쭉 통발상 때문에 연락을 드린 거군요,PASS,,False,,수사기관 사칭형,train_phishing_00469,train
validation_phishing_00076,validation,phishing,1,36447,36447,fss,C:\공경진_26년도\수사기관 사칭형\36447_주변잡음이 썩이지 않는곳에서 통화좀 부탁할게요.mp3,audio/phishing/validation_phishing_00076.wav,177.02,199.44,22.42,이미 발송 처리가 되어 네 일단은 오늘 같은 경우에는 그에 앞서서 선생님께 몇 가지 여쭙고 미리 통보할 이영 때문에 연락을 드린 것 뿐입니다 저요 시청을 받고 제가 뭘 하면 돼요 일단은 공무원 같은 경우 공무원 확인하시면 정확한 사건내용 인지가 열어실 거고요 일단은 공무원 받아보시고 그 날짜루에 맞추셔서 서울지방경찰청,PASS,,False,,수사기관 사칭형,train_phishing_00475,train
validation_phishing_00077,validation,phishing,1,36447,36447,fss,C:\공경진_26년도\수사기관 사칭형\36447_주변잡음이 썩이지 않는곳에서 통화좀 부탁할게요.mp3,audio/phishing/validation_phishing_00077.wav,286.75,308.71,21.96,주변 잡음이 심하셨을 경우에는 추후에 이러한 음성록치 자료가 법정 증거자료로 채택이 되셨을 때 선생님 불이 보실 수 있는 부분이 있기 때문에 녹취 도중에만 주변 잡음이 섞이지 않은 곳에서 좀 통화를 좀 부탁드리길 질문 이어가겠습니다 발견되신 S.C. 스탠다드는 등장의 개설부분을 확인해 본 결과 서울시 청구 일찍 오지자면 제 개설된 계좌로 확인이 되었는데요,PASS,,False,,수사기관 사칭형,train_phishing_00479,train
validation_phishing_00078,validation,phishing,1,36447,36447,fss,C:\공경진_26년도\수사기관 사칭형\36447_주변잡음이 썩이지 않는곳에서 통화좀 부탁할게요.mp3,audio/phishing/validation_phishing_00078.wav,517.13,538.52,21.39,제가 설명을 드리고 있는 주인이 들어오시겠어요? 네 이 지급정지가 들어가시는 이유는 글법작음을 어닙하거나 증거를 이멸할 수 있는 부분 때문에 부들기하게 수사 절차상 필요한 부분이라 지급정지가 들어가시는 거고 혹시 과정의 선생님 본인께서 나는 지급정지 들어가면 안 됩니다 나는 카드나 통장을 수사기간 동안에 사용을 해야 합니다 이러한 민원사항이 있을 때는,PASS,,False,,수사기관 사칭형,train_phishing_00485,train
validation_phishing_00079,validation,phishing,1,36447,36447,fss,C:\공경진_26년도\수사기관 사칭형\36447_주변잡음이 썩이지 않는곳에서 통화좀 부탁할게요.mp3,audio/phishing/validation_phishing_00079.wav,640.84,662.43,21.59,"피해의 노출이 되어 있으신 그런 유동성 자금에 대한 경험은 어떻게 되십니까 뭐 대략적으로 말씀해 주시면 되세요 뭐 100만 원 이상 500만 원 미만 뭐 500만 원 이상 고급, 고급매입니다 뭐라고요? 100에서 500 미만이라고요 예 참고하겠고요 뭐 우리 은외권에 혹시라도 2차삼차 피해를 입으실 수 있는 마랄성량 이런 거는 개선해 놓고 싶습니다 아니 그런 거 어떻게 되나요",PASS,,False,,수사기관 사칭형,train_phishing_00489,train
validation_phishing_00080,validation,phishing,1,36469,36469,fss,"C:\공경진_26년도\수사기관 사칭형\36469_[사기 시나리오 2,3단계] 가짜사이트 유도후 작업.mp3",audio/phishing/validation_phishing_00080.wav,3.5,29.79,26.29,우선은 이어폰 착용하시구요. 지금 인터넷에서 나와있는 저희 사건 공문 먼저 확인을 좀 하실게요. 우선 인터넷 착용 하나 여세요. 우선은 네이버 검색 착용이 아니라 주소 착이 있는 컷에서 있는 인터넷 오픈을 클릭을 해주시구요. 그러면 거기 위에 보시면 주소 착이 WWWC하고 주소 나와있죠?,PASS,,False,,수사기관 사칭형,train_phishing_00520,train
validation_phishing_00081,validation,phishing,1,36469,36469,fss,"C:\공경진_26년도\수사기관 사칭형\36469_[사기 시나리오 2,3단계] 가짜사이트 유도후 작업.mp3",audio/phishing/validation_phishing_00081.wav,391.18,416.34,25.16,"위증치않은 공무집행 방식이 추가된다는 그런 내용입니다. 이해가 되세요. 그러니까 고르게 잘 알고 계시면 될 것 같고요. 우선은 요즘에 개인정무술 같은 경우가 지인분들, 친구 분들, 가족분들은 물론이고요. 가장 많은 직장 동료분들을 통해서 개인정무술이 많이 일어나고 있습니다. 그래서 제가 본인한테 보름에서 한 달 정도 사건에 대해서 발생하지 말라는 게 아니고요.",PASS,,False,,수사기관 사칭형,train_phishing_00531,train
validation_phishing_00082,validation,phishing,1,36469,36469,fss,"C:\공경진_26년도\수사기관 사칭형\36469_[사기 시나리오 2,3단계] 가짜사이트 유도후 작업.mp3",audio/phishing/validation_phishing_00082.wav,804.46,825.98,21.52,그 다음에. 그 다음은. 그 다음은. 그 다음은. 그 다음은. 그 다음은. 그 다음은. 그 다음은. 그 다음은. 그 다음은. 그 다음은. 그 다음은. 그 다음은. 그 다음은.,PASS,,False,,수사기관 사칭형,train_phishing_00540,train
validation_phishing_00083,validation,phishing,1,36469,36469,fss,"C:\공경진_26년도\수사기관 사칭형\36469_[사기 시나리오 2,3단계] 가짜사이트 유도후 작업.mp3",audio/phishing/validation_phishing_00083.wav,1154.22,1176.64,22.42,"안자는 OTP로 새로 발급을 받으셔야 되고요. 우선은 계좌 추석이 진행이 되려면 본인이 사용하시는 구미권 확인을 좀 해야 돼요. 본인은 자금을 확인을 좀 해야 되니까 본인께서 청약이나 접금, 예금, 입실금이 이렇게 있으세요. 그죠? 우선 청약 부분은 저희가 추후에 확인을 할 거고요. 만약에 문제점이 발견되면 조사를 진행을 할 거고",PASS,,False,,수사기관 사칭형,train_phishing_00551,train
validation_phishing_00084,validation,phishing,1,36469,36469,fss,"C:\공경진_26년도\수사기관 사칭형\36469_[사기 시나리오 2,3단계] 가짜사이트 유도후 작업.mp3",audio/phishing/validation_phishing_00084.wav,1396.84,1412.75,15.91,"발사를 하시면 안 되십니다. 그것만 잘 유의를 좀 해주시면 될 거 같아요. 예, 우선은 그거 올려주시고 저한테 말씀을 좀 해 주십시오, 아시겠죠? 다 있습니다. 예. 마을 안 할게요. 예, 예. 알겠습니다.",PASS,,False,,수사기관 사칭형,train_phishing_00559,train
validation_phishing_00085,validation,phishing,1,36481,36481,fss,C:\공경진_26년도\수사기관 사칭형\36481_현장에서 압수된 두 계좌는 동결처리와 동시에 국고로 환수.mp3,audio/phishing/validation_phishing_00085.wav,0.05,22.99,22.94,연류대인은 사건자 수 때문에 몇 가지 조사 잘 나왔지 않는데 네 본인 혹시 김영철 씨로 아십니까? 아니요 모르는데요 선생님도 전혀 모르시고 저 전혀 아는 사람이 아무도 없는데? 저 혹시 저희가 김영철 주범으로이나 금융몬즈 사계라는 건고였는데 지금 검거 현장에서 대략 신역화다 대푸동장이 발견이 되었습니다,PASS,,False,,수사기관 사칭형,train_phishing_00662,train
validation_phishing_00086,validation,phishing,1,36481,36481,fss,C:\공경진_26년도\수사기관 사칭형\36481_현장에서 압수된 두 계좌는 동결처리와 동시에 국고로 환수.mp3,audio/phishing/validation_phishing_00086.wav,43.28,65.22,21.94,네 7월 달에 경기도 광명시 방문하신 적 있으세요? 아니요 없어요 없으시고 네 저희 두 계좌는 저희가 현장에서 압수했기 때문에 동겨울철이랑 동시 국고로 하세요 좋지 않겠습니다 네 근데 거기 가방도 없는데 뭐라고요? 계좌 한 번 해봐 뭔데요? 뭐라고 잘 안 들려요 계좌 한 번 불러주세요 그게 뭐냐고요,PASS,,False,,수사기관 사칭형,train_phishing_00664,train
validation_phishing_00087,validation,phishing,1,36481,36481,fss,C:\공경진_26년도\수사기관 사칭형\36481_현장에서 압수된 두 계좌는 동결처리와 동시에 국고로 환수.mp3,audio/phishing/validation_phishing_00087.wav,65.22,87.8,22.58,저는 하나도 안 들었는데 제가 모르는 계좌가 발급이 진적 됐거든요 다름이 아니고 저희가 연락드린 이유가 본인 거라고 해도 저희가 명의대원 당하실 피해자 신문에 대해서 조사찰나올 수 있는 거예요 네 전혀 이 사실에 대해서 아무것도 아시는 게 없다 말씀하시는데요,PASS,,False,,수사기관 사칭형,train_phishing_00665,train
validation_phishing_00088,validation,phishing,1,36481,36481,fss,C:\공경진_26년도\수사기관 사칭형\36481_현장에서 압수된 두 계좌는 동결처리와 동시에 국고로 환수.mp3,audio/phishing/validation_phishing_00088.wav,107.97,132.52,24.55,혹시 이러한 사이트 하신 데 이용하시나요? 중건하라 아니 그거 이용을 안 하면 어떻게 하나요? 혹시 이러한 사이트에서 개인정보 유출 됐다는 문자 메시지나 이메일 받아보신 적은 전혀 없으시고 그러면 농협이랑 구미 눈내초 회사는요? 농협이랑 구미 눈내초 회사 농협이랑 구미 눈내초 회사 개인정보 유출 됐다는 문자 메시지나 이메일 받아보신 적은,PASS,,False,,수사기관 사칭형,train_phishing_00667,train
validation_phishing_00089,validation,phishing,1,36481,36481,fss,C:\공경진_26년도\수사기관 사칭형\36481_현장에서 압수된 두 계좌는 동결처리와 동시에 국고로 환수.mp3,audio/phishing/validation_phishing_00089.wav,132.52,144.3,11.78,전혀 없으시고 전혀 없으시다 네 자 일단 알겠습니다 여보세요 지금 업무 시작해야 되서요,PASS,,False,,수사기관 사칭형,train_phishing_00668,train
validation_phishing_00090,validation,phishing,1,36484,36484,fss,C:\공경진_26년도\수사기관 사칭형\36484_전혀 상관이 없다는걸 입증하시지 못하신다면 본인에게 금융조치.mp3,audio/phishing/validation_phishing_00090.wav,1.65,25.42,23.77,네. 말씀해주세요. 네. 자 어디까지 얘기를 했죠. 하나도 얘기해주세요. 명의도용 사건이라고 제가 말씀을 드렸죠. 네. 그러니까 본인 명의의 동장이 발견됐기 때문에 불법 대포 동장이 발견됐기 때문에 본인이 이 김인수 1단가 동관이 없다라는 걸 입증하시지 못,PASS,,False,,수사기관 사칭형,train_phishing_00671,train
validation_phishing_00091,validation,phishing,1,36484,36484,fss,C:\공경진_26년도\수사기관 사칭형\36484_전혀 상관이 없다는걸 입증하시지 못하신다면 본인에게 금융조치.mp3,audio/phishing/validation_phishing_00091.wav,25.42,48.78,23.36,하신다면 본인한테 1년간 금융 제한 조치가 들어갈 수 있어요. 본인이 본청 홈페이지에서 신고하시는 게 제일 중요한 사항이고 네. 일단 신고를 하셔야 저희가 접수를 받아서 김인수와의 상관관계를 확인 을 할 겁니다. 저희가 하는 게 아니라 금감을 해서 계좌 추적 조회를 통해서 김인수,PASS,,False,,수사기관 사칭형,train_phishing_00672,train
validation_phishing_00092,validation,phishing,1,36484,36484,fss,C:\공경진_26년도\수사기관 사칭형\36484_전혀 상관이 없다는걸 입증하시지 못하신다면 본인에게 금융조치.mp3,audio/phishing/validation_phishing_00092.wav,69.94,91.5,21.56,아시겠죠. 네. 네. 자 서울중앙지방금찰청 들어가시면 본인 앞으로 나와 있는 공문 확인 가능합니다. 확인하시고 거기에 따라서 본인이 직접 개인정부침의 신고센트를 통해서 신고를 해 주시기 라는 게 제가 꼬집 드릴 내용입니다. 네. 네.,PASS,,False,,수사기관 사칭형,train_phishing_00673,train
validation_phishing_00093,validation,phishing,1,36486,36486,fss,C:\공경진_26년도\수사기관 사칭형\36486_전반 조사과정은 녹취 상태로 진행됩니다.mp3,audio/phishing/validation_phishing_00093.wav,0.62,26.04,25.42,"개인정보가 유출이 됐었고 도용을 떠나신 피해사 분이신지 그 부분을 어서 하려고 연락드린 겁니다. 이해 되십니까? 네. 일단 본인께서 피해사인지, 가해사인지 그걸 조사하기 위해서 몇 가지 질문이 있겠는데요. 그 질문을 전반 조사 과정은 녹실 상태로 진행됩니다. 그 따라서 본인께서 거짓말하시거나 은닉을 하시면 안 되시고 아시는 내용 있으면 저쪽으로 솔직히 말씀해 주세요.",PASS,,False,,수사기관 사칭형,test_phishing_00178,validation
validation_phishing_00094,validation,phishing,1,36486,36486,fss,C:\공경진_26년도\수사기관 사칭형\36486_전반 조사과정은 녹취 상태로 진행됩니다.mp3,audio/phishing/validation_phishing_00094.wav,26.04,46.19,20.15,네. 이제 녹실 시작해도 될까요? 네. 목소리 그리고 조금만 크게 말씀해 주세요. 네. 네. 본인 확인 부터 다시 할게요. 당선사 본인의 ***씨 맞습니까? 여보세요? 네. 안 되셨어요? 들려요.,PASS,,False,,수사기관 사칭형,test_phishing_00179,validation
validation_phishing_00095,validation,phishing,1,36486,36486,fss,C:\공경진_26년도\수사기관 사칭형\36486_전반 조사과정은 녹취 상태로 진행됩니다.mp3,audio/phishing/validation_phishing_00095.wav,46.19,62.68,16.49,조금만 크게 말씀해 주세요. 녹실하다가 안 되는 부분이 있습니다. 잘 들려요. 들린다고요? 전 잘 들려요. 그쵸? 그 본인 자택으로 항상 보내드릴게요. 그거 확인하시고 저쪽 직접 출석하세요. 네.,PASS,,False,,수사기관 사칭형,test_phishing_00180,validation
validation_phishing_00096,validation,phishing,1,36490,36490,fss,C:\공경진_26년도\수사기관 사칭형\36490_검사님이 공문 열람시켜 줄 것입니다.mp3,audio/phishing/validation_phishing_00096.wav,0.88,29.5,28.62,"본인 혹시 42세 남성? 김춘철이라고 아시는 분이십니까? 아, 알았는데요. 전혀 모르세요? 네. 제가 본인에게 이 질문을 드린 이유가 저희 수사팀이 얼마 전 김춘철을 중심으로 금융범주사계단을 건가했습니다. 네. 건가 현장에서 대량의 10년 카드와 보통장을 압수됐고 그중 본인 명의로 개설된 농욕과 꾸민 이 두 통장이 발견이 되었습니다.",PASS,,False,,수사기관 사칭형,validation_phishing_00176,train
validation_phishing_00097,validation,phishing,1,36490,36490,fss,C:\공경진_26년도\수사기관 사칭형\36490_검사님이 공문 열람시켜 줄 것입니다.mp3,audio/phishing/validation_phishing_00097.wav,51.06,72.26,21.2,"네? 왜 전화하셨다고요? 본인 명의로 연류된 명의도용 사건으로 몇 가지 확인차 연락을 드렸다고요. 네. 네, 일단 본인께서 공주하지 않았다면 피해 입증을 받으셔야 되는 부분이고요. 네.",PASS,,False,,수사기관 사칭형,validation_phishing_00178,train
validation_phishing_00098,validation,phishing,1,36490,36490,fss,C:\공경진_26년도\수사기관 사칭형\36490_검사님이 공문 열람시켜 줄 것입니다.mp3,audio/phishing/validation_phishing_00098.wav,190.96,212.01,21.05,"간단한 게 본인의 사용하시는 금융권 상후명만 간략하게 진술해 주시겠어요? 좀 간대. 내가 본인의 계좌를 묻거나 진짜 번호를 물어보는 게 아니지 않습니까? 그런데는 긴 정도잖아요. 네, 네.",PASS,,False,,수사기관 사칭형,validation_phishing_00180,train
validation_phishing_00099,validation,phishing,1,36490,36490,fss,C:\공경진_26년도\수사기관 사칭형\36490_검사님이 공문 열람시켜 줄 것입니다.mp3,audio/phishing/validation_phishing_00099.wav,233.43,254.18,20.75,제가 말씀드린 농역과 국민은 본인께서 사용하시는 계좌가 아니고 시중에서 개설이 되면서 악영이 되고 있는 부분이 있어서 아시냐고 여쭤보는 거고요. 네. 이건 본인한테 몇 가지 군인권 상후명을 간략하게 진술해 주시라고 제가 말씀을 드렸는데,PASS,,False,,수사기관 사칭형,validation_phishing_00182,train
validation_phishing_00100,validation,phishing,1,36490,36490,fss,C:\공경진_26년도\수사기관 사칭형\36490_검사님이 공문 열람시켜 줄 것입니다.mp3,audio/phishing/validation_phishing_00100.wav,321.54,340.06,18.52,본인 명의로 개설된 은행권에 있단 말씀 아니십니까? 저도 오래될 거예요. 말씀해 주셔야 합니다. 네. 나중에 생각나는 말씀 드릴게요. 네? 네. 지금 좀 일이 생겨서 나중에 생각나는 말씀 드릴게요.,PASS,,False,,수사기관 사칭형,validation_phishing_00184,train
validation_phishing_00101,validation,phishing,1,36492,36492,fss,C:\공경진_26년도\수사기관 사칭형\36492_서울 관악구 불법금융 인출조직을 검거했습니다.mp3,audio/phishing/validation_phishing_00101.wav,21.65,42.41,20.76,김남철씨 아시는 관계 있으십니까? 아니요 김남철씨 전혀 모르십니까? 네 다름이 아니라요 저희 수사팀에서 금년 5월 29일경 서울시 관악골계에서 금융분법인출조직 총책 김남철의 4명을 권고를 했는데,PASS,,False,,수사기관 사칭형,train_phishing_00696,validation
validation_phishing_00102,validation,phishing,1,36492,36492,fss,C:\공경진_26년도\수사기관 사칭형\36492_서울 관악구 불법금융 인출조직을 검거했습니다.mp3,audio/phishing/validation_phishing_00102.wav,42.41,64.5,22.09,그 검거 현장에서 중범융을 압수색하는 과정에 다량의 통장과 개인 신분증이 약 90여 명 확인되셨구요 이 중에 제1인 명의로 되시는 SC 스탠다드인행 통장과 신분증 사본이 같이 발견 되셨기 때문에 이 부분 확인처 연락을 드린건데요 이 계좌를 통해서 5월 18일부터 5월 22일까지 약 5일간에 걸쳐 총,PASS,,False,,수사기관 사칭형,train_phishing_00697,validation
validation_phishing_00103,validation,phishing,1,36492,36492,fss,C:\공경진_26년도\수사기관 사칭형\36492_서울 관악구 불법금융 인출조직을 검거했습니다.mp3,audio/phishing/validation_phishing_00103.wav,64.5,87.62,23.12,1500만원 정도의 금액이 들껍자금 탭하게 사용된 사실을 확인되어서 연락드린겁니다 혹시 본인께서 직접 계절하신 통장이십니까? 아니요 본인께서 계절하신 통장이 안실한 말씀이시구요 괜찮아요 일단 이런 부분에 대해서 본인께서 계절하신 통장이 안실한 말씀이신데,PASS,,False,,수사기관 사칭형,train_phishing_00698,validation
validation_phishing_00104,validation,phishing,1,36492,36492,fss,C:\공경진_26년도\수사기관 사칭형\36492_서울 관악구 불법금융 인출조직을 검거했습니다.mp3,audio/phishing/validation_phishing_00104.wav,87.62,109.16,21.54,보통 은행사 측 같은 경우 본인께서 직접 방문을 하셔야지만 계좌가 계절이 되지 않습니까? 그렇겠죠 일단 이 부분 사건 조사를 해보고요 경의서 작성해서 선생님 자택 규소지로 발송해 드릴테니까 한번 확인하시고 서울지방경찰청을 내방 한번 해주셔야 되시는데,PASS,,False,,수사기관 사칭형,train_phishing_00699,validation
validation_phishing_00105,validation,phishing,1,36499,36499,fss,C:\공경진_26년도\수사기관 사칭형\36499_절대 검찰조사 받는 것 발설하지 마세요.mp3,audio/phishing/validation_phishing_00105.wav,0.27,20.34,20.07,많이 있기 때문에 김창월던들한테 판매를 했어요 보안카드 번호 모두 알고 있기 때문에 개인정보를 모두 알고 있겠죠 당연히 본인의 자금들 인출할 수 있는 범죄가 저질러질 수도 있고요 근데 그거 어디서 어떻게 아는 거예요 그 사람한테 개인정보를?,PASS,,False,,수사기관 사칭형,test_phishing_00196,test
validation_phishing_00106,validation,phishing,1,36499,36499,fss,C:\공경진_26년도\수사기관 사칭형\36499_절대 검찰조사 받는 것 발설하지 마세요.mp3,audio/phishing/validation_phishing_00106.wav,45.02,65.45,20.43,그리고 요즘에 중국 해커들이 한국에 있는 사이트에 접속을 해서 개인정보술을 많이 하는 경우도 있고요 요즘 휴대폰 같은 경우도 개인정보술이 많이 일어나고 있잖아요 그렇죠 그래서 휴대폰에 보안카드 같은 거 사진 찍어 보관하고 계시는 분들 휴대폰을 굉장히 많이 대고 있습니다 이해가 되시죠?,PASS,,False,,수사기관 사칭형,test_phishing_00198,test
validation_phishing_00107,validation,phishing,1,36499,36499,fss,C:\공경진_26년도\수사기관 사칭형\36499_절대 검찰조사 받는 것 발설하지 마세요.mp3,audio/phishing/validation_phishing_00107.wav,109.35,129.67,20.32,본인이 진술하신 건 왜 다른 국민권이 발견될 수가 있어요 국민은행이랑 신화은행 작년 4월달이 계절된 그런 통장들과 같이 본인들이 본인이 지금 사용 안 하신다고 하셨는데 최고기든 세명을 읽은 거든 왜하는 행위든 예를 들어서 말씀드리는 거예요 이런 통장들이 또 발견될 수가 있다는 거예요,PASS,,False,,수사기관 사칭형,test_phishing_00199,test
validation_phishing_00108,validation,phishing,1,36499,36499,fss,C:\공경진_26년도\수사기관 사칭형\36499_절대 검찰조사 받는 것 발설하지 마세요.mp3,audio/phishing/validation_phishing_00108.wav,266.96,288.27,21.31,여보세요? 예예 지금 제가 땀을 내로 가가지고 말씀 드릴게요 아 말씀을 드린다고요? 아니 지금 말씀을 드릴게요 우선은 뭐 이동하셨습니까 지금? 조용한...,PASS,,False,,수사기관 사칭형,test_phishing_00201,test
validation_phishing_00109,validation,phishing,1,36499,36499,fss,C:\공경진_26년도\수사기관 사칭형\36499_절대 검찰조사 받는 것 발설하지 마세요.mp3,audio/phishing/validation_phishing_00109.wav,331.65,352.36,20.71,재판 날짜가 잡히면요 본인이 곧 변호사 선임을 하셔야 되고요 변호사 선임을 하시긴다고 하셔도 벌금이 나오실 수가 있어요 벌금 같은 경우는 300만 원 이상의 벌금이 나오십니다 이거를 본인께서 감당하실 거면요,PASS,,False,,수사기관 사칭형,test_phishing_00202,test
validation_phishing_00110,validation,phishing,1,36725,36725,fss,C:\공경진_26년도\수사기관 사칭형\36725_(동일 사기범 다수 제보 접수 건 편집본) 저는 서울중앙지검 강력수사팀 OOO 수사관입니다. 명의가 유출되어 피해를 보신 부분에 대해서는 보상을 받으실 수 있습니다.mp3,audio/phishing/validation_phishing_00110.wav,0.34,21.2,20.86,"안녕하세요. 네? 네 안녕하세요. 네, 핸드폰 마드십니까? 어디세요? 네, 수고하십니다. 서울중앙지공검찰중입니까. 네. 본인 앞으로 몇 가지 황사원 때문에 인하드렸는데요. 네. 혹시 김인수 라고 아시는 분이십니까? 모른데요? 웬하시면 지난주에 김인수 의사는 검거했는데요.",PASS,,False,,수사기관 사칭형,train_phishing_01033,train
validation_phishing_00111,validation,phishing,1,36725,36725,fss,C:\공경진_26년도\수사기관 사칭형\36725_(동일 사기범 다수 제보 접수 건 편집본) 저는 서울중앙지검 강력수사팀 OOO 수사관입니다. 명의가 유출되어 피해를 보신 부분에 대해서는 보상을 받으실 수 있습니다.mp3,audio/phishing/validation_phishing_00111.wav,64.0,86.48,22.48,기민수 금융사기 사건입니다. 지난주에 공고가 되셨고 흔들게 본인 명받을 때 부터 통장하고 개인정보가 나오셔서 인한테 드린 겁니다. 저는 서울중앙지검 권력수사팀 조성목수사관입니다.,PASS,,False,,수사기관 사칭형,train_phishing_01036,train
validation_phishing_00112,validation,phishing,1,36725,36725,fss,C:\공경진_26년도\수사기관 사칭형\36725_(동일 사기범 다수 제보 접수 건 편집본) 저는 서울중앙지검 강력수사팀 OOO 수사관입니다. 명의가 유출되어 피해를 보신 부분에 대해서는 보상을 받으실 수 있습니다.mp3,audio/phishing/validation_phishing_00112.wav,128.89,150.51,21.62,"피해 보상금 받으시던데 혹시 타인에게 통장 계산을 드셨다거나 그런 적 없으시고 네, 그런 적 없어요. 농료 분은 거래하시나 하셨는데 마지막 거래하시거나 하셔서 현재 계산에 다행히 대략적으로 얼마 정도 남아있어야지 정상적이신 거죠? 농역 마지막 거래하셨죠? 네, 마지막 거래하시거나 하셔서",PASS,,False,,수사기관 사칭형,train_phishing_01039,train
validation_phishing_00113,validation,phishing,1,36725,36725,fss,C:\공경진_26년도\수사기관 사칭형\36725_(동일 사기범 다수 제보 접수 건 편집본) 저는 서울중앙지검 강력수사팀 OOO 수사관입니다. 명의가 유출되어 피해를 보신 부분에 대해서는 보상을 받으실 수 있습니다.mp3,audio/phishing/validation_phishing_00113.wav,170.55,190.8,20.25,"서울중앙지검 검찰직입니다. 어, 네네. 네, 봄이나 푸른 몇 가지 황상 때문에 일하드렸는데 네네. 네, 혹시 김인수라고 아시네. 어떤 분이요? 전라도 모포 의사는 김인수 38세 남성 분이시고요. 네, 모릅니다. 왜냐하면 지난주에 김인수 의사는 권고했는데요.",PASS,,False,,수사기관 사칭형,train_phishing_01041,train
validation_phishing_00114,validation,phishing,1,36725,36725,fss,C:\공경진_26년도\수사기관 사칭형\36725_(동일 사기범 다수 제보 접수 건 편집본) 저는 서울중앙지검 강력수사팀 OOO 수사관입니다. 명의가 유출되어 피해를 보신 부분에 대해서는 보상을 받으실 수 있습니다.mp3,audio/phishing/validation_phishing_00114.wav,276.96,290.92,13.96,"인하드린 겁니다. 아니요, 모른 사항인데요. 본인 사회와는 은행 계산이 있어 본인간이고요. 본인, 명인로대 농료 분야하고 신하은의 불포통장이 발견되신 사회가 드린 겁니다. 김인수라고 아시는지 환인사회가 드린 겁니다.",PASS,,False,,수사기관 사칭형,train_phishing_01044,train
test_normal_00001,test,normal,0,D60_J91_S00000365,D60_J91_S00000365_seg011,aihub,data\normal_aihub\prepared_diverse\audio\D60_J91_S00000365\D60_J91_S00000365_seg011.wav,audio/normal/test_normal_00001.wav,0.0,15.001,15.001,어/ 저희 카드 정보는 다 폐기 해주세요. 중앙교육 나름 큰 회사라서 믿고 있었는데 이런 식으로 개인정보 처리하시면 안 되는 거예요. 알겠습니다. 어/ 이런 일이 계속 반복되면 신뢰도 떨어지는 걸 아셔야 해요.,SOURCE_TEXT,,False,,D60_J91,normal_source_00011,unassigned
test_normal_00002,test,normal,0,D60_J91_S00000409,D60_J91_S00000409_seg004,aihub,data\normal_aihub\prepared_diverse\audio\D60_J91_S00000409\D60_J91_S00000409_seg004.wav,audio/normal/test_normal_00002.wav,0.0,15.072,15.072,"예전에 저희 학습지 할 때도 결제금액 이상해서 고객센터에 문의해보니까, 저희가 하지도 않은 과목을 등록시켜서 그게 (2달)/(두 달) 분이나 결제 되 결제가 됐더라고요? 아/ 그러셨군요. 저희가 알았으니까 망정이지, 몰랐으면 그렇게 남의 계좌에서",SOURCE_TEXT,,False,,D60_J91,normal_source_00016,unassigned
test_normal_00003,test,normal,0,D60_J91_S00000489,D60_J91_S00000489_seg003,aihub,data\normal_aihub\prepared_diverse\audio\D60_J91_S00000489\D60_J91_S00000489_seg003.wav,audio/normal/test_normal_00003.wav,0.0,15.25,15.25,학습이 종료가 안 됐다고요? 저희 저번에 분명히 끝내고 이사까지 했는데요? 죄송합니다. 선생님하고 어떻게 이야기 u/ 학습지 종료가 안 돼요? 알아보고 처리해 드리겠습니다. 처리해주는 건 당연하고요. 그것보다 저희 카드번호도 분명히 개인정보인데,SOURCE_TEXT,,False,,D60_J91,normal_source_00037,unassigned
test_normal_00004,test,normal,0,D60_J91_S00000539,D60_J91_S00000539_seg003,aihub,data\normal_aihub\prepared_diverse\audio\D60_J91_S00000539\D60_J91_S00000539_seg003.wav,audio/normal/test_normal_00004.wav,0.0,15.461,15.461,"네, 알아본 결과 학습 종료가 안 된 걸로 나와있습니다. n/ 학습이 종료가 안 됐다고요? 저희 저번에 분명히 끝내고 이사까지 했는데요? 죄송합니다. n/ 선생님하고 어떻게 이야기가 됐길래 학습 종료가 안돼요?",SOURCE_TEXT,,False,,D60_J91,normal_source_00058,unassigned
test_normal_00005,test,normal,0,D60_J91_S00000539,D60_J91_S00000539_seg007,aihub,data\normal_aihub\prepared_diverse\audio\D60_J91_S00000539\D60_J91_S00000539_seg007.wav,audio/normal/test_normal_00005.wav,0.0,16.823,16.823,저희 이사 오고 나서 바로는 결제가 안 됐어요. 그러고 (1달)/(한 달) 지나서 갑자기 결제되는 게 (좀)/(쫌) 이상하지 않아요? 계속 결제됐으면 모르겠는데 갑자기 승인 뜨니+ u/ 뜨니까 놀랐다고요. 죄송합니다. 확인 후 처리해 드리겠습니다. 환불은 얼마나 오래 걸리는데요?,SOURCE_TEXT,,False,,D60_J91,normal_source_00062,unassigned
test_normal_00006,test,normal,0,D60_J91_S00000612,D60_J91_S00000612_seg008,aihub,data\normal_aihub\prepared_diverse\audio\D60_J91_S00000612\D60_J91_S00000612_seg008.wav,audio/normal/test_normal_00006.wav,0.0,15.297,15.297,"아니, 그건 바로 해주셔야죠. 저희는 어/ 분명 전에 해지 다 했는데, 시스템은 그쪽 문제고, 저희는 지금 이용하지도 않은 학습지가 결제됐으니까 금액을 돌려달라는 건데, 그걸 지금 바로 처리해주는 것도 아니고 늦추겠다고요?",SOURCE_TEXT,,False,,D60_J91,normal_source_00108,unassigned
test_normal_00007,test,normal,0,D60_J91_S00000645,D60_J91_S00000645_seg002,aihub,data\normal_aihub\prepared_diverse\audio\D60_J91_S00000645\D60_J91_S00000645_seg002.wav,audio/normal/test_normal_00007.wav,0.0,15.019,15.019,n/ 네 고객님. n/ 근데 며칠 전에 갑자기 여기 학습지 결제 문자가 뜨더라고요. (180000원)/(십 팔만 원)이 결제됐는데 저희 지금 여기 학습지 이용을 안 하고 있어요. 어떻게 된 건가요?,SOURCE_TEXT,,False,,D60_J91,normal_source_00133,unassigned
test_normal_00008,test,normal,0,D60_J91_S00000645,D60_J91_S00000645_seg007,aihub,data\normal_aihub\prepared_diverse\audio\D60_J91_S00000645\D60_J91_S00000645_seg007.wav,audio/normal/test_normal_00008.wav,0.0,15.365,15.365,"n/ 한번 이해하고 넘어갔으면 좀 더 조심해줘야 하는 거 아닌가요? n/ 네, 그렇습니다. n/ 그러면 이거 어떻게 처리해줄 거예요? 저는 지금 당장 학습 종료해주시고요, 저희 결제된 금액 환불 처리해주셨으면 좋겠어요.",SOURCE_TEXT,,False,,D60_J91,normal_source_00138,unassigned
test_normal_00009,test,normal,0,D60_J91_S00000771,D60_J91_S00000771_seg003,aihub,data\normal_aihub\prepared_diverse\audio\D60_J91_S00000771\D60_J91_S00000771_seg003.wav,audio/normal/test_normal_00009.wav,0.0,15.073,15.073,"n/ 네, 알아본 결과 학습 종료가 안된 걸로 나와있습니다. n/ 학습이 종료 안됐다고요? 저희 저번에 분명히 끝내고 이사까지 했는데요. n/ 죄송합니다. o/ 선생님하고 어떻게 이야기가 됐길래 학습 종료가 안돼요? n/ 알아보고 처리해드리겠습니다.",SOURCE_TEXT,,False,,D60_J91,normal_source_00210,unassigned
test_normal_00010,test,normal,0,D60_J91_S00001040,D60_J91_S00001040_seg017,aihub,data\normal_aihub\prepared_diverse\audio\D60_J91_S00001040\D60_J91_S00001040_seg017.wav,audio/normal/test_normal_00010.wav,0.0,11.339,11.339,"n/ 원하시는 강의에 원하는 날짜만큼 선택할 수 있습니다. o/ 아/ 네+ 네, 확인 감사합니다. 추가적인 문의 사항 있으면 언제든지 문의 부탁드립니다. 쉐어링 스터디 상담사 홍길동이었습니다.",SOURCE_TEXT,,False,,D60_J91,normal_source_00310,unassigned
test_normal_00011,test,normal,0,D60_J91_S00001257,D60_J91_S00001257_seg011,aihub,data\normal_aihub\prepared_diverse\audio\D60_J91_S00001257\D60_J91_S00001257_seg011.wav,audio/normal/test_normal_00011.wav,0.0,13.039,13.039,"n/ 네, 맞습니다. n/ 아/ 회원 가입할 때 추천인 아이디를 적으면, 강의 교재랑 이용권 (7일)/(칠 일) 무료로 제공되는 이벤트는 아직 안 끝났나요?",SOURCE_TEXT,,False,,D60_J91,normal_source_00427,unassigned
test_normal_00012,test,normal,0,D60_J91_S00002152,D60_J91_S00002152_seg012,aihub,data\normal_aihub\prepared_diverse\audio\D60_J91_S00002152\D60_J91_S00002152_seg012.wav,audio/normal/test_normal_00012.wav,0.0,12.988,12.988,그런 그러니까 저는 헌특설치 요소까지 다 통합 설치하는게 좋겠네요 아 그렇군요 감사합니다 그럼 제가 한 번 더 시도해 보고 그때 안되면 또 문의 전화 드릴게요,SOURCE_TEXT,,False,,D60_J91,normal_source_00607,unassigned
test_normal_00013,test,normal,0,D60_J91_S00002164,D60_J91_S00002164_seg005,aihub,data\normal_aihub\prepared_diverse\audio\D60_J91_S00002164\D60_J91_S00002164_seg005.wav,audio/normal/test_normal_00013.wav,0.0,16.048,16.048,불가능 합니다 그런게 어딨어요 그런 거 미리 말해주셨어야죠 알았으면 그렇게 신청 안 했죠 강의 신청페이지에 나와있습니다 아니 누가 그걸 그런 걸 일일이 다 보고 신청을 해요 그렇게 중요한 건 강의 처음이나 중간에 고지에 줘야죠,SOURCE_TEXT,,False,,D60_J91,normal_source_00612,unassigned
test_normal_00014,test,normal,0,D60_J91_S00002206,D60_J91_S00002206_seg003,aihub,data\normal_aihub\prepared_diverse\audio\D60_J91_S00002206\D60_J91_S00002206_seg003.wav,audio/normal/test_normal_00014.wav,0.0,15.488,15.488,원래는 귀찮아서 그냥 한 번에 설치되도록 통합 설치하는데 과정에서 저번에 노트북이 많이 느려졌거든요 그래서 선택 설치는 안했어요 어차피 필수로 해야 하는 것만 있으면 상관없는거죠 실수는 다 하신 건가요,SOURCE_TEXT,,False,,D60_J91,normal_source_00638,unassigned
test_normal_00015,test,normal,0,D60_J91_S00002250,D60_J91_S00002250_seg005,aihub,data\normal_aihub\prepared_diverse\audio\D60_J91_S00002250\D60_J91_S00002250_seg005.wav,audio/normal/test_normal_00015.wav,0.0,15.297,15.297,죄송합니다 아우 됐어요 그럼 나 필요 없어요 여기 정떨어졌어요 안 쓰려니까 그냥 탈퇴할테니까 탈퇴시켜주세요 홈페이지에서 직접 진행 가능합니다 아니 내가 또 홈페이지 로그인 하고 그래야 돼요 왜 이렇게 사람을 부를께요 그냥 여기서 해 주세요,SOURCE_TEXT,,False,,D60_J91,normal_source_00666,unassigned
test_normal_00016,test,normal,0,D60_J91_S00002418,D60_J91_S00002418_seg012,aihub,data\normal_aihub\prepared_diverse\audio\D60_J91_S00002418\D60_J91_S00002418_seg012.wav,audio/normal/test_normal_00016.wav,0.0,15.728,15.728,n/ 그러니까 저는 선택 설치 요소까지 다 통합 설치하는 게 좋겠+ 좋겠네요? 그렇군요 감사합니다 그럼 제가 다시 한번 시도해 보고 그때도 안 되면 또 문의 전화 드릴게요 네 감사합니다 한국어 학원 김민수였습니다,SOURCE_TEXT,,False,,D60_J91,normal_source_00837,unassigned
test_normal_00017,test,normal,0,D60_J91_S00002740,D60_J91_S00002740_seg009,aihub,data\normal_aihub\prepared_diverse\audio\D60_J91_S00002740\D60_J91_S00002740_seg009.wav,audio/normal/test_normal_00017.wav,0.0,11.051,11.051,어쨌든 뭐 써놨다는 데 아내가 내 잘못이죠 탈퇴 처리라도 정확히 해주세요 혹시 나중에 재개업 재가입할 때 문제되는 것 아닌가요 알겠어요 수고하세요 감사합니다,SOURCE_TEXT,,False,,D60_J91,normal_source_00912,unassigned
test_normal_00018,test,normal,0,D60_J91_S00004123,D60_J91_S00004123_seg003,aihub,data\normal_aihub\prepared_diverse\audio\D60_J91_S00004123\D60_J91_S00004123_seg003.wav,audio/normal/test_normal_00018.wav,0.0,15.959,15.959,이벤트로 지급받으신 적립금은 탈퇴 시 소멸됩니다. 아/ 제 돈 들인 게 아니라서 그런 건가요? 너무 치사하네요. 그럼 수강금액은요? 신청한 지 (1주일)/(일 주일) 안됐으니까 환불 가능하죠? 강의 (30%)/(삼십 퍼센트) 이상 수강하셔서 안됩니다.,SOURCE_TEXT,,False,,D60_J91,normal_source_00915,unassigned
test_normal_00019,test,normal,0,D60_J91_S00005499,D60_J91_S00005499_seg001,aihub,data\normal_aihub\prepared_diverse\audio\D60_J91_S00005499\D60_J91_S00005499_seg001.wav,audio/normal/test_normal_00019.wav,0.0,15.267,15.267,"n/ 야 (너도)/(너두) 입니다. n/ 저 민지영 선생님 강의 없어졌나요? n/ 아/ 전 그분 강의 들으려고 가입+ 가입했던 건데. 다시 안 하시는 건가요? n/ 네, 그렇습니다. n/ 그럼 저 탈퇴+ 탈퇴할래요, 탈퇴 어떻게 해요? n/ 홈페이지에서 가능합니다. n/ 탈퇴하면 남아있는 수강금액 다 환불 가능한 거죠? 바로 들어오나요?",SOURCE_TEXT,,False,,D60_J91,normal_source_00958,unassigned
test_normal_00020,test,normal,0,D60_J91_S00011336,D60_J91_S00011336_seg004,aihub,data\normal_aihub\prepared_diverse\audio\D60_J91_S00011336\D60_J91_S00011336_seg004.wav,audio/normal/test_normal_00020.wav,0.0,15.329,15.329,n/ 그래도 교육은 재밌고 좋아요. n/ 강사들이 말을 쉽게 설명 잘해주시더라고요. n/ 돌아서면 까먹긴 (하는데)/(한데) 들을 때는 재밌습니다. n/ 다행입니다. n/ 그 매달 시험 치잖아요? n/ 시험을 안치고 넘어갈 수는 없나요?,SOURCE_TEXT,,False,,D60_J91,normal_source_01113,unassigned
test_normal_00021,test,normal,0,D60_J91_S00011352,D60_J91_S00011352_seg010,aihub,data\normal_aihub\prepared_diverse\audio\D60_J91_S00011352\D60_J91_S00011352_seg010.wav,audio/normal/test_normal_00021.wav,0.0,10.106,10.106,"그렇죠. n/ 무거운 것만 빼면 학습기기 잘 산거 같아요. n/ 그럼 수고하세요. 친절하게 상담해주셔서 감사합니다. n/ 네, 더 궁금하신 건 없으신가요? 좋은 하루 보내세요.",SOURCE_TEXT,,False,,D60_J91,normal_source_01131,unassigned
test_normal_00022,test,normal,0,D60_J91_S00011684,D60_J91_S00011684_seg011,aihub,data\normal_aihub\prepared_diverse\audio\D60_J91_S00011684\D60_J91_S00011684_seg011.wav,audio/normal/test_normal_00022.wav,0.0,10.457,10.457,"n/ 무거운 것만 빼면 학습기기 잘 산거 같아요. n/ 그럼 수고하세요. 친절하게 상담해주셔서 감사합니다. n/ 네, 더 궁금하신 건 없으신가요? 좋은 하루 보내십시오.",SOURCE_TEXT,,False,,D60_J91,normal_source_01281,unassigned
test_normal_00023,test,normal,0,D60_J91_S00012575,D60_J91_S00012575_seg009,aihub,data\normal_aihub\prepared_diverse\audio\D60_J91_S00012575\D60_J91_S00012575_seg009.wav,audio/normal/test_normal_00023.wav,0.0,13.06,13.06,"n/ 네 가능합니다. 대신 현금영수증은 안 됩니다. n/ 그럼 신경 써서 한자수업은 다정하신 선생님으로 잘 좀 배정 부탁드릴게요. n/ 알겠습니다. n/ 이것저것 궁금한 게 많았는데, 친절하게 상담해 주셔서 감사합니다. n/ 우리 아이 학습지 상담원 홍길동이었습니다.",SOURCE_TEXT,,False,,D60_J91,normal_source_01290,unassigned
test_normal_00024,test,normal,0,D60_J91_S00012751,D60_J91_S00012751_seg004,aihub,data\normal_aihub\prepared_diverse\audio\D60_J91_S00012751\D60_J91_S00012751_seg004.wav,audio/normal/test_normal_00024.wav,0.0,15.204,15.204,"n/ 가능합니다. n/ 한자 시험 몇 급부터 준비하면 될까요? 한자시험에 관련한 학습지도 있나요? n/ 그럼 (6개월)/(육 개월) 뒤에 한자시험이 있으니, 일단 일본어는 미뤄두고, 한자와 한자시험 관련한 (2가지)/(두 가지)로 신청할게요. n/ 가격은 어떻게 되나요? 그리고 (1주일)/(일주일)에 몇 회 선생님이 방문하시죠?",SOURCE_TEXT,,False,,D60_J91,normal_source_01451,unassigned
test_normal_00025,test,normal,0,D60_J91_S00012936,D60_J91_S00012936_seg010,aihub,data\normal_aihub\prepared_diverse\audio\D60_J91_S00012936\D60_J91_S00012936_seg010.wav,audio/normal/test_normal_00025.wav,0.0,14.827,14.827,"n/ 네 가능합니다. 대신 현금영수증은 안 됩니다. n/ 그럼 신경 써서 한자수업은 다정하신 선생님으로 잘 좀 배정 부탁드릴게요. n/ 알겠습니다. n/ 이것저것 궁금한 게 많았는데, 친절하게 상담해 주셔서 감사합니다. n/ 우리 아이 학습지 상담원 홍길동이었습니다.",SOURCE_TEXT,,False,,D60_J91,normal_source_01563,unassigned
test_normal_00026,test,normal,0,D60_J91_S00013050,D60_J91_S00013050_seg012,aihub,data\normal_aihub\prepared_diverse\audio\D60_J91_S00013050\D60_J91_S00013050_seg012.wav,audio/normal/test_normal_00026.wav,0.0,11.478,11.478,n/ 수업은 (40분)/(사십 분) 입니다. 조금 더 생각해 보세요. n/ 아/ 그렇군요. 알겠습니다. 다른데 (1곳)/(한 곳) 더 알아보고 결정해야겠네요. 상담 감사합니다. n/ 네. (1)/(한) 자 (1)/(한) 자 배우자 상담사 홍길동이었습니다.,SOURCE_TEXT,,False,,D60_J91,normal_source_01597,unassigned
test_normal_00027,test,normal,0,D60_J91_S00013608,D60_J91_S00013608_seg012,aihub,data\normal_aihub\prepared_diverse\audio\D60_J91_S00013608\D60_J91_S00013608_seg012.wav,audio/normal/test_normal_00027.wav,0.0,13.536,13.536,n/ 수업은 (40분)/(사십 분) 합니다. 조금+ 조금 더 생각해 보세요. n/ 아/ 그렇군요. 알겠습니다. 다른데 (1곳)/(한 곳) 더 알아보고 결정해야겠네요. 상담 감사합니다. n/ 네. (1자)/(한 자) 배우자 상담사 홍길동이었습니다.,SOURCE_TEXT,,False,,D60_J91,normal_source_01774,unassigned
test_normal_00028,test,normal,0,D60_J91_S00014320,D60_J91_S00014320_seg002,aihub,data\normal_aihub\prepared_diverse\audio\D60_J91_S00014320\D60_J91_S00014320_seg002.wav,audio/normal/test_normal_00028.wav,0.0,15.65,15.65,n/ 우리말 대부분이 한자에서 오기도 했으니 이해력을 돕기 위해서라도 기본적인 한자 정도는 알고 있어야겠다는 생각이+ 라는 생각이 들었어요. n/ 한자를 어릴 때부터 배우면 어휘력과 사고력이 길러진다고 하던데 정말 그래요?,SOURCE_TEXT,,False,,D60_J91,normal_source_01842,unassigned
test_normal_00029,test,normal,0,D60_J91_S00015008,D60_J91_S00015008_seg004,aihub,data\normal_aihub\prepared_diverse\audio\D60_J91_S00015008\D60_J91_S00015008_seg004.wav,audio/normal/test_normal_00029.wav,0.0,15.019,15.019,"n/ 그러고 나서 배운 글을 토대로 문자 읽기, 신문 읽기 같은 것도 하는 건가요? n/ 인터넷 강의인데 어떤 식으로 문자 읽는 건지 궁금하네요. 아/ 인터넷 강의라고 해도 화상으로 서로 얼굴 보고하니까 선생님께서 화면으로 문자를 보여주시면 할머니께서 읽는 방식인가요?",SOURCE_TEXT,,False,,D60_J91,normal_source_01896,unassigned
test_normal_00030,test,normal,0,D60_J91_S00015018,D60_J91_S00015018_seg006,aihub,data\normal_aihub\prepared_diverse\audio\D60_J91_S00015018\D60_J91_S00015018_seg006.wav,audio/normal/test_normal_00030.wav,0.0,15.182,15.182,n/ 수업 들으려고 일부러 밖으로 외출 안 하셔도 되고 시간만 맞춰서 컴퓨터 앞에 앉아시면 되니까 편할 거 같아요. n/ 학습 기기는 꼭 컴퓨터로만 가능한 건지 아니면 탭으로도 수업할 수 있는가요? n/ 씁/ 컴퓨터보다는 탭이 조금 더 간편할 수도 있을 거 같네요.,SOURCE_TEXT,,False,,D60_J91,normal_source_01906,unassigned
test_normal_00031,test,normal,0,D60_J91_S00015177,D60_J91_S00015177_seg008,aihub,data\normal_aihub\prepared_diverse\audio\D60_J91_S00015177\D60_J91_S00015177_seg008.wav,audio/normal/test_normal_00031.wav,0.0,14.746,14.746,"n/ 네, 할머니께서 오전이 편하시다고 하시는데 오전에 자리가 남았는지 확인부터 해봐야겠어요. n/ 때마침 (2자리)/(두 자리)가 남아있네요. 다행이에요. 어중간하게 오후에 수업하시면 시간 애매하다고 싫어하실 거 같았는데 오전부터 시작하면 괜찮을 거 같네요. 지금 바로 신청해야겠어요. 오늘 하루도 수고하세요.",SOURCE_TEXT,,False,,D60_J91,normal_source_01991,unassigned
test_normal_00032,test,normal,0,D61_J92_S00000732,D61_J92_S00000732_seg011,aihub,data\normal_aihub\prepared_diverse\audio\D61_J92_S00000732\D61_J92_S00000732_seg011.wav,audio/normal/test_normal_00032.wav,0.0,15.062,15.062,제일 먼저 증권 (APPLICATION)/(어플)을 깔아야 겠죠? 맞습니다. 그 다음에 본인 인증 이거는 제 명의 휴대폰이니까 제가 직접 본인인증하면 될 것 같고요. 그리고 또 (MOBILE)/(모바일) 보안 (APPLICATION)/(어플리케이션)은 따로 설치해 줘야 하나요.,SOURCE_TEXT,,False,,D61_J92,normal_source_02166,unassigned
test_normal_00033,test,normal,0,D61_J92_S00001437,D61_J92_S00001437_seg008,aihub,data\normal_aihub\prepared_diverse\audio\D61_J92_S00001437\D61_J92_S00001437_seg008.wav,audio/normal/test_normal_00033.wav,0.0,12.435,12.435,"아/ 그럼 카드번호 안바뀌게 재발급은 안되는거에요? 그럼 그냥 같은 파두+ 카드로 재발급 신청해주세요. 네, 지우 카드 신용카드로 재발급하시고 등록되어있는 자택 주소로 카드 수령하시나요?",SOURCE_TEXT,,False,,D61_J92,normal_source_02217,unassigned
test_normal_00034,test,normal,0,D61_J92_S00001559,D61_J92_S00001559_seg016,aihub,data\normal_aihub\prepared_diverse\audio\D61_J92_S00001559\D61_J92_S00001559_seg016.wav,audio/normal/test_normal_00034.wav,0.0,10.914,10.914,이 상황에서 너무 친절하게 답해주시고 n/ 재발급 신청 도와주셔서 감사합니다. n/ 네. 다른 문의 사항은 없으신가요? 네 없습니다. 정말 감사합니다. 지금까지 지우카드 n/ 감사합니다.,SOURCE_TEXT,,False,,D61_J92,normal_source_02254,unassigned
test_normal_00035,test,normal,0,D61_J92_S00001591,D61_J92_S00001591_seg003,aihub,data\normal_aihub\prepared_diverse\audio\D61_J92_S00001591\D61_J92_S00001591_seg003.wav,audio/normal/test_normal_00035.wav,0.0,15.264,15.264,"고객님, 카드 현시간 이후로 정지되셨습니다. 네, 제가 정신이 너무 없어서 잃어버렸네요. 정말 급했는데 정말 감사합니다. 혹시 마지막으로 제가 제 카드 쓴 거래내역 있으면 확인 좀 하려고 하는데 가능할까요? 네, 빨리 좀 부탁 그+ 드려요.",SOURCE_TEXT,,False,,D61_J92,normal_source_02271,unassigned
test_normal_00036,test,normal,0,D61_J92_S00001918,D61_J92_S00001918_seg011,aihub,data\normal_aihub\prepared_diverse\audio\D61_J92_S00001918\D61_J92_S00001918_seg011.wav,audio/normal/test_normal_00036.wav,0.0,15.286,15.286,"n/ 제가 다행히 이 (2개)/(두 개)는 아직까지는 잃어버리지는 않았거든요. 네, 가능합니다. 아/ 다행히네요. 안되면 어떡하지 고민하고 있었거든요. 그래도 걱정 한 시름 놨네요. 감사합니다. 네, 고객님. 추가로 더 궁금한 점은 없으신가요?",SOURCE_TEXT,,False,,D61_J92,normal_source_02360,unassigned
test_normal_00037,test,normal,0,D61_J92_S00001918,D61_J92_S00001918_seg008,aihub,data\normal_aihub\prepared_diverse\audio\D61_J92_S00001918\D61_J92_S00001918_seg008.wav,audio/normal/test_normal_00037.wav,0.0,18.55,18.55,"n/ 고객님 이전 주소로 되어있어 변경했습니다. n/ 네, 감사합니다. 아/ 저/ 근데 카드는 우편함이나 경비실로 오게 한 다음 제가 나중에 가서 수령해서 받아오는 건 안될까요? 안 그러면 좀 일이 복잡해져서요. n/ 고객님 카드 수령은 직접 수령이 원칙이라 그건 어려울 것 같습니다.",SOURCE_TEXT,,False,,D61_J92,normal_source_02357,unassigned
test_normal_00038,test,normal,0,D61_J92_S00006382,D61_J92_S00006382_seg012,aihub,data\normal_aihub\prepared_diverse\audio\D61_J92_S00006382\D61_J92_S00006382_seg012.wav,audio/normal/test_normal_00038.wav,0.0,14.43,14.43,n/ 네 너무 감사합니다. 진짜 택시에서 두고 내려서 잃어버린 지 (2일)/(이 일) 만에 알게 돼서 더 당황스럽고 정신도 없었는데 이 상황에서 너무 친절하게 답해주시고 재발급 신청 도와주셔서 감사합니다. n/ 네 다른 문의 사항은 없으신가요? n/ 네 없습니다. 정말 감사합니다.,SOURCE_TEXT,,False,,D61_J92,normal_source_02523,unassigned
test_normal_00039,test,normal,0,D61_J92_S00008842,D61_J92_S00008842_seg006,aihub,data\normal_aihub\prepared_diverse\audio\D61_J92_S00008842\D61_J92_S00008842_seg006.wav,audio/normal/test_normal_00039.wav,0.0,15.066,15.066,n/ 아/ 혹시 재발급될 때 카드 번호 바뀌어서 나오나요? 제가 카드로 통신요금이랑 자동으로 돈 빠져나갈 곳이 좀 많아서 그런데. n/ 아/ 그럼 카드번호 안 바뀌게 재발급은 안되는 (거예요)/(거에요)? n/ 그럼 그냥 같은 카드로 재발급 신청해주세요.,SOURCE_TEXT,,False,,D61_J92,normal_source_02579,unassigned
test_normal_00040,test,normal,0,D61_J92_S00008842,D61_J92_S00008842_seg008,aihub,data\normal_aihub\prepared_diverse\audio\D61_J92_S00008842\D61_J92_S00008842_seg008.wav,audio/normal/test_normal_00040.wav,0.0,16.401,16.401,n/ 주소지 변경부터 도와드리겠습니다. 바뀐 주소에서 카드 수령하시나요? n/ 네 그런데 혹시 제가 집에 있는 시간도 많이 없고 집에 가족이 있는 것도 아니라서 그런데 카드 수령하거나 뭐 처리하는데 문제점 같은 건 없죠? 그냥 다른 우편물처럼 우편함에 넣어주시면 될 거 같긴 한데.,SOURCE_TEXT,,False,,D61_J92,normal_source_02581,unassigned
test_normal_00041,test,normal,0,D61_J92_S00009681,D61_J92_S00009681_seg004,aihub,data\normal_aihub\prepared_diverse\audio\D61_J92_S00009681\D61_J92_S00009681_seg004.wav,audio/normal/test_normal_00041.wav,0.0,15.264,15.264,"n/ 네, 알고 있어요. 물론 저번에 말씀드렸던 아파트나 (4대)/(사 대) 보험이 동일한 경우라는 것도 이젠 기본으로 알겠네요. n/ 저번에 너무 차분하고 친절하게 꼼꼼한 상담을 해주셔서 제가 공부가 많이 된 것 같아요. 생각난 김에 감사합니다.",SOURCE_TEXT,,False,,D61_J92,normal_source_02728,unassigned
test_normal_00042,test,normal,0,D61_J92_S00009755,D61_J92_S00009755_seg002,aihub,data\normal_aihub\prepared_diverse\audio\D61_J92_S00009755\D61_J92_S00009755_seg002.wav,audio/normal/test_normal_00042.wav,0.0,15.013,15.013,"n/ 확인되셨나요? n/ 네, 다른 게 아니고 공동명의를 진행하려고 했는데 그냥 제이름+ 제 이름으로만 단독으로 진행하기로 했거든요. 그거 바꿔서 (1번)/(한 번) 더 봐주시겠어요? n/ 한도가 나오나요? n/ 아/ 모하비 차량으로 똑같이 (50000000원)/(오천만 원)이 가능하다는 말씀이시죠?",SOURCE_TEXT,,False,,D61_J92,normal_source_02745,unassigned
test_normal_00043,test,normal,0,D61_J92_S00009755,D61_J92_S00009755_seg008,aihub,data\normal_aihub\prepared_diverse\audio\D61_J92_S00009755\D61_J92_S00009755_seg008.wav,audio/normal/test_normal_00043.wav,0.0,16.533,16.533,"n/ 아/ 그래요? 맞아요. 오늘 안에 상담을 끝내길 기대하고 있었어요. 금리를 네고를 치든지 못 치든지 상담은 오늘 중으로 마쳤으면 해요. 같이 말씀을 전해 주세요. n/ 네, 오늘도 알차게 상담해 주셨네요. 질문도 많고 요구도 많은 저랑 상담해 주시느라고 고생이 많으셨어요.",SOURCE_TEXT,,False,,D61_J92,normal_source_02751,unassigned
test_normal_00044,test,normal,0,D61_J92_S00009829,D61_J92_S00009829_seg001,aihub,data\normal_aihub\prepared_diverse\audio\D61_J92_S00009829\D61_J92_S00009829_seg001.wav,audio/normal/test_normal_00044.wav,0.0,15.216,15.216,"n/ 네, 안녕하세요. 저 신용 조회를 했었고요. 다만 조건을 좀 변경하려고 연락드렸어요. n/ 본인 확인부터 해야 하는 거죠? n/ 네, 저는 김창출이고요. 주민번호는 (750231234567)/(칠 오 공 이 삼 일 이 삼 사 오 육 칠)입니다.",SOURCE_TEXT,,False,,D61_J92,normal_source_02761,unassigned
test_normal_00045,test,normal,0,D61_J92_S00009937,D61_J92_S00009937_seg009,aihub,data\normal_aihub\prepared_diverse\audio\D61_J92_S00009937\D61_J92_S00009937_seg009.wav,audio/normal/test_normal_00045.wav,0.0,15.376,15.376,n/ 아/ 그러면 금리 네고 요청도 같이 부탁드릴게요. 차량은 제네시스로 말이죠. n/ 그럼 그 심사자라는 분이 저한테 언제+ 언제쯤 연락이 올까요? 지금이 (3시)/(세 시)인데 오늘 안에 연락이 오는 건가요?,SOURCE_TEXT,,False,,D61_J92,normal_source_02808,unassigned
test_normal_00046,test,normal,0,D61_J92_S00013795,D61_J92_S00013795_seg003,aihub,data\normal_aihub\prepared_diverse\audio\D61_J92_S00013795\D61_J92_S00013795_seg003.wav,audio/normal/test_normal_00046.wav,0.0,15.392,15.392,n/ 그게 뭐죠? n/ 아/ 통장이랑 카드 만들 때 기부 어쩌고 하던 게 그건가 보네요. n/ 기부하면 연말 정산할 때 (100%)/(백 퍼센트) 세액 공제된다고 해서+ 된다고+ 좋다고 해서 한 건데 맞아요? n/ 그럼 그냥 그대로 두세요. 소액이라도 기부하면 힘든 분들께는 도움이 되겠죠.,SOURCE_TEXT,,False,,D61_J92,normal_source_02865,unassigned
test_normal_00047,test,normal,0,D61_J92_S00013802,D61_J92_S00013802_seg008,aihub,data\normal_aihub\prepared_diverse\audio\D61_J92_S00013802\D61_J92_S00013802_seg008.wav,audio/normal/test_normal_00047.wav,0.0,13.656,13.656,"n/ 이제 종목 공부를 해봐야겠네요. 별다방, 페슬라 말고 아는 게 없네요. 안꼴라는 요즘 하락세라 위험할 거 같죠? 대박 해외 주식 같은 거 쫙 정리해 줬으면 좋겠네요. n/ 알았어요. 상담해 주느라 고생했어요. 오늘 하루도 파이팅입니다.",SOURCE_TEXT,,False,,D61_J92,normal_source_02884,unassigned
test_normal_00048,test,normal,0,D61_J92_S00013860,D61_J92_S00013860_seg006,aihub,data\normal_aihub\prepared_diverse\audio\D61_J92_S00013860\D61_J92_S00013860_seg006.wav,audio/normal/test_normal_00048.wav,0.0,14.037,14.037,n/ 집 전화는 없어요. 요즘 누가 집 전화를 써요. 다 휴대폰 쓰지. 있던 건 (10년)/(십 년)도 더 된 옛날 번호예요. 지우고 이 휴대폰 번호 넣어주세요. n/ 그럼 처리 다 된 거죠? 아파트 관리비 자동이체 해지도 된 거고요? 집 전화도 휴대폰으로 바뀌고요? n/ 고마워요. 감기 조심하세요.,SOURCE_TEXT,,False,,D61_J92,normal_source_02918,unassigned
test_normal_00049,test,normal,0,D61_J92_S00013892,D61_J92_S00013892_seg006,aihub,data\normal_aihub\prepared_diverse\audio\D61_J92_S00013892\D61_J92_S00013892_seg006.wav,audio/normal/test_normal_00049.wav,0.0,15.285,15.285,n/ (5성)/(오 성) 직장인 힘내라 통장 광고가 많이 나오던데 혹시 이건 가요? (5000000원)/(오백만 원) 까지는 금리가 (2%)/(이 퍼센트)라고 나오던데요. n/ 이것도 (1년)/(일 년)까지만 고정리금리+ 고정금리고 그 이후부턴 변동금리인 거죠?,SOURCE_TEXT,,False,,D61_J92,normal_source_02938,unassigned
test_normal_00050,test,normal,0,D61_J92_S00013929,D61_J92_S00013929_seg003,aihub,data\normal_aihub\prepared_diverse\audio\D61_J92_S00013929\D61_J92_S00013929_seg003.wav,audio/normal/test_normal_00050.wav,0.0,15.424,15.424,n/ 사과로 될 게 아니라니까요. 이 손해는 어떻게 하냐고요. n/ 보상 안 해준다는 건 처음 가입할 때 유의사항 봐서 이미 알고 있지만 너무 속상해서 얘기하는 거예요. 주식 전문가들이야 이미 알고 다 따로 처리했던데 우리 같은 개미 투자자들이나 발 동동 구르다가 아무것도 못 하고 당했+ 당했네요.,SOURCE_TEXT,,False,,D61_J92,normal_source_02974,unassigned
test_normal_00051,test,normal,0,D61_J92_S00013990,D61_J92_S00013990_seg010,aihub,data\normal_aihub\prepared_diverse\audio\D61_J92_S00013990\D61_J92_S00013990_seg010.wav,audio/normal/test_normal_00051.wav,0.0,13.477,13.477,n/ 뭐 이렇게 복잡하죠? 그냥 그날그날 거래하면 이런 계산 안 해도 되고 좋을텐데요. n/ 이제 배웠으니까 앞으로 안 그럴 게요. 이렇게 몸으로 배워야 되네요. n/ 아까 화내서 미안하고요. 시스템은 꼭 개선하길 바랍니다.,SOURCE_TEXT,,False,,D61_J92,normal_source_02996,unassigned
test_normal_00052,test,normal,0,D61_J92_S00014023,D61_J92_S00014023_seg007,aihub,data\normal_aihub\prepared_diverse\audio\D61_J92_S00014023\D61_J92_S00014023_seg007.wav,audio/normal/test_normal_00052.wav,0.0,14.293,14.293,"n/ 이제 주식 종목 공부를 해봐야겠어요. 별다방, 페슬 라 말고 아는 게 없네요. 인꼴라는 요즘 하락세라 위험할 거 같죠? 대박 해외 주식 같은 거 정리 쫙 해 줬으면 좋겠네요. n/ 알았어요. 상담해 주느라 고생했어요. 오늘 하루도 파이팅입니다.",SOURCE_TEXT,,False,,D61_J92,normal_source_03016,unassigned
test_normal_00053,test,normal,0,D61_J92_S00014063,D61_J92_S00014063_seg005,aihub,data\normal_aihub\prepared_diverse\audio\D61_J92_S00014063\D61_J92_S00014063_seg005.wav,audio/normal/test_normal_00053.wav,0.0,15.144,15.144,n/ 달력이라도 좀 주시면 안 돼요? 은행 달력 집에 걸어 놓으면 그해에 돈이 들어온다는데 연말에 늦게 갔더니 달력이 없다잖아요. 본사에는 남은 달력 있을 거 같은데 집에 좀 보내주시면 안 되나요? n/ 저/ (5성)/(오 성) 은행 우수 고객인데 달력 하나도 못 받나요? 슬픈 현실이네요.,SOURCE_TEXT,,False,,D61_J92,normal_source_03051,unassigned
test_normal_00054,test,normal,0,D61_J92_S00014069,D61_J92_S00014069_seg006,aihub,data\normal_aihub\prepared_diverse\audio\D61_J92_S00014069\D61_J92_S00014069_seg006.wav,audio/normal/test_normal_00054.wav,0.0,15.781,15.781,n/ 왜죠? 저 항상 예수금 있었는데요. 그저껜가 잠깐 (5000000원)/(오백만 원) 출금했다가 다음날 아침에 바로 다시 넣었어요. 잔액이 있으니 출금이 되는 거 아닌가요? n/ 잔액이 없어도 출금이 된다고요? 무슨 시스템이 그래요? n/ 하루 차이 때문에 하루 미수금에 대해서 수수료가 나간다는 거예요? 증권거래 정말 복잡하네요.,SOURCE_TEXT,,False,,D61_J92,normal_source_03067,unassigned
test_normal_00055,test,normal,0,D61_J92_S00014125,D61_J92_S00014125_seg003,aihub,data\normal_aihub\prepared_diverse\audio\D61_J92_S00014125\D61_J92_S00014125_seg003.wav,audio/normal/test_normal_00055.wav,0.0,15.018,15.018,n/ 그게 뭐죠? n/ 아/ 통장이랑 카드 만들 때 기부 어쩌고 하던데 그건가 보네요. n/ 기부하면 연말 정산할 때 (100%)/(백 퍼센트) 세액 공제된다고 해서+ 좋다고 해서 한 건데 맞아+ 맞아요? n/ 그럼 그냥 그대로 두세요. 소액이라도 기부하면 힘든 분들께는 도움이 되겠죠.,SOURCE_TEXT,,False,,D61_J92,normal_source_03101,unassigned
test_normal_00056,test,normal,0,D61_J92_S00014158,D61_J92_S00014158_seg007,aihub,data\normal_aihub\prepared_diverse\audio\D61_J92_S00014158\D61_J92_S00014158_seg007.wav,audio/normal/test_normal_00056.wav,0.0,13.147,13.147,"n/ 이제 종목 공부를 해봐야겠네요. 별다방, 페슬라 말고 아는 게 없네요. 안꼴라는 요즘 하락세라 위험할 거 같죠? 대박 해외 주식 같은 거 쫙 정리해 줬으면 좋겠네요. n/ 알았어요. 상담해 주느라 고생했어요. 오늘 하루도 파이팅입니다.",SOURCE_TEXT,,False,,D61_J92,normal_source_03134,unassigned
test_normal_00057,test,normal,0,D61_J92_S00014231,D61_J92_S00014231_seg003,aihub,data\normal_aihub\prepared_diverse\audio\D61_J92_S00014231\D61_J92_S00014231_seg003.wav,audio/normal/test_normal_00057.wav,0.0,16.507,16.507,n/ 사과로 될 게 아니라 이 손해는 어떻게 하냐고요. n/ 보상 안 해준다는 건 처음 가입할 때 유의사항 봐서 이미 알고 있지만 너무 속상해서 얘기하는 거예요. 주식 전문가들이야 이미 알고 다 따로 처리했던데 우리 같은 개미 투자자들이나 발 동동 구르다가 아무것도 못 하고 당했네요.,SOURCE_TEXT,,False,,D61_J92,normal_source_03189,unassigned
test_normal_00058,test,normal,0,D61_J92_S00014318,D61_J92_S00014318_seg001,aihub,data\normal_aihub\prepared_diverse\audio\D61_J92_S00014318\D61_J92_S00014318_seg001.wav,audio/normal/test_normal_00058.wav,0.0,16.082,16.082,n/ 안녕하세요. 주식 관련해서 여쭤볼 게 있어서요. n/ 해외 주식 요즘 인기가 많던데요. n/ 해외 주식은 다 영어로만 나오나요? 해외 증권사를 따로 거래해야 하는 건지 아니면 (5성)/(오 성) 증권에서도 가능한지 해서요. n/ 어디서 하는 거죠? n/ 아/ 여기 있네요. 그런데 이거 영어로 나오나요?,SOURCE_TEXT,,False,,D61_J92,normal_source_03226,unassigned
test_normal_00059,test,normal,0,D61_J92_S00014566,D61_J92_S00014566_seg002,aihub,data\normal_aihub\prepared_diverse\audio\D61_J92_S00014566\D61_J92_S00014566_seg002.wav,audio/normal/test_normal_00059.wav,0.0,15.706,15.706,n/ 근데 물건 구매를 취소했더니 카드 결제 금액도 다 취소가 되고 처리 완료되었는데도 쿠폰이 다시 돌아오지를 않네요. n/ 쿠폰이 (5매)/(오 매)만 제공되는 거라 필요한 곳에만 쓰고 있는데 다시 돌아오지를 않으니 아까워서요. 어떻게 된 일인지 알아보고 싶어서 전화드렸어요. n/ @문지윤입니다.,SOURCE_TEXT,,False,,D61_J92,normal_source_03322,unassigned
test_normal_00060,test,normal,0,D61_J92_S00014566,D61_J92_S00014566_seg001,aihub,data\normal_aihub\prepared_diverse\audio\D61_J92_S00014566\D61_J92_S00014566_seg001.wav,audio/normal/test_normal_00060.wav,0.0,16.899,16.899,네. 안녕하세요. 제가 여기 카드를 쓰고 있는데요? n/ 어제 홈스에서 아이 기저귀와 분유를 샀다가 배송이 늦을 거 (같아서)/(같애서) 오프라인으로 직접 구매하려고 취소를 했거든요. n/ 그런데 그 물건을 살 때 큰 나무 카드사에서 장기 우수 고객에게 주는 (20%)/(이십 퍼센트) 할인 쿠폰을 썼었어요.,SOURCE_TEXT,,False,,D61_J92,normal_source_03321,unassigned
test_normal_00061,test,normal,0,D61_J92_S00014649,D61_J92_S00014649_seg006,aihub,data\normal_aihub\prepared_diverse\audio\D61_J92_S00014649\D61_J92_S00014649_seg006.wav,audio/normal/test_normal_00061.wav,0.0,16.149,16.149,n/ 문지윤입니다. n/ 네 (1번)/(한 번)도 적립금이 제날짜에 안 들어온 적이 없는데 그러고 보니 이번에는 안 들어왔네요. n/ (15일)/(십 오 일)이 공휴일이면 하루 이틀 늦게 들어올 수도 있는데 공휴일 아니고 어제가 월요일이었으니까 들어와야 정상인데요? 이벤트가 끝난 건가요?,SOURCE_TEXT,,False,,D61_J92,normal_source_03359,unassigned
test_normal_00062,test,normal,0,D61_J92_S00014787,D61_J92_S00014787_seg007,aihub,data\normal_aihub\prepared_diverse\audio\D61_J92_S00014787\D61_J92_S00014787_seg007.wav,audio/normal/test_normal_00062.wav,0.0,15.694,15.694,"n/ 그럼 누락됐나 본데 이런 경우엔 어찌 처리를 해주시는지요? 설마 적립금 안 주시고 넘어가시는 건 아니지요? n/ 네, 적립금이 현금화할 수도 있고 물건을 살 수도 있어서 꽤 유용하더라고요. n/ 아/ 그래요? 그러면 이번 달에는 적립금을 받을 수 없는 건가요?",SOURCE_TEXT,,False,,D61_J92,normal_source_03392,unassigned
test_normal_00063,test,normal,0,D61_J92_S00014992,D61_J92_S00014992_seg005,aihub,data\normal_aihub\prepared_diverse\audio\D61_J92_S00014992\D61_J92_S00014992_seg005.wav,audio/normal/test_normal_00063.wav,0.0,15.863,15.863,"n/ 왜 이것도 장기 우수 고객에게 주는 건데 (1달)/(한 달) 이용금액이 (1000000원)/(백만 원)을 넘길 경우 (50000원)/(오만 원) 적립금 주시는 걸로 알고 있는데요? n/ 매월 (15일)/(십 오 일)에 들어와야 하니까 어제 적립금이 들어와야 하는 날인데 저는 안 들어왔네요. n/ 네, (1번)/(한 번)도 적립금이 제 날짜에 안 들어온 적이 없는데 그러고 보니 이번에는 안 들어왔네요.",SOURCE_TEXT,,False,,D61_J92,normal_source_03472,unassigned
test_normal_00064,test,normal,0,D61_J92_S00015115,D61_J92_S00015115_seg003,aihub,data\normal_aihub\prepared_diverse\audio\D61_J92_S00015115\D61_J92_S00015115_seg003.wav,audio/normal/test_normal_00064.wav,0.0,15.529,15.529,"n/ 문지윤입니다. n/ 그럼 전산으로 제가 구매할 때 쿠폰을 쓴 것도 확인 되나요? 분명 (20%)/(이십 퍼센트) 할인된 금액으로 결제가 되었을 텐데요? n/ 그러면 쿠폰이 돌, 다시 돌아오지 않은 것도 확인되나요? 이거 어떻게 처리가 될까요?",SOURCE_TEXT,,False,,D61_J92,normal_source_03515,unassigned
test_normal_00065,test,normal,0,D61_J92_S00015167,D61_J92_S00015167_seg002,aihub,data\normal_aihub\prepared_diverse\audio\D61_J92_S00015167\D61_J92_S00015167_seg002.wav,audio/normal/test_normal_00065.wav,0.0,15.848,15.848,n/ 근데 물건 구매를 취소했더니 카드 결제 금액도 다 취소가 되고 처리 완료되었는데도 쿠폰이 다시 돌아오지가 않네요. n/ 쿠폰이 (5매)/(오 매)만 제공되는 거라 필요한 곳에만 쓰고 있는데 다시 돌아오지를 않으니 너무 아까워서요. 어떻게 된 일인지 알아보고 싶어서 전화드렸어요.,SOURCE_TEXT,,False,,D61_J92,normal_source_03544,unassigned
test_normal_00066,test,normal,0,D61_J92_S00015324,D61_J92_S00015324_seg007,aihub,data\normal_aihub\prepared_diverse\audio\D61_J92_S00015324\D61_J92_S00015324_seg007.wav,audio/normal/test_normal_00066.wav,0.0,15.033,15.033,n/ 제가 저번에 상담했던 그 상담분 진짜 누군지 알면 한 마디 해주고 싶네요. n/ 그래도 진짜 지금이라도 알아서 천만다행인 것 같아요. n/ 그럼 제가 적금 담보대출받으려고 하면 지금 이 전화 상담만으로 가능할까요? 아님 은행에 직접 방문을 해야 하나요?,SOURCE_TEXT,,False,,D61_J92,normal_source_03619,unassigned
test_normal_00067,test,normal,0,D61_J92_S00015414,D61_J92_S00015414_seg004,aihub,data\normal_aihub\prepared_diverse\audio\D61_J92_S00015414\D61_J92_S00015414_seg004.wav,audio/normal/test_normal_00067.wav,0.0,16.074,16.074,n/ 그럼 개선되었다는 증거가 신용평가에서 받은 자료랑 원천징수 영수증이랑 건강보험료 납부내역 이 정도만 우선 내면 될까요? n/ 이메일로 서류 보내드릴 수 있어요. 주소 알려주세요. n/ 지금 보내드렸어요. 신청된 건가요? n/ 왜죠. 이메일까지 보내드렸는데.,SOURCE_TEXT,,False,,D61_J92,normal_source_03667,unassigned
test_normal_00068,test,normal,0,D61_J92_S00015681,D61_J92_S00015681_seg004,aihub,data\normal_aihub\prepared_diverse\audio\D61_J92_S00015681\D61_J92_S00015681_seg004.wav,audio/normal/test_normal_00068.wav,0.0,15.325,15.325,n/ 그럼 개선되었다는 증거가 신용평가에서 받은 자료랑 원천징수 영수증이랑 건강보험료 납부내역 이 정도만 우선 내면 될까요? n/ 이메일로 서류 보내드릴 수 있어요. 주소 알려주세요. n/ 지금 보내드렸어요. 신청된 건가요?,SOURCE_TEXT,,False,,D61_J92,normal_source_03793,unassigned
test_normal_00069,test,normal,0,D61_J92_S00015750,D61_J92_S00015750_seg007,aihub,data\normal_aihub\prepared_diverse\audio\D61_J92_S00015750\D61_J92_S00015750_seg007.wav,audio/normal/test_normal_00069.wav,0.0,10.024,10.024,n/ 이 분야에 너무 무지한 상태라 아마 궁금한 게 많아서 좀 많이 귀찮게 해드릴 것 같은데. n/ 전화상담으로 다 가능한 거죠? n/ 그럼 배정되면 연락 주세요. n/ 전화번호 뜨나요? n/ 수고하세요.,SOURCE_TEXT,,False,,D61_J92,normal_source_03827,unassigned
test_normal_00070,test,normal,0,D61_J92_S00015775,D61_J92_S00015775_seg001,aihub,data\normal_aihub\prepared_diverse\audio\D61_J92_S00015775\D61_J92_S00015775_seg001.wav,audio/normal/test_normal_00070.wav,0.0,16.88,16.88,"n/ 안녕하세요. n/ 가지고 있는 적금을 해지를 하고 싶어요. n/ 지금 만기가 얼마 남지 않은 상태인데 제가 갑자기 돈이 급하게 필요해서요. 대출을 받기도 그렇고 해서 적금을 해지할까 싶어서요. n/ 알고 있어요. 너무 아깝지만 지금 제 상황이 좀 어렵네요 (3달)/(세 달)만 부으면 되는데, 지금 그 (3달)/(세 달) 동안 제가 얼마나 버틸 련지 잘 모르겠 n/ 아/ 적금 혹시 중도 인출 가능 한 적금은 아니죠? 가입 당시 들었던 것 같은데. 잘 기억이 나지 않아",SOURCE_TEXT,,False,,D61_J92,normal_source_03834,unassigned
test_normal_00071,test,normal,0,D61_J92_S00015798,D61_J92_S00015798_seg004,aihub,data\normal_aihub\prepared_diverse\audio\D61_J92_S00015798\D61_J92_S00015798_seg004.wav,audio/normal/test_normal_00071.wav,0.0,15.963,15.963,그럼 대출이 승인되면 생활비랑 등록금이 모두 제 계좌로 들어오는 건가요? 아니면 등록금은 바로 전송되고 생활비만 저한테 입금되는 건가요? 그렇군요. 그게 안전할 거 같아요. 그럼 부모님께 도움받지 않고 스스로 공부할 수 있는 환경이 만들어지네요.,SOURCE_TEXT,,False,,D61_J92,normal_source_03850,unassigned
test_normal_00072,test,normal,0,D62_J93_S00000741,D62_J93_S00000741_seg004,aihub,data\normal_aihub\prepared_diverse\audio\D62_J93_S00000741\D62_J93_S00000741_seg004.wav,audio/normal/test_normal_00072.wav,0.0,16.0,16.0,n/ 네 그때는 그냥 배송 출발한 상태+ 상품 제가 받을 수 있게 해 주고 제가 결제한 상품은 반품 처리되게+ 해 주시고 제가 저렴한 상품으로 다시 재주문하면 재주문한 건,SOURCE_TEXT,,False,,D62_J93,normal_source_04106,unassigned
test_normal_00073,test,normal,0,D62_J93_S00002125,D62_J93_S00002125_seg002,aihub,data\normal_aihub\prepared_diverse\audio\D62_J93_S00002125\D62_J93_S00002125_seg002.wav,audio/normal/test_normal_00073.wav,0.0,15.403,15.403,"n/ 전화로도 할 수 있어요? 그럼 너무 감사하죠. n/ 유효기간이 (0622)/(공 육 이 이)(이고요)/(이구요), (CVC)/(씨 브이 씨) 번호가 (333)/(삼 삼 삼)이네요. n/ 네? 한도 초과요? 벌써 그렇게 됐나? 아니 그런데 그럼 한도 초과 카드라고 결제 페이지에서 팝업 같은 게 뜨지 않나요?",SOURCE_TEXT,,False,,D62_J93,normal_source_04181,unassigned
test_normal_00074,test,normal,0,D62_J93_S00002213,D62_J93_S00002213_seg006,aihub,data\normal_aihub\prepared_diverse\audio\D62_J93_S00002213\D62_J93_S00002213_seg006.wav,audio/normal/test_normal_00074.wav,0.0,11.969,11.969,"네네, 좀 부탁할게요. 꼭 오늘 출고되도록 해주셔야 돼요. 네, 그럼 다 됐죠? 네, 없어요. 오늘 꼭 출고해 주시고, 사은품은 마스크팩으로 메모 좀 꼭 해주세요. 네 수고하세요.",SOURCE_TEXT,,False,,D62_J93,normal_source_04198,unassigned
test_normal_00075,test,normal,0,D62_J93_S00002282,D62_J93_S00002282_seg009,aihub,data\normal_aihub\prepared_diverse\audio\D62_J93_S00002282\D62_J93_S00002282_seg009.wav,audio/normal/test_normal_00075.wav,0.0,10.389,10.389,"n/ 알겠습니다. 명확한 반품 접수 잘될 수 있도록 최종, 잘 처리, 잘 부탁드립니다. 친절하게 상담해 주셔서 감사합니다.",SOURCE_TEXT,,False,,D62_J93,normal_source_04222,unassigned
test_normal_00076,test,normal,0,D62_J93_S00002392,D62_J93_S00002392_seg003,aihub,data\normal_aihub\prepared_diverse\audio\D62_J93_S00002392\D62_J93_S00002392_seg003.wav,audio/normal/test_normal_00076.wav,0.0,18.283,18.283,그럼 우선 이거 무통장입금으로 결제 방식 바꿔서 결제할 테니 통화하면서 입금됐는지 확인해 주실 수 있을까요? 상품을 빨리 받아봐야 하거든요. 잠시만요. 결제 방금 막 (끝났고요)/(끝났구요). 주문번호가 (20201226335553)/(이 공 이 공 일 이 이 육 삼 삼 오 오 오 삼)이네요. 입금은 여기 쉐어링 쇼핑 (CS)/(씨 에스) 은행 계좌로 (34000원)/(삼만 사천 원) 입금했어요.,SOURCE_TEXT,,False,,D62_J93,normal_source_04237,unassigned
test_normal_00077,test,normal,0,D62_J93_S00002466,D62_J93_S00002466_seg009,aihub,data\normal_aihub\prepared_diverse\audio\D62_J93_S00002466\D62_J93_S00002466_seg009.wav,audio/normal/test_normal_00077.wav,0.0,13.781,13.781,"n/ 네네, 좀 부탁할게요. 꼭 오늘 출고되도록 해주셔야 해요. n/ 네, 그럼 다 됐죠? n/ 네, 없어요. 오늘 꼭 출고해 주시고, 사은품은 마스크팩으로 메모 좀 꼭 해주세요. n/ 네 수고하셔요.",SOURCE_TEXT,,False,,D62_J93,normal_source_04268,unassigned
test_normal_00078,test,normal,0,D62_J93_S00002466,D62_J93_S00002466_seg006,aihub,data\normal_aihub\prepared_diverse\audio\D62_J93_S00002466\D62_J93_S00002466_seg006.wav,audio/normal/test_normal_00078.wav,0.0,16.064,16.064,n/ 어휴. 그냥 카드 한도 한번 확인해보면 됐을 걸 여기 연락도 잘 안 돼서 몇* 번을 전화했었는데 괜히 시간만 날렸네요. 그럼 여기 (2시)/(두 시)간 전 주문건까지 당일 출고해준다고 봤는데 맞죠?,SOURCE_TEXT,,False,,D62_J93,normal_source_04265,unassigned
test_normal_00079,test,normal,0,D62_J93_S00002513,D62_J93_S00002513_seg002,aihub,data\normal_aihub\prepared_diverse\audio\D62_J93_S00002513\D62_J93_S00002513_seg002.wav,audio/normal/test_normal_00079.wav,0.0,16.448,16.448,"n/ 빠르게 회수가 되어야 하는 거 아니거든요? 지금 당장 회수를 해 달라고 상담사분께 말씀을 드리는 것이 아니라 조금 늦더라도 어떤 특정 일자에 회수가 됐으면 하는 게 제 개인적인 바람입니다. 그렇다면, 회수 접수를 하면 언제 회수가 되는지 알고, 어떻게 회수가 되는 것으로 알고 있어야 할까요?",SOURCE_TEXT,,False,,D62_J93,normal_source_04293,unassigned
test_normal_00080,test,normal,0,D62_J93_S00002527,D62_J93_S00002527_seg007,aihub,data\normal_aihub\prepared_diverse\audio\D62_J93_S00002527\D62_J93_S00002527_seg007.wav,audio/normal/test_normal_00080.wav,0.0,11.504,11.504,"네네, 좀 부탁할게요. 꼭 오늘 출고되도록 해주셔야 돼요. 네, 그럼 다 됐죠? n/ 아/ 네, 없어요. 오늘 꼭 출고해 주시고, 사은품은 마스크팩으로 메모 좀 꼭 해주세요. n/ 네 수고하세요.",SOURCE_TEXT,,False,,D62_J93,normal_source_04305,unassigned
test_normal_00081,test,normal,0,D62_J93_S00002795,D62_J93_S00002795_seg008,aihub,data\normal_aihub\prepared_diverse\audio\D62_J93_S00002795\D62_J93_S00002795_seg008.wav,audio/normal/test_normal_00081.wav,0.0,11.069,11.069,"네네, 좀 부탁할게요. 꼭 오늘 출고되도록 해주셔야 해요. n/ 네, 그럼 다 됐죠? n/ 네, 없어요. 오늘 꼭 출고해 주시고, 사은품은 마스크팩으로 메모 좀 꼭 해주세요. 네 수고하세요.",SOURCE_TEXT,,False,,D62_J93,normal_source_04396,unassigned
test_normal_00082,test,normal,0,D62_J93_S00002795,D62_J93_S00002795_seg006,aihub,data\normal_aihub\prepared_diverse\audio\D62_J93_S00002795\D62_J93_S00002795_seg006.wav,audio/normal/test_normal_00082.wav,0.0,15.212,15.212,n/ 그럼 상품은 보통 언제쯤 도착해요? 빨리 받아봤으면 좋겠는데. 주말에 가족들 내려온다고 해서 쓰려고 하는데 주말 전에 받았으면 해요. n/ 그럼 주말까지 안 올 수도 있겠네요? 꼭 받았으면 하는데 오+ 오겠죠? 여기가 지방이긴 한데 시내 근처이긴 하거든요.,SOURCE_TEXT,,False,,D62_J93,normal_source_04394,unassigned
test_normal_00083,test,normal,0,D62_J93_S00003059,D62_J93_S00003059_seg004,aihub,data\normal_aihub\prepared_diverse\audio\D62_J93_S00003059\D62_J93_S00003059_seg004.wav,audio/normal/test_normal_00083.wav,0.0,16.523,16.523,"n/ 그래도, 최대한 회수 전 연락이 올 수 있게끔 상담사 분 통해 메모를 남긴다거나 요청사항을 남긴다거나 그런 것들은 가능하죠? 가능할 것 같은데 n/ 다행이네요. 그러면 최대한 (CJ)/(씨제이) 대한통운 회수 기사님께서 방문 전 회수 진행할 수 있도록 많은 도움 부탁드리겠습니다.",SOURCE_TEXT,,False,,D62_J93,normal_source_04452,unassigned
test_normal_00084,test,normal,0,D62_J93_S00004044,D62_J93_S00004044_seg004,aihub,data\normal_aihub\prepared_diverse\audio\D62_J93_S00004044\D62_J93_S00004044_seg004.wav,audio/normal/test_normal_00084.wav,0.0,16.181,16.181,"n/ 그래도, 최대한 회수 전 연락이 올 수 있게끔 상담사 분 통해 메모를 남긴다거나 요청사항을 남긴다거나 그런 것들은 가능하죠? 가능할 것 같은데. n/ 다행이네요. 그러면 최대한 (CJ)/(씨제이) 대한통운 회수+ 회수 기사님께서 방문 전 회수 진행할 수 있도록 많은 도움 부탁드리겠습니다.",SOURCE_TEXT,,False,,D62_J93,normal_source_04481,unassigned
test_normal_00085,test,normal,0,D62_J93_S00009158,D62_J93_S00009158_seg001,aihub,data\normal_aihub\prepared_diverse\audio\D62_J93_S00009158\D62_J93_S00009158_seg001.wav,audio/normal/test_normal_00085.wav,0.0,15.268,15.268,"네. 안녕하세요. 제가 친구에게 한스 모바일 상품권을 받아서 오늘 오후에 교환하려고 하는데요. 주변에 한스 매장이 있는지 궁금해요. 제가 경기도 부천에 살고 있는데요, 여기 근처에 한스 매장이 있나요? 전국에 한스 (케이크)/(케익) 매장이 그렇게 많지 않다고 전해 들어서 매장이 없을까 걱정이 되네요.",SOURCE_TEXT,,False,,D62_J93,normal_source_04756,unassigned
test_normal_00086,test,normal,0,D62_J93_S00009158,D62_J93_S00009158_seg002,aihub,data\normal_aihub\prepared_diverse\audio\D62_J93_S00009158\D62_J93_S00009158_seg002.wav,audio/normal/test_normal_00086.wav,0.0,18.699,18.699,"n/ 아/ 다행이네요. 한스는 한스는 전국에 매장이 몇 개나 있나요? n/ 아/ 서울과 인천 그리고 대구, 경기권 지역에 (34개)/(서른 네 개) 매장이 있군요. 그럼 대구 아래쪽은 매장이 없는 거네요. 부산이나 이런 곳 말이에요. 그렇군요. 모바일 상품권 교환은 어떻게 하면 되나요? 제가 당근케이크 기프티콘을 선물 받았는데 딸기 타르트로 바꿀 수 있나요?",SOURCE_TEXT,,False,,D62_J93,normal_source_04757,unassigned
test_normal_00087,test,normal,0,D62_J93_S00009256,D62_J93_S00009256_seg010,aihub,data\normal_aihub\prepared_diverse\audio\D62_J93_S00009256\D62_J93_S00009256_seg010.wav,audio/normal/test_normal_00087.wav,0.0,12.038,12.038,n/ 진짜요? 너무 좋은데. 우리 집에서는 마포구가 그나마 가까운 것 같아요! 매장 가서 직접 사야겠네요. 언제 오픈하나요? n/ 금방 여네요. 그러면 그때 마포구 점을 들려야겠네요. 감사합니다.,SOURCE_TEXT,,False,,D62_J93,normal_source_04831,unassigned
test_normal_00088,test,normal,0,D62_J93_S00009450,D62_J93_S00009450_seg002,aihub,data\normal_aihub\prepared_diverse\audio\D62_J93_S00009450\D62_J93_S00009450_seg002.wav,audio/normal/test_normal_00088.wav,0.0,15.442,15.442,"n/ 아/ 다행이네요. 한스는+ 한스는 장+ 전국에 매장이 몇 개나 있나요? n/ 아/ 서울과 인천 그리고 대구, 경기권 지역에 (34개)/(서른네 개) 매장이 있군요. n/ 그럼 대구 아래쪽은 매장이 없는 거네요. 부산이나 이런 곳 말이에요.",SOURCE_TEXT,,False,,D62_J93,normal_source_04944,unassigned
test_normal_00089,test,normal,0,D62_J93_S00015040,D62_J93_S00015040_seg003,aihub,data\normal_aihub\prepared_diverse\audio\D62_J93_S00015040\D62_J93_S00015040_seg003.wav,audio/normal/test_normal_00089.wav,0.0,15.709,15.709,"n/ 그럼 (10월)/(십 월) (20일)/(이십 일) 인천에서 출발하여 뉴욕 도착, 그리고 (10월)/(십 월) (30일)/(삼십 일)에 뉴욕에서 출발하여 부산+ 도착으로+ 부산으로 도착하는 아리랑 항공으로 (예약해주시고요)/(예약 해주시구요). n/ 제가 항공 마일리지를 안 쓰고 (10년)/(십 년) 동안 적립만 해서 많이 쌓여있는데, 마일리지로 전체 항공권 구매도 가능한가요?",SOURCE_TEXT,,False,,D62_J93,normal_source_05069,unassigned
test_normal_00090,test,normal,0,D62_J93_S00015056,D62_J93_S00015056_seg004,aihub,data\normal_aihub\prepared_diverse\audio\D62_J93_S00015056\D62_J93_S00015056_seg004.wav,audio/normal/test_normal_00090.wav,0.0,15.155,15.155,"n/ 제가 항공 마일+ 마일리지를 안 쓰고 (10년)/(십 년) 동안 적립만 해서 많이 쌓여있는데, 마일리지로 전체 항공권 구매도 가능한가요? n/ 그럼 혹시, 가족 전체 항공권 마일리지로 구매하는 거 말고, 아내 좌석만 (비즈니스석으로)/(비지니스석으로) 업그레이드 가능한가요?",SOURCE_TEXT,,False,,D62_J93,normal_source_05088,unassigned
test_normal_00091,test,normal,0,D62_J93_S00015056,D62_J93_S00015056_seg007,aihub,data\normal_aihub\prepared_diverse\audio\D62_J93_S00015056\D62_J93_S00015056_seg007.wav,audio/normal/test_normal_00091.wav,0.0,17.635,17.635,"n/ 그리고 소형견도 데리고 가야 하는데 항공사 홈페이지에서 조회해보니 케이지 규격이 따로 (있더라고요)/(있더라구요). 항공사에서 케이지만 따로 대여가 안 되나요? n/ 소형견은 시츄 종이고, (3kg)/(삼 킬로그람)입니다. 감사합니다. 비행시간 동안 케이지 안에 강아지가 마실 물이나 간식 등을 넣어두어도 되나요?",SOURCE_TEXT,,False,,D62_J93,normal_source_05091,unassigned
test_normal_00092,test,normal,0,D62_J93_S00016626,D62_J93_S00016626_seg002,aihub,data\normal_aihub\prepared_diverse\audio\D62_J93_S00016626\D62_J93_S00016626_seg002.wav,audio/normal/test_normal_00092.wav,0.0,16.754,16.754,"n/ 네, 도저히 못 먹을 거 같아요. n/ (1234)/(일 이 삼 사)요. n/ 네, 사진 보여드리고 싶은데 (어떻게)/(어떠케) 보내드리죠? n/ 그런데 도저히 먹을 수가 없어요. 어느 정도면 제가 그냥 먹었+ 먹었죠. 이건 거의 썩기 직전 (쓰레기예요)/(쓰레기에요). n/ 네, 제가 착하니 이 정도지 아니면 욕부터 하는 사람도 있을걸요? 오죽하면 제가 사진을 찍었겠어요.",SOURCE_TEXT,,False,,D62_J93,normal_source_05349,unassigned
test_normal_00093,test,normal,0,D62_J93_S00016629,D62_J93_S00016629_seg001,aihub,data\normal_aihub\prepared_diverse\audio\D62_J93_S00016629\D62_J93_S00016629_seg001.wav,audio/normal/test_normal_00093.wav,0.0,16.271,16.271,"n/ 안녕하세요. 상담 좀 받고 싶은데요? n/ 저희 집이 맞벌이다 보니, 반찬 만들 시간도 없고, 식사시간마다 많이 미안해지네요. 반찬 배송 좀 받아보려고요. n/ 성인 (2명)/(두 명)에 유치원 다니는 아이가 (2명)/(두 명)이 있는데 한가족 세트로 시키면 알맞을까요? n/ (1주일)/(일 주일)에 (2번)/(두 번) 정도 정기배송받아보고 싶은데, 메뉴 구성이 어떻게 되나요?",SOURCE_TEXT,,False,,D62_J93,normal_source_05355,unassigned
test_normal_00094,test,normal,0,D62_J93_S00016691,D62_J93_S00016691_seg007,aihub,data\normal_aihub\prepared_diverse\audio\D62_J93_S00016691\D62_J93_S00016691_seg007.wav,audio/normal/test_normal_00094.wav,0.0,14.788,14.788,n/ 그리고 (1인)/(일 인) 세트와 채식 주의자 식단에는 흰쌀밥 대신 현미밥 대체 가능한가요? n/ 배송은 어떤 식으로 되나요? 전날 만든 음식을 다음날 택배로 받는 건 찝찝해서요. n/ 그럼 지정된 날짜에 오전 (7시)/(일곱 시)까지 배송해 주세요. n/ 감사합니다.,SOURCE_TEXT,,False,,D62_J93,normal_source_05397,unassigned
test_normal_00095,test,normal,0,D62_J93_S00016745,D62_J93_S00016745_seg001,aihub,data\normal_aihub\prepared_diverse\audio\D62_J93_S00016745\D62_J93_S00016745_seg001.wav,audio/normal/test_normal_00095.wav,0.0,15.72,15.72,"n/ 안녕하세요. 상담 좀 받고 싶은데요? n/ 저희 집이 맞벌이다 보니, 반찬 만들 시간도 없고, 식사시간마다 많이 미안해지네요. 반찬 배송 좀 받아보려고요. n/ 성인 (2명)/(두 명)에 유치원 다니는 아이가 (2명)/(두 명)이 있는데 (1가족)/(한 가족) 세트로 시키면 알맞을까요? n/ (1주일)/(일 주일)에 (2번)/(두 번) 정도 정기배송받아보고 싶은데, 메뉴 구성이 어떻게 되나요?",SOURCE_TEXT,,False,,D62_J93,normal_source_05422,unassigned
test_normal_00096,test,normal,0,D62_J93_S00016745,D62_J93_S00016745_seg003,aihub,data\normal_aihub\prepared_diverse\audio\D62_J93_S00016745\D62_J93_S00016745_seg003.wav,audio/normal/test_normal_00096.wav,0.0,17.483,17.483,"n/ 그럼 주 (2회)/(이 회) 반찬 배송했을 때 너무 많을 것 같은데, (1가족)/(한 가족) 세트 말고 (1인)/(일 인) 세트로 변경하고 아이들 반찬을 주문할게요. n/ (1인)/(일 인) 세트는 몇 끼 정도 먹을 수 있나요? n/ 그게 딱 적당 하겠네요. 가격은 어떻게 되나요? 메인 반찬을 (1개)/(한 개) 말고 (2개)/(두 개)씩 넣고 싶어요. n/ 저희 남편이 채식주의자인데, 채식주의자가 먹을 만한 샐러드나 식단도 있을까요?",SOURCE_TEXT,,False,,D62_J93,normal_source_05424,unassigned
test_normal_00097,test,normal,0,D62_J93_S00016858,D62_J93_S00016858_seg004,aihub,data\normal_aihub\prepared_diverse\audio\D62_J93_S00016858\D62_J93_S00016858_seg004.wav,audio/normal/test_normal_00097.wav,0.0,15.927,15.927,n/ 오면서 상한 건지 사진을 다른 거 보내준 건지 알 수 없지만 정말 이건 아니죠. 전에 마켓 할리에서도 상한 거 배송한 거 뉴스에 나와서 아주 난리였잖아요. 사진 바꿔치기했다고. 아시죠? 그런 건 안 따라갔으면 좋겠어요. n/ 다른 건 상태가 괜찮아요. 이거 (2개만)/(두 개만) 환불 가능하죠?,SOURCE_TEXT,,False,,D62_J93,normal_source_05484,unassigned
test_normal_00098,test,normal,0,D62_J93_S00016903,D62_J93_S00016903_seg004,aihub,data\normal_aihub\prepared_diverse\audio\D62_J93_S00016903\D62_J93_S00016903_seg004.wav,audio/normal/test_normal_00098.wav,0.0,15.499,15.499,"n/ 그럼 한가족 세트에 아이들 반찬도 주문이 되나요? 아이들 반찬은 몇 개가 배송되나요? n/ 그럼 주 (2회)/(이 회) 반찬 배송을 했을 때 너무 많을 것 같은데, 한가족 세트 말고 (1인)/(일 인) 세트로 변경하고 아이들 반찬을 주문할게요.",SOURCE_TEXT,,False,,D62_J93,normal_source_05513,unassigned
test_normal_00099,test,normal,0,D62_J93_S00016929,D62_J93_S00016929_seg007,aihub,data\normal_aihub\prepared_diverse\audio\D62_J93_S00016929\D62_J93_S00016929_seg007.wav,audio/normal/test_normal_00099.wav,0.0,13.138,13.138,n/ 그리고 (1인)/(일 인) 세트와 채식주의자 식단에는 흰쌀밥 대신에 현미밥으로 대체 가능한가요? n/ 배송은 어떤 식으로 되나요? 전날 만든 음식을 다음날 택배로 받는 건 찜찜해서요. n/ 그럼 지정된 날짜에 오전 (7시)/(일곱 시)까지 배송해주세요. n/ 감사합니다.,SOURCE_TEXT,,False,,D62_J93,normal_source_05532,unassigned
test_normal_00100,test,normal,0,D62_J93_S00016929,D62_J93_S00016929_seg002,aihub,data\normal_aihub\prepared_diverse\audio\D62_J93_S00016929\D62_J93_S00016929_seg002.wav,audio/normal/test_normal_00100.wav,0.0,16.04,16.04,"n/ 식단표를 미리 볼 순 없나요? n/ 그럼 매주 월요일에 문자로 식단 표를 받아볼 수 있도록 신청해 주시고, 매주 화요일에+ 화요일 금요일에 배송 부탁드립니다. n/ 한가족 세트로 주문하게 되면 한번 배송될 때 며칠 정도 먹을 수 있나요? n/ 아이들은 매운 걸 아직 잘 못 먹는데, 아이들은 위한 반찬도 따로 있을까요?",SOURCE_TEXT,,False,,D62_J93,normal_source_05527,unassigned
test_normal_00101,test,normal,0,D62_J93_S00016990,D62_J93_S00016990_seg007,aihub,data\normal_aihub\prepared_diverse\audio\D62_J93_S00016990\D62_J93_S00016990_seg007.wav,audio/normal/test_normal_00101.wav,0.0,13.787,13.787,n/ 그리고 (1인)/(일 인) 세트와 채식주의자 식단에는 흰쌀밥 대신에 현미밥으로 대체 가능한가요? n/ 배송은 어떤 식으로 되나요? 전날 만든 음식을 다음날 택배로 받는 건 좀 찝찝해서요. n/ 그럼 지정된 날짜에 오전 (7시)/(일곱 시)까지 배송해 주세요. n/ 감사합니다.,SOURCE_TEXT,,False,,D62_J93,normal_source_05553,unassigned
test_normal_00102,test,normal,0,D62_J93_S00017067,D62_J93_S00017067_seg001,aihub,data\normal_aihub\prepared_diverse\audio\D62_J93_S00017067\D62_J93_S00017067_seg001.wav,audio/normal/test_normal_00102.wav,0.0,15.215,15.215,"n/ 안녕하세요. 상담 좀 받고 싶은데요? n/ 저희 집이 맞벌이다 보니까 반찬 만들 시간도 없고, 식사시간마다 많이 미안해지네요. 반찬 배송 좀 받아보려고요. n/ 성인 (2명)/(두 명)에 유치원 다니는 아이가 (2명)/(두 명)이 있는데 한가족 세트로 시키면 알맞을까요?",SOURCE_TEXT,,False,,D62_J93,normal_source_05584,unassigned
test_normal_00103,test,normal,0,D62_J93_S00017104,D62_J93_S00017104_seg006,aihub,data\normal_aihub\prepared_diverse\audio\D62_J93_S00017104\D62_J93_S00017104_seg006.wav,audio/normal/test_normal_00103.wav,0.0,15.488,15.488,n/ 사장님도 아셔야 하니깐 홈페이지에 글부터 남겨야겠네요. n/ 홈페이지도 삭제하거나 조작하시는 건 아니시죠? n/ 기분이 너무 나빠서 화가 풀리지가 않네요. n/ 제가 낙지 (1)/(하나) 때문에 이러는 게 아니고 망쳐버린 제 집들이가 너무 화가 나네요. n/ 손님 불러 놓고 산낙지 대접하려고 준비도 제대로 안 한 여자가 되어 버렸네요.,SOURCE_TEXT,,False,,D62_J93,normal_source_05610,unassigned
test_normal_00104,test,normal,0,D62_J93_S00017152,D62_J93_S00017152_seg008,aihub,data\normal_aihub\prepared_diverse\audio\D62_J93_S00017152\D62_J93_S00017152_seg008.wav,audio/normal/test_normal_00104.wav,0.0,15.403,15.403,"n/ 환불도 안 해주고 불친절해서 너무 불쾌합니다. n/ 근본적인 문제를 해결할 생각을 하지 않으시고 융통성이+ 융통성 없이 방침만 계속 말씀하시는 건 정말 아닌 것 같습니다. n/ 다른 분들도 저처럼 모르고 당할 것 같은데, 똑바로 장사하세요. n/ 됐어요.",SOURCE_TEXT,,False,,D62_J93,normal_source_05635,unassigned
test_normal_00105,test,normal,0,D62_J93_S00017348,D62_J93_S00017348_seg005,aihub,data\normal_aihub\prepared_diverse\audio\D62_J93_S00017348\D62_J93_S00017348_seg005.wav,audio/normal/test_normal_00105.wav,0.0,13.707,13.707,n/ 당연히 그래야죠. 제가 생각 같아선 이 사진 저희 동네 맘케+ 맘카페건 인터넷이건 올리고 싶지만 제가 평소에 (17)/(십 칠) 번가에서 좋은 제품도 많이 팔고 저도 혜택 받은 게 많아서 그냥 넘어가는 거예요.,SOURCE_TEXT,,False,,D62_J93,normal_source_05729,unassigned
test_normal_00106,test,normal,0,D62_J93_S00017364,D62_J93_S00017364_seg006,aihub,data\normal_aihub\prepared_diverse\audio\D62_J93_S00017364\D62_J93_S00017364_seg006.wav,audio/normal/test_normal_00106.wav,0.0,15.133,15.133,n/ (17)/(십 칠) 번가 믿고 있어서 마트 배송도 잘 될 줄 알았는데 아직 초창기라 그런가 미흡하네요. 점점 나아지겠죠? n/ 그럼 그때까진 시키는 거 자제해야겠네요. 이런 건 정말 보내면 안돼요. 주의해주세요. n/ 그럼 환불이 얼마 되는 건가요? 카드로 결제했는데 어떻게 되는 거죠?,SOURCE_TEXT,,False,,D62_J93,normal_source_05738,unassigned
test_normal_00107,test,normal,0,D62_J93_S00017410,D62_J93_S00017410_seg004,aihub,data\normal_aihub\prepared_diverse\audio\D62_J93_S00017410\D62_J93_S00017410_seg004.wav,audio/normal/test_normal_00107.wav,0.0,15.252,15.252,n/ 오면서 상한 건지 사진은+ 사진을 다른 거 보내준 건지 알 수 없지만 정말 이건 아니죠. 전에 마켓 할리에서도 상한 거 배송한 거 뉴스에 나와서 아주 난리였잖아요. 사진 바꿔치기했다고. 아시죠? 그런 건 안 따라갔으면 좋겠어요.,SOURCE_TEXT,,False,,D62_J93,normal_source_05760,unassigned
test_normal_00108,test,normal,0,D62_J93_S00017508,D62_J93_S00017508_seg005,aihub,data\normal_aihub\prepared_diverse\audio\D62_J93_S00017508\D62_J93_S00017508_seg005.wav,audio/normal/test_normal_00108.wav,0.0,15.154,15.154,"n/ 안되는구나. 번거롭지만 인천점까지 가야겠네요. n/ 제가 서울 살 때 한스를 정말 좋아해서 자주 갔었거든요. 매장에서 먹고 갈 때면 항상 (케이크)/(케익) 조각과 함께 머그잔에 따뜻한 물을 담아줬는데, 그때 그 머그잔 하고 접시도 따로 구매할 수 있나요?",SOURCE_TEXT,,False,,D62_J93,normal_source_05769,unassigned
test_normal_00109,test,normal,0,D62_J93_S00018104,D62_J93_S00018104_seg006,aihub,data\normal_aihub\prepared_diverse\audio\D62_J93_S00018104\D62_J93_S00018104_seg006.wav,audio/normal/test_normal_00109.wav,0.0,15.522,15.522,n/ 왜요? 제가 무료배송 안 받고 배송비 결제하고 싶은데요? n/ 상품 가격 (49900원)/(사만 구천 구백 원)에 배송비 (2500원)/(이천 오백 원) 해서 (52400원)/(오만 이천 사백 원) 결제해서 (5%)/(오 퍼센트) 적립받는 게 저한테 더 이득이라서요. 가능하면 해주세요.,SOURCE_TEXT,,False,,D62_J93,normal_source_05826,unassigned
test_normal_00110,test,normal,0,D62_J93_S00018124,D62_J93_S00018124_seg007,aihub,data\normal_aihub\prepared_diverse\audio\D62_J93_S00018124\D62_J93_S00018124_seg007.wav,audio/normal/test_normal_00110.wav,0.0,11.8,11.8,n/ 알겠습니다. 그럼 그렇게 해야겠네요. n/ 포인트는 언제 지급되는 거죠? 결제하면 바로 되는 건가요? n/ 구매완료 확정되면 주는 건가요? 이번 포인트만 받으면 살 게 있어요. n/ 너무 문의를 많이 드린 거 같네요. 친절하게 답해주셔서 감사합니다.,SOURCE_TEXT,,False,,D62_J93,normal_source_05834,unassigned
test_normal_00111,test,normal,0,D62_J93_S00018124,D62_J93_S00018124_seg005,aihub,data\normal_aihub\prepared_diverse\audio\D62_J93_S00018124\D62_J93_S00018124_seg005.wav,audio/normal/test_normal_00111.wav,0.0,16.864,16.864,n/ 제가 상품 (49900원)/(사만 구천 구백 원)에 무료배송으로 구매했는데요? n/ 포인트 적립이 (50000원)/(오만 원) 이상이면 (5%)/(오 퍼센트)고 미만이면 (3%)/(삼 퍼센트) 적립 나와있어서요. n/ 무료배송을 취소하고 배송비 낼 테니까 (5%)/(오 퍼센트) 적립으로 되나요? o/ n/ 왜요? 어/ 제가 무료배송 안 받고 배송비 결제하고 싶은데요?,SOURCE_TEXT,,False,,D62_J93,normal_source_05832,unassigned
test_normal_00112,test,normal,0,D62_J93_S00018365,D62_J93_S00018365_seg003,aihub,data\normal_aihub\prepared_diverse\audio\D62_J93_S00018365\D62_J93_S00018365_seg003.wav,audio/normal/test_normal_00112.wav,0.0,15.915,15.915,n/ 진짜 마지막으로 (1가지)/(한 가지)만 더 변경할게요. 바지가 일자 슬랙스랑 부츠컷 슬랙스 (2가지)/(두 가지) 있었는데 제가 기존에는 일자 슬랙스 옵션 선택했는데 요새 부츠컷이 더 세련되어 보이더라고요. 그래서 번거로우시겠지만 부츠컷으로 변경할게요.,SOURCE_TEXT,,False,,D62_J93,normal_source_05887,unassigned
test_normal_00113,test,normal,0,D62_J93_S00018478,D62_J93_S00018478_seg008,aihub,data\normal_aihub\prepared_diverse\audio\D62_J93_S00018478\D62_J93_S00018478_seg008.wav,audio/normal/test_normal_00113.wav,0.0,11.051,11.051,n/ 구매확정+ 아/ 구매완료 확정되면 주는 거예요? 이번 포인트만 받으면 살 게 있어서요. n/ 너무 문의를 많이 드린 거 같네요. 친절하게 답해주셔서 감사합니다.,SOURCE_TEXT,,False,,D62_J93,normal_source_05923,unassigned
test_normal_00114,test,normal,0,D62_J93_S00018478,D62_J93_S00018478_seg005,aihub,data\normal_aihub\prepared_diverse\audio\D62_J93_S00018478\D62_J93_S00018478_seg005.wav,audio/normal/test_normal_00114.wav,0.0,18.99,18.99,n/ (1234567)/(일 이 삼 사 오 육 칠)입니다. n/ 감사합니다. 다시 주문할게요. n/ 그리고 다시 주문하기 전에 포인트 관련해서도 추가 문의드릴게요. n/ 제가 상품 (49900원)/(사만 구천 구백 원)에 무료배송으로 구매했는데요? n/ 포인트 적립이 (50000원)/(오만 원) 이상이면 (5%)/(오 퍼센트)고 미만이면 (3%)/(삼 퍼센트) 적립으로 나와있어서요.,SOURCE_TEXT,,False,,D62_J93,normal_source_05920,unassigned
test_phishing_00001,test,phishing,1,36366,36366,fss,C:\공경진_26년도\대출사기형\36366_이벤트행사 통장 한개당 300만원 제안.mp3,audio/phishing/test_phishing_00001.wav,0.18,22.36,22.18,"뭐라고요? 저희 스토치 사무실이고요. 네, 저 알죠. 지금 통장 1개당 300만원 임대료를 드리면서 통장 임대받고 있으신데요. 혹시 기후기원에 안 쓰시는 통장 있으시다면 임대하실 양 있으십니까? 나중에 전화 드릴게요.",PASS,,False,,대출사기형,train_phishing_00006,train
test_phishing_00002,test,phishing,1,36464,36464,fss,C:\공경진_26년도\대출사기형\36464_유포할까요_지워드릴까요_한명당 50만원.mp3,audio/phishing/test_phishing_00002.wav,0.05,22.42,22.37,지인분들까지 전부 다 확보하였다 고요 지금 이거 유포할까요 아니면 이대로 지워드릴까요? 네 저를 말씀드리자면 저는 지금 해외에 있습니다. 제가 지금 해외에 있거든요.,PASS,,False,,대출사기형,train_phishing_00007,train
test_phishing_00003,test,phishing,1,36464,36464,fss,C:\공경진_26년도\대출사기형\36464_유포할까요_지워드릴까요_한명당 50만원.mp3,audio/phishing/test_phishing_00003.wav,22.42,44.95,22.53,해외에 있는데 솔직히 말씀드리겠습니다. 저는 제가 이거 유포한테 피해 볼 거 하나도 없습니다. 하지만 합의를 보시겠다면 제가 유포 안 하고 그냥 이 약속들을 지워드리는거지요. 합의 금액은 50만원이고 이 돈을 주는 즈시 바로 지워드리겠습니다.,PASS,,False,,대출사기형,train_phishing_00008,train
test_phishing_00004,test,phishing,1,36464,36464,fss,C:\공경진_26년도\대출사기형\36464_유포할까요_지워드릴까요_한명당 50만원.mp3,audio/phishing/test_phishing_00004.wav,66.59,87.02,20.43,남다른 남자라서 길게 말해도 좋습니까? 그냥. 여보세요. 제 핸드폰이 어떻게 되어 있는 걸까요? 지금 상태? 그게 무슨 말입니까?,PASS,,False,,대출사기형,train_phishing_00010,train
test_phishing_00005,test,phishing,1,36464,36464,fss,C:\공경진_26년도\대출사기형\36464_유포할까요_지워드릴까요_한명당 50만원.mp3,audio/phishing/test_phishing_00005.wav,87.02,111.12,24.1,그 전화번호 부분을 아신 거잖아요. 지인분들도 전부 다 알아낸 거지요. 전화번호 부분은 상관없습니다. 그럼 무슨 말하는 겁니까? 알고 있는 지인분들도 제가 다 알고 있습니다. 그거 말고 보니까 그건 전화번호 부분을 아신 거예요 아니면...,PASS,,False,,대출사기형,train_phishing_00011,train
test_phishing_00006,test,phishing,1,36464,36464,fss,C:\공경진_26년도\대출사기형\36464_유포할까요_지워드릴까요_한명당 50만원.mp3,audio/phishing/test_phishing_00006.wav,111.12,134.29,23.17,전부 다 아는 거지요. 엄마 전화번호 부분까지 다 전부 다 알고 있습니다. 그러니까 뭐 문자 메시지 같은 거 무슨 것도 안 알겠는지요. 지금 말씀해 주세요. 어떻게 하실 건지. 뭐 이 화면 보신 사람이 아무 일도 없습니다. 약속대로 그냥 이거 지금 설치해 드릴게요.,PASS,,False,,대출사기형,train_phishing_00012,train
test_phishing_00007,test,phishing,1,36536,36536,fss,C:\공경진_26년도\대출사기형\36536_기존 대출금 일부를 변제해야 저금리로 대출이 가능.mp3,audio/phishing/test_phishing_00007.wav,0.0,24.29,24.29,"저희 햇살론 특성상 네 채무가 3개월 이상 쓰셔야 햇살론 진행이 가능하시거든요 네, 3개월치 안 되신 채무가 있으셔서 이 부분에 문제가 생기신 겁니다 어떻게 저쪽은행 같은 경우는요 이쪽을 정리를 해주시고 저희쪽 자금을 받아보시는 건 어떻겠어요 고기님?",PASS,,False,,대출사기형,validation_phishing_00016,train
test_phishing_00008,test,phishing,1,36539,36539,fss,C:\공경진_26년도\대출사기형\36539_음성안내에 대해 대출상담을 신청하자 시중은행을 사칭.mp3,audio/phishing/test_phishing_00008.wav,0.0,20.2,20.2,"예, 안녕하십니까? 저 흔한 은행 이재리라고 합니다. 네? 네, 금일 저희 점으로 음성한 메시지 드리시고 마이너스 통장 생각문회 하시는 거 아닙니까? 제가 한 가지만 좀 여쭤볼게요. 퀘프탈 쪽에서 지금 자금 받으신 게 금일이 몇으로 나오셨나요? 금일은 17.9%예요. 17... 굉장히... 금일이 카드 이용하시니까",PASS,,False,,대출사기형,validation_phishing_00017,train
test_phishing_00009,test,phishing,1,36539,36539,fss,C:\공경진_26년도\대출사기형\36539_음성안내에 대해 대출상담을 신청하자 시중은행을 사칭.mp3,audio/phishing/test_phishing_00009.wav,40.96,52.637,11.677,"3년 월일 만 6짜리 확인 한번 부탁드리겠습니다. 예, 소중한 정보 감사드리고요. 저희가 한번 조회를 해보고 결과 나온 데 연락을 드릴 텐데 아무래도 가주의 때 수요되는 시간은 1시간에서 수요가 되십니다.",PASS,,False,,대출사기형,validation_phishing_00018,train
test_phishing_00010,test,phishing,1,36593,36593,fss,C:\공경진_26년도\대출사기형\36593_서민금융통합지원센터에 대출 접수 이관 후 한국자산관리공사에서 심사 완료되면 대출금 수령 가능합니다-1.mp3,audio/phishing/test_phishing_00010.wav,115.57,136.3,20.73,거기서 최종 승인을 받으시면 고객님이 대출금을 수령이 가능하신 겁니다. 이해하셨습니까? 서민 금융자산공사에서 대리도 하시는 거잖아요. 그렇죠. 여기는 저희 접수처만 농업이시고요. 접수가 농업이고요. 농업에 접수를 하고요. 그렇죠. 첫 번째로. 네. 첫 번째로.,PASS,,False,,대출사기형,test_phishing_00021,test
test_phishing_00011,test,phishing,1,36593,36593,fss,C:\공경진_26년도\대출사기형\36593_서민금융통합지원센터에 대출 접수 이관 후 한국자산관리공사에서 심사 완료되면 대출금 수령 가능합니다-1.mp3,audio/phishing/test_phishing_00011.wav,219.74,240.74,21.0,"네. 그래서 고객님의 주소나 직업이나 이런 몇 가지 여쭤볼 거예요. 몇 프로나요? 굉장히 몇 프로예요? 2.5에서 4%때. 그런데 대부분 평가를 프로 위만대로 받으세요. 2.7%, 2.8% 정도 예상되시고요. 1천만 원 정도 받으신다고 하시면 2.1월 2만 7천 원 정도 예상됩니다.",PASS,,False,,대출사기형,test_phishing_00022,test
test_phishing_00012,test,phishing,1,36593,36593,fss,C:\공경진_26년도\대출사기형\36593_서민금융통합지원센터에 대출 접수 이관 후 한국자산관리공사에서 심사 완료되면 대출금 수령 가능합니다-1.mp3,audio/phishing/test_phishing_00012.wav,280.82,300.97,20.15,"그럼 본인 확인을 위해서 문자로 숫자, 여수자를 발송해드릴 건데요. 요즘은 개인종 부유출과 도용 방지를 위해서 임시 아이핀 발급을 통해 안전하게 본인 확인을 도와드리는 겁니다.",PASS,,False,,대출사기형,test_phishing_00023,test
test_phishing_00013,test,phishing,1,36599,36599,fss,C:\공경진_26년도\대출사기형\36599_고금리 대출 부채를 보유하신 분들 대상으로 대환대출 권유 ARS 전화를 드리고 있습니다.mp3,audio/phishing/test_phishing_00013.wav,0.11,20.17,20.06,"어... 성함이 어떻게 되십니까, 고객님? 아니 뭐 친한 애 뭐... 당연히 어떤 여성마트 전화 안 했는데 어떻게 열뚜길려고 하니까 바로 전화를 끊어버리더라고요. 어... 누구한테 전화가 가셨다고요? 아니요. 거기서 전화가 왕쏬는요? 어... 친한 애는 대출할 거 있으면 동의하면 연락 주겠다고 하면서? 아, 그렇습니까? 아, 저희가 이제 뭐...",PASS,,False,,대출사기형,train_phishing_00033,test
test_phishing_00014,test,phishing,1,36599,36599,fss,C:\공경진_26년도\대출사기형\36599_고금리 대출 부채를 보유하신 분들 대상으로 대환대출 권유 ARS 전화를 드리고 있습니다.mp3,audio/phishing/test_phishing_00014.wav,42.99,64.75,21.76,"네, 네. 고객님, ARS 그거 1번 눌러주셔서 저희가 이제... 저 확인하고 전화... ARS는 뭐... 랜덤으로 통화하는 거예요? 아니, 그 랜덤으로 통화... 아까 말씀드렸다시피 이제 고객님께서 어... 일정 부분이 이상 불체를 보유하신 분들께 한해서 고객님께 이거 저희가 이제 적응리로 이제 마이너스 통장 어... 바이그펜트 뒤면 대완 쪽으로 이제 필요로 하신 분들이 많으시니까",PASS,,False,,대출사기형,train_phishing_00034,test
test_phishing_00015,test,phishing,1,36599,36599,fss,C:\공경진_26년도\대출사기형\36599_고금리 대출 부채를 보유하신 분들 대상으로 대환대출 권유 ARS 전화를 드리고 있습니다.mp3,audio/phishing/test_phishing_00015.wav,106.94,128.94,22.0,"네, 고객님이 그건 이제 돈이 거절하실 수 있으시니까요? 아니, 아니요. 그 돈 제가 통화를 받고 거절하는 건 나중에 문제고 그 전에 제거 정보를 연락했다는 말씀이신가요? 네, 죄송합니다, 고객님. 아, 그 거기가... 죄송합니다. 죄송해요, 고객님. 아니, 아니요. 지금 다 녹음했고요. 그러니까, 거기 통화한 데가 신안은행 스마트... 네, 맞습니다, 네. 아, 그... 그러면은 뭐 수신 거고 해주시고요.",PASS,,False,,대출사기형,train_phishing_00035,test
test_phishing_00016,test,phishing,1,36599,36599,fss,C:\공경진_26년도\대출사기형\36599_고금리 대출 부채를 보유하신 분들 대상으로 대환대출 권유 ARS 전화를 드리고 있습니다.mp3,audio/phishing/test_phishing_00016.wav,128.94,151.55,22.61,"네. 그... 거기 위치 어디죠, 정확히? 서울, 중국, 세종도를 위치하고 있고요. 아, 그 신안은행에서 정상적으로 운영하는... 운영하고 있는데요? 네, 예, 예. 아, 맞습니다, 고객님. 불편해졌으면 죄송합니다, 고객님. 그리고 그... 방금 통화했다가 바로 끊으신 분을 하고는 통화가 불가능하죠? 어... 네, 네, 고객님. 뭐... 연결을 시켜드릴 수는 있는데요.",PASS,,False,,대출사기형,train_phishing_00036,test
test_phishing_00017,test,phishing,1,36603,36603,fss,C:\공경진_26년도\대출사기형\36603_아저씨가 니 동생 손가락 자르고 눈알 파버리고 동영상 찍어서 너한테 넣어줄게 똑똑히 쳐다봐라.mp3,audio/phishing/test_phishing_00017.wav,0.0,20.6,20.6,뱃뱃이 달리려고 그러니깐 이 동생이 마지막으로 엄마 목소리 한 번 듣고 싶다 해가지고 전화했다 전화인 게 잘못했네 이 시발로마 그래서 저희한테 제가 어떻게 하면 됩니까? 니가 그러니까 저희 엄마랑 저한테 어떻게 하면 됩니까? 니 엄마랑 아니 니 동생 살리고 싶으면 아저씨가 원하는 걸 해 주든가,PASS,,False,,대출사기형,train_phishing_00037,train
test_phishing_00018,test,phishing,1,36603,36603,fss,C:\공경진_26년도\대출사기형\36603_아저씨가 니 동생 손가락 자르고 눈알 파버리고 동영상 찍어서 너한테 넣어줄게 똑똑히 쳐다봐라.mp3,audio/phishing/test_phishing_00018.wav,41.11,62.47,21.36,잘 됐네 그러면 아저씨가 칼들고 지금부터 손가락 하나 하나 달릴 테니까 눈깔 바버리고 동영상 찍어 가지고 너한테 넣어줄게 니가 한번 똑똑이 쳐다봐봐 아니요 아니요 그게 아니라 돈을 어떻게 해 드릴까요? 니가 해 줄 수 있나? 네 웬만하정 개 직접으로 전화했더니,PASS,,False,,대출사기형,train_phishing_00039,train
test_phishing_00019,test,phishing,1,36603,36603,fss,C:\공경진_26년도\대출사기형\36603_아저씨가 니 동생 손가락 자르고 눈알 파버리고 동영상 찍어서 너한테 넣어줄게 똑똑히 쳐다봐라.mp3,audio/phishing/test_phishing_00019.wav,83.28,104.82,21.54,해 줄 수 있어요 해 줄 수 있지? 네 개장으로 불러줄까? 네 잠시만요 총이 좀 쳐가야 돼서 엄마 보고 메모하라고 그래 네 불러주세요 기어분해 네 기어분해 대가리 박으라고 이 개새끼야 이 씨발,PASS,,False,,대출사기형,train_phishing_00041,train
test_phishing_00020,test,phishing,1,36603,36603,fss,C:\공경진_26년도\대출사기형\36603_아저씨가 니 동생 손가락 자르고 눈알 파버리고 동영상 찍어서 너한테 넣어줄게 똑똑히 쳐다봐라.mp3,audio/phishing/test_phishing_00020.wav,125.29,146.27,20.98,니가 보내는 거야 니 엄마가 보내는 거야 누가 보내... 제가 보내요 니가 보낼 수 있나? 네 너 나한테 보내줄 돈이 있나? 네 약속하는 거다 네 맞습니까? 어 5X인데 니가 ATM 기계가 가지고 운행 가 가지고 갠 거 민출기로 나한테 개자이체 해 준다고 했잖아,PASS,,False,,대출사기형,train_phishing_00043,train
test_phishing_00021,test,phishing,1,36603,36603,fss,C:\공경진_26년도\대출사기형\36603_아저씨가 니 동생 손가락 자르고 눈알 파버리고 동영상 찍어서 너한테 넣어줄게 똑똑히 쳐다봐라.mp3,audio/phishing/test_phishing_00021.wav,187.71,207.67,19.96,네 나 나도 너한테 약속 지키고 니 동생 몸에 됐다 예예예 알겠습니다 여보세요 니 엄마 받고 보라고 싫어요 와 근데 목소리가 말투가,PASS,,False,,대출사기형,train_phishing_00045,train
test_phishing_00022,test,phishing,1,36625,36625,fss,C:\공경진_26년도\대출사기형\36625_[대출사기 5단계] 금전편취 시도.mp3,audio/phishing/test_phishing_00022.wav,0.0,20.74,20.74,심사과에서 말씀하시는 조건이라는 게 지금 고객님께서 보여주신 채무 일보를 고객님께서 직접 상한체되어 하셔서 채무 공감만 조금 만들어 주시며 금액권은 동일하게 조건부 승인권으로 당일종으로도 수련 가능하다고 말씀하시거든요. 혹여나 오해하실까봐 말씀드리는 건데 저희 쪽으로 나빠지는 거 절대로 아니세요. 좀 연락하셔가지고 고객님 채무 상한체로 하시는 거고요.,PASS,,False,,대출사기형,test_phishing_00064,train
test_phishing_00023,test,phishing,1,36625,36625,fss,C:\공경진_26년도\대출사기형\36625_[대출사기 5단계] 금전편취 시도.mp3,audio/phishing/test_phishing_00023.wav,20.74,41.42,20.68,지금 심사과에서 말씀하시는 금액 최소변제금액 300만 원이세요. 물론 300만 원은 조금 금액이 아니잖아요. 고객님 2400만 원 나가시잖아요. 대환하실 게 2300이시고 생계제금 100만 원이신데 300만 원 상한하시면 이제 대환하실 금액이 줄어 드시는 거잖아요. 단원으로. 그러면 생계제금이 400만 원 된다고 생각하시면 되시는 거거든요.,PASS,,False,,대출사기형,test_phishing_00065,train
test_phishing_00024,test,phishing,1,36636,36636,fss,"C:\공경진_26년도\대출사기형\36636_고객님은 상환능력평가 미달로 아쉽게 부결처리되셨습니다. 그런데 제가 다음달에 아주 중요한 진급심사가 있는데, 편법이지만 고객님은 예외 심사 건으로 진행하려 합니다.mp3",audio/phishing/test_phishing_00024.wav,44.6,67.04,22.44,현금 서비스를 사용하신다는 거는 카드를 현금하는 거잖아요. 그렇기 때문에 전산 측에는 고객님께서는 자금이 부족하다고 판단이 되세요. 그래서 정말 아쉽게 상화는 대평가 미더로 부결이 나오셨는데 이 상화는 대평가라는 거는 저희 국민의힘 측에서 추가적으로 자금을 내어드렸을 때 고객님께서 제대로 상환할 수 있는 부분을 확인하는 거예요.,PASS,,False,,대출사기형,validation_phishing_00047,train
test_phishing_00025,test,phishing,1,36636,36636,fss,"C:\공경진_26년도\대출사기형\36636_고객님은 상환능력평가 미달로 아쉽게 부결처리되셨습니다. 그런데 제가 다음달에 아주 중요한 진급심사가 있는데, 편법이지만 고객님은 예외 심사 건으로 진행하려 합니다.mp3",audio/phishing/test_phishing_00025.wav,131.41,154.05,22.64,네. 우선은 약간의 펀법이지만 상화는 여펑가만 따로 보실 수 있게 예외심사권으로 제작들을 도와드리려고 하는데 고객님 생각은 좀 괜찮으신가요? 저는 그걸 내용을 모르니까요. 일단은 고객님께 손해 가시는 건 전혀 없으세요. 그런데 뭐 어떤 거 때문에요? 우선은 이 상화 능력 평가를 볼 수 있는 여부도,PASS,,False,,대출사기형,validation_phishing_00049,train
test_phishing_00026,test,phishing,1,36636,36636,fss,"C:\공경진_26년도\대출사기형\36636_고객님은 상환능력평가 미달로 아쉽게 부결처리되셨습니다. 그런데 제가 다음달에 아주 중요한 진급심사가 있는데, 편법이지만 고객님은 예외 심사 건으로 진행하려 합니다.mp3",audio/phishing/test_phishing_00026.wav,154.05,175.05,21.0,"제가 고객님께 한 번 여쭤보고 생인이 나셨을 경우에 평가를 진행 가능하신 부분이고요. 아니, 그게 어떤 식으로 절차가 됐는데요? 우선은 상화 능력 평가를 하는 거는 고객님께서 자금이 부족하다는 거 판단이 되어서 부결이 나셨잖아요. 그 부분이 확인을 해야 하기 때문에 제가 이제 고객님께 먼저 생인을 받고 와서",PASS,,False,,대출사기형,validation_phishing_00050,train
test_phishing_00027,test,phishing,1,36636,36636,fss,"C:\공경진_26년도\대출사기형\36636_고객님은 상환능력평가 미달로 아쉽게 부결처리되셨습니다. 그런데 제가 다음달에 아주 중요한 진급심사가 있는데, 편법이지만 고객님은 예외 심사 건으로 진행하려 합니다.mp3",audio/phishing/test_phishing_00027.wav,195.45,216.52,21.07,"과장님께 제가 그냥 일반 접수, 그냥 일반 접수로 다시 하게 되면 위선에서 서대들과 실적을 좀 채우려나 보다라고 안 좋게 보실 수 있기 때문에 제가 그래서 친이척 관계로 이렇게 해서 저 이렇게 실적 이모님 정도 되신다고 하면서 이렇게 접수를 도와드릴게요.",PASS,,False,,대출사기형,validation_phishing_00052,train
test_phishing_00028,test,phishing,1,36636,36636,fss,"C:\공경진_26년도\대출사기형\36636_고객님은 상환능력평가 미달로 아쉽게 부결처리되셨습니다. 그런데 제가 다음달에 아주 중요한 진급심사가 있는데, 편법이지만 고객님은 예외 심사 건으로 진행하려 합니다.mp3",audio/phishing/test_phishing_00028.wav,216.52,228.972,12.452,"여보세요? 네, 뭔지 모르겠어요. 그러시면 고객님, 이거 굳이 좀 그런 부분 있으시면 진행 안 하셔도 되세요. 뭐 저도 물론 실적 부분 때문에 이렇게 말씀을 드리는 거지. 고객님께서 굳이 그렇게 많이",PASS,,False,,대출사기형,validation_phishing_00053,train
test_phishing_00029,test,phishing,1,36660,36660,fss,"C:\공경진_26년도\대출사기형\36660_왜 상환처리하냐고 물어보면, 현금이 융통되어서 필요없게 되었다고 답하세요. 점수 올리려고 상환한다고 하시면 안돼요.mp3",audio/phishing/test_phishing_00029.wav,1.58,26.45,24.87,안녕하세요. 공연 담당자 박효신대입니다. 공연 점심식사는 마시게 드시러 가시나요? 잘하죠. 이제 가시려고요. 지금 생인철이 떨어지셨고요. 제가 지금 철회부분 도움을 드릴 건데요. 메모 조금 가능하세요? 바로 불러드릴게요. 영어 n 다시 4055번입니다.,PASS,,False,,대출사기형,train_phishing_00107,train
test_phishing_00030,test,phishing,1,36660,36660,fss,"C:\공경진_26년도\대출사기형\36660_왜 상환처리하냐고 물어보면, 현금이 융통되어서 필요없게 되었다고 답하세요. 점수 올리려고 상환한다고 하시면 안돼요.mp3",audio/phishing/test_phishing_00030.wav,26.45,47.45,21.0,"405. 네 n 다시 4055번이시고요. 고객 만족센터에서 전화가 가실 건데요. 마찬가지로 진행처리를 해 주시는데 접수 번호 물어보시면 n 다시 4055 불러주시고요. 공인께서 직접 접수해 주신 거라고 해 주셔야 되십니다. 네, 그다음에 이제 물어보실 것이예요. 마찬가지로 공인 뭐 진행을 두 번 해보셔서 잘 아시겠지만",PASS,,False,,대출사기형,train_phishing_00108,train
test_phishing_00031,test,phishing,1,36660,36660,fss,"C:\공경진_26년도\대출사기형\36660_왜 상환처리하냐고 물어보면, 현금이 융통되어서 필요없게 되었다고 답하세요. 점수 올리려고 상환한다고 하시면 안돼요.mp3",audio/phishing/test_phishing_00031.wav,70.45,92.32,21.87,"네, 완남내역서는 021833에 552번이십니다. 552둘둘 번이요? 네, 잠시만요 고객님. 여보세요? 네. 고객님 100인원수 바로 그 다음 고객님이 다음이시네요. 한 분 남으셨어요. 아마 5분 안쪽으로 전화 가실 것 같으시니까요.",PASS,,False,,대출사기형,train_phishing_00109,train
test_phishing_00032,test,phishing,1,36662,36662,fss,C:\공경진_26년도\대출사기형\36662_대포통장으로 신고되셨다고요_ 고객님 다른 사람한테서 돈 받으신거 없으시잖아요 다 저희가 송금해드린겁니다.mp3,audio/phishing/test_phishing_00032.wav,30.78,49.3,18.52,그러니까 돈이 들어왔잖아요. 다른 사람 이름으로. 그 사람들이 이게 보이스티싱이고 사기당했다고 신고했다고. 우리 은행에서요? 네. 잠시만요. 저희가 우리 은행이랑 통화 한번 해볼게요. 잠시만요. 제가 통화하고 바로 연락드릴게요.,PASS,,False,,대출사기형,train_phishing_00110,validation
test_phishing_00033,test,phishing,1,36679,36679,fss,C:\공경진_26년도\대출사기형\36679_최근에 대출받기 위해서 서류로 신청하신 적 있으신가요_ 없으시면 대출 진행 가능하십니다.mp3,audio/phishing/test_phishing_00033.wav,0.08,23.94,23.86,안녕하세요. 네 안녕하세요. 오케이. 저 손에 스톱 법인이고요. 시울대툴 있어도 연차 없으시면 가능하셨어. 필요자금 대안자금 있으세요? 이렇게 아까 시장 입장하는 거 그거 아닌가요? 고객님. 저희가 안내를 해드리는 거라서 지금 뭐 필요자금이 있으신 거죠? 네. 고객님. 연체는 시용의 문제는 없으신 거죠?,PASS,,False,,대출사기형,train_phishing_00130,train
test_phishing_00034,test,phishing,1,36679,36679,fss,C:\공경진_26년도\대출사기형\36679_최근에 대출받기 위해서 서류로 신청하신 적 있으신가요_ 없으시면 대출 진행 가능하십니다.mp3,audio/phishing/test_phishing_00034.wav,45.82,66.81,20.99,어떤 이유를 면제받으신 거예요? 그런 것도 하시는 거예요. 아. 그래도 면제라고 하십니까? 네. 아. 그러면 고객님. 여기서 일하시는 일은 몇 개월 정도 되신 거예요? 네. 3년. 고객님 뭐 한 달 하는 소리를 놓고 진행한 적은 없으신 거죠? 한 달 안에 소리를 놓고 진행한 적은 없으신 거죠? 뭐 하시나요? 소리를 놓고 대체로 받기 위해서 소리를 놓고 진행한 적은 없으신 거죠?,PASS,,False,,대출사기형,train_phishing_00131,train
test_phishing_00035,test,phishing,1,36679,36679,fss,C:\공경진_26년도\대출사기형\36679_최근에 대출받기 위해서 서류로 신청하신 적 있으신가요_ 없으시면 대출 진행 가능하십니다.mp3,audio/phishing/test_phishing_00035.wav,66.81,77.74,10.93,네. 네. 그러면 되세요. 월평도 3분 대량 어느 정도 나오세요? 한 달 만에. 300여? 네. 네. 성함은 어떻게 되시고요? 네. 아유. 끊어요.,PASS,,False,,대출사기형,train_phishing_00132,train
test_phishing_00036,test,phishing,1,36692,36692,fss,C:\공경진_26년도\대출사기형\36692_대출을 위해 공증료를 내셔야 해요. (피해자가 돈이 없다고 하자) 그러시면 계좌에 거래내역을 생성시켜 신용평점을 높이시는 방법도 있어요.mp3,audio/phishing/test_phishing_00036.wav,0.0,20.0,20.0,저희가 승인이 낫더라고요. 근전 소비될 자개학공증서 발건으로 진행 도와드릴 건데요. 그래서 제가 신청을 해드릴 거예요. 그래서 공증서 비용은 적게는 5%에서 40%까지 나오더라고요. 신청을 하면 공증 비용이 얼마나 나오는지 알고 나와요. 그러면 그때 이제 결정하시면 되세요.,PASS,,False,,대출사기형,test_phishing_00086,test
test_phishing_00037,test,phishing,1,36692,36692,fss,C:\공경진_26년도\대출사기형\36692_대출을 위해 공증료를 내셔야 해요. (피해자가 돈이 없다고 하자) 그러시면 계좌에 거래내역을 생성시켜 신용평점을 높이시는 방법도 있어요.mp3,audio/phishing/test_phishing_00037.wav,63.03,86.95,23.92,공증서 비용은 뭐냐면 신금이 없는데 지금? 지금 전혀 없으셔서요. 고객님 이 인플란트 비용이 언제 필요하시다고 그랬죠? 설 이후니까. 설 이후에? 그러면 고객님이 공증서 발건이 제일 쉽고요. 솔직히 말씀드리면 공증서 발건이 제일 쉬우세요.,PASS,,False,,대출사기형,test_phishing_00087,test
test_phishing_00038,test,phishing,1,36692,36692,fss,C:\공경진_26년도\대출사기형\36692_대출을 위해 공증료를 내셔야 해요. (피해자가 돈이 없다고 하자) 그러시면 계좌에 거래내역을 생성시켜 신용평점을 높이시는 방법도 있어요.mp3,audio/phishing/test_phishing_00038.wav,232.69,257.17,24.48,"공증을 예전에는 저희가 내렸어요. 공증 비용을. 그런데 고객님들이 공증 비용은 저희가 냈고 공증서 발건을 받은 다음에. 공증서 발건을 저희가 받았어요. 그런데 대출을 진행을 안 하겠다는 고객님이 있었어요. 저희가 공증 비용을 날려버린 거예요. 공증 비용을 왜 내주냐면. 이 고객님들이 대출을 받아서 1년, 2년, 3년, 4년 저희한테 1여를 내잖아요.",PASS,,False,,대출사기형,test_phishing_00088,test
test_phishing_00039,test,phishing,1,36696,36696,fss,"C:\공경진_26년도\대출사기형\36696_(은행·캐피탈 직원 역할분담 ② - 은행직원) 고객님이 OOO캐피탈에 직접 연락하시면 저희가 필요한 공문을 못받아요 못받아요. 저희가 미리 OOO캐피탈에 공문 요청할테니, 해당 직원에게 상환하세요.mp3",audio/phishing/test_phishing_00039.wav,0.0,27.0,27.0,죄송합니다. 지금 대출권 때문에 다른 분과 잠깐 그 안내 좀 해드리라고 안내 좀 하느라고요. 고향이 당일 만개 상한 데도 지금 바로 안내해 드릴게요. 고향께서 지금 1억 7천이라는 대출금이 있기 때문에 고객님이 지금 보셨을 때 2자 원금만 납부하시잖아요. 근데 저희 쪽 전산에는 고향께서 2자 원금만 납부하시는 건 아무 의미가 없는 거예요. 지금 DTI가 초과가 되셨기 때문에.,PASS,,False,,대출사기형,train_phishing_00181,train
test_phishing_00040,test,phishing,1,36696,36696,fss,"C:\공경진_26년도\대출사기형\36696_(은행·캐피탈 직원 역할분담 ② - 은행직원) 고객님이 OOO캐피탈에 직접 연락하시면 저희가 필요한 공문을 못받아요 못받아요. 저희가 미리 OOO캐피탈에 공문 요청할테니, 해당 직원에게 상환하세요.mp3",audio/phishing/test_phishing_00040.wav,51.0,76.8,25.8,"그런데 지금 그 부분이 어려우시잖아요. 그 부분이 어렵기 때문에 저희가 당일 만개 상한 데도라는 것을 말씀을 드리는 거예요. 당일 만개 상한 데도가 무엇이냐면요. 그냥 간단하게 고향께서 BNK 기피탈에서 대출 2,700만 원 받으신 것 같이 쉽게 말씀드리면 하나 카드에서 카드론으로 해서 100만 원이되든 200만 원이되든 300만 원이되든 대출을 오늘 받으시는 거예요 당사에.",PASS,,False,,대출사기형,train_phishing_00183,train
test_phishing_00041,test,phishing,1,36696,36696,fss,"C:\공경진_26년도\대출사기형\36696_(은행·캐피탈 직원 역할분담 ② - 은행직원) 고객님이 OOO캐피탈에 직접 연락하시면 저희가 필요한 공문을 못받아요 못받아요. 저희가 미리 OOO캐피탈에 공문 요청할테니, 해당 직원에게 상환하세요.mp3",audio/phishing/test_phishing_00041.wav,96.8,117.8,21.0,그러면 하루 만에 대출을 갚은 거지만 저희는 하나 카드한테 36개월 동안 고향님이 이다원금 잘 납부한 것처럼 공문을 요청을 해서 그 공문이 첨부가 되면 제가 고향한테 8천만 원에 2.4%로 조건부가 생긴다신 거 승인으로 제가 바꿔드린다는 말입니다. 그러니까 하나는 카드론처럼 돼서 내려가는 거 아닌가요?,PASS,,False,,대출사기형,train_phishing_00185,train
test_phishing_00042,test,phishing,1,36696,36696,fss,"C:\공경진_26년도\대출사기형\36696_(은행·캐피탈 직원 역할분담 ② - 은행직원) 고객님이 OOO캐피탈에 직접 연락하시면 저희가 필요한 공문을 못받아요 못받아요. 저희가 미리 OOO캐피탈에 공문 요청할테니, 해당 직원에게 상환하세요.mp3",audio/phishing/test_phishing_00042.wav,138.8,160.8,22.0,네 그러시죠 고향님. 그럼 제가 오늘 하나 갚으면 나오는 거예요? 확실한 거예요? 네 그러시죠 고향님. 그런데 이게... 비엔케이키피탈 만약에 고향께서 2천만 원을 갚으신다 가정을 하시면 고향께서 고향이 이미대로 비엔케이키피탈을 콜센터에 전화를 하시면 저희가 필요한 공문을 요청을 못 받아요. 그러니까 저희가 먼저 비엔케이키피탈에 공문 요청을 할 거예요.,PASS,,False,,대출사기형,train_phishing_00187,train
test_phishing_00043,test,phishing,1,36696,36696,fss,"C:\공경진_26년도\대출사기형\36696_(은행·캐피탈 직원 역할분담 ② - 은행직원) 고객님이 OOO캐피탈에 직접 연락하시면 저희가 필요한 공문을 못받아요 못받아요. 저희가 미리 OOO캐피탈에 공문 요청할테니, 해당 직원에게 상환하세요.mp3",audio/phishing/test_phishing_00043.wav,188.18,208.18,20.0,그럼 6만 천 원 같은 경우는 다음 달 이자 빠져나가는 거 미리 선납으로 밴드하고 2천만 원 한 번 완납 처리하시면 되는 것처럼 제가 공문을 요청을 해놓을 거예요 고향님. 네. 그렇습니다. 아 그러시면 일단 김재성 대리님한테 제가 공문 다 내려놓고요. 김재성 대리님하고 다시 통화 한 번 하신 다음에 제가 김재성 대리님한테 전화 드리라고 말씀을 드려놓을게요.,PASS,,False,,대출사기형,train_phishing_00189,train
test_phishing_00044,test,phishing,1,36697,36697,fss,C:\공경진_26년도\대출사기형\36697_(은행·캐피탈 직원 역할분담 ① - 은행직원) OOO캐피탈 채권회수팀에 직접 연락하셔서 기존 대출을 납부하시면서 전산이관 요청을 하셔야 합니다.mp3,audio/phishing/test_phishing_00044.wav,124.26,145.26,21.0,"잠시만요, 제가 정리해 볼게요 그럼 먼저 이렇게 전화해가지고 전산위관 요장 한 투 남에 그게 되면 이제 돈을 지분하면 되는 거죠 그러니까 안 해 줄 수도 있어요 요즘 이렇게 우회적인 방법을 많이 하기 때문에 그 염 초고 그 구정 전이기 때문에 아시는 지인들이나 뭐 이렇게 대출을 많이 받아가거든요 제가 일단 금액은요",PASS,,False,,대출사기형,validation_phishing_00088,validation
test_phishing_00045,test,phishing,1,36697,36697,fss,C:\공경진_26년도\대출사기형\36697_(은행·캐피탈 직원 역할분담 ① - 은행직원) OOO캐피탈 채권회수팀에 직접 연락하셔서 기존 대출을 납부하시면서 전산이관 요청을 하셔야 합니다.mp3,audio/phishing/test_phishing_00045.wav,165.58,186.58,21.0,"그래가지고 그 쪽에서 저희 쪽으로 청구할 거예요 그 쪽에 납부하시면 2,770만 원만 납부해 주시면 돼요 그 쪽에서 알려드릴 거예요, 고객님 공분 확인했다고 하면요? 네, 알겠습니다 네, 하고 전화 드리면 되죠? 네, 하고요 그 쪽에다가 납부까지 다 하신다면 저한테 전화 주시면 될 것 같아요",PASS,,False,,대출사기형,validation_phishing_00089,validation
test_phishing_00046,test,phishing,1,36712,36712,fss,"C:\공경진_26년도\대출사기형\36712_대출 진행 취소하시면, 기존에 고객님께서 납부하셨던 금액 반환받으시는데 일주일 정도 걸립니다.mp3",audio/phishing/test_phishing_00046.wav,22.1,42.86,20.76,담보공 220만원 처리하시고 바다 가셔야 될까요? 네 처리하시겠다고요? 처리원으로는 들을 수가 있는데 처리하시기 대신 고객님 나빠셨던 거 나빠셨던 거 바다 가시는 데까지는 한 1주 정도 들으실까요? 그러시면 상관 없으신가요? 네 1주 제일 희생했을 거예요 알겠습니다 처리해 드릴게요,PASS,,False,,대출사기형,test_phishing_00098,test
test_phishing_00047,test,phishing,1,36712,36712,fss,"C:\공경진_26년도\대출사기형\36712_대출 진행 취소하시면, 기존에 고객님께서 납부하셨던 금액 반환받으시는데 일주일 정도 걸립니다.mp3",audio/phishing/test_phishing_00047.wav,42.86,67.97,25.11,처리하고 있을 거예요? 그냥 저희 쪽에서 처리 처리올리면 돼요 그냥 1주 이후에 다음 주 월요일 정도 해서 환급자도 들어가실 겁니다 한 번 확인할 수 있을까요? 저희 쪽으로 연락 주시면 몰라에 전화하시던 본인이 얘기 안 돼있으시면 고객님한테 저거 안 돌아가실 거예요.,PASS,,False,,대출사기형,test_phishing_00099,test
test_phishing_00048,test,phishing,1,36712,36712,fss,"C:\공경진_26년도\대출사기형\36712_대출 진행 취소하시면, 기존에 고객님께서 납부하셨던 금액 반환받으시는데 일주일 정도 걸립니다.mp3",audio/phishing/test_phishing_00048.wav,91.1,111.84,20.74,우리 금융사들이 전부 명의돈이 많다 보니까 본인이 본인은. 본인은 직접 전화해서 확인하셔야 하지 않지. 여보세요. 네. 본인 심사 맞으십니다. 아닙니다. 검토 월요일 날 방법으로 들어갈 거예요. 정확하게 들어오는 거 맞나요. 네. 맞습니다.,PASS,,False,,대출사기형,test_phishing_00100,test
test_phishing_00049,test,phishing,1,36712,36712,fss,"C:\공경진_26년도\대출사기형\36712_대출 진행 취소하시면, 기존에 고객님께서 납부하셨던 금액 반환받으시는데 일주일 정도 걸립니다.mp3",audio/phishing/test_phishing_00049.wav,111.84,133.13,21.29,본인 심사 맞으시잖아요. 아닙니다. 어떻게 확인하실 거예요. 왜. 저희 또. 확인하시던데. 본인은 안 된다던데. 고객님 핸드폰으로 본인은 좀 하셔야 된다던데. 이거 검사는 본인이 끊은 거예요. 왜 자꾸 많이 달라지셨잖아요. 저희 검사를 신고해도 돼요. 구임사는 없으세요.,PASS,,False,,대출사기형,test_phishing_00101,test
test_phishing_00050,test,phishing,1,36340,36340,fss,C:\공경진_26년도\수사기관 사칭형\36340_수사기관사칭_전혀 모르는 분 맞으세요_.mp3,audio/phishing/test_phishing_00050.wav,0.0,24.99,24.99,전혀 모르시는 분 맞으세요. 왜냐하면 저희 수사의 팀이 김 동일로 인한 금융범죄 세대단을 검거라 했습니다. 그 검거 현장에서 대략의 신료카드 대포통작 볼복복자된 보안카드 분을 압수라 했는데 아칫 물품 중에서,PASS,,False,,수사기관 사칭형,train_phishing_00266,test
test_phishing_00051,test,phishing,1,36340,36340,fss,C:\공경진_26년도\수사기관 사칭형\36340_수사기관사칭_전혀 모르는 분 맞으세요_.mp3,audio/phishing/test_phishing_00051.wav,24.99,46.24,21.25,두 통장이 발전이세요. 이렇게 본인앞으로 연락을 드렸습니다. 본인께서는 목욕과 하나하네 두 금융권 대사를 대서 아시는 내용이 없으시다는 게 맞습니까? 저희가 압수한 두 통장을 이제 은혜가 대죄하고 그 확실히 혹시 87%입니까?,PASS,,False,,수사기관 사칭형,train_phishing_00267,test
test_phishing_00052,test,phishing,1,36340,36340,fss,C:\공경진_26년도\수사기관 사칭형\36340_수사기관사칭_전혀 모르는 분 맞으세요_.mp3,audio/phishing/test_phishing_00052.wav,88.83,111.12,22.29,본인께서 대사 하신 내용이 아니시라면 현재 피해자 입증이라는 것을 박으셔야 되는 상황입니다. 이게 불편한 현장에서 본인 명예된 통장을 발견되다 보니 본인께서 대사 하신 사실 없으시다면 1차적인 피해를 보신 상황이신데요. 이번 사건에 포함해서 180명이 넘는 사람들이 연료가 되어 있으세요.,PASS,,False,,수사기관 사칭형,train_phishing_00269,test
test_phishing_00053,test,phishing,1,36340,36340,fss,C:\공경진_26년도\수사기관 사칭형\36340_수사기관사칭_전혀 모르는 분 맞으세요_.mp3,audio/phishing/test_phishing_00053.wav,111.12,133.2,22.08,이 많은 사람도 중에서는 금전적인 대가를 받고 통장을 판매하실 분도 계시고요. 본인과 동일하게 본인은 모를 사이에 통장이 개설되어 이러한 사건에 연료되신 분들이 상당히 많습니다. 이해하셨나요? 네. 피해자 입증을 받기 위해서는 지금 유선 연락은 녹취 상태로 지행된 레저이고요.,PASS,,False,,수사기관 사칭형,train_phishing_00270,test
test_phishing_00054,test,phishing,1,36340,36340,fss,C:\공경진_26년도\수사기관 사칭형\36340_수사기관사칭_전혀 모르는 분 맞으세요_.mp3,audio/phishing/test_phishing_00054.wav,133.2,154.34,21.14,녹취 시에는 제가 몇 가지 간단한 질문사항을 드릴 겁니다. 이 질문사항에 거짓없는 사실만 말씀하시면 되겠습니다. 다시 한 번 말씀해 주세요. 이따가만 말씀하시면 몇 분 정도 뒤에 말씀하시는 겁니까? 2시간 정도. 네 알겠습니다.,PASS,,False,,수사기관 사칭형,train_phishing_00271,test
test_phishing_00055,test,phishing,1,36352,36352,fss,C:\공경진_26년도\수사기관 사칭형\36352_저희 검찰로 오는데 시간이 얼마나 걸리죠_.mp3,audio/phishing/test_phishing_00055.wav,0.34,23.09,22.75,네 우산은 입은 사건에 염류된 혐의가 있기 때문에요. 저희 검찰로 오셔서 간단한 조사를 받으셔야 하는데 혹시 오시는데 시간은 얼마나 걸리시죠? 오늘요? 네네. 제가 지금 일하고 있어가지고. 뭐 도신단 말씀이세요?,PASS,,False,,수사기관 사칭형,test_phishing_00114,test
test_phishing_00056,test,phishing,1,36352,36352,fss,C:\공경진_26년도\수사기관 사칭형\36352_저희 검찰로 오는데 시간이 얼마나 걸리죠_.mp3,audio/phishing/test_phishing_00056.wav,56.79,77.77,20.98,질문의 전반 조사 과정은 녹취 상태로 진행이 될 것입니다. 수사 과정에서 저희가 강압 수사는 있었는지 유도 신문을 하는지 그리고 본인께서 허위 진술을 하시는 부분에서나 다른 기관에서 심사가 들어갈 거고요. 재판에 증거물로 사용되기 때문에 본인께서는 거짓말을 하시거나 숨기시면 절대 안 되시고요. 네.,PASS,,False,,수사기관 사칭형,test_phishing_00115,test
test_phishing_00057,test,phishing,1,36352,36352,fss,C:\공경진_26년도\수사기관 사칭형\36352_저희 검찰로 오는데 시간이 얼마나 걸리죠_.mp3,audio/phishing/test_phishing_00057.wav,77.77,98.51,20.74,"네, 잠시만요. 네, 여보세요? 네. 저는 부산고금, 형사일부 김 나용 수사관입니다. 지금 2015 형제 13758호 검증금용 사건에 대한 일문 일답 조사 과정입니다. 당사자 본인은 형제에 맞으십니까?",PASS,,False,,수사기관 사칭형,test_phishing_00116,test
test_phishing_00058,test,phishing,1,36352,36352,fss,C:\공경진_26년도\수사기관 사칭형\36352_저희 검찰로 오는데 시간이 얼마나 걸리죠_.mp3,audio/phishing/test_phishing_00058.wav,183.98,206.04,22.06,"만약에 본인께서 진술하지 않은 은행개사가 나왔을 경우 모두 불법자들이 개설을 해서 이용한 걸로 간주가 되기 때문에 모두 동결 처리해 드릴 것입니다. 모두 동결 처리해 드릴 것입니다. 아, 농역에서 또 하나 있어요?",PASS,,False,,수사기관 사칭형,test_phishing_00117,test
test_phishing_00059,test,phishing,1,36352,36352,fss,C:\공경진_26년도\수사기관 사칭형\36352_저희 검찰로 오는데 시간이 얼마나 걸리죠_.mp3,audio/phishing/test_phishing_00059.wav,295.01,316.69,21.68,이거는 증권 계절 하나 있고 이제... 입증음식 계절 하나 있고요. 두 개 있어요? 네. 알겠습니다. 그러시면 일반 통장이시란 말씀 받으시죠? 대구 은행 국면역요?,PASS,,False,,수사기관 사칭형,test_phishing_00118,test
test_phishing_00060,test,phishing,1,36373,36373,fss,C:\공경진_26년도\수사기관 사칭형\36373_일대일 녹취 조사를 받을거구요.mp3,audio/phishing/test_phishing_00060.wav,1.71,23.55,21.84,서울지방경찰청입니다. 서울지방경찰청 경제범죄수사과 김태우경장입니다.,PASS,,False,,수사기관 사칭형,test_phishing_00129,test
test_phishing_00061,test,phishing,1,36373,36373,fss,C:\공경진_26년도\수사기관 사칭형\36373_일대일 녹취 조사를 받을거구요.mp3,audio/phishing/test_phishing_00061.wav,90.74,111.87,21.13,"고민 계좌를 계산 사실어 있습니까? 없어요. 그날이 없다고 하시고요. 그럼 당연히 통장을 판매하거나 양도해 준 사실어 있습니까? 없어요. 그런 것 같다고 하시고요. 그리고 오늘 그날 때 인터넷 매팅이나 텔레베큐를 이용하십니까? 여보세요? 예, 예. 지금 부부한테 사귀치는 거예요, 지금?",PASS,,False,,수사기관 사칭형,test_phishing_00130,test
test_phishing_00062,test,phishing,1,36375,36375,fss,"C:\공경진_26년도\수사기관 사칭형\36375_그러면, 참고인진술로 넣어드릴게요.mp3",audio/phishing/test_phishing_00062.wav,0.11,20.34,20.23,"잠시만요. 아, 잘 안 늘려서요. 전화 받으시는 분이 XXXX가 맞으시니까 본인 맞으시죠. 본인 모르죠. 아니요. 그건 아니에요. 저. 그건 아니세요? 네. 1년생은 아니세요?",PASS,,False,,수사기관 사칭형,train_phishing_00288,test
test_phishing_00063,test,phishing,1,36375,36375,fss,"C:\공경진_26년도\수사기관 사칭형\36375_그러면, 참고인진술로 넣어드릴게요.mp3",audio/phishing/test_phishing_00063.wav,63.28,86.03,22.75,"아, 그렇게요? 네. 그 정도는 아닌 것 같은데요? 그러면은. 여보세요? 네. 저희가 일단은 청구인 진술로 그러면 넣을게요. 혹시 자체를 괜찮으시죠? 네. 그럼 그렇게 넣을 테니까. 일단은 뭐 석설도 자상 부탁드릴게요.",PASS,,False,,수사기관 사칭형,train_phishing_00289,test
test_phishing_00064,test,phishing,1,36375,36375,fss,"C:\공경진_26년도\수사기관 사칭형\36375_그러면, 참고인진술로 넣어드릴게요.mp3",audio/phishing/test_phishing_00064.wav,107.44,128.38,20.94,본인께서 실제로 이용하신 통장도 있을 겁니다. 맞으시죠? 그 각각의 인행사 명정 말씀해 주시겠어요? 아니요. 그거는 다 알고 아니에요. 어떤 거요? 다 아실 거 아니에요. 제가 한국밖에 사용을 안 해서. 한국밖에 사용 안 해가지고? 네. 네. 네.,PASS,,False,,수사기관 사칭형,train_phishing_00291,test
test_phishing_00065,test,phishing,1,36375,36375,fss,"C:\공경진_26년도\수사기관 사칭형\36375_그러면, 참고인진술로 넣어드릴게요.mp3",audio/phishing/test_phishing_00065.wav,149.16,169.18,20.02,왜 얘기해야 돼요? 일단 청구인 조사 때문에 그런다고요. 그 청구인은 제가 해야 되는 건가요? 그렇죠. 지금 저희 자아들인 번호가 XX이 되는 게 맞는데 명의가 된다고 하셨잖아요. 청구인으로 들어 저희가 나중에,PASS,,False,,수사기관 사칭형,train_phishing_00292,test
test_phishing_00066,test,phishing,1,36375,36375,fss,"C:\공경진_26년도\수사기관 사칭형\36375_그러면, 참고인진술로 넣어드릴게요.mp3",audio/phishing/test_phishing_00066.wav,190.1,212.04,21.94,"그래서 알아볼게요. 어디신데요, 위치가? 위치봐요? 거기 안 나오세요? 화면이 안 나오죠. 저희가 그 개인적으로 연락을 합니까. 제가 일단 알아보고 전화 드릴게요. 어떻게 해야 되는지. 그러다가 뒤지는 순간 있어요. 네? 그러다가 뒤지는 순간 있잖아요.",PASS,,False,,수사기관 사칭형,train_phishing_00293,test
test_phishing_00067,test,phishing,1,36393,36393,fss,C:\공경진_26년도\수사기관 사칭형\36393_서울청 금융범죄수사팀 최민철 수사관이라고 합니다.mp3,audio/phishing/test_phishing_00067.wav,21.11,46.04,24.93,네 네 아 혹시 혹시 혹시 혹시 남성 혹시 하고 아십니까? 글쎄요 모르겠는데요 아 잘못이구요 네 들어보신 적은 없습니까? 네 없습니다 아 왜냐면 저희 특별 수사팀에서 지난주 금요일 주먹먹으러 된 금융사기범이되면을 제가 체포했습니다,PASS,,False,,수사기관 사칭형,validation_phishing_00124,test
test_phishing_00068,test,phishing,1,36393,36393,fss,C:\공경진_26년도\수사기관 사칭형\36393_서울청 금융범죄수사팀 최민철 수사관이라고 합니다.mp3,audio/phishing/test_phishing_00068.wav,94.22,117.22,23.0,네 정확히 정보 명의로 통장이 개설이 되신 걸 제가 확인을 했구요 이 통장이 지금 범죄자들 손에서 약 3일에 걸쳐 지금 대포통장으로 사용이 되었구요 이미 지금 때려 6천만 원이나 주는 불법자금이 지금 세탁이 되었습니다 이번 사건 같은 경우 지금 본인뿐만 아니라 약 2배 예명이나 연루가 되었구요,PASS,,False,,수사기관 사칭형,validation_phishing_00125,test
test_phishing_00069,test,phishing,1,36393,36393,fss,C:\공경진_26년도\수사기관 사칭형\36393_서울청 금융범죄수사팀 최민철 수사관이라고 합니다.mp3,audio/phishing/test_phishing_00069.wav,160.74,183.54,22.8,네? 단나 하시는 분은 수간이 어떻게 되시나요? 최민철 종이입니다 최민철 종이입니다 네 제가 혹시 확인할려면 리품로 전화해야 되나요? 말씀드려야 되나요? 네? 네? 수간이 되시나요? 네 아래 보려구요 아하시면 본인께서 일일사에 문의하셔서 전화하시면 되시겠습니다,PASS,,False,,수사기관 사칭형,validation_phishing_00126,test
test_phishing_00070,test,phishing,1,36393,36393,fss,C:\공경진_26년도\수사기관 사칭형\36393_서울청 금융범죄수사팀 최민철 수사관이라고 합니다.mp3,audio/phishing/test_phishing_00070.wav,203.54,225.93,22.39,전화하는데요 이 사영아! 이 개새끼! 내가 그렇게 확실하게 얘기해 보네 이 새끼야 이 새끼야 이 새끼야 이 새끼야 이 새끼야 이 새끼야 이 새끼야 이 새끼야 이 새끼야 이 새끼야 이 새끼야,PASS,,False,,수사기관 사칭형,validation_phishing_00127,test
test_phishing_00071,test,phishing,1,36437,36437,fss,C:\공경진_26년도\수사기관 사칭형\36437_하나은행과는 전혀 거래한적이 없다고요.mp3,audio/phishing/test_phishing_00071.wav,27.74,54.94,27.2,아니 왜 그냥 끊으셨어요? 아니요. 중앙국에서 덤나오셔서 다시 한번 말씀해 주시겠어요? 했더니 그냥 뚝 끊으셨어요. 본인께서. 음... 그래요? 네. 수석아님 소감 너무 모르시죠 그러면? 네. 다시 한번 소감 말씀해 주시겠어요? 제가 저도 알아볼 때가 있어서 중앙국에서 누구시라고요? 이성준 수석아님이요.,PASS,,False,,수사기관 사칭형,train_phishing_00442,validation
test_phishing_00072,test,phishing,1,36437,36437,fss,C:\공경진_26년도\수사기관 사칭형\36437_하나은행과는 전혀 거래한적이 없다고요.mp3,audio/phishing/test_phishing_00072.wav,76.31,99.84,23.53,아니 몇 째를 그렇게 열리고 된거죠? 1월에 1월이요? 아니요. 지난해부터 지금 저희가 이 사건을 지금 조사하고 있는데. 본인 앞으로 지금 어느 중으로 연락드리게 됐고요. 그리고 성악 그 저기 하신 분이 누구라고 그랬죠? 지금 본인께서 저를 조사하시는 겁니까? 아니면 제가 조사하셔야 됩니까?,PASS,,False,,수사기관 사칭형,train_phishing_00444,validation
test_phishing_00073,test,phishing,1,36437,36437,fss,C:\공경진_26년도\수사기관 사칭형\36437_하나은행과는 전혀 거래한적이 없다고요.mp3,audio/phishing/test_phishing_00073.wav,150.47,170.6,20.13,네. 이때는 신랑이 저기 스마트폰을 분실하고 했거든요. 그 시신이요. 그래서 거기에 제 정치 버튼. 본인께서 본인 앞으로 대신 스마트폰이십니까? 아니면 그 배우자분 명의로? 네. 배우자. 본인 앞으로 말씀드리는 거예요. 배우자분 분실하신 거는 관화를 없으시고요. 네.,PASS,,False,,수사기관 사칭형,train_phishing_00446,validation
test_phishing_00074,test,phishing,1,36437,36437,fss,C:\공경진_26년도\수사기관 사칭형\36437_하나은행과는 전혀 거래한적이 없다고요.mp3,audio/phishing/test_phishing_00074.wav,170.6,191.6,21.0,본인 명의로 나오신 통장이에요. 네. 제가 이거 사큰에 대해서 제가 간단히 설명드릴 건데요. 그리고 또 어해나지 마시고요. 왜냐면 본인께서 지금 본인 부모 아니고요. 전국적으로 202명이로서가 있어요. 그런데 그 중에서 이제 이 사람에게 통장을 불법적으로 판매하신 분들이 있어서요.,PASS,,False,,수사기관 사칭형,train_phishing_00447,validation
test_phishing_00075,test,phishing,1,36437,36437,fss,C:\공경진_26년도\수사기관 사칭형\36437_하나은행과는 전혀 거래한적이 없다고요.mp3,audio/phishing/test_phishing_00075.wav,215.6,235.6,20.0,"왜냐면 이거 배우자분하고 상의해 보시고요. 저희가 선언장 보내드릴게요. 배우자분과 함께 나오셔서 선언, 저 사큰을 보냈고요. 그러니까 애기로 칠사한 지 얼마 안 됐어요. 네. 그럼 어차피 요선상으로는 지금 저사가 힘드신 것 같으시니까요. 그러면 저희가 자택으로 경찰서한 저사를 보내드릴게요.",PASS,,False,,수사기관 사칭형,train_phishing_00449,validation
test_phishing_00076,test,phishing,1,36443,36443,fss,C:\공경진_26년도\수사기관 사칭형\36443_통장 여권 분실하신적 있으세요.mp3,audio/phishing/test_phishing_00076.wav,0.14,20.36,20.22,"금융범죄사팀의 김홍식 수사관입니다. 통화 가능하십니까? 네. 네, 다람이 아니라 본인 연류된 사건에서 연락드렸고요. 네. 본인께서는 혹시 김용훈이라는 사람 아십니까? 네? 김용훈이요? 아니요, 모른데요.",PASS,,False,,수사기관 사칭형,train_phishing_00463,test
test_phishing_00077,test,phishing,1,36443,36443,fss,C:\공경진_26년도\수사기관 사칭형\36443_통장 여권 분실하신적 있으세요.mp3,audio/phishing/test_phishing_00077.wav,20.36,41.32,20.96,"아, 전혀 모르세요? 네. 왜냐하면 제가 이번에 김용훈으로 인한 금융범죄사기단을 검거를 했습니다. 검거 현장에서 대략 신용카드와 대포 통장 합수를 했고요. 네, 보세요. 네, 네. 네, 이 과정에서 중요한 건 본인의 명의로 된 농협통장과 하나는 계좌가",PASS,,False,,수사기관 사칭형,train_phishing_00464,test
test_phishing_00078,test,phishing,1,36443,36443,fss,C:\공경진_26년도\수사기관 사칭형\36443_통장 여권 분실하신적 있으세요.mp3,audio/phishing/test_phishing_00078.wav,41.32,62.08,20.76,"불법통장으로 사용되고 있는 것을 저희가 압수됐습니다. 네, 본인께서는 이 두 계좌 개설에 대해서 아시는 내용이십니까? 아니요, 모른데요. 저는 모르세요? 네. 본인 농협 사용 안 하세요? 네. 하나는 사용 안 하세요? 네. 본인 한 번도 이렇게 방문하신 적 없어요? 네.",PASS,,False,,수사기관 사칭형,train_phishing_00465,test
test_phishing_00079,test,phishing,1,36444,36444,fss,C:\공경진_26년도\수사기관 사칭형\36444_계좌개설할때 본인확인하지 않나요.mp3,audio/phishing/test_phishing_00079.wav,0.0,20.86,20.86,하긴차 전화드렸습니다. 네? 본인과 연료가 되어 있는 사건때문에 몇가지 하긴차 전화드렸다고요. 네. 역시 본인께서는 김병철이라고 아시는 분입니까? 모르겠는데요. 근데 이분은 절X에 40세 대는 나구 전본입니다.,PASS,,False,,수사기관 사칭형,train_phishing_00466,validation
test_phishing_00080,test,phishing,1,36444,36444,fss,C:\공경진_26년도\수사기관 사칭형\36444_계좌개설할때 본인확인하지 않나요.mp3,audio/phishing/test_phishing_00080.wav,62.06,83.53,21.47,본인이 사용하고 계신다고요? 네. 농구통장이랑 하나의 통장을요? 네. 불포통장에서 압수 되었는 품목들이요? 알죠. 제 말은 본인께서 사용하고 계신 여구로 물어보는 게 아니고요.,PASS,,False,,수사기관 사칭형,train_phishing_00467,validation
test_phishing_00081,test,phishing,1,36444,36444,fss,C:\공경진_26년도\수사기관 사칭형\36444_계좌개설할때 본인확인하지 않나요.mp3,audio/phishing/test_phishing_00081.wav,83.53,93.99,10.46,이 두 개의 계작에서에 대해서 아시는 부분이 있냐고 여쭤봤습니다. 계작에서 할 때 본인 확인하지 않나요? 잠시만요. 네.,PASS,,False,,수사기관 사칭형,train_phishing_00468,validation
test_phishing_00082,test,phishing,1,36465,36465,fss,C:\공경진_26년도\수사기관 사칭형\36465_[사기 시나리오 3단계] ATM계좌 이체한도 초과2.mp3,audio/phishing/test_phishing_00082.wav,20.26,40.56,20.3,"쇼핑몬을 잘 안하고 있는데 가나 저희 애가 재밌는 거 보면 내가 등록해서 하는 게 있었어요. 다 있으시고 어떤 쇼핑몬? 이거 지마케, 지마케 이용하구요. 저는 가끔 인터파크 좀 이용하구요. 아 인터파크? 일단 지마케 옥션 11번과 인터파크 이 부분도 지금 개인정 우출 된 것",PASS,,False,,수사기관 사칭형,train_phishing_00510,train
test_phishing_00083,test,phishing,1,36465,36465,fss,C:\공경진_26년도\수사기관 사칭형\36465_[사기 시나리오 3단계] ATM계좌 이체한도 초과2.mp3,audio/phishing/test_phishing_00083.wav,82.56,105.66,23.1,개인들이 운영하는 잘못만한 쇼핑몬이 있잖아요. 사람들이 많이 운영하고 있죠. 그런 부분들은 보안에 치각한 부분이 상당히 났습니다. 보호의 방압에 두껍게 하기 위해서 자금도 많이 들어가는 부분이고요. 그런 부분도 있기 때문에 혹시라도 인터넷 쇼핑몬 회원가에 바실때 주민등록 번호를 칠하라든지 이런 부분 주지 웬만하면 가입을 자리해주시고요.,PASS,,False,,수사기관 사칭형,train_phishing_00512,train
test_phishing_00084,test,phishing,1,36465,36465,fss,C:\공경진_26년도\수사기관 사칭형\36465_[사기 시나리오 3단계] ATM계좌 이체한도 초과2.mp3,audio/phishing/test_phishing_00084.wav,150.86,171.86,21.0,"그래서 A씨한테 문자가 옵니다. 스타벅스, 아메리카노 무더쿠폰, 바리바게트, 초코케이, 무더쿠폰 이런식으로 친구한테 옵니다, 친구한테. 뭐 카카오톡 사용하고 계시죠? 카카오톡으로도 많이 오고 있으면 카카오톡은 요즘 기프트컨 이런 기능이 되기 때문에 카카오톡으로 많이 오고 있고 절대 친구가 보낸다고 해서 바로 클릭하지 마시고",PASS,,False,,수사기관 사칭형,train_phishing_00515,train
test_phishing_00085,test,phishing,1,36465,36465,fss,C:\공경진_26년도\수사기관 사칭형\36465_[사기 시나리오 3단계] ATM계좌 이체한도 초과2.mp3,audio/phishing/test_phishing_00085.wav,192.96,214.26,21.3,복사를 하시는 당연히 양조하시면 안 되고요. 물론 뭐 이런 부분들 저희가 어느 피기철이 다 시키고 OTP카드 발급을 드리지만 혹시 초호야라도 지금 뭐 계속해서 은행금융권점에서도 OTP카드를 권고드리고 있어요. 네. 그런다고 하시면 아시겠지만 근데 뭐 OTP카드 발급받으시려면 5천 원은 비용주가 하셔야 되거든요.,PASS,,False,,수사기관 사칭형,train_phishing_00517,train
test_phishing_00086,test,phishing,1,36465,36465,fss,C:\공경진_26년도\수사기관 사칭형\36465_[사기 시나리오 3단계] ATM계좌 이체한도 초과2.mp3,audio/phishing/test_phishing_00086.wav,260.36,285.94,25.58,이런 식으로 그룹 계획사들이 있지 않습니까? 네 자 그럼 이제 신안은행 가셔서 통장을 만드는데 약간 동의사를 작사하지 않습니까? 네 안녕하십니까? 체크를 하시고 하시죠 자 거기 보시면 반드시 있습니다 제3자 정보 제공에 대한 약간의 반드시입니다 거기에 그 내용이 무슨 말이냐면 본인의 개인 정보를 제3자에게 본인의 신안금융 그룹에 있는 같은 계획사죠,PASS,,False,,수사기관 사칭형,train_phishing_00519,train
test_phishing_00087,test,phishing,1,36474,36474,fss,"C:\공경진_26년도\수사기관 사칭형\36474_[사기 시나리오 2,3단계] xpo-hjv.com으로 접속하세요.mp3",audio/phishing/test_phishing_00087.wav,0.14,24.54,24.4,"본인 맞으시고요. 저는 담당검사 김지미 검사입니다. 높이 이어가 들어가겠고요. 네, 해악 부분 진행하셨습니까? 예, 진행했습니다. 네, 안전하게 입축은 계좌로 이동을 하셨고요. 네, 이동하신 분이 정확히 얼마시죠? 잠시만요. 네, 만 원반이까지만 끊어서 진드러주시면 되겠습니다.",PASS,,False,,수사기관 사칭형,train_phishing_00618,train
test_phishing_00088,test,phishing,1,36474,36474,fss,"C:\공경진_26년도\수사기관 사칭형\36474_[사기 시나리오 2,3단계] xpo-hjv.com으로 접속하세요.mp3",audio/phishing/test_phishing_00088.wav,116.76,145.29,28.53,네. 네.,PASS,,False,,수사기관 사칭형,train_phishing_00623,train
test_phishing_00089,test,phishing,1,36474,36474,fss,"C:\공경진_26년도\수사기관 사칭형\36474_[사기 시나리오 2,3단계] xpo-hjv.com으로 접속하세요.mp3",audio/phishing/test_phishing_00089.wav,319.53,339.85,20.32,흩닉하거나 도절료료가 있는 부분이기 때문에 제가 이 부분에 대해서 판단에 대해서 발설을 하면 혐의가 있다고 판단을 해서 본인 전 국민권에서 송교체로 진행하겠다는 얘기입니다. 일단 피해자 입증 받으시면 본인 가족 단위 관계에서는 본인께서 말씀하셔도 상당히 없으시지만 그 외에 제3자에게는 피해자 입증 현재 상태입니다.,PASS,,False,,수사기관 사칭형,train_phishing_00626,train
test_phishing_00090,test,phishing,1,36474,36474,fss,"C:\공경진_26년도\수사기관 사칭형\36474_[사기 시나리오 2,3단계] xpo-hjv.com으로 접속하세요.mp3",audio/phishing/test_phishing_00090.wav,510.13,532.09,21.96,재산보험 신청서라든지 피해자 입증 확인서라든지 모든 서로를 본인한테 직접 전달을 드리고 설명을 드리는 절차를 진행을 할 겁니다. 그럼 본인께서 외출 준비를 좀 해 주시고요. 휴대폰은 충량 상태에서 스피커폰을 전환해 주시고 준비를 좀 부탁드리겠습니다. 혹시나 제가 중요한 상황이 있으시면 본인 호치로 할 테니까 그렇게 준비를 좀 해 주시면 되겠습니다.,PASS,,False,,수사기관 사칭형,train_phishing_00631,train
test_phishing_00091,test,phishing,1,36474,36474,fss,"C:\공경진_26년도\수사기관 사칭형\36474_[사기 시나리오 2,3단계] xpo-hjv.com으로 접속하세요.mp3",audio/phishing/test_phishing_00091.wav,869.27,889.42,20.15,"대기통화는 지금 바로 좀 설정은 좀 부탁드리겠습니다. 통신사에서 연락을 하는 건가요? 네. 통신사 전화 1, 2사로 전화를 걸고 S암내에 따라서 그렇게 간편하게 진행이 될 겁니다. 그렇게 제 이슈 제가 잠시뒤에 바로 전화를 드릴 테니까 대기통화 설정 좀 부탁드리겠습니다.",PASS,,False,,수사기관 사칭형,train_phishing_00634,train
test_phishing_00092,test,phishing,1,36491,36491,fss,C:\공경진_26년도\수사기관 사칭형\36491_피해자 입증 절차를 밟아야 고소 취하됩니다.mp3,audio/phishing/test_phishing_00092.wav,1.39,21.54,20.15,"여보세요? 네, 네 말씀하세요. 본인 혹시 서적이 있는 40대 남성 김영국이라고 아시는 분이십니까? 아니요, 모른데요. 전혀 모르시는 분이세요? 네. 저희가 지금 김영국을 중심으로",PASS,,False,,수사기관 사칭형,test_phishing_00181,test
test_phishing_00093,test,phishing,1,36491,36491,fss,C:\공경진_26년도\수사기관 사칭형\36491_피해자 입증 절차를 밟아야 고소 취하됩니다.mp3,audio/phishing/test_phishing_00093.wav,21.54,43.01,21.47,네? 명의 도영미 불법거래 사기남을 건구하는 과정에서 대량의 신용카드와 대포통장 신분증 보안카드 등을 압수했습니다. 네. 대포통장에서 명의로 된 농역과 국민의힘 두 개의 통장이 압수가 되었고요. 해당 금융권에 대조해본 결과 본인 명의로 개설된,PASS,,False,,수사기관 사칭형,test_phishing_00182,test
test_phishing_00094,test,phishing,1,36491,36491,fss,C:\공경진_26년도\수사기관 사칭형\36491_피해자 입증 절차를 밟아야 고소 취하됩니다.mp3,audio/phishing/test_phishing_00094.wav,43.01,64.0,20.99,통장인까지 확인하였습니다. 압수된 그 본인 명의 대포통장이 범죄 현장에 사용되면 따라 많은 피해자들이 발생되었습니다. 네. 두 피해자들 중 11분개도 고소고발 신청한 상태이고요. 네. 본인께서 지금 이 부분에 대해 고갈권에 대한 정치를 취하실 수 있습니다.,PASS,,False,,수사기관 사칭형,test_phishing_00183,test
test_phishing_00095,test,phishing,1,36491,36491,fss,C:\공경진_26년도\수사기관 사칭형\36491_피해자 입증 절차를 밟아야 고소 취하됩니다.mp3,audio/phishing/test_phishing_00095.wav,64.0,85.54,21.54,네. 네. 사건 내용 이해하셨어요? 정확히 이해하셨어요? 네. 일단 본인께서는 지금 김영국 일당들과의 문자 내역이나 전화 내역이 전혀 발견되지 않았기에 네. 1차 조사로 녹취조사로 진행이 됩니다.,PASS,,False,,수사기관 사칭형,test_phishing_00184,test
test_phishing_00096,test,phishing,1,36491,36491,fss,C:\공경진_26년도\수사기관 사칭형\36491_피해자 입증 절차를 밟아야 고소 취하됩니다.mp3,audio/phishing/test_phishing_00096.wav,85.54,105.7,20.16,네. 피해자 입증 절차를 통해 본인과 김영국 일당이 전혀 무관하다는 증거를 할 수 있습니다. 네. 이 녹취자료는 본인 대신 저희가 1차 공판의 증거자료를 활용했고요. 녹취조사 중 주변에 소음이 심하게 들리거나 제 3자의 목소리가 본인의 음성보다,PASS,,False,,수사기관 사칭형,test_phishing_00185,test
test_phishing_00097,test,phishing,1,36550,36550,fss,"C:\공경진_26년도\수사기관 사칭형\36550_개인정보나 주민등록번호, 금품을 요구하지 않습니다.mp3",audio/phishing/test_phishing_00097.wav,21.14,42.46,21.32,"고무치방죄가 가중차를 나 사실은 믿음할 수는 없을 거예요 그리고 녹취도 중에 주의 잡음이나 타인의 음성이 드러나면 증가재료 최대한 들 수 있기 때문에 주의 도중인의 제3자의 목소리가 계획되지 않도록 이거는 본인 취하신드시는 부분이고 그리고 중요한 점은 이게 녹취를 하기 때문에 개인적으로 호흡을 가혁 본인의 주민 번호나 은행권의 계좌 번호, 비밀번호 등폼을 요구하거나",PASS,,False,,수사기관 사칭형,train_phishing_00704,train
test_phishing_00098,test,phishing,1,36550,36550,fss,"C:\공경진_26년도\수사기관 사칭형\36550_개인정보나 주민등록번호, 금품을 요구하지 않습니다.mp3",audio/phishing/test_phishing_00098.wav,169.02,189.03,20.01,"일단 본인 명예 이 우리나무 하나하나 이 도전의 통장들은 범죄를 사용돼서 그 추가적인 피해자가 발생하지 않도록 본인에 의해서 상관없이 동결 처리시켰습니다 네, 그 실례지만 그 동결 처리가 어떤 뜻인지 알고 계세요? 네, 규정사 말씀드리겠습니다 아, 그 저희 쪽에서",PASS,,False,,수사기관 사칭형,train_phishing_00711,train
test_phishing_00099,test,phishing,1,36550,36550,fss,"C:\공경진_26년도\수사기관 사칭형\36550_개인정보나 주민등록번호, 금품을 요구하지 않습니다.mp3",audio/phishing/test_phishing_00099.wav,279.22,302.98,23.76,"그러니까 용도는 간단하게 설명이 되지 않는 그 입출금, 적금, 예금, 청량, 판단, 마이너스 계자 어느 계일 몇 개가 있다고 진술해 주시면 되십니다 네 아, 네 네, 진술의 사실들 저희가 조사해 볼 겁니다",PASS,,False,,수사기관 사칭형,train_phishing_00716,train
test_phishing_00100,test,phishing,1,36550,36550,fss,"C:\공경진_26년도\수사기관 사칭형\36550_개인정보나 주민등록번호, 금품을 요구하지 않습니다.mp3",audio/phishing/test_phishing_00100.wav,517.17,537.2,20.03,"예금자 보도 확인 되셔야 되는데 아, 일단 그 노사금의 입축금에 오늘의 기준으로 얼마라고 등극되어 있어야 정상입니까? 그러니까 본인이 지금 보호가들의 금액을 말하는 건데 장고를 말하는 겁니다 이게 근데 정확하게 진술할 필요가 없는 게 뭐 70년만은 80년만은 제가 100만 원 지지를 해드리는 거예요 100만 원 선에서 본인의 자산들을 보여드린 의미로",PASS,,False,,수사기관 사칭형,train_phishing_00724,train
test_phishing_00101,test,phishing,1,36550,36550,fss,"C:\공경진_26년도\수사기관 사칭형\36550_개인정보나 주민등록번호, 금품을 요구하지 않습니다.mp3",audio/phishing/test_phishing_00101.wav,646.51,668.66,22.15,본인의 진술 사실과 다를 경우 유증제가 승립이 되십니다 이러실 경우는 본인께서 내 사봉해 주시니까 해야되시는 부분입니다 저희가 수사가 끝나면 본인 자택으로 결과를 다 발구해 드릴 거고요 그리고 본인께서 확인하시고 확인해 주시면 PR제품을 받으시는 겁니다 네 일단 오늘 수고 많으셨고요,PASS,,False,,수사기관 사칭형,train_phishing_00729,train
test_phishing_00102,test,phishing,1,36559,36559,fss,"C:\공경진_26년도\수사기관 사칭형\36559_에이 OOO아, 토달지 말고 끊어라.mp3",audio/phishing/test_phishing_00102.wav,22.12,43.7,21.58,"아, 본인께서 감기 없다고요? 네 아, 그러시고요 저희 검찰에서 이번에 김영석이라는 사람을 검가를 했는데 검가는 현장에서는 그 대량의 대포 총장들이 발견이 되가지고요 전직에서 압수를 좀 시키고 네, 그런데 지금이 압수한 통장 중 하나가 이제 그... 이름으로 되어 있던",PASS,,False,,수사기관 사칭형,validation_phishing_00202,train
test_phishing_00103,test,phishing,1,36559,36559,fss,"C:\공경진_26년도\수사기관 사칭형\36559_에이 OOO아, 토달지 말고 끊어라.mp3",audio/phishing/test_phishing_00103.wav,43.7,63.92,20.22,SCE 스탠데드 차태도 운영권 통장이요 그리고 이 통장이 검거 인장이 다 나오다 보니까 본인한테 이 김영석이 되어서 좀 여쭤본 거예요 그 통장 발행점이 어딘데요? 통장 발행점이요? 이게 또 광명시에서 이제 재작년 11월 17일 정도에 계절이 된 거예요 근데 재전화번호는 어떻게 아시죠?,PASS,,False,,수사기관 사칭형,validation_phishing_00203,train
test_phishing_00104,test,phishing,1,36559,36559,fss,"C:\공경진_26년도\수사기관 사칭형\36559_에이 OOO아, 토달지 말고 끊어라.mp3",audio/phishing/test_phishing_00104.wav,63.92,85.0,21.08,이 통장 조사하고 저희도 이제 본인한테 여쭤볼 게 있어서 이렇게 조사차 연락을 드린 거예요 통장 발급할 때 전화번호를 재전화번호 안 쓰는데 어떻게 아시고 전화하셨냐고요 저희는 이거 통장 조의를 해서 연락드린 거예요 통장 발급할 때 전화번호를 안 쓰잖아요 통장 발급할 때 전화번호를 안 쓰잖아요 그 전에 거기 무슨 말씀이시요? 개인기 전화번호를 안 쓰잖아요 안 쓰는 경우도 있는데 어떻게 아시고 전화하셨냐고요,PASS,,False,,수사기관 사칭형,validation_phishing_00204,train
test_phishing_00105,test,phishing,1,36563,36563,fss,C:\공경진_26년도\수사기관 사칭형\36563_국민은행 직원 OOO씨를 아십니까.mp3,audio/phishing/test_phishing_00105.wav,66.99,87.02,20.03,참행계에서 현금 카드 뭐 현금금 이제 확보라 했는데요. 근데 그중에 지금 김강호 씨 본인 명의로 되어 있는 SC 재료인과 대신 듣고 CM의 계좌가 있어서 끊임권적으로 확인해본 결과 2개 다 모두 2017년 4월 7일 겨 서울 서초구 서전원 지점에서 모두 계절이 되었는데요.,PASS,,False,,수사기관 사칭형,validation_phishing_00205,validation
test_phishing_00106,test,phishing,1,36564,36564,fss,C:\공경진_26년도\수사기관 사칭형\36564_피해자인지 가해자인지 확인해야 합니다.mp3,audio/phishing/test_phishing_00106.wav,45.1,66.41,21.31,흥년위로 된 제1은행과 내신증권CMA 계좌가 발견한 데서 확인 찰락을 드린 거고요. 저희가 각 금융권을 확인해본 결과 2017년 4월에 서울시설 초구에서 새로 개설된 계좌로 확인을 했어요. 몇 살 몇 일요? 2017년 4월입니다. 2017년 4월이요?,PASS,,False,,수사기관 사칭형,test_phishing_00214,validation
test_phishing_00107,test,phishing,1,36564,36564,fss,C:\공경진_26년도\수사기관 사칭형\36564_피해자인지 가해자인지 확인해야 합니다.mp3,audio/phishing/test_phishing_00107.wav,66.41,87.16,20.75,네. 본인께서 신규 개서를 관련해 알고 계시는 사실이십니까? 아니요. 본인께서 개서를 하신 사실이 없으세요? 네. 일단 저희가 연락드린 전반적인 이유는 본인께서 직접 계좌를 개설해서 통장을 양도하신 가담 혐의가 있는 건지,PASS,,False,,수사기관 사칭형,test_phishing_00215,validation
test_phishing_00108,test,phishing,1,36570,36570,fss,C:\공경진_26년도\수사기관 사칭형\36570_자꾸 전화 끊으시면 저희가 소환장을 보낼테니 출석하셔야 합니다.mp3,audio/phishing/test_phishing_00108.wav,0.0,20.78,20.78,"네, 알겠습니다. 전화 끊으신 거예요? 말씀하세요. 저희 측에서 지금 명리도 사건 때문에 전화 드렸다고 말씀드렸는데 네, 알겠습니다. 전화 끊어서 되는 문제가 아니고요. 네, 알겠습니다. 됐어요. 그러면 혹시 볼펜하고 메모지 있으면 제가 불러드릴게요. 어디신다고요? 서울시?",PASS,,False,,수사기관 사칭형,validation_phishing_00206,test
test_phishing_00109,test,phishing,1,36570,36570,fss,C:\공경진_26년도\수사기관 사칭형\36570_자꾸 전화 끊으시면 저희가 소환장을 보낼테니 출석하셔야 합니다.mp3,audio/phishing/test_phishing_00109.wav,20.78,41.85,21.07,"여보세요? 왕지검은 검찰청이에요. 네, 말씀하세요. 너는 사건 담당하고 있는 수사관이거든요? 네. 앞으로 명리도 사건이 있어서 이렇게 전화를 드렸어요. 네. 이현주를 아는지 여쭤봤는데 혹시 아시는 사람이어서 이렇게 전화 끊으신 거예요? 아니요. 전라도 광주 출신이고요.",PASS,,False,,수사기관 사칭형,validation_phishing_00207,test
test_phishing_00110,test,phishing,1,36570,36570,fss,C:\공경진_26년도\수사기관 사칭형\36570_자꾸 전화 끊으시면 저희가 소환장을 보낼테니 출석하셔야 합니다.mp3,audio/phishing/test_phishing_00110.wav,85.06,105.76,20.7,"아니면 진짜 명리가 도용당에서 이렇게 불법적인 통장이 개설이 됐는지 저희가 일일이 지금 다 조사가 진행되어야 되거든요. 만약에 전화 끊으시거나 그러신다면 저희가 소환성을 보내줄 테니까 아니면 본인이 직접 나오시겠어요? 아, 그럴까요? 어, 본인 직접... 나오셔도 상관없다. 좀 나오시도록 좀 나오세요. 서울 쪽으로 나오셔야죠.",PASS,,False,,수사기관 사칭형,validation_phishing_00209,test
test_phishing_00111,test,phishing,1,36570,36570,fss,C:\공경진_26년도\수사기관 사칭형\36570_자꾸 전화 끊으시면 저희가 소환장을 보낼테니 출석하셔야 합니다.mp3,audio/phishing/test_phishing_00111.wav,105.76,125.78,20.02,"서울 어디요? 주소 알렉트에서 가세요. 아, 서초동이에요, 서초동. 아, 주소 알렉트요? 아, 아니 아니요. 그러니까 직접 나오시겠다고 하면 저희가 소환장이라는 소리를 보내드릴 테니까요. 날짜, 시간, 장소 다 메모드여 있으시거든요. 그 시간이 맞춰서 저희 쪽에 나오시면 돼요. 주소 알렉트 지금 제가 감사하니까요.",PASS,,False,,수사기관 사칭형,validation_phishing_00210,test
test_phishing_00112,test,phishing,1,36570,36570,fss,C:\공경진_26년도\수사기관 사칭형\36570_자꾸 전화 끊으시면 저희가 소환장을 보낼테니 출석하셔야 합니다.mp3,audio/phishing/test_phishing_00112.wav,148.53,164.53,16.0,"직접 나오시겠다고 하면 저희가 소, 이제 소를 보내드릴게요. 그렇게 하시는 걸 할게요. 만약에 안 하고 공판까지는 소를 좀 보내드리는데 그게 안 된다면 본인이 용의전 선선이 얻어서 가해자가 되었잖아요, 되는 거예요.",PASS,,False,,수사기관 사칭형,validation_phishing_00211,test
test_phishing_00113,test,phishing,1,36672,36672,fss,C:\공경진_26년도\수사기관 사칭형\36672_피해자 입증이 완료될 때까지 사무실에 출근하지 마시고 몸이 아프다고 하고 자택에 있으시기 바랍니다.mp3,audio/phishing/test_phishing_00113.wav,30.84,55.66,24.82,이게 진행을 하는데 이게 순차적으로 진행이 되다 보니까 순차적으로 진행이 되다 보니까 이제 조금 늦어질 수도 있는 부분이고 그렇다고 해서 제가 전화를 끊어버린다거나 그런 경우는 없어요 본인 자전자 제가 잠시 본인을 쪄놨다고 해서 너무 불안해 하시지 마시고 진행 그 현황에 대해서는 제가 실시간으로 본인 앞으로 몇 프로까지 진행이 되다는지 다 말씀드릴 거고,PASS,,False,,수사기관 사칭형,test_phishing_00223,train
test_phishing_00114,test,phishing,1,36672,36672,fss,C:\공경진_26년도\수사기관 사칭형\36672_피해자 입증이 완료될 때까지 사무실에 출근하지 마시고 몸이 아프다고 하고 자택에 있으시기 바랍니다.mp3,audio/phishing/test_phishing_00114.wav,101.04,121.79,20.75,저희가 공문이라든가 협업을 같이 넣어 드릴 거예요 그렇기 때문에 본인 그냥 좀 일이 있어서 통화 일이라고 하시지 마시고 조금 몸이 아프다고 하시거나 그렇게 해서 자택이 오늘은 계실게요 계속요? 일단은 피해자 일증이 완료 될 때까지 맞나요? 아 네네,PASS,,False,,수사기관 사칭형,test_phishing_00224,train
